tx_timestamp_ms,accel_x,accel_y,accel_z,gyro_x,gyro_y,gyro_z,roll,pitch,yaw,temperature,altitude,latitude,longitude,satellites,flags_raw,battery_voltage,gnss_alt
86341,-0.05,0.02,0.02,0.18,-0.18,0.00,55.1,-93.8,304.0,48.65,-0.23,0.000000,0.000000,0,1,7.96,0.00
86646,-0.07,0.02,0.05,0.06,-0.12,0.12,55.1,-93.8,304.0,48.66,-0.36,0.000000,0.000000,0,1,7.92,0.00
86952,-0.07,0.01,0.05,-0.06,-0.12,0.00,55.1,-93.8,304.0,48.68,-0.62,0.000000,0.000000,0,1,7.92,0.00
87258,-0.07,0.00,0.07,0.12,-0.12,-0.25,55.1,-93.8,304.0,48.71,-1.13,0.000000,0.000000,0,1,7.92,0.00
87564,-0.05,0.03,0.03,-0.06,0.00,0.12,55.1,-93.8,304.0,48.75,-1.99,0.000000,0.000000,0,1,7.92,0.00
87870,-0.07,0.03,0.05,-0.06,-0.12,-0.06,55.1,-93.8,304.0,48.81,-3.00,0.000000,0.000000,0,1,7.92,0.00
88176,-0.07,0.03,0.05,0.12,0.18,0.12,55.1,-93.8,304.0,48.88,-4.07,0.000000,0.000000,0,1,7.92,0.00
88482,-0.07,0.02,0.03,-0.12,-0.06,-0.12,55.1,-93.8,304.0,48.95,-5.01,0.000000,0.000000,0,1,7.92,0.00
88788,-0.05,0.03,0.05,-0.06,-0.12,-0.18,55.1,-93.8,304.0,49.02,-5.79,0.000000,0.000000,0,1,7.93,0.00
89094,-0.07,0.02,0.02,-0.12,0.06,-0.18,55.1,-93.8,304.0,49.09,-6.39,0.000000,0.000000,0,1,7.93,0.00
89400,-0.07,0.03,0.02,-0.06,0.06,0.06,55.1,-93.8,304.0,49.15,-6.80,0.000000,0.000000,0,1,7.93,0.00
89706,-0.05,0.02,0.03,0.06,0.06,-0.12,55.1,-93.8,304.0,49.22,-7.09,0.000000,0.000000,0,1,7.92,0.00
90012,-0.05,0.02,0.02,-0.06,0.18,0.06,55.1,-93.8,304.0,49.29,-7.25,0.000000,0.000000,0,1,7.92,0.00
90318,-0.09,0.03,0.03,0.06,0.06,0.00,55.1,-93.8,304.0,49.35,-7.30,0.000000,0.000000,0,1,7.92,0.00
90624,-0.09,0.02,0.01,0.00,0.00,-0.18,55.1,-93.8,304.0,49.41,-7.29,0.000000,0.000000,0,1,7.92,0.00
90930,-0.05,0.05,0.02,-0.06,-0.06,0.37,55.1,-93.8,304.0,49.47,-7.20,0.000000,0.000000,0,1,7.92,0.00
91236,-0.07,0.05,0.07,-0.12,0.18,-0.25,55.1,-93.8,304.0,49.52,-7.09,0.000000,0.000000,0,1,7.92,0.00
91542,-0.07,0.05,0.02,-0.06,0.00,-0.18,55.1,-93.8,304.0,49.58,-6.95,0.000000,0.000000,0,1,7.92,0.00
91848,-0.05,0.02,0.03,-0.06,0.00,-0.25,55.1,-93.8,304.0,49.63,-6.79,0.000000,0.000000,0,1,7.92,0.00
92154,-0.05,0.05,0.00,0.06,0.00,0.31,55.1,-93.8,304.0,49.68,-6.62,0.000000,0.000000,0,1,7.92,0.00
92460,-0.05,0.05,0.07,-0.06,0.00,0.00,55.1,-93.8,304.0,49.73,-6.45,0.000000,0.000000,0,1,7.92,0.00
92766,-0.05,0.03,0.09,0.06,-0.06,-0.06,55.1,-93.8,304.0,49.78,-6.30,0.000000,0.000000,0,1,7.92,0.00
93072,-0.07,0.05,0.07,-0.12,0.00,-0.18,55.1,-93.8,304.0,49.82,-6.16,0.000000,0.000000,0,1,7.92,0.00
93684,-0.07,0.02,0.05,0.12,0.00,-0.12,55.1,-93.8,304.0,49.91,-5.87,0.000000,0.000000,0,1,7.91,0.00
93990,-0.09,0.02,0.05,0.00,-0.12,-0.06,55.1,-93.8,304.0,49.95,-5.73,0.000000,0.000000,0,1,7.91,0.00
94296,-0.10,0.03,0.02,0.00,0.00,0.06,55.1,-93.8,304.0,49.99,-5.60,0.000000,0.000000,0,1,7.91,0.00
94602,-0.07,0.05,0.03,-0.06,0.12,-0.18,55.1,-93.8,304.0,50.03,-5.48,0.000000,0.000000,0,1,7.91,0.00
95214,-0.05,0.02,0.03,-0.06,-0.12,0.12,55.1,-93.8,304.0,50.11,-5.27,0.000000,0.000000,0,1,7.92,0.00
95520,-0.07,0.01,0.03,0.12,0.12,0.18,55.1,-93.8,304.0,50.15,-5.15,0.000000,0.000000,0,1,7.92,0.00
95826,-0.07,0.03,0.02,0.06,-0.12,0.06,55.1,-93.8,304.0,50.19,-5.06,0.000000,0.000000,0,1,7.92,0.00
96132,-0.03,0.02,0.03,0.12,0.12,-0.18,55.1,-93.8,304.0,50.22,-4.98,0.000000,0.000000,0,1,7.92,0.00
96438,-0.05,0.03,0.05,0.00,-0.06,-0.18,55.1,-93.8,304.0,50.26,-4.90,0.000000,0.000000,0,1,7.92,0.00
96744,-0.05,0.03,0.03,0.06,0.06,-0.18,55.1,-93.8,304.0,50.29,-4.82,0.000000,0.000000,0,1,7.91,0.00
97050,-0.07,0.03,0.03,0.00,0.06,0.12,55.1,-93.8,304.0,50.33,-4.75,0.000000,0.000000,0,1,7.91,0.00
97356,-0.07,0.05,0.07,0.00,-0.06,0.00,55.1,-93.8,304.0,50.36,-4.67,0.000000,0.000000,0,1,7.91,0.00
97662,-0.05,0.01,0.01,0.06,0.12,0.06,55.1,-93.8,304.0,50.40,-4.57,0.000000,0.000000,0,1,7.92,0.00
98274,-0.05,0.05,0.01,0.00,-0.12,0.00,55.1,-93.8,304.0,50.46,-4.45,0.000000,0.000000,0,1,7.92,0.00
98580,-0.09,0.01,0.03,-0.06,0.18,-0.25,55.1,-93.8,304.0,50.50,-4.38,0.000000,0.000000,0,1,7.92,0.00
98886,-0.07,0.03,0.07,0.00,-0.06,0.00,55.1,-93.8,304.0,50.53,-4.37,0.000000,0.000000,0,1,7.92,0.00
99192,-0.05,0.00,0.07,-0.06,0.00,0.06,55.1,-93.8,304.0,50.56,-4.30,0.000000,0.000000,0,1,7.92,0.00
99498,-0.02,0.05,0.07,0.06,0.06,-0.06,55.1,-93.8,304.0,50.59,-4.25,0.000000,0.000000,0,1,7.92,0.00
99804,-0.07,0.05,0.07,0.06,0.06,0.25,55.1,-93.8,304.0,50.62,-4.20,0.000000,0.000000,0,1,7.92,0.00
100110,-0.07,0.03,0.02,-0.12,-0.06,0.00,55.1,-93.8,304.0,50.65,-4.14,0.000000,0.000000,0,1,7.92,0.00
100416,-0.07,0.00,0.00,0.12,0.06,-0.12,55.1,-93.8,304.0,50.68,-4.10,0.000000,0.000000,0,1,7.92,0.00
101028,-0.05,0.01,0.05,0.00,0.00,-0.25,55.1,-93.8,304.0,50.74,-4.02,0.000000,0.000000,0,1,7.92,0.00
101334,-0.07,0.01,0.01,-0.06,0.00,0.12,55.1,-93.8,304.0,50.77,-3.95,0.000000,0.000000,0,1,7.92,0.00
101640,-0.05,0.05,0.03,-0.06,0.00,-0.06,55.1,-93.8,304.0,50.80,-3.92,0.000000,0.000000,0,1,7.92,0.00
101946,-0.03,0.02,0.03,0.12,0.06,0.00,55.1,-93.8,304.0,50.83,-3.91,0.000000,0.000000,0,1,7.92,0.00
102558,-0.05,0.02,0.09,0.00,-0.37,-0.18,55.1,-93.8,304.0,50.88,-3.82,0.000000,0.000000,0,1,7.92,0.00
102864,-0.05,0.01,0.00,0.18,-0.06,-0.12,55.1,-93.8,304.0,50.91,-3.79,0.000000,0.000000,0,1,7.92,0.00
103476,-0.05,0.01,0.02,0.00,0.00,0.12,55.1,-93.8,304.0,50.96,-3.72,0.000000,0.000000,0,1,7.92,0.00
103782,-0.07,0.02,0.05,0.00,0.12,0.18,55.1,-93.8,304.0,50.98,-3.67,0.000000,0.000000,0,1,7.91,0.00
104088,-0.05,0.01,0.02,0.00,0.12,0.00,55.1,-93.8,304.0,51.01,-3.64,0.000000,0.000000,0,1,7.91,0.00
104394,-0.05,0.03,0.05,0.00,-0.12,-0.12,55.1,-93.8,304.0,51.04,-3.63,0.000000,0.000000,0,1,7.91,0.00
104700,-0.03,0.03,0.05,-0.12,0.00,0.00,55.1,-93.8,304.0,51.06,-3.59,0.000000,0.000000,0,1,7.91,0.00
105006,-0.05,0.02,0.05,0.06,-0.06,0.12,55.1,-93.8,304.0,51.09,-3.55,0.000000,0.000000,0,1,7.91,0.00
105618,-0.05,0.02,0.05,0.12,-0.12,0.06,55.1,-93.8,304.0,51.14,-3.48,0.000000,0.000000,0,1,7.91,0.00
105924,-0.07,0.01,0.05,0.12,0.12,0.12,55.1,-93.8,304.0,51.16,-3.46,0.000000,0.000000,0,1,7.91,0.00
106230,-0.07,0.02,0.01,0.12,-0.06,0.18,55.1,-93.8,304.0,51.19,-3.43,0.000000,0.000000,0,1,7.91,0.00
106536,-0.05,0.02,0.03,0.00,0.06,0.00,55.1,-93.8,304.0,51.21,-3.39,0.000000,0.000000,0,1,7.91,0.00
106842,-0.05,0.02,0.02,-0.06,0.06,0.18,55.1,-93.8,304.0,51.23,-3.39,0.000000,0.000000,0,1,7.91,0.00
107148,-0.05,0.02,0.03,0.12,0.00,0.12,55.1,-93.8,304.0,51.26,-3.39,0.000000,0.000000,0,1,7.91,0.00
107760,-0.05,0.01,0.01,0.00,-0.12,-0.06,55.1,-93.8,304.0,51.30,-3.34,0.000000,0.000000,0,1,7.91,0.00
108066,-0.07,0.01,0.05,0.00,-0.06,0.00,55.1,-93.8,304.0,51.33,-3.30,0.000000,0.000000,0,1,7.91,0.00
108372,-0.05,0.03,0.03,0.00,-0.06,-0.06,55.1,-93.8,304.0,51.35,-3.31,0.000000,0.000000,0,1,7.91,0.00
108678,-0.07,0.00,0.01,0.12,-0.06,-0.12,55.1,-93.8,304.0,51.37,-3.31,0.000000,0.000000,0,1,7.91,0.00
109290,-0.05,0.01,0.02,0.00,0.06,0.12,55.1,-93.8,304.0,51.42,-3.27,0.000000,0.000000,0,1,7.91,0.00
109596,-0.07,0.01,0.05,0.00,0.00,0.31,55.1,-93.8,304.0,51.44,-3.26,0.000000,0.000000,0,1,7.91,0.00
109902,-0.05,0.00,0.07,0.00,0.00,0.12,55.1,-93.8,304.0,51.47,-3.26,0.000000,0.000000,0,1,7.92,0.00
110208,-0.05,0.01,0.05,0.00,0.12,0.00,55.1,-93.8,304.0,51.49,-3.24,0.000000,0.000000,0,1,7.92,0.00
110514,-0.05,0.02,0.02,0.00,-0.25,-0.12,55.1,-93.8,304.0,51.51,-3.21,0.000000,0.000000,0,1,7.92,0.00
110820,-0.05,0.01,0.03,0.00,0.00,0.00,55.1,-93.8,304.0,51.53,-3.18,0.000000,0.000000,0,1,7.91,0.00
111432,-0.05,0.02,0.01,0.06,-0.12,0.12,55.1,-93.8,304.0,51.57,-3.17,0.000000,0.000000,0,1,7.91,0.00
111738,-0.07,0.02,0.05,-0.06,0.06,0.00,55.1,-93.8,304.0,51.60,-3.16,0.000000,0.000000,0,1,7.91,0.00
112044,-0.07,0.00,0.05,0.00,0.06,-0.18,55.1,-93.8,304.0,51.62,-3.15,0.000000,0.000000,0,1,7.92,0.00
112656,-0.07,0.03,0.02,0.00,0.00,0.18,55.1,-93.8,304.0,51.66,-3.09,0.000000,0.000000,0,1,7.92,0.00
112962,-0.07,0.02,0.03,-0.06,-0.18,0.06,55.1,-93.8,304.0,51.68,-3.10,0.000000,0.000000,0,1,7.91,0.00
113268,-0.05,0.02,0.03,-0.06,0.06,0.00,55.1,-93.8,304.0,51.70,-3.09,0.000000,0.000000,0,1,7.91,0.00
113574,-0.07,0.05,0.07,-0.12,0.12,0.06,55.1,-93.8,304.0,51.73,-3.08,0.000000,0.000000,0,1,7.91,0.00
113880,-0.05,0.00,0.05,-0.06,0.00,-0.06,55.1,-93.8,304.0,51.74,-3.07,0.000000,0.000000,0,1,7.91,0.00
114186,-0.05,0.03,0.00,0.00,0.12,0.12,55.1,-93.8,304.0,51.77,-3.05,0.000000,0.000000,0,1,7.91,0.00
114798,-0.07,0.02,0.00,0.12,0.25,0.06,55.1,-93.8,304.0,51.81,-3.03,0.000000,0.000000,0,1,7.91,0.00
115104,-0.07,0.03,0.02,0.12,0.12,-0.12,55.1,-93.8,304.0,51.83,-3.02,0.000000,0.000000,0,1,7.91,0.00
115410,-0.07,0.02,0.01,0.06,0.18,-0.06,55.1,-93.8,304.0,51.85,-3.01,0.000000,0.000000,0,1,7.91,0.00
115716,-0.07,0.03,0.03,-0.12,-0.12,-0.37,55.1,-93.8,304.0,51.87,-2.99,0.000000,0.000000,0,1,7.91,0.00
116022,-0.07,0.02,0.03,-0.06,-0.06,-0.06,55.1,-93.8,304.0,51.89,-2.99,0.000000,0.000000,0,1,7.91,0.00
116634,-0.07,0.03,0.05,-0.06,-0.06,-0.06,55.1,-93.8,304.0,51.93,-2.95,0.000000,0.000000,0,1,7.91,0.00
116940,-0.07,0.02,0.05,0.06,0.18,-0.12,55.1,-93.8,304.0,51.95,-2.95,0.000000,0.000000,0,1,7.91,0.00
117246,-0.05,0.00,0.00,-0.06,-0.06,0.06,55.1,-93.8,304.0,51.97,-2.96,0.000000,0.000000,0,1,7.91,0.00
117552,-0.05,0.00,0.02,0.00,0.18,0.18,55.1,-93.8,304.0,51.99,-2.96,0.000000,0.000000,0,1,7.91,0.00
118164,-0.05,0.01,0.02,0.12,-0.18,0.00,55.1,-93.8,304.0,52.03,-2.94,0.000000,0.000000,0,1,7.91,0.00
118470,-0.07,0.03,0.05,0.00,0.00,0.00,55.1,-93.8,304.0,52.05,-2.93,0.000000,0.000000,0,1,7.91,0.00
118776,-0.07,0.01,0.05,-0.12,-0.06,-0.12,55.1,-93.8,304.0,52.07,-2.91,0.000000,0.000000,0,1,7.91,0.00
119082,-0.07,0.03,0.05,0.00,0.00,0.00,55.1,-93.8,304.0,52.09,-2.91,0.000000,0.000000,0,1,7.90,0.00
119388,-0.07,0.00,0.05,-0.06,-0.06,0.25,55.1,-93.8,304.0,52.11,-2.90,0.000000,0.000000,0,1,7.90,0.00
119694,-0.05,0.02,0.05,0.00,0.00,0.06,55.1,-93.8,304.0,52.13,-2.89,0.000000,0.000000,0,1,7.90,0.00
120000,-0.07,0.01,0.02,-0.06,0.00,0.12,55.1,-93.8,304.0,52.14,-2.88,0.000000,0.000000,0,1,7.94,0.00
120306,-0.05,0.00,0.03,0.06,0.06,-0.12,55.1,-93.8,304.0,52.16,-2.87,0.000000,0.000000,0,1,7.94,0.00
120612,-0.07,0.01,0.02,-0.06,0.12,0.12,55.1,-93.8,304.0,52.18,-2.86,0.000000,0.000000,0,1,7.94,0.00
121224,-0.03,0.02,0.05,-0.06,0.00,0.00,55.1,-93.8,304.0,52.22,-2.85,0.000000,0.000000,0,1,7.91,0.00
121836,-0.05,0.02,0.05,-0.06,0.06,-0.18,55.1,-93.8,304.0,52.26,-2.85,0.000000,0.000000,0,1,7.91,0.00
122142,-0.07,0.02,0.07,0.00,-0.06,0.12,55.1,-93.8,304.0,52.28,-2.83,0.000000,0.000000,0,1,7.91,0.00
122448,-0.07,0.01,0.07,0.00,-0.12,0.06,55.1,-93.8,304.0,52.30,-2.82,0.000000,0.000000,0,1,7.91,0.00
122754,-0.07,0.03,0.02,0.06,-0.06,-0.06,55.1,-93.8,304.0,52.31,-2.83,0.000000,0.000000,0,1,7.91,0.00
123060,-0.05,0.05,0.05,0.12,-0.06,0.06,55.1,-93.8,304.0,52.33,-2.82,0.000000,0.000000,0,1,7.90,0.00
123366,-0.05,0.01,0.02,0.00,-0.12,0.06,55.1,-93.8,304.0,52.35,-2.81,0.000000,0.000000,0,1,7.90,0.00
123672,-0.05,0.02,0.02,0.06,0.06,0.06,55.1,-93.8,304.0,52.37,-2.81,0.000000,0.000000,0,1,7.90,0.00
123978,-0.09,0.01,0.00,0.06,0.06,0.25,55.1,-93.8,304.0,52.39,-2.80,0.000000,0.000000,0,1,7.91,0.00
124284,-0.07,0.02,0.07,0.00,-0.06,0.00,55.1,-93.8,304.0,52.41,-2.80,0.000000,0.000000,0,1,7.91,0.00
124896,-0.05,0.01,0.05,0.00,0.06,0.06,55.1,-93.8,304.0,52.44,-2.79,0.000000,0.000000,0,1,7.91,0.00
125508,-0.05,0.02,0.07,-0.06,-0.25,-0.06,55.1,-93.8,304.0,52.48,-2.81,0.000000,0.000000,0,1,7.91,0.00
125814,-0.07,0.02,0.03,0.06,-0.18,0.00,55.1,-93.8,304.0,52.50,-2.82,0.000000,0.000000,0,1,7.91,0.00
126120,-0.05,0.01,0.00,0.00,0.18,-0.12,55.1,-93.8,304.0,52.52,-2.81,0.000000,0.000000,0,1,7.91,0.00
126426,-0.05,0.02,0.02,-0.06,0.00,0.06,55.1,-93.8,304.0,52.53,-2.78,0.000000,0.000000,0,1,7.91,0.00
126732,-0.07,0.00,0.01,-0.18,0.06,0.00,55.1,-93.8,304.0,52.55,-2.75,0.000000,0.000000,0,1,7.91,0.00
127038,-0.07,0.02,0.03,0.12,0.00,-0.25,55.1,-93.8,304.0,52.57,-2.75,0.000000,0.000000,0,1,7.90,0.00
127344,-0.05,0.00,0.07,-0.06,0.18,0.12,55.1,-93.8,304.0,52.59,-2.74,0.000000,0.000000,0,1,7.90,0.00
127650,-0.05,0.03,0.03,-0.18,-0.12,0.12,55.1,-93.8,304.0,52.61,-2.73,0.000000,0.000000,0,1,7.90,0.00
127956,-0.07,0.00,0.03,0.06,0.12,-0.06,55.1,-93.8,304.0,52.62,-2.73,0.000000,0.000000,0,1,7.91,0.00
128568,-0.05,0.01,0.00,-0.06,-0.25,-0.18,55.1,-93.8,304.0,52.66,-2.74,0.000000,0.000000,0,1,7.91,0.00
128874,-0.07,0.02,0.02,0.00,0.00,0.18,55.1,-93.8,304.0,52.67,-2.74,0.000000,0.000000,0,1,7.91,0.00
129180,-0.07,0.01,0.02,0.00,-0.06,-0.06,55.1,-93.8,304.0,52.69,-2.73,0.000000,0.000000,0,1,7.91,0.00
129486,-0.07,0.00,0.02,-0.12,-0.06,-0.06,55.1,-93.8,304.0,52.71,-2.73,0.000000,0.000000,0,1,7.91,0.00
130098,-0.01,0.11,-0.01,0.43,-0.12,-0.68,55.1,-93.8,304.0,52.74,-2.76,0.000000,0.000000,0,1,7.90,0.00
130404,-0.05,0.05,0.10,-0.12,-0.18,-0.06,55.1,-93.8,304.0,52.76,-2.74,0.000000,0.000000,0,1,7.90,0.00
130710,-0.07,0.02,0.02,-0.06,0.06,0.12,55.1,-93.8,304.0,52.78,-2.75,0.000000,0.000000,0,1,7.90,0.00
131016,-0.05,0.03,0.03,0.00,0.00,0.12,55.1,-93.8,304.0,52.80,-2.75,0.000000,0.000000,0,1,7.90,0.00
131628,-0.05,0.02,0.00,0.12,0.00,0.06,55.1,-93.8,304.0,52.83,-2.74,0.000000,0.000000,0,1,7.90,0.00
131934,-0.05,0.02,0.02,0.00,-0.06,0.12,55.1,-93.8,304.0,52.85,-2.71,0.000000,0.000000,0,1,7.90,0.00
132240,-0.07,0.01,0.05,0.06,0.12,-0.31,55.1,-93.8,304.0,52.86,-2.69,0.000000,0.000000,0,1,7.90,0.00
132546,-0.05,0.01,0.07,0.00,0.18,-0.06,55.1,-93.8,304.0,52.88,-2.68,0.000000,0.000000,0,1,7.90,0.00
132852,-0.05,0.01,0.07,0.06,-0.06,-0.06,55.1,-93.8,304.0,52.90,-2.67,0.000000,0.000000,0,1,7.90,0.00
133158,-0.07,0.00,0.05,0.06,0.18,0.00,55.1,-93.8,304.0,52.91,-2.65,0.000000,0.000000,0,1,7.91,0.00
133464,-0.07,0.05,0.07,0.12,0.00,-0.06,55.1,-93.8,304.0,52.93,-2.63,0.000000,0.000000,0,1,7.91,0.00
134076,-0.05,0.02,0.00,0.06,-0.06,0.18,55.1,-93.8,304.0,52.96,-2.65,0.000000,0.000000,0,1,7.91,0.00
134382,-0.07,0.01,0.05,0.00,0.06,0.37,55.1,-93.8,304.0,52.98,-2.63,0.000000,0.000000,0,1,7.91,0.00
134688,-0.07,0.03,0.03,0.00,0.25,0.06,55.1,-93.8,304.0,52.99,-2.61,0.000000,0.000000,0,1,7.91,0.00
134994,-0.07,0.02,0.03,-0.06,0.00,0.00,55.1,-93.8,304.0,53.01,-2.60,0.000000,0.000000,0,1,7.91,0.00
135606,-0.09,0.05,0.05,0.00,-0.18,-0.06,55.1,-93.8,304.0,53.04,-2.62,0.000000,0.000000,0,1,7.91,0.00
135912,-0.07,0.00,0.07,0.06,0.18,0.00,55.1,-93.8,304.0,53.06,-2.60,0.000000,0.000000,0,1,7.91,0.00
136218,-0.07,0.02,0.07,0.00,0.12,0.06,55.1,-93.8,304.0,53.07,-2.58,0.000000,0.000000,0,1,7.91,0.00
136524,-0.07,0.05,0.05,-0.06,0.06,0.25,55.1,-93.8,304.0,53.09,-2.57,0.000000,0.000000,0,1,7.91,0.00
136830,-0.07,0.03,0.05,0.00,0.06,0.25,55.1,-93.8,304.0,53.11,-2.56,0.000000,0.000000,0,1,7.91,0.00
137136,-0.05,0.00,0.05,0.00,0.00,-0.12,55.1,-93.8,304.0,53.12,-2.55,0.000000,0.000000,0,1,7.91,0.00
137442,-0.05,0.03,0.00,-0.06,-0.18,-0.06,55.1,-93.8,304.0,53.13,-2.55,0.000000,0.000000,0,1,7.91,0.00
137748,-0.07,0.02,0.00,0.00,0.06,0.12,55.1,-93.8,304.0,53.15,-2.55,0.000000,0.000000,0,1,7.91,0.00
138054,-0.07,0.01,0.07,0.00,0.00,0.12,55.1,-93.8,304.0,53.16,-2.55,0.000000,0.000000,0,1,7.91,0.00
138666,-0.09,0.03,0.05,0.12,-0.18,0.00,55.1,-93.8,304.0,53.20,-2.54,0.000000,0.000000,0,1,7.91,0.00
139278,-0.05,0.03,0.05,0.00,0.00,-0.18,55.1,-93.8,304.0,53.23,-2.54,0.000000,0.000000,0,1,7.91,0.00
139584,-0.09,0.02,0.05,0.06,-0.06,0.06,55.1,-93.8,304.0,53.24,-2.55,0.000000,0.000000,0,1,7.91,0.00
139890,-0.05,0.09,-0.11,0.31,-0.18,-0.93,55.1,-93.8,304.0,53.26,-2.56,0.000000,0.000000,0,1,7.91,0.00
140196,-0.40,-0.23,-0.17,1.06,-4.25,1.31,49.0,-93.3,313.0,53.27,-2.60,0.000000,0.000000,0,1,7.91,0.00
140502,1.30,2.14,-0.50,-7.25,-10.81,29.68,48.8,-94.7,313.8,53.29,-2.59,0.000000,0.000000,0,1,7.91,0.00
140808,-0.74,0.19,1.46,22.18,-67.25,-2.06,48.8,-101.5,322.7,53.31,-2.56,0.000000,0.000000,0,1,7.91,0.00
141113,-1.45,-1.28,2.86,-103.62,4.75,-23.06,47.4,-104.9,322.6,53.32,-2.51,0.000000,0.000000,0,1,7.91,0.00
141419,2.24,1.38,0.40,161.00,82.06,92.62,59.8,-118.3,277.7,53.33,-2.39,0.000000,0.000000,0,1,7.91,0.00
141725,-0.80,-0.81,0.91,85.00,-87.75,43.50,69.5,163.3,212.1,53.35,-2.36,0.000000,0.000000,0,1,7.91,0.00
142337,0.03,0.41,0.40,11.43,-14.62,27.68,28.7,143.6,126.3,53.37,-2.09,0.000000,0.000000,0,1,7.91,0.00
142643,0.56,0.19,-1.45,-61.37,-36.43,23.00,14.4,153.6,226.0,53.39,-1.98,0.000000,0.000000,0,1,7.91,0.00
142949,-0.13,1.12,1.17,-11.62,63.81,-42.62,13.4,176.0,225.3,53.40,-1.80,0.000000,0.000000,0,1,7.91,0.00
143561,-0.86,1.69,1.05,154.37,29.31,7.25,1.8,130.5,40.3,53.43,-1.49,0.000000,0.000000,0,1,7.90,0.00
143867,0.35,0.40,-0.11,-70.50,19.12,37.56,1.3,102.8,50.5,53.44,-1.44,0.000000,0.000000,0,1,7.90,0.00
144173,0.51,-0.75,1.47,-110.37,-48.18,-40.50,-2.2,135.7,225.5,53.45,-1.55,0.000000,0.000000,0,1,7.91,0.00
144479,0.45,1.72,-1.09,-37.93,-14.93,-15.87,-2.4,149.0,220.9,53.47,-1.54,0.000000,0.000000,0,1,7.91,0.00
144785,-0.65,0.61,1.70,26.87,-23.56,-49.18,-7.6,151.0,208.1,53.49,-1.47,0.000000,0.000000,0,1,7.91,0.00
145091,-0.97,2.41,2.50,65.00,-19.93,-31.00,-2.3,141.3,140.8,53.50,-1.35,0.000000,0.000000,0,1,7.91,0.00
145703,-0.61,1.84,1.07,123.87,62.06,-46.31,14.2,38.8,345.1,53.52,-1.12,0.000000,0.000000,0,1,7.90,0.00
146009,1.50,-2.18,0.58,105.81,60.68,-52.37,3.9,8.8,5.0,53.53,-1.18,0.000000,0.000000,0,1,7.90,0.00
146315,0.00,-0.01,1.05,11.12,27.25,8.06,3.0,-0.9,5.0,53.54,-1.17,0.000000,0.000000,0,1,7.90,0.00
146621,0.31,0.76,-0.35,68.50,172.00,-19.75,-4.8,2.0,7.2,53.55,-1.20,0.000000,0.000000,0,1,7.90,0.00
146927,0.30,0.63,-1.01,50.56,34.31,28.06,-7.4,5.3,7.4,53.56,-1.20,0.000000,0.000000,0,1,7.90,0.00
147233,0.22,0.03,-1.20,-0.12,-1.12,40.50,-9.1,3.0,357.8,53.58,-1.22,0.000000,0.000000,0,1,7.90,0.00
147539,0.37,-0.27,-0.35,-27.56,-0.87,50.43,-9.0,3.7,344.0,53.59,-1.24,0.000000,0.000000,0,1,7.90,0.00
147845,0.47,-0.05,0.05,-55.87,-11.18,57.43,-7.3,4.5,327.4,53.60,-1.27,0.000000,0.000000,0,1,7.90,0.00
148151,0.28,-0.46,0.00,-16.81,12.37,72.87,-9.8,5.0,306.8,53.62,-1.28,0.000000,0.000000,0,1,7.91,0.00
148763,-0.09,-0.13,-0.45,0.75,-26.18,43.31,-6.0,4.2,272.0,53.64,-1.32,0.000000,0.000000,0,1,7.91,0.00
149375,-0.60,-0.49,-0.60,27.06,-44.06,8.37,-8.5,0.6,254.8,53.67,-1.29,0.000000,0.000000,0,1,7.90,0.00
149987,-0.19,-0.25,0.54,5.81,2.68,-48.31,-9.8,3.8,267.1,53.69,-1.22,0.000000,0.000000,0,1,7.90,0.00
150293,0.27,-0.13,-0.33,3.56,16.43,-62.81,-11.9,5.1,283.8,53.70,-1.21,0.000000,0.000000,0,1,7.90,0.00
150599,-2.50,-0.15,-0.70,115.12,13.18,-48.18,-7.4,-0.6,289.1,53.72,-1.30,0.000000,0.000000,0,1,7.90,0.00
151211,-0.31,0.10,-0.15,-67.50,36.68,-6.50,11.3,-15.5,283.0,53.74,-1.15,0.000000,0.000000,0,1,7.90,0.00
151517,0.27,0.30,-0.72,-9.56,-16.87,-0.56,7.1,-11.3,281.3,53.75,-1.15,0.000000,0.000000,0,1,7.90,0.00
152129,0.23,-0.61,0.05,7.68,5.06,17.62,4.1,-6.3,266.8,53.77,-1.14,0.000000,0.000000,0,1,7.90,0.00
152435,-0.45,-0.07,0.00,11.12,-0.25,4.87,3.1,-3.3,262.1,53.78,-1.11,0.000000,0.000000,0,1,7.90,0.00
153047,0.44,0.18,-0.51,-2.12,3.68,14.25,8.5,-6.5,263.4,53.80,-1.31,0.000000,0.000000,0,1,7.90,0.00
153659,-0.63,0.00,0.10,-10.75,-12.75,21.06,6.1,-4.6,255.1,53.83,-1.33,0.000000,0.000000,0,1,7.90,0.00
153965,-0.07,-0.30,0.61,-4.37,10.50,23.87,5.9,-3.3,248.9,53.84,-1.32,0.000000,0.000000,0,1,7.90,0.00
154577,-0.15,-0.12,-0.22,-5.31,-4.43,-4.00,4.8,-1.3,244.5,53.87,-1.34,0.000000,0.000000,0,1,7.91,0.00
155189,-0.25,-0.10,0.11,-12.50,10.75,-3.06,7.6,1.3,245.6,53.89,-1.32,0.000000,0.000000,0,1,7.91,0.00
155495,0.11,-0.25,0.31,3.56,25.68,-14.81,5.5,3.5,249.1,53.90,-1.28,0.000000,0.000000,0,1,7.91,0.00
156413,-0.61,-0.95,-0.56,10.87,-25.25,13.62,18.6,2.7,245.5,53.94,-1.52,0.000000,0.000000,0,1,7.90,0.00
156719,-0.18,-0.85,-0.37,-17.31,-37.68,5.93,25.1,8.6,240.0,53.95,-1.57,0.000000,0.000000,0,1,7.90,0.00
157025,-0.46,-0.18,-0.54,93.81,-96.12,-40.56,37.5,-6.8,242.0,53.96,-1.58,0.000000,0.000000,0,1,7.90,0.00
157637,-0.22,-0.57,0.11,0.12,8.18,-53.75,39.6,-33.8,259.9,53.99,-1.34,0.000000,0.000000,0,1,7.90,0.00
157943,-0.00,0.61,-0.23,4.87,1.06,-6.06,33.1,-30.0,262.7,54.00,-1.29,0.000000,0.000000,0,1,7.90,0.00
158249,-0.66,-0.15,-0.40,6.81,13.25,-12.25,31.1,-33.0,263.1,54.01,-1.23,0.000000,0.000000,0,1,7.90,0.00
158555,0.34,0.67,1.70,-18.81,0.56,35.31,34.1,-26.5,259.6,54.02,-1.24,0.000000,0.000000,0,1,7.90,0.00
158861,0.45,1.28,-0.55,-44.93,80.56,11.75,31.6,-13.1,251.6,54.03,-1.19,0.000000,0.000000,0,1,7.90,0.00
159167,-1.00,-0.45,-0.18,26.68,32.00,-17.81,14.5,-5.1,253.3,54.04,-1.16,0.000000,0.000000,0,1,7.90,0.00
159779,-0.23,0.46,-0.54,-45.62,58.00,5.37,3.2,-3.5,255.2,54.07,-1.19,0.000000,0.000000,0,1,7.90,0.00
160085,-0.00,-0.56,-0.07,4.68,13.56,-1.18,-0.8,-1.0,253.4,54.08,-1.12,0.000000,0.000000,0,1,7.90,0.00
160697,0.02,0.03,-0.13,-1.93,-4.37,2.93,-3.1,-1.5,256.1,54.10,-1.20,0.000000,0.000000,0,1,7.90,0.00
161309,-0.05,0.05,0.01,10.93,-3.37,-1.37,-4.3,0.6,258.3,54.12,-1.20,0.000000,0.000000,0,1,7.90,0.00
161615,-0.00,-0.05,-0.30,-0.81,3.25,-6.75,-4.5,0.1,259.2,54.13,-1.16,0.000000,0.000000,0,1,7.90,0.00
161921,-0.11,-0.27,-0.36,-5.06,1.25,0.62,-4.9,0.5,259.7,54.15,-1.20,0.000000,0.000000,0,1,7.90,0.00
162227,-0.03,-0.00,-0.17,12.87,-4.37,3.12,-5.3,0.4,258.6,54.16,-1.21,0.000000,0.000000,0,1,7.90,0.00
162533,-0.11,-0.17,-0.25,-7.25,-0.06,1.37,-5.5,0.9,258.0,54.17,-1.25,0.000000,0.000000,0,1,7.90,0.00
163145,-0.00,-0.25,-0.18,3.93,8.00,-12.12,-6.6,-0.3,257.0,54.19,-1.22,0.000000,0.000000,0,1,7.90,0.00
163757,0.30,-0.23,-0.01,-2.93,-4.37,-19.00,-7.5,-2.5,257.8,54.22,-1.19,0.000000,0.000000,0,1,7.90,0.00
164063,-0.27,0.03,0.79,-18.87,-7.62,3.87,-5.8,-4.0,259.7,54.23,-1.20,0.000000,0.000000,0,1,7.90,0.00
164369,0.55,-0.40,0.20,3.12,3.18,-20.25,-6.5,-1.6,261.8,54.24,-1.15,0.000000,0.000000,0,1,7.90,0.00
164675,0.98,0.51,0.09,-6.81,-52.62,-29.43,-6.4,-1.0,268.6,54.25,-1.17,0.000000,0.000000,0,1,7.90,0.00
164981,0.27,0.09,0.37,10.12,-41.31,-43.31,-2.4,-6.3,282.8,54.26,-1.10,0.000000,0.000000,0,1,7.90,0.00
165287,0.02,0.37,0.00,6.68,-21.43,-17.31,5.8,-6.0,293.5,54.27,-1.17,0.000000,0.000000,0,1,7.90,0.00
165899,0.63,-0.45,0.67,24.87,14.25,-52.87,8.6,-15.0,301.8,54.30,-1.56,0.000000,0.000000,0,1,7.90,0.00
166511,-0.97,-1.55,-0.83,6.62,-12.62,27.06,19.7,-18.6,315.3,54.32,-1.68,0.000000,0.000000,0,1,7.90,0.00
167123,1.14,-0.72,0.56,110.06,-36.81,87.56,47.2,-42.5,263.4,54.34,-1.78,0.000000,0.000000,0,1,7.90,0.00
167429,0.75,0.09,-0.83,-12.56,-25.00,2.75,60.5,-47.1,242.5,54.35,-1.72,0.000000,0.000000,0,1,7.90,0.00
168041,-1.26,-0.27,-0.44,-13.81,33.00,-5.62,58.5,-38.6,239.2,54.37,-1.84,0.000000,0.000000,0,1,7.90,0.00
168347,-0.20,-0.00,-0.18,0.25,-0.37,0.00,58.5,-38.7,239.2,54.38,-1.95,0.000000,0.000000,0,1,7.90,0.00
168653,-0.20,-0.00,-0.17,0.18,0.06,0.00,58.5,-38.9,239.2,54.39,-2.03,0.000000,0.000000,0,1,7.90,0.00
169265,-0.12,0.00,-0.15,0.18,-0.25,0.00,58.6,-39.0,239.3,54.42,-2.15,0.000000,0.000000,0,1,7.90,0.00
170183,-0.12,0.00,-0.12,0.00,0.00,-0.06,58.6,-39.0,239.3,54.45,-2.25,0.000000,0.000000,0,1,7.89,0.00
170489,-0.13,0.00,-0.15,0.00,0.12,-0.12,58.6,-39.0,239.3,54.46,-2.25,0.000000,0.000000,0,1,7.89,0.00
170795,-0.12,-0.00,-0.15,0.00,0.12,0.06,58.6,-39.0,239.3,54.47,-2.27,0.000000,0.000000,0,1,7.89,0.00
171101,-0.13,0.00,-0.15,0.12,0.12,-0.12,58.6,-39.0,239.3,54.48,-2.28,0.000000,0.000000,0,1,7.89,0.00
171713,-0.11,0.00,-0.15,-0.18,0.06,0.18,58.6,-39.0,239.3,54.51,-2.27,0.000000,0.000000,0,1,7.90,0.00
172019,-0.13,-0.00,-0.11,-0.06,-0.18,0.18,58.6,-39.0,239.3,54.52,-2.26,0.000000,0.000000,0,1,7.90,0.00
172631,-0.12,0.00,-0.15,-0.06,0.00,-0.12,58.6,-39.0,239.3,54.54,-2.25,0.000000,0.000000,0,1,7.90,0.00
172937,-0.11,-0.01,-0.15,0.00,-0.12,-0.25,58.6,-39.0,239.3,54.55,-2.19,0.000000,0.000000,0,1,7.90,0.00
173549,-0.15,-0.02,-0.15,-0.06,0.25,0.06,58.6,-39.0,239.3,54.57,-2.23,0.000000,0.000000,0,1,7.90,0.00
174161,-0.12,-0.02,-0.12,0.06,0.12,0.06,58.6,-39.0,239.3,54.59,-2.21,0.000000,0.000000,0,1,7.90,0.00
174773,1.13,0.83,-0.15,10.00,-16.93,0.62,59.1,-40.2,239.1,54.61,-2.20,0.000000,0.000000,0,1,7.90,0.00
175385,0.70,0.40,-0.43,-33.25,41.87,-75.37,-4.8,-17.2,301.2,54.63,-2.07,0.000000,0.000000,0,1,7.90,0.00
175691,0.37,-0.11,-0.25,-12.68,-0.62,-29.43,-12.2,-12.2,313.0,54.64,-2.11,0.000000,0.000000,0,1,7.89,0.00
175997,0.05,0.18,-1.28,16.75,6.50,18.12,-15.6,-9.1,313.4,54.65,-1.92,0.000000,0.000000,0,1,7.89,0.00
176609,0.54,-0.54,-1.66,-62.68,-169.75,-17.00,2.1,-3.2,303.3,54.66,-1.55,0.000000,0.000000,0,1,7.90,0.00
177221,0.50,0.34,-0.05,51.25,26.75,-15.87,5.1,-0.9,315.0,54.67,-1.12,0.000000,0.000000,0,1,7.90,0.00
177833,0.11,-0.35,-1.26,-40.56,62.68,-8.18,-2.2,-18.3,319.7,54.69,-0.99,0.000000,0.000000,0,1,7.90,0.00
178445,0.00,0.00,-0.15,29.81,9.37,-66.68,-20.8,-16.4,343.9,54.70,-1.02,0.000000,0.000000,0,1,7.90,0.00
178751,1.50,-0.28,-0.75,20.12,38.37,-23.87,-20.1,-16.2,353.5,54.70,-0.74,0.000000,0.000000,0,1,7.90,0.00
179057,-0.36,-1.86,0.37,16.43,10.12,14.62,-15.8,-26.6,355.5,54.71,-1.12,0.000000,0.000000,0,1,7.90,0.00
179363,-0.34,1.03,0.55,-4.87,6.00,5.37,-17.6,-20.1,353.1,54.73,-1.31,0.000000,0.000000,0,1,7.90,0.00
180587,0.34,-0.23,-0.46,35.12,-8.93,-8.25,-19.8,-46.5,342.1,54.75,0.02,0.000000,0.000000,0,1,7.89,0.00
180893,-0.28,0.50,0.15,31.50,-15.68,6.18,-20.1,-55.0,347.0,54.73,0.75,0.000000,0.000000,0,1,7.89,0.00
181199,1.07,-1.28,0.41,-10.62,-35.56,1.06,-17.8,-55.2,353.6,54.74,0.10,0.000000,0.000000,0,1,7.89,0.00
181505,0.83,0.11,0.18,-45.37,-35.06,24.18,-7.6,-43.8,351.0,54.75,-0.64,0.000000,0.000000,0,1,7.90,0.00
181811,1.23,0.15,0.63,-16.50,-7.06,31.37,0.5,-35.3,345.9,54.76,-1.10,0.000000,0.000000,0,1,7.90,0.00
182117,0.55,-0.77,-0.20,-23.06,7.56,13.56,2.7,-29.8,338.9,54.77,-0.80,0.000000,0.000000,0,1,7.90,0.00
182423,0.00,0.23,-1.35,-44.00,7.81,15.81,5.4,-19.5,330.0,54.76,-0.02,0.000000,0.000000,0,1,7.90,0.00
182729,0.15,0.35,-0.44,-0.43,-5.81,5.12,5.9,-15.0,327.3,54.76,-0.73,0.000000,0.000000,0,1,7.90,0.00
183035,-0.09,0.68,-0.22,1.37,8.31,6.37,3.6,-15.9,322.3,54.78,-1.30,0.000000,0.000000,0,1,7.90,0.00
183341,0.28,-0.07,0.25,-8.68,25.50,1.62,1.0,-13.5,317.7,54.79,-1.45,0.000000,0.000000,0,1,7.90,0.00
183647,0.02,0.27,0.69,-7.25,-5.25,18.93,2.8,-11.1,313.2,54.80,-1.45,0.000000,0.000000,0,1,7.90,0.00
183953,-0.35,0.11,-1.34,-1.81,16.43,-15.75,6.1,-5.8,310.3,54.81,-1.40,0.000000,0.000000,0,1,7.90,0.00
184259,0.56,-1.12,1.08,109.25,-71.00,-40.31,2.3,-14.1,317.6,54.81,-1.22,0.000000,0.000000,0,1,7.90,0.00
184565,0.15,1.15,1.01,-18.37,4.81,-29.00,-12.5,-24.0,325.6,54.82,-1.12,0.000000,0.000000,0,1,7.90,0.00
185177,0.83,-0.70,-0.55,-11.37,9.37,2.68,-40.7,-25.5,335.1,54.84,-1.22,0.000000,0.000000,0,1,7.90,0.00
185483,0.83,-0.81,-1.41,66.06,-6.56,-24.56,-46.1,-30.1,338.3,54.85,-1.16,0.000000,0.000000,0,1,7.90,0.00
185789,0.11,-1.14,-0.81,50.75,-31.06,-4.50,-49.3,-38.6,346.4,54.84,-0.15,0.000000,0.000000,0,1,7.90,0.00
186095,1.15,0.12,1.11,-12.50,-40.75,-7.87,-44.1,-39.4,355.4,54.84,-0.34,0.000000,0.000000,0,1,7.90,0.00
186401,-0.65,-0.44,0.57,35.06,-35.87,35.93,-30.2,-39.1,348.2,54.84,0.31,0.000000,0.000000,0,1,7.90,0.00
186707,0.57,-1.69,0.27,-25.37,9.00,74.50,-11.9,-32.8,333.5,54.83,0.76,0.000000,0.000000,0,1,7.90,0.00
187013,-1.54,1.85,-0.50,-58.62,-50.43,51.87,4.3,-28.6,301.6,54.82,0.93,0.000000,0.000000,0,1,7.90,0.00
187319,-0.97,-0.63,-0.86,53.62,21.87,-48.06,0.3,-18.5,305.3,54.83,-0.21,0.000000,0.000000,0,1,7.90,0.00
187931,0.55,1.00,0.54,-28.00,32.25,-43.75,-19.1,-19.2,329.8,54.86,-1.52,0.000000,0.000000,0,1,7.90,0.00
188237,0.63,-0.00,-0.40,-4.43,33.68,-14.62,-30.3,-14.8,340.1,54.87,-1.38,0.000000,0.000000,0,1,7.90,0.00
188849,-1.04,-0.03,-0.83,-3.43,-10.56,29.06,-23.5,-16.8,342.1,54.88,-1.42,0.000000,0.000000,0,1,7.89,0.00
189155,0.18,-0.07,-0.69,6.37,-0.50,-11.75,-19.6,-16.3,342.1,54.88,-0.94,0.000000,0.000000,0,1,7.89,0.00
189461,0.41,-0.83,-0.51,5.62,28.62,-24.93,-23.1,-18.5,344.4,54.89,-1.04,0.000000,0.000000,0,1,7.89,0.00
190379,0.19,-1.57,-1.35,-59.37,-15.62,29.31,-7.5,-18.1,327.0,54.91,-0.34,0.000000,0.000000,0,1,7.89,0.00
190990,-1.86,0.58,0.43,-42.81,-71.81,3.68,-12.5,-10.5,328.9,54.88,0.83,0.000000,0.000000,0,1,7.89,0.00
191296,-0.93,0.17,-1.04,-32.37,-44.18,43.56,-8.0,-11.3,323.1,54.89,0.11,0.000000,0.000000,0,1,7.89,0.00
191908,-0.52,0.01,0.73,65.06,-11.75,1.00,-3.6,-17.9,331.6,54.88,-0.30,0.000000,0.000000,0,1,7.90,0.00
192214,0.75,0.20,-0.40,-17.18,9.56,-38.31,-0.9,-14.5,332.7,54.89,-0.70,0.000000,0.000000,0,1,7.90,0.00
192520,-0.18,0.80,0.58,-15.37,7.31,-0.50,-1.6,-12.9,340.2,54.91,-1.44,0.000000,0.000000,0,1,7.90,0.00
193132,0.07,-0.18,0.79,-6.31,-7.50,5.87,2.0,-1.1,341.2,54.93,-1.98,0.000000,0.000000,0,1,7.89,0.00
193438,-0.58,-0.56,2.40,-2.56,14.31,2.50,-2.4,0.1,338.0,54.94,-2.02,0.000000,0.000000,0,1,7.89,0.00
194050,0.45,0.15,-0.37,13.50,12.87,14.37,-2.8,2.5,337.1,54.95,-1.92,0.000000,0.000000,0,1,7.89,0.00
194356,0.36,0.31,-0.18,8.68,-0.12,0.81,-3.1,0.8,335.9,54.95,-1.90,0.000000,0.000000,0,1,7.89,0.00
194968,0.30,-0.09,-0.19,3.12,-0.43,0.00,-2.8,0.8,335.9,54.97,-1.86,0.000000,0.000000,0,1,7.89,0.00
195274,0.12,0.43,-0.18,-6.62,0.37,-0.25,-2.7,0.7,335.9,54.97,-1.93,0.000000,0.000000,0,1,7.89,0.00
195580,0.27,0.31,0.00,3.68,0.18,0.12,-2.6,0.5,335.9,54.98,-2.00,0.000000,0.000000,0,1,7.89,0.00
195886,0.15,-0.37,-0.05,-6.43,0.50,-0.50,-2.6,0.5,335.9,54.99,-2.02,0.000000,0.000000,0,1,7.89,0.00
196192,0.01,0.07,-0.09,1.00,-0.37,0.06,-2.5,0.5,335.9,55.00,-2.05,0.000000,0.000000,0,1,7.89,0.00
196498,0.15,0.00,-0.07,-0.87,-0.06,0.00,-2.4,0.5,335.9,55.01,-2.07,0.000000,0.000000,0,1,7.89,0.00
196804,0.11,0.03,-0.10,0.00,-0.18,-0.12,-2.3,0.4,335.9,55.01,-2.11,0.000000,0.000000,0,1,7.90,0.00
197110,0.07,-0.00,-0.11,-0.25,0.43,-0.06,-2.2,0.4,335.9,55.03,-2.10,0.000000,0.000000,0,1,7.90,0.00
197416,0.03,-0.01,-0.07,-0.56,-0.06,-0.18,-2.2,0.4,335.9,55.03,-2.08,0.000000,0.000000,0,1,7.90,0.00
198028,0.05,0.07,-0.10,0.43,0.06,0.00,-2.2,0.4,335.9,55.05,-2.08,0.000000,0.000000,0,1,7.90,0.00
198640,0.10,-0.01,-0.07,-0.43,0.06,0.06,-2.2,0.4,335.9,55.07,-2.14,0.000000,0.000000,0,1,7.89,0.00
198946,0.05,0.00,-0.03,-0.56,-0.06,-0.18,-2.2,0.4,335.9,55.08,-2.13,0.000000,0.000000,0,1,7.89,0.00
199252,0.07,0.03,-0.11,0.18,0.06,-0.06,-2.2,0.4,335.9,55.09,-2.06,0.000000,0.000000,0,1,7.89,0.00
199558,0.09,0.03,-0.07,0.31,-0.12,0.00,-2.2,0.4,335.9,55.09,-2.02,0.000000,0.000000,0,1,7.89,0.00
199864,0.09,0.07,-0.07,0.75,0.06,-0.06,-2.2,0.4,335.9,55.10,-1.98,0.000000,0.000000,0,1,7.89,0.00
200170,0.00,-0.01,-0.30,-2.31,0.31,-0.06,-2.1,0.7,335.9,55.11,-1.99,0.000000,0.000000,0,1,7.89,0.00
200476,-0.12,0.05,-0.40,-0.31,1.81,0.18,-2.1,0.5,335.9,55.12,-2.00,0.000000,0.000000,0,1,7.89,0.00
201088,0.17,-0.17,0.00,-5.68,0.37,-0.56,-2.1,0.4,335.9,55.13,-1.97,0.000000,0.000000,0,1,7.88,0.00
201394,0.10,-0.07,-0.09,-0.93,-0.37,-0.18,-2.1,0.4,335.9,55.14,-1.95,0.000000,0.000000,0,1,7.88,0.00
201700,0.10,0.03,-0.07,0.12,-0.25,0.06,-2.0,0.3,335.9,55.15,-1.98,0.000000,0.000000,0,1,7.89,0.00
202006,0.07,0.00,-0.11,-0.06,-0.06,-0.06,-2.0,0.3,335.9,55.16,-2.04,0.000000,0.000000,0,1,7.89,0.00
202312,0.07,0.03,-0.07,0.43,0.00,-0.06,-2.0,0.3,335.9,55.17,-2.10,0.000000,0.000000,0,1,7.89,0.00
202924,0.43,-0.30,0.30,43.06,2.00,-85.25,-2.0,0.5,341.9,55.18,-2.11,0.000000,0.000000,0,1,7.89,0.00
203230,0.00,0.52,-0.15,5.62,0.93,0.25,-1.8,0.8,348.7,55.19,-2.15,0.000000,0.000000,0,1,7.89,0.00
203536,0.69,0.81,0.20,4.12,-1.50,0.25,-1.6,1.0,350.7,55.20,-2.13,0.000000,0.000000,0,1,7.89,0.00
203842,0.07,0.02,-0.09,-0.18,0.12,-0.06,-1.6,1.0,350.7,55.21,-2.09,0.000000,0.000000,0,1,7.89,0.00
204454,0.11,0.41,-0.05,1.93,-0.31,0.12,-1.5,0.8,351.2,55.23,-2.05,0.000000,0.000000,0,1,7.89,0.00
204760,0.09,-0.09,-0.18,-0.31,-1.18,0.00,-1.5,0.8,351.2,55.23,-1.95,0.000000,0.000000,0,1,7.89,0.00
205066,0.02,-1.37,-0.55,4.68,-1.18,-16.00,-1.5,0.8,352.0,55.24,-1.93,0.000000,0.000000,0,1,7.89,0.00
205372,-0.15,0.88,0.00,0.68,0.18,-0.06,-1.5,0.7,352.8,55.25,-1.96,0.000000,0.000000,0,1,7.89,0.00
205678,0.05,-0.01,-0.09,-0.37,0.00,-0.12,-1.4,0.7,352.8,55.26,-2.08,0.000000,0.000000,0,1,7.89,0.00
205984,0.00,-0.17,-0.22,-1.81,-0.31,0.00,-1.5,0.8,353.3,55.26,-2.11,0.000000,0.000000,0,1,7.89,0.00
206290,-0.03,0.37,0.11,4.12,-0.18,0.12,-1.3,0.7,353.4,55.27,-2.03,0.000000,0.000000,0,1,7.89,0.00
206596,0.05,0.00,-0.11,-0.06,0.25,0.31,-1.3,0.6,353.4,55.28,-2.05,0.000000,0.000000,0,1,7.89,0.00
207208,0.00,0.02,-0.15,0.75,-0.31,-0.12,-1.3,0.6,353.4,55.30,-2.09,0.000000,0.000000,0,1,7.89,0.00
207820,-0.11,-0.15,-0.22,0.12,0.68,-0.06,-1.3,0.5,353.5,55.32,-2.16,0.000000,0.000000,0,1,7.89,0.00
208432,-0.27,0.34,-0.20,14.56,5.81,1.31,-1.4,0.3,353.5,55.33,-2.12,0.000000,0.000000,0,1,7.89,0.00
208738,-0.09,0.46,-0.03,1.62,0.37,-0.18,-1.6,-0.6,356.0,55.34,-2.08,0.000000,0.000000,0,1,7.89,0.00
209044,0.28,-0.12,0.10,0.75,-0.50,-3.31,-1.1,0.3,356.8,55.35,-2.06,0.000000,0.000000,0,1,7.89,0.00
209350,0.05,-0.07,-0.07,-0.37,0.00,-0.12,-1.0,0.4,356.8,55.36,-2.03,0.000000,0.000000,0,1,7.89,0.00
209962,0.01,0.01,-0.09,-0.12,-0.06,-0.06,-1.0,0.3,356.8,55.37,-2.09,0.000000,0.000000,0,1,7.89,0.00
210268,-0.51,-0.20,-0.22,2.31,-0.18,0.37,-1.0,0.2,358.0,55.38,-2.10,0.000000,0.000000,0,1,7.89,0.00
210574,0.00,-0.22,-0.12,-1.06,0.25,0.12,-0.9,0.2,359.1,55.39,-2.06,0.000000,0.000000,0,1,7.89,0.00
210880,0.00,0.01,-0.10,0.06,-0.31,0.25,-0.9,0.1,359.1,55.40,-1.98,0.000000,0.000000,0,1,7.89,0.00
211492,-0.27,0.52,-0.13,3.31,-1.37,0.37,-0.9,0.1,359.0,55.41,-1.92,0.000000,0.000000,0,1,7.89,0.00
211798,0.07,0.00,-0.07,-0.56,0.06,0.00,-0.9,0.1,359.0,55.42,-1.97,0.000000,0.000000,0,1,7.89,0.00
212410,0.03,0.00,-0.10,-0.12,-0.06,0.18,-0.9,0.1,359.0,55.44,-2.08,0.000000,0.000000,0,1,7.89,0.00
213022,0.00,0.00,-0.07,-0.12,0.06,0.37,-0.9,0.1,359.0,55.45,-1.94,0.000000,0.000000,0,1,7.89,0.00
213328,0.00,-0.02,-0.09,0.18,0.25,-0.06,-0.9,0.1,359.0,55.46,-2.01,0.000000,0.000000,0,1,7.89,0.00
213634,0.01,0.02,-0.07,0.06,-0.06,0.00,-0.9,0.1,359.0,55.47,-2.09,0.000000,0.000000,0,1,7.89,0.00
214246,0.01,0.00,-0.07,0.00,-0.18,0.00,-0.9,0.1,359.0,55.48,-2.05,0.000000,0.000000,0,1,7.89,0.00
214858,0.01,0.02,-0.07,0.12,0.06,0.00,-0.9,0.1,359.0,55.50,-2.00,0.000000,0.000000,0,1,7.89,0.00
215164,0.00,0.00,-0.05,-0.06,-0.06,-0.06,-0.9,0.1,359.0,55.51,-2.01,0.000000,0.000000,0,1,7.89,0.00
215470,0.02,0.00,-0.10,-0.06,0.00,-0.12,-0.9,0.1,359.0,55.51,-2.03,0.000000,0.000000,0,1,7.89,0.00
215776,-0.00,0.00,-0.11,-0.06,0.31,0.00,-0.9,0.1,359.0,55.52,-2.00,0.000000,0.000000,0,1,7.89,0.00
216082,0.02,0.00,-0.09,0.06,0.18,-0.12,-0.9,0.1,359.0,55.53,-1.92,0.000000,0.000000,0,1,7.89,0.00
216388,0.00,0.00,-0.09,-0.12,0.06,-0.18,-0.9,0.1,359.0,55.53,-1.85,0.000000,0.000000,0,1,7.89,0.00
217000,0.02,0.00,-0.10,0.06,0.06,0.00,-0.9,0.1,359.0,55.54,-1.82,0.000000,0.000000,0,1,7.89,0.00
217306,0.01,-0.00,-0.10,-0.12,-0.12,0.12,-0.9,0.1,359.0,55.55,-1.85,0.000000,0.000000,0,1,7.89,0.00
217612,0.00,0.00,-0.07,-0.06,0.12,0.06,-0.9,0.1,359.0,55.56,-1.82,0.000000,0.000000,0,1,7.89,0.00
217918,0.01,0.01,-0.10,0.06,-0.06,-0.31,-0.9,0.1,359.0,55.57,-1.85,0.000000,0.000000,0,1,7.89,0.00
218530,0.00,0.00,-0.09,0.00,-0.18,0.18,-0.9,0.1,359.0,55.58,-1.93,0.000000,0.000000,0,1,7.89,0.00
218836,0.00,-0.00,-0.09,-0.06,0.18,0.00,-0.9,0.1,359.0,55.59,-1.93,0.000000,0.000000,0,1,7.89,0.00
219142,0.00,-0.01,-0.09,-0.12,0.06,-0.06,-0.9,0.1,359.0,55.60,-1.96,0.000000,0.000000,0,1,7.89,0.00
219448,0.02,-0.00,-0.10,-0.06,0.00,-0.25,-0.9,0.1,359.0,55.60,-1.98,0.000000,0.000000,0,1,7.89,0.00
220060,0.02,0.00,-0.09,-0.06,-0.25,-0.12,-0.9,0.1,359.0,55.62,-1.97,0.000000,0.000000,0,1,7.89,0.00
220366,0.00,0.00,-0.12,0.00,0.06,0.00,-0.9,0.1,359.0,55.62,-1.94,0.000000,0.000000,0,1,7.89,0.00
220978,0.00,0.00,-0.11,-0.18,0.00,0.12,-0.9,0.1,359.0,55.64,-1.81,0.000000,0.000000,0,1,7.88,0.00
221284,0.01,-0.00,-0.09,0.12,-0.18,-0.06,-0.9,0.1,359.0,55.64,-1.80,0.000000,0.000000,0,1,7.88,0.00
221896,0.28,0.15,-0.09,1.37,0.00,0.31,-0.8,0.1,359.0,55.66,-1.90,0.000000,0.000000,0,1,7.89,0.00
222202,-0.01,0.05,-0.05,0.18,0.18,0.12,-0.9,0.1,359.0,55.67,-1.88,0.000000,0.000000,0,1,7.89,0.00
222508,0.31,0.37,-0.01,1.75,-0.62,-0.06,-0.9,0.1,359.0,55.67,-1.88,0.000000,0.000000,0,1,7.89,0.00
223120,0.01,-0.05,-0.11,-0.25,0.12,-0.12,-0.9,0.1,359.0,55.68,-1.81,0.000000,0.000000,0,1,7.89,0.00
223732,0.07,0.18,-0.05,1.31,-1.06,0.06,-0.9,0.2,359.0,55.70,-1.78,0.000000,0.000000,0,1,7.89,0.00
224038,0.01,0.07,-0.07,-0.62,0.06,0.06,-0.9,0.2,359.0,55.70,-1.76,0.000000,0.000000,0,1,7.89,0.00
224344,0.11,-0.10,-0.18,-1.50,-0.25,-0.06,-0.9,0.3,359.0,55.71,-1.80,0.000000,0.000000,0,1,7.89,0.00
224650,0.05,-0.05,0.00,-1.43,1.75,-0.18,-0.9,0.2,359.0,55.72,-1.82,0.000000,0.000000,0,1,7.89,0.00
224956,0.18,0.07,0.00,0.93,-0.75,0.12,-1.0,0.3,359.0,55.72,-1.80,0.000000,0.000000,0,1,7.89,0.00
225568,0.18,0.02,-0.13,0.25,0.31,0.06,-0.9,0.3,359.0,55.74,-1.80,0.000000,0.000000,0,1,7.89,0.00
225874,0.07,0.05,-0.09,-0.12,-0.06,0.06,-1.0,0.3,359.0,55.74,-1.82,0.000000,0.000000,0,1,7.89,0.00
226180,0.07,-0.15,-0.15,-2.62,0.31,-0.06,-1.0,0.3,359.0,55.75,-1.84,0.000000,0.000000,0,1,7.89,0.00
226486,0.00,0.00,-0.11,1.93,-0.93,0.06,-1.0,0.3,359.0,55.76,-1.83,0.000000,0.000000,0,1,7.89,0.00
227098,0.00,0.00,-0.18,-0.37,-0.43,0.18,-0.9,0.2,359.0,55.77,-1.88,0.000000,0.000000,0,1,7.88,0.00
227404,-0.00,0.00,-0.07,-0.25,0.00,0.12,-1.0,0.2,359.0,55.78,-1.89,0.000000,0.000000,0,1,7.88,0.00
227710,0.00,0.03,-0.07,0.25,0.06,0.00,-1.0,0.2,359.0,55.79,-1.90,0.000000,0.000000,0,1,7.88,0.00
228016,-0.15,-0.05,-0.13,-0.75,0.06,0.31,-1.2,-0.3,359.0,55.79,-1.92,0.000000,0.000000,0,1,7.88,0.00
228628,0.05,-0.09,-0.07,2.00,0.37,0.12,-1.0,0.1,359.0,55.81,-1.95,0.000000,0.000000,0,1,7.88,0.00
228934,0.01,0.02,-0.20,-0.62,1.12,0.12,-0.8,0.1,359.0,55.82,-1.95,0.000000,0.000000,0,1,7.88,0.00
229240,-0.05,0.07,0.00,0.50,0.50,0.18,-0.9,0.3,359.0,55.82,-1.95,0.000000,0.000000,0,1,7.88,0.00
229546,-0.09,-0.05,-0.11,0.31,0.93,0.18,-0.9,0.2,359.0,55.83,-1.95,0.000000,0.000000,0,1,7.88,0.00
229852,0.13,-0.00,-0.18,0.43,-2.43,-0.18,-0.9,0.2,359.0,55.84,-1.98,0.000000,0.000000,0,1,7.88,0.00
230464,-0.01,0.31,0.01,1.00,0.25,0.12,-1.0,0.2,357.6,55.85,-1.98,0.000000,0.000000,0,1,7.89,0.00
230770,-0.09,0.13,0.02,2.62,-1.31,0.50,-1.0,0.2,357.4,55.86,-1.90,0.000000,0.000000,0,1,7.89,0.00
231076,-0.03,-0.09,0.02,1.62,-0.37,-19.25,-1.1,0.2,357.2,55.87,-1.85,0.000000,0.000000,0,1,7.89,0.00
231382,0.46,0.27,-0.20,-4.37,3.18,-0.18,-1.8,0.2,359.3,55.87,-1.82,0.000000,0.000000,0,1,7.89,0.00
231688,0.11,-0.34,-0.27,1.31,-0.81,-0.06,-1.8,0.2,359.3,55.88,-1.82,0.000000,0.000000,0,1,7.89,0.00
232300,-0.27,-0.07,-0.11,8.18,-3.68,-11.75,-1.9,0.3,358.6,55.89,-1.86,0.000000,0.000000,0,1,7.89,0.00
232606,0.20,0.27,0.01,1.37,-2.62,0.87,-0.6,0.1,359.3,55.90,-1.88,0.000000,0.000000,0,1,7.89,0.00
232912,-0.07,0.02,-0.13,2.00,7.06,3.06,-1.8,0.3,359.9,55.91,-1.81,0.000000,0.000000,0,1,7.89,0.00
233524,-0.30,0.03,0.15,-4.31,3.06,19.75,-2.0,0.4,359.3,55.91,-1.68,0.000000,0.000000,0,1,7.91,0.00
233830,0.43,0.09,0.11,7.06,0.25,-5.56,-2.6,0.1,357.7,55.92,-1.70,0.000000,0.000000,0,1,7.91,0.00
234136,-0.22,-0.61,-0.37,1.50,-0.68,-2.37,-2.7,0.0,356.0,55.92,-1.75,0.000000,0.000000,0,1,7.88,0.00
234442,0.54,-0.05,-0.05,1.75,-1.81,0.37,-2.6,0.0,355.9,55.94,-1.82,0.000000,0.000000,0,1,7.88,0.00
234748,0.34,0.34,-0.12,-0.81,-5.31,0.12,-1.7,0.1,356.2,55.94,-1.95,0.000000,0.000000,0,1,7.88,0.00
235054,-0.20,0.30,-0.27,2.50,-0.68,-6.00,-2.8,0.0,356.6,55.95,-1.99,0.000000,0.000000,0,1,7.89,0.00
235666,0.91,-0.10,0.05,5.12,-0.56,-9.37,-2.5,-1.0,6.1,55.97,-2.03,0.000000,0.000000,0,1,7.89,0.00
235972,0.02,0.05,-0.07,0.37,0.31,0.06,-2.6,-1.0,6.9,55.97,-1.94,0.000000,0.000000,0,1,7.89,0.00
236278,0.05,0.00,-0.18,-0.62,0.43,-0.31,-2.6,-1.0,8.8,55.98,-1.82,0.000000,0.000000,0,1,7.89,0.00
236584,0.02,0.03,-0.05,-0.06,0.50,0.00,-2.6,-1.0,8.8,55.98,-1.61,0.000000,0.000000,0,1,7.89,0.00
236890,0.13,0.15,-0.01,-0.43,0.50,-0.12,-2.6,-0.8,8.8,55.98,-1.54,0.000000,0.000000,0,1,7.89,0.00
237196,-0.91,-0.83,-0.28,-4.31,5.56,-0.62,-2.7,-0.8,7.8,55.98,-1.53,0.000000,0.000000,0,1,7.88,0.00
237502,-0.11,0.07,-0.12,-3.00,-1.75,9.31,-3.5,-1.1,7.9,55.99,-1.52,0.000000,0.000000,0,1,7.88,0.00
237808,-0.58,0.43,-0.22,9.68,6.06,-8.06,-3.0,-0.9,5.5,55.99,-1.53,0.000000,0.000000,0,1,7.88,0.00
238420,-0.51,0.27,-0.20,0.87,4.75,1.68,-2.6,-1.0,4.0,56.00,-1.55,0.000000,0.000000,0,1,7.88,0.00
238726,-0.13,-0.25,0.01,0.62,-1.18,1.37,-2.6,-1.0,4.2,56.01,-1.58,0.000000,0.000000,0,1,7.88,0.00
239032,0.34,0.07,-0.09,1.87,-3.18,-1.50,-2.0,-1.1,4.6,56.01,-1.57,0.000000,0.000000,0,1,7.89,0.00
239338,0.61,0.27,0.20,-1.81,-2.12,5.50,-2.2,-1.2,4.0,56.02,-1.60,0.000000,0.000000,0,1,7.89,0.00
239644,0.28,-0.07,-0.15,2.31,0.12,-2.50,-2.6,-1.2,3.8,56.03,-1.69,0.000000,0.000000,0,1,7.89,0.00
239950,0.33,0.19,0.02,1.50,6.12,13.81,-2.9,-1.3,3.5,56.03,-1.66,0.000000,0.000000,0,1,7.89,0.00
240562,-0.02,0.13,-0.00,3.68,-3.06,2.00,-2.7,-1.4,2.8,56.04,-1.66,0.000000,0.000000,0,1,7.89,0.00
240868,0.37,0.11,0.17,-0.62,-1.43,7.31,-2.8,-1.0,2.3,56.05,-1.75,0.000000,0.000000,0,1,7.89,0.00
241174,0.25,0.43,-0.17,4.25,-1.37,14.93,-2.4,-1.1,359.9,56.06,-1.79,0.000000,0.000000,0,1,7.89,0.00
241480,-0.02,-0.09,-0.00,0.18,0.50,0.12,-2.5,-1.1,358.8,56.07,-1.84,0.000000,0.000000,0,1,7.89,0.00
241786,0.18,-0.05,-0.05,-0.12,-2.75,0.12,-2.6,-1.0,357.7,56.07,-1.89,0.000000,0.000000,0,1,7.89,0.00
242398,0.09,-0.15,-0.05,-0.43,1.56,0.37,-2.4,-1.1,357.8,56.08,-1.79,0.000000,0.000000,0,1,7.89,0.00
242704,-0.27,-0.15,-0.07,0.50,1.81,-1.37,-2.6,-1.3,358.1,56.09,-1.79,0.000000,0.000000,0,1,7.89,0.00
243316,0.12,0.05,0.51,1.37,-0.37,-0.06,-2.6,-1.1,358.2,56.10,-1.83,0.000000,0.000000,0,1,7.88,0.00
243622,0.11,0.19,-0.00,-0.75,6.18,24.68,-2.3,-1.0,358.9,56.11,-1.80,0.000000,0.000000,0,1,7.88,0.00
243928,-0.60,0.50,-1.05,1.68,-9.00,-35.00,-2.6,-1.1,358.8,56.11,-1.74,0.000000,0.000000,0,1,7.88,0.00
244234,-0.30,0.18,-0.20,-3.18,0.50,-0.81,-2.5,-0.8,358.3,56.12,-1.76,0.000000,0.000000,0,1,7.88,0.00
244846,0.05,0.22,0.00,1.25,-1.62,0.25,-2.6,-0.4,356.6,56.13,-1.67,0.000000,0.000000,0,1,7.88,0.00
245152,0.43,0.00,0.05,5.31,-3.56,0.50,-2.5,-0.5,356.6,56.14,-1.69,0.000000,0.000000,0,1,7.89,0.00
245764,0.73,-1.11,-2.11,-2.68,3.75,10.87,-2.8,-1.2,355.6,56.15,-1.75,0.000000,0.000000,0,1,7.89,0.00
246376,-0.22,-0.73,-0.46,-2.12,0.93,0.06,-2.6,-0.6,355.7,56.16,-1.69,0.000000,0.000000,0,1,7.89,0.00
246682,0.09,-0.12,-0.11,2.56,-6.31,0.31,-2.5,-0.7,356.1,56.16,-1.73,0.000000,0.000000,0,1,7.89,0.00
247294,-0.00,0.05,-0.13,0.06,0.18,0.18,-2.6,-0.7,356.0,56.18,-1.80,0.000000,0.000000,0,1,7.89,0.00
247600,0.00,0.01,-0.07,-0.18,0.37,0.18,-2.6,-0.7,356.0,56.18,-1.80,0.000000,0.000000,0,1,7.89,0.00
247906,0.07,0.03,-0.07,-0.06,0.06,-0.12,-2.5,-0.8,356.0,56.19,-1.78,0.000000,0.000000,0,1,7.89,0.00
248212,0.05,0.02,-0.11,0.00,0.06,0.12,-2.5,-0.8,356.0,56.19,-1.80,0.000000,0.000000,0,1,7.89,0.00
248824,0.00,0.03,-0.11,0.06,0.12,-0.06,-2.5,-0.7,352.5,56.21,-1.83,0.000000,0.000000,0,1,7.89,0.00
249130,0.15,0.07,-0.01,-1.43,-2.06,-0.25,-2.2,-0.8,353.8,56.21,-1.89,0.000000,0.000000,0,1,7.89,0.00
249436,0.55,0.11,-0.10,2.62,0.56,-2.50,-2.3,-0.8,355.5,56.22,-1.90,0.000000,0.000000,0,1,7.89,0.00
250048,0.00,0.30,0.11,2.25,1.56,8.56,-2.4,-1.0,354.4,56.23,-1.70,0.000000,0.000000,0,1,7.89,0.00
250354,0.20,0.27,-0.19,-0.25,-7.31,0.00,-2.3,-0.9,357.9,56.24,-1.69,0.000000,0.000000,0,1,7.88,0.00
250966,-0.56,0.20,-0.13,4.50,-3.81,1.75,-2.4,-1.2,0.8,56.25,-1.62,0.000000,0.000000,0,1,7.88,0.00
251272,-0.20,0.03,-0.50,2.87,4.93,0.56,-2.6,-1.0,1.1,56.25,-1.71,0.000000,0.000000,0,1,7.89,0.00
251578,0.05,-0.02,-0.11,-1.25,0.06,4.18,-2.4,-0.8,0.9,56.26,-1.72,0.000000,0.000000,0,1,7.89,0.00
251884,-0.07,0.00,-0.25,-2.56,2.00,-1.81,-2.5,-1.0,359.8,56.26,-1.62,0.000000,0.000000,0,1,7.89,0.00
252190,0.00,0.05,-0.01,0.25,-0.25,0.12,-2.3,-0.9,359.9,56.27,-1.70,0.000000,0.000000,0,1,7.89,0.00
252802,0.10,0.28,0.00,2.56,-1.87,14.18,-2.3,-1.0,359.6,56.28,-1.69,0.000000,0.000000,0,1,7.89,0.00
253414,-0.19,-0.03,-0.17,-1.18,-0.50,-0.18,-2.4,-1.0,356.3,56.28,-1.66,0.000000,0.000000,0,1,7.88,0.00
253720,0.37,0.20,0.05,2.25,-1.81,1.81,-2.3,-1.2,356.1,56.29,-1.77,0.000000,0.000000,0,1,7.88,0.00
254332,-0.07,0.19,0.05,3.68,4.06,4.75,-2.5,-1.1,355.7,56.31,-2.03,0.000000,0.000000,0,1,7.88,0.00
254638,-0.05,0.25,-0.03,2.31,-1.06,0.50,-2.3,-1.1,355.6,56.32,-2.01,0.000000,0.000000,0,1,7.88,0.00
254944,0.11,0.18,-0.00,5.06,-0.25,1.62,-2.3,-1.1,355.6,56.32,-1.83,0.000000,0.000000,0,1,7.88,0.00
255556,0.03,0.03,-0.10,2.75,0.06,0.31,-2.2,-1.0,355.6,56.32,-1.62,0.000000,0.000000,0,1,7.89,0.00
256168,-0.00,-0.11,-0.25,-0.75,-0.31,-0.12,-2.1,-1.0,355.6,56.34,-1.69,0.000000,0.000000,0,1,7.89,0.00
256474,0.00,-0.01,-0.11,-1.18,-0.62,-0.12,-2.2,-1.0,355.6,56.34,-1.73,0.000000,0.000000,0,1,7.88,0.00
257086,0.43,0.34,0.07,-0.75,3.25,-9.81,-2.4,-0.9,359.3,56.35,-1.69,0.000000,0.000000,0,1,7.88,0.00
257392,0.03,-0.12,-0.13,0.56,-1.43,-16.50,-2.5,-1.1,7.3,56.36,-1.72,0.000000,0.000000,0,1,7.88,0.00
257698,0.02,0.35,0.02,-2.25,0.31,-20.18,-2.5,-1.3,8.6,56.36,-1.68,0.000000,0.000000,0,1,7.88,0.00
258004,-0.11,-0.02,0.00,-0.31,0.06,-0.25,-2.2,-1.2,10.3,56.37,-1.59,0.000000,0.000000,0,1,7.88,0.00
258310,-0.05,-0.07,-0.03,-1.62,0.31,-1.06,-2.4,-1.4,10.5,56.37,-1.54,0.000000,0.000000,0,1,7.89,0.00
258616,0.07,-0.23,0.00,2.62,-1.81,-12.25,-2.5,-1.5,14.0,56.37,-1.63,0.000000,0.000000,0,1,7.89,0.00
258922,-0.03,0.05,-0.18,-0.31,0.06,0.12,-2.4,-1.5,14.0,56.38,-1.62,0.000000,0.000000,0,1,7.89,0.00
259534,-0.03,-0.07,-0.18,0.31,-0.06,0.00,-2.4,-1.5,14.0,56.38,-1.50,0.000000,0.000000,0,1,7.88,0.00
260146,-0.40,-0.27,0.01,1.87,-1.56,-0.75,-2.5,-1.8,24.9,56.39,-1.70,0.000000,0.000000,0,1,7.88,0.00
260452,-0.05,0.00,-0.07,-1.43,0.37,4.00,-2.6,-1.6,25.8,56.40,-1.80,0.000000,0.000000,0,1,7.88,0.00
260758,0.07,-0.20,-0.10,0.06,-1.81,0.12,-2.7,-1.6,25.0,56.41,-1.82,0.000000,0.000000,0,1,7.88,0.00
261064,-0.20,0.17,0.00,0.81,-1.50,0.43,-2.6,-1.6,25.0,56.41,-1.80,0.000000,0.000000,0,1,7.88,0.00
261370,0.22,-0.07,-0.17,1.18,0.43,0.12,-2.6,-1.6,24.5,56.42,-1.75,0.000000,0.000000,0,1,7.88,0.00
261676,-0.05,0.66,-0.23,-2.87,3.12,64.93,-3.0,-2.1,23.6,56.42,-1.81,0.000000,0.000000,0,1,7.88,0.00
261982,0.40,-0.27,-0.11,0.18,-7.12,-12.37,-2.8,-1.7,17.9,56.43,-1.89,0.000000,0.000000,0,1,7.88,0.00
262288,0.00,-0.15,-0.25,-0.43,1.56,0.68,-2.7,-1.8,17.8,56.44,-1.88,0.000000,0.000000,0,1,7.88,0.00
263206,-0.01,0.11,-0.07,1.00,0.25,0.18,-2.4,-1.5,19.5,56.46,-1.78,0.000000,0.000000,0,1,7.88,0.00
263512,0.00,0.00,-0.05,-0.06,-0.06,0.06,-2.4,-1.5,19.5,56.46,-1.72,0.000000,0.000000,0,1,7.88,0.00
263818,0.09,-0.05,0.05,0.12,0.12,0.12,-2.4,-1.5,19.5,56.47,-1.78,0.000000,0.000000,0,1,7.88,0.00
264124,0.00,0.00,-0.07,0.00,0.00,0.00,-2.4,-1.5,19.5,56.47,-1.79,0.000000,0.000000,0,1,7.88,0.00
264430,0.00,0.00,-0.10,-0.06,0.00,0.06,-2.4,-1.5,19.5,56.48,-1.77,0.000000,0.000000,0,1,7.88,0.00
264736,0.00,0.00,-0.10,0.12,-0.12,0.00,-2.4,-1.5,19.5,56.48,-1.74,0.000000,0.000000,0,1,7.88,0.00
265348,0.07,0.05,-0.22,0.06,0.06,0.12,-2.4,-1.5,19.5,56.49,-1.77,0.000000,0.000000,0,1,7.88,0.00
265654,0.01,0.00,-0.05,0.00,-0.18,-0.06,-2.4,-1.5,19.5,56.50,-1.78,0.000000,0.000000,0,1,7.88,0.00
265960,0.01,0.00,-0.07,0.00,0.18,-0.25,-2.4,-1.5,19.5,56.51,-1.80,0.000000,0.000000,0,1,7.88,0.00
266266,0.11,-0.10,-0.07,-0.25,0.06,0.25,-2.4,-1.5,19.5,56.51,-1.87,0.000000,0.000000,0,1,7.88,0.00
266572,-0.07,-0.01,-0.00,0.06,0.68,-0.06,-2.4,-1.5,19.5,56.52,-1.92,0.000000,0.000000,0,1,7.88,0.00
267184,0.30,0.00,-0.07,-1.37,0.81,-0.06,-2.3,-1.6,19.5,56.53,-1.88,0.000000,0.000000,0,1,7.88,0.00
267490,-0.00,-0.01,-0.09,-0.12,0.25,0.06,-2.3,-1.6,19.5,56.54,-1.83,0.000000,0.000000,0,1,7.88,0.00
267796,0.00,0.00,-0.13,0.18,0.12,0.06,-2.3,-1.6,19.5,56.54,-1.78,0.000000,0.000000,0,1,7.88,0.00
268102,0.00,0.00,-0.07,0.00,-0.06,0.18,-2.3,-1.6,19.5,56.54,-1.72,0.000000,0.000000,0,1,7.88,0.00
268408,0.00,0.00,-0.07,0.00,-0.12,-0.12,-2.3,-1.6,19.5,56.55,-1.67,0.000000,0.000000,0,1,7.88,0.00
269020,0.00,0.00,-0.05,-0.12,-0.31,0.12,-2.3,-1.6,19.5,56.55,-1.58,0.000000,0.000000,0,1,7.88,0.00
269326,0.00,0.00,-0.07,0.00,-0.06,0.25,-2.3,-1.6,19.5,56.55,-1.48,0.000000,0.000000,0,1,7.88,0.00
269632,-0.00,0.00,-0.07,0.06,-0.06,-0.06,-2.3,-1.6,19.5,56.56,-1.41,0.000000,0.000000,0,1,7.88,0.00
270244,0.07,0.01,-0.11,0.12,0.00,0.00,-2.3,-1.6,19.5,56.56,-1.33,0.000000,0.000000,0,1,7.88,0.00
270550,0.01,0.00,-0.10,0.06,-0.18,-0.06,-2.3,-1.6,19.5,56.56,-1.38,0.000000,0.000000,0,1,7.88,0.00
270856,0.00,-0.01,-0.07,0.06,0.06,0.25,-2.3,-1.6,19.5,56.57,-1.45,0.000000,0.000000,0,1,7.88,0.00
271162,0.00,0.00,-0.07,0.00,0.06,-0.06,-2.3,-1.6,19.5,56.57,-1.51,0.000000,0.000000,0,1,7.88,0.00
271468,0.01,0.00,-0.05,0.06,-0.43,0.18,-2.3,-1.6,19.5,56.58,-1.60,0.000000,0.000000,0,1,7.88,0.00
272080,-0.00,-0.02,-0.05,-0.12,0.00,-0.31,-2.3,-1.6,19.5,56.59,-1.69,0.000000,0.000000,0,1,7.88,0.00
272386,0.00,0.00,-0.05,-0.18,0.00,0.00,-2.3,-1.6,19.5,56.59,-1.72,0.000000,0.000000,0,1,7.88,0.00
272692,0.01,0.00,-0.05,0.12,0.06,-0.12,-2.3,-1.6,19.5,56.60,-1.71,0.000000,0.000000,0,1,7.88,0.00
273304,0.00,-0.00,-0.07,-0.18,-0.12,-0.12,-2.3,-1.6,19.5,56.61,-1.74,0.000000,0.000000,0,1,7.88,0.00
273916,0.00,0.00,-0.09,0.06,0.00,-0.06,-2.3,-1.6,19.5,56.62,-1.67,0.000000,0.000000,0,1,7.88,0.00
274222,0.00,0.00,-0.07,0.00,-0.18,-0.06,-2.3,-1.6,19.5,56.62,-1.66,0.000000,0.000000,0,1,7.88,0.00
274528,0.00,0.00,-0.07,0.06,0.06,0.06,-2.3,-1.6,19.5,56.63,-1.68,0.000000,0.000000,0,1,7.88,0.00
274834,0.00,0.00,-0.07,0.18,0.12,0.06,-2.3,-1.6,19.5,56.63,-1.68,0.000000,0.000000,0,1,7.88,0.00
275446,-0.00,0.00,-0.07,0.00,0.12,-0.12,-2.3,-1.6,19.5,56.64,-1.62,0.000000,0.000000,0,1,7.88,0.00
275752,-0.00,0.00,-0.07,-0.06,-0.06,0.18,-2.3,-1.6,19.5,56.64,-1.58,0.000000,0.000000,0,1,7.88,0.00
276058,0.00,0.00,-0.10,0.06,0.06,0.00,-2.3,-1.6,19.5,56.64,-1.56,0.000000,0.000000,0,1,7.88,0.00
276364,0.00,0.02,-0.10,0.12,0.00,0.06,-2.3,-1.6,19.5,56.64,-1.53,0.000000,0.000000,0,1,7.88,0.00
276976,0.00,0.00,-0.05,-0.12,-0.18,-0.18,-2.3,-1.6,19.5,56.65,-1.46,0.000000,0.000000,0,1,7.88,0.00
277282,0.00,-0.00,-0.07,-0.12,0.00,0.12,-2.3,-1.6,19.5,56.65,-1.44,0.000000,0.000000,0,1,7.88,0.00
277894,0.00,0.00,-0.09,0.00,0.00,-0.06,-2.3,-1.6,19.5,56.66,-1.43,0.000000,0.000000,0,1,7.88,0.00
278200,0.00,0.00,-0.07,0.00,-0.18,-0.06,-2.3,-1.6,19.5,56.66,-1.43,0.000000,0.000000,0,1,7.88,0.00
278506,0.00,0.00,-0.11,0.06,-0.12,-0.18,-2.3,-1.6,19.5,56.67,-1.46,0.000000,0.000000,0,1,7.88,0.00
278812,-0.00,0.00,-0.10,-0.06,0.06,0.00,-2.3,-1.6,19.5,56.67,-1.45,0.000000,0.000000,0,1,7.88,0.00
279424,0.00,0.00,-0.05,0.06,-0.06,0.12,-2.3,-1.6,19.5,56.67,-1.32,0.000000,0.000000,0,1,7.88,0.00
279730,0.01,0.00,-0.05,0.06,-0.06,-0.06,-2.3,-1.6,19.5,56.67,-1.26,0.000000,0.000000,0,1,7.88,0.00
280036,0.00,0.00,-0.07,0.06,-0.06,-0.06,-2.3,-1.6,19.5,56.68,-1.23,0.000000,0.000000,0,1,7.88,0.00
280648,0.00,-0.01,-0.07,0.12,0.06,0.00,-2.3,-1.6,19.5,56.68,-1.17,0.000000,0.000000,0,1,7.88,0.00
280954,0.00,-0.00,-0.07,-0.12,-0.06,-0.06,-2.3,-1.6,19.5,56.68,-1.20,0.000000,0.000000,0,1,7.88,0.00
281260,0.00,0.00,-0.11,0.00,0.06,0.12,-2.3,-1.6,19.5,56.68,-1.28,0.000000,0.000000,0,1,7.88,0.00
281566,0.00,0.00,-0.11,0.12,-0.06,0.06,-2.3,-1.6,19.5,56.68,-1.36,0.000000,0.000000,0,1,7.88,0.00
281872,-0.00,-0.01,-0.09,0.06,-0.12,0.12,-2.3,-1.6,19.5,56.69,-1.40,0.000000,0.000000,0,1,7.88,0.00
282484,0.00,-0.00,-0.07,0.12,0.00,0.00,-2.3,-1.6,19.5,56.69,-1.45,0.000000,0.000000,0,1,7.87,0.00
282790,0.00,-0.00,-0.07,0.00,0.06,0.18,-2.3,-1.6,19.5,56.70,-1.47,0.000000,0.000000,0,1,7.87,0.00
283096,0.00,0.00,-0.07,0.00,0.06,0.00,-2.3,-1.6,19.5,56.70,-1.49,0.000000,0.000000,0,1,7.87,0.00
283402,0.00,0.00,-0.07,0.00,0.06,0.18,-2.3,-1.6,19.5,56.70,-1.52,0.000000,0.000000,0,1,7.87,0.00
284014,0.00,0.00,-0.12,0.06,-0.12,0.06,-2.3,-1.6,19.5,56.71,-1.52,0.000000,0.000000,0,1,7.87,0.00
284320,0.00,0.00,-0.11,0.12,0.18,0.12,-2.3,-1.6,19.5,56.72,-1.55,0.000000,0.000000,0,1,7.87,0.00
284932,0.00,0.00,-0.10,-0.18,-0.06,-0.06,-2.3,-1.6,19.5,56.73,-1.69,0.000000,0.000000,0,1,7.88,0.00
285238,0.00,-0.00,-0.03,-0.06,0.12,0.00,-2.3,-1.6,19.5,56.73,-1.74,0.000000,0.000000,0,1,7.88,0.00
285544,0.00,-0.00,-0.05,0.00,-0.18,0.06,-2.3,-1.6,19.5,56.74,-1.76,0.000000,0.000000,0,1,7.88,0.00
285850,0.00,0.00,-0.07,0.12,-0.12,0.06,-2.3,-1.6,19.5,56.74,-1.67,0.000000,0.000000,0,1,7.88,0.00
286462,0.00,0.00,-0.07,0.00,0.12,-0.18,-2.3,-1.6,19.5,56.75,-1.64,0.000000,0.000000,0,1,7.88,0.00
286768,0.00,0.00,-0.07,-0.06,0.06,0.25,-2.3,-1.6,19.5,56.76,-1.60,0.000000,0.000000,0,1,7.88,0.00
287074,0.00,0.00,-0.10,0.06,-0.12,0.06,-2.3,-1.6,19.5,56.76,-1.56,0.000000,0.000000,0,1,7.88,0.00
287686,0.00,0.00,-0.03,-0.12,0.00,-0.18,-2.3,-1.6,19.5,56.76,-1.44,0.000000,0.000000,0,1,7.88,0.00
287992,0.00,-0.00,-0.05,0.18,-0.06,-0.06,-2.3,-1.6,19.5,56.76,-1.37,0.000000,0.000000,0,1,7.88,0.00
288298,-0.00,0.00,-0.07,0.00,-0.18,-0.18,-2.3,-1.6,19.5,56.76,-1.35,0.000000,0.000000,0,1,7.88,0.00
288604,0.00,0.00,-0.07,0.00,0.18,0.00,-2.3,-1.6,19.5,56.77,-1.41,0.000000,0.000000,0,1,7.88,0.00
289216,0.00,0.00,-0.10,0.00,-0.12,0.00,-2.3,-1.6,19.5,56.77,-1.39,0.000000,0.000000,0,1,7.88,0.00
289522,0.00,-0.02,-0.10,0.06,-0.12,0.06,-2.3,-1.6,19.5,56.78,-1.39,0.000000,0.000000,0,1,7.87,0.00
289828,0.00,0.00,-0.09,-0.12,0.06,-0.18,-2.3,-1.6,19.5,56.78,-1.41,0.000000,0.000000,0,1,7.87,0.00
290134,-0.00,0.00,-0.07,0.00,-0.06,0.18,-2.3,-1.6,19.5,56.78,-1.48,0.000000,0.000000,0,1,7.87,0.00
290440,0.00,0.00,-0.07,-0.06,-0.12,-0.12,-2.3,-1.6,19.5,56.79,-1.51,0.000000,0.000000,0,1,7.87,0.00
290746,0.00,0.00,-0.05,0.00,0.12,0.12,-2.3,-1.6,19.5,56.79,-1.48,0.000000,0.000000,0,1,7.87,0.00
291052,0.02,0.00,-0.07,0.06,0.00,-0.06,-2.3,-1.6,19.5,56.79,-1.53,0.000000,0.000000,0,1,7.87,0.00
291358,0.00,0.00,-0.07,0.06,-0.06,0.06,-2.3,-1.6,19.5,56.80,-1.57,0.000000,0.000000,0,1,7.87,0.00
291970,-0.00,0.00,-0.05,0.00,0.00,0.06,-2.3,-1.6,19.5,56.81,-1.52,0.000000,0.000000,0,1,7.87,0.00
292276,0.00,-0.01,-0.07,0.00,-0.06,-0.06,-2.3,-1.6,19.5,56.81,-1.52,0.000000,0.000000,0,1,7.87,0.00
292888,0.00,-0.00,-0.11,0.06,-0.25,-0.06,-2.3,-1.6,19.5,56.81,-1.46,0.000000,0.000000,0,1,7.87,0.00
293194,-0.00,0.00,-0.05,-0.18,0.06,-0.06,-2.3,-1.6,19.5,56.81,-1.46,0.000000,0.000000,0,1,7.87,0.00
293500,0.00,0.00,-0.07,-0.06,-0.06,0.06,-2.3,-1.6,19.5,56.82,-1.44,0.000000,0.000000,0,1,7.87,0.00
293806,0.00,0.00,-0.05,0.06,0.25,0.25,-2.3,-1.6,19.5,56.82,-1.42,0.000000,0.000000,0,1,7.87,0.00
294112,0.02,0.00,-0.10,0.00,-0.06,0.06,-2.3,-1.6,19.5,56.82,-1.37,0.000000,0.000000,0,1,7.87,0.00
294418,0.00,0.00,-0.07,0.00,0.06,0.06,-2.3,-1.6,19.5,56.82,-1.34,0.000000,0.000000,0,1,7.87,0.00
295030,-0.00,0.00,-0.07,0.06,-0.12,0.18,-2.3,-1.6,19.5,56.82,-1.22,0.000000,0.000000,0,1,7.87,0.00
295336,0.00,0.00,-0.10,0.06,0.12,0.00,-2.3,-1.6,19.5,56.83,-1.22,0.000000,0.000000,0,1,7.87,0.00
295642,0.00,0.00,-0.07,0.00,-0.06,0.06,-2.3,-1.6,19.5,56.83,-1.25,0.000000,0.000000,0,1,7.88,0.00
295948,0.00,0.00,-0.07,0.00,-0.06,-0.06,-2.3,-1.6,19.5,56.83,-1.34,0.000000,0.000000,0,1,7.88,0.00
296254,0.00,0.00,-0.05,-0.12,0.12,0.00,-2.3,-1.6,19.5,56.83,-1.39,0.000000,0.000000,0,1,7.88,0.00
296560,-0.00,0.00,-0.05,0.18,0.06,-0.12,-2.3,-1.6,19.5,56.84,-1.42,0.000000,0.000000,0,1,7.88,0.00
296866,0.00,-0.00,-0.07,0.06,-0.12,0.12,-2.3,-1.6,19.5,56.84,-1.42,0.000000,0.000000,0,1,7.88,0.00
297172,0.00,0.00,-0.07,0.00,-0.12,-0.12,-2.3,-1.6,19.5,56.85,-1.40,0.000000,0.000000,0,1,7.88,0.00
297478,-0.00,0.00,-0.05,0.00,-0.12,0.00,-2.3,-1.6,19.5,56.85,-1.37,0.000000,0.000000,0,1,7.88,0.00
298090,0.00,-0.00,-0.07,0.06,0.06,-0.12,-2.3,-1.6,19.5,56.85,-1.35,0.000000,0.000000,0,1,7.88,0.00
298396,0.00,0.00,-0.07,0.06,0.12,-0.12,-2.3,-1.6,19.5,56.85,-1.36,0.000000,0.000000,0,1,7.88,0.00
298702,0.00,0.00,-0.09,-0.06,0.00,-0.12,-2.3,-1.6,19.5,56.86,-1.38,0.000000,0.000000,0,1,7.88,0.00
299008,0.01,-0.00,-0.07,0.00,-0.18,0.00,-2.3,-1.6,19.5,56.86,-1.42,0.000000,0.000000,0,1,7.88,0.00
299314,0.00,0.00,-0.07,0.00,-0.06,0.06,-2.3,-1.6,19.5,56.86,-1.43,0.000000,0.000000,0,1,7.88,0.00
299620,0.00,0.00,-0.07,-0.06,0.00,-0.12,-2.3,-1.6,19.5,56.87,-1.40,0.000000,0.000000,0,1,7.87,0.00
299926,0.00,0.00,-0.07,0.12,0.06,0.00,-2.3,-1.6,19.5,56.87,-1.38,0.000000,0.000000,0,1,7.87,0.00
300232,0.00,0.00,-0.09,0.12,-0.12,-0.18,-2.3,-1.6,19.5,56.87,-1.39,0.000000,0.000000,0,1,7.87,0.00
300538,0.00,0.00,-0.07,-0.12,-0.18,-0.06,-2.3,-1.6,19.5,56.88,-1.39,0.000000,0.000000,0,1,7.87,0.00
300844,0.01,0.00,-0.07,0.06,-0.31,-0.12,-2.3,-1.6,19.5,56.88,-1.40,0.000000,0.000000,0,1,7.87,0.00
301150,0.01,0.00,-0.07,0.06,0.00,0.18,-2.3,-1.6,19.5,56.88,-1.39,0.000000,0.000000,0,1,7.87,0.00
301456,0.00,0.00,-0.07,0.06,-0.06,-0.12,-2.3,-1.6,19.5,56.88,-1.40,0.000000,0.000000,0,1,7.87,0.00
301762,0.00,0.00,-0.07,0.06,0.25,0.06,-2.3,-1.6,19.5,56.89,-1.41,0.000000,0.000000,0,1,7.88,0.00
302068,0.00,0.00,-0.09,-0.06,-0.06,0.12,-2.3,-1.6,19.5,56.89,-1.40,0.000000,0.000000,0,1,7.88,0.00
302374,0.00,-0.00,-0.10,0.00,0.12,-0.18,-2.3,-1.6,19.5,56.90,-1.40,0.000000,0.000000,0,1,7.88,0.00
302680,0.00,0.00,-0.10,-0.12,0.12,0.12,-2.3,-1.6,19.5,56.90,-1.41,0.000000,0.000000,0,1,7.88,0.00
302986,0.00,0.00,-0.11,0.00,0.00,0.06,-2.3,-1.6,19.5,56.90,-1.42,0.000000,0.000000,0,1,7.88,0.00
303292,0.00,0.00,-0.07,0.06,-0.06,-0.06,-2.3,-1.6,19.5,56.91,-1.44,0.000000,0.000000,0,1,7.88,0.00
303598,0.00,0.00,-0.07,-0.06,-0.12,0.18,-2.3,-1.6,19.5,56.91,-1.46,0.000000,0.000000,0,1,7.88,0.00
303904,0.00,0.00,-0.07,0.12,0.06,-0.12,-2.3,-1.6,19.5,56.91,-1.46,0.000000,0.000000,0,1,7.87,0.00
304210,0.00,-0.01,-0.07,0.06,0.12,0.06,-2.3,-1.6,19.5,56.92,-1.45,0.000000,0.000000,0,1,7.87,0.00
304516,-0.00,-0.00,-0.07,0.12,-0.06,-0.12,-2.3,-1.6,19.5,56.92,-1.45,0.000000,0.000000,0,1,7.87,0.00
304822,0.00,0.00,-0.07,0.06,0.00,0.18,-2.3,-1.6,19.5,56.92,-1.45,0.000000,0.000000,0,1,7.88,0.00
305434,0.00,0.00,-0.07,0.00,-0.12,0.06,-2.3,-1.6,19.5,56.93,-1.45,0.000000,0.000000,0,1,7.88,0.00
305740,0.00,0.00,-0.09,0.00,0.00,-0.06,-2.3,-1.6,19.5,56.94,-1.45,0.000000,0.000000,0,1,7.87,0.00
306046,-0.00,0.00,-0.11,0.00,0.18,-0.06,-2.3,-1.6,19.5,56.94,-1.46,0.000000,0.000000,0,1,7.87,0.00
306352,0.00,-0.00,-0.09,0.00,0.18,-0.18,-2.3,-1.6,19.5,56.95,-1.45,0.000000,0.000000,0,1,7.87,0.00
306658,0.00,0.00,-0.09,0.06,-0.12,-0.18,-2.3,-1.6,19.5,56.95,-1.43,0.000000,0.000000,0,1,7.87,0.00
306964,-0.00,0.00,-0.07,0.00,-0.12,0.06,-2.3,-1.6,19.5,56.95,-1.42,0.000000,0.000000,0,1,7.88,0.00
307270,0.00,0.00,-0.07,-0.06,0.00,0.00,-2.3,-1.6,19.5,56.95,-1.40,0.000000,0.000000,0,1,7.88,0.00
307576,0.00,0.00,-0.07,0.06,0.00,0.00,-2.3,-1.6,19.5,56.96,-1.39,0.000000,0.000000,0,1,7.88,0.00
307882,0.00,0.00,-0.07,0.18,-0.18,0.00,-2.3,-1.6,19.5,56.96,-1.41,0.000000,0.000000,0,1,7.87,0.00
308188,0.00,0.00,-0.07,0.06,-0.18,0.31,-2.3,-1.6,19.5,56.96,-1.44,0.000000,0.000000,0,1,7.87,0.00
308494,0.00,0.00,-0.07,0.06,0.06,0.12,-2.3,-1.6,19.5,56.97,-1.40,0.000000,0.000000,0,1,7.87,0.00
308800,-0.00,-0.00,-0.10,0.00,0.00,0.12,-2.3,-1.6,19.5,56.97,-1.41,0.000000,0.000000,0,1,7.87,0.00
309106,-0.00,0.00,-0.09,0.06,-0.12,0.06,-2.3,-1.6,19.5,56.97,-1.42,0.000000,0.000000,0,1,7.87,0.00
309412,0.00,0.00,-0.07,0.18,0.00,0.18,-2.3,-1.6,19.5,56.98,-1.45,0.000000,0.000000,0,1,7.87,0.00
309718,0.00,0.00,-0.07,-0.12,0.00,-0.12,-2.3,-1.6,19.5,56.98,-1.47,0.000000,0.000000,0,1,7.88,0.00
310330,0.00,0.00,-0.07,0.06,0.18,0.06,-2.3,-1.6,19.5,56.99,-1.45,0.000000,0.000000,0,1,7.88,0.00
310636,0.00,0.00,-0.07,0.06,-0.06,-0.25,-2.3,-1.6,19.5,57.00,-1.44,0.000000,0.000000,0,1,7.88,0.00
310942,-0.00,-0.00,-0.07,0.12,-0.18,-0.12,-2.3,-1.6,19.5,57.00,-1.45,0.000000,0.000000,0,1,7.87,0.00
311248,0.00,0.00,-0.07,0.00,-0.12,0.31,-2.3,-1.6,19.5,57.00,-1.43,0.000000,0.000000,0,1,7.87,0.00
311554,-0.00,-0.01,-0.09,0.06,-0.06,-0.12,-2.3,-1.6,19.5,57.01,-1.43,0.000000,0.000000,0,1,7.87,0.00
311860,0.00,0.00,-0.07,0.00,-0.25,0.06,-2.3,-1.6,19.5,57.01,-1.43,0.000000,0.000000,0,1,7.87,0.00
312166,0.00,0.00,-0.05,-0.06,0.06,-0.25,-2.3,-1.6,19.5,57.01,-1.43,0.000000,0.000000,0,1,7.87,0.00
312472,0.00,0.00,-0.05,0.00,0.00,-0.12,-2.3,-1.6,19.5,57.02,-1.41,0.000000,0.000000,0,1,7.87,0.00
312778,0.00,0.00,-0.05,0.12,-0.18,0.12,-2.3,-1.6,19.5,57.02,-1.43,0.000000,0.000000,0,1,7.87,0.00
313084,0.00,-0.00,-0.05,0.06,0.06,-0.18,-2.3,-1.6,19.5,57.03,-1.41,0.000000,0.000000,0,1,7.87,0.00
313390,0.00,0.01,-0.05,-0.12,-0.06,0.06,-2.3,-1.6,19.5,57.03,-1.40,0.000000,0.000000,0,1,7.87,0.00
313696,0.00,0.00,-0.07,0.06,0.06,0.12,-2.3,-1.6,19.5,57.03,-1.42,0.000000,0.000000,0,1,7.87,0.00
314002,-0.00,0.00,-0.07,-0.12,0.06,0.06,-2.3,-1.6,19.5,57.04,-1.42,0.000000,0.000000,0,1,7.86,0.00
314614,0.00,-0.02,-0.11,0.00,-0.06,0.12,-2.3,-1.6,19.5,57.04,-1.38,0.000000,0.000000,0,1,7.86,0.00
314920,0.00,0.00,-0.10,0.06,0.12,0.00,-2.3,-1.6,19.5,57.05,-1.38,0.000000,0.000000,0,1,7.87,0.00
315226,0.00,-0.01,-0.05,0.00,0.06,0.06,-2.3,-1.6,19.5,57.05,-1.41,0.000000,0.000000,0,1,7.87,0.00
315532,0.00,0.00,-0.07,0.06,0.00,0.12,-2.3,-1.6,19.5,57.06,-1.39,0.000000,0.000000,0,1,7.87,0.00
315838,0.00,0.00,-0.05,0.00,-0.06,0.00,-2.3,-1.6,19.5,57.06,-1.39,0.000000,0.000000,0,1,7.87,0.00
316144,0.01,-0.00,-0.07,-0.06,-0.18,0.12,-2.3,-1.6,19.5,57.06,-1.41,0.000000,0.000000,0,1,7.87,0.00
316450,0.00,0.00,-0.05,-0.06,-0.06,0.00,-2.3,-1.6,19.5,57.06,-1.41,0.000000,0.000000,0,1,7.87,0.00
316756,0.00,0.00,-0.07,-0.06,-0.06,0.06,-2.3,-1.6,19.5,57.07,-1.40,0.000000,0.000000,0,1,7.87,0.00
317062,0.00,0.00,-0.09,0.12,0.00,-0.06,-2.3,-1.6,19.5,57.07,-1.38,0.000000,0.000000,0,1,7.86,0.00
317368,0.00,0.00,-0.07,0.06,0.12,-0.18,-2.3,-1.6,19.5,57.07,-1.39,0.000000,0.000000,0,1,7.86,0.00
317674,0.00,0.00,-0.07,0.06,0.12,0.25,-2.3,-1.6,19.5,57.08,-1.41,0.000000,0.000000,0,1,7.86,0.00
317980,0.00,-0.01,-0.07,0.06,0.00,0.00,-2.3,-1.6,19.5,57.08,-1.43,0.000000,0.000000,0,1,7.87,0.00
318286,0.00,0.00,-0.07,0.00,0.18,-0.12,-2.3,-1.6,19.5,57.09,-1.46,0.000000,0.000000,0,1,7.87,0.00
318592,0.00,0.00,-0.05,0.06,0.00,0.18,-2.3,-1.6,19.5,57.09,-1.45,0.000000,0.000000,0,1,7.87,0.00
318898,0.00,0.00,-0.07,-0.06,0.00,-0.06,-2.3,-1.6,19.5,57.10,-1.44,0.000000,0.000000,0,1,7.87,0.00
319204,0.00,0.00,-0.07,0.00,-0.12,0.12,-2.3,-1.6,19.5,57.10,-1.43,0.000000,0.000000,0,1,7.87,0.00
319510,0.00,0.00,-0.07,0.06,0.00,-0.06,-2.3,-1.6,19.5,57.10,-1.42,0.000000,0.000000,0,1,7.87,0.00
319816,0.00,0.00,-0.07,0.06,-0.12,-0.06,-2.3,-1.6,19.5,57.11,-1.43,0.000000,0.000000,0,1,7.87,0.00
320122,0.00,-0.00,-0.10,0.12,-0.06,0.12,-2.3,-1.6,19.5,57.11,-1.45,0.000000,0.000000,0,1,7.87,0.00
320428,0.00,-0.00,-0.09,0.00,-0.18,0.18,-2.3,-1.6,19.5,57.11,-1.46,0.000000,0.000000,0,1,7.87,0.00
320734,0.00,0.00,-0.07,-0.06,0.12,0.06,-2.3,-1.6,19.5,57.12,-1.47,0.000000,0.000000,0,1,7.87,0.00
321040,0.00,0.00,-0.05,0.12,0.00,0.06,-2.3,-1.6,19.5,57.12,-1.47,0.000000,0.000000,0,1,7.87,0.00
321346,0.00,0.00,-0.07,0.00,-0.18,0.12,-2.3,-1.6,19.5,57.13,-1.46,0.000000,0.000000,0,1,7.87,0.00
321652,0.00,0.00,-0.03,-0.06,-0.12,0.06,-2.3,-1.6,19.5,57.13,-1.46,0.000000,0.000000,0,1,7.87,0.00
321958,-0.00,0.01,-0.07,0.00,-0.18,-0.31,-2.3,-1.6,19.5,57.14,-1.45,0.000000,0.000000,0,1,7.86,0.00
322264,0.00,0.00,-0.09,0.00,-0.18,0.06,-2.3,-1.6,19.5,57.14,-1.46,0.000000,0.000000,0,1,7.86,0.00
322570,0.00,0.00,-0.07,-0.12,0.06,-0.12,-2.3,-1.6,19.5,57.15,-1.46,0.000000,0.000000,0,1,7.86,0.00
322876,0.00,0.00,-0.07,0.00,-0.06,0.00,-2.3,-1.6,19.5,57.15,-1.47,0.000000,0.000000,0,1,7.90,0.00
323182,0.00,0.00,-0.07,0.06,-0.12,-0.06,-2.3,-1.6,19.5,57.16,-1.50,0.000000,0.000000,0,1,7.90,0.00
323488,0.00,0.01,-0.07,0.06,0.00,-0.06,-2.3,-1.6,19.5,57.16,-1.49,0.000000,0.000000,0,1,7.90,0.00
323794,0.00,-0.00,-0.05,-0.06,0.06,0.12,-2.3,-1.6,19.5,57.16,-1.51,0.000000,0.000000,0,1,7.90,0.00
324100,-0.01,0.00,-0.03,0.00,0.12,0.12,-2.3,-1.6,19.5,57.17,-1.52,0.000000,0.000000,0,1,7.87,0.00
324406,0.00,0.00,-0.07,-0.12,0.00,-0.12,-2.3,-1.6,19.5,57.17,-1.50,0.000000,0.000000,0,1,7.87,0.00
324712,0.00,0.00,-0.05,0.00,-0.06,0.00,-2.3,-1.6,19.5,57.18,-1.49,0.000000,0.000000,0,1,7.87,0.00
325018,0.00,0.00,-0.07,0.00,-0.12,0.00,-2.3,-1.6,19.5,57.18,-1.47,0.000000,0.000000,0,1,7.86,0.00
325324,0.00,0.00,-0.09,-0.06,-0.06,0.18,-2.3,-1.6,19.5,57.19,-1.46,0.000000,0.000000,0,1,7.86,0.00
325630,-0.00,0.00,-0.10,-0.06,-0.06,0.37,-2.3,-1.6,19.5,57.19,-1.46,0.000000,0.000000,0,1,7.86,0.00
325936,0.00,0.00,-0.07,0.06,0.00,-0.12,-2.3,-1.6,19.5,57.20,-1.47,0.000000,0.000000,0,1,7.87,0.00
326548,0.00,0.00,-0.07,-0.06,0.00,0.18,-2.3,-1.6,19.5,57.21,-1.46,0.000000,0.000000,0,1,7.87,0.00
326854,0.00,0.00,-0.05,0.00,-0.06,-0.06,-2.3,-1.6,19.5,57.21,-1.46,0.000000,0.000000,0,1,7.87,0.00
327160,0.00,0.00,-0.07,-0.06,0.06,-0.06,-2.3,-1.6,19.5,57.21,-1.47,0.000000,0.000000,0,1,7.87,0.00
327466,0.00,0.00,-0.09,0.12,0.06,0.18,-2.3,-1.6,19.5,57.22,-1.46,0.000000,0.000000,0,1,7.87,0.00
327772,0.00,0.00,-0.07,0.00,-0.06,0.12,-2.3,-1.6,19.5,57.22,-1.45,0.000000,0.000000,0,1,7.87,0.00
328078,0.00,0.03,-0.07,0.00,0.12,0.06,-2.3,-1.6,19.5,57.23,-1.44,0.000000,0.000000,0,1,7.88,0.00
328384,0.00,0.01,-0.09,0.06,0.06,-0.18,-2.3,-1.6,19.5,57.23,-1.42,0.000000,0.000000,0,1,7.88,0.00
328690,0.00,0.00,-0.07,0.06,-0.06,-0.12,-2.3,-1.6,19.5,57.24,-1.42,0.000000,0.000000,0,1,7.88,0.00
328996,0.00,0.00,-0.07,0.00,0.06,-0.12,-2.3,-1.6,19.5,57.24,-1.41,0.000000,0.000000,0,1,7.87,0.00
329302,0.00,0.00,-0.03,-0.18,0.00,-0.06,-2.3,-1.6,19.5,57.24,-1.42,0.000000,0.000000,0,1,7.87,0.00
329608,0.00,-0.00,-0.05,0.06,-0.06,-0.25,-2.3,-1.6,19.5,57.25,-1.42,0.000000,0.000000,0,1,7.87,0.00
329914,0.00,0.00,-0.05,0.06,0.06,-0.06,-2.3,-1.6,19.5,57.25,-1.42,0.000000,0.000000,0,1,7.87,0.00
330220,0.00,0.00,-0.07,0.12,0.06,0.12,-2.3,-1.6,19.5,57.25,-1.41,0.000000,0.000000,0,1,7.87,0.00
330526,-0.00,0.00,-0.07,-0.12,0.00,-0.06,-2.3,-1.6,19.5,57.26,-1.40,0.000000,0.000000,0,1,7.87,0.00
330832,0.00,-0.00,-0.10,0.06,0.06,0.06,-2.3,-1.6,19.5,57.26,-1.39,0.000000,0.000000,0,1,7.87,0.00
331138,0.00,0.00,-0.07,0.12,0.06,0.25,-2.3,-1.6,19.5,57.27,-1.40,0.000000,0.000000,0,1,7.87,0.00
331444,0.00,0.00,-0.07,0.06,-0.12,0.00,-2.3,-1.6,19.5,57.27,-1.41,0.000000,0.000000,0,1,7.87,0.00
331750,0.00,0.01,-0.07,0.18,0.12,0.06,-2.3,-1.6,19.5,57.28,-1.42,0.000000,0.000000,0,1,7.87,0.00
332056,0.00,-0.00,-0.09,0.00,0.06,0.06,-2.3,-1.6,19.5,57.28,-1.42,0.000000,0.000000,0,1,7.87,0.00
332362,-0.00,0.00,-0.07,-0.18,-0.06,-0.12,-2.3,-1.6,19.5,57.28,-1.44,0.000000,0.000000,0,1,7.87,0.00
332974,0.00,0.01,-0.03,0.00,0.12,-0.12,-2.3,-1.6,19.5,57.30,-1.47,0.000000,0.000000,0,1,7.87,0.00
333280,0.00,0.00,-0.07,0.00,-0.12,-0.06,-2.3,-1.6,19.5,57.30,-1.49,0.000000,0.000000,0,1,7.87,0.00
333586,0.00,-0.01,-0.10,0.06,0.12,-0.18,-2.3,-1.6,19.5,57.31,-1.49,0.000000,0.000000,0,1,7.87,0.00
333892,0.00,0.00,-0.07,0.18,0.12,0.06,-2.3,-1.6,19.5,57.31,-1.47,0.000000,0.000000,0,1,7.87,0.00
334198,0.00,-0.00,-0.09,0.00,-0.18,0.00,-2.3,-1.6,19.5,57.31,-1.45,0.000000,0.000000,0,1,7.87,0.00
334504,0.00,0.00,-0.05,0.06,0.06,0.06,-2.3,-1.6,19.5,57.32,-1.42,0.000000,0.000000,0,1,7.87,0.00
334810,0.00,0.00,-0.07,-0.06,0.12,0.00,-2.3,-1.6,19.5,57.32,-1.40,0.000000,0.000000,0,1,7.87,0.00
335116,0.00,0.00,-0.05,0.00,0.00,0.06,-2.3,-1.6,19.5,57.32,-1.37,0.000000,0.000000,0,1,7.87,0.00
335422,-0.00,0.00,-0.07,0.00,0.06,0.06,-2.3,-1.6,19.5,57.33,-1.35,0.000000,0.000000,0,1,7.87,0.00
335728,0.00,0.00,-0.05,0.00,0.12,-0.12,-2.3,-1.6,19.5,57.33,-1.39,0.000000,0.000000,0,1,7.87,0.00
336034,0.00,0.01,-0.07,0.00,0.00,0.12,-2.3,-1.6,19.5,57.34,-1.39,0.000000,0.000000,0,1,7.87,0.00
336340,0.00,0.00,-0.11,0.06,-0.06,-0.06,-2.3,-1.6,19.5,57.34,-1.38,0.000000,0.000000,0,1,7.87,0.00
336646,-0.00,0.00,-0.09,0.06,-0.12,0.00,-2.3,-1.6,19.5,57.34,-1.36,0.000000,0.000000,0,1,7.87,0.00
336952,0.00,0.00,-0.05,0.06,0.25,0.31,-2.3,-1.6,19.5,57.35,-1.35,0.000000,0.000000,0,1,7.87,0.00
337258,0.00,-0.00,-0.05,0.00,0.06,0.06,-2.3,-1.6,19.5,57.35,-1.31,0.000000,0.000000,0,1,7.87,0.00
337564,0.00,0.00,-0.07,0.12,-0.06,-0.18,-2.3,-1.6,19.5,57.35,-1.32,0.000000,0.000000,0,1,7.87,0.00
337870,-0.00,-0.00,-0.07,0.00,0.00,-0.18,-2.3,-1.6,19.5,57.36,-1.37,0.000000,0.000000,0,1,7.87,0.00
338176,0.00,0.00,-0.05,-0.06,-0.06,0.18,-2.3,-1.6,19.5,57.36,-1.36,0.000000,0.000000,0,1,7.87,0.00
338482,0.00,0.02,-0.05,0.06,0.00,0.06,-2.3,-1.6,19.5,57.36,-1.35,0.000000,0.000000,0,1,7.87,0.00
338788,-0.00,0.00,-0.09,0.12,0.06,0.00,-2.3,-1.6,19.5,57.37,-1.38,0.000000,0.000000,0,1,7.87,0.00
339094,0.00,0.00,-0.10,0.00,-0.06,-0.18,-2.3,-1.6,19.5,57.37,-1.40,0.000000,0.000000,0,1,7.87,0.00
339400,0.00,0.00,-0.07,-0.06,-0.12,-0.06,-2.3,-1.6,19.5,57.38,-1.35,0.000000,0.000000,0,1,7.87,0.00
339706,0.00,0.00,-0.05,0.12,0.12,0.00,-2.3,-1.6,19.5,57.38,-1.35,0.000000,0.000000,0,1,7.87,0.00
340012,0.00,0.00,-0.09,0.18,0.00,0.06,-2.3,-1.6,19.5,57.38,-1.31,0.000000,0.000000,0,1,7.87,0.00
340318,0.00,-0.00,-0.07,0.00,0.12,0.00,-2.3,-1.6,19.5,57.39,-1.44,0.000000,0.000000,0,1,7.87,0.00
340624,0.00,0.00,-0.07,0.06,-0.12,0.06,-2.3,-1.6,19.5,57.39,-1.50,0.000000,0.000000,0,1,7.87,0.00
340930,0.00,0.00,-0.07,-0.06,0.12,-0.25,-2.3,-1.6,19.5,57.40,-1.47,0.000000,0.000000,0,1,7.87,0.00
341236,0.00,0.00,-0.07,-0.06,-0.12,0.00,-2.3,-1.6,19.5,57.40,-1.43,0.000000,0.000000,0,1,7.87,0.00
341542,0.00,0.00,-0.07,0.06,0.00,-0.18,-2.3,-1.6,19.5,57.41,-1.45,0.000000,0.000000,0,1,7.87,0.00
341848,0.00,0.00,-0.07,0.00,0.12,-0.12,-2.3,-1.6,19.5,57.41,-1.45,0.000000,0.000000,0,1,7.87,0.00
342154,-0.00,0.00,-0.10,0.00,0.00,0.06,-2.3,-1.6,19.5,57.41,-1.47,0.000000,0.000000,0,1,7.87,0.00
342460,0.00,0.00,-0.07,0.18,-0.12,0.12,-2.3,-1.6,19.5,57.42,-1.45,0.000000,0.000000,0,1,7.87,0.00
342766,0.00,0.00,-0.07,0.06,0.00,0.00,-2.3,-1.6,19.5,57.42,-1.39,0.000000,0.000000,0,1,7.87,0.00
343072,0.00,0.00,-0.07,-0.12,0.06,0.06,-2.3,-1.6,19.5,57.43,-1.37,0.000000,0.000000,0,1,7.87,0.00
343378,0.00,-0.00,-0.07,0.00,0.12,-0.06,-2.3,-1.6,19.5,57.43,-1.35,0.000000,0.000000,0,1,7.87,0.00
343684,0.00,0.00,-0.07,0.06,0.18,0.00,-2.3,-1.6,19.5,57.43,-1.37,0.000000,0.000000,0,1,7.87,0.00
343990,-0.01,0.00,-0.07,-0.06,0.00,0.12,-2.3,-1.6,19.5,57.44,-1.36,0.000000,0.000000,0,1,7.87,0.00
344296,0.00,0.00,-0.07,0.06,0.06,-0.06,-2.3,-1.6,19.5,57.44,-1.31,0.000000,0.000000,0,1,7.86,0.00
344602,0.00,0.00,-0.07,0.00,0.00,-0.12,-2.3,-1.6,19.5,57.44,-1.33,0.000000,0.000000,0,1,7.86,0.00
344908,0.00,0.00,-0.07,-0.06,0.12,0.12,-2.3,-1.6,19.5,57.45,-1.36,0.000000,0.000000,0,1,7.86,0.00
345214,0.00,0.00,-0.07,0.00,0.00,0.00,-2.3,-1.6,19.5,57.45,-1.34,0.000000,0.000000,0,1,7.87,0.00
345520,0.00,-0.00,-0.07,0.00,-0.06,0.12,-2.3,-1.6,19.5,57.45,-1.34,0.000000,0.000000,0,1,7.87,0.00
345826,0.00,0.00,-0.05,-0.06,-0.06,0.00,-2.3,-1.6,19.5,57.45,-1.36,0.000000,0.000000,0,1,7.87,0.00
346132,0.00,0.00,-0.05,0.12,0.31,-0.12,-2.3,-1.6,19.5,57.46,-1.39,0.000000,0.000000,0,1,7.86,0.00
346438,0.00,0.00,-0.07,0.06,-0.12,-0.18,-2.3,-1.6,19.5,57.46,-1.45,0.000000,0.000000,0,1,7.86,0.00
346744,-0.00,0.00,-0.03,0.06,-0.06,-0.06,-2.3,-1.6,19.5,57.47,-1.48,0.000000,0.000000,0,1,7.86,0.00
347050,0.00,0.00,-0.05,0.06,-0.12,0.25,-2.3,-1.6,19.5,57.47,-1.48,0.000000,0.000000,0,1,7.86,0.00
347356,0.00,0.01,-0.10,-0.06,-0.12,-0.06,-2.3,-1.6,19.5,57.48,-1.46,0.000000,0.000000,0,1,7.86,0.00
347662,0.00,0.00,-0.09,0.06,0.00,-0.12,-2.3,-1.6,19.5,57.48,-1.44,0.000000,0.000000,0,1,7.86,0.00
347968,-0.00,0.00,-0.05,-0.06,-0.06,0.18,-2.3,-1.6,19.5,57.48,-1.45,0.000000,0.000000,0,1,7.86,0.00
348274,0.00,0.00,-0.05,0.06,0.00,0.00,-2.3,-1.6,19.5,57.49,-1.47,0.000000,0.000000,0,1,7.87,0.00
348580,0.00,0.00,-0.07,0.06,-0.12,0.06,-2.3,-1.6,19.5,57.49,-1.48,0.000000,0.000000,0,1,7.87,0.00
348886,0.00,-0.01,-0.07,-0.06,0.06,0.12,-2.3,-1.6,19.5,57.50,-1.50,0.000000,0.000000,0,1,7.87,0.00
349192,0.00,0.00,-0.05,-0.06,-0.06,0.00,-2.3,-1.6,19.5,57.51,-1.56,0.000000,0.000000,0,1,7.87,0.00
349498,0.00,0.00,-0.09,0.12,0.06,0.25,-2.3,-1.6,19.5,57.51,-1.60,0.000000,0.000000,0,1,7.87,0.00
349804,0.00,0.00,-0.03,0.00,-0.06,0.00,-2.3,-1.6,19.5,57.52,-1.55,0.000000,0.000000,0,1,7.87,0.00
350110,0.00,0.00,-0.07,0.12,-0.12,-0.12,-2.3,-1.6,19.5,57.52,-1.56,0.000000,0.000000,0,1,7.87,0.00
350416,0.00,0.00,-0.10,0.06,0.18,0.18,-2.3,-1.6,19.5,57.52,-1.58,0.000000,0.000000,0,1,7.87,0.00
350722,0.01,0.00,-0.09,-0.06,-0.06,0.06,-2.3,-1.6,19.5,57.53,-1.58,0.000000,0.000000,0,1,7.87,0.00
351028,0.00,0.01,-0.07,-0.12,0.06,0.00,-2.3,-1.6,19.5,57.53,-1.52,0.000000,0.000000,0,1,7.87,0.00
351334,0.00,-0.00,-0.07,0.06,-0.25,0.06,-2.3,-1.6,19.5,57.53,-1.40,0.000000,0.000000,0,1,7.87,0.00
351640,0.00,0.00,-0.07,0.00,-0.12,0.06,-2.3,-1.6,19.5,57.53,-1.30,0.000000,0.000000,0,1,7.87,0.00
351946,0.00,0.00,-0.07,0.00,-0.18,-0.18,-2.3,-1.6,19.5,57.53,-1.24,0.000000,0.000000,0,1,7.87,0.00
352252,0.00,0.00,-0.07,0.00,-0.06,0.06,-2.3,-1.6,19.5,57.54,-1.18,0.000000,0.000000,0,1,7.87,0.00
352558,0.00,-0.00,-0.07,-0.06,0.06,0.06,-2.3,-1.6,19.5,57.54,-1.17,0.000000,0.000000,0,1,7.87,0.00
352864,0.00,0.00,-0.09,0.12,0.18,0.06,-2.3,-1.6,19.5,57.54,-1.20,0.000000,0.000000,0,1,7.87,0.00
353170,0.00,0.00,-0.07,0.12,-0.06,-0.25,-2.3,-1.6,19.5,57.54,-1.28,0.000000,0.000000,0,1,7.87,0.00
353476,0.00,0.00,-0.07,0.00,0.00,-0.12,-2.3,-1.6,19.5,57.55,-1.30,0.000000,0.000000,0,1,7.87,0.00
353782,0.00,0.00,-0.07,0.06,0.06,0.00,-2.3,-1.6,19.5,57.55,-1.33,0.000000,0.000000,0,1,7.87,0.00
354088,0.00,0.00,-0.07,0.12,0.00,0.00,-2.3,-1.6,19.5,57.55,-1.32,0.000000,0.000000,0,1,7.87,0.00
354394,0.00,0.00,-0.07,0.00,-0.12,0.12,-2.3,-1.6,19.5,57.56,-1.29,0.000000,0.000000,0,1,7.87,0.00
354700,-0.00,0.00,-0.03,0.00,0.00,0.06,-2.3,-1.6,19.5,57.56,-1.25,0.000000,0.000000,0,1,7.87,0.00
355006,0.00,0.00,-0.05,0.06,0.06,-0.06,-2.3,-1.6,19.5,57.56,-1.23,0.000000,0.000000,0,1,7.87,0.00
355312,0.00,0.00,-0.05,0.06,0.25,0.00,-2.3,-1.6,19.5,57.56,-1.23,0.000000,0.000000,0,1,7.86,0.00
355618,-0.00,0.00,-0.07,0.12,-0.18,-0.18,-2.3,-1.6,19.5,57.57,-1.27,0.000000,0.000000,0,1,7.86,0.00
355924,0.00,0.00,-0.10,-0.06,-0.18,0.25,-2.3,-1.6,19.5,57.57,-1.32,0.000000,0.000000,0,1,7.86,0.00
356230,0.00,0.00,-0.09,0.06,0.00,-0.18,-2.3,-1.6,19.5,57.58,-1.41,0.000000,0.000000,0,1,7.87,0.00
356536,0.00,0.00,-0.05,0.06,-0.06,0.12,-2.3,-1.6,19.5,57.58,-1.43,0.000000,0.000000,0,1,7.87,0.00
356842,0.00,0.00,-0.09,-0.12,-0.12,-0.31,-2.3,-1.6,19.5,57.58,-1.42,0.000000,0.000000,0,1,7.87,0.00
357148,0.00,0.00,-0.07,0.00,0.06,-0.12,-2.3,-1.6,19.5,57.59,-1.38,0.000000,0.000000,0,1,7.87,0.00
357454,0.00,0.00,-0.05,0.12,0.06,0.12,-2.3,-1.6,19.5,57.59,-1.38,0.000000,0.000000,0,1,7.86,0.00
357760,0.00,-0.00,-0.07,-0.06,0.06,-0.25,-2.3,-1.6,19.5,57.59,-1.37,0.000000,0.000000,0,1,7.86,0.00
358066,0.00,0.00,-0.05,0.00,-0.06,0.00,-2.3,-1.6,19.5,57.59,-1.33,0.000000,0.000000,0,1,7.86,0.00
358372,0.00,0.00,-0.09,-0.06,0.00,-0.18,-2.3,-1.6,19.5,57.60,-1.32,0.000000,0.000000,0,1,7.87,0.00
358678,0.00,0.00,-0.07,0.00,0.18,0.06,-2.3,-1.6,19.5,57.60,-1.32,0.000000,0.000000,0,1,7.87,0.00
358984,0.00,0.00,-0.07,-0.06,0.00,0.00,-2.3,-1.6,19.5,57.60,-1.29,0.000000,0.000000,0,1,7.87,0.00
359290,0.00,-0.00,-0.07,0.06,0.06,0.00,-2.3,-1.6,19.5,57.60,-1.28,0.000000,0.000000,0,1,7.87,0.00
359596,0.01,0.00,-0.07,-0.06,0.12,0.18,-2.3,-1.6,19.5,57.61,-1.26,0.000000,0.000000,0,1,7.87,0.00
359902,0.00,0.00,-0.05,-0.06,0.12,0.06,-2.3,-1.6,19.5,57.61,-1.27,0.000000,0.000000,0,1,7.87,0.00
360208,0.00,0.00,-0.07,-0.06,0.00,0.00,-2.3,-1.6,19.5,57.61,-1.27,0.000000,0.000000,0,1,7.86,0.00
360514,0.00,0.00,-0.05,0.06,-0.18,-0.25,-2.3,-1.6,19.5,57.61,-1.33,0.000000,0.000000,0,1,7.86,0.00
360820,0.00,-0.00,-0.07,0.00,0.06,-0.18,-2.3,-1.6,19.5,57.62,-1.37,0.000000,0.000000,0,1,7.86,0.00
361126,0.00,0.00,-0.05,0.00,0.12,-0.06,-2.3,-1.6,19.5,57.62,-1.34,0.000000,0.000000,0,1,7.86,0.00
361432,0.00,0.00,-0.05,-0.06,0.00,0.12,-2.3,-1.6,19.5,57.62,-1.28,0.000000,0.000000,0,1,7.86,0.00
361738,0.00,0.00,-0.07,-0.12,0.06,-0.06,-2.3,-1.6,19.5,57.63,-1.25,0.000000,0.000000,0,1,7.86,0.00
362044,-0.01,-0.00,-0.03,0.06,0.00,0.18,-2.3,-1.6,19.5,57.63,-1.23,0.000000,0.000000,0,1,7.86,0.00
362350,0.00,0.02,-0.07,0.00,0.00,0.18,-2.3,-1.6,19.5,57.63,-1.24,0.000000,0.000000,0,1,7.86,0.00
362656,0.00,0.00,-0.07,0.12,-0.18,-0.12,-2.3,-1.6,19.5,57.64,-1.30,0.000000,0.000000,0,1,7.86,0.00
362962,0.00,0.00,-0.07,0.00,-0.06,0.12,-2.3,-1.6,19.5,57.64,-1.41,0.000000,0.000000,0,1,7.86,0.00
363268,0.00,0.00,-0.07,-0.06,-0.12,0.31,-2.3,-1.6,19.5,57.64,-1.50,0.000000,0.000000,0,1,7.86,0.00
363574,0.00,0.01,-0.05,-0.06,0.00,-0.06,-2.3,-1.6,19.5,57.65,-1.52,0.000000,0.000000,0,1,7.86,0.00
363880,0.00,0.00,-0.07,0.00,0.06,0.00,-2.3,-1.6,19.5,57.65,-1.47,0.000000,0.000000,0,1,7.86,0.00
364186,0.00,0.00,-0.09,0.00,0.25,0.25,-2.3,-1.6,19.5,57.66,-1.41,0.000000,0.000000,0,1,7.86,0.00
364492,-0.00,0.01,-0.05,0.00,0.06,-0.18,-2.3,-1.6,19.5,57.66,-1.32,0.000000,0.000000,0,1,7.86,0.00
364798,0.00,0.00,-0.05,0.06,0.06,0.12,-2.3,-1.6,19.5,57.66,-1.26,0.000000,0.000000,0,1,7.86,0.00
365104,0.00,0.00,-0.05,0.06,-0.06,-0.06,-2.3,-1.6,19.5,57.66,-1.27,0.000000,0.000000,0,1,7.86,0.00
365410,0.00,-0.00,-0.07,0.25,0.12,0.00,-2.3,-1.6,19.5,57.66,-1.29,0.000000,0.000000,0,1,7.86,0.00
365716,0.01,0.00,-0.07,0.00,0.06,-0.06,-2.3,-1.6,19.5,57.66,-1.25,0.000000,0.000000,0,1,7.86,0.00
366022,0.00,0.00,-0.07,0.00,-0.06,0.06,-2.3,-1.6,19.5,57.67,-1.19,0.000000,0.000000,0,1,7.86,0.00
366328,0.00,-0.01,-0.05,0.06,-0.12,-0.06,-2.3,-1.6,19.5,57.67,-1.14,0.000000,0.000000,0,1,7.87,0.00
366634,-0.01,0.00,-0.05,-0.06,0.00,0.06,-2.3,-1.6,19.5,57.67,-1.20,0.000000,0.000000,0,1,7.87,0.00
366940,0.00,0.01,-0.07,0.00,-0.06,-0.06,-2.3,-1.6,19.5,57.67,-1.24,0.000000,0.000000,0,1,7.87,0.00
367246,0.00,0.01,-0.07,0.00,0.00,-0.06,-2.3,-1.6,19.5,57.68,-1.24,0.000000,0.000000,0,1,7.87,0.00
367552,0.00,0.00,-0.09,0.12,-0.06,0.12,-2.3,-1.6,19.5,57.68,-1.23,0.000000,0.000000,0,1,7.86,0.00
367858,-0.01,0.00,-0.07,-0.06,0.12,0.00,-2.3,-1.6,19.5,57.68,-1.23,0.000000,0.000000,0,1,7.86,0.00
368164,0.00,0.01,-0.05,0.12,0.00,0.12,-2.3,-1.6,19.5,57.68,-1.27,0.000000,0.000000,0,1,7.86,0.00
368470,0.00,0.00,-0.05,0.00,0.06,0.00,-2.3,-1.6,19.5,57.69,-1.25,0.000000,0.000000,0,1,7.86,0.00
368776,0.00,0.00,-0.03,0.00,-0.18,-0.06,-2.3,-1.6,19.5,57.69,-1.26,0.000000,0.000000,0,1,7.86,0.00
369082,-0.00,0.00,-0.10,-0.06,-0.06,-0.12,-2.3,-1.6,19.5,57.69,-1.14,0.000000,0.000000,0,1,7.86,0.00
369388,0.00,0.00,-0.07,0.00,0.00,0.00,-2.3,-1.6,19.5,57.69,-0.97,0.000000,0.000000,0,1,7.86,0.00
369694,0.00,0.00,-0.10,0.06,-0.25,-0.06,-2.3,-1.6,19.5,57.69,-1.01,0.000000,0.000000,0,1,7.86,0.00
370000,0.00,0.00,-0.09,-0.12,-0.06,0.00,-2.3,-1.6,19.5,57.69,-1.14,0.000000,0.000000,0,1,7.86,0.00
370306,0.00,0.00,-0.07,-0.06,-0.12,0.06,-2.3,-1.6,19.5,57.69,-1.19,0.000000,0.000000,0,1,7.86,0.00
370612,0.00,-0.00,-0.05,0.06,-0.06,0.06,-2.3,-1.6,19.5,57.69,-1.18,0.000000,0.000000,0,1,7.86,0.00
370918,0.00,0.00,-0.05,0.00,-0.12,0.00,-2.3,-1.6,19.5,57.69,-1.21,0.000000,0.000000,0,1,7.86,0.00
371224,0.00,0.00,-0.07,0.00,-0.12,-0.06,-2.3,-1.6,19.5,57.70,-1.33,0.000000,0.000000,0,1,7.86,0.00
371530,0.00,-0.01,-0.07,0.06,0.37,0.06,-2.3,-1.6,19.5,57.70,-1.40,0.000000,0.000000,0,1,7.86,0.00
371836,0.00,-0.00,-0.05,0.12,0.00,0.25,-2.3,-1.6,19.5,57.71,-1.41,0.000000,0.000000,0,1,7.86,0.00
372142,0.00,0.00,-0.07,0.00,-0.25,0.12,-2.3,-1.6,19.5,57.71,-1.29,0.000000,0.000000,0,1,7.86,0.00
372448,0.00,0.00,-0.09,0.00,-0.18,0.18,-2.3,-1.6,19.5,57.71,-1.32,0.000000,0.000000,0,1,7.87,0.00
372754,0.00,0.02,-0.09,-0.06,0.18,0.06,-2.3,-1.6,19.5,57.71,-1.26,0.000000,0.000000,0,1,7.87,0.00
373060,0.00,0.00,-0.03,-0.18,0.12,0.06,-2.3,-1.6,19.5,57.72,-1.28,0.000000,0.000000,0,1,7.87,0.00
373366,0.00,0.01,-0.05,-0.12,0.12,-0.06,-2.3,-1.6,19.5,57.72,-1.38,0.000000,0.000000,0,1,7.86,0.00
373672,0.00,-0.00,-0.11,0.00,0.00,-0.18,-2.3,-1.6,19.5,57.72,-1.47,0.000000,0.000000,0,1,7.86,0.00
373978,0.00,-0.00,-0.05,0.06,-0.12,-0.12,-2.3,-1.6,19.5,57.73,-1.53,0.000000,0.000000,0,1,7.86,0.00
374284,0.00,0.00,-0.07,0.06,-0.06,0.25,-2.3,-1.6,19.5,57.73,-1.56,0.000000,0.000000,0,1,7.86,0.00
374590,0.00,0.00,-0.07,0.12,-0.06,0.00,-2.3,-1.6,19.5,57.74,-1.52,0.000000,0.000000,0,1,7.86,0.00
374896,0.00,0.00,-0.07,-0.06,-0.06,0.12,-2.3,-1.6,19.5,57.74,-1.49,0.000000,0.000000,0,1,7.86,0.00
375202,0.00,-0.01,-0.09,0.00,-0.12,-0.18,-2.3,-1.6,19.5,57.75,-1.45,0.000000,0.000000,0,1,7.86,0.00
375508,0.00,0.00,-0.07,0.00,0.00,-0.25,-2.3,-1.6,19.5,57.75,-1.35,0.000000,0.000000,0,1,7.86,0.00
375814,-0.00,-0.01,-0.05,0.00,0.00,0.00,-2.3,-1.6,19.5,57.75,-1.29,0.000000,0.000000,0,1,7.86,0.00
376120,0.00,-0.00,-0.05,0.06,-0.06,0.06,-2.3,-1.6,19.5,57.75,-1.23,0.000000,0.000000,0,1,7.86,0.00
376426,0.00,0.00,-0.07,-0.12,-0.06,-0.06,-2.3,-1.6,19.5,57.75,-1.25,0.000000,0.000000,0,1,7.87,0.00
376732,0.00,0.00,-0.09,0.00,-0.12,0.18,-2.3,-1.6,19.5,57.76,-1.26,0.000000,0.000000,0,1,7.87,0.00
377038,0.00,0.00,-0.01,-0.06,0.06,-0.06,-2.3,-1.6,19.5,57.76,-1.25,0.000000,0.000000,0,1,7.87,0.00
377344,0.01,0.01,-0.03,-0.12,-0.12,-0.06,-2.3,-1.6,19.5,57.76,-1.21,0.000000,0.000000,0,1,7.87,0.00
377650,0.00,0.00,-0.05,0.00,-0.25,0.06,-2.3,-1.6,19.5,57.76,-1.21,0.000000,0.000000,0,1,7.86,0.00
377956,0.00,0.01,-0.09,0.12,-0.12,0.12,-2.3,-1.6,19.5,57.77,-1.21,0.000000,0.000000,0,1,7.86,0.00
378262,0.00,0.01,-0.05,-0.12,0.18,-0.06,-2.3,-1.6,19.5,57.77,-1.22,0.000000,0.000000,0,1,7.86,0.00
378568,0.00,0.00,-0.07,0.00,-0.12,0.06,-2.3,-1.6,19.5,57.77,-1.28,0.000000,0.000000,0,1,7.89,0.00
378874,0.00,-0.00,-0.07,0.00,-0.06,-0.12,-2.3,-1.6,19.5,57.77,-1.34,0.000000,0.000000,0,1,7.89,0.00
379180,0.00,-0.00,-0.05,-0.12,0.06,-0.25,-2.3,-1.6,19.5,57.78,-1.38,0.000000,0.000000,0,1,7.89,0.00
379486,-0.00,0.00,-0.07,0.12,0.06,-0.18,-2.3,-1.6,19.5,57.79,-1.41,0.000000,0.000000,0,1,7.87,0.00
379792,0.00,0.00,-0.05,-0.06,-0.06,0.18,-2.3,-1.6,19.5,57.79,-1.45,0.000000,0.000000,0,1,7.87,0.00
380098,0.00,0.00,-0.03,0.00,-0.12,-0.12,-2.3,-1.6,19.5,57.79,-1.46,0.000000,0.000000,0,1,7.87,0.00
380404,0.00,0.00,-0.07,0.00,-0.06,0.00,-2.3,-1.6,19.5,57.80,-1.51,0.000000,0.000000,0,1,7.86,0.00
380710,0.00,0.00,-0.07,0.00,-0.12,0.12,-2.3,-1.6,19.5,57.80,-1.45,0.000000,0.000000,0,1,7.86,0.00
381016,0.00,0.00,-0.11,0.12,-0.12,0.06,-2.3,-1.6,19.5,57.80,-1.42,0.000000,0.000000,0,1,7.86,0.00
381322,0.00,0.00,-0.09,0.00,0.06,0.12,-2.3,-1.6,19.5,57.81,-1.40,0.000000,0.000000,0,1,7.86,0.00
381628,-0.01,0.00,-0.05,0.12,0.06,0.06,-2.3,-1.6,19.5,57.81,-1.29,0.000000,0.000000,0,1,7.86,0.00
381934,0.00,0.00,-0.09,-0.12,-0.06,0.12,-2.3,-1.6,19.5,57.81,-1.14,0.000000,0.000000,0,1,7.86,0.00
382240,0.00,0.00,-0.09,-0.06,-0.06,-0.06,-2.3,-1.6,19.5,57.81,-1.03,0.000000,0.000000,0,1,7.86,0.00
382546,0.00,-0.00,-0.05,0.00,0.06,0.00,-2.3,-1.6,19.5,57.81,-1.04,0.000000,0.000000,0,1,7.85,0.00
382852,0.00,-0.00,-0.07,0.00,0.06,0.31,-2.3,-1.6,19.5,57.81,-1.12,0.000000,0.000000,0,1,7.85,0.00
383158,-0.02,-0.00,-0.10,0.18,-0.06,-0.18,-2.3,-1.6,19.5,57.81,-1.21,0.000000,0.000000,0,1,7.85,0.00
383464,0.00,-0.00,-0.05,0.12,0.12,0.00,-2.3,-1.6,19.5,57.82,-1.21,0.000000,0.000000,0,1,7.86,0.00
383770,0.00,0.00,-0.07,0.18,0.06,0.18,-2.3,-1.6,19.5,57.82,-1.18,0.000000,0.000000,0,1,7.86,0.00
384076,0.00,0.00,-0.05,0.00,0.06,0.00,-2.3,-1.6,19.5,57.82,-1.16,0.000000,0.000000,0,1,7.86,0.00
384382,-0.00,0.00,-0.07,0.06,-0.18,-0.06,-2.3,-1.6,19.5,57.82,-1.16,0.000000,0.000000,0,1,7.86,0.00
384688,0.00,0.00,-0.07,-0.06,0.00,0.18,-2.3,-1.6,19.5,57.82,-1.14,0.000000,0.000000,0,1,7.86,0.00
384994,0.00,0.00,-0.03,-0.06,0.12,0.12,-2.3,-1.6,19.5,57.83,-1.16,0.000000,0.000000,0,1,7.86,0.00
385300,-0.01,-0.01,-0.09,-0.06,0.12,-0.12,-2.3,-1.6,19.5,57.83,-1.21,0.000000,0.000000,0,1,7.86,0.00
385606,0.00,0.00,-0.09,0.06,-0.12,0.06,-2.3,-1.6,19.5,57.83,-1.33,0.000000,0.000000,0,1,7.87,0.00
385912,0.00,-0.01,-0.09,0.06,-0.06,0.06,-2.3,-1.6,19.5,57.84,-1.42,0.000000,0.000000,0,1,7.87,0.00
386218,0.00,0.01,-0.07,0.06,0.06,-0.18,-2.3,-1.6,19.5,57.84,-1.40,0.000000,0.000000,0,1,7.87,0.00
386524,-0.00,0.00,-0.07,0.06,0.25,-0.06,-2.3,-1.6,19.5,57.84,-1.36,0.000000,0.000000,0,1,7.86,0.00
386830,0.00,0.00,-0.07,0.06,0.12,0.18,-2.3,-1.6,19.5,57.84,-1.33,0.000000,0.000000,0,1,7.86,0.00
387136,-0.00,0.00,-0.05,0.00,-0.06,0.12,-2.3,-1.6,19.5,57.85,-1.22,0.000000,0.000000,0,1,7.86,0.00
387442,0.00,0.00,-0.07,-0.06,0.12,-0.12,-2.3,-1.6,19.5,57.84,-1.05,0.000000,0.000000,0,1,7.86,0.00
387748,0.00,0.00,-0.07,0.06,0.00,-0.06,-2.3,-1.6,19.5,57.85,-1.00,0.000000,0.000000,0,1,7.86,0.00
388054,0.00,-0.00,-0.05,0.00,-0.06,0.00,-2.3,-1.6,19.5,57.85,-0.99,0.000000,0.000000,0,1,7.86,0.00
388360,0.00,0.00,-0.10,0.06,-0.25,-0.12,-2.3,-1.6,19.5,57.85,-1.07,0.000000,0.000000,0,1,7.86,0.00
388666,0.00,0.00,-0.05,-0.06,0.00,0.12,-2.3,-1.6,19.5,57.85,-1.17,0.000000,0.000000,0,1,7.86,0.00
388972,0.00,0.00,-0.05,-0.12,0.12,0.12,-2.3,-1.6,19.5,57.85,-1.27,0.000000,0.000000,0,1,7.86,0.00
389278,0.00,0.00,-0.05,-0.18,-0.06,-0.12,-2.3,-1.6,19.5,57.86,-1.29,0.000000,0.000000,0,1,7.86,0.00
389584,0.00,0.00,-0.05,-0.12,-0.18,-0.06,-2.3,-1.6,19.5,57.86,-1.30,0.000000,0.000000,0,1,7.86,0.00
389890,0.00,0.00,-0.07,-0.06,0.00,0.12,-2.3,-1.6,19.5,57.86,-1.26,0.000000,0.000000,0,1,7.86,0.00
390196,0.00,0.00,-0.05,-0.06,0.12,-0.18,-2.3,-1.6,19.5,57.86,-1.17,0.000000,0.000000,0,1,7.86,0.00
390502,0.00,0.01,-0.05,0.00,-0.12,-0.06,-2.3,-1.6,19.5,57.86,-1.08,0.000000,0.000000,0,1,7.86,0.00
390808,0.00,0.00,-0.05,0.00,-0.06,-0.06,-2.3,-1.6,19.5,57.86,-1.02,0.000000,0.000000,0,1,7.86,0.00
391114,0.00,-0.01,-0.09,0.00,0.12,0.00,-2.3,-1.6,19.5,57.86,-0.99,0.000000,0.000000,0,1,7.86,0.00
391420,-0.00,0.00,-0.07,-0.06,0.25,-0.18,-2.3,-1.6,19.5,57.87,-0.98,0.000000,0.000000,0,1,7.86,0.00
391726,0.00,0.00,-0.07,0.00,0.00,-0.12,-2.3,-1.6,19.5,57.87,-0.97,0.000000,0.000000,0,1,7.86,0.00
392032,0.00,0.00,-0.07,0.06,0.06,-0.06,-2.3,-1.6,19.5,57.87,-1.00,0.000000,0.000000,0,1,7.86,0.00
392338,0.00,0.00,-0.09,0.00,-0.06,0.37,-2.3,-1.6,19.5,57.87,-1.06,0.000000,0.000000,0,1,7.86,0.00
392644,0.00,0.00,-0.07,0.18,0.00,0.06,-2.3,-1.6,19.5,57.87,-1.10,0.000000,0.000000,0,1,7.86,0.00
392950,0.00,0.00,-0.05,0.12,-0.12,-0.06,-2.3,-1.6,19.5,57.87,-1.11,0.000000,0.000000,0,1,7.86,0.00
393256,0.00,0.00,-0.07,-0.12,0.00,-0.12,-2.3,-1.6,19.5,57.87,-1.12,0.000000,0.000000,0,1,7.86,0.00
393562,0.00,0.00,-0.05,0.00,-0.12,0.00,-2.3,-1.6,19.5,57.88,-1.16,0.000000,0.000000,0,1,7.86,0.00
393868,0.00,0.00,-0.09,0.18,0.18,0.00,-2.3,-1.6,19.5,57.88,-1.18,0.000000,0.000000,0,1,7.86,0.00
394174,0.00,0.00,-0.07,0.06,-0.12,0.00,-2.3,-1.6,19.5,57.88,-1.17,0.000000,0.000000,0,1,7.86,0.00
394480,0.00,-0.00,-0.07,-0.06,0.06,-0.06,-2.3,-1.6,19.5,57.88,-1.17,0.000000,0.000000,0,1,7.86,0.00
394786,-0.00,0.00,-0.05,0.06,-0.25,-0.06,-2.3,-1.6,19.5,57.89,-1.22,0.000000,0.000000,0,1,7.85,0.00
395092,0.00,0.00,-0.07,0.00,0.06,0.12,-2.3,-1.6,19.5,57.89,-1.05,0.000000,0.000000,0,1,7.85,0.00
395398,0.00,-0.00,-0.07,0.00,0.06,0.43,-2.3,-1.6,19.5,57.89,-0.90,0.000000,0.000000,0,1,7.85,0.00
395704,0.00,0.00,-0.05,-0.12,0.06,-0.18,-2.3,-1.6,19.5,57.89,-0.96,0.000000,0.000000,0,1,7.86,0.00
396010,0.00,0.00,-0.07,-0.12,0.00,0.25,-2.3,-1.6,19.5,57.89,-0.79,0.000000,0.000000,0,1,7.86,0.00
396316,0.00,-0.01,-0.05,0.00,-0.06,0.18,-2.3,-1.6,19.5,57.88,-0.64,0.000000,0.000000,0,1,7.86,0.00
396622,0.00,0.00,-0.09,0.06,-0.12,-0.18,-2.3,-1.6,19.5,57.88,-0.99,0.000000,0.000000,0,1,7.85,0.00
396928,0.00,-0.01,-0.11,0.06,0.00,0.25,-2.3,-1.6,19.5,57.89,-1.25,0.000000,0.000000,0,1,7.85,0.00
397234,0.00,0.00,-0.07,0.06,-0.06,-0.31,-2.3,-1.6,19.5,57.89,-1.32,0.000000,0.000000,0,1,7.85,0.00
397540,-0.00,0.00,-0.07,0.06,0.00,0.00,-2.3,-1.6,19.5,57.90,-1.37,0.000000,0.000000,0,1,7.85,0.00
397846,-0.01,-0.00,-0.07,0.06,0.00,0.06,-2.3,-1.6,19.5,57.90,-1.32,0.000000,0.000000,0,1,7.86,0.00
398152,0.00,0.00,-0.03,-0.18,0.00,0.12,-2.3,-1.6,19.5,57.90,-1.31,0.000000,0.000000,0,1,7.86,0.00
398458,0.00,0.00,-0.07,0.06,0.06,0.06,-2.3,-1.6,19.5,57.90,-1.35,0.000000,0.000000,0,1,7.86,0.00
398764,0.01,-0.01,-0.05,-0.06,0.00,0.12,-2.3,-1.6,19.5,57.90,-1.23,0.000000,0.000000,0,1,7.86,0.00
399070,-0.00,0.00,-0.07,0.12,0.06,0.00,-2.3,-1.6,19.5,57.91,-1.22,0.000000,0.000000,0,1,7.86,0.00
399376,0.00,0.00,-0.09,0.00,-0.12,0.25,-2.3,-1.6,19.5,57.91,-1.20,0.000000,0.000000,0,1,7.86,0.00
399682,0.00,-0.00,-0.09,-0.06,0.12,0.06,-2.3,-1.6,19.5,57.91,-1.27,0.000000,0.000000,0,1,7.86,0.00
399988,0.00,0.00,-0.11,0.00,0.00,0.18,-2.3,-1.6,19.5,57.91,-1.22,0.000000,0.000000,0,1,7.86,0.00
400294,0.00,0.00,-0.10,0.00,-0.06,0.00,-2.3,-1.6,19.5,57.91,-1.28,0.000000,0.000000,0,1,7.86,0.00
400600,0.00,0.00,-0.05,-0.06,0.00,0.06,-2.3,-1.6,19.5,57.92,-1.14,0.000000,0.000000,0,1,7.85,0.00
400906,0.00,0.00,-0.05,-0.06,0.00,-0.06,-2.3,-1.6,19.5,57.92,-1.03,0.000000,0.000000,0,1,7.85,0.00
401212,-0.00,-0.00,-0.07,-0.06,-0.18,-0.12,-2.3,-1.6,19.5,57.91,-0.95,0.000000,0.000000,0,1,7.85,0.00
401518,0.00,-0.00,-0.07,0.00,0.00,0.00,-2.3,-1.6,19.5,57.91,-0.76,0.000000,0.000000,0,1,7.85,0.00
401824,0.00,0.01,-0.07,-0.06,0.06,-0.06,-2.3,-1.6,19.5,57.91,-0.70,0.000000,0.000000,0,1,7.85,0.00
402130,0.00,-0.02,-0.07,0.06,0.12,0.00,-2.3,-1.6,19.5,57.91,-0.67,0.000000,0.000000,0,1,7.85,0.00
402436,0.00,-0.03,-0.07,-0.06,0.12,-0.06,-2.3,-1.6,19.5,57.91,-0.81,0.000000,0.000000,0,1,7.85,0.00
402742,0.00,-0.01,-0.07,-0.06,0.06,-0.06,-2.3,-1.6,19.5,57.90,-0.79,0.000000,0.000000,0,1,7.86,0.00
403048,0.00,0.00,-0.07,0.00,0.06,0.06,-2.3,-1.6,19.5,57.91,-1.06,0.000000,0.000000,0,1,7.86,0.00
403354,0.00,0.00,-0.07,-0.06,0.06,0.06,-2.3,-1.6,19.5,57.91,-1.22,0.000000,0.000000,0,1,7.86,0.00
403660,0.00,0.00,-0.05,0.00,0.31,0.12,-2.3,-1.6,19.5,57.91,-1.35,0.000000,0.000000,0,1,7.85,0.00
403966,0.00,0.00,-0.07,0.00,0.06,-0.31,-2.3,-1.6,19.5,57.92,-1.31,0.000000,0.000000,0,1,7.85,0.00
404272,0.00,0.00,-0.05,-0.06,-0.06,-0.06,-2.3,-1.6,19.5,57.92,-1.27,0.000000,0.000000,0,1,7.85,0.00
404578,0.00,0.00,-0.07,0.12,0.00,0.06,-2.3,-1.6,19.5,57.92,-1.25,0.000000,0.000000,0,1,7.85,0.00
404884,0.00,0.00,-0.05,0.00,0.06,0.12,-2.3,-1.6,19.5,57.92,-1.20,0.000000,0.000000,0,1,7.86,0.00
405190,0.00,0.00,-0.07,0.00,0.06,0.06,-2.3,-1.6,19.5,57.92,-1.21,0.000000,0.000000,0,1,7.86,0.00
405496,0.00,0.00,-0.07,0.00,0.00,-0.06,-2.3,-1.6,19.5,57.92,-1.16,0.000000,0.000000,0,1,7.86,0.00
405802,0.00,-0.01,-0.05,0.06,0.12,0.06,-2.3,-1.6,19.5,57.93,-1.13,0.000000,0.000000,0,1,7.85,0.00
406108,-0.00,0.00,-0.05,0.00,0.06,-0.12,-2.3,-1.6,19.5,57.92,-0.96,0.000000,0.000000,0,1,7.85,0.00
406414,0.00,-0.00,-0.07,-0.18,0.00,0.00,-2.3,-1.6,19.5,57.93,-1.04,0.000000,0.000000,0,1,7.85,0.00
406720,0.00,0.00,-0.05,0.06,0.00,-0.06,-2.3,-1.6,19.5,57.92,-0.85,0.000000,0.000000,0,1,7.85,0.00
407026,-0.00,0.00,-0.05,-0.06,0.25,0.06,-2.3,-1.6,19.5,57.92,-0.67,0.000000,0.000000,0,1,7.85,0.00
407332,-0.00,0.01,-0.09,0.00,-0.06,-0.12,-2.3,-1.6,19.5,57.91,-0.75,0.000000,0.000000,0,1,7.85,0.00
407638,0.00,0.00,-0.05,0.06,0.18,0.06,-2.3,-1.6,19.5,57.91,-0.62,0.000000,0.000000,0,1,7.85,0.00
407944,0.00,0.00,-0.07,0.06,0.12,-0.12,-2.3,-1.6,19.5,57.91,-0.71,0.000000,0.000000,0,1,7.85,0.00
408250,0.00,-0.00,-0.10,0.00,0.06,0.18,-2.3,-1.6,19.5,57.91,-0.68,0.000000,0.000000,0,1,7.85,0.00
408556,0.00,0.01,-0.05,0.00,-0.12,-0.06,-2.3,-1.6,19.5,57.91,-0.79,0.000000,0.000000,0,1,7.85,0.00
408862,0.00,0.00,-0.05,-0.06,-0.06,-0.06,-2.3,-1.6,19.5,57.91,-0.73,0.000000,0.000000,0,1,7.86,0.00
409168,0.00,0.00,-0.07,-0.06,0.00,-0.12,-2.3,-1.6,19.5,57.90,-0.57,0.000000,0.000000,0,1,7.86,0.00
409474,0.00,0.00,-0.05,0.06,0.06,0.25,-2.3,-1.6,19.5,57.90,-0.64,0.000000,0.000000,0,1,7.86,0.00
409780,0.01,0.00,-0.03,-0.06,0.00,0.00,-2.3,-1.6,19.5,57.90,-0.75,0.000000,0.000000,0,1,7.86,0.00
410086,0.00,0.00,-0.05,0.06,-0.06,-0.12,-2.3,-1.6,19.5,57.90,-1.05,0.000000,0.000000,0,1,7.86,0.00
410392,0.00,-0.00,-0.07,0.06,0.06,-0.06,-2.3,-1.6,19.5,57.90,-1.29,0.000000,0.000000,0,1,7.86,0.00
410698,0.00,0.00,-0.07,-0.12,0.00,0.12,-2.3,-1.6,19.5,57.91,-1.43,0.000000,0.000000,0,1,7.84,0.00
411004,0.00,0.00,-0.07,-0.06,-0.12,-0.06,-2.3,-1.6,19.5,57.92,-1.48,0.000000,0.000000,0,1,7.84,0.00
411310,0.00,0.00,-0.05,0.00,-0.06,0.00,-2.3,-1.6,19.5,57.92,-1.40,0.000000,0.000000,0,1,7.84,0.00
411616,0.01,0.00,-0.07,0.06,0.06,0.00,-2.3,-1.6,19.5,57.92,-1.36,0.000000,0.000000,0,1,7.84,0.00
411922,0.00,-0.00,-0.03,-0.06,-0.06,-0.06,-2.3,-1.6,19.5,57.92,-1.32,0.000000,0.000000,0,1,7.85,0.00
412228,0.00,-0.01,-0.07,-0.06,0.00,0.00,-2.3,-1.6,19.5,57.92,-1.24,0.000000,0.000000,0,1,7.85,0.00
412534,0.00,0.00,-0.03,0.00,0.00,0.18,-2.3,-1.6,19.5,57.92,-1.09,0.000000,0.000000,0,1,7.85,0.00
412840,0.00,0.00,-0.07,0.00,0.00,0.12,-2.3,-1.6,19.5,57.92,-0.94,0.000000,0.000000,0,1,7.86,0.00
413146,0.00,0.00,-0.07,0.00,-0.06,0.00,-2.3,-1.6,19.5,57.92,-1.08,0.000000,0.000000,0,1,7.86,0.00
413452,0.00,0.00,-0.09,0.06,0.12,0.06,-2.3,-1.6,19.5,57.92,-1.20,0.000000,0.000000,0,1,7.86,0.00
413758,-0.01,0.01,-0.07,-0.12,0.18,0.18,-2.3,-1.6,19.5,57.93,-1.31,0.000000,0.000000,0,1,7.85,0.00
414064,0.00,0.00,-0.05,0.00,0.00,-0.06,-2.3,-1.6,19.5,57.93,-1.27,0.000000,0.000000,0,1,7.85,0.00
414370,0.00,0.00,-0.05,0.06,-0.06,-0.06,-2.3,-1.6,19.5,57.93,-1.26,0.000000,0.000000,0,1,7.85,0.00
414676,0.00,0.00,-0.05,-0.06,0.18,-0.06,-2.3,-1.6,19.5,57.93,-1.25,0.000000,0.000000,0,1,7.85,0.00
414982,-0.00,0.00,-0.07,0.00,-0.06,-0.18,-2.3,-1.6,19.5,57.93,-1.23,0.000000,0.000000,0,1,7.86,0.00
415288,0.00,0.00,-0.03,-0.06,0.12,0.25,-2.3,-1.6,19.5,57.94,-1.14,0.000000,0.000000,0,1,7.86,0.00
415594,0.00,0.00,-0.07,0.00,-0.12,0.06,-2.3,-1.6,19.5,57.94,-1.24,0.000000,0.000000,0,1,7.86,0.00
415900,0.00,-0.00,-0.05,-0.12,-0.06,0.00,-2.3,-1.6,19.5,57.94,-1.34,0.000000,0.000000,0,1,7.85,0.00
416206,0.00,0.00,-0.05,-0.06,0.06,-0.06,-2.3,-1.6,19.5,57.94,-1.37,0.000000,0.000000,0,1,7.85,0.00
416512,0.00,-0.02,-0.07,-0.12,0.00,0.18,-2.3,-1.6,19.5,57.95,-1.39,0.000000,0.000000,0,1,7.85,0.00
416818,0.00,0.01,-0.05,-0.06,0.12,0.37,-2.3,-1.6,19.5,57.95,-1.43,0.000000,0.000000,0,1,7.88,0.00
417124,-0.00,0.00,-0.05,-0.06,0.00,-0.18,-2.3,-1.6,19.5,57.95,-1.29,0.000000,0.000000,0,1,7.88,0.00
417430,0.00,0.00,-0.07,0.12,0.00,0.06,-2.3,-1.6,19.5,57.95,-1.27,0.000000,0.000000,0,1,7.88,0.00
417736,-0.01,-0.01,-0.05,0.00,-0.06,0.06,-2.3,-1.6,19.5,57.96,-1.28,0.000000,0.000000,0,1,7.88,0.00
418042,0.00,0.00,-0.07,0.00,-0.06,0.06,-2.3,-1.6,19.5,57.96,-1.32,0.000000,0.000000,0,1,7.85,0.00
418348,0.00,0.00,-0.07,0.06,-0.12,0.00,-2.3,-1.6,19.5,57.96,-1.32,0.000000,0.000000,0,1,7.85,0.00
418654,0.01,0.00,-0.03,0.06,0.00,-0.06,-2.3,-1.6,19.5,57.96,-1.26,0.000000,0.000000,0,1,7.85,0.00
418960,0.00,0.00,-0.03,0.06,0.12,-0.18,-2.3,-1.6,19.5,57.96,-1.21,0.000000,0.000000,0,1,7.85,0.00
419266,0.00,0.00,-0.10,0.06,0.00,0.00,-2.3,-1.6,19.5,57.97,-1.35,0.000000,0.000000,0,1,7.85,0.00
419572,0.00,0.00,-0.05,0.06,0.00,-0.18,-2.3,-1.6,19.5,57.97,-1.43,0.000000,0.000000,0,1,7.85,0.00
419878,-0.01,0.00,-0.07,-0.06,-0.06,-0.12,-2.3,-1.6,19.5,57.97,-1.36,0.000000,0.000000,0,1,7.86,0.00
420184,0.00,0.00,-0.07,0.06,-0.12,0.00,-2.3,-1.6,19.5,57.98,-1.33,0.000000,0.000000,0,1,7.86,0.00
420490,0.00,-0.00,-0.02,0.00,0.00,0.06,-2.3,-1.6,19.5,57.98,-1.32,0.000000,0.000000,0,1,7.86,0.00
420796,0.00,-0.00,-0.05,-0.06,-0.06,0.25,-2.3,-1.6,19.5,57.98,-1.23,0.000000,0.000000,0,1,7.85,0.00
421102,0.00,0.00,-0.05,0.00,0.00,0.12,-2.3,-1.6,19.5,57.98,-1.19,0.000000,0.000000,0,1,7.85,0.00
421408,0.00,0.00,-0.10,-0.06,0.12,-0.18,-2.3,-1.6,19.5,57.98,-1.30,0.000000,0.000000,0,1,7.85,0.00
421714,0.00,-0.00,-0.05,0.00,-0.06,-0.12,-2.3,-1.6,19.5,57.99,-1.41,0.000000,0.000000,0,1,7.85,0.00
422020,0.00,0.00,-0.07,0.12,0.00,-0.18,-2.3,-1.6,19.5,57.99,-1.36,0.000000,0.000000,0,1,7.85,0.00
422326,0.00,-0.00,-0.09,-0.06,0.12,0.06,-2.3,-1.6,19.5,57.99,-1.28,0.000000,0.000000,0,1,7.85,0.00
422632,0.00,0.00,-0.07,0.18,-0.25,-0.12,-2.3,-1.6,19.5,57.99,-1.37,0.000000,0.000000,0,1,7.85,0.00
422938,-0.01,-0.01,-0.05,-0.12,0.06,0.00,-2.3,-1.6,19.5,58.00,-1.44,0.000000,0.000000,0,1,7.85,0.00
423244,0.00,0.00,-0.07,-0.06,0.00,0.06,-2.3,-1.6,19.5,58.00,-1.42,0.000000,0.000000,0,1,7.85,0.00
423550,0.00,-0.00,-0.05,0.06,0.06,-0.06,-2.3,-1.6,19.5,58.00,-1.43,0.000000,0.000000,0,1,7.85,0.00
423856,0.00,0.00,-0.09,0.00,0.18,-0.06,-2.3,-1.6,19.5,58.00,-1.36,0.000000,0.000000,0,1,7.88,0.00
424162,0.00,0.00,-0.07,0.12,-0.12,0.06,-2.3,-1.6,19.5,58.01,-1.34,0.000000,0.000000,0,1,7.88,0.00
424468,0.00,0.00,-0.09,0.06,0.00,0.25,-2.3,-1.6,19.5,58.01,-1.24,0.000000,0.000000,0,1,7.88,0.00
424774,0.00,0.00,-0.07,0.12,0.06,0.06,-2.3,-1.6,19.5,58.01,-1.14,0.000000,0.000000,0,1,7.88,0.00
425080,0.00,-0.00,-0.03,-0.06,0.12,-0.25,-2.3,-1.6,19.5,58.01,-1.19,0.000000,0.000000,0,1,7.86,0.00
425386,-0.00,0.00,-0.07,0.00,0.06,0.06,-2.3,-1.6,19.5,58.01,-1.19,0.000000,0.000000,0,1,7.86,0.00
425692,0.00,0.01,-0.07,0.00,0.06,-0.06,-2.3,-1.6,19.5,58.01,-1.24,0.000000,0.000000,0,1,7.86,0.00
425998,0.00,0.01,-0.03,0.00,0.12,0.06,-2.3,-1.6,19.5,58.02,-1.38,0.000000,0.000000,0,1,7.85,0.00
426304,0.00,0.00,-0.05,0.06,-0.06,0.12,-2.3,-1.6,19.5,58.02,-1.37,0.000000,0.000000,0,1,7.85,0.00
426610,0.00,0.00,-0.07,0.00,-0.12,0.06,-2.3,-1.6,19.5,58.02,-1.29,0.000000,0.000000,0,1,7.85,0.00
426916,0.00,0.00,-0.07,0.00,0.18,0.12,-2.3,-1.6,19.5,58.02,-1.16,0.000000,0.000000,0,1,7.85,0.00
427222,0.00,0.00,-0.07,0.18,0.12,0.12,-2.3,-1.6,19.5,58.02,-1.16,0.000000,0.000000,0,1,7.85,0.00
427528,-0.00,-0.00,-0.07,-0.12,-0.06,-0.12,-2.3,-1.6,19.5,58.02,-1.20,0.000000,0.000000,0,1,7.85,0.00
427834,0.00,0.00,-0.05,0.06,-0.12,0.06,-2.3,-1.6,19.5,58.03,-1.23,0.000000,0.000000,0,1,7.85,0.00
428140,0.00,0.00,-0.05,-0.06,0.06,0.12,-2.3,-1.6,19.5,58.03,-1.29,0.000000,0.000000,0,1,7.85,0.00
428446,0.00,0.00,-0.05,0.12,0.18,-0.06,-2.3,-1.6,19.5,58.03,-1.28,0.000000,0.000000,0,1,7.85,0.00
428752,0.00,0.00,-0.03,0.06,-0.12,-0.12,-2.3,-1.6,19.5,58.03,-1.34,0.000000,0.000000,0,1,7.85,0.00
429058,0.00,0.00,-0.10,-0.06,0.00,0.00,-2.3,-1.6,19.5,58.04,-1.37,0.000000,0.000000,0,1,7.85,0.00
429364,0.00,0.00,-0.09,0.12,-0.18,0.18,-2.3,-1.6,19.5,58.04,-1.35,0.000000,0.000000,0,1,7.85,0.00
429670,0.00,0.00,-0.11,0.00,-0.18,-0.06,-2.3,-1.6,19.5,58.04,-1.33,0.000000,0.000000,0,1,7.85,0.00
429976,0.00,-0.00,-0.07,0.00,-0.06,0.00,-2.3,-1.6,19.5,58.04,-1.30,0.000000,0.000000,0,1,7.85,0.00
430282,0.00,0.00,-0.05,0.06,0.06,-0.18,-2.3,-1.6,19.5,58.04,-1.31,0.000000,0.000000,0,1,7.85,0.00
430588,0.00,0.00,-0.07,0.06,-0.18,-0.18,-2.3,-1.6,19.5,58.05,-1.38,0.000000,0.000000,0,1,7.85,0.00
430894,-0.01,0.01,-0.09,0.00,-0.06,0.18,-2.3,-1.6,19.5,58.06,-1.48,0.000000,0.000000,0,1,7.85,0.00
431200,0.00,0.00,-0.07,-0.06,0.06,0.18,-2.3,-1.6,19.5,58.06,-1.51,0.000000,0.000000,0,1,7.85,0.00
431506,-0.00,0.00,-0.05,-0.06,-0.25,-0.06,-2.3,-1.6,19.5,58.06,-1.45,0.000000,0.000000,0,1,7.85,0.00
431812,0.00,0.00,-0.07,0.00,-0.06,0.18,-2.3,-1.6,19.5,58.06,-1.41,0.000000,0.000000,0,1,7.85,0.00
432118,0.00,0.00,-0.09,0.06,-0.18,-0.06,-2.3,-1.6,19.5,58.07,-1.40,0.000000,0.000000,0,1,7.88,0.00
432424,-0.01,0.00,-0.09,0.00,0.06,-0.06,-2.3,-1.6,19.5,58.07,-1.41,0.000000,0.000000,0,1,7.88,0.00
432730,0.00,-0.00,-0.05,0.18,0.00,-0.25,-2.3,-1.6,19.5,58.08,-1.45,0.000000,0.000000,0,1,7.88,0.00
433036,0.00,0.00,-0.07,0.06,-0.06,0.18,-2.3,-1.6,19.5,58.08,-1.49,0.000000,0.000000,0,1,7.85,0.00
433342,0.00,-0.00,-0.07,0.00,-0.18,0.00,-2.3,-1.6,19.5,58.08,-1.50,0.000000,0.000000,0,1,7.85,0.00
433648,0.00,0.02,-0.05,-0.06,-0.12,-0.12,-2.3,-1.6,19.5,58.09,-1.51,0.000000,0.000000,0,1,7.85,0.00
433954,0.00,0.00,-0.07,0.12,-0.12,0.18,-2.3,-1.6,19.5,58.09,-1.52,0.000000,0.000000,0,1,7.85,0.00
434260,-0.00,0.01,-0.07,0.06,0.06,0.00,-2.3,-1.6,19.5,58.10,-1.51,0.000000,0.000000,0,1,7.85,0.00
434566,0.00,0.00,-0.07,-0.06,0.00,0.12,-2.3,-1.6,19.5,58.10,-1.49,0.000000,0.000000,0,1,7.85,0.00
434872,-0.01,0.00,-0.07,-0.06,-0.06,-0.06,-2.3,-1.6,19.5,58.10,-1.48,0.000000,0.000000,0,1,7.85,0.00
435178,0.00,0.00,-0.07,-0.18,0.18,0.25,-2.3,-1.6,19.5,58.11,-1.43,0.000000,0.000000,0,1,7.85,0.00
435484,0.00,0.00,-0.05,-0.06,0.00,-0.06,-2.3,-1.6,19.5,58.11,-1.43,0.000000,0.000000,0,1,7.85,0.00
435790,0.00,0.00,-0.07,0.00,0.06,-0.06,-2.3,-1.6,19.5,58.11,-1.39,0.000000,0.000000,0,1,7.85,0.00
436096,0.00,0.00,-0.05,0.00,-0.06,0.31,-2.3,-1.6,19.5,58.12,-1.33,0.000000,0.000000,0,1,7.85,0.00
436402,0.00,0.00,-0.05,0.06,-0.06,0.06,-2.3,-1.6,19.5,58.12,-1.28,0.000000,0.000000,0,1,7.85,0.00
436708,0.00,0.00,-0.07,-0.06,-0.31,0.18,-2.3,-1.6,19.5,58.12,-1.29,0.000000,0.000000,0,1,7.85,0.00
437014,0.00,0.00,-0.03,0.06,0.12,-0.06,-2.3,-1.6,19.5,58.13,-1.33,0.000000,0.000000,0,1,7.85,0.00
437320,0.00,-0.01,-0.09,0.06,0.12,0.06,-2.3,-1.6,19.5,58.13,-1.33,0.000000,0.000000,0,1,7.85,0.00
437626,0.00,0.00,-0.10,0.06,0.37,0.06,-2.3,-1.6,19.5,58.13,-1.24,0.000000,0.000000,0,1,7.85,0.00
437932,-0.00,0.00,-0.05,0.00,-0.12,-0.06,-2.3,-1.6,19.5,58.13,-1.31,0.000000,0.000000,0,1,7.85,0.00
438238,-0.00,0.00,-0.07,-0.12,-0.12,0.25,-2.3,-1.6,19.5,58.14,-1.42,0.000000,0.000000,0,1,7.85,0.00
438544,0.00,0.00,-0.07,0.06,0.06,0.12,-2.3,-1.6,19.5,58.14,-1.30,0.000000,0.000000,0,1,7.85,0.00
438850,0.00,0.00,-0.07,0.00,-0.18,0.12,-2.3,-1.6,19.5,58.14,-1.19,0.000000,0.000000,0,1,7.85,0.00
439156,-0.00,0.00,-0.05,-0.06,0.06,-0.12,-2.3,-1.6,19.5,58.14,-1.25,0.000000,0.000000,0,1,7.85,0.00
439462,0.00,0.02,-0.07,0.12,0.18,0.12,-2.3,-1.6,19.5,58.14,-1.34,0.000000,0.000000,0,1,7.85,0.00
439768,0.00,0.00,-0.07,0.00,0.00,-0.06,-2.3,-1.6,19.5,58.15,-1.19,0.000000,0.000000,0,1,7.85,0.00
440074,0.00,0.00,-0.09,0.00,0.06,0.12,-2.3,-1.6,19.5,58.15,-1.12,0.000000,0.000000,0,1,7.85,0.00
440380,0.00,0.00,-0.05,0.00,-0.06,0.06,-2.3,-1.6,19.5,58.15,-1.12,0.000000,0.000000,0,1,7.85,0.00
440686,0.00,0.00,-0.09,0.12,-0.06,-0.06,-2.3,-1.6,19.5,58.15,-1.16,0.000000,0.000000,0,1,7.85,0.00
440992,0.00,0.01,-0.05,0.06,0.06,-0.12,-2.3,-1.6,19.5,58.15,-1.24,0.000000,0.000000,0,1,7.85,0.00
441298,0.00,0.00,-0.07,0.06,-0.06,0.00,-2.3,-1.6,19.5,58.16,-1.29,0.000000,0.000000,0,1,7.85,0.00
441604,0.00,0.00,-0.05,0.06,-0.06,0.06,-2.3,-1.6,19.5,58.16,-1.33,0.000000,0.000000,0,1,7.85,0.00
441910,0.00,0.00,-0.07,-0.12,-0.18,0.18,-2.3,-1.6,19.5,58.16,-1.34,0.000000,0.000000,0,1,7.85,0.00
442216,0.00,-0.00,-0.05,0.06,-0.18,0.18,-2.3,-1.6,19.5,58.17,-1.35,0.000000,0.000000,0,1,7.84,0.00
442522,0.00,0.00,-0.05,-0.06,0.00,0.12,-2.3,-1.6,19.5,58.17,-1.33,0.000000,0.000000,0,1,7.84,0.00
442828,-0.00,0.00,-0.07,0.00,-0.12,-0.06,-2.3,-1.6,19.5,58.17,-1.34,0.000000,0.000000,0,1,7.84,0.00
443134,0.00,-0.01,-0.05,0.00,-0.06,-0.06,-2.3,-1.6,19.5,58.18,-1.33,0.000000,0.000000,0,1,7.85,0.00
443440,0.00,0.00,-0.05,0.06,-0.06,-0.25,-2.3,-1.6,19.5,58.18,-1.25,0.000000,0.000000,0,1,7.85,0.00
443746,0.00,0.00,-0.05,-0.12,0.06,-0.12,-2.3,-1.6,19.5,58.18,-1.23,0.000000,0.000000,0,1,7.85,0.00
444052,0.00,0.00,-0.07,0.00,0.06,0.06,-2.3,-1.6,19.5,58.18,-1.36,0.000000,0.000000,0,1,7.84,0.00
444358,-0.00,0.00,-0.05,-0.06,-0.12,-0.12,-2.3,-1.6,19.5,58.19,-1.41,0.000000,0.000000,0,1,7.84,0.00
444664,0.00,0.00,-0.05,-0.06,0.00,0.00,-2.3,-1.6,19.5,58.19,-1.31,0.000000,0.000000,0,1,7.84,0.00
444970,0.00,0.00,-0.07,-0.06,-0.06,0.00,-2.3,-1.6,19.5,58.19,-1.26,0.000000,0.000000,0,1,7.84,0.00
445276,-0.00,0.00,-0.05,-0.06,-0.12,-0.12,-2.3,-1.6,19.5,58.19,-1.29,0.000000,0.000000,0,1,7.85,0.00
445582,0.00,0.00,-0.07,-0.18,0.12,0.25,-2.3,-1.6,19.5,58.19,-1.31,0.000000,0.000000,0,1,7.85,0.00
445888,0.00,0.00,-0.07,0.12,0.00,0.18,-2.3,-1.6,19.5,58.20,-1.29,0.000000,0.000000,0,1,7.85,0.00
446194,0.00,0.00,-0.10,-0.06,0.18,-0.18,-2.3,-1.6,19.5,58.20,-1.21,0.000000,0.000000,0,1,7.85,0.00
446500,0.00,0.00,-0.07,-0.12,-0.06,0.25,-2.3,-1.6,19.5,58.20,-1.27,0.000000,0.000000,0,1,7.85,0.00
446806,0.00,-0.00,-0.07,0.00,0.12,-0.06,-2.3,-1.6,19.5,58.20,-1.36,0.000000,0.000000,0,1,7.85,0.00
447112,-0.00,0.02,-0.05,0.18,0.06,-0.12,-2.3,-1.6,19.5,58.21,-1.43,0.000000,0.000000,0,1,7.88,0.00
447418,-0.01,0.00,-0.07,0.06,-0.18,-0.12,-2.3,-1.6,19.5,58.21,-1.37,0.000000,0.000000,0,1,7.88,0.00
447724,0.00,0.00,-0.07,-0.12,0.25,-0.12,-2.3,-1.6,19.5,58.22,-1.28,0.000000,0.000000,0,1,7.88,0.00
448030,-0.01,0.00,-0.07,-0.06,-0.06,0.12,-2.3,-1.6,19.5,58.22,-1.31,0.000000,0.000000,0,1,7.88,0.00
448336,-0.01,0.00,-0.09,-0.06,-0.12,0.12,-2.3,-1.6,19.5,58.22,-1.36,0.000000,0.000000,0,1,7.85,0.00
448642,-0.00,0.00,-0.07,-0.06,0.00,-0.18,-2.3,-1.6,19.5,58.22,-1.34,0.000000,0.000000,0,1,7.85,0.00
448948,0.00,0.01,-0.07,0.12,-0.25,-0.06,-2.3,-1.6,19.5,58.23,-1.33,0.000000,0.000000,0,1,7.85,0.00
449254,-0.00,-0.01,-0.07,0.18,-0.06,0.12,-2.3,-1.6,19.5,58.23,-1.29,0.000000,0.000000,0,1,7.85,0.00
449560,-0.00,-0.00,-0.07,0.06,0.00,0.06,-2.3,-1.6,19.5,58.23,-1.33,0.000000,0.000000,0,1,7.85,0.00
449866,-0.00,0.00,-0.05,0.00,0.00,0.00,-2.3,-1.6,19.5,58.23,-1.33,0.000000,0.000000,0,1,7.85,0.00
450172,-0.00,-0.00,-0.05,-0.06,0.18,0.12,-2.3,-1.6,19.5,58.24,-1.31,0.000000,0.000000,0,1,7.84,0.00
450478,0.00,0.00,-0.07,-0.12,-0.12,0.06,-2.3,-1.6,19.5,58.24,-1.34,0.000000,0.000000,0,1,7.84,0.00
450784,0.00,0.00,-0.05,0.00,0.00,0.18,-2.3,-1.6,19.5,58.24,-1.38,0.000000,0.000000,0,1,7.84,0.00
451090,0.00,0.00,-0.07,0.06,0.00,-0.06,-2.3,-1.6,19.5,58.25,-1.27,0.000000,0.000000,0,1,7.85,0.00
451396,0.00,0.00,-0.05,-0.06,0.12,-0.18,-2.3,-1.6,19.5,58.24,-1.14,0.000000,0.000000,0,1,7.85,0.00
451702,0.00,-0.00,-0.07,0.00,0.31,-0.06,-2.3,-1.6,19.5,58.25,-1.20,0.000000,0.000000,0,1,7.85,0.00
452008,0.00,0.00,-0.09,0.06,0.00,0.00,-2.3,-1.6,19.5,58.25,-1.28,0.000000,0.000000,0,1,7.85,0.00
452314,0.00,0.00,-0.05,0.00,0.00,0.00,-2.3,-1.6,19.5,58.25,-1.25,0.000000,0.000000,0,1,7.85,0.00
452620,-0.00,0.00,-0.05,0.06,0.00,0.06,-2.3,-1.6,19.5,58.25,-1.22,0.000000,0.000000,0,1,7.85,0.00
452926,0.00,0.00,-0.07,0.06,0.12,-0.12,-2.3,-1.6,19.5,58.26,-1.18,0.000000,0.000000,0,1,7.85,0.00
453232,0.00,0.00,-0.07,0.00,0.00,-0.18,-2.3,-1.6,19.5,58.25,-1.09,0.000000,0.000000,0,1,7.85,0.00
453538,0.00,0.00,-0.07,0.00,-0.06,-0.18,-2.3,-1.6,19.5,58.26,-1.05,0.000000,0.000000,0,1,7.85,0.00
453844,0.00,0.00,-0.10,0.00,-0.06,0.12,-2.3,-1.6,19.5,58.26,-1.08,0.000000,0.000000,0,1,7.85,0.00
454150,-0.01,0.00,-0.07,-0.06,0.00,0.06,-2.3,-1.6,19.5,58.26,-1.11,0.000000,0.000000,0,1,7.87,0.00
454456,0.00,0.00,-0.11,0.00,0.06,0.00,-2.3,-1.6,19.5,58.26,-1.18,0.000000,0.000000,0,1,7.87,0.00
454762,0.00,0.00,-0.07,-0.06,0.00,0.00,-2.3,-1.6,19.5,58.26,-1.30,0.000000,0.000000,0,1,7.87,0.00
455068,0.00,0.00,-0.05,0.00,-0.06,0.06,-2.3,-1.6,19.5,58.27,-1.39,0.000000,0.000000,0,1,7.87,0.00
455374,0.00,0.00,-0.05,-0.12,-0.12,-0.12,-2.3,-1.6,19.5,58.27,-1.34,0.000000,0.000000,0,1,7.85,0.00
455680,0.00,0.00,-0.07,0.06,0.06,-0.06,-2.3,-1.6,19.5,58.27,-1.25,0.000000,0.000000,0,1,7.85,0.00
455986,0.00,0.01,-0.05,0.06,0.18,0.00,-2.3,-1.6,19.5,58.28,-1.19,0.000000,0.000000,0,1,7.85,0.00
456292,-0.00,0.00,-0.07,0.12,0.00,0.00,-2.3,-1.6,19.5,58.28,-1.14,0.000000,0.000000,0,1,7.85,0.00
456598,0.00,-0.00,-0.07,0.00,-0.18,0.12,-2.3,-1.6,19.5,58.28,-1.14,0.000000,0.000000,0,1,7.85,0.00
456904,0.00,0.01,-0.07,0.00,-0.18,0.18,-2.3,-1.6,19.5,58.28,-1.13,0.000000,0.000000,0,1,7.85,0.00
457210,0.00,0.00,-0.10,0.06,0.06,0.18,-2.3,-1.6,19.5,58.28,-1.14,0.000000,0.000000,0,1,7.85,0.00
457516,0.00,0.01,-0.05,0.06,-0.37,0.00,-2.3,-1.6,19.5,58.28,-1.18,0.000000,0.000000,0,1,7.85,0.00
457822,0.00,0.00,-0.07,-0.06,-0.18,0.06,-2.3,-1.6,19.5,58.29,-1.22,0.000000,0.000000,0,1,7.85,0.00
458128,0.00,0.00,-0.05,0.12,0.06,-0.06,-2.3,-1.6,19.5,58.29,-1.26,0.000000,0.000000,0,1,7.85,0.00
458434,-0.00,-0.00,-0.07,-0.06,0.00,0.06,-2.3,-1.6,19.5,58.29,-1.31,0.000000,0.000000,0,1,7.84,0.00
458740,-0.00,0.01,-0.07,0.06,-0.25,0.06,-2.3,-1.6,19.5,58.30,-1.33,0.000000,0.000000,0,1,7.84,0.00
459046,-0.01,0.00,-0.07,0.12,-0.12,-0.12,-2.3,-1.6,19.5,58.30,-1.34,0.000000,0.000000,0,1,7.84,0.00
459352,0.00,-0.01,-0.05,0.06,0.12,-0.12,-2.3,-1.6,19.5,58.30,-1.31,0.000000,0.000000,0,1,7.84,0.00
459658,0.00,0.00,-0.09,0.00,0.12,0.12,-2.3,-1.6,19.5,58.30,-1.29,0.000000,0.000000,0,1,7.84,0.00
459964,0.00,0.00,-0.07,0.00,0.00,0.18,-2.3,-1.6,19.5,58.31,-1.29,0.000000,0.000000,0,1,7.84,0.00
460270,0.00,0.00,-0.07,0.00,0.12,-0.31,-2.3,-1.6,19.5,58.31,-1.30,0.000000,0.000000,0,1,7.84,0.00
460576,0.00,0.00,-0.07,-0.06,-0.18,0.31,-2.3,-1.6,19.5,58.31,-1.31,0.000000,0.000000,0,1,7.84,0.00
460882,0.00,0.00,-0.09,-0.12,0.06,0.06,-2.3,-1.6,19.5,58.32,-1.31,0.000000,0.000000,0,1,7.84,0.00
461188,0.00,0.00,-0.05,0.00,0.12,0.12,-2.3,-1.6,19.5,58.32,-1.32,0.000000,0.000000,0,1,7.84,0.00
461494,-0.01,-0.00,-0.07,-0.06,0.06,-0.06,-2.3,-1.6,19.5,58.32,-1.33,0.000000,0.000000,0,1,7.84,0.00
461800,0.00,0.00,-0.05,0.06,0.18,0.00,-2.3,-1.6,19.5,58.33,-1.33,0.000000,0.000000,0,1,7.84,0.00
462106,-0.00,-0.00,-0.05,0.00,0.18,0.12,-2.3,-1.6,19.5,58.33,-1.33,0.000000,0.000000,0,1,7.84,0.00
462412,-0.02,0.00,-0.07,0.00,0.25,0.12,-2.3,-1.6,19.5,58.33,-1.34,0.000000,0.000000,0,1,7.88,0.00
462718,0.00,0.00,-0.09,0.12,-0.06,0.12,-2.3,-1.6,19.5,58.34,-1.34,0.000000,0.000000,0,1,7.88,0.00
463024,0.00,0.00,-0.05,-0.06,-0.25,0.00,-2.3,-1.6,19.5,58.34,-1.32,0.000000,0.000000,0,1,7.88,0.00
463330,0.00,0.00,-0.05,-0.12,0.12,-0.25,-2.3,-1.6,19.5,58.34,-1.31,0.000000,0.000000,0,1,7.84,0.00
463636,0.00,0.00,-0.05,-0.12,-0.18,0.12,-2.3,-1.6,19.5,58.35,-1.31,0.000000,0.000000,0,1,7.84,0.00
463942,-0.00,0.00,-0.07,0.06,0.00,-0.06,-2.3,-1.6,19.5,58.35,-1.32,0.000000,0.000000,0,1,7.84,0.00
464248,-0.00,0.00,-0.05,0.00,-0.06,0.00,-2.3,-1.6,19.5,58.35,-1.32,0.000000,0.000000,0,1,7.85,0.00
464554,0.00,0.01,-0.05,0.06,-0.12,-0.06,-2.3,-1.6,19.5,58.36,-1.30,0.000000,0.000000,0,1,7.85,0.00
464860,-0.01,0.00,-0.09,0.12,0.06,-0.06,-2.3,-1.6,19.5,58.36,-1.29,0.000000,0.000000,0,1,7.85,0.00
465166,-0.00,0.00,-0.05,0.12,-0.06,-0.18,-2.3,-1.6,19.5,58.36,-1.27,0.000000,0.000000,0,1,7.85,0.00
465472,-0.01,0.01,-0.05,-0.18,0.00,-0.06,-2.3,-1.6,19.5,58.37,-1.28,0.000000,0.000000,0,1,7.84,0.00
465778,0.00,-0.00,-0.10,-0.12,0.06,0.25,-2.3,-1.6,19.5,58.37,-1.30,0.000000,0.000000,0,1,7.84,0.00
466084,0.00,0.00,-0.07,0.00,0.06,0.00,-2.3,-1.6,19.5,58.37,-1.29,0.000000,0.000000,0,1,7.84,0.00
466390,0.00,0.00,-0.07,0.00,-0.12,-0.06,-2.3,-1.6,19.5,58.37,-1.26,0.000000,0.000000,0,1,7.85,0.00
466696,-0.00,0.01,-0.07,-0.06,0.06,-0.25,-2.3,-1.6,19.5,58.38,-1.31,0.000000,0.000000,0,1,7.85,0.00
467002,0.00,0.00,-0.07,0.00,0.00,0.25,-2.3,-1.6,19.5,58.38,-1.38,0.000000,0.000000,0,1,7.85,0.00
467308,0.00,0.00,-0.05,0.00,0.12,0.00,-2.3,-1.6,19.5,58.39,-1.40,0.000000,0.000000,0,1,7.84,0.00
467614,-0.01,0.00,-0.09,-0.06,-0.06,-0.18,-2.3,-1.6,19.5,58.39,-1.36,0.000000,0.000000,0,1,7.84,0.00
467920,0.00,0.00,-0.07,0.06,-0.12,-0.06,-2.3,-1.6,19.5,58.39,-1.35,0.000000,0.000000,0,1,7.84,0.00
468226,0.00,0.00,-0.07,0.06,-0.06,0.12,-2.3,-1.6,19.5,58.40,-1.32,0.000000,0.000000,0,1,7.84,0.00
468838,0.00,0.00,-0.07,0.00,-0.12,0.00,-2.3,-1.6,19.5,58.41,-1.46,0.000000,0.000000,0,1,7.84,0.00
469144,0.00,0.01,-0.07,-0.06,0.06,-0.18,-2.3,-1.6,19.5,58.41,-1.38,0.000000,0.000000,0,1,7.84,0.00
469450,0.00,0.00,-0.09,0.12,0.25,-0.06,-2.3,-1.6,19.5,58.41,-1.31,0.000000,0.000000,0,1,7.85,0.00
469756,0.00,0.00,-0.05,0.00,-0.12,0.06,-2.3,-1.6,19.5,58.41,-1.30,0.000000,0.000000,0,1,7.85,0.00
470062,-0.00,0.01,-0.07,-0.06,-0.12,-0.06,-2.3,-1.6,19.5,58.42,-1.31,0.000000,0.000000,0,1,7.85,0.00
470368,-0.00,0.00,-0.07,0.00,-0.06,0.12,-2.3,-1.6,19.5,58.42,-1.30,0.000000,0.000000,0,1,7.84,0.00
470674,-0.00,0.00,-0.09,0.00,0.00,-0.12,-2.3,-1.6,19.5,58.42,-1.31,0.000000,0.000000,0,1,7.84,0.00
470980,0.00,0.00,-0.05,0.06,-0.06,0.12,-2.3,-1.6,19.5,58.43,-1.35,0.000000,0.000000,0,1,7.84,0.00
471286,0.00,0.00,-0.07,-0.06,0.25,0.12,-2.3,-1.6,19.5,58.43,-1.35,0.000000,0.000000,0,1,7.84,0.00
471592,0.00,0.01,-0.07,0.00,0.12,-0.25,-2.3,-1.6,19.5,58.43,-1.32,0.000000,0.000000,0,1,7.84,0.00
471898,-0.00,0.00,-0.09,0.12,0.06,-0.18,-2.3,-1.6,19.5,58.44,-1.35,0.000000,0.000000,0,1,7.84,0.00
472204,0.00,0.00,-0.07,-0.06,0.06,0.00,-2.3,-1.6,19.5,58.44,-1.38,0.000000,0.000000,0,1,7.84,0.00
472510,0.00,0.00,-0.05,0.06,-0.12,0.00,-2.3,-1.6,19.5,58.44,-1.32,0.000000,0.000000,0,1,7.84,0.00
472816,0.00,0.00,-0.07,0.12,0.12,0.00,-2.3,-1.6,19.5,58.45,-1.25,0.000000,0.000000,0,1,7.84,0.00
473122,0.00,0.00,-0.07,0.00,-0.06,-0.12,-2.3,-1.6,19.5,58.45,-1.24,0.000000,0.000000,0,1,7.84,0.00
473428,-0.01,0.00,-0.09,0.06,0.06,0.31,-2.3,-1.6,19.5,58.45,-1.23,0.000000,0.000000,0,1,7.83,0.00
473734,0.00,0.00,-0.05,0.00,0.00,-0.18,-2.3,-1.6,19.5,58.46,-1.21,0.000000,0.000000,0,1,7.83,0.00
474040,0.00,0.01,-0.07,-0.18,-0.06,-0.12,-2.3,-1.6,19.5,58.46,-1.23,0.000000,0.000000,0,1,7.83,0.00
474346,0.00,0.00,-0.05,0.00,0.18,-0.06,-2.3,-1.6,19.5,58.46,-1.22,0.000000,0.000000,0,1,7.83,0.00
474652,-0.01,0.00,-0.03,0.00,-0.06,0.12,-2.3,-1.6,19.5,58.46,-1.19,0.000000,0.000000,0,1,7.83,0.00
474958,-0.00,0.00,-0.05,0.00,-0.06,0.12,-2.3,-1.6,19.5,58.46,-1.20,0.000000,0.000000,0,1,7.83,0.00
475264,0.00,0.00,-0.07,0.12,0.25,-0.06,-2.3,-1.6,19.5,58.47,-1.19,0.000000,0.000000,0,1,7.83,0.00
475570,0.00,0.00,-0.05,0.06,0.06,-0.06,-2.3,-1.6,19.5,58.47,-1.17,0.000000,0.000000,0,1,7.84,0.00
475876,0.00,0.02,-0.07,0.18,0.00,0.25,-2.3,-1.6,19.5,58.47,-1.20,0.000000,0.000000,0,1,7.84,0.00
476182,-0.00,0.00,-0.07,0.06,0.12,0.12,-2.3,-1.6,19.5,58.47,-1.20,0.000000,0.000000,0,1,7.84,0.00
476488,0.00,0.00,-0.07,0.06,0.25,0.12,-2.3,-1.6,19.5,58.47,-1.24,0.000000,0.000000,0,1,7.84,0.00
476794,0.00,0.00,-0.05,-0.12,-0.12,0.12,-2.3,-1.6,19.5,58.48,-1.24,0.000000,0.000000,0,1,7.84,0.00
477100,0.00,0.00,-0.07,0.12,0.06,-0.12,-2.3,-1.6,19.5,58.48,-1.25,0.000000,0.000000,0,1,7.84,0.00
477406,0.00,-0.00,-0.05,-0.06,-0.31,0.12,-2.3,-1.6,19.5,58.49,-1.29,0.000000,0.000000,0,1,7.86,0.00
477712,-0.00,0.00,-0.07,-0.06,0.18,0.12,-2.3,-1.6,19.5,58.49,-1.29,0.000000,0.000000,0,1,7.86,0.00
478018,0.00,0.02,-0.07,-0.06,0.06,-0.06,-2.3,-1.6,19.5,58.49,-1.33,0.000000,0.000000,0,1,7.86,0.00
478324,0.00,0.00,-0.02,-0.06,-0.12,0.06,-2.3,-1.6,19.5,58.50,-1.34,0.000000,0.000000,0,1,7.86,0.00
478630,-0.00,0.00,-0.07,0.18,0.00,0.00,-2.3,-1.6,19.5,58.50,-1.32,0.000000,0.000000,0,1,7.84,0.00
478936,0.00,0.00,-0.05,0.06,-0.25,-0.18,-2.3,-1.6,19.5,58.50,-1.37,0.000000,0.000000,0,1,7.84,0.00
479242,-0.00,0.01,-0.05,-0.06,-0.06,0.06,-2.3,-1.6,19.5,58.51,-1.35,0.000000,0.000000,0,1,7.84,0.00
479548,-0.00,0.00,-0.07,0.06,0.00,0.06,-2.3,-1.6,19.5,58.51,-1.27,0.000000,0.000000,0,1,7.84,0.00
479854,-0.00,0.00,-0.05,0.12,-0.06,0.00,-2.3,-1.6,19.5,58.51,-1.23,0.000000,0.000000,0,1,7.84,0.00
480160,-0.01,0.00,-0.07,-0.06,-0.06,0.18,-2.3,-1.6,19.5,58.52,-1.19,0.000000,0.000000,0,1,7.84,0.00
480466,0.00,-0.00,-0.05,0.18,0.06,-0.06,-2.3,-1.6,19.5,58.52,-1.19,0.000000,0.000000,0,1,7.85,0.00
480772,0.00,0.00,-0.09,0.00,0.06,-0.06,-2.3,-1.6,19.5,58.52,-1.23,0.000000,0.000000,0,1,7.85,0.00
481078,0.00,0.00,-0.09,0.12,0.00,0.12,-2.3,-1.6,19.5,58.52,-1.30,0.000000,0.000000,0,1,7.85,0.00
481384,0.00,-0.00,-0.05,-0.12,-0.25,0.06,-2.3,-1.6,19.5,58.53,-1.38,0.000000,0.000000,0,1,7.84,0.00
481690,-0.00,0.00,-0.07,0.06,0.00,-0.31,-2.3,-1.6,19.5,58.53,-1.38,0.000000,0.000000,0,1,7.84,0.00
481996,0.00,0.00,-0.07,0.00,0.12,-0.06,-2.3,-1.6,19.5,58.54,-1.36,0.000000,0.000000,0,1,7.84,0.00
482302,-0.01,-0.00,-0.07,0.00,-0.12,0.00,-2.3,-1.6,19.5,58.54,-1.32,0.000000,0.000000,0,1,7.84,0.00
482608,0.00,0.00,-0.07,0.00,0.18,-0.06,-2.3,-1.6,19.5,58.54,-1.27,0.000000,0.000000,0,1,7.84,0.00
482914,0.00,0.01,-0.07,0.06,0.06,0.18,-2.3,-1.6,19.5,58.54,-1.23,0.000000,0.000000,0,1,7.84,0.00
483220,0.00,0.00,-0.05,-0.12,-0.18,0.06,-2.3,-1.6,19.5,58.55,-1.24,0.000000,0.000000,0,1,7.84,0.00
483526,0.00,0.00,-0.11,-0.12,0.12,-0.06,-2.3,-1.6,19.5,58.55,-1.27,0.000000,0.000000,0,1,7.84,0.00
483832,0.00,0.00,-0.07,-0.12,-0.06,0.06,-2.3,-1.6,19.5,58.55,-1.28,0.000000,0.000000,0,1,7.84,0.00
484138,0.00,0.00,-0.07,0.06,0.18,0.00,-2.3,-1.6,19.5,58.56,-1.20,0.000000,0.000000,0,1,7.84,0.00
484444,0.00,0.00,-0.07,0.00,-0.06,0.00,-2.3,-1.6,19.5,58.56,-1.10,0.000000,0.000000,0,1,7.84,0.00
484750,-0.01,0.00,-0.07,-0.18,-0.06,-0.06,-2.3,-1.6,19.5,58.56,-1.18,0.000000,0.000000,0,1,7.84,0.00
485056,-0.01,0.01,-0.05,-0.06,0.12,0.00,-2.3,-1.6,19.5,58.56,-1.22,0.000000,0.000000,0,1,7.84,0.00
485362,0.00,0.00,-0.07,-0.06,0.06,0.25,-2.3,-1.6,19.5,58.56,-1.24,0.000000,0.000000,0,1,7.84,0.00
485668,0.00,0.00,-0.03,0.00,-0.18,0.12,-2.3,-1.6,19.5,58.57,-1.27,0.000000,0.000000,0,1,7.84,0.00
485974,0.00,0.00,-0.09,0.00,-0.12,0.00,-2.3,-1.6,19.5,58.57,-1.27,0.000000,0.000000,0,1,7.84,0.00
486280,-0.00,-0.00,-0.02,0.06,0.00,-0.18,-2.3,-1.6,19.5,58.58,-1.24,0.000000,0.000000,0,1,7.84,0.00
486586,-0.00,0.00,-0.10,0.06,0.18,0.12,-2.3,-1.6,19.5,58.58,-1.23,0.000000,0.000000,0,1,7.84,0.00
486892,0.00,0.00,-0.05,0.06,-0.06,0.00,-2.3,-1.6,19.5,58.58,-1.19,0.000000,0.000000,0,1,7.84,0.00
487198,0.00,0.00,-0.07,0.12,-0.12,0.06,-2.3,-1.6,19.5,58.58,-1.15,0.000000,0.000000,0,1,7.84,0.00
487504,-0.00,0.01,-0.05,0.06,0.00,-0.12,-2.3,-1.6,19.5,58.59,-1.13,0.000000,0.000000,0,1,7.84,0.00
487810,0.00,0.00,-0.07,0.00,0.06,0.06,-2.3,-1.6,19.5,58.59,-1.10,0.000000,0.000000,0,1,7.84,0.00
488116,0.00,0.00,-0.07,-0.06,0.18,-0.31,-2.3,-1.6,19.5,58.59,-1.09,0.000000,0.000000,0,1,7.84,0.00
488422,0.00,0.01,-0.05,0.18,0.00,-0.06,-2.3,-1.6,19.5,58.59,-1.11,0.000000,0.000000,0,1,7.84,0.00
488728,-0.00,0.00,-0.05,0.12,0.06,0.12,-2.3,-1.6,19.5,58.59,-1.13,0.000000,0.000000,0,1,7.84,0.00
489034,-0.00,0.00,-0.05,0.00,0.00,0.06,-2.3,-1.6,19.5,58.59,-1.16,0.000000,0.000000,0,1,7.84,0.00
489340,0.00,0.00,-0.09,-0.06,-0.06,0.06,-2.3,-1.6,19.5,58.60,-1.19,0.000000,0.000000,0,1,7.84,0.00
489646,0.00,0.00,-0.05,-0.12,0.06,0.00,-2.3,-1.6,19.5,58.60,-1.22,0.000000,0.000000,0,1,7.83,0.00
489952,-0.00,0.00,-0.07,0.06,0.00,-0.06,-2.3,-1.6,19.5,58.61,-1.20,0.000000,0.000000,0,1,7.83,0.00
490258,0.00,0.00,-0.05,0.12,0.06,0.12,-2.3,-1.6,19.5,58.61,-1.19,0.000000,0.000000,0,1,7.83,0.00
490564,-0.01,0.00,-0.05,-0.06,0.06,0.25,-2.3,-1.6,19.5,58.61,-1.19,0.000000,0.000000,0,1,7.84,0.00
490870,-0.00,-0.00,-0.05,0.06,0.06,-0.12,-2.3,-1.6,19.5,58.61,-1.19,0.000000,0.000000,0,1,7.84,0.00
491176,-0.00,-0.01,-0.05,0.00,-0.06,-0.06,-2.3,-1.6,19.5,58.62,-1.20,0.000000,0.000000,0,1,7.84,0.00
491482,0.00,-0.00,-0.09,-0.06,0.06,0.00,-2.3,-1.6,19.5,58.62,-1.20,0.000000,0.000000,0,1,7.84,0.00
491788,0.00,0.00,-0.07,0.06,0.25,-0.12,-2.3,-1.6,19.5,58.62,-1.21,0.000000,0.000000,0,1,7.84,0.00
492094,-0.02,0.00,-0.05,0.00,-0.12,-0.06,-2.3,-1.6,19.5,58.63,-1.21,0.000000,0.000000,0,1,7.84,0.00
492400,0.00,-0.00,-0.07,0.06,-0.12,0.12,-2.3,-1.6,19.5,58.63,-1.20,0.000000,0.000000,0,1,7.84,0.00
492706,-0.00,-0.00,-0.07,0.12,0.06,-0.12,-2.3,-1.6,19.5,58.63,-1.19,0.000000,0.000000,0,1,7.84,0.00
493012,0.00,0.00,-0.07,0.06,-0.06,-0.06,-2.3,-1.6,19.5,58.63,-1.20,0.000000,0.000000,0,1,7.84,0.00
493318,-0.00,0.00,-0.09,0.00,-0.12,0.06,-2.3,-1.6,19.5,58.64,-1.20,0.000000,0.000000,0,1,7.84,0.00
493624,-0.01,-0.00,-0.01,0.12,-0.12,-0.18,-2.3,-1.6,19.5,58.64,-1.19,0.000000,0.000000,0,1,7.83,0.00
493930,-0.00,0.00,-0.07,0.12,-0.06,0.00,-2.3,-1.6,19.5,58.65,-1.18,0.000000,0.000000,0,1,7.83,0.00
494236,0.00,0.00,-0.09,0.00,0.18,-0.18,-2.3,-1.6,19.5,58.65,-1.16,0.000000,0.000000,0,1,7.83,0.00
494542,0.00,0.00,-0.07,0.12,0.00,0.12,-2.3,-1.6,19.5,58.65,-1.15,0.000000,0.000000,0,1,7.83,0.00
494848,0.00,0.00,-0.07,0.00,0.00,0.12,-2.3,-1.6,19.5,58.65,-1.15,0.000000,0.000000,0,1,7.83,0.00
495154,0.00,0.00,-0.05,-0.06,-0.06,0.00,-2.3,-1.6,19.5,58.66,-1.17,0.000000,0.000000,0,1,7.83,0.00
495460,0.00,0.00,-0.05,0.12,0.00,0.00,-2.3,-1.6,19.5,58.66,-1.17,0.000000,0.000000,0,1,7.83,0.00
495766,0.00,0.00,-0.05,-0.06,0.00,-0.12,-2.3,-1.6,19.5,58.66,-1.16,0.000000,0.000000,0,1,7.84,0.00
496072,-0.00,0.00,-0.05,0.12,-0.12,-0.06,-2.3,-1.6,19.5,58.67,-1.16,0.000000,0.000000,0,1,7.84,0.00
496378,0.00,0.00,-0.07,0.00,0.06,-0.18,-2.3,-1.6,19.5,58.67,-1.16,0.000000,0.000000,0,1,7.84,0.00
496684,0.00,0.00,-0.07,0.06,-0.12,-0.06,-2.3,-1.6,19.5,58.67,-1.17,0.000000,0.000000,0,1,7.84,0.00
496990,0.00,0.00,-0.07,0.06,0.00,0.06,-2.3,-1.6,19.5,58.67,-1.18,0.000000,0.000000,0,1,7.84,0.00
497296,0.00,0.00,-0.07,0.06,-0.12,-0.18,-2.3,-1.6,19.5,58.68,-1.19,0.000000,0.000000,0,1,7.84,0.00
497602,-0.01,-0.00,-0.07,0.12,-0.06,-0.18,-2.3,-1.6,19.5,58.68,-1.19,0.000000,0.000000,0,1,7.84,0.00
497908,0.00,0.00,-0.05,-0.06,0.12,0.06,-2.3,-1.6,19.5,58.69,-1.18,0.000000,0.000000,0,1,7.84,0.00
498214,-0.00,0.00,-0.05,0.06,0.06,-0.06,-2.3,-1.6,19.5,58.69,-1.18,0.000000,0.000000,0,1,7.84,0.00
498520,0.00,-0.00,-0.07,0.06,0.12,0.06,-2.3,-1.6,19.5,58.69,-1.16,0.000000,0.000000,0,1,7.84,0.00
498826,-0.01,0.00,-0.05,-0.06,0.00,0.06,-2.3,-1.6,19.5,58.69,-1.15,0.000000,0.000000,0,1,7.84,0.00
499132,0.00,0.00,-0.05,0.00,-0.18,-0.06,-2.3,-1.6,19.5,58.70,-1.14,0.000000,0.000000,0,1,7.84,0.00
499438,0.00,0.00,-0.09,-0.06,0.00,0.12,-2.3,-1.6,19.5,58.70,-1.13,0.000000,0.000000,0,1,7.84,0.00
499744,0.00,0.00,-0.07,0.00,-0.06,0.00,-2.3,-1.6,19.5,58.70,-1.12,0.000000,0.000000,0,1,7.83,0.00
500050,-0.01,0.00,-0.09,-0.06,-0.06,-0.06,-2.3,-1.6,19.5,58.71,-1.11,0.000000,0.000000,0,1,7.83,0.00
500356,0.00,0.00,-0.09,-0.06,0.06,0.06,-2.3,-1.6,19.5,58.71,-1.07,0.000000,0.000000,0,1,7.83,0.00
500662,0.00,0.00,-0.05,-0.06,0.12,0.00,-2.3,-1.6,19.5,58.71,-1.09,0.000000,0.000000,0,1,7.84,0.00
500968,0.00,0.00,-0.03,0.06,-0.06,-0.06,-2.3,-1.6,19.5,58.71,-1.07,0.000000,0.000000,0,1,7.84,0.00
501274,0.00,0.00,-0.05,0.00,0.18,-0.06,-2.3,-1.6,19.5,58.71,-1.03,0.000000,0.000000,0,1,7.84,0.00
501580,0.00,0.01,-0.07,0.00,0.18,0.12,-2.3,-1.6,19.5,58.72,-1.03,0.000000,0.000000,0,1,7.84,0.00
501886,-0.01,0.00,-0.05,0.00,0.18,-0.06,-2.3,-1.6,19.5,58.72,-1.10,0.000000,0.000000,0,1,7.84,0.00
502192,0.00,-0.00,-0.05,-0.06,-0.12,0.00,-2.3,-1.6,19.5,58.72,-1.14,0.000000,0.000000,0,1,7.84,0.00
502498,-0.02,0.00,-0.05,-0.06,0.06,0.00,-2.3,-1.6,19.5,58.72,-1.18,0.000000,0.000000,0,1,7.84,0.00
502804,0.00,0.00,-0.07,0.00,-0.06,-0.12,-2.3,-1.6,19.5,58.73,-1.18,0.000000,0.000000,0,1,7.84,0.00
503110,0.00,0.00,-0.09,0.00,0.00,-0.06,-2.3,-1.6,19.5,58.73,-1.15,0.000000,0.000000,0,1,7.84,0.00
503416,0.00,0.00,-0.07,0.00,-0.06,0.12,-2.3,-1.6,19.5,58.73,-1.12,0.000000,0.000000,0,1,7.84,0.00
503722,-0.00,0.00,-0.07,0.06,0.00,-0.12,-2.3,-1.6,19.5,58.74,-1.12,0.000000,0.000000,0,1,7.84,0.00
504028,0.00,0.00,-0.07,-0.12,-0.06,-0.25,-2.3,-1.6,19.5,58.74,-1.13,0.000000,0.000000,0,1,7.84,0.00
504334,0.00,0.01,-0.07,0.00,0.06,-0.18,-2.3,-1.6,19.5,58.74,-1.18,0.000000,0.000000,0,1,7.84,0.00
504640,0.00,0.00,-0.05,0.12,0.25,-0.12,-2.3,-1.6,19.5,58.74,-1.21,0.000000,0.000000,0,1,7.84,0.00
504946,-0.00,0.02,-0.07,0.00,-0.12,0.00,-2.3,-1.6,19.5,58.75,-1.17,0.000000,0.000000,0,1,7.84,0.00
505252,0.00,0.02,-0.07,-0.12,0.12,-0.06,-2.3,-1.6,19.5,58.75,-1.14,0.000000,0.000000,0,1,7.84,0.00
505558,-0.01,0.00,-0.07,-0.06,0.00,-0.06,-2.3,-1.6,19.5,58.75,-1.09,0.000000,0.000000,0,1,7.84,0.00
505864,0.00,0.01,-0.07,0.06,-0.18,-0.06,-2.3,-1.6,19.5,58.75,-1.07,0.000000,0.000000,0,1,7.84,0.00
506170,0.00,0.00,-0.05,0.06,0.00,-0.06,-2.3,-1.6,19.5,58.75,-1.08,0.000000,0.000000,0,1,7.84,0.00
506476,0.00,0.00,-0.05,-0.06,-0.06,0.18,-2.3,-1.6,19.5,58.76,-1.08,0.000000,0.000000,0,1,7.84,0.00
506782,0.00,0.00,-0.05,0.06,0.18,-0.18,-2.3,-1.6,19.5,58.76,-1.04,0.000000,0.000000,0,1,7.83,0.00
507088,-0.00,-0.00,-0.07,-0.06,0.12,0.00,-2.3,-1.6,19.5,58.76,-1.05,0.000000,0.000000,0,1,7.83,0.00
507394,-0.00,0.01,-0.10,0.00,0.00,-0.06,-2.3,-1.6,19.5,58.76,-1.11,0.000000,0.000000,0,1,7.83,0.00
507700,0.00,0.00,-0.05,0.00,0.06,-0.06,-2.3,-1.6,19.5,58.77,-1.15,0.000000,0.000000,0,1,7.84,0.00
508006,-0.00,0.00,-0.05,0.06,-0.06,-0.12,-2.3,-1.6,19.5,58.77,-1.17,0.000000,0.000000,0,1,7.84,0.00
508312,0.00,-0.00,-0.07,0.00,0.00,0.00,-2.3,-1.6,19.5,58.78,-1.18,0.000000,0.000000,0,1,7.84,0.00
508618,0.00,0.01,-0.07,-0.06,-0.12,0.00,-2.3,-1.6,19.5,58.78,-1.20,0.000000,0.000000,0,1,7.84,0.00
508924,0.00,0.00,-0.02,0.06,0.06,-0.06,-2.3,-1.6,19.5,58.78,-1.28,0.000000,0.000000,0,1,7.83,0.00
509230,0.00,0.01,-0.05,-0.06,-0.06,-0.37,-2.3,-1.6,19.5,58.79,-1.31,0.000000,0.000000,0,1,7.83,0.00
509536,0.00,0.00,-0.05,0.06,-0.18,0.06,-2.3,-1.6,19.5,58.79,-1.27,0.000000,0.000000,0,1,7.83,0.00
509842,-0.01,0.00,-0.05,0.00,0.00,0.00,-2.3,-1.6,19.5,58.80,-1.38,0.000000,0.000000,0,1,7.83,0.00
510148,-0.00,0.00,-0.05,-0.06,0.06,0.25,-2.3,-1.6,19.5,58.80,-1.51,0.000000,0.000000,0,1,7.83,0.00
510454,-0.00,0.01,-0.07,0.06,0.00,0.00,-2.3,-1.6,19.5,58.81,-1.43,0.000000,0.000000,0,1,7.83,0.00
510760,0.00,0.00,-0.07,0.12,0.12,-0.18,-2.3,-1.6,19.5,58.80,-1.19,0.000000,0.000000,0,1,7.83,0.00
511066,0.00,0.00,-0.05,0.06,-0.06,0.00,-2.3,-1.6,19.5,58.81,-1.00,0.000000,0.000000,0,1,7.83,0.00
511372,-0.01,0.00,-0.07,-0.06,-0.12,0.18,-2.3,-1.6,19.5,58.81,-0.90,0.000000,0.000000,0,1,7.83,0.00
511984,0.00,-0.01,-0.07,-0.12,0.12,-0.06,-2.3,-1.6,19.5,58.80,-0.82,0.000000,0.000000,0,1,7.84,0.00
512290,-0.00,0.00,-0.07,0.06,-0.18,0.37,-2.3,-1.6,19.5,58.80,-0.75,0.000000,0.000000,0,1,7.84,0.00
512596,0.00,0.01,-0.05,0.00,-0.06,-0.06,-2.3,-1.6,19.5,58.80,-0.73,0.000000,0.000000,0,1,7.84,0.00
512902,-0.00,0.00,-0.05,-0.06,0.06,0.18,-2.3,-1.6,19.5,58.80,-0.82,0.000000,0.000000,0,1,7.83,0.00
513208,0.00,-0.00,-0.09,0.00,0.06,-0.18,-2.3,-1.6,19.5,58.80,-0.95,0.000000,0.000000,0,1,7.83,0.00
513514,0.00,0.00,-0.09,0.06,-0.06,-0.18,-2.3,-1.6,19.5,58.81,-1.09,0.000000,0.000000,0,1,7.83,0.00
513820,0.00,0.00,-0.05,0.06,0.00,0.00,-2.3,-1.6,19.5,58.81,-1.09,0.000000,0.000000,0,1,7.84,0.00
514126,0.00,0.00,-0.05,0.00,0.00,0.06,-2.3,-1.6,19.5,58.81,-0.97,0.000000,0.000000,0,1,7.84,0.00
514432,-0.00,0.01,-0.03,0.06,0.06,-0.18,-2.3,-1.6,19.5,58.81,-0.88,0.000000,0.000000,0,1,7.84,0.00
514738,-0.00,0.01,-0.07,0.06,0.06,0.12,-2.3,-1.6,19.5,58.81,-0.88,0.000000,0.000000,0,1,7.84,0.00
515044,0.00,0.03,-0.07,0.12,-0.12,0.06,-2.3,-1.6,19.5,58.81,-1.05,0.000000,0.000000,0,1,7.84,0.00
515350,-2.35,-1.00,0.38,-1.87,-4.18,-5.31,-2.4,-1.4,19.6,58.81,-1.08,0.000000,0.000000,0,1,7.84,0.00
515656,0.30,0.77,0.36,1.06,-1.68,-0.25,-2.0,-1.7,19.7,58.82,-1.17,0.000000,0.000000,0,1,7.84,0.00
515962,-0.54,-0.37,1.30,-12.87,1.37,16.81,-2.1,-1.8,17.9,58.82,-1.23,0.000000,0.000000,0,1,7.84,0.00
516268,-1.58,-0.28,1.16,-5.37,2.18,52.25,-2.5,-2.5,7.1,58.83,-1.30,0.000000,0.000000,0,1,7.84,0.00
516574,-1.02,0.23,-0.83,-16.87,7.43,73.37,-4.2,0.0,345.6,58.83,-1.40,0.000000,0.000000,0,1,7.84,0.00
516880,0.11,0.28,-1.63,-15.00,5.62,56.12,-5.5,3.6,327.1,58.84,-1.41,0.000000,0.000000,0,1,7.84,0.00
517186,0.55,0.22,-1.11,5.43,1.56,84.31,-8.1,1.4,306.3,58.84,-1.29,0.000000,0.000000,0,1,7.84,0.00
517492,0.20,0.05,0.00,-26.18,-7.56,36.62,-9.1,2.3,285.9,58.84,-1.07,0.000000,0.000000,0,1,7.84,0.00
517798,0.11,0.74,0.30,-1.56,-1.75,24.93,-9.6,3.3,276.7,58.84,-0.78,0.000000,0.000000,0,1,7.84,0.00
518104,0.58,0.58,1.11,3.31,-1.31,9.31,-8.0,1.3,271.4,58.84,-0.58,0.000000,0.000000,0,1,7.84,0.00
518410,-0.07,0.50,-0.69,3.75,12.37,17.31,-11.5,1.8,268.9,58.84,-0.36,0.000000,0.000000,0,1,7.84,0.00
518716,-0.61,0.00,-0.55,-4.62,9.50,24.56,-10.6,-2.6,258.8,58.84,-0.41,0.000000,0.000000,0,1,7.84,0.00
519022,0.22,0.27,-0.00,3.75,3.75,14.25,-9.9,0.0,256.1,58.84,-0.19,0.000000,0.000000,0,1,7.84,0.00
519328,0.70,0.44,-1.70,-9.06,5.25,14.06,-11.8,0.8,252.5,58.84,-0.06,0.000000,0.000000,0,1,7.84,0.00
519634,0.52,-0.91,1.08,3.75,6.18,61.43,-11.8,-1.6,242.1,58.84,-0.06,0.000000,0.000000,0,1,7.84,0.00
519940,1.69,1.49,-1.14,18.81,-25.75,24.31,-7.5,1.0,241.8,58.84,-0.01,0.000000,0.000000,0,1,7.83,0.00
520551,-0.28,-0.79,-1.03,-1.37,-3.00,60.31,-9.4,0.5,226.5,58.84,-0.00,0.000000,0.000000,0,1,7.83,0.00
520857,-0.05,0.20,-0.49,-18.81,5.81,62.31,-7.8,-1.0,207.8,58.84,-0.08,0.000000,0.000000,0,1,7.83,0.00
521163,-0.83,-0.58,0.19,-0.62,-14.37,39.00,-7.1,2.7,193.8,58.85,-0.18,0.000000,0.000000,0,1,7.83,0.00
521469,-0.05,0.31,0.18,-14.50,3.31,45.68,-8.6,-3.6,175.6,58.85,-0.26,0.000000,0.000000,0,1,7.83,0.00
521775,-0.57,-0.15,0.44,-5.18,-8.56,50.25,-8.1,-3.7,161.5,58.85,-0.24,0.000000,0.000000,0,1,7.83,0.00
522081,-0.57,0.75,-0.03,-1.56,-8.00,35.81,-6.3,-3.6,148.3,58.85,-0.24,0.000000,0.000000,0,1,7.83,0.00
522387,-0.35,0.41,-0.22,-14.18,-8.43,9.25,-6.0,-3.8,140.1,58.86,-0.29,0.000000,0.000000,0,1,7.83,0.00
522693,0.58,-0.02,-0.97,-0.50,-4.06,-0.75,-4.5,-1.5,134.8,58.86,-0.25,0.000000,0.000000,0,1,7.83,0.00
522999,0.28,0.07,-0.11,0.12,-2.00,-0.06,-4.5,-1.5,134.8,58.86,-0.23,0.000000,0.000000,0,1,7.83,0.00
523305,0.00,0.15,-0.11,-0.56,0.93,0.00,-4.5,-1.7,134.8,58.86,-0.21,0.000000,0.000000,0,1,7.83,0.00
523611,0.05,0.11,-0.20,-0.06,-0.25,-0.12,-4.5,-2.0,134.8,58.86,-0.19,0.000000,0.000000,0,1,7.83,0.00
523917,0.00,0.22,-0.46,0.00,1.06,-0.06,-4.5,-2.1,134.8,58.86,-0.22,0.000000,0.000000,0,1,7.83,0.00
524223,0.09,0.07,-0.11,-0.12,-0.25,0.12,-4.6,-2.3,134.8,58.86,-0.26,0.000000,0.000000,0,1,7.83,0.00
524529,0.00,0.09,-0.11,-0.12,0.37,0.06,-4.6,-2.3,134.8,58.86,-0.26,0.000000,0.000000,0,1,7.83,0.00
524835,-0.03,0.88,0.63,45.31,21.00,-21.56,-4.3,-11.2,138.5,58.87,-0.26,0.000000,0.000000,0,1,7.83,0.00
525141,0.11,0.27,-0.79,-31.25,10.00,16.18,-5.0,-3.9,134.5,58.87,-0.23,0.000000,0.000000,0,1,7.83,0.00
525447,-0.44,0.51,0.86,-20.87,-1.18,3.56,-9.1,-5.0,132.1,58.87,-0.18,0.000000,0.000000,0,1,7.83,0.00
525753,0.28,0.05,-0.20,4.31,-0.50,3.93,-8.8,-4.1,130.0,58.87,-0.14,0.000000,0.000000,0,1,7.83,0.00
526059,-0.33,0.11,0.35,-6.18,-18.18,1.06,-9.0,-4.0,129.6,58.86,-0.05,0.000000,0.000000,0,1,7.83,0.00
526365,0.27,0.00,-0.10,-3.12,0.00,6.87,-4.6,-2.6,129.0,58.86,-0.07,0.000000,0.000000,0,1,7.83,0.00
526671,0.05,0.03,0.01,-1.18,-0.56,-0.06,-4.5,-2.6,130.0,58.86,-0.11,0.000000,0.000000,0,1,7.83,0.00
526977,0.11,0.00,0.00,-0.37,0.12,0.06,-4.5,-2.6,130.0,58.87,-0.17,0.000000,0.000000,0,1,7.84,0.00
527283,0.02,0.05,-0.07,0.00,0.12,-0.18,-4.5,-2.7,130.0,58.87,-0.21,0.000000,0.000000,0,1,7.84,0.00
527589,-0.13,-0.00,-0.15,0.93,-0.12,0.12,-4.5,-2.7,130.0,58.87,-0.23,0.000000,0.000000,0,1,7.84,0.00
527895,0.17,0.37,0.28,1.87,0.00,0.25,-4.5,-2.8,130.0,58.87,-0.21,0.000000,0.000000,0,1,7.83,0.00
528201,0.05,0.15,-0.09,0.31,0.12,0.12,-4.5,-2.8,130.0,58.87,-0.20,0.000000,0.000000,0,1,7.83,0.00
528507,0.07,0.01,-0.00,-0.25,-0.12,-0.12,-4.4,-2.8,130.0,58.87,-0.22,0.000000,0.000000,0,1,7.83,0.00
528813,0.02,0.03,-0.07,0.06,0.00,-0.12,-4.4,-2.8,130.0,58.88,-0.29,0.000000,0.000000,0,1,7.83,0.00
529119,0.03,0.01,-0.05,-0.18,-0.12,0.00,-4.4,-2.8,130.0,58.88,-0.23,0.000000,0.000000,0,1,7.84,0.00
529425,0.05,0.01,-0.05,0.06,0.06,-0.06,-4.4,-2.8,130.0,58.87,0.14,0.000000,0.000000,0,1,7.84,0.00
529731,0.07,0.03,-0.10,0.06,0.00,0.06,-4.4,-2.8,130.0,58.87,-0.00,0.000000,0.000000,0,1,7.84,0.00
530037,0.05,0.07,-0.10,0.18,0.00,-0.06,-4.4,-2.8,130.0,58.88,-0.25,0.000000,0.000000,0,1,7.83,0.00
530343,0.05,0.00,-0.07,-0.06,-0.06,0.00,-4.4,-2.8,130.0,58.88,-0.32,0.000000,0.000000,0,1,7.83,0.00
530649,0.05,0.05,-0.07,0.18,0.25,-0.12,-4.4,-2.8,130.0,58.88,-0.34,0.000000,0.000000,0,1,7.83,0.00
530955,0.05,0.01,-0.09,0.12,-0.12,0.00,-4.4,-2.8,130.0,58.88,-0.28,0.000000,0.000000,0,1,7.84,0.00
531261,0.02,0.05,-0.11,-0.06,0.06,0.06,-4.4,-2.8,130.0,58.88,-0.25,0.000000,0.000000,0,1,7.84,0.00
531567,0.02,0.05,-0.10,0.18,0.12,-0.31,-4.4,-2.8,130.0,58.88,-0.15,0.000000,0.000000,0,1,7.84,0.00
531873,0.11,0.00,-0.07,0.25,0.12,-0.12,-4.4,-2.8,130.0,58.88,-0.16,0.000000,0.000000,0,1,7.83,0.00
532179,0.11,0.02,0.05,0.00,-0.25,-0.06,-4.4,-2.8,130.0,58.87,-0.11,0.000000,0.000000,0,1,7.83,0.00
532485,0.22,0.11,0.02,0.43,-0.12,0.12,-4.5,-2.8,130.0,58.87,0.01,0.000000,0.000000,0,1,7.83,0.00
532791,0.07,0.02,-0.07,-0.31,0.18,0.06,-4.5,-2.8,130.0,58.87,0.01,0.000000,0.000000,0,1,7.83,0.00
533097,0.03,0.00,-0.02,-0.25,0.31,0.31,-4.4,-2.9,130.0,58.87,0.02,0.000000,0.000000,0,1,7.84,0.00
533403,0.03,0.05,-0.03,0.12,-0.12,0.37,-4.4,-2.9,130.0,58.86,0.08,0.000000,0.000000,0,1,7.84,0.00
533709,0.03,0.01,-0.05,-0.06,0.00,0.06,-4.4,-2.9,130.0,58.86,0.12,0.000000,0.000000,0,1,7.84,0.00
534015,0.03,0.05,-0.05,0.06,-0.06,-0.06,-4.4,-2.9,130.0,58.85,0.06,0.000000,0.000000,0,1,7.83,0.00
534321,0.03,0.00,-0.05,0.06,0.18,0.18,-4.4,-2.9,130.0,58.85,0.07,0.000000,0.000000,0,1,7.83,0.00
534627,0.05,0.02,-0.02,0.06,0.00,0.06,-4.4,-2.9,130.0,58.85,0.10,0.000000,0.000000,0,1,7.83,0.00
534933,0.03,0.03,-0.05,0.00,0.00,0.06,-4.4,-2.9,130.0,58.85,0.07,0.000000,0.000000,0,1,7.83,0.00
535239,0.05,0.00,-0.05,0.06,-0.12,0.00,-4.4,-2.9,130.0,58.85,-0.01,0.000000,0.000000,0,1,7.83,0.00
535851,0.03,0.02,-0.07,0.00,-0.06,0.12,-4.4,-2.9,130.0,58.86,-0.15,0.000000,0.000000,0,1,7.83,0.00
536157,0.05,0.00,-0.03,-0.06,-0.06,0.00,-4.4,-2.9,130.0,58.86,-0.16,0.000000,0.000000,0,1,7.83,0.00
536463,0.03,0.00,-0.05,0.12,0.00,0.18,-4.4,-2.9,130.0,58.86,-0.21,0.000000,0.000000,0,1,7.83,0.00
536769,0.05,0.02,-0.05,0.12,0.06,-0.12,-4.4,-2.9,130.0,58.86,-0.22,0.000000,0.000000,0,1,7.83,0.00
537075,0.05,0.01,-0.05,0.06,-0.12,0.06,-4.4,-2.9,130.0,58.86,-0.17,0.000000,0.000000,0,1,7.83,0.00
537381,0.05,0.01,-0.03,0.06,0.06,0.18,-4.4,-2.9,130.0,58.85,-0.15,0.000000,0.000000,0,1,7.83,0.00
537687,0.03,0.01,-0.03,0.12,-0.06,-0.06,-4.4,-2.9,130.0,58.85,-0.09,0.000000,0.000000,0,1,7.83,0.00
537993,0.07,0.00,-0.09,-0.06,0.06,-0.12,-4.4,-2.9,130.0,58.85,-0.03,0.000000,0.000000,0,1,7.83,0.00
538299,0.02,0.00,-0.05,-0.06,-0.18,-0.06,-4.4,-2.9,130.0,58.85,0.01,0.000000,0.000000,0,1,7.83,0.00
538605,0.05,0.03,-0.05,0.06,0.06,0.00,-4.4,-2.9,130.0,58.84,-0.00,0.000000,0.000000,0,1,7.83,0.00
538911,0.03,0.00,-0.07,0.00,-0.18,0.00,-4.4,-2.9,130.0,58.84,0.09,0.000000,0.000000,0,1,7.83,0.00
539217,0.03,0.03,-0.05,0.06,-0.06,-0.06,-4.4,-2.9,130.0,58.84,0.16,0.000000,0.000000,0,1,7.83,0.00
539523,0.05,0.00,-0.03,0.12,-0.06,-0.12,-4.4,-2.9,130.0,58.84,0.07,0.000000,0.000000,0,1,7.83,0.00
539829,0.03,0.01,-0.02,-0.06,0.18,0.06,-4.4,-2.9,130.0,58.84,0.05,0.000000,0.000000,0,1,7.83,0.00
540135,0.05,0.03,-0.05,0.00,0.06,0.25,-4.4,-2.9,130.0,58.83,0.00,0.000000,0.000000,0,1,7.83,0.00
540441,0.05,0.02,-0.03,0.06,0.12,0.00,-4.4,-2.9,130.0,58.83,-0.01,0.000000,0.000000,0,1,7.83,0.00
540747,0.05,0.01,-0.05,0.06,-0.12,-0.12,-4.4,-2.9,130.0,58.82,0.40,0.000000,0.000000,0,1,7.83,0.00
541053,0.05,0.05,-0.05,-0.06,0.06,0.00,-4.4,-2.9,130.0,58.81,0.39,0.000000,0.000000,0,1,7.83,0.00
541359,0.03,0.00,-0.07,-0.06,0.06,0.00,-4.4,-2.9,130.0,58.81,0.20,0.000000,0.000000,0,1,7.83,0.00
541665,0.03,0.03,-0.03,0.00,0.00,0.18,-4.4,-2.9,130.0,58.81,0.09,0.000000,0.000000,0,1,7.83,0.00
541971,0.05,0.05,-0.02,0.00,0.12,0.12,-4.4,-2.9,130.0,58.81,0.10,0.000000,0.000000,0,1,7.83,0.00
542277,0.05,0.03,-0.05,0.00,0.00,-0.12,-4.4,-2.9,130.0,58.81,0.04,0.000000,0.000000,0,1,7.83,0.00
542583,0.05,0.01,-0.01,-0.06,-0.06,0.00,-4.4,-2.9,130.0,58.81,0.02,0.000000,0.000000,0,1,7.83,0.00
542889,0.05,0.01,-0.07,0.12,0.00,-0.25,-4.4,-2.9,130.0,58.81,0.04,0.000000,0.000000,0,1,7.83,0.00
543195,0.05,0.00,-0.03,0.00,-0.06,0.06,-4.4,-2.9,130.0,58.80,0.01,0.000000,0.000000,0,1,7.83,0.00
543501,0.05,0.01,-0.05,0.00,-0.12,0.00,-4.4,-2.9,130.0,58.80,-0.09,0.000000,0.000000,0,1,7.83,0.00
543807,0.05,0.00,-0.05,-0.06,-0.18,0.00,-4.4,-2.9,130.0,58.80,-0.18,0.000000,0.000000,0,1,7.83,0.00
544113,0.03,0.00,-0.05,0.00,0.00,0.06,-4.4,-2.9,130.0,58.80,-0.16,0.000000,0.000000,0,1,7.83,0.00
544419,0.05,0.03,-0.05,-0.06,0.06,0.00,-4.4,-2.9,130.0,58.80,-0.15,0.000000,0.000000,0,1,7.83,0.00
544725,0.05,0.05,-0.05,0.06,0.00,0.06,-4.4,-2.9,130.0,58.80,-0.14,0.000000,0.000000,0,1,7.83,0.00
545031,0.07,0.01,-0.05,0.06,-0.18,0.06,-4.4,-2.9,130.0,58.80,-0.14,0.000000,0.000000,0,1,7.83,0.00
545337,0.03,0.01,-0.02,0.06,0.06,-0.25,-4.4,-2.9,130.0,58.80,-0.10,0.000000,0.000000,0,1,7.83,0.00
545643,0.03,0.03,-0.03,0.00,0.00,-0.06,-4.4,-2.9,130.0,58.80,-0.12,0.000000,0.000000,0,1,7.83,0.00
545949,0.03,0.00,-0.02,0.12,-0.12,0.12,-4.4,-2.9,130.0,58.80,-0.13,0.000000,0.000000,0,1,7.83,0.00
546255,0.03,0.03,-0.03,0.06,0.18,0.06,-4.4,-2.9,130.0,58.80,-0.04,0.000000,0.000000,0,1,7.83,0.00
546561,0.07,0.02,-0.07,0.06,0.12,-0.06,-4.4,-2.9,130.0,58.79,-0.00,0.000000,0.000000,0,1,7.83,0.00
546867,0.05,0.01,-0.05,-0.06,-0.12,-0.06,-4.4,-2.9,130.0,58.79,-0.05,0.000000,0.000000,0,1,7.83,0.00
547173,0.05,0.02,-0.05,-0.06,0.00,0.25,-4.4,-2.9,130.0,58.79,-0.04,0.000000,0.000000,0,1,7.82,0.00
547479,0.05,0.02,-0.03,-0.06,-0.06,-0.18,-4.4,-2.9,130.0,58.78,-0.00,0.000000,0.000000,0,1,7.82,0.00
547785,0.03,0.00,-0.02,0.18,0.18,0.06,-4.4,-2.9,130.0,58.78,0.02,0.000000,0.000000,0,1,7.82,0.00
548091,0.05,0.03,-0.05,0.06,-0.12,-0.18,-4.4,-2.9,130.0,58.78,0.11,0.000000,0.000000,0,1,7.85,0.00
548397,0.05,0.03,-0.07,0.00,-0.06,0.12,-4.4,-2.9,130.0,58.77,0.16,0.000000,0.000000,0,1,7.85,0.00
548703,0.05,0.00,-0.07,0.00,-0.12,0.06,-4.4,-2.9,130.0,58.77,0.14,0.000000,0.000000,0,1,7.85,0.00
549009,0.05,0.01,-0.05,-0.06,-0.06,0.00,-4.4,-2.9,130.0,58.77,0.16,0.000000,0.000000,0,1,7.85,0.00
549315,0.05,0.03,-0.05,-0.06,-0.06,0.06,-4.4,-2.9,130.0,58.76,0.19,0.000000,0.000000,0,1,7.83,0.00
549621,0.02,0.00,-0.07,0.06,0.12,0.06,-4.4,-2.9,130.0,58.76,0.19,0.000000,0.000000,0,1,7.83,0.00
549927,0.02,0.02,-0.03,-0.06,0.12,0.00,-4.4,-2.9,130.0,58.76,0.18,0.000000,0.000000,0,1,7.83,0.00
550233,0.05,0.01,-0.05,-0.06,-0.12,-0.12,-4.4,-2.9,130.0,58.75,0.11,0.000000,0.000000,0,1,7.83,0.00
550539,0.03,0.01,-0.05,-0.06,0.06,0.06,-4.4,-2.9,130.0,58.75,0.12,0.000000,0.000000,0,1,7.83,0.00
550845,0.05,0.02,-0.02,0.25,-0.06,-0.12,-4.4,-2.9,130.0,58.75,0.16,0.000000,0.000000,0,1,7.83,0.00
551151,0.05,0.03,-0.05,0.12,0.18,0.12,-4.4,-2.9,130.0,58.75,0.13,0.000000,0.000000,0,1,7.82,0.00
551457,0.05,0.02,-0.07,0.00,-0.06,-0.18,-4.4,-2.9,130.0,58.74,0.09,0.000000,0.000000,0,1,7.82,0.00
551763,0.02,0.02,-0.05,0.06,0.12,-0.18,-4.4,-2.9,130.0,58.74,0.03,0.000000,0.000000,0,1,7.82,0.00
552069,0.05,0.01,-0.05,-0.06,0.18,0.00,-4.4,-2.9,130.0,58.74,0.04,0.000000,0.000000,0,1,7.83,0.00
552375,0.03,0.01,-0.07,-0.06,-0.06,0.06,-4.4,-2.9,130.0,58.74,-0.01,0.000000,0.000000,0,1,7.83,0.00
552681,0.03,0.01,-0.03,0.00,-0.18,0.12,-4.4,-2.9,130.0,58.74,-0.05,0.000000,0.000000,0,1,7.83,0.00
552987,0.02,0.02,-0.03,0.00,-0.06,0.00,-4.4,-2.9,130.0,58.74,-0.10,0.000000,0.000000,0,1,7.83,0.00
553293,0.05,0.03,-0.05,0.06,-0.18,0.06,-4.4,-2.9,130.0,58.74,-0.15,0.000000,0.000000,0,1,7.83,0.00
553599,0.05,0.01,-0.01,-0.06,0.06,-0.18,-4.4,-2.9,130.0,58.74,-0.25,0.000000,0.000000,0,1,7.83,0.00
553905,0.05,0.01,-0.07,0.00,0.18,0.00,-4.4,-2.9,130.0,58.74,-0.19,0.000000,0.000000,0,1,7.83,0.00
554211,0.03,0.02,-0.05,-0.12,-0.12,-0.12,-4.4,-2.9,130.0,58.74,-0.19,0.000000,0.000000,0,1,7.83,0.00
554517,0.07,0.03,-0.05,-0.06,-0.06,0.25,-4.4,-2.9,130.0,58.74,-0.24,0.000000,0.000000,0,1,7.83,0.00
554823,0.03,0.03,-0.07,0.06,0.00,0.06,-4.4,-2.9,130.0,58.75,-0.24,0.000000,0.000000,0,1,7.83,0.00
555129,0.05,0.00,-0.05,0.00,0.00,0.12,-4.4,-2.9,130.0,58.74,-0.25,0.000000,0.000000,0,1,7.83,0.00
555435,0.03,0.02,-0.05,0.00,-0.06,0.06,-4.4,-2.9,130.0,58.74,-0.24,0.000000,0.000000,0,1,7.83,0.00
555741,0.05,0.05,-0.03,-0.06,-0.06,0.18,-4.4,-2.9,130.0,58.74,-0.18,0.000000,0.000000,0,1,7.83,0.00
556047,0.05,0.05,-0.09,0.00,0.12,0.06,-4.4,-2.9,130.0,58.74,-0.15,0.000000,0.000000,0,1,7.83,0.00
556353,0.05,0.02,-0.05,-0.12,0.18,0.06,-4.4,-2.9,130.0,58.74,-0.09,0.000000,0.000000,0,1,7.83,0.00
556659,0.05,0.02,-0.07,0.00,-0.12,-0.18,-4.4,-2.9,130.0,58.74,-0.08,0.000000,0.000000,0,1,7.83,0.00
556965,0.03,0.05,-0.05,0.06,-0.12,-0.06,-4.4,-2.9,130.0,58.74,-0.10,0.000000,0.000000,0,1,7.83,0.00
557271,0.03,0.00,-0.07,-0.06,-0.06,0.06,-4.4,-2.9,130.0,58.74,-0.09,0.000000,0.000000,0,1,7.83,0.00
557577,0.05,0.01,-0.05,-0.06,0.06,-0.06,-4.4,-2.9,130.0,58.74,-0.09,0.000000,0.000000,0,1,7.83,0.00
557883,0.03,0.03,-0.05,-0.06,-0.12,0.00,-4.4,-2.9,130.0,58.74,-0.13,0.000000,0.000000,0,1,7.83,0.00
558189,0.05,0.03,-0.05,0.06,0.00,0.06,-4.4,-2.9,130.0,58.74,-0.16,0.000000,0.000000,0,1,7.82,0.00
558495,0.05,0.03,-0.03,0.12,0.00,-0.06,-4.4,-2.9,130.0,58.74,-0.17,0.000000,0.000000,0,1,7.82,0.00
558801,0.03,0.03,-0.03,-0.06,-0.06,0.00,-4.4,-2.9,130.0,58.74,-0.18,0.000000,0.000000,0,1,7.82,0.00
559107,0.05,0.02,-0.05,0.00,0.12,0.12,-4.4,-2.9,130.0,58.74,-0.24,0.000000,0.000000,0,1,7.82,0.00
559413,0.03,0.01,-0.05,-0.06,0.00,0.06,-4.4,-2.9,130.0,58.74,-0.27,0.000000,0.000000,0,1,7.83,0.00
559719,0.05,0.03,-0.03,-0.06,-0.06,-0.06,-4.4,-2.9,130.0,58.74,-0.26,0.000000,0.000000,0,1,7.83,0.00
560025,0.02,0.03,-0.05,-0.06,-0.06,-0.06,-4.4,-2.9,130.0,58.74,-0.25,0.000000,0.000000,0,1,7.83,0.00
560331,0.07,0.01,-0.07,0.06,-0.06,-0.06,-4.4,-2.9,130.0,58.74,-0.27,0.000000,0.000000,0,1,7.83,0.00
560637,0.03,0.01,-0.05,-0.06,-0.06,-0.25,-4.4,-2.9,130.0,58.74,-0.28,0.000000,0.000000,0,1,7.83,0.00
560943,0.03,0.05,-0.05,-0.18,-0.06,-0.12,-4.4,-2.9,130.0,58.75,-0.26,0.000000,0.000000,0,1,7.83,0.00
561249,0.05,0.01,-0.05,0.06,-0.06,0.00,-4.4,-2.9,130.0,58.75,-0.25,0.000000,0.000000,0,1,7.83,0.00
561555,0.03,0.03,-0.07,0.00,-0.18,-0.06,-4.4,-2.9,130.0,58.74,-0.27,0.000000,0.000000,0,1,7.83,0.00
561861,0.05,0.00,-0.05,-0.06,-0.12,-0.12,-4.4,-2.9,130.0,58.75,-0.21,0.000000,0.000000,0,1,7.83,0.00
562167,0.05,0.02,-0.05,-0.18,0.12,-0.25,-4.4,-2.9,130.0,58.75,-0.25,0.000000,0.000000,0,1,7.83,0.00
562473,0.02,0.02,-0.07,0.00,-0.06,0.00,-4.4,-2.9,130.0,58.75,-0.22,0.000000,0.000000,0,1,7.83,0.00
562779,0.03,0.02,-0.05,0.00,-0.12,0.06,-4.4,-2.9,130.0,58.75,-0.21,0.000000,0.000000,0,1,7.83,0.00
563085,0.03,0.05,-0.05,0.06,-0.06,0.12,-4.4,-2.9,130.0,58.75,-0.22,0.000000,0.000000,0,1,7.83,0.00
563391,0.07,0.03,-0.07,0.12,-0.06,-0.06,-4.4,-2.9,130.0,58.75,-0.19,0.000000,0.000000,0,1,7.83,0.00
563697,0.03,0.03,-0.07,-0.18,-0.06,0.00,-4.4,-2.9,130.0,58.75,-0.20,0.000000,0.000000,0,1,7.83,0.00
564003,0.01,0.07,-0.02,0.06,0.00,-0.18,-4.4,-2.9,130.0,58.74,-0.20,0.000000,0.000000,0,1,7.83,0.00
564309,0.05,0.05,-0.05,-0.18,0.00,-0.06,-4.4,-2.9,130.0,58.75,-0.25,0.000000,0.000000,0,1,7.82,0.00
564615,0.05,0.00,-0.07,-0.18,0.06,-0.18,-4.4,-2.9,130.0,58.75,-0.24,0.000000,0.000000,0,1,7.82,0.00
564921,0.03,0.05,-0.05,0.06,-0.18,-0.06,-4.4,-2.9,130.0,58.75,-0.23,0.000000,0.000000,0,1,7.82,0.00
565227,0.00,0.01,-0.05,-0.06,0.12,-0.25,-4.4,-2.9,130.0,58.75,-0.25,0.000000,0.000000,0,1,7.82,0.00
565533,0.05,0.02,-0.03,0.00,0.06,-0.06,-4.4,-2.9,130.0,58.75,-0.27,0.000000,0.000000,0,1,7.82,0.00
565839,0.02,0.02,-0.05,0.06,0.18,0.00,-4.4,-2.9,130.0,58.75,-0.30,0.000000,0.000000,0,1,7.82,0.00
566145,0.05,0.02,-0.05,-0.06,0.06,-0.25,-4.4,-2.9,130.0,58.75,-0.31,0.000000,0.000000,0,1,7.82,0.00
566451,0.05,0.05,-0.05,-0.06,-0.06,-0.12,-4.4,-2.9,130.0,58.75,-0.32,0.000000,0.000000,0,1,7.82,0.00
566757,0.05,0.05,-0.07,0.06,0.12,0.00,-4.4,-2.9,130.0,58.75,-0.34,0.000000,0.000000,0,1,7.82,0.00
567063,0.05,0.02,-0.05,-0.06,0.00,-0.12,-4.4,-2.9,130.0,58.76,-0.38,0.000000,0.000000,0,1,7.82,0.00
567369,0.02,0.05,-0.09,0.18,0.25,-0.25,-4.4,-2.9,130.0,58.76,-0.48,0.000000,0.000000,0,1,7.82,0.00
567675,0.07,0.05,-0.03,0.06,0.00,0.12,-4.4,-2.9,130.0,58.76,-0.52,0.000000,0.000000,0,1,7.82,0.00
567981,0.23,-0.05,0.00,-1.06,-1.12,0.00,-4.3,-2.9,129.8,58.77,-0.52,0.000000,0.000000,0,1,7.82,0.00
568287,0.07,-0.05,-0.15,-0.43,-0.18,-0.06,-4.3,-3.0,129.8,58.77,-0.54,0.000000,0.000000,0,1,7.83,0.00
568593,0.02,0.05,-0.05,0.06,0.12,-0.06,-4.3,-3.0,129.8,58.77,-0.55,0.000000,0.000000,0,1,7.83,0.00
568899,0.02,0.01,-0.01,0.06,-0.12,-0.12,-4.3,-3.0,129.8,58.78,-0.51,0.000000,0.000000,0,1,7.83,0.00
569205,0.02,0.03,-0.05,0.06,0.06,-0.06,-4.3,-3.0,129.8,58.78,-0.55,0.000000,0.000000,0,1,7.83,0.00
569511,0.01,0.17,-0.05,0.31,0.06,-0.06,-4.3,-3.0,129.8,58.78,-0.59,0.000000,0.000000,0,1,7.83,0.00
569817,0.02,0.03,-0.05,-0.12,0.00,0.00,-4.3,-3.0,129.8,58.79,-0.60,0.000000,0.000000,0,1,7.83,0.00
570123,-0.07,0.00,-0.02,0.00,0.18,0.06,-4.3,-3.0,129.8,58.79,-0.59,0.000000,0.000000,0,1,7.83,0.00
570429,-0.20,-0.05,-0.17,-0.31,0.18,-0.06,-4.3,-3.0,129.8,58.79,-0.62,0.000000,0.000000,0,1,7.83,0.00
570735,-0.00,0.00,-0.07,0.06,0.18,0.00,-4.3,-3.0,129.8,58.80,-0.62,0.000000,0.000000,0,1,7.83,0.00
571041,-0.01,0.00,-0.03,0.12,0.18,0.18,-4.3,-3.0,129.8,58.80,-0.62,0.000000,0.000000,0,1,7.83,0.00
571347,0.17,-0.07,-0.03,-0.25,0.37,-0.06,-4.3,-3.0,129.8,58.80,-0.62,0.000000,0.000000,0,1,7.83,0.00
571653,0.28,-0.15,-0.15,-1.56,-0.56,-0.12,-4.3,-3.0,129.5,58.81,-0.64,0.000000,0.000000,0,1,7.83,0.00
571959,0.07,-0.00,-0.05,-0.50,-0.12,-0.06,-4.3,-3.0,129.5,58.81,-0.66,0.000000,0.000000,0,1,7.83,0.00
572265,0.05,0.07,0.00,0.31,0.00,-0.06,-4.3,-3.0,129.5,58.82,-0.66,0.000000,0.000000,0,1,7.82,0.00
572571,0.00,0.00,-0.11,0.25,0.25,0.00,-4.3,-3.0,129.5,58.82,-0.65,0.000000,0.000000,0,1,7.82,0.00
572877,0.03,0.02,-0.07,-0.18,0.25,-0.06,-4.3,-3.0,129.5,58.82,-0.63,0.000000,0.000000,0,1,7.82,0.00
573183,0.07,0.01,-0.05,-0.12,0.00,-0.12,-4.3,-3.0,129.5,58.83,-0.59,0.000000,0.000000,0,1,7.82,0.00
573489,0.02,0.02,-0.03,0.00,0.00,0.06,-4.3,-3.0,129.5,58.83,-0.57,0.000000,0.000000,0,1,7.82,0.00
573795,0.03,0.02,-0.05,-0.12,-0.25,0.18,-4.3,-3.0,129.5,58.83,-0.59,0.000000,0.000000,0,1,7.82,0.00
574101,0.07,0.02,-0.02,0.06,0.25,0.00,-4.3,-3.0,129.5,58.84,-0.62,0.000000,0.000000,0,1,7.82,0.00
574407,0.03,0.00,-0.03,-0.06,-0.18,0.00,-4.3,-3.0,129.5,58.84,-0.62,0.000000,0.000000,0,1,7.83,0.00
574713,0.03,0.01,-0.05,0.00,0.06,0.00,-4.3,-3.0,129.5,58.84,-0.61,0.000000,0.000000,0,1,7.83,0.00
575019,0.02,0.01,-0.05,0.00,0.00,-0.06,-4.3,-3.0,129.5,58.85,-0.64,0.000000,0.000000,0,1,7.83,0.00
575325,0.03,0.02,-0.05,0.12,-0.31,-0.06,-4.3,-3.0,129.5,58.85,-0.64,0.000000,0.000000,0,1,7.82,0.00
575631,0.07,0.01,-0.07,0.12,-0.12,0.00,-4.3,-3.0,129.5,58.86,-0.67,0.000000,0.000000,0,1,7.82,0.00
575937,0.05,0.02,-0.05,-0.06,0.06,-0.06,-4.3,-3.0,129.5,58.86,-0.66,0.000000,0.000000,0,1,7.82,0.00
576243,0.05,0.01,-0.07,0.06,-0.06,0.18,-4.3,-3.0,129.5,58.87,-0.64,0.000000,0.000000,0,1,7.82,0.00
576855,-0.02,-0.00,-0.00,0.00,0.25,-0.31,-4.3,-3.0,129.5,58.87,-0.61,0.000000,0.000000,0,1,7.82,0.00
577161,0.17,0.36,2.13,-10.56,-24.00,-2.43,-3.4,-2.9,132.1,58.88,-0.64,0.000000,0.000000,0,1,7.82,0.00
577467,-0.25,-0.45,0.13,-7.93,-3.56,-23.75,-2.8,-0.6,135.5,58.88,-0.61,0.000000,0.000000,0,1,7.82,0.00
577773,0.11,-0.19,-1.08,3.87,4.56,-34.87,-3.0,-0.6,144.1,58.88,-0.62,0.000000,0.000000,0,1,7.82,0.00
578079,0.66,0.81,-0.35,0.18,-5.00,-24.00,-3.8,-0.2,153.8,58.89,-0.50,0.000000,0.000000,0,1,7.82,0.00
578385,0.18,0.50,-0.38,-18.00,-2.56,-10.37,-3.5,1.5,157.1,58.89,-0.29,0.000000,0.000000,0,1,7.83,0.00
578691,-0.05,0.33,-0.10,10.87,22.75,-4.00,-4.6,1.0,159.5,58.88,-0.23,0.000000,0.000000,0,1,7.83,0.00
578997,-0.33,0.11,0.81,-6.31,5.62,-28.68,-9.3,3.2,164.6,58.89,-0.30,0.000000,0.000000,0,1,7.83,0.00
579303,0.76,0.36,-0.70,-30.75,39.62,-25.81,-10.9,5.6,169.6,58.89,-0.35,0.000000,0.000000,0,1,7.83,0.00
579609,-0.93,0.69,-0.43,-51.50,-28.31,-11.56,-8.8,9.0,171.9,58.89,-0.39,0.000000,0.000000,0,1,7.83,0.00
579915,0.75,-0.35,0.63,-13.18,-7.87,40.56,-11.5,5.5,161.1,58.90,-0.54,0.000000,0.000000,0,1,7.83,0.00
580221,0.80,0.11,0.15,-2.50,16.37,36.37,-10.2,4.0,151.1,58.90,-0.54,0.000000,0.000000,0,1,7.83,0.00
580527,0.52,-0.27,0.61,-4.00,-8.25,13.31,-6.1,-0.3,142.8,58.90,-0.46,0.000000,0.000000,0,1,7.82,0.00
580833,-2.26,0.61,0.58,70.00,-10.43,42.31,-0.5,-1.2,131.9,58.90,-0.41,0.000000,0.000000,0,1,7.82,0.00
581139,0.36,0.11,-0.63,8.31,-3.75,9.18,-0.8,1.1,128.4,58.91,-0.50,0.000000,0.000000,0,1,7.82,0.00
581445,-0.05,0.28,-0.31,-7.62,-10.43,4.75,-3.8,0.1,127.0,58.91,-0.60,0.000000,0.000000,0,1,7.82,0.00
581751,-0.43,0.30,-0.40,27.12,-13.75,11.56,-5.0,-2.0,126.1,58.92,-0.66,0.000000,0.000000,0,1,7.82,0.00
582057,0.19,0.17,0.11,0.81,0.43,-0.18,-4.1,-3.1,121.9,58.92,-0.64,0.000000,0.000000,0,1,7.82,0.00
582363,0.05,-0.03,-0.11,-0.37,-0.75,-0.06,-4.1,-3.1,121.8,58.93,-0.60,0.000000,0.000000,0,1,7.83,0.00
582669,0.01,0.00,-0.07,-0.06,0.18,0.06,-4.1,-3.1,121.8,58.93,-0.61,0.000000,0.000000,0,1,7.83,0.00
582975,0.07,-0.00,-0.05,-0.12,0.00,0.06,-4.1,-3.1,121.8,58.93,-0.63,0.000000,0.000000,0,1,7.83,0.00
583281,0.05,0.00,-0.05,-0.12,0.25,-0.12,-4.1,-3.1,121.8,58.94,-0.66,0.000000,0.000000,0,1,7.83,0.00
583587,0.05,0.00,-0.03,0.00,-0.06,0.00,-4.1,-3.1,121.8,58.94,-0.67,0.000000,0.000000,0,1,7.82,0.00
583893,0.05,0.00,-0.07,0.06,0.06,0.06,-4.1,-3.1,121.8,58.95,-0.67,0.000000,0.000000,0,1,7.82,0.00
584199,0.05,0.01,-0.07,0.00,0.00,0.12,-4.1,-3.1,121.8,58.95,-0.66,0.000000,0.000000,0,1,7.82,0.00
584505,0.05,0.00,-0.05,0.00,-0.12,0.06,-4.1,-3.1,121.8,58.96,-0.64,0.000000,0.000000,0,1,7.82,0.00
584811,0.05,0.00,-0.05,0.12,-0.12,0.06,-4.1,-3.1,121.8,58.96,-0.61,0.000000,0.000000,0,1,7.82,0.00
585117,0.05,0.00,-0.05,0.06,0.12,0.12,-4.1,-3.1,121.8,58.96,-0.60,0.000000,0.000000,0,1,7.82,0.00
585423,0.05,0.03,-0.07,0.18,0.12,-0.12,-4.1,-3.1,121.8,58.97,-0.60,0.000000,0.000000,0,1,7.82,0.00
585729,0.03,0.00,-0.03,-0.06,-0.06,-0.06,-4.1,-3.1,121.8,58.97,-0.62,0.000000,0.000000,0,1,7.82,0.00
586035,0.07,0.00,-0.05,0.00,-0.18,-0.06,-4.1,-3.1,121.8,58.97,-0.64,0.000000,0.000000,0,1,7.82,0.00
586341,0.05,-0.01,-0.05,0.00,0.00,0.12,-4.1,-3.1,121.8,58.98,-0.64,0.000000,0.000000,0,1,7.82,0.00
586647,0.72,0.31,-0.05,-1.50,1.81,-0.06,-4.1,-3.1,121.8,58.98,-0.63,0.000000,0.000000,0,1,7.82,0.00
586953,0.19,-0.05,-0.05,0.37,0.12,0.43,-4.0,-3.2,121.7,58.99,-0.63,0.000000,0.000000,0,1,7.82,0.00
587259,-0.40,-0.55,0.70,11.12,-36.37,-12.43,-4.8,-3.1,124.6,58.99,-0.62,0.000000,0.000000,0,1,7.82,0.00
587565,0.07,-0.28,0.00,-0.62,-7.37,-37.93,-3.0,-4.1,133.1,58.99,-0.64,0.000000,0.000000,0,1,7.82,0.00
587871,0.23,0.15,0.22,0.37,15.00,-52.43,-4.9,-1.5,146.0,58.99,-0.58,0.000000,0.000000,0,1,7.82,0.00
588177,0.45,-0.15,0.93,-23.43,1.75,-33.00,-6.6,1.0,158.6,59.00,-0.52,0.000000,0.000000,0,1,7.82,0.00
588483,0.00,-0.35,0.38,-30.06,-22.43,-9.81,-6.2,2.5,163.6,59.00,-0.39,0.000000,0.000000,0,1,7.82,0.00
588789,-0.13,0.34,0.33,-9.62,12.68,-2.81,-6.2,1.9,165.3,59.00,-0.23,0.000000,0.000000,0,1,7.82,0.00
589095,0.11,-0.07,-0.40,4.68,-5.18,-3.87,-6.8,0.3,164.8,59.00,-0.24,0.000000,0.000000,0,1,7.82,0.00
589401,0.40,-0.37,-0.11,-7.68,2.37,-2.31,-8.0,-0.1,165.2,59.01,-0.30,0.000000,0.000000,0,1,7.82,0.00
589707,0.50,-0.20,-0.35,-5.06,-17.37,3.50,-8.0,0.7,165.3,59.00,-0.31,0.000000,0.000000,0,1,7.82,0.00
590013,0.25,0.15,-0.15,23.68,-16.68,8.81,-6.6,-0.9,165.4,59.01,-0.36,0.000000,0.000000,0,1,7.82,0.00
590319,1.51,2.80,0.12,2.12,4.43,-5.93,-8.6,-3.2,166.2,59.01,-0.40,0.000000,0.000000,0,1,7.82,0.00
590625,-0.47,-0.66,-1.08,-7.37,5.62,3.56,-8.9,-3.7,165.9,59.01,-0.42,0.000000,0.000000,0,1,7.82,0.00
590931,-0.83,-0.65,-0.09,-17.31,15.00,-18.06,-8.5,-4.7,163.4,59.02,-0.44,0.000000,0.000000,0,1,7.82,0.00
591237,0.10,0.44,0.31,0.62,15.18,0.37,-9.3,-1.2,164.0,59.02,-0.44,0.000000,0.000000,0,1,7.82,0.00
591543,-0.36,0.02,-0.11,-22.37,30.56,-18.75,-12.7,0.0,165.4,59.03,-0.45,0.000000,0.000000,0,1,7.82,0.00
591849,0.01,-0.47,0.11,25.87,24.50,9.50,-21.0,0.2,168.0,59.03,-0.43,0.000000,0.000000,0,1,7.82,0.00
592155,0.30,0.02,0.05,-48.81,-31.81,6.31,-24.0,-0.4,164.2,59.03,-0.44,0.000000,0.000000,0,1,7.82,0.00
592461,-0.19,0.11,0.12,-2.75,-7.18,-3.37,-17.3,1.1,164.7,59.04,-0.44,0.000000,0.000000,0,1,7.81,0.00
592767,0.13,0.33,-0.07,-10.50,-3.56,2.12,-16.2,0.3,163.7,59.04,-0.38,0.000000,0.000000,0,1,7.81,0.00
593073,0.31,0.18,0.52,2.18,-11.50,8.43,-13.6,1.0,162.3,59.04,-0.38,0.000000,0.000000,0,1,7.81,0.00
593379,-0.40,-0.63,-0.37,-19.31,8.43,-11.87,-12.5,-0.8,159.5,59.05,-0.37,0.000000,0.000000,0,1,7.81,0.00
593685,0.17,0.03,-0.27,-15.31,7.75,18.12,-13.8,0.0,158.0,59.05,-0.36,0.000000,0.000000,0,1,7.82,0.00
593991,-0.01,0.19,0.20,-10.25,-9.62,2.37,-14.7,2.4,154.8,59.05,-0.36,0.000000,0.000000,0,1,7.82,0.00
594297,-0.25,-0.02,0.18,-2.31,4.93,-5.93,-14.5,3.2,154.3,59.06,-0.36,0.000000,0.000000,0,1,7.82,0.00
594603,-0.07,0.00,-0.09,9.25,0.62,1.06,-16.0,3.6,153.8,59.06,-0.34,0.000000,0.000000,0,1,7.82,0.00
594909,-0.22,0.34,0.09,-5.68,0.75,5.62,-16.0,3.4,153.1,59.06,-0.35,0.000000,0.000000,0,1,7.82,0.00
595215,0.37,0.01,-0.05,0.12,-3.25,-2.62,-15.5,4.5,153.2,59.07,-0.35,0.000000,0.000000,0,1,7.82,0.00
595521,-0.50,0.35,-0.31,-1.75,-3.25,0.25,-14.6,4.5,152.6,59.07,-0.36,0.000000,0.000000,0,1,7.82,0.00
595827,0.12,0.15,-1.41,-6.56,-18.25,-4.18,-9.5,7.8,151.8,59.07,-0.36,0.000000,0.000000,0,1,7.82,0.00
596133,0.01,-0.15,0.25,-2.18,-17.00,16.87,-3.7,8.5,148.6,59.08,-0.34,0.000000,0.000000,0,1,7.82,0.00
596439,0.37,0.20,-0.23,4.12,7.25,6.43,-2.3,8.7,145.0,59.08,-0.33,0.000000,0.000000,0,1,7.82,0.00
596745,0.13,0.18,-0.11,9.75,7.31,1.12,-2.3,9.0,146.1,59.08,-0.35,0.000000,0.000000,0,1,7.82,0.00
597051,-0.11,0.22,0.11,5.25,-2.25,33.31,-5.1,8.2,145.3,59.09,-0.33,0.000000,0.000000,0,1,7.82,0.00
597357,-0.20,0.20,0.15,3.87,3.56,5.75,-3.8,6.4,139.3,59.09,-0.36,0.000000,0.000000,0,1,7.82,0.00
597663,-0.20,-0.02,-0.40,-4.06,13.31,11.25,-6.6,7.5,139.0,59.09,-0.34,0.000000,0.000000,0,1,7.82,0.00
597969,0.50,0.15,-0.28,4.12,8.62,27.56,-7.1,6.2,128.8,59.10,-0.35,0.000000,0.000000,0,1,7.82,0.00
598275,0.35,-0.18,-0.43,18.31,2.56,2.93,-7.8,4.7,123.1,59.10,-0.35,0.000000,0.000000,0,1,7.82,0.00
598581,-0.19,0.15,-0.37,1.18,-20.81,14.37,-8.9,3.4,124.4,59.10,-0.33,0.000000,0.000000,0,1,7.83,0.00
598887,0.37,-0.61,-0.17,-7.43,1.37,8.62,-7.3,4.0,119.8,59.11,-0.32,0.000000,0.000000,0,1,7.83,0.00
599193,-1.24,1.32,-0.07,-4.18,-6.37,0.56,-7.5,4.7,120.5,59.11,-0.30,0.000000,0.000000,0,1,7.83,0.00
599499,-0.37,2.09,-0.05,26.62,3.31,-23.68,-7.1,4.8,120.5,59.11,-0.30,0.000000,0.000000,0,1,7.83,0.00
599805,-1.00,-1.54,0.88,-56.18,-12.81,-67.37,-11.1,-0.2,123.2,59.11,-0.25,0.000000,0.000000,0,1,7.82,0.00
600111,0.05,-0.51,-0.03,15.50,0.93,-1.12,-10.8,1.0,124.8,59.12,-0.32,0.000000,0.000000,0,1,7.82,0.00
600417,-0.22,-0.31,-0.03,0.25,6.37,-5.75,-9.3,-1.2,126.0,59.12,-0.33,0.000000,0.000000,0,1,7.82,0.00
600723,0.55,-0.55,-0.00,3.62,-6.81,-1.81,-9.3,-1.7,126.1,59.12,-0.29,0.000000,0.000000,0,1,7.82,0.00
601029,-0.11,0.00,-0.36,4.87,16.12,-0.43,-8.5,-2.5,125.6,59.13,-0.29,0.000000,0.000000,0,1,7.82,0.00
601335,-0.03,-0.91,-0.34,-65.75,-115.87,-5.87,-9.8,-3.3,127.0,59.13,-0.29,0.000000,0.000000,0,1,7.82,0.00
601641,0.00,0.15,0.00,4.06,-10.62,0.93,-10.3,-3.3,127.8,59.13,-0.34,0.000000,0.000000,0,1,7.82,0.00
601947,0.00,-0.41,0.07,-9.56,-7.93,-3.37,-10.4,-1.8,128.0,59.14,-0.33,0.000000,0.000000,0,1,7.82,0.00
602253,0.00,0.22,-0.31,-11.25,8.87,4.75,-10.0,-0.3,127.6,59.14,-0.30,0.000000,0.000000,0,1,7.82,0.00
602559,0.00,0.22,0.17,2.81,-7.93,0.81,-9.6,-0.3,127.6,59.14,-0.27,0.000000,0.000000,0,1,7.82,0.00
602865,-0.15,0.09,-0.05,0.75,-1.25,-1.68,-9.3,-0.4,127.9,59.15,-0.26,0.000000,0.000000,0,1,7.82,0.00
603171,0.07,0.01,-0.01,1.00,-3.31,-2.12,-8.9,-0.3,128.3,59.15,-0.26,0.000000,0.000000,0,1,7.82,0.00
603477,0.00,-0.07,-0.01,-0.37,-3.93,0.68,-8.7,-0.4,128.4,59.16,-0.26,0.000000,0.000000,0,1,7.82,0.00
603783,-0.11,0.12,0.00,0.56,1.68,0.93,-8.5,-0.3,128.3,59.16,-0.26,0.000000,0.000000,0,1,7.82,0.00
604089,-0.07,-0.15,0.00,-0.62,-0.37,-1.56,-8.1,-0.3,128.6,59.16,-0.25,0.000000,0.000000,0,1,7.82,0.00
604395,-0.12,0.03,-0.15,-0.62,-0.75,-19.62,-8.3,0.3,131.3,59.17,-0.25,0.000000,0.000000,0,1,7.82,0.00
604701,0.05,-0.07,-0.22,-2.62,-0.31,-8.06,-7.6,0.1,134.4,59.17,-0.26,0.000000,0.000000,0,1,7.81,0.00
605007,0.15,0.07,-0.03,-4.12,-6.12,1.62,-5.9,-0.9,136.2,59.17,-0.26,0.000000,0.000000,0,1,7.81,0.00
605313,-0.13,0.00,0.05,1.68,3.56,0.31,-6.1,-1.0,136.6,59.18,-0.24,0.000000,0.000000,0,1,7.81,0.00
605619,0.11,0.10,0.18,1.31,-6.06,2.25,-6.5,-1.0,136.5,59.18,-0.26,0.000000,0.000000,0,1,7.82,0.00
605925,0.03,0.10,0.05,-2.00,6.00,6.75,-6.3,-0.1,135.5,59.18,-0.25,0.000000,0.000000,0,1,7.82,0.00
606231,0.25,0.47,-0.25,-10.37,-12.75,10.87,-3.3,1.3,133.2,59.19,-0.26,0.000000,0.000000,0,1,7.82,0.00
606537,-0.28,0.49,-0.63,7.00,4.43,-3.12,-5.6,-0.0,132.8,59.19,-0.26,0.000000,0.000000,0,1,7.82,0.00
606843,-0.31,-0.15,0.05,2.25,2.31,2.75,-5.3,-1.0,133.3,59.19,-0.25,0.000000,0.000000,0,1,7.82,0.00
607149,-0.19,0.25,-0.37,0.68,-4.25,24.18,-5.6,-2.3,126.6,59.20,-0.27,0.000000,0.000000,0,1,7.82,0.00
607455,-0.33,0.54,-0.19,0.81,-0.43,-1.31,-5.0,-1.1,118.6,59.20,-0.27,0.000000,0.000000,0,1,7.82,0.00
607761,-0.76,-0.22,-0.23,-7.75,-0.37,-4.31,-4.4,-1.5,117.3,59.20,-0.26,0.000000,0.000000,0,1,7.82,0.00
608067,-0.07,-0.05,-0.03,-3.75,4.06,-5.93,-5.6,-1.6,118.5,59.21,-0.27,0.000000,0.000000,0,1,7.82,0.00
608373,-0.25,-0.11,-0.75,-13.31,-9.37,4.18,-5.4,-1.0,119.8,59.21,-0.28,0.000000,0.000000,0,1,7.82,0.00
608679,0.17,-0.25,0.25,-1.56,15.31,21.87,-4.8,2.2,114.7,59.21,-0.29,0.000000,0.000000,0,1,7.82,0.00
608985,-0.12,-0.17,0.02,1.56,-12.00,10.68,-7.0,2.7,109.3,59.22,-0.30,0.000000,0.000000,0,1,7.82,0.00
609291,0.22,-0.66,-0.17,0.12,-6.00,8.43,-5.4,1.3,108.0,59.22,-0.33,0.000000,0.000000,0,1,7.82,0.00
609597,0.27,0.20,1.02,-28.62,15.43,-10.00,-6.9,7.2,108.1,59.22,-0.33,0.000000,0.000000,0,1,7.82,0.00
609903,0.50,0.52,0.03,19.93,-16.43,-32.81,-9.2,6.5,116.5,59.23,-0.35,0.000000,0.000000,0,1,7.82,0.00
610209,0.07,-0.68,-0.07,7.87,-7.25,-22.06,-4.0,1.7,124.9,59.23,-0.38,0.000000,0.000000,0,1,7.82,0.00
610515,-0.37,0.55,-0.43,-8.62,-9.18,-23.37,-2.3,3.4,132.4,59.23,-0.37,0.000000,0.000000,0,1,7.82,0.00
610821,-0.58,0.80,-0.88,14.75,-10.31,19.25,1.7,2.4,134.2,59.24,-0.38,0.000000,0.000000,0,1,7.82,0.00
611127,-1.16,-0.38,0.40,16.25,4.06,83.50,1.5,-5.0,114.6,59.24,-0.37,0.000000,0.000000,0,1,7.82,0.00
611433,-0.61,0.15,0.40,-21.87,9.00,3.81,-1.7,-2.1,101.9,59.24,-0.41,0.000000,0.000000,0,1,7.82,0.00
611739,0.85,0.55,0.91,-12.50,1.93,-41.06,-3.8,3.6,116.6,59.25,-0.46,0.000000,0.000000,0,1,7.82,0.00
612045,0.85,0.61,0.72,-1.81,-0.50,57.31,0.7,5.2,107.5,59.25,-0.53,0.000000,0.000000,0,1,7.82,0.00
612351,0.47,-0.02,-0.81,26.18,-4.56,-29.68,3.5,0.0,105.0,59.26,-0.52,0.000000,0.000000,0,1,7.82,0.00
612657,-1.00,-0.70,-0.60,13.37,-15.56,83.12,8.5,-4.0,95.6,59.26,-0.52,0.000000,0.000000,0,1,7.85,0.00
612963,-1.46,-0.55,0.70,0.25,-5.75,-10.87,11.8,-3.3,83.5,59.26,-0.51,0.000000,0.000000,0,1,7.85,0.00
613269,-0.20,-0.05,-0.20,-12.68,15.50,-36.06,4.8,-1.0,95.6,59.27,-0.49,0.000000,0.000000,0,1,7.85,0.00
613575,0.44,0.17,-0.20,-7.37,12.37,45.25,1.8,1.1,96.5,59.27,-0.51,0.000000,0.000000,0,1,7.85,0.00
613881,0.07,0.41,0.17,2.87,10.75,22.18,0.1,1.2,80.7,59.27,-0.54,0.000000,0.000000,0,1,7.81,0.00
614187,0.05,0.11,0.05,14.00,12.06,34.50,-2.2,-2.4,71.0,59.28,-0.54,0.000000,0.000000,0,1,7.81,0.00
614493,0.45,0.37,1.45,5.62,18.87,-0.37,-4.0,-3.6,69.6,59.28,-0.55,0.000000,0.000000,0,1,7.81,0.00
614799,0.09,0.27,-0.12,1.81,-1.43,0.37,-4.4,-3.4,69.6,59.28,-0.56,0.000000,0.000000,0,1,7.82,0.00
615105,0.25,0.00,-0.01,-0.93,1.75,0.12,-4.2,-3.5,69.6,59.29,-0.56,0.000000,0.000000,0,1,7.82,0.00
615411,0.15,0.00,-0.07,0.37,-0.81,0.18,-4.1,-3.4,69.6,59.29,-0.55,0.000000,0.000000,0,1,7.82,0.00
615717,0.11,0.03,-0.02,0.18,-0.37,0.12,-4.1,-3.4,69.6,59.29,-0.55,0.000000,0.000000,0,1,7.81,0.00
616023,0.10,0.05,-0.00,-0.37,0.31,0.18,-4.0,-3.5,69.6,59.30,-0.55,0.000000,0.000000,0,1,7.81,0.00
616329,0.12,0.01,-0.02,-0.18,0.43,0.18,-3.9,-3.5,69.6,59.30,-0.55,0.000000,0.000000,0,1,7.81,0.00
616635,0.03,-0.13,0.15,-1.31,0.50,0.06,-3.8,-3.5,69.6,59.30,-0.55,0.000000,0.000000,0,1,7.81,0.00
616941,-0.07,0.51,-0.10,4.50,-1.87,0.37,-3.8,-3.5,69.6,59.31,-0.56,0.000000,0.000000,0,1,7.82,0.00
617247,0.00,0.09,0.01,-2.31,0.62,0.18,-3.7,-3.6,69.6,59.31,-0.54,0.000000,0.000000,0,1,7.82,0.00
617553,0.09,-0.03,-0.05,-0.31,-0.43,0.25,-3.8,-3.5,69.6,59.31,-0.55,0.000000,0.000000,0,1,7.82,0.00
617859,0.40,-0.15,-0.11,-0.50,-4.43,0.43,-3.6,-3.6,69.6,59.32,-0.55,0.000000,0.000000,0,1,7.82,0.00
618165,-0.55,-0.25,-0.25,-2.87,4.00,-0.12,-3.7,-3.5,69.6,59.32,-0.54,0.000000,0.000000,0,1,7.82,0.00
618471,0.41,-0.30,-0.10,0.50,-3.00,0.00,-3.6,-3.6,69.6,59.32,-0.54,0.000000,0.000000,0,1,7.82,0.00
618777,-0.70,-0.07,-0.22,-1.31,6.12,-0.31,-3.6,-3.5,69.6,59.33,-0.55,0.000000,0.000000,0,1,7.81,0.00
619083,0.07,0.12,0.00,0.87,-1.93,0.31,-3.6,-3.5,69.6,59.33,-0.54,0.000000,0.000000,0,1,7.81,0.00
619389,-0.25,-0.11,0.12,-0.31,0.06,0.12,-3.6,-3.5,69.6,59.34,-0.54,0.000000,0.000000,0,1,7.81,0.00
619695,-0.05,0.25,-0.05,-0.50,-2.06,-0.06,-3.5,-3.5,69.6,59.34,-0.54,0.000000,0.000000,0,1,7.81,0.00
620001,0.00,-0.07,-0.09,-2.37,1.75,-0.18,-3.5,-3.5,69.6,59.34,-0.53,0.000000,0.000000,0,1,7.81,0.00
620307,-0.12,0.02,0.13,0.56,-0.25,0.31,-3.5,-3.5,69.6,59.34,-0.53,0.000000,0.000000,0,1,7.81,0.00
620613,-0.50,0.25,0.11,4.37,3.56,-0.12,-3.5,-3.6,69.6,59.35,-0.54,0.000000,0.000000,0,1,7.81,0.00
620919,0.00,0.15,0.00,1.06,0.12,0.00,-3.5,-3.5,69.6,59.35,-0.54,0.000000,0.000000,0,1,7.81,0.00
621225,0.05,-0.00,-0.02,-0.37,-0.81,0.12,-3.4,-3.5,69.6,59.35,-0.54,0.000000,0.000000,0,1,7.81,0.00
621531,0.28,-0.36,-0.15,-1.18,-1.93,0.18,-3.5,-3.5,69.6,59.36,-0.53,0.000000,0.000000,0,1,7.81,0.00
621837,0.07,0.00,-0.02,0.12,-0.56,-0.06,-3.4,-3.5,69.6,59.36,-0.53,0.000000,0.000000,0,1,7.82,0.00
622143,0.00,0.02,-0.07,0.37,-0.25,0.18,-3.5,-3.5,69.6,59.36,-0.52,0.000000,0.000000,0,1,7.82,0.00
622449,-0.00,-0.03,-0.05,-0.43,-0.12,0.12,-3.5,-3.5,69.6,59.37,-0.52,0.000000,0.000000,0,1,7.82,0.00
622755,0.01,0.09,-0.11,0.93,0.00,0.12,-3.5,-3.5,69.6,59.37,-0.52,0.000000,0.000000,0,1,7.81,0.00
623061,-0.01,0.13,-0.03,0.68,0.06,0.00,-3.4,-3.5,69.6,59.37,-0.52,0.000000,0.000000,0,1,7.81,0.00
623367,0.00,0.07,-0.07,1.18,-0.93,-0.12,-3.5,-3.5,69.6,59.37,-0.53,0.000000,0.000000,0,1,7.81,0.00
623673,0.00,-0.01,-0.09,0.37,0.12,0.37,-3.5,-3.6,69.6,59.38,-0.51,0.000000,0.000000,0,1,7.81,0.00
623979,0.10,0.09,-0.13,2.18,-1.62,0.12,-3.5,-3.6,69.6,59.38,-0.52,0.000000,0.000000,0,1,7.81,0.00
624285,-0.15,-0.07,0.00,-0.18,1.18,0.06,-3.5,-3.6,69.6,59.39,-0.52,0.000000,0.000000,0,1,7.81,0.00
624591,-0.02,0.00,-0.05,-0.18,-0.06,-0.06,-3.5,-3.6,69.6,59.39,-0.52,0.000000,0.000000,0,1,7.81,0.00
624897,0.00,-0.01,-0.05,-0.50,0.18,0.06,-3.5,-3.6,69.6,59.39,-0.51,0.000000,0.000000,0,1,7.81,0.00
625203,0.00,-0.02,-0.07,-0.12,0.00,-0.06,-3.5,-3.6,69.6,59.39,-0.51,0.000000,0.000000,0,1,7.81,0.00
625509,0.13,-0.09,-0.37,-2.18,-3.37,0.18,-3.5,-3.5,69.6,59.40,-0.50,0.000000,0.000000,0,1,7.81,0.00
625815,0.55,-0.45,-0.15,-3.56,-4.62,0.18,-3.3,-3.5,69.6,59.40,-0.50,0.000000,0.000000,0,1,7.82,0.00
626121,-0.27,-0.05,-0.09,-0.18,1.87,-0.12,-3.4,-3.5,69.6,59.40,-0.51,0.000000,0.000000,0,1,7.82,0.00
626427,0.01,-0.02,-0.03,-0.12,-0.31,-0.18,-3.3,-3.5,69.6,59.41,-0.49,0.000000,0.000000,0,1,7.82,0.00
626733,0.00,0.01,-0.07,0.62,0.06,-0.06,-3.3,-3.5,69.6,59.41,-0.50,0.000000,0.000000,0,1,7.82,0.00
627039,-0.05,0.00,-0.07,0.06,0.06,0.00,-3.3,-3.5,69.6,59.42,-0.50,0.000000,0.000000,0,1,7.80,0.00
627345,-0.02,0.00,-0.05,0.25,0.00,-0.06,-3.3,-3.5,69.6,59.42,-0.50,0.000000,0.000000,0,1,7.80,0.00
627651,0.01,0.00,-0.12,1.06,0.18,-0.06,-3.3,-3.5,69.6,59.42,-0.50,0.000000,0.000000,0,1,7.80,0.00
627957,-0.02,0.02,-0.11,0.06,0.18,-0.25,-3.3,-3.5,69.6,59.42,-0.50,0.000000,0.000000,0,1,7.81,0.00
628263,-0.01,0.00,-0.11,-0.25,-0.31,-0.18,-3.3,-3.5,69.6,59.43,-0.50,0.000000,0.000000,0,1,7.81,0.00
628569,-0.00,-0.00,-0.00,-0.18,0.62,0.00,-3.3,-3.5,69.6,59.43,-0.50,0.000000,0.000000,0,1,7.81,0.00
628875,0.05,-0.07,-0.15,-0.87,-0.43,0.25,-3.5,-3.5,69.6,59.44,-0.49,0.000000,0.000000,0,1,7.81,0.00
629181,-0.00,-0.05,-0.10,-0.62,0.37,-0.12,-3.5,-3.5,69.6,59.44,-0.49,0.000000,0.000000,0,1,7.81,0.00
629487,0.00,0.02,-0.07,0.25,0.56,-0.12,-3.5,-3.5,69.6,59.44,-0.49,0.000000,0.000000,0,1,7.81,0.00
629793,0.00,0.00,-0.03,0.00,0.12,-0.18,-3.5,-3.5,69.6,59.44,-0.49,0.000000,0.000000,0,1,7.81,0.00
630099,0.01,0.00,-0.05,-0.06,-0.18,0.18,-3.5,-3.5,69.6,59.45,-0.48,0.000000,0.000000,0,1,7.81,0.00
630405,0.01,0.00,-0.05,0.06,0.06,-0.06,-3.5,-3.5,69.6,59.45,-0.47,0.000000,0.000000,0,1,7.81,0.00
630711,-0.00,0.00,-0.05,0.00,0.18,0.06,-3.5,-3.5,69.6,59.45,-0.48,0.000000,0.000000,0,1,7.81,0.00
631017,0.07,-0.02,-0.05,-0.37,0.50,0.06,-3.5,-3.5,69.6,59.45,-0.47,0.000000,0.000000,0,1,7.81,0.00
631323,0.11,-0.10,-0.10,1.31,-1.25,-0.06,-3.5,-3.5,69.6,59.46,-0.47,0.000000,0.000000,0,1,7.81,0.00
631629,-0.09,0.00,-0.07,-0.18,0.87,0.31,-3.5,-3.5,69.6,59.46,-0.47,0.000000,0.000000,0,1,7.81,0.00
631935,0.02,0.00,-0.05,-0.31,-0.31,0.12,-3.5,-3.5,69.6,59.47,-0.47,0.000000,0.000000,0,1,7.81,0.00
632241,0.00,0.00,-0.07,0.00,-0.18,0.06,-3.5,-3.5,69.6,59.47,-0.46,0.000000,0.000000,0,1,7.81,0.00
632547,0.00,0.01,-0.03,0.06,0.00,0.12,-3.5,-3.5,69.6,59.47,-0.46,0.000000,0.000000,0,1,7.81,0.00
632853,0.01,0.00,-0.05,0.12,-0.06,0.12,-3.5,-3.5,69.6,59.48,-0.45,0.000000,0.000000,0,1,7.81,0.00
633159,0.00,0.00,-0.07,-0.06,0.12,-0.18,-3.5,-3.5,69.6,59.48,-0.45,0.000000,0.000000,0,1,7.81,0.00
633465,0.00,0.10,0.00,0.37,0.37,0.12,-3.5,-3.5,69.6,59.48,-0.44,0.000000,0.000000,0,1,7.81,0.00
633771,0.36,-0.37,-0.25,-4.06,-2.25,0.12,-3.5,-3.5,69.6,59.48,-0.44,0.000000,0.000000,0,1,7.81,0.00
634077,-0.02,0.34,-0.02,1.50,0.25,0.25,-3.5,-3.5,69.6,59.49,-0.44,0.000000,0.000000,0,1,7.81,0.00
634383,0.05,0.11,-0.12,0.56,-1.68,-0.06,-3.5,-3.5,69.6,59.49,-0.43,0.000000,0.000000,0,1,7.81,0.00
634689,0.00,-0.03,-0.05,-0.62,0.00,-0.06,-3.5,-3.5,69.6,59.49,-0.44,0.000000,0.000000,0,1,7.81,0.00
634995,0.07,0.02,-0.05,0.37,-0.75,-0.06,-3.5,-3.5,69.6,59.50,-0.44,0.000000,0.000000,0,1,7.82,0.00
635301,-0.12,-0.05,-0.07,-0.31,0.75,-0.12,-3.6,-3.5,69.6,59.50,-0.44,0.000000,0.000000,0,1,7.82,0.00
635607,0.00,0.02,-0.05,0.00,0.37,-0.06,-3.6,-3.5,69.6,59.50,-0.43,0.000000,0.000000,0,1,7.82,0.00
635913,0.00,0.00,-0.05,0.12,0.12,-0.25,-3.6,-3.5,69.6,59.51,-0.44,0.000000,0.000000,0,1,7.81,0.00
636219,0.00,0.05,-0.01,0.06,0.00,0.06,-3.6,-3.5,69.6,59.51,-0.44,0.000000,0.000000,0,1,7.81,0.00
636525,0.00,0.01,-0.07,0.00,-0.18,0.06,-3.6,-3.5,69.6,59.51,-0.44,0.000000,0.000000,0,1,7.81,0.00
636831,0.00,0.01,-0.07,0.00,0.25,0.12,-3.6,-3.5,69.6,59.51,-0.44,0.000000,0.000000,0,1,7.81,0.00
637137,0.03,0.00,-0.03,-0.06,0.12,0.00,-3.6,-3.5,69.6,59.52,-0.44,0.000000,0.000000,0,1,7.81,0.00
637443,0.01,0.02,-0.07,0.12,-0.06,0.06,-3.6,-3.5,69.6,59.52,-0.44,0.000000,0.000000,0,1,7.81,0.00
637749,0.03,0.00,-0.02,-0.06,-0.06,-0.18,-3.6,-3.5,69.6,59.52,-0.44,0.000000,0.000000,0,1,7.81,0.00
638055,0.00,0.00,-0.05,0.00,0.00,0.06,-3.6,-3.5,69.6,59.53,-0.44,0.000000,0.000000,0,1,7.81,0.00
638361,0.00,0.01,-0.01,-0.06,0.00,-0.06,-3.6,-3.5,69.6,59.53,-0.44,0.000000,0.000000,0,1,7.81,0.00
638667,0.00,0.00,-0.05,0.18,0.06,-0.37,-3.6,-3.5,69.6,59.53,-0.44,0.000000,0.000000,0,1,7.81,0.00
638973,0.01,0.02,-0.03,0.06,-0.06,0.00,-3.6,-3.5,69.6,59.54,-0.44,0.000000,0.000000,0,1,7.81,0.00
639279,0.00,0.01,-0.05,0.00,-0.12,0.25,-3.6,-3.5,69.6,59.54,-0.44,0.000000,0.000000,0,1,7.81,0.00
639585,0.00,0.00,-0.07,-0.12,0.00,0.00,-3.6,-3.5,69.6,59.54,-0.44,0.000000,0.000000,0,1,7.81,0.00
639891,0.01,0.00,-0.05,0.12,0.06,0.12,-3.6,-3.5,69.6,59.54,-0.43,0.000000,0.000000,0,1,7.81,0.00
640197,0.00,0.01,-0.07,0.00,-0.06,0.00,-3.6,-3.5,69.6,59.55,-0.44,0.000000,0.000000,0,1,7.82,0.00
640503,0.02,0.00,-0.03,0.06,-0.06,-0.12,-3.6,-3.5,69.6,59.55,-0.44,0.000000,0.000000,0,1,7.82,0.00
640809,0.00,0.00,-0.05,-0.06,0.00,-0.25,-3.6,-3.5,69.6,59.55,-0.44,0.000000,0.000000,0,1,7.82,0.00
641115,0.00,0.00,-0.02,-0.18,0.06,-0.12,-3.6,-3.5,69.6,59.56,-0.44,0.000000,0.000000,0,1,7.81,0.00
641421,0.01,0.00,-0.05,0.00,0.00,-0.06,-3.6,-3.5,69.6,59.56,-0.44,0.000000,0.000000,0,1,7.81,0.00
641727,0.01,0.00,-0.05,0.12,0.25,-0.06,-3.6,-3.5,69.6,59.56,-0.43,0.000000,0.000000,0,1,7.81,0.00
642033,0.01,0.01,-0.07,0.12,0.06,-0.31,-3.6,-3.5,69.6,59.56,-0.44,0.000000,0.000000,0,1,7.81,0.00
642339,0.02,0.01,-0.05,-0.06,-0.12,0.18,-3.6,-3.5,69.6,59.57,-0.44,0.000000,0.000000,0,1,7.81,0.00
642645,0.02,0.01,-0.07,-0.12,0.25,0.25,-3.6,-3.5,69.6,59.57,-0.44,0.000000,0.000000,0,1,7.81,0.00
642951,0.00,0.00,-0.07,0.12,-0.06,0.00,-3.6,-3.5,69.6,59.58,-0.44,0.000000,0.000000,0,1,7.82,0.00
643257,0.00,0.05,-0.07,-0.25,-0.68,0.00,-3.6,-3.5,69.6,59.58,-0.44,0.000000,0.000000,0,1,7.82,0.00
643563,0.05,-0.09,0.27,-0.31,0.06,-0.12,-3.6,-3.5,69.6,59.58,-0.44,0.000000,0.000000,0,1,7.82,0.00
643869,0.00,-0.03,-0.03,-0.25,-0.31,-0.06,-3.6,-3.5,69.6,59.58,-0.44,0.000000,0.000000,0,1,7.82,0.00
644175,0.00,0.03,-0.03,0.12,-0.12,-0.18,-3.6,-3.5,69.6,59.59,-0.44,0.000000,0.000000,0,1,7.80,0.00
644481,0.02,0.03,-0.05,0.00,0.12,0.12,-3.6,-3.5,69.6,59.59,-0.44,0.000000,0.000000,0,1,7.80,0.00
644787,0.02,0.01,-0.07,0.06,0.06,-0.31,-3.6,-3.5,69.6,59.59,-0.44,0.000000,0.000000,0,1,7.80,0.00
645093,0.02,0.00,-0.10,0.00,0.18,-0.12,-3.6,-3.5,69.6,59.59,-0.44,0.000000,0.000000,0,1,7.82,0.00
645399,0.01,0.01,-0.09,-0.06,0.12,0.31,-3.6,-3.5,69.6,59.60,-0.44,0.000000,0.000000,0,1,7.82,0.00
645705,-0.00,0.11,-0.07,-0.43,0.37,0.00,-3.6,-3.5,69.6,59.60,-0.44,0.000000,0.000000,0,1,7.82,0.00
646011,0.05,-0.03,-0.05,0.00,-0.18,0.00,-3.6,-3.5,69.6,59.60,-0.43,0.000000,0.000000,0,1,7.81,0.00
646317,0.02,-0.12,0.55,-0.50,0.12,0.00,-3.6,-3.5,69.6,59.61,-0.44,0.000000,0.000000,0,1,7.81,0.00
646623,-0.07,-0.09,0.00,-0.18,1.25,0.00,-3.6,-3.5,69.6,59.61,-0.43,0.000000,0.000000,0,1,7.81,0.00
646929,0.17,-0.02,-0.12,-0.50,-1.75,0.06,-3.6,-3.5,69.6,59.61,-0.43,0.000000,0.000000,0,1,7.81,0.00
647235,-0.20,0.00,0.00,0.31,1.81,0.00,-3.6,-3.5,69.6,59.62,-0.44,0.000000,0.000000,0,1,7.81,0.00
647541,0.02,0.00,-0.07,-0.25,0.31,0.06,-3.6,-3.5,69.6,59.62,-0.44,0.000000,0.000000,0,1,7.81,0.00
647847,0.20,-0.37,-0.76,-1.87,-2.00,0.12,-3.6,-3.5,69.6,59.63,-0.43,0.000000,0.000000,0,1,7.81,0.00
648153,0.95,-0.37,-0.22,-1.18,-3.37,0.12,-3.6,-3.5,69.6,59.63,-0.43,0.000000,0.000000,0,1,7.81,0.00
648459,0.22,-0.11,-0.00,-0.06,-2.62,-0.12,-3.6,-3.5,69.6,59.63,-0.43,0.000000,0.000000,0,1,7.81,0.00
648765,-0.00,0.03,-0.05,-0.75,2.18,0.18,-3.6,-3.5,69.6,59.63,-0.43,0.000000,0.000000,0,1,7.81,0.00
649071,0.05,0.10,-0.05,0.25,-0.50,0.06,-3.6,-3.5,69.6,59.64,-0.41,0.000000,0.000000,0,1,7.81,0.00
649377,-0.01,-0.03,-0.03,-0.50,0.31,-0.12,-3.6,-3.5,69.6,59.64,-0.42,0.000000,0.000000,0,1,7.81,0.00
649683,0.02,0.02,-0.05,0.06,0.12,0.43,-3.6,-3.5,69.6,59.64,-0.42,0.000000,0.000000,0,1,7.81,0.00
649989,0.00,0.00,-0.05,0.00,-0.12,-0.06,-3.6,-3.5,69.6,59.65,-0.42,0.000000,0.000000,0,1,7.81,0.00
650295,0.00,0.01,-0.05,0.12,0.00,0.00,-3.6,-3.5,69.6,59.65,-0.41,0.000000,0.000000,0,1,7.81,0.00
650601,0.01,0.01,-0.07,-0.06,-0.18,-0.06,-3.6,-3.5,69.6,59.65,-0.41,0.000000,0.000000,0,1,7.81,0.00
650907,0.01,0.00,-0.05,0.06,-0.12,0.12,-3.6,-3.5,69.6,59.65,-0.41,0.000000,0.000000,0,1,7.81,0.00
651213,0.02,0.00,-0.05,-0.12,0.00,-0.12,-3.6,-3.5,69.6,59.66,-0.41,0.000000,0.000000,0,1,7.81,0.00
651519,0.00,0.00,-0.01,-0.06,-0.06,-0.31,-3.6,-3.5,69.6,59.66,-0.41,0.000000,0.000000,0,1,7.81,0.00
651825,0.02,0.00,-0.07,0.18,-0.06,0.00,-3.6,-3.5,69.6,59.66,-0.41,0.000000,0.000000,0,1,7.81,0.00
652131,0.02,0.02,-0.07,0.00,0.00,0.18,-3.6,-3.5,69.6,59.66,-0.42,0.000000,0.000000,0,1,7.81,0.00
652437,-0.00,0.10,0.00,2.62,-2.93,-0.06,-3.5,-3.6,69.6,59.67,-0.41,0.000000,0.000000,0,1,7.81,0.00
652743,-0.60,-0.07,-0.27,5.12,0.50,0.31,-3.6,-3.4,69.6,59.67,-0.41,0.000000,0.000000,0,1,7.81,0.00
653049,-0.69,-0.12,-0.15,-2.25,4.18,-0.43,-3.6,-3.4,69.6,59.68,-0.41,0.000000,0.000000,0,1,7.81,0.00
653355,-0.61,-0.36,0.81,-9.81,4.31,-42.56,-1.7,-2.5,72.8,59.67,-0.42,0.000000,0.000000,0,1,7.81,0.00
653661,0.02,0.22,-0.03,7.25,-3.50,-5.75,-2.5,-0.3,82.8,59.68,-0.41,0.000000,0.000000,0,1,7.81,0.00
653967,-0.49,-0.70,-0.34,13.00,-8.68,9.50,-0.1,-4.8,78.2,59.68,-0.39,0.000000,0.000000,0,1,7.81,0.00
654273,-0.09,-0.09,-0.69,-22.62,6.06,0.56,-1.0,-2.1,79.6,59.69,-0.33,0.000000,0.000000,0,1,7.81,0.00
654579,0.45,0.50,-0.05,-3.00,17.62,0.50,-4.6,1.5,77.8,59.69,-0.29,0.000000,0.000000,0,1,7.81,0.00
654885,0.23,0.19,-1.30,3.31,-4.75,-5.50,-3.8,0.2,77.8,59.69,-0.30,0.000000,0.000000,0,1,7.81,0.00
655191,-0.01,0.20,0.66,5.75,-5.37,-51.00,-3.3,0.1,85.2,59.69,-0.32,0.000000,0.000000,0,1,7.81,0.00
655497,0.10,0.67,-0.61,-9.62,9.18,57.56,-3.0,1.2,90.0,59.70,-0.39,0.000000,0.000000,0,1,7.81,0.00
655803,0.11,0.31,0.61,8.87,19.50,-16.06,-6.2,1.5,72.9,59.70,-0.46,0.000000,0.000000,0,1,7.81,0.00
656109,0.98,0.37,-1.32,-7.75,2.06,-47.18,-9.6,1.7,86.0,59.71,-0.55,0.000000,0.000000,0,1,7.81,0.00
656415,0.09,0.22,0.40,12.25,13.06,-67.06,-9.1,2.6,98.7,59.71,-0.64,0.000000,0.000000,0,1,7.81,0.00
656721,0.88,0.07,-0.27,11.12,0.81,-12.75,-11.1,1.6,115.8,59.71,-0.69,0.000000,0.000000,0,1,7.81,0.00
657027,-0.45,-0.52,-0.18,1.12,-21.62,0.68,-5.3,-0.8,112.6,59.71,-0.77,0.000000,0.000000,0,1,7.81,0.00
657333,-0.50,-0.13,-0.07,-2.25,4.75,-4.25,-4.2,0.5,116.4,59.72,-0.79,0.000000,0.000000,0,1,7.81,0.00
657639,-0.00,-0.05,0.40,-8.06,7.87,3.81,-7.3,1.6,113.0,59.72,-0.80,0.000000,0.000000,0,1,7.81,0.00
657945,0.22,0.19,-0.20,4.68,-0.37,-3.62,-8.3,2.5,114.1,59.72,-0.82,0.000000,0.000000,0,1,7.81,0.00
658251,0.11,0.07,-0.07,5.31,1.87,3.87,-7.9,1.4,115.6,59.73,-0.84,0.000000,0.000000,0,1,7.81,0.00
658557,-0.02,-0.34,-0.05,5.37,-3.25,-17.43,-7.1,-0.5,115.3,59.73,-0.85,0.000000,0.000000,0,1,7.81,0.00
658863,0.00,0.51,0.51,-9.50,-7.12,-19.12,-5.6,1.0,120.8,59.73,-0.85,0.000000,0.000000,0,1,7.81,0.00
659169,-0.01,0.00,-0.05,25.81,-19.06,-14.56,-1.1,-3.8,127.3,59.73,-0.86,0.000000,0.000000,0,1,7.81,0.00
659475,-0.40,-0.57,-0.02,0.62,3.00,13.87,1.0,-6.6,125.9,59.74,-0.85,0.000000,0.000000,0,1,7.81,0.00
659781,-0.03,-0.05,-0.19,-13.43,3.18,0.31,-1.0,-3.4,124.5,59.74,-0.85,0.000000,0.000000,0,1,7.81,0.00
660087,0.22,0.47,0.00,-7.18,9.68,-0.37,-2.6,-0.1,124.6,59.74,-0.86,0.000000,0.000000,0,1,7.81,0.00
660393,0.27,0.31,-0.15,3.75,-1.25,-0.12,-3.3,-0.9,125.0,59.75,-0.87,0.000000,0.000000,0,1,7.81,0.00
660699,-0.09,-0.25,-0.03,10.06,-4.56,-4.62,-2.0,-3.4,125.6,59.75,-0.88,0.000000,0.000000,0,1,7.81,0.00
661005,-0.11,-0.30,-0.05,-1.18,-0.56,4.00,-1.8,-3.8,125.5,59.75,-0.88,0.000000,0.000000,0,1,7.81,0.00
661311,0.00,0.25,0.49,-10.43,7.18,0.87,-2.0,-1.8,125.1,59.76,-0.89,0.000000,0.000000,0,1,7.81,0.00
661617,0.31,0.31,-0.22,8.81,0.43,-9.62,-3.8,-1.3,128.8,59.76,-0.87,0.000000,0.000000,0,1,7.81,0.00
661923,-0.15,-0.15,0.03,6.06,-5.25,5.43,-2.3,-3.6,124.8,59.76,-0.87,0.000000,0.000000,0,1,7.81,0.00
662229,-0.37,-0.63,0.20,-4.75,17.93,2.00,-3.4,-3.5,126.6,59.77,-0.86,0.000000,0.000000,0,1,7.81,0.00
662535,-0.37,0.01,0.52,-18.06,19.62,6.31,-6.7,1.4,132.0,59.77,-0.85,0.000000,0.000000,0,1,7.81,0.00
662841,0.68,0.49,-0.52,8.43,-3.18,-13.31,-11.3,3.1,124.3,59.77,-0.84,0.000000,0.000000,0,1,7.81,0.00
663147,-0.12,-0.33,0.02,5.62,-11.18,1.87,-7.8,0.0,127.1,59.77,-0.85,0.000000,0.000000,0,1,7.81,0.00
663453,0.36,0.03,-0.20,-11.06,9.50,6.37,-9.5,1.5,123.5,59.78,-0.83,0.000000,0.000000,0,1,7.81,0.00
663759,-0.10,0.33,0.25,0.31,-9.50,-10.00,-7.7,3.6,125.0,59.78,-0.85,0.000000,0.000000,0,1,7.81,0.00
664065,0.45,0.86,-0.76,21.81,-19.68,-68.50,-5.5,2.3,128.2,59.78,-0.85,0.000000,0.000000,0,1,7.81,0.00
664371,-0.15,-0.56,0.98,32.37,-9.56,-43.81,-0.2,-7.0,157.0,59.79,-0.85,0.000000,0.000000,0,1,7.80,0.00
664677,-0.05,-0.12,-0.95,-27.87,-13.75,-132.00,0.3,-5.8,185.1,59.79,-0.84,0.000000,0.000000,0,1,7.80,0.00
664983,0.00,0.22,0.07,12.81,2.87,153.56,0.7,-4.3,181.6,59.79,-0.79,0.000000,0.000000,0,1,7.80,0.00
665289,-0.46,-0.20,-0.66,10.50,-10.56,15.87,3.5,-5.7,156.9,59.79,-0.76,0.000000,0.000000,0,1,7.81,0.00
665595,-0.83,-0.20,-0.43,-3.06,17.25,59.25,3.2,-5.0,147.1,59.80,-0.73,0.000000,0.000000,0,1,7.81,0.00
665901,-0.37,-0.70,-0.46,5.18,4.50,42.12,2.0,-8.1,123.3,59.80,-0.70,0.000000,0.000000,0,1,7.81,0.00
666207,0.63,0.23,-0.46,-24.43,23.37,49.00,-2.8,-2.7,117.0,59.80,-0.67,0.000000,0.000000,0,1,7.81,0.00
666513,1.36,0.58,-0.80,16.25,-3.18,-12.06,-7.1,-0.0,111.3,59.81,-0.66,0.000000,0.000000,0,1,7.81,0.00
666819,0.37,-0.41,-0.31,11.37,-10.93,-15.06,-3.6,-4.8,112.7,59.81,-0.66,0.000000,0.000000,0,1,7.81,0.00
667125,0.51,-0.55,0.20,23.43,-6.93,-55.87,-3.4,-6.4,127.5,59.82,-0.66,0.000000,0.000000,0,1,7.81,0.00
667431,0.55,-0.22,-0.18,-19.93,-19.00,-44.68,-1.7,-5.7,140.1,59.82,-0.67,0.000000,0.000000,0,1,7.81,0.00
667737,-0.81,-0.45,-0.27,-12.37,0.62,-88.62,4.5,-6.2,166.3,59.82,-0.68,0.000000,0.000000,0,1,7.81,0.00
668043,0.57,1.46,-0.45,-34.56,6.37,-33.12,-1.6,3.1,182.4,59.82,-0.65,0.000000,0.000000,0,1,7.81,0.00
668349,0.52,0.41,1.37,49.12,-0.50,-12.31,-3.5,-0.6,185.3,59.83,-0.67,0.000000,0.000000,0,1,7.81,0.00
668655,0.10,-0.36,-0.50,-19.06,1.68,-12.56,-1.5,-4.3,188.1,59.83,-0.72,0.000000,0.000000,0,1,7.81,0.00
668961,0.13,0.07,-0.01,-0.25,9.56,47.00,-6.7,1.8,186.0,59.83,-0.71,0.000000,0.000000,0,1,7.81,0.00
669267,-0.18,-0.56,-0.50,5.87,-9.12,34.62,-7.0,-0.6,176.5,59.84,-0.72,0.000000,0.000000,0,1,7.81,0.00
669573,-1.24,-0.31,-0.18,-19.18,-6.25,81.06,-4.1,1.6,159.1,59.84,-0.75,0.000000,0.000000,0,1,7.81,0.00
669879,-0.03,0.65,0.63,-6.68,15.56,5.31,-7.2,5.2,139.1,59.84,-0.74,0.000000,0.000000,0,1,7.81,0.00
670185,1.33,0.65,-0.13,35.31,0.75,-45.87,-9.5,1.1,147.9,59.84,-0.76,0.000000,0.000000,0,1,7.81,0.00
670491,-0.67,-1.26,0.20,10.43,-29.00,-22.87,-2.7,-6.3,151.8,59.85,-0.82,0.000000,0.000000,0,1,7.81,0.00
670797,-0.80,-0.20,0.70,-8.00,-7.31,-30.93,2.0,-5.5,163.8,59.85,-0.83,0.000000,0.000000,0,1,7.81,0.00
671103,0.40,0.20,-0.60,3.31,19.37,-26.06,-0.3,-5.7,179.5,59.86,-0.78,0.000000,0.000000,0,1,7.81,0.00
671409,1.82,0.40,-0.28,8.75,-3.81,-43.93,-6.0,-7.7,187.5,59.86,-0.71,0.000000,0.000000,0,1,7.80,0.00
671715,-0.10,-0.10,-0.85,-2.12,-45.31,-58.00,1.5,-6.8,200.7,59.86,-0.70,0.000000,0.000000,0,1,7.80,0.00
672021,-1.00,0.15,0.19,-13.37,-25.12,-47.06,8.6,-7.3,216.2,59.86,-0.66,0.000000,0.000000,0,1,7.80,0.00
672327,-1.60,0.63,-0.19,-9.81,-2.81,-6.12,11.1,-4.1,231.0,59.87,-0.60,0.000000,0.000000,0,1,7.81,0.00
672633,0.45,1.08,0.33,1.25,47.43,-24.37,2.4,-4.1,237.8,59.87,-0.55,0.000000,0.000000,0,1,7.81,0.00
672939,1.14,-0.18,-0.37,21.43,-21.06,92.37,-2.3,-9.5,232.3,59.87,-0.57,0.000000,0.000000,0,1,7.81,0.00
673245,-1.21,0.33,0.70,-35.31,-47.37,-83.75,8.0,-5.8,223.0,59.87,-0.59,0.000000,0.000000,0,1,7.81,0.00
673551,-1.12,1.20,-0.83,3.87,21.25,-4.93,10.8,-1.8,242.3,59.88,-0.56,0.000000,0.000000,0,1,7.81,0.00
673857,-0.55,-0.05,-0.65,21.25,16.81,59.43,6.7,-7.8,227.8,59.88,-0.47,0.000000,0.000000,0,1,7.81,0.00
674163,-0.43,-0.40,0.60,-3.81,11.06,-11.06,6.9,-10.8,222.3,59.89,-0.48,0.000000,0.000000,0,1,7.81,0.00
674469,0.11,0.37,1.45,-16.18,5.37,7.81,4.6,-7.7,214.8,59.89,-0.48,0.000000,0.000000,0,1,7.81,0.00
674775,-0.10,0.00,-1.26,7.43,-0.56,-19.87,4.3,-7.0,218.7,59.89,-0.53,0.000000,0.000000,0,1,7.81,0.00
675081,-0.03,0.41,2.88,10.37,-16.87,6.50,4.6,-7.6,214.8,59.89,-0.54,0.000000,0.000000,0,1,7.81,0.00
675387,-1.08,-0.98,-1.50,11.25,1.87,30.87,7.5,-11.1,211.4,59.90,-0.56,0.000000,0.000000,0,1,7.80,0.00
675693,-0.07,-0.07,1.26,-12.43,5.43,-22.56,5.1,-9.8,213.9,59.90,-0.54,0.000000,0.000000,0,1,7.80,0.00
675999,0.44,0.00,-1.45,-8.25,8.31,13.31,1.3,-6.9,219.3,59.90,-0.55,0.000000,0.000000,0,1,7.80,0.00
676305,0.38,1.08,2.48,-2.68,-11.50,1.18,2.5,-4.6,214.3,59.91,-0.54,0.000000,0.000000,0,1,7.84,0.00
676611,-1.13,-0.91,-0.83,23.00,-7.62,55.87,7.8,-10.5,210.0,59.91,-0.54,0.000000,0.000000,0,1,7.84,0.00
676917,-0.31,-0.49,1.75,-5.18,10.37,-59.25,7.0,-12.6,215.3,59.92,-0.53,0.000000,0.000000,0,1,7.84,0.00
677223,0.75,0.45,-1.63,-39.81,11.31,-8.43,0.0,-5.5,225.5,59.92,-0.52,0.000000,0.000000,0,1,7.84,0.00
677529,-0.12,1.75,1.86,14.81,-33.00,0.62,5.5,-1.2,223.8,59.92,-0.52,0.000000,0.000000,0,1,7.81,0.00
677835,-1.20,-0.31,0.10,23.25,0.00,26.50,11.0,-10.2,223.3,59.92,-0.49,0.000000,0.000000,0,1,7.81,0.00
678141,-0.40,-1.24,-0.30,11.37,28.37,9.43,7.5,-15.6,217.8,59.93,-0.45,0.000000,0.000000,0,1,7.81,0.00
678447,0.20,-0.22,0.88,-32.87,13.00,7.18,4.0,-11.1,211.6,59.93,-0.46,0.000000,0.000000,0,1,7.80,0.00
678753,-0.60,0.63,0.17,8.87,-26.25,-26.62,7.7,-6.6,213.1,59.93,-0.51,0.000000,0.000000,0,1,7.80,0.00
679059,-0.18,0.25,0.76,13.18,5.68,19.87,6.4,-8.8,217.0,59.94,-0.49,0.000000,0.000000,0,1,7.80,0.00
679365,-0.27,-1.17,-1.45,5.12,14.00,17.68,4.6,-13.1,208.0,59.94,-0.49,0.000000,0.000000,0,1,7.81,0.00
679671,0.44,0.86,0.61,-36.00,2.56,-24.25,2.6,-5.4,211.2,59.94,-0.50,0.000000,0.000000,0,1,7.81,0.00
679977,-0.50,0.27,-1.37,25.37,-4.37,57.56,5.6,-5.6,211.5,59.95,-0.53,0.000000,0.000000,0,1,7.81,0.00
680283,-0.68,-0.02,2.22,-0.62,3.87,-51.25,7.2,-9.5,205.0,59.95,-0.51,0.000000,0.000000,0,1,7.81,0.00
680589,0.09,-0.37,-1.40,-4.37,23.62,42.37,3.3,-9.7,204.1,59.95,-0.53,0.000000,0.000000,0,1,7.80,0.00
680895,0.73,1.02,1.92,-6.62,-26.87,18.25,1.5,-5.8,196.4,59.95,-0.53,0.000000,0.000000,0,1,7.80,0.00
681201,-1.07,0.01,-1.17,-5.50,-12.75,-37.31,9.6,-7.0,205.5,59.96,-0.55,0.000000,0.000000,0,1,7.80,0.00
681507,-0.85,0.37,0.57,1.81,23.81,-13.18,8.2,-6.6,202.3,59.96,-0.52,0.000000,0.000000,0,1,7.81,0.00
682119,0.23,-0.27,-0.17,-5.06,-15.50,-2.68,2.6,-9.7,199.8,59.97,-0.54,0.000000,0.000000,0,1,7.81,0.00
682425,-0.07,0.31,0.07,-4.37,-3.81,10.62,5.3,-7.3,195.1,59.97,-0.54,0.000000,0.000000,0,1,7.81,0.00
682731,-0.65,-0.56,-0.15,17.56,-5.25,16.62,6.5,-9.9,196.3,59.97,-0.55,0.000000,0.000000,0,1,7.81,0.00
683037,0.11,0.20,0.38,-23.81,6.25,-6.37,4.8,-8.4,194.4,59.98,-0.53,0.000000,0.000000,0,1,7.81,0.00
683343,-0.40,0.79,-1.52,-5.25,-5.56,23.50,6.5,-3.6,195.2,59.98,-0.56,0.000000,0.000000,0,1,7.80,0.00
683649,-0.58,0.72,0.40,11.93,5.00,-6.31,7.0,-4.6,184.3,59.98,-0.54,0.000000,0.000000,0,1,7.80,0.00
683955,-0.25,-0.98,-1.86,23.00,14.43,40.81,3.5,-10.6,184.4,59.99,-0.54,0.000000,0.000000,0,1,7.80,0.00
684261,0.97,0.27,1.09,-24.37,4.00,-3.87,0.7,-8.5,179.5,59.99,-0.55,0.000000,0.000000,0,1,7.80,0.00
684873,-0.65,0.23,0.45,12.50,16.68,-32.43,8.3,-7.2,180.3,60.00,-0.56,0.000000,0.000000,0,1,7.81,0.00
685179,0.15,-0.30,-0.27,-12.00,23.56,2.50,3.6,-9.5,175.0,60.00,-0.55,0.000000,0.000000,0,1,7.81,0.00
685485,0.41,0.81,-0.74,-8.00,-15.68,-0.56,1.8,-4.2,175.4,60.01,-0.57,0.000000,0.000000,0,1,7.81,0.00
685791,-1.02,0.45,-0.00,2.68,-15.18,3.43,8.6,-5.0,168.9,60.01,-0.59,0.000000,0.000000,0,1,7.81,0.00
686097,-0.47,-0.41,0.02,17.50,30.37,-23.12,5.4,-8.8,174.6,60.01,-0.57,0.000000,0.000000,0,1,7.81,0.00
686403,0.67,-0.20,0.60,-10.18,0.81,18.06,1.3,-10.2,168.2,60.01,-0.57,0.000000,0.000000,0,1,7.78,0.00
686709,-0.45,0.00,-1.53,-2.18,-20.00,-5.62,5.9,-6.8,172.2,60.01,-0.61,0.000000,0.000000,0,1,7.78,0.00
687015,-0.36,0.46,0.37,8.87,5.81,-9.87,6.2,-6.6,167.6,60.02,-0.58,0.000000,0.000000,0,1,7.78,0.00
687321,0.17,-0.69,-0.73,6.68,11.37,26.06,2.0,-10.1,168.6,60.02,-0.58,0.000000,0.000000,0,1,7.78,0.00
687627,0.61,0.63,1.84,-19.06,-7.06,-7.25,1.7,-6.5,168.3,60.02,-0.60,0.000000,0.000000,0,1,7.80,0.00
687933,-0.45,0.75,-1.07,-7.75,-12.37,6.25,6.0,-3.4,167.5,60.03,-0.61,0.000000,0.000000,0,1,7.80,0.00
688239,-0.69,-0.25,-0.13,31.87,3.62,-28.43,6.6,-8.0,177.6,60.03,-0.61,0.000000,0.000000,0,1,7.80,0.00
688545,-0.07,-1.42,-1.05,2.31,27.12,31.87,2.1,-13.6,162.3,60.03,-0.58,0.000000,0.000000,0,1,7.80,0.00
688851,0.10,-0.28,0.49,-24.43,-16.75,23.75,2.7,-9.2,160.3,60.04,-0.62,0.000000,0.000000,0,1,7.80,0.00
689157,-0.50,1.36,0.19,-20.87,-4.31,-12.12,7.0,-1.4,158.1,60.04,-0.62,0.000000,0.000000,0,1,7.80,0.00
689463,-0.01,0.23,-0.75,39.43,22.93,-5.81,3.9,-6.3,165.8,60.04,-0.59,0.000000,0.000000,0,1,7.80,0.00
689769,0.77,-0.72,0.40,-3.31,4.12,-4.50,0.5,-12.1,162.3,60.04,-0.56,0.000000,0.000000,0,1,7.80,0.00
690075,-0.95,0.75,-0.30,-36.75,-43.06,-17.50,7.6,-3.4,163.1,60.05,-0.59,0.000000,0.000000,0,1,7.80,0.00
690381,-1.30,1.39,-0.07,16.43,22.12,23.12,10.8,-0.5,168.1,60.05,-0.57,0.000000,0.000000,0,1,7.80,0.00
690687,0.69,-0.50,-0.45,33.37,39.06,13.00,0.2,-9.8,166.4,60.05,-0.51,0.000000,0.000000,0,1,7.80,0.00
690993,0.91,-0.25,1.17,-23.25,-21.43,30.87,0.2,-10.9,158.6,60.06,-0.56,0.000000,0.000000,0,1,7.80,0.00
691299,-1.21,0.69,-0.33,-12.43,-30.93,-3.06,10.6,-4.8,158.3,60.06,-0.59,0.000000,0.000000,0,1,7.80,0.00
691605,-0.69,0.01,-0.07,25.62,20.68,-1.25,6.9,-7.0,156.4,60.06,-0.54,0.000000,0.000000,0,1,7.80,0.00
691911,0.52,-1.37,-0.69,9.00,20.06,1.81,0.1,-14.4,151.6,60.07,-0.51,0.000000,0.000000,0,1,7.80,0.00
692523,-0.45,0.28,-0.41,7.75,-21.75,-45.31,6.3,-6.3,151.5,60.07,-0.55,0.000000,0.000000,0,1,7.80,0.00
692829,-0.25,-0.44,-0.27,12.06,20.62,8.12,5.3,-10.0,150.3,60.08,-0.49,0.000000,0.000000,0,1,7.80,0.00
693135,1.27,-0.41,-0.35,-13.00,17.18,6.12,-2.0,-10.5,154.0,60.08,-0.48,0.000000,0.000000,0,1,7.80,0.00
693441,-0.05,0.50,-0.07,-20.62,-36.93,1.93,3.3,-5.0,149.6,60.08,-0.52,0.000000,0.000000,0,1,7.79,0.00
693747,-0.95,0.54,0.33,8.87,-7.25,9.25,8.6,-5.1,156.2,60.09,-0.52,0.000000,0.000000,0,1,7.79,0.00
694053,0.61,-0.55,0.07,17.18,35.62,-1.75,2.5,-11.3,156.3,60.09,-0.48,0.000000,0.000000,0,1,7.79,0.00
694359,0.86,-0.60,-0.05,-9.06,-1.93,-2.18,-0.0,-11.7,154.3,60.09,-0.48,0.000000,0.000000,0,1,7.79,0.00
694665,-0.49,-0.46,-0.23,1.68,-26.43,-52.43,5.0,-9.0,164.3,60.10,-0.51,0.000000,0.000000,0,1,7.79,0.00
694971,-0.40,-0.44,0.22,-4.50,4.75,-20.56,4.6,-8.5,169.9,60.10,-0.50,0.000000,0.000000,0,1,7.79,0.00
695277,0.49,0.27,-1.11,-37.18,19.81,-139.00,0.3,-4.7,199.5,60.10,-0.50,0.000000,0.000000,0,1,7.79,0.00
695583,0.75,1.85,1.02,-32.50,1.12,3.75,-0.2,3.3,226.2,60.10,-0.51,0.000000,0.000000,0,1,7.80,0.00
695889,0.11,1.15,-1.70,26.37,-2.50,-79.18,0.8,2.6,241.4,60.10,-0.53,0.000000,0.000000,0,1,7.80,0.00
696195,-0.18,-0.15,0.00,6.43,-16.18,-31.75,2.8,-4.3,264.3,60.11,-0.55,0.000000,0.000000,0,1,7.80,0.00
696501,-0.31,0.91,-0.17,-32.93,-2.75,-73.75,4.8,0.2,281.8,60.11,-0.57,0.000000,0.000000,0,1,7.79,0.00
696807,-0.19,1.88,-0.72,-6.87,7.75,-52.50,4.1,5.5,299.5,60.11,-0.59,0.000000,0.000000,0,1,7.79,0.00
697113,0.50,1.37,-0.11,21.18,13.12,-31.62,1.1,2.8,313.7,60.12,-0.62,0.000000,0.000000,0,1,7.79,0.00
697419,0.22,0.07,0.02,13.06,-6.12,-23.56,1.0,-3.3,319.7,60.12,-0.68,0.000000,0.000000,0,1,7.79,0.00
697725,-0.43,-0.07,0.74,-5.12,-4.56,-10.00,2.2,-3.8,324.6,60.12,-0.76,0.000000,0.000000,0,1,7.80,0.00
698031,-0.49,0.33,-0.00,-9.37,4.93,1.62,0.6,-1.6,323.8,60.13,-0.81,0.000000,0.000000,0,1,7.80,0.00
698337,-0.34,0.19,-0.20,-10.75,10.31,0.56,-1.2,1.6,323.1,60.13,-0.84,0.000000,0.000000,0,1,7.80,0.00
698643,-0.45,0.15,-0.02,-2.50,12.18,0.75,-5.7,3.4,322.8,60.13,-0.86,0.000000,0.000000,0,1,7.79,0.00
698949,-0.22,0.13,-0.20,1.50,-6.18,-0.31,-6.3,3.1,322.7,60.14,-0.90,0.000000,0.000000,0,1,7.79,0.00
699255,-0.27,0.11,-0.07,0.18,-1.31,0.00,-6.5,2.9,322.8,60.14,-0.90,0.000000,0.000000,0,1,7.79,0.00
699561,-0.20,0.09,-0.07,-0.12,-0.06,0.00,-6.5,2.8,322.8,60.14,-0.90,0.000000,0.000000,0,1,7.80,0.00
699867,-0.09,0.09,-0.07,0.31,1.87,0.25,-6.3,2.7,322.8,60.14,-0.91,0.000000,0.000000,0,1,7.80,0.00
700173,-0.09,0.11,-0.05,-0.18,1.12,-0.18,-6.5,2.6,322.8,60.15,-0.91,0.000000,0.000000,0,1,7.80,0.00
700479,-0.03,0.07,-0.00,0.12,3.87,0.25,-7.1,2.6,322.8,60.15,-0.91,0.000000,0.000000,0,1,7.80,0.00
700785,-0.12,0.07,-0.03,-0.18,2.56,0.37,-8.0,2.7,322.8,60.15,-0.91,0.000000,0.000000,0,1,7.80,0.00
701091,-0.10,0.02,-0.05,-0.56,1.25,-0.18,-8.5,2.8,322.8,60.16,-0.92,0.000000,0.000000,0,1,7.80,0.00
701397,-0.03,0.01,-0.05,-0.75,1.62,-0.06,-8.8,2.9,322.9,60.16,-0.92,0.000000,0.000000,0,1,7.80,0.00
701703,-0.11,0.02,-0.05,0.50,-1.75,-0.06,-9.0,2.9,322.9,60.16,-0.92,0.000000,0.000000,0,1,7.80,0.00
702009,-0.07,0.02,-0.03,0.25,0.18,-0.06,-8.9,2.8,322.9,60.17,-0.93,0.000000,0.000000,0,1,7.80,0.00
702315,-0.05,0.03,-0.10,0.18,-0.43,0.18,-8.9,2.8,322.9,60.17,-0.94,0.000000,0.000000,0,1,7.80,0.00
702621,-0.05,0.05,-0.05,-1.06,2.68,0.06,-8.9,2.8,322.9,60.17,-0.95,0.000000,0.000000,0,1,7.80,0.00
702927,-0.05,0.03,-0.03,-1.75,4.81,0.12,-9.8,3.4,322.8,60.17,-0.98,0.000000,0.000000,0,1,7.80,0.00
703539,-0.07,0.07,-0.05,-2.81,-4.18,-0.56,-9.4,5.1,322.9,60.18,-0.98,0.000000,0.000000,0,1,7.80,0.00
703845,-0.13,0.10,-0.01,-5.00,-3.87,-0.12,-9.2,6.0,322.8,60.18,-0.99,0.000000,0.000000,0,1,7.80,0.00
704151,0.07,0.00,-0.18,-21.06,0.81,0.37,-8.3,9.8,322.8,60.18,-0.99,0.000000,0.000000,0,1,7.80,0.00
704457,0.63,-0.57,-0.05,-9.37,10.75,-12.68,-9.3,12.5,319.7,60.18,-0.99,0.000000,0.000000,0,1,7.80,0.00
704763,-0.00,-0.07,-0.18,-6.62,1.37,-0.62,-10.8,16.2,319.5,60.19,-0.95,0.000000,0.000000,0,1,7.80,0.00
705069,-0.27,-0.38,-0.86,39.68,-14.93,3.81,-10.0,15.0,321.0,60.19,-0.95,0.000000,0.000000,0,1,7.80,0.00
705375,-0.27,0.05,-0.05,14.12,-3.81,-0.50,-6.3,6.6,321.8,60.19,-0.97,0.000000,0.000000,0,1,7.80,0.00
705681,-0.15,0.01,0.40,19.81,-6.56,-8.50,-3.5,2.1,323.9,60.19,-0.95,0.000000,0.000000,0,1,7.80,0.00
705987,0.18,-0.56,1.09,6.37,4.25,3.00,-4.3,-3.1,332.0,60.20,-0.95,0.000000,0.000000,0,1,7.80,0.00
706599,-0.91,0.03,-1.50,3.18,-27.93,46.06,3.9,-1.8,323.9,60.20,-0.86,0.000000,0.000000,0,1,7.80,0.00
706905,-1.37,-0.11,1.67,7.81,2.12,35.06,6.3,-2.6,316.5,60.20,-0.77,0.000000,0.000000,0,1,7.80,0.00
707211,-0.95,0.02,0.63,11.50,15.81,138.12,3.4,-1.1,277.0,60.21,-0.76,0.000000,0.000000,0,1,7.80,0.00
707517,-0.45,-0.93,-0.40,6.81,0.68,83.56,1.5,-5.8,248.3,60.21,-0.69,0.000000,0.000000,0,1,7.80,0.00
707823,0.10,0.15,0.43,-17.25,39.00,-8.56,-1.0,-1.5,227.9,60.21,-0.63,0.000000,0.000000,0,1,7.80,0.00
708129,2.68,1.38,-0.15,13.62,19.25,-49.06,-11.0,3.6,259.5,60.22,-0.53,0.000000,0.000000,0,1,7.80,0.00
708435,0.70,-0.61,0.50,-3.25,-45.43,65.25,-5.5,-4.7,233.1,60.22,-0.67,0.000000,0.000000,0,1,7.80,0.00
708741,-0.65,-0.55,-0.40,11.43,-15.75,-28.62,4.0,-5.6,245.3,60.22,-0.64,0.000000,0.000000,0,1,7.80,0.00
709047,-1.12,-0.86,0.13,-9.93,-5.31,-43.12,5.7,-6.1,249.8,60.22,-0.63,0.000000,0.000000,0,1,7.80,0.00
709353,-0.41,0.75,0.85,-47.93,2.06,-81.25,3.0,1.6,269.4,60.23,-0.61,0.000000,0.000000,0,1,7.80,0.00
709659,-0.88,1.22,0.15,-12.50,7.18,-64.37,6.2,4.5,296.8,60.23,-0.62,0.000000,0.000000,0,1,7.80,0.00
709965,0.40,1.80,-0.54,-8.56,21.50,-0.37,-0.3,7.7,305.0,60.23,-0.65,0.000000,0.000000,0,1,7.80,0.00
710271,-0.07,-0.27,0.18,36.43,-10.87,-10.37,0.0,-1.8,307.5,60.23,-0.69,0.000000,0.000000,0,1,7.80,0.00
710577,-0.25,0.20,-0.61,-21.50,3.81,63.81,1.3,-0.1,300.3,60.24,-0.72,0.000000,0.000000,0,1,7.80,0.00
710883,-0.36,0.65,0.70,-11.18,-2.75,65.62,1.4,3.0,283.5,60.24,-0.73,0.000000,0.000000,0,1,7.80,0.00
711189,0.13,0.77,-0.28,26.37,-9.31,74.62,-1.5,3.1,259.1,60.24,-0.75,0.000000,0.000000,0,1,7.80,0.00
711495,-0.61,-1.66,0.11,32.62,3.12,-18.18,1.8,-9.6,254.6,60.25,-0.73,0.000000,0.000000,0,1,7.80,0.00
711801,-0.11,-0.86,0.00,-25.81,0.18,5.68,-0.3,-5.4,252.2,60.25,-0.71,0.000000,0.000000,0,1,7.80,0.00
712107,0.27,1.28,0.37,-39.06,7.56,-63.87,-1.5,5.1,258.5,60.25,-0.72,0.000000,0.000000,0,1,7.80,0.00
712413,-0.51,1.50,-0.02,-5.37,-14.75,-59.18,3.5,6.5,284.3,60.26,-0.71,0.000000,0.000000,0,1,7.80,0.00
712719,-0.40,0.10,-0.07,32.81,9.43,26.12,2.2,-0.9,285.7,60.26,-0.76,0.000000,0.000000,0,1,7.80,0.00
713025,0.34,-1.15,0.07,25.12,16.75,9.25,-2.0,-8.0,285.9,60.26,-0.76,0.000000,0.000000,0,1,7.80,0.00
713331,0.45,-0.70,-0.01,-8.56,10.68,20.25,-2.5,-5.3,278.0,60.26,-0.76,0.000000,0.000000,0,1,7.80,0.00
713637,0.15,0.72,-0.13,-24.31,-13.93,1.37,-0.3,2.0,271.9,60.27,-0.77,0.000000,0.000000,0,1,7.80,0.00
713943,-0.49,0.50,0.05,0.31,-9.68,-15.43,2.7,1.5,275.1,60.27,-0.74,0.000000,0.000000,0,1,7.80,0.00
714249,-0.45,0.20,-0.07,3.56,4.43,-3.43,2.1,-0.1,278.1,60.27,-0.73,0.000000,0.000000,0,1,7.80,0.00
714555,0.40,-0.31,-0.27,8.87,15.00,3.50,-2.0,-3.1,279.0,60.28,-0.73,0.000000,0.000000,0,1,7.80,0.00
715167,-0.18,-0.90,-0.09,11.81,-1.43,-31.12,-0.0,-5.5,281.7,60.28,-0.74,0.000000,0.000000,0,1,7.79,0.00
715473,-0.15,0.47,0.01,-30.18,-11.18,10.50,0.6,1.1,279.8,60.28,-0.77,0.000000,0.000000,0,1,7.79,0.00
715779,0.05,0.50,0.27,7.37,17.12,-15.87,-0.0,1.1,283.3,60.29,-0.77,0.000000,0.000000,0,1,7.79,0.00
716085,0.11,0.37,-0.19,-10.37,-13.06,34.62,-0.1,0.2,282.8,60.29,-0.76,0.000000,0.000000,0,1,7.79,0.00
716391,-0.22,-0.49,0.30,33.37,13.81,-16.68,0.6,-3.9,280.2,60.29,-0.77,0.000000,0.000000,0,1,7.79,0.00
716697,0.33,-0.44,-0.37,-21.62,-8.25,32.75,-1.3,-4.4,276.3,60.30,-0.75,0.000000,0.000000,0,1,7.79,0.00
717003,-0.00,-0.31,0.27,5.43,6.56,-39.00,0.0,-3.1,280.3,60.30,-0.75,0.000000,0.000000,0,1,7.79,0.00
717309,0.22,0.83,-0.18,-28.06,-3.18,24.31,-0.5,2.4,277.3,60.30,-0.77,0.000000,0.000000,0,1,7.79,0.00
717615,0.05,0.25,0.13,16.43,0.75,-7.25,0.3,-0.5,279.1,60.30,-0.76,0.000000,0.000000,0,1,7.79,0.00
717921,-0.25,-1.29,0.12,32.75,-10.06,-51.31,0.7,-8.2,284.0,60.31,-0.75,0.000000,0.000000,0,1,7.80,0.00
718227,0.10,-0.15,0.02,-32.68,-0.56,4.62,-0.3,-2.6,293.5,60.31,-0.74,0.000000,0.000000,0,1,7.80,0.00
718533,0.07,1.19,0.00,-25.75,1.50,-27.00,0.0,4.4,293.2,60.31,-0.77,0.000000,0.000000,0,1,7.80,0.00
718839,0.10,1.08,0.11,-18.56,-5.62,53.00,0.6,3.7,297.3,60.32,-0.77,0.000000,0.000000,0,1,7.80,0.00
719145,-0.88,0.12,0.00,59.37,-23.37,6.06,4.4,-1.1,282.9,60.32,-0.81,0.000000,0.000000,0,1,7.80,0.00
719451,-0.11,-2.33,0.43,18.62,21.06,36.56,0.5,-14.3,284.3,60.32,-0.75,0.000000,0.000000,0,1,7.80,0.00
719757,-0.13,-1.02,-0.33,-3.37,6.50,28.81,0.9,-8.1,266.7,60.32,-0.77,0.000000,0.000000,0,1,7.80,0.00
720063,0.70,0.00,0.33,-38.12,6.75,-53.93,-2.8,-2.1,271.5,60.33,-0.74,0.000000,0.000000,0,1,7.80,0.00
720369,-0.23,1.77,0.25,-35.75,-28.37,-11.43,2.7,7.0,276.9,60.33,-0.77,0.000000,0.000000,0,1,7.80,0.00
720675,-0.90,0.61,-0.17,29.31,3.81,-20.81,5.3,0.9,285.4,60.34,-0.76,0.000000,0.000000,0,1,7.80,0.00
720981,0.27,-1.47,0.25,33.31,20.68,19.00,-1.0,-10.0,289.2,60.34,-0.75,0.000000,0.000000,0,1,7.79,0.00
721287,0.33,-0.70,-0.12,-0.56,7.18,23.43,-1.1,-6.4,278.9,60.34,-0.77,0.000000,0.000000,0,1,7.79,0.00
721593,0.27,-0.54,0.00,-3.81,-0.31,-16.12,-0.8,-4.8,277.5,60.34,-0.76,0.000000,0.000000,0,1,7.79,0.00
721899,-0.19,0.81,0.07,-36.25,-19.62,2.31,1.8,2.3,277.5,60.35,-0.77,0.000000,0.000000,0,1,7.79,0.00
722205,-0.56,1.44,0.11,-3.93,7.43,-20.62,4.1,5.5,281.0,60.35,-0.77,0.000000,0.000000,0,1,7.79,0.00
722511,0.12,-0.09,-0.55,30.25,11.43,-22.12,0.3,-2.7,288.2,60.35,-0.75,0.000000,0.000000,0,1,7.79,0.00
722817,0.23,-0.52,-0.05,-6.12,3.56,18.62,-0.5,-5.1,287.3,60.35,-0.77,0.000000,0.000000,0,1,7.80,0.00
723123,-0.01,-0.40,0.02,0.25,-8.87,-27.37,0.3,-3.9,288.0,60.36,-0.77,0.000000,0.000000,0,1,7.80,0.00
723429,-0.05,0.45,-0.07,-23.81,3.06,9.50,0.8,0.5,290.3,60.36,-0.79,0.000000,0.000000,0,1,7.80,0.00
723735,-0.07,0.63,-0.12,1.68,-4.12,0.18,1.0,1.2,288.7,60.36,-0.79,0.000000,0.000000,0,1,7.83,0.00
724041,-0.18,-0.07,0.00,18.06,-1.25,5.37,1.5,-2.6,288.7,60.37,-0.78,0.000000,0.000000,0,1,7.83,0.00
724347,-0.22,-0.09,-0.28,-12.12,-5.62,43.50,2.3,-3.0,280.3,60.37,-0.80,0.000000,0.000000,0,1,7.83,0.00
724653,-0.70,0.65,-0.19,-14.87,-14.37,33.68,5.3,0.8,270.2,60.37,-0.81,0.000000,0.000000,0,1,7.83,0.00
724959,-0.86,0.61,0.40,14.31,-10.00,10.12,6.9,0.1,267.0,60.38,-0.79,0.000000,0.000000,0,1,7.80,0.00
725265,-1.80,-0.05,-1.98,23.00,1.25,31.81,11.3,-2.5,260.1,60.38,-0.75,0.000000,0.000000,0,1,7.80,0.00
725571,-0.88,-1.09,3.15,40.50,17.56,23.62,6.9,-8.0,249.6,60.38,-0.69,0.000000,0.000000,0,1,7.80,0.00
725877,-0.23,-1.37,-1.26,3.62,18.68,76.06,3.1,-10.6,235.8,60.38,-0.68,0.000000,0.000000,0,1,7.79,0.00
726183,0.13,-1.14,1.65,30.25,8.62,-25.18,1.8,-10.6,223.5,60.39,-0.66,0.000000,0.000000,0,1,7.79,0.00
726795,-0.65,0.00,2.21,-26.93,-5.50,-40.25,3.7,-3.2,234.3,60.39,-0.62,0.000000,0.000000,0,1,7.79,0.00
727101,-0.50,0.60,-0.61,-18.75,1.12,24.43,3.3,1.2,235.1,60.39,-0.63,0.000000,0.000000,0,1,7.79,0.00
727407,-0.01,0.25,-0.35,30.12,11.18,-20.25,1.4,-2.0,243.4,60.40,-0.61,0.000000,0.000000,0,1,7.79,0.00
727713,-0.58,-1.59,-0.69,-2.31,-8.06,37.68,3.5,-10.8,233.2,60.40,-0.60,0.000000,0.000000,0,1,7.79,0.00
728019,0.05,-0.88,-0.50,-10.62,9.62,13.68,1.1,-8.1,238.6,60.41,-0.56,0.000000,0.000000,0,1,7.79,0.00
728325,0.10,0.01,0.91,-29.93,0.62,19.25,0.1,-2.6,226.8,60.41,-0.57,0.000000,0.000000,0,1,7.79,0.00
728631,0.83,-0.55,-1.57,32.43,-0.43,-4.43,-2.9,-5.8,237.8,60.41,-0.54,0.000000,0.000000,0,1,7.79,0.00
728937,-0.36,-0.57,0.11,-21.37,-22.62,9.37,2.0,-5.9,234.5,60.41,-0.54,0.000000,0.000000,0,1,7.79,0.00
729243,0.18,-0.88,-0.50,33.87,11.87,-36.18,-0.3,-6.6,239.2,60.42,-0.50,0.000000,0.000000,0,1,7.79,0.00
729855,-0.81,-0.35,-2.67,12.87,-12.56,-34.50,5.1,-3.8,247.8,60.42,-0.53,0.000000,0.000000,0,1,7.79,0.00
730161,-0.45,0.40,2.08,-12.81,21.68,29.12,3.8,-0.4,241.1,60.43,-0.51,0.000000,0.000000,0,1,7.79,0.00
730467,-0.10,-0.34,-2.84,-2.06,11.87,42.93,1.3,-3.7,236.2,60.43,-0.54,0.000000,0.000000,0,1,7.79,0.00
730773,0.09,-0.25,2.40,54.87,-13.93,-46.25,0.0,-4.3,224.8,60.43,-0.54,0.000000,0.000000,0,1,7.79,0.00
731079,-0.93,-1.24,-3.10,-9.56,-15.56,41.50,5.6,-9.2,230.6,60.43,-0.53,0.000000,0.000000,0,1,7.79,0.00
731385,-0.75,0.41,4.34,-8.68,23.62,-41.68,5.5,-1.3,225.3,60.43,-0.49,0.000000,0.000000,0,1,7.79,0.00
731691,0.01,-0.11,-2.20,-4.56,2.62,82.93,0.6,-3.2,226.8,60.44,-0.49,0.000000,0.000000,0,1,7.79,0.00
731997,0.11,-1.59,1.39,39.75,2.68,-79.18,0.7,-10.2,221.0,60.44,-0.52,0.000000,0.000000,0,1,7.80,0.00
732303,-0.00,-1.85,-3.22,-16.75,-9.93,67.43,0.5,-12.5,226.9,60.44,-0.48,0.000000,0.000000,0,1,7.80,0.00
732915,0.25,0.50,-1.49,-0.56,-10.81,71.68,-0.5,0.3,221.0,60.45,-0.49,0.000000,0.000000,0,1,7.80,0.00
733221,-0.31,-0.60,1.86,50.81,7.43,-97.12,2.6,-6.2,219.9,60.45,-0.50,0.000000,0.000000,0,1,7.80,0.00
733527,-0.22,-1.46,-2.03,-18.25,-1.50,65.06,2.0,-10.4,231.3,60.45,-0.47,0.000000,0.000000,0,1,7.80,0.00
733833,-0.30,0.19,1.84,-14.87,-2.93,-31.87,1.1,0.6,220.6,60.45,-0.51,0.000000,0.000000,0,1,7.79,0.00
734139,0.65,1.30,-0.37,24.37,16.06,25.37,-2.6,4.2,219.9,60.46,-0.51,0.000000,0.000000,0,1,7.79,0.00
734445,0.47,-1.50,-1.04,-1.93,-9.06,-22.18,-2.3,-8.9,223.1,60.46,-0.52,0.000000,0.000000,0,1,7.79,0.00
734751,-0.28,-0.37,-2.49,-19.62,1.18,37.18,1.6,-4.2,218.3,60.46,-0.55,0.000000,0.000000,0,1,7.79,0.00
735057,-0.35,0.44,1.53,-48.37,-10.06,-42.31,1.9,2.2,219.8,60.47,-0.53,0.000000,0.000000,0,1,7.79,0.00
735363,-0.27,1.74,-2.27,33.18,22.62,28.75,1.8,7.3,217.7,60.47,-0.56,0.000000,0.000000,0,1,7.79,0.00
735669,0.20,-2.23,0.95,57.25,-18.56,-50.12,-1.8,-12.3,222.8,60.47,-0.53,0.000000,0.000000,0,1,7.79,0.00
735975,0.58,-2.54,-2.43,-0.87,16.00,13.81,-3.3,-16.3,227.3,60.48,-0.52,0.000000,0.000000,0,1,7.79,0.00
736281,0.69,-0.66,5.46,-44.25,-9.18,-28.37,-3.5,-6.3,229.3,60.48,-0.50,0.000000,0.000000,0,1,7.79,0.00
736587,-0.31,2.25,-1.58,-19.87,-18.87,49.56,2.8,9.8,227.8,60.48,-0.55,0.000000,0.000000,0,1,7.79,0.00
737505,0.33,-2.41,1.85,-0.25,40.93,8.56,-1.3,-16.9,212.6,60.49,-0.50,0.000000,0.000000,0,1,7.79,0.00
737811,1.27,-1.08,0.11,-28.25,1.31,41.18,-6.4,-9.3,212.2,60.49,-0.50,0.000000,0.000000,0,1,7.79,0.00
738117,-0.15,-0.50,0.12,-0.25,-31.62,-8.06,0.6,-4.7,201.8,60.50,-0.52,0.000000,0.000000,0,1,7.80,0.00
738423,-1.07,0.11,0.60,-28.00,-22.81,-16.75,6.0,-1.3,209.6,60.50,-0.48,0.000000,0.000000,0,1,7.80,0.00
738729,-1.59,0.50,-1.55,-4.31,-4.18,-91.50,9.2,2.0,224.3,60.50,-0.46,0.000000,0.000000,0,1,7.80,0.00
739035,-0.28,0.75,-1.14,20.87,29.50,4.12,3.6,1.1,233.3,60.50,-0.42,0.000000,0.000000,0,1,7.79,0.00
739341,1.00,-0.58,3.09,-3.06,21.50,50.12,-4.2,-5.9,223.7,60.51,-0.43,0.000000,0.000000,0,1,7.79,0.00
739647,0.28,-0.77,0.34,43.31,-8.68,47.37,-1.2,-7.2,212.0,60.51,-0.47,0.000000,0.000000,0,1,7.79,0.00
739953,-0.98,-2.52,0.43,8.68,-10.25,16.00,5.0,-15.4,197.0,60.51,-0.43,0.000000,0.000000,0,1,7.79,0.00
740259,0.10,-0.81,-0.37,-22.68,14.43,-26.31,1.3,-7.6,202.2,60.52,-0.39,0.000000,0.000000,0,1,7.79,0.00
740565,0.20,0.25,-0.93,-25.93,3.81,-11.12,0.0,-1.0,204.8,60.52,-0.37,0.000000,0.000000,0,1,7.79,0.00
740871,0.17,1.74,2.79,-33.37,-5.75,-12.25,1.0,6.9,210.3,60.52,-0.35,0.000000,0.000000,0,1,7.79,0.00
741177,-0.77,2.33,0.02,-1.81,-4.43,29.68,5.3,10.6,212.5,60.52,-0.37,0.000000,0.000000,0,1,7.79,0.00
741483,-1.12,-0.11,1.28,62.43,-30.75,93.62,6.2,-2.3,189.6,60.53,-0.39,0.000000,0.000000,0,1,7.79,0.00
741789,-3.02,-0.90,0.86,11.06,-2.25,119.56,16.6,-5.8,151.1,60.53,-0.36,0.000000,0.000000,0,1,7.79,0.00
742095,-2.83,-0.67,0.01,20.68,20.25,91.93,16.3,-4.5,123.4,60.54,-0.25,0.000000,0.000000,0,1,7.79,0.00
742401,-0.30,-0.77,-1.14,6.37,44.62,28.75,3.4,-6.1,108.3,60.54,-0.15,0.000000,0.000000,0,1,7.79,0.00
742707,-0.68,-0.10,0.15,-20.62,-8.31,46.87,3.9,-2.0,95.2,60.54,-0.17,0.000000,0.000000,0,1,7.79,0.00
743013,-0.74,0.63,-0.95,-9.00,-4.06,15.18,3.8,2.0,88.8,60.54,-0.17,0.000000,0.000000,0,1,7.79,0.00
743319,0.00,1.19,1.72,-30.12,23.68,-49.37,0.0,5.1,94.6,60.54,-0.14,0.000000,0.000000,0,1,7.79,0.00
743625,-0.95,0.54,-1.86,46.56,-4.62,-34.81,5.0,3.1,105.5,60.55,-0.15,0.000000,0.000000,0,1,7.79,0.00
743931,-0.44,-1.79,-0.49,15.43,-1.43,-31.93,2.6,-10.1,126.1,60.55,-0.12,0.000000,0.000000,0,1,7.79,0.00
744237,0.15,0.60,1.67,-44.31,32.56,27.31,-2.2,2.8,112.0,60.55,-0.22,0.000000,0.000000,0,1,7.79,0.00
744543,1.17,1.79,-1.79,17.81,-11.56,-76.00,-5.6,8.4,131.8,60.55,-0.21,0.000000,0.000000,0,1,7.79,0.00
744849,-1.05,-0.02,1.76,17.12,-31.75,3.81,4.8,0.2,139.5,60.56,-0.24,0.000000,0.000000,0,1,7.79,0.00
745155,-1.11,0.70,-1.04,13.43,14.50,-53.43,8.2,0.9,146.8,60.56,-0.23,0.000000,0.000000,0,1,7.79,0.00
745461,-0.86,-1.76,-0.27,9.12,29.62,42.56,3.6,-9.6,148.0,60.56,-0.19,0.000000,0.000000,0,1,7.79,0.00
745767,1.49,0.47,2.89,-39.12,-7.12,8.81,-6.5,0.4,135.5,60.57,-0.22,0.000000,0.000000,0,1,7.79,0.00
746073,0.35,1.72,1.20,14.75,14.62,-83.81,-0.4,6.8,155.7,60.57,-0.22,0.000000,0.000000,0,1,7.79,0.00
746379,-0.57,-0.91,0.66,44.93,-45.06,34.18,2.4,-5.1,157.0,60.57,-0.23,0.000000,0.000000,0,1,7.79,0.00
746685,-0.90,0.13,0.09,-42.81,2.75,-51.31,5.8,-1.1,159.9,60.58,-0.23,0.000000,0.000000,0,1,7.79,0.00
746991,-0.28,0.93,-0.11,-12.12,4.87,-49.25,3.8,2.2,178.1,60.57,-0.18,0.000000,0.000000,0,1,7.79,0.00
747297,0.15,0.70,-0.79,8.87,20.87,19.87,0.7,1.9,178.5,60.58,-0.18,0.000000,0.000000,0,1,7.79,0.00
747603,0.47,0.02,-0.60,16.43,-11.87,5.50,-0.4,-2.1,174.6,60.58,-0.16,0.000000,0.000000,0,1,7.79,0.00
747909,-0.98,-0.88,0.38,11.25,-12.81,-54.56,6.4,-7.0,181.8,60.59,-0.14,0.000000,0.000000,0,1,7.79,0.00
748215,-0.02,0.00,0.95,-25.43,12.93,2.06,1.8,-2.6,186.5,60.59,-0.11,0.000000,0.000000,0,1,7.79,0.00
748521,0.46,0.98,1.05,-12.87,9.43,-72.81,-1.3,2.8,197.1,60.59,-0.10,0.000000,0.000000,0,1,7.79,0.00
748827,0.55,0.67,-0.03,27.00,-1.25,-26.56,-0.8,0.6,216.5,60.59,-0.11,0.000000,0.000000,0,1,7.79,0.00
749133,0.22,-0.98,1.70,25.75,-7.06,-22.68,1.5,-8.7,222.4,60.60,-0.15,0.000000,0.000000,0,1,7.79,0.00
749439,-0.52,-0.25,-0.79,-30.87,-7.62,-10.37,5.3,-4.6,220.1,60.60,-0.17,0.000000,0.000000,0,1,7.79,0.00
749745,-0.15,0.70,-0.27,-11.75,13.56,-54.75,3.2,0.3,233.8,60.60,-0.11,0.000000,0.000000,0,1,7.79,0.00
750051,0.09,0.97,-0.07,-21.81,-2.68,-28.37,1.1,2.6,246.0,60.60,-0.10,0.000000,0.000000,0,1,7.79,0.00
750357,0.50,1.34,-0.19,-10.93,16.62,2.68,-0.9,4.9,251.4,60.61,-0.12,0.000000,0.000000,0,1,7.79,0.00
750663,0.12,0.93,0.72,7.06,-24.87,33.37,0.5,2.6,246.6,60.61,-0.17,0.000000,0.000000,0,1,7.79,0.00
750969,-1.03,-0.51,0.36,46.93,-15.00,46.12,5.8,-4.7,232.0,60.62,-0.20,0.000000,0.000000,0,1,7.79,0.00
751275,-0.91,-1.01,0.46,5.68,4.93,14.06,5.6,-8.3,223.5,60.62,-0.17,0.000000,0.000000,0,1,7.79,0.00
751581,-0.22,-0.67,0.37,-0.50,11.93,-8.18,1.4,-6.2,220.7,60.62,-0.14,0.000000,0.000000,0,1,7.79,0.00
751887,0.93,0.19,-0.60,-25.68,16.50,-87.12,-4.6,-2.5,234.6,60.62,-0.09,0.000000,0.000000,0,1,7.79,0.00
752193,0.75,0.80,0.07,-8.31,5.25,-64.50,-5.0,2.4,253.9,60.62,-0.06,0.000000,0.000000,0,1,7.76,0.00
753111,0.01,-0.02,-0.30,-22.00,-21.87,113.50,-2.0,-1.3,196.6,60.63,-0.12,0.000000,0.000000,0,1,7.79,0.00
753723,-0.02,0.00,-0.57,10.18,13.56,-15.00,-0.6,-1.6,195.1,60.64,-0.03,0.000000,0.000000,0,1,7.79,0.00
754029,0.54,-0.05,-0.67,-3.31,5.37,7.06,-3.5,-2.3,196.2,60.64,-0.08,0.000000,0.000000,0,1,7.82,0.00
754335,0.25,-0.17,-0.45,10.12,-1.62,-19.43,-2.6,-2.5,196.2,60.65,-0.13,0.000000,0.000000,0,1,7.82,0.00
754641,-0.01,-1.75,1.10,8.25,-16.87,-36.00,-1.6,-10.1,206.4,60.65,-0.15,0.000000,0.000000,0,1,7.82,0.00
754947,-0.15,0.28,0.45,-34.12,-8.56,-65.43,0.0,-0.4,220.5,60.65,-0.20,0.000000,0.000000,0,1,7.82,0.00
755253,-1.03,1.54,0.41,-39.81,-15.75,-51.00,5.7,7.3,241.4,60.66,-0.24,0.000000,0.000000,0,1,7.79,0.00
755559,-0.95,1.48,-0.25,15.62,16.00,-15.68,5.2,6.5,251.5,60.66,-0.28,0.000000,0.000000,0,1,7.79,0.00
755865,0.88,-0.61,0.50,34.37,31.81,40.25,-4.3,-5.3,249.8,60.67,-0.32,0.000000,0.000000,0,1,7.79,0.00
756171,0.27,-1.74,0.38,9.93,-8.50,99.50,-2.4,-11.8,228.1,60.68,-0.39,0.000000,0.000000,0,1,7.79,0.00
756477,0.19,-1.14,-0.20,-4.62,13.81,-76.87,-1.3,-8.1,223.1,60.68,-0.37,0.000000,0.000000,0,1,7.79,0.00
756783,0.60,-0.05,-0.17,-10.43,-20.06,-30.12,-2.8,-2.8,250.2,60.68,-0.31,0.000000,0.000000,0,1,7.79,0.00
757089,-0.86,0.40,-0.61,-16.25,-14.31,-6.06,3.6,1.1,242.6,60.69,-0.38,0.000000,0.000000,0,1,7.78,0.00
757395,-0.73,1.37,0.13,-34.68,-16.12,-59.12,4.8,5.6,262.5,60.69,-0.32,0.000000,0.000000,0,1,7.78,0.00
757701,-0.79,0.93,-0.37,24.81,8.93,9.87,4.6,3.9,265.8,60.70,-0.33,0.000000,0.000000,0,1,7.78,0.00
758007,0.40,-0.30,0.25,20.56,27.12,25.37,-2.1,-3.6,260.7,60.70,-0.34,0.000000,0.000000,0,1,7.78,0.00
758313,0.63,-1.12,0.55,3.68,0.37,0.68,-4.0,-7.5,256.1,60.70,-0.35,0.000000,0.000000,0,1,7.79,0.00
758619,0.15,-0.15,0.00,-16.81,-18.25,8.75,-1.0,-2.2,253.8,60.70,-0.37,0.000000,0.000000,0,1,7.79,0.00
758925,-0.55,0.86,0.03,-17.50,-2.81,1.18,2.5,3.1,252.7,60.71,-0.36,0.000000,0.000000,0,1,7.79,0.00
759231,-0.22,0.35,-0.36,5.50,4.06,-4.25,0.7,0.8,254.2,60.71,-0.35,0.000000,0.000000,0,1,7.79,0.00
759537,0.40,-0.00,0.30,17.06,17.06,6.18,-2.7,-1.5,252.6,60.71,-0.35,0.000000,0.000000,0,1,7.79,0.00
759843,0.40,-0.75,-0.10,3.37,-6.18,-0.56,-3.4,-5.4,252.7,60.72,-0.35,0.000000,0.000000,0,1,7.79,0.00
760149,-0.02,-0.20,0.15,-6.31,-1.50,7.62,-0.6,-2.3,250.6,60.72,-0.36,0.000000,0.000000,0,1,7.78,0.00
760455,-0.55,0.41,0.27,-23.37,-9.18,3.75,1.4,1.1,250.8,60.72,-0.34,0.000000,0.000000,0,1,7.78,0.00
760761,0.18,0.12,-0.31,17.12,6.12,-5.12,-1.6,0.0,249.8,60.73,-0.33,0.000000,0.000000,0,1,7.78,0.00
761067,0.10,0.02,0.11,11.68,5.75,1.12,-1.6,-1.1,250.7,60.73,-0.33,0.000000,0.000000,0,1,7.78,0.00
761373,0.20,-0.58,-0.25,2.56,-9.18,-3.31,-2.2,-4.0,251.9,60.73,-0.33,0.000000,0.000000,0,1,7.79,0.00
761679,-0.02,0.33,-0.56,-12.87,3.87,12.81,-0.7,0.2,249.3,60.74,-0.34,0.000000,0.000000,0,1,7.79,0.00
761985,-0.22,0.46,0.09,-12.43,-3.56,-7.31,0.1,1.4,250.0,60.74,-0.32,0.000000,0.000000,0,1,7.79,0.00
762291,0.00,-0.05,0.22,18.81,-5.31,0.81,-1.4,-0.6,248.6,60.74,-0.32,0.000000,0.000000,0,1,7.79,0.00
762597,0.22,0.07,-0.43,10.31,18.31,11.06,-1.9,-1.0,248.7,60.74,-0.33,0.000000,0.000000,0,1,7.79,0.00
762903,-0.17,-0.38,0.30,-22.43,-10.87,-7.37,-0.8,-3.0,248.6,60.75,-0.34,0.000000,0.000000,0,1,7.79,0.00
763209,-0.05,-0.49,1.00,23.12,-12.50,-26.25,-1.0,-2.9,249.7,60.75,-0.33,0.000000,0.000000,0,1,7.79,0.00
763515,0.28,0.25,-1.32,-2.81,7.56,2.12,-1.6,-0.6,257.2,60.75,-0.31,0.000000,0.000000,0,1,7.79,0.00
763821,0.00,0.55,-0.22,-16.00,10.56,-6.81,-0.6,1.0,256.6,60.75,-0.33,0.000000,0.000000,0,1,7.79,0.00
764127,0.27,-0.10,0.97,-2.12,1.62,-13.68,-2.2,-1.3,259.5,60.76,-0.30,0.000000,0.000000,0,1,7.78,0.00
764433,0.31,0.15,-0.69,31.12,-10.75,-3.56,-1.7,-1.2,260.1,60.76,-0.32,0.000000,0.000000,0,1,7.78,0.00
764739,-0.19,-0.09,1.21,-39.25,-14.06,2.87,1.6,-3.4,266.6,60.76,-0.29,0.000000,0.000000,0,1,7.78,0.00
765045,-0.38,0.51,0.13,32.18,7.81,-4.56,2.3,-0.1,261.2,60.77,-0.29,0.000000,0.000000,0,1,7.78,0.00
765351,0.68,-1.40,-0.56,19.62,14.00,-0.18,-2.6,-11.0,263.1,60.77,-0.23,0.000000,0.000000,0,1,7.79,0.00
765657,0.45,-0.34,-1.19,-30.56,-5.93,-58.56,-2.3,-4.6,267.5,60.77,-0.18,0.000000,0.000000,0,1,7.79,0.00
765963,-0.70,0.51,2.42,-7.06,-26.43,-156.81,3.0,1.3,303.1,60.77,-0.13,0.000000,0.000000,0,1,7.79,0.00
766269,-1.66,0.31,-0.11,-9.25,-9.18,-39.25,10.6,-0.5,335.2,60.78,-0.17,0.000000,0.000000,0,1,7.79,0.00
766575,-1.51,1.16,-0.74,-39.43,23.87,-20.37,9.1,4.5,335.8,60.78,-0.21,0.000000,0.000000,0,1,7.79,0.00
766881,0.55,1.25,0.68,16.37,38.12,-55.25,-2.1,4.5,354.1,60.78,-0.18,0.000000,0.000000,0,1,7.79,0.00
767187,1.50,-1.05,0.70,63.43,22.18,24.12,-8.8,-7.5,354.5,60.79,-0.22,0.000000,0.000000,0,1,7.78,0.00
767493,1.35,-3.02,2.77,5.56,-34.56,-38.25,-7.8,-18.8,358.9,60.79,-0.24,0.000000,0.000000,0,1,7.78,0.00
767799,-0.13,-0.73,-0.15,-32.87,-44.75,-81.50,-0.1,-6.7,14.2,60.80,-0.25,0.000000,0.000000,0,1,7.78,0.00
768105,-1.63,0.69,-0.20,-66.37,-14.50,-32.18,8.1,3.0,35.4,60.80,-0.23,0.000000,0.000000,0,1,7.78,0.00
768411,-1.12,2.30,-0.45,-2.56,22.56,-111.00,6.5,11.1,57.5,60.80,-0.21,0.000000,0.000000,0,1,7.78,0.00
768717,0.40,0.12,0.11,53.43,34.81,46.56,-2.4,-0.3,66.8,60.80,-0.23,0.000000,0.000000,0,1,7.78,0.00
769023,0.70,-1.35,-0.07,-0.87,-10.81,2.31,-3.9,-9.0,56.1,60.81,-0.30,0.000000,0.000000,0,1,7.78,0.00
769329,0.07,0.50,-0.01,-34.31,-8.06,76.50,0.3,0.3,46.5,60.81,-0.33,0.000000,0.000000,0,1,7.78,0.00
769635,-0.69,2.25,0.47,-27.81,-9.18,2.31,3.5,10.2,33.3,60.81,-0.32,0.000000,0.000000,0,1,7.78,0.00
769941,-0.25,0.37,0.34,68.18,23.43,11.00,0.5,0.7,33.0,60.81,-0.24,0.000000,0.000000,0,1,7.78,0.00
770247,0.25,-1.73,-0.55,19.12,1.43,37.75,-2.3,-11.2,23.8,60.82,-0.20,0.000000,0.000000,0,1,7.79,0.00
770553,0.20,-0.40,-0.67,-24.62,4.43,1.00,-1.5,-4.0,17.3,60.82,-0.15,0.000000,0.000000,0,1,7.79,0.00
770859,0.11,0.91,-0.00,-29.06,-2.06,-11.93,-0.8,3.0,19.1,60.82,-0.09,0.000000,0.000000,0,1,7.79,0.00
771165,-0.91,1.29,0.30,-8.87,9.68,-130.00,-0.6,7.5,31.4,60.83,-0.05,0.000000,0.000000,0,1,7.79,0.00
771471,-0.30,0.69,0.49,9.37,13.81,3.00,-5.6,7.8,54.5,60.83,-0.02,0.000000,0.000000,0,1,7.79,0.00
771777,-0.10,-0.05,0.09,19.37,2.93,-45.75,-8.6,4.1,54.5,60.83,-0.06,0.000000,0.000000,0,1,7.79,0.00
772083,-0.40,0.00,0.20,-5.68,-6.81,-7.68,-8.5,5.1,63.6,60.83,-0.03,0.000000,0.000000,0,1,7.79,0.00
772389,-0.33,0.31,0.00,4.18,5.68,-8.18,-8.6,6.9,59.9,60.84,-0.04,0.000000,0.000000,0,1,7.79,0.00
772695,-0.05,0.18,-0.20,10.50,4.18,-17.50,-9.3,5.5,67.8,60.84,-0.00,0.000000,0.000000,0,1,7.79,0.00
773001,0.20,0.20,-0.07,-10.31,-2.56,18.93,-10.3,5.3,66.2,60.84,-0.00,0.000000,0.000000,0,1,7.79,0.00
773307,-0.18,-0.02,0.05,15.31,1.18,-29.25,-9.4,5.2,69.6,60.85,0.01,0.000000,0.000000,0,1,7.78,0.00
773613,-0.07,0.11,0.10,-2.75,2.00,-14.75,-9.6,4.5,75.0,60.85,0.03,0.000000,0.000000,0,1,7.78,0.00
773919,0.12,0.40,-0.18,5.12,11.25,-37.25,-11.1,6.2,81.3,60.85,0.04,0.000000,0.000000,0,1,7.78,0.00
774225,0.35,0.12,0.30,-1.43,6.37,-7.68,-11.4,4.3,85.5,60.85,0.03,0.000000,0.000000,0,1,7.79,0.00
774531,0.28,-0.34,0.13,20.06,-1.25,-64.37,-11.0,2.4,98.9,60.85,0.04,0.000000,0.000000,0,1,7.79,0.00
774837,0.68,-0.23,-1.01,5.62,-6.75,-14.37,-10.9,0.8,109.3,60.86,0.05,0.000000,0.000000,0,1,7.79,0.00
775143,0.11,-0.20,-0.10,-1.00,-16.37,-21.75,-7.6,0.8,115.0,60.86,0.07,0.000000,0.000000,0,1,7.79,0.00
775449,-0.85,0.20,-0.27,8.12,-25.75,-19.25,1.0,2.0,111.1,60.86,0.06,0.000000,0.000000,0,1,7.78,0.00
775755,-0.68,0.00,-0.45,1.00,11.06,-20.87,1.5,-0.2,122.1,60.87,0.11,0.000000,0.000000,0,1,7.78,0.00
776061,0.01,0.49,-0.38,-1.62,29.12,-0.25,-4.5,2.2,124.8,60.87,0.13,0.000000,0.000000,0,1,7.78,0.00
776367,0.75,0.30,-0.15,15.93,3.68,-52.50,-8.4,1.5,134.8,60.87,0.10,0.000000,0.000000,0,1,7.79,0.00
776673,0.33,-0.86,-0.28,4.06,-18.43,43.81,-6.5,-4.3,133.5,60.87,0.09,0.000000,0.000000,0,1,7.79,0.00
776979,0.15,-0.22,0.00,2.31,-0.31,-43.37,-4.6,-1.3,141.2,60.88,0.11,0.000000,0.000000,0,1,7.79,0.00
777285,-0.17,0.07,0.69,-9.18,-14.25,13.12,-2.8,0.8,143.5,60.88,0.13,0.000000,0.000000,0,1,7.79,0.00
777591,-0.18,0.46,-0.11,-3.56,14.87,16.50,-2.5,2.2,139.0,60.88,0.14,0.000000,0.000000,0,1,7.79,0.00
777897,0.90,0.09,0.07,4.37,29.06,3.75,-9.0,1.1,130.8,60.88,0.17,0.000000,0.000000,0,1,7.79,0.00
778203,0.45,-0.30,0.83,36.93,-25.25,-47.00,-6.6,-1.6,144.4,60.88,0.17,0.000000,0.000000,0,1,7.79,0.00
778509,-0.54,-0.83,-0.30,-16.06,-12.87,17.81,-0.3,-4.3,148.3,60.89,0.16,0.000000,0.000000,0,1,7.79,0.00
778815,-0.22,0.15,0.35,-7.75,28.43,-15.62,-2.7,0.8,147.1,60.89,0.20,0.000000,0.000000,0,1,7.79,0.00
779121,0.30,-0.10,0.18,16.18,-18.25,-12.68,-5.3,-0.4,151.4,60.89,0.19,0.000000,0.000000,0,1,7.79,0.00
779427,-0.22,-0.47,-0.22,-3.75,3.31,-17.37,-1.9,-2.5,155.9,60.90,0.18,0.000000,0.000000,0,1,7.78,0.00
779733,0.15,0.83,-0.05,-27.25,19.00,-16.00,-4.3,4.5,160.6,60.90,0.19,0.000000,0.000000,0,1,7.78,0.00
780039,0.51,0.31,0.37,44.00,13.62,-51.18,-7.3,2.5,169.5,60.90,0.18,0.000000,0.000000,0,1,7.78,0.00
780345,1.17,-0.51,-0.79,-6.75,4.37,14.06,-9.8,-2.8,179.3,60.91,0.16,0.000000,0.000000,0,1,7.79,0.00
780651,0.22,0.68,0.51,-16.87,-5.12,-7.56,-5.9,3.6,175.3,60.91,0.14,0.000000,0.000000,0,1,7.79,0.00
780957,-0.61,-0.07,1.00,16.62,-19.56,-41.75,-2.3,0.6,181.7,60.91,0.14,0.000000,0.000000,0,1,7.79,0.00
781263,-0.79,0.02,-0.22,-16.12,-5.25,-9.81,0.4,0.8,193.0,60.91,0.15,0.000000,0.000000,0,1,7.79,0.00
781569,-0.30,0.63,0.23,3.18,18.81,-41.56,-2.2,3.8,198.0,60.92,0.17,0.000000,0.000000,0,1,7.79,0.00
781875,0.40,-0.56,-0.43,23.62,2.00,-14.56,-5.5,-2.8,208.8,60.92,0.19,0.000000,0.000000,0,1,7.79,0.00
782181,0.28,0.11,0.50,-32.43,6.50,4.43,-5.7,0.8,208.8,60.92,0.17,0.000000,0.000000,0,1,7.79,0.00
782487,0.22,1.50,-0.31,-18.06,-15.25,30.43,-5.1,8.1,205.2,60.93,0.15,0.000000,0.000000,0,1,7.78,0.00
782793,-0.12,0.45,-0.69,25.87,-20.31,89.93,-2.4,2.7,184.3,60.93,0.15,0.000000,0.000000,0,1,7.78,0.00
783099,-0.45,0.20,0.03,-5.75,15.81,11.06,-1.5,1.8,168.5,60.93,0.21,0.000000,0.000000,0,1,7.78,0.00
783405,-0.25,0.49,0.93,-11.75,-12.68,60.43,-2.9,2.6,162.3,60.93,0.22,0.000000,0.000000,0,1,7.78,0.00
783711,-0.05,0.55,0.15,-6.43,12.75,35.31,-3.6,3.8,147.4,60.94,0.19,0.000000,0.000000,0,1,7.78,0.00
784017,0.02,0.56,0.40,16.50,-11.31,-26.00,-4.5,3.8,145.4,60.94,0.19,0.000000,0.000000,0,1,7.78,0.00
784323,-0.40,0.00,-0.68,12.56,-3.00,31.37,-0.9,0.1,147.8,60.94,0.20,0.000000,0.000000,0,1,7.78,0.00
784629,-0.50,-0.55,1.94,-10.62,-4.06,44.62,-0.9,-2.1,135.3,60.94,0.19,0.000000,0.000000,0,1,7.78,0.00
784935,-0.00,-0.12,-0.49,-4.50,13.37,-20.43,-2.9,-0.8,132.3,60.95,0.21,0.000000,0.000000,0,1,7.78,0.00
785241,-0.23,0.03,0.35,-1.81,-12.81,-7.81,-2.6,0.6,134.9,60.95,0.22,0.000000,0.000000,0,1,7.78,0.00
785547,0.00,0.00,-1.13,10.25,2.68,8.75,-2.5,0.0,136.4,60.95,0.24,0.000000,0.000000,0,1,7.78,0.00
785853,-0.91,0.12,0.25,-6.56,-8.68,12.93,1.1,1.0,129.2,60.95,0.21,0.000000,0.000000,0,1,7.78,0.00
786159,-0.25,0.25,0.50,-1.87,9.37,-14.62,-1.1,1.5,135.8,60.95,0.25,0.000000,0.000000,0,1,7.78,0.00
786465,-0.05,-0.47,-0.86,8.12,6.25,-36.56,-2.3,-2.1,142.0,60.96,0.24,0.000000,0.000000,0,1,7.78,0.00
786771,0.11,0.22,1.42,-25.68,-8.00,52.25,-3.8,1.0,140.8,60.96,0.24,0.000000,0.000000,0,1,7.78,0.00
787077,-0.35,0.27,-1.00,3.18,2.31,-20.12,-1.3,2.1,129.3,60.97,0.20,0.000000,0.000000,0,1,7.78,0.00
787383,-0.41,0.23,1.55,4.37,-0.62,-3.81,-1.5,2.0,134.9,60.97,0.24,0.000000,0.000000,0,1,7.79,0.00
787689,-0.22,0.22,-1.55,2.43,9.87,-7.18,-1.5,1.4,138.9,60.97,0.23,0.000000,0.000000,0,1,7.79,0.00
787995,-0.61,0.05,1.53,3.00,-22.50,22.25,-1.5,0.9,133.8,60.97,0.23,0.000000,0.000000,0,1,7.79,0.00
788301,-0.55,0.05,-0.58,0.81,13.56,-11.31,0.0,0.3,136.7,60.98,0.23,0.000000,0.000000,0,1,7.79,0.00
788607,-0.35,-0.17,-1.05,10.12,5.12,-22.62,-1.1,-0.8,137.0,60.98,0.23,0.000000,0.000000,0,1,7.79,0.00
788913,0.23,-0.02,0.55,0.18,15.56,27.00,-4.8,-0.1,139.5,60.98,0.28,0.000000,0.000000,0,1,7.79,0.00
789219,-0.10,-0.38,-0.25,3.06,-7.43,0.18,-3.6,-1.8,129.3,60.98,0.24,0.000000,0.000000,0,1,7.79,0.00
789525,0.23,0.25,0.15,-23.56,-4.00,12.00,-4.3,0.7,131.6,60.99,0.28,0.000000,0.000000,0,1,7.78,0.00
789831,-0.00,-0.33,-2.47,11.12,2.68,-61.56,-2.7,-1.5,134.8,60.99,0.28,0.000000,0.000000,0,1,7.78,0.00
790137,-0.11,0.09,1.65,-7.18,-11.75,52.12,-2.7,-0.2,140.2,60.99,0.32,0.000000,0.000000,0,1,7.78,0.00
790443,-0.81,0.18,-2.98,-1.68,-0.25,-16.37,1.6,1.3,130.8,60.99,0.28,0.000000,0.000000,0,1,7.78,0.00
790749,-0.95,0.19,3.18,22.56,8.12,-31.25,0.0,1.3,139.6,61.00,0.35,0.000000,0.000000,0,1,7.78,0.00
791055,0.52,0.03,-1.70,-16.75,23.81,-6.87,-5.5,-0.1,151.8,61.00,0.37,0.000000,0.000000,0,1,7.78,0.00
791361,-0.22,0.25,2.73,-3.18,-32.75,87.18,-4.6,1.1,133.5,61.00,0.31,0.000000,0.000000,0,1,7.78,0.00
791667,-0.20,-0.22,-0.85,-3.93,1.18,-67.50,-2.5,-0.8,134.3,61.00,0.34,0.000000,0.000000,0,1,7.78,0.00
791973,-0.76,0.11,-0.20,8.75,-10.00,0.18,0.1,0.6,140.8,61.01,0.36,0.000000,0.000000,0,1,7.78,0.00
792279,-0.11,-0.01,0.07,-20.37,4.81,5.75,-2.1,0.0,145.6,61.01,0.38,0.000000,0.000000,0,1,7.78,0.00
792585,-0.11,0.33,-1.01,-2.12,-3.25,8.31,-3.0,1.7,137.0,61.01,0.34,0.000000,0.000000,0,1,7.78,0.00
792891,-0.20,0.46,2.02,-5.93,-11.25,-3.56,-2.8,2.5,143.8,61.02,0.37,0.000000,0.000000,0,1,7.78,0.00
793197,-0.15,0.00,-1.21,2.12,0.25,-3.25,-2.1,0.6,144.1,61.02,0.34,0.000000,0.000000,0,1,7.78,0.00
793503,0.01,-0.09,1.58,-1.62,-10.93,41.12,-3.4,-0.5,137.9,61.02,0.34,0.000000,0.000000,0,1,7.78,0.00
793809,-0.63,0.22,-2.70,-8.75,-2.00,10.62,0.4,1.0,130.3,61.02,0.32,0.000000,0.000000,0,1,7.78,0.00
794115,-0.55,0.05,1.38,16.75,5.43,-42.31,-0.8,0.9,133.5,61.03,0.36,0.000000,0.000000,0,1,7.78,0.00
794421,0.00,-0.03,-0.37,-9.43,14.56,24.12,-2.9,-0.3,142.5,61.03,0.38,0.000000,0.000000,0,1,7.78,0.00
794727,-0.05,-0.11,0.75,4.37,-13.50,17.12,-4.7,-0.5,128.8,61.03,0.34,0.000000,0.000000,0,1,7.78,0.00
795033,-0.12,0.05,0.13,-15.25,6.18,-17.37,-2.8,0.1,138.1,61.03,0.36,0.000000,0.000000,0,1,7.78,0.00
795339,-0.35,0.18,-0.75,6.62,-4.81,-23.75,-1.5,1.0,138.6,61.03,0.34,0.000000,0.000000,0,1,7.78,0.00
795645,0.12,0.15,1.40,-3.37,3.00,29.87,-4.3,0.5,142.7,61.04,0.37,0.000000,0.000000,0,1,7.78,0.00
795951,-0.27,-0.17,-2.20,4.25,-12.75,13.62,-2.2,-1.4,130.0,61.04,0.33,0.000000,0.000000,0,1,7.78,0.00
796257,-0.52,-0.45,2.24,-0.87,-8.75,-19.25,-1.8,-1.9,134.6,61.04,0.37,0.000000,0.000000,0,1,7.78,0.00
796563,-0.30,-0.28,-2.39,-5.81,4.62,-5.06,-1.1,-2.0,141.6,61.04,0.39,0.000000,0.000000,0,1,7.77,0.00
796869,-0.31,-0.00,2.44,-15.37,-11.00,26.50,-3.5,-0.1,135.5,61.05,0.39,0.000000,0.000000,0,1,7.77,0.00
797175,0.15,0.17,-0.43,-10.31,5.62,-26.50,-4.1,0.9,139.8,61.05,0.39,0.000000,0.000000,0,1,7.77,0.00
797481,0.05,-0.22,-0.31,21.93,1.62,-27.18,-4.0,-0.5,143.7,61.05,0.40,0.000000,0.000000,0,1,7.78,0.00
797787,0.68,-0.47,-0.23,-6.25,4.00,43.06,-6.5,-2.5,144.4,61.05,0.41,0.000000,0.000000,0,1,7.78,0.00
798093,-0.15,-0.15,-2.04,4.00,-12.31,3.68,-2.8,-0.3,131.3,61.06,0.37,0.000000,0.000000,0,1,7.78,0.00
798399,-0.30,-0.02,1.40,1.62,-11.93,-19.87,-2.5,-0.1,140.2,61.06,0.43,0.000000,0.000000,0,1,7.78,0.00
798705,-0.40,0.66,-2.75,-10.81,8.62,18.81,-0.0,3.2,141.3,61.06,0.44,0.000000,0.000000,0,1,7.78,0.00
799011,0.17,0.25,2.89,10.87,1.50,7.37,-4.0,2.1,137.8,61.07,0.48,0.000000,0.000000,0,1,7.78,0.00
799317,-0.38,0.50,-1.11,-3.31,5.06,2.68,-1.0,2.0,137.6,61.07,0.47,0.000000,0.000000,0,1,7.78,0.00
799623,-0.37,-0.05,0.09,16.87,-2.18,-27.56,-2.0,-0.2,138.1,61.07,0.48,0.000000,0.000000,0,1,7.78,0.00
799929,0.38,-0.44,-0.68,4.00,17.31,19.81,-5.1,-2.9,144.0,61.07,0.50,0.000000,0.000000,0,1,7.78,0.00
800235,0.00,-0.55,1.86,-31.18,-22.81,47.81,-5.0,-2.9,129.6,61.08,0.48,0.000000,0.000000,0,1,7.78,0.00
800541,-0.36,0.15,-0.12,6.31,2.06,-46.25,-1.6,0.3,130.1,61.08,0.52,0.000000,0.000000,0,1,7.78,0.00
800847,-0.31,-0.34,-0.37,8.93,-3.56,-37.31,-1.6,-2.0,146.9,61.08,0.56,0.000000,0.000000,0,1,7.78,0.00
801153,0.60,-0.15,0.36,-6.81,31.25,8.56,-5.8,-0.5,148.6,61.08,0.55,0.000000,0.000000,0,1,7.78,0.00
801459,-0.17,0.10,0.66,5.43,-27.62,9.75,-4.1,0.9,140.7,61.09,0.51,0.000000,0.000000,0,1,7.78,0.00
801765,-0.22,-0.22,-0.67,-1.56,-4.56,-20.06,-1.3,-1.3,147.5,61.09,0.54,0.000000,0.000000,0,1,7.77,0.00
802071,0.02,-0.25,-0.55,9.81,19.93,-58.50,-3.8,-1.5,155.0,61.09,0.56,0.000000,0.000000,0,1,7.77,0.00
802377,0.58,-0.03,0.11,-10.50,1.81,39.12,-6.6,-0.4,160.1,61.09,0.57,0.000000,0.000000,0,1,7.77,0.00
802683,-0.17,0.03,-0.20,-10.12,-36.25,21.87,-3.8,0.5,144.9,61.10,0.51,0.000000,0.000000,0,1,7.78,0.00
802989,-1.20,0.15,-0.83,-4.00,-8.25,-53.56,2.6,0.9,152.3,61.10,0.55,0.000000,0.000000,0,1,7.78,0.00
803295,-0.75,-0.09,1.12,-4.87,15.43,0.87,-1.3,1.1,155.9,61.10,0.55,0.000000,0.000000,0,1,7.78,0.00
803601,1.08,0.56,-0.75,-4.93,27.37,-6.12,-9.6,3.2,160.7,61.11,0.51,0.000000,0.000000,0,1,7.78,0.00
803907,0.66,-0.55,-1.09,21.37,-34.12,20.75,-7.7,-2.3,154.0,61.11,0.43,0.000000,0.000000,0,1,7.78,0.00
804213,-1.88,-0.27,-0.79,-30.31,-12.12,53.18,4.7,-0.6,143.8,61.11,0.38,0.000000,0.000000,0,1,7.78,0.00
804519,-1.37,0.91,0.70,-14.50,19.06,-60.18,-0.5,5.3,143.6,61.11,0.43,0.000000,0.000000,0,1,7.78,0.00
804825,-0.30,-0.20,-0.51,3.37,37.50,-115.31,-6.2,0.3,172.3,61.12,0.44,0.000000,0.000000,0,1,7.78,0.00
805131,1.24,0.43,0.11,4.18,19.62,42.37,-15.1,4.8,184.8,61.12,0.36,0.000000,0.000000,0,1,7.78,0.00
805437,0.35,-0.31,0.75,2.12,-27.50,-11.62,-11.5,1.3,179.2,61.12,0.28,0.000000,0.000000,0,1,7.78,0.00
805743,-0.43,0.00,-0.67,2.81,-22.50,10.37,-5.1,2.1,183.1,61.12,0.30,0.000000,0.000000,0,1,7.79,0.00
806049,-1.01,0.00,0.07,-8.06,5.25,-15.75,-3.0,2.5,180.6,61.12,0.31,0.000000,0.000000,0,1,7.79,0.00
806355,0.12,0.33,0.23,-4.62,23.87,-50.43,-8.6,3.8,189.1,61.13,0.34,0.000000,0.000000,0,1,7.79,0.00
806661,0.81,0.38,0.00,4.06,15.81,-12.25,-12.3,4.6,199.2,61.13,0.32,0.000000,0.000000,0,1,7.79,0.00
806967,0.81,0.45,0.28,-1.75,-11.81,37.06,-12.6,4.9,197.8,61.13,0.30,0.000000,0.000000,0,1,7.79,0.00
807273,-0.07,0.07,0.40,-0.37,-18.50,4.37,-7.8,2.8,191.4,61.13,0.26,0.000000,0.000000,0,1,7.79,0.00
807579,-1.22,-0.35,0.86,24.06,-18.50,8.50,-2.8,0.9,189.0,61.14,0.27,0.000000,0.000000,0,1,7.78,0.00
807885,0.20,-0.61,-0.11,9.68,16.75,-66.37,-7.4,-2.5,204.5,61.14,0.32,0.000000,0.000000,0,1,7.78,0.00
808191,0.52,-0.57,0.30,-7.18,1.56,2.93,-9.1,-2.1,211.5,61.14,0.31,0.000000,0.000000,0,1,7.78,0.00
808497,-0.10,0.25,-0.33,1.62,-1.37,-37.06,-5.5,1.8,213.6,61.14,0.29,0.000000,0.000000,0,1,7.78,0.00
808803,0.46,0.30,-0.10,5.62,28.37,-83.00,-7.8,2.0,236.5,61.14,0.36,0.000000,0.000000,0,1,7.78,0.00
809109,0.66,0.54,0.45,-10.75,-19.25,20.25,-9.0,3.1,242.7,61.15,0.34,0.000000,0.000000,0,1,7.78,0.00
809415,-0.60,0.66,-1.00,2.31,-11.50,-34.50,-2.5,3.8,241.1,61.15,0.34,0.000000,0.000000,0,1,7.78,0.00
809721,0.20,0.28,-0.20,10.25,9.68,40.37,-5.5,1.1,247.4,61.15,0.46,0.000000,0.000000,0,1,7.78,0.00
810027,-2.00,-0.30,0.05,-3.56,-30.00,83.00,4.2,-1.2,219.9,61.16,0.39,0.000000,0.000000,0,1,7.78,0.00
810333,-0.63,-0.15,-0.31,-12.87,34.75,-57.62,-0.8,0.0,220.1,61.16,0.48,0.000000,0.000000,0,1,7.78,0.00
810639,0.20,0.36,0.30,-12.25,-6.00,-9.00,-6.6,3.1,228.0,61.16,0.47,0.000000,0.000000,0,1,7.81,0.00
810945,-1.19,0.22,-0.47,10.12,-25.43,41.25,1.0,2.1,219.6,61.16,0.40,0.000000,0.000000,0,1,7.81,0.00
811251,-0.81,-0.12,-1.07,7.12,15.56,58.81,0.0,-0.1,208.6,61.17,0.44,0.000000,0.000000,0,1,7.81,0.00
811557,-0.83,-0.19,-0.65,-15.18,-16.87,123.68,-0.3,-0.3,175.3,61.17,0.42,0.000000,0.000000,0,1,7.81,0.00
811863,-1.36,0.61,-0.93,6.12,8.62,82.93,2.0,4.2,142.0,61.17,0.41,0.000000,0.000000,0,1,7.78,0.00
812169,-0.60,0.20,0.13,22.62,16.37,-32.31,-2.1,1.8,141.3,61.18,0.48,0.000000,0.000000,0,1,7.78,0.00
812475,0.67,-0.67,0.17,2.75,24.68,-26.68,-8.1,-3.1,149.0,61.18,0.52,0.000000,0.000000,0,1,7.78,0.00
812781,0.27,-0.18,-0.35,-12.81,-20.50,58.00,-5.8,-0.9,145.8,61.18,0.49,0.000000,0.000000,0,1,7.77,0.00
813087,-1.36,1.51,1.79,-43.62,-19.43,70.37,2.1,9.0,128.1,61.18,0.46,0.000000,0.000000,0,1,7.77,0.00
813393,-0.10,1.63,-1.22,0.68,-5.00,67.37,-3.5,10.2,101.1,61.18,0.47,0.000000,0.000000,0,1,7.77,0.00
813699,-0.83,1.13,0.90,9.75,-6.56,-33.75,-1.6,7.2,98.5,61.19,0.51,0.000000,0.000000,0,1,7.78,0.00
814005,-0.33,0.34,-1.70,7.56,-1.43,33.43,-2.3,2.9,104.5,61.19,0.51,0.000000,0.000000,0,1,7.78,0.00
814311,-0.52,0.27,0.09,-11.87,6.62,107.62,-3.6,3.5,75.7,61.19,0.42,0.000000,0.000000,0,1,7.78,0.00
814617,0.15,-0.05,2.06,4.37,20.62,14.81,-9.3,3.0,56.0,61.20,0.40,0.000000,0.000000,0,1,7.77,0.00
814923,-0.11,0.12,0.15,-4.68,-25.18,116.68,-7.5,1.5,44.2,61.20,0.35,0.000000,0.000000,0,1,7.77,0.00
815229,-0.15,0.91,0.02,-38.25,-2.00,76.37,-5.8,6.1,5.7,61.20,0.28,0.000000,0.000000,0,1,7.77,0.00
815535,0.13,0.83,0.37,29.62,-10.62,-45.68,-6.2,6.3,4.0,61.20,0.33,0.000000,0.000000,0,1,7.77,0.00
815841,-0.13,-0.09,-0.11,7.37,7.31,-10.31,-3.5,1.0,16.5,61.20,0.36,0.000000,0.000000,0,1,7.78,0.00
816147,0.55,0.03,-0.11,-0.87,18.31,36.56,-7.4,1.0,11.1,61.20,0.35,0.000000,0.000000,0,1,7.78,0.00
816453,0.40,-0.02,0.60,-9.25,-10.50,38.12,-7.4,0.6,0.8,61.21,0.32,0.000000,0.000000,0,1,7.78,0.00
816759,-0.63,0.43,-0.36,-15.75,-15.00,15.00,-1.5,2.9,349.4,61.21,0.31,0.000000,0.000000,0,1,7.77,0.00
817065,-0.12,0.03,2.54,17.81,15.75,-47.62,-5.0,2.0,355.9,61.21,0.38,0.000000,0.000000,0,1,7.77,0.00
817371,0.98,0.05,-1.96,11.50,2.87,-17.75,-8.8,0.5,10.7,61.22,0.40,0.000000,0.000000,0,1,7.77,0.00
817677,0.11,-0.01,1.48,-20.81,-21.25,85.75,-5.3,1.0,0.0,61.22,0.38,0.000000,0.000000,0,1,7.78,0.00
817983,-0.75,0.75,-0.40,-8.50,-5.00,67.00,-0.8,5.0,335.0,61.22,0.40,0.000000,0.000000,0,1,7.78,0.00
818289,0.11,0.51,0.49,0.25,16.18,8.12,-5.8,3.7,327.9,61.22,0.49,0.000000,0.000000,0,1,7.78,0.00
818595,0.77,0.23,-0.03,-10.62,-16.06,23.93,-8.8,1.6,325.2,61.22,0.53,0.000000,0.000000,0,1,7.78,0.00
818901,0.07,0.72,-1.27,-16.62,-3.18,40.87,-4.8,4.0,313.3,61.23,0.54,0.000000,0.000000,0,1,7.77,0.00
819207,-0.07,0.17,0.61,13.81,-17.93,58.81,-5.8,2.1,297.3,61.23,0.57,0.000000,0.000000,0,1,7.77,0.00
819513,-1.00,-0.52,-0.07,12.68,-5.75,-24.56,0.3,-1.6,296.0,61.24,0.59,0.000000,0.000000,0,1,7.77,0.00
819819,-0.19,0.00,2.08,-14.18,22.31,-14.06,-4.8,1.1,306.0,61.24,0.64,0.000000,0.000000,0,1,7.78,0.00
820125,1.29,0.70,-2.77,3.37,13.56,1.00,-10.7,4.5,311.5,61.24,0.60,0.000000,0.000000,0,1,7.78,0.00
820431,1.33,-0.05,1.54,12.56,-12.56,2.00,-12.6,1.0,308.8,61.24,0.62,0.000000,0.000000,0,1,7.78,0.00
820737,-0.40,-0.61,-1.37,-4.50,-22.50,-2.37,-3.1,-1.2,308.6,61.24,0.62,0.000000,0.000000,0,1,7.78,0.00
821043,-0.74,0.25,1.86,1.31,-4.25,-2.06,-1.8,2.7,306.8,61.25,0.64,0.000000,0.000000,0,1,7.78,0.00
821349,0.11,-0.81,-2.98,17.00,9.06,-39.31,-4.0,-3.3,317.5,61.25,0.67,0.000000,0.000000,0,1,7.78,0.00
821655,0.30,-0.17,1.53,-36.75,-7.43,54.81,-7.4,0.0,311.1,61.25,0.64,0.000000,0.000000,0,1,7.78,0.00
821961,-0.22,0.67,-2.17,-13.37,-10.62,-16.31,-3.5,4.9,305.2,61.26,0.60,0.000000,0.000000,0,1,7.78,0.00
822267,-0.28,0.40,1.90,6.62,-5.50,-23.68,-4.9,4.8,311.4,61.26,0.65,0.000000,0.000000,0,1,7.78,0.00
822573,0.23,-0.00,-1.46,2.37,15.56,1.25,-5.5,1.3,318.4,61.26,0.65,0.000000,0.000000,0,1,7.78,0.00
822879,0.37,-0.76,2.14,7.43,-9.68,45.56,-8.4,-2.2,306.8,61.26,0.64,0.000000,0.000000,0,1,7.78,0.00
823185,-0.34,-0.73,-1.63,-4.50,1.06,-1.50,-2.6,-2.8,304.7,61.26,0.61,0.000000,0.000000,0,1,7.78,0.00
823491,-0.01,-0.31,1.01,1.75,8.18,-6.87,-5.1,0.0,304.3,61.27,0.63,0.000000,0.000000,0,1,7.78,0.00
823797,0.10,0.22,-1.73,0.25,12.87,-3.25,-4.8,2.4,310.1,61.27,0.60,0.000000,0.000000,0,1,7.77,0.00
824103,0.45,-0.23,2.02,7.93,-4.37,32.25,-7.3,0.5,304.5,61.27,0.57,0.000000,0.000000,0,1,7.77,0.00
824409,-0.27,0.02,-1.33,-5.81,3.18,-10.93,-3.0,1.0,303.9,61.28,0.55,0.000000,0.000000,0,1,7.77,0.00
824715,-0.34,-0.40,-0.33,-0.43,-12.18,-46.31,-3.1,-0.9,308.2,61.28,0.55,0.000000,0.000000,0,1,7.78,0.00
825021,0.44,0.12,-0.97,-16.18,21.75,32.93,-6.2,1.6,309.5,61.28,0.54,0.000000,0.000000,0,1,7.78,0.00
825327,-0.22,0.00,1.73,16.06,-22.43,-45.93,-5.5,1.8,307.0,61.28,0.51,0.000000,0.000000,0,1,7.78,0.00
825633,-0.00,-0.34,-0.47,-9.31,-7.50,-0.43,-3.9,-1.1,324.3,61.29,0.51,0.000000,0.000000,0,1,7.78,0.00
825939,-0.70,-0.49,-0.51,27.56,10.87,-22.75,-2.3,-0.9,311.8,61.29,0.45,0.000000,0.000000,0,1,7.78,0.00
826245,1.39,-0.55,0.33,-27.00,26.25,4.87,-12.4,-2.9,325.6,61.29,0.51,0.000000,0.000000,0,1,7.78,0.00
826551,1.05,0.00,0.81,-26.62,-25.62,67.81,-12.0,1.0,304.1,61.29,0.41,0.000000,0.000000,0,1,7.78,0.00
826857,0.02,0.34,0.28,-1.87,-7.31,-75.12,-5.0,3.1,311.0,61.30,0.43,0.000000,0.000000,0,1,7.78,0.00
827163,-0.20,0.52,-1.59,9.50,2.50,29.87,-2.9,3.5,318.9,61.30,0.44,0.000000,0.000000,0,1,7.78,0.00
827469,0.19,-0.27,0.31,4.93,16.31,-19.75,-6.0,-0.2,315.5,61.30,0.43,0.000000,0.000000,0,1,7.78,0.00
827775,-0.22,-0.07,0.07,-17.62,-15.81,37.62,-4.0,1.1,311.6,61.30,0.39,0.000000,0.000000,0,1,7.78,0.00
828081,0.50,1.00,0.61,-20.56,7.56,8.62,-7.7,6.1,300.8,61.31,0.38,0.000000,0.000000,0,1,7.78,0.00
828387,-0.31,-0.30,-1.02,41.62,-8.18,-58.31,-3.1,-0.1,313.6,61.31,0.39,0.000000,0.000000,0,1,7.78,0.00
828693,0.50,-0.70,0.75,-19.87,23.75,54.56,-7.4,-3.1,316.3,61.31,0.43,0.000000,0.000000,0,1,7.78,0.00
828999,0.10,0.52,-0.91,-23.93,-26.50,0.12,-5.6,3.8,297.7,61.32,0.37,0.000000,0.000000,0,1,7.78,0.00
829305,-0.63,0.25,0.63,9.06,5.50,-96.68,-1.5,2.8,315.1,61.31,0.43,0.000000,0.000000,0,1,7.78,0.00
829611,-0.20,0.33,-2.42,-4.81,13.68,-5.50,-2.4,2.6,330.0,61.32,0.42,0.000000,0.000000,0,1,7.78,0.00
829917,0.91,0.30,1.12,-7.00,24.68,51.62,-9.6,2.3,321.2,61.32,0.40,0.000000,0.000000,0,1,7.77,0.00
830223,0.13,0.07,-1.10,-5.00,-30.00,5.25,-5.6,1.7,308.6,61.32,0.36,0.000000,0.000000,0,1,7.77,0.00
830529,-0.83,0.63,2.56,-6.75,-3.75,5.81,-1.4,5.3,308.2,61.33,0.39,0.000000,0.000000,0,1,7.77,0.00
830835,-0.80,0.30,-2.16,18.81,-8.50,-17.43,0.8,2.7,316.0,61.33,0.39,0.000000,0.000000,0,1,7.78,0.00
831141,-0.33,0.12,1.77,-8.56,18.68,18.62,-3.5,1.8,311.9,61.33,0.41,0.000000,0.000000,0,1,7.78,0.00
831447,0.07,-0.28,-0.98,2.68,0.81,30.56,-5.5,1.6,305.3,61.33,0.37,0.000000,0.000000,0,1,7.78,0.00
831753,-0.07,0.91,1.41,8.06,-10.87,-34.50,-5.0,5.7,307.9,61.34,0.39,0.000000,0.000000,0,1,7.78,0.00
832059,-0.44,-0.30,-2.58,9.06,7.25,-10.75,-0.8,-0.5,318.9,61.34,0.39,0.000000,0.000000,0,1,7.78,0.00
832365,0.17,0.01,1.95,-0.93,20.50,37.87,-6.1,0.6,311.3,61.34,0.40,0.000000,0.000000,0,1,7.78,0.00
832671,0.46,-0.25,-1.45,7.43,7.81,-10.75,-7.1,-0.5,310.0,61.34,0.36,0.000000,0.000000,0,1,7.78,0.00
832977,0.19,-0.07,1.23,-9.93,-20.50,-16.06,-6.3,0.5,312.5,61.35,0.35,0.000000,0.000000,0,1,7.77,0.00
833283,0.05,-0.18,-1.27,8.75,7.68,-3.62,-4.5,0.1,316.0,61.35,0.35,0.000000,0.000000,0,1,7.77,0.00
833589,-0.67,-0.33,1.86,0.68,-20.87,24.31,-2.3,0.1,311.5,61.35,0.31,0.000000,0.000000,0,1,7.77,0.00
833895,-0.27,0.27,0.20,-10.12,18.06,-10.25,-2.8,2.1,312.3,61.35,0.32,0.000000,0.000000,0,1,7.77,0.00
834201,-0.17,0.35,-0.33,-6.87,-2.31,-55.31,-3.3,2.9,321.4,61.36,0.30,0.000000,0.000000,0,1,7.77,0.00
834507,0.55,0.27,0.66,9.06,29.00,44.68,-7.6,3.1,321.3,61.36,0.30,0.000000,0.000000,0,1,7.77,0.00
834813,0.63,-0.13,-0.12,0.50,-33.62,-12.43,-8.2,0.1,317.6,61.36,0.25,0.000000,0.000000,0,1,7.77,0.00
835119,-0.27,0.25,0.72,1.62,-0.06,14.31,-3.9,2.3,314.7,61.36,0.23,0.000000,0.000000,0,1,7.77,0.00
835425,0.25,-0.74,-1.55,22.56,12.87,-58.87,-5.1,-3.3,325.6,61.37,0.24,0.000000,0.000000,0,1,7.77,0.00
835731,-0.11,0.01,1.22,-33.18,-21.12,92.00,-3.8,-0.5,319.9,61.37,0.20,0.000000,0.000000,0,1,7.77,0.00
836037,-0.63,0.44,-2.46,-5.12,9.56,-7.25,-0.9,2.8,305.0,61.37,0.14,0.000000,0.000000,0,1,7.77,0.00
836343,-0.31,0.20,2.18,7.25,-3.12,-39.93,-4.0,3.1,313.5,61.38,0.20,0.000000,0.000000,0,1,7.77,0.00
836649,0.07,0.40,-1.50,-2.18,7.25,7.31,-4.3,2.7,322.8,61.38,0.19,0.000000,0.000000,0,1,7.77,0.00
836955,-0.35,0.00,1.11,11.81,-12.81,24.31,-4.0,1.1,312.3,61.38,0.15,0.000000,0.000000,0,1,7.77,0.00
837261,-0.38,-0.02,-0.97,-2.62,7.25,5.18,-1.8,0.2,316.0,61.38,0.18,0.000000,0.000000,0,1,7.77,0.00
837567,-0.09,-0.22,0.86,5.43,11.00,-43.18,-4.5,0.3,314.6,61.39,0.20,0.000000,0.000000,0,1,7.77,0.00
837873,0.85,-0.07,-0.30,-2.50,12.62,22.06,-8.8,0.6,323.8,61.39,0.23,0.000000,0.000000,0,1,7.77,0.00
838179,0.18,-0.33,0.68,-4.87,-25.68,-9.81,-6.6,0.0,314.1,61.39,0.17,0.000000,0.000000,0,1,7.77,0.00
838485,-0.22,0.70,-0.22,-15.87,-1.56,1.68,-2.7,4.6,321.7,61.39,0.19,0.000000,0.000000,0,1,7.77,0.00
838791,-0.30,0.49,-0.17,21.31,4.50,-45.31,-3.1,3.0,326.5,61.39,0.22,0.000000,0.000000,0,1,7.77,0.00
839097,0.37,-0.40,-0.27,1.56,21.87,39.00,-6.1,-1.8,328.6,61.40,0.23,0.000000,0.000000,0,1,7.77,0.00
839403,0.34,0.03,-0.05,-13.75,-14.31,31.37,-6.8,0.5,311.8,61.40,0.17,0.000000,0.000000,0,1,7.77,0.00
839709,0.07,0.27,1.07,-6.43,-9.12,-3.12,-5.5,2.2,310.2,61.40,0.20,0.000000,0.000000,0,1,7.77,0.00
840015,-0.45,-0.30,-0.93,11.06,-2.25,-46.18,-2.1,-0.6,318.1,61.41,0.21,0.000000,0.000000,0,1,7.77,0.00
840321,0.07,0.09,-0.18,-14.87,8.25,33.25,-5.0,0.8,320.0,61.41,0.24,0.000000,0.000000,0,1,7.77,0.00
840627,-0.36,0.20,-0.83,9.18,-15.50,15.87,-3.1,1.8,313.1,61.41,0.18,0.000000,0.000000,0,1,7.77,0.00
840933,-0.15,0.11,0.28,-21.37,-1.12,-15.81,-4.2,1.6,315.7,61.42,0.21,0.000000,0.000000,0,1,7.77,0.00
841239,0.09,0.18,0.07,12.43,3.43,-24.31,-5.2,2.0,321.8,61.42,0.20,0.000000,0.000000,0,1,7.77,0.00
841545,0.20,-0.35,-1.25,2.68,1.81,11.12,-5.6,-0.5,319.6,61.42,0.17,0.000000,0.000000,0,1,7.77,0.00
841851,-0.81,-0.37,1.95,2.18,-24.31,33.62,-1.2,0.9,315.7,61.42,0.13,0.000000,0.000000,0,1,7.77,0.00
842157,-0.61,-0.15,-0.54,1.68,1.56,-35.50,-0.8,0.1,315.8,61.42,0.10,0.000000,0.000000,0,1,7.78,0.00
842463,-1.82,-0.83,3.21,-0.56,-9.62,12.31,0.1,-0.5,320.5,61.43,0.01,0.000000,0.000000,0,1,7.78,0.00
842769,0.17,0.00,0.33,0.06,30.56,-4.50,-7.5,2.0,319.2,61.43,-0.12,0.000000,0.000000,0,1,7.78,0.00
843075,0.17,0.10,0.86,-9.62,-16.75,-2.12,-9.8,1.9,319.4,61.44,-0.23,0.000000,0.000000,0,1,7.78,0.00
843381,0.60,0.35,0.40,-3.43,5.25,11.12,-9.3,3.2,319.3,61.44,-0.29,0.000000,0.000000,0,1,7.78,0.00
843687,1.22,0.30,0.05,-0.18,28.00,-14.81,-11.5,3.1,318.5,61.44,-0.32,0.000000,0.000000,0,1,7.78,0.00
843993,1.45,0.19,-1.37,6.00,-19.56,18.56,-12.6,1.9,317.7,61.44,-0.31,0.000000,0.000000,0,1,7.77,0.00
844299,-0.52,-0.11,-1.66,-9.12,-29.43,15.18,-2.6,0.5,312.5,61.45,-0.30,0.000000,0.000000,0,1,7.77,0.00
844605,-1.76,0.60,-0.25,-4.25,-3.50,-3.75,0.8,3.4,305.6,61.45,-0.27,0.000000,0.000000,0,1,7.77,0.00
844911,1.90,0.73,0.33,13.81,22.68,-2.18,-4.8,1.1,316.7,61.45,-0.27,0.000000,0.000000,0,1,7.77,0.00
845217,0.35,-0.25,-0.35,10.06,-14.50,-1.06,-8.1,-0.2,317.9,61.45,-0.34,0.000000,0.000000,0,1,7.77,0.00
845523,0.58,0.02,-1.72,3.06,5.18,-1.87,-8.5,1.0,319.6,61.45,-0.38,0.000000,0.000000,0,1,7.77,0.00
845829,0.44,0.11,-1.16,0.87,4.56,6.12,-8.5,1.1,320.8,61.46,-0.38,0.000000,0.000000,0,1,7.77,0.00
846135,0.22,0.10,0.10,-2.00,2.31,0.31,-9.2,1.1,321.4,61.46,-0.39,0.000000,0.000000,0,1,7.77,0.00
846441,0.20,0.03,-0.01,0.75,-1.75,-0.06,-9.4,0.8,321.6,61.46,-0.40,0.000000,0.000000,0,1,7.77,0.00
846747,0.33,-0.03,0.07,1.93,-2.62,0.06,-8.6,0.5,321.6,61.46,-0.41,0.000000,0.000000,0,1,7.77,0.00
847053,0.05,0.00,-0.07,-2.18,0.18,0.12,-8.3,-0.2,321.7,61.46,-0.42,0.000000,0.000000,0,1,7.77,0.00
847359,0.15,0.09,-0.01,0.87,1.18,-0.31,-8.2,-0.3,321.7,61.47,-0.42,0.000000,0.000000,0,1,7.77,0.00
847665,0.05,0.05,0.00,-0.37,1.00,-0.12,-8.5,-0.8,321.8,61.47,-0.43,0.000000,0.000000,0,1,7.77,0.00
847971,-0.01,0.03,0.01,4.18,2.18,-0.62,-8.5,-1.0,321.8,61.47,-0.43,0.000000,0.000000,0,1,7.77,0.00
848277,0.05,0.17,-0.00,-3.12,1.31,-0.93,-8.6,-1.6,322.0,61.48,-0.42,0.000000,0.000000,0,1,7.77,0.00
848583,0.11,-0.15,0.02,6.43,3.06,-0.25,-7.8,-0.6,322.0,61.48,-0.43,0.000000,0.000000,0,1,7.77,0.00
848889,0.20,0.11,-0.01,-1.93,0.43,-0.06,-8.3,-1.8,322.1,61.48,-0.42,0.000000,0.000000,0,1,7.77,0.00
849195,-0.02,-0.09,0.00,-3.87,4.81,-0.12,-9.1,-1.0,322.0,61.48,-0.42,0.000000,0.000000,0,1,7.77,0.00
849501,0.07,0.00,-0.01,-1.93,1.25,-0.18,-9.5,-0.5,322.0,61.49,-0.42,0.000000,0.000000,0,1,7.77,0.00
849807,0.05,-0.01,-0.05,-0.43,0.68,0.06,-9.8,-0.2,322.0,61.49,-0.42,0.000000,0.000000,0,1,7.77,0.00
850113,0.05,-0.00,-0.02,-0.31,0.31,0.06,-9.8,-0.2,322.0,61.49,-0.42,0.000000,0.000000,0,1,7.77,0.00
850419,0.03,0.00,0.00,-0.18,0.31,0.25,-9.8,-0.2,322.0,61.49,-0.41,0.000000,0.000000,0,1,7.77,0.00
850725,0.03,-0.03,-0.01,0.00,0.12,0.12,-9.8,-0.2,322.0,61.50,-0.42,0.000000,0.000000,0,1,7.77,0.00
851031,0.00,-0.03,-0.02,-0.12,0.06,-0.06,-9.8,-0.2,322.0,61.50,-0.43,0.000000,0.000000,0,1,7.77,0.00
851337,0.02,-0.02,-0.01,0.00,0.00,-0.06,-9.8,-0.2,322.0,61.50,-0.42,0.000000,0.000000,0,1,7.77,0.00
851643,0.01,0.00,-0.01,0.12,-0.31,0.18,-9.8,-0.2,322.0,61.50,-0.42,0.000000,0.000000,0,1,7.77,0.00
851949,-0.01,-0.05,-0.05,-0.93,0.75,0.12,-9.8,-0.1,322.0,61.50,-0.42,0.000000,0.000000,0,1,7.77,0.00
852255,-0.00,-0.03,-0.02,-0.50,0.12,-0.18,-9.9,-0.0,322.0,61.51,-0.43,0.000000,0.000000,0,1,7.77,0.00
852561,-0.01,-0.05,-0.03,0.06,0.06,-0.12,-9.9,-0.0,322.0,61.51,-0.43,0.000000,0.000000,0,1,7.77,0.00
852867,-0.00,-0.09,-0.03,-0.06,0.12,0.18,-9.9,-0.0,322.0,61.51,-0.42,0.000000,0.000000,0,1,7.77,0.00
853173,-0.02,-0.05,0.00,-0.12,0.12,-0.06,-9.9,-0.0,322.0,61.51,-0.42,0.000000,0.000000,0,1,7.77,0.00
853479,0.00,-0.07,-0.02,-0.06,0.00,0.12,-9.9,-0.0,322.0,61.52,-0.41,0.000000,0.000000,0,1,7.77,0.00
853785,-0.01,-0.09,-0.03,0.06,-0.06,0.12,-9.9,-0.0,322.0,61.52,-0.42,0.000000,0.000000,0,1,7.77,0.00
854091,-0.03,-0.11,-0.03,-0.06,0.00,-0.12,-9.9,-0.0,322.0,61.52,-0.41,0.000000,0.000000,0,1,7.77,0.00
854397,-0.01,-0.10,-0.05,-0.06,0.12,-0.12,-9.9,-0.0,322.0,61.52,-0.41,0.000000,0.000000,0,1,7.77,0.00
854703,-0.05,-0.10,-0.07,0.06,0.12,0.12,-9.9,-0.0,322.0,61.53,-0.41,0.000000,0.000000,0,1,7.77,0.00
855009,-0.22,-0.03,-0.07,-0.37,-0.31,-0.06,-9.9,-0.0,322.0,61.53,-0.41,0.000000,0.000000,0,1,7.77,0.00
855315,-0.09,-0.13,-0.05,0.00,0.06,0.31,-9.9,0.0,322.0,61.53,-0.42,0.000000,0.000000,0,1,7.77,0.00
855621,-0.07,-0.12,-0.05,-0.25,0.00,-0.31,-9.9,0.0,322.0,61.53,-0.42,0.000000,0.000000,0,1,7.77,0.00
855927,-0.05,-0.03,0.00,0.06,-0.06,0.18,-10.0,0.1,322.0,61.54,-0.41,0.000000,0.000000,0,1,7.77,0.00
856233,-0.05,-0.07,-0.02,-0.43,-0.12,-0.06,-10.2,0.5,321.9,61.54,-0.41,0.000000,0.000000,0,1,7.77,0.00
856539,-0.07,-0.12,-0.03,0.00,0.25,0.06,-10.3,0.6,322.0,61.54,-0.41,0.000000,0.000000,0,1,7.77,0.00
856845,-0.07,-0.12,-0.02,-0.18,0.06,0.31,-10.3,0.7,322.0,61.54,-0.41,0.000000,0.000000,0,1,7.77,0.00
857151,-0.07,-0.12,-0.03,0.06,0.06,-0.12,-10.4,0.8,322.0,61.55,-0.41,0.000000,0.000000,0,1,7.77,0.00
857457,-0.09,-0.09,-0.01,0.06,0.06,0.06,-10.5,0.8,322.0,61.55,-0.40,0.000000,0.000000,0,1,7.77,0.00
857763,-0.10,-0.15,-0.05,0.06,-0.18,-0.06,-10.5,0.9,322.0,61.55,-0.40,0.000000,0.000000,0,1,7.77,0.00
858069,-0.07,-0.10,-0.02,0.37,-0.31,-0.12,-10.5,1.0,322.0,61.55,-0.40,0.000000,0.000000,0,1,7.77,0.00
858375,-0.05,-0.07,-0.05,0.25,-0.31,-0.06,-10.6,1.1,322.0,61.55,-0.39,0.000000,0.000000,0,1,7.77,0.00
858681,-0.07,-0.10,-0.03,0.06,-0.12,0.00,-10.6,1.1,322.0,61.56,-0.39,0.000000,0.000000,0,1,7.77,0.00
858987,-0.05,-0.11,-0.05,-0.06,-0.06,-0.12,-10.6,1.1,322.0,61.56,-0.40,0.000000,0.000000,0,1,7.77,0.00
859293,-0.07,-0.09,-0.03,-0.12,0.06,0.00,-10.6,1.1,322.0,61.56,-0.39,0.000000,0.000000,0,1,7.77,0.00
859599,-0.07,-0.11,-0.03,0.12,-0.06,0.12,-10.6,1.1,322.0,61.56,-0.40,0.000000,0.000000,0,1,7.77,0.00
859905,-0.05,-0.11,-0.07,0.00,0.06,0.06,-10.6,1.1,322.0,61.57,-0.40,0.000000,0.000000,0,1,7.77,0.00
860211,-0.05,-0.12,-0.05,0.00,-0.12,0.00,-10.6,1.1,322.0,61.57,-0.39,0.000000,0.000000,0,1,7.77,0.00
860517,-0.07,-0.10,-0.05,0.12,-0.12,0.12,-10.6,1.1,322.0,61.57,-0.40,0.000000,0.000000,0,1,7.77,0.00
860823,-0.09,-0.11,-0.02,0.00,-0.06,0.12,-10.6,1.1,322.0,61.57,-0.39,0.000000,0.000000,0,1,7.77,0.00
861129,-0.05,-0.11,-0.03,-0.12,0.00,-0.18,-10.6,1.1,322.0,61.57,-0.39,0.000000,0.000000,0,1,7.77,0.00
861435,-0.09,-0.13,-0.02,-0.12,0.12,0.18,-10.6,1.1,322.0,61.58,-0.40,0.000000,0.000000,0,1,7.77,0.00
861741,-0.07,-0.12,-0.03,0.00,-0.18,0.12,-10.6,1.1,322.0,61.58,-0.39,0.000000,0.000000,0,1,7.77,0.00
862047,-0.07,-0.11,-0.05,-0.06,0.00,0.06,-10.6,1.1,322.0,61.58,-0.39,0.000000,0.000000,0,1,7.77,0.00
862353,-0.09,-0.11,-0.07,0.12,-0.06,0.06,-10.6,1.1,322.0,61.58,-0.38,0.000000,0.000000,0,1,7.76,0.00
862659,-0.09,-0.11,-0.07,-0.06,0.12,-0.12,-10.6,1.1,322.0,61.59,-0.38,0.000000,0.000000,0,1,7.76,0.00
862965,-0.11,-0.11,-0.05,0.06,0.00,0.18,-10.6,1.1,322.0,61.59,-0.38,0.000000,0.000000,0,1,7.76,0.00
863271,-0.09,-0.13,-0.07,-0.06,0.06,0.06,-10.6,1.1,322.0,61.59,-0.38,0.000000,0.000000,0,1,7.77,0.00
863577,-0.09,-0.11,-0.05,-0.12,0.12,0.12,-10.6,1.1,322.0,61.59,-0.38,0.000000,0.000000,0,1,7.77,0.00
863883,-0.10,-0.15,-0.05,-0.06,0.06,-0.25,-10.6,1.1,322.0,61.60,-0.38,0.000000,0.000000,0,1,7.77,0.00
864189,-0.10,-0.15,-0.03,-0.12,0.06,0.12,-10.6,1.1,322.0,61.60,-0.38,0.000000,0.000000,0,1,7.77,0.00
864495,-0.07,-0.12,-0.03,0.00,0.00,0.12,-10.6,1.1,322.0,61.60,-0.38,0.000000,0.000000,0,1,7.77,0.00
864801,-0.07,-0.13,-0.05,0.06,-0.12,-0.18,-10.6,1.1,322.0,61.60,-0.38,0.000000,0.000000,0,1,7.77,0.00
865107,-0.09,-0.11,-0.05,0.00,0.12,-0.06,-10.7,1.2,322.0,61.61,-0.38,0.000000,0.000000,0,1,7.77,0.00
865413,-0.10,-0.11,-0.07,0.12,0.06,0.12,-10.8,1.3,322.0,61.61,-0.38,0.000000,0.000000,0,1,7.77,0.00
865719,-0.05,-0.09,-0.05,0.12,-0.06,0.12,-10.8,1.4,322.0,61.61,-0.38,0.000000,0.000000,0,1,7.77,0.00
866025,-0.07,-0.10,-0.03,-0.06,0.00,-0.18,-10.9,1.5,322.0,61.61,-0.38,0.000000,0.000000,0,1,7.77,0.00
866331,-0.05,-0.11,-0.03,-0.12,0.25,0.06,-10.9,1.5,322.0,61.61,-0.38,0.000000,0.000000,0,1,7.77,0.00
866637,-0.07,-0.10,-0.03,-0.18,0.06,-0.06,-10.9,1.5,322.0,61.61,-0.37,0.000000,0.000000,0,1,7.77,0.00
866943,-0.05,-0.11,-0.05,0.00,-0.06,-0.25,-10.9,1.5,322.0,61.62,-0.38,0.000000,0.000000,0,1,7.77,0.00
867249,-0.07,-0.10,-0.02,0.18,0.06,-0.06,-10.9,1.5,322.0,61.62,-0.37,0.000000,0.000000,0,1,7.77,0.00
867555,-0.05,-0.12,-0.05,0.00,0.12,-0.06,-10.9,1.5,322.0,61.62,-0.38,0.000000,0.000000,0,1,7.77,0.00
867861,-0.05,-0.10,-0.05,0.12,-0.06,-0.06,-10.9,1.5,322.0,61.62,-0.37,0.000000,0.000000,0,1,7.77,0.00
868473,-0.05,-0.09,-0.05,0.12,-0.06,-0.06,-10.9,1.5,322.0,61.63,-0.37,0.000000,0.000000,0,1,7.77,0.00
868779,-0.11,-0.10,-0.05,-0.18,-0.18,-0.18,-10.9,1.5,322.0,61.63,-0.38,0.000000,0.000000,0,1,7.77,0.00
869085,-0.09,-0.11,-0.02,-0.06,0.12,0.06,-10.9,1.5,322.0,61.63,-0.37,0.000000,0.000000,0,1,7.77,0.00
869391,-0.07,-0.12,-0.05,0.06,0.12,-0.12,-10.9,1.5,322.0,61.64,-0.37,0.000000,0.000000,0,1,7.78,0.00
869697,-0.10,-0.11,-0.02,0.06,-0.12,0.12,-10.9,1.5,322.0,61.64,-0.38,0.000000,0.000000,0,1,7.78,0.00
870003,-0.07,-0.12,-0.03,0.06,-0.06,0.12,-10.9,1.5,322.0,61.64,-0.38,0.000000,0.000000,0,1,7.78,0.00
870309,-0.07,-0.15,-0.05,0.00,-0.12,0.00,-10.9,1.5,322.0,61.64,-0.39,0.000000,0.000000,0,1,7.77,0.00
870615,-0.11,-0.10,-0.05,0.00,0.00,-0.31,-10.9,1.5,322.0,61.64,-0.38,0.000000,0.000000,0,1,7.77,0.00
870921,-0.10,-0.11,-0.05,0.00,0.00,-0.06,-10.9,1.5,322.0,61.65,-0.38,0.000000,0.000000,0,1,7.77,0.00
871227,-0.07,-0.13,-0.07,0.00,-0.06,0.25,-10.9,1.5,322.0,61.65,-0.38,0.000000,0.000000,0,1,7.77,0.00
871533,-0.11,-0.13,-0.02,0.00,0.06,0.12,-10.9,1.5,322.0,61.65,-0.37,0.000000,0.000000,0,1,7.77,0.00
871839,-0.10,-0.13,-0.07,-0.12,0.06,0.06,-10.9,1.5,322.0,61.65,-0.38,0.000000,0.000000,0,1,7.77,0.00
872145,-0.10,-0.12,-0.05,-0.06,0.06,0.00,-10.9,1.5,322.0,61.66,-0.38,0.000000,0.000000,0,1,7.77,0.00
872451,-0.11,-0.13,-0.03,-0.06,0.00,0.12,-10.9,1.5,322.0,61.66,-0.38,0.000000,0.000000,0,1,7.77,0.00
873063,-0.07,-0.11,-0.03,-0.12,0.18,-0.12,-10.9,1.5,322.0,61.66,-0.37,0.000000,0.000000,0,1,7.77,0.00
873369,-0.07,-0.10,-0.03,0.06,0.06,0.00,-11.0,1.6,322.0,61.67,-0.36,0.000000,0.000000,0,1,7.76,0.00
873675,-0.05,-0.07,-0.03,0.00,0.00,0.12,-11.0,1.7,322.0,61.67,-0.37,0.000000,0.000000,0,1,7.76,0.00
873981,-0.05,-0.09,-0.03,0.06,-0.12,0.12,-11.1,1.7,322.0,61.67,-0.37,0.000000,0.000000,0,1,7.76,0.00
874287,-0.07,-0.09,-0.03,0.00,-0.06,0.06,-11.1,1.7,322.0,61.67,-0.36,0.000000,0.000000,0,1,7.77,0.00
874593,-0.05,-0.09,-0.05,-0.06,0.18,-0.06,-11.1,1.7,322.0,61.67,-0.37,0.000000,0.000000,0,1,7.77,0.00
874899,-0.07,-0.07,-0.07,0.06,0.00,0.25,-11.1,1.7,322.0,61.68,-0.37,0.000000,0.000000,0,1,7.77,0.00
875205,-0.07,-0.09,-0.05,0.00,0.00,-0.12,-11.1,1.7,322.0,61.68,-0.36,0.000000,0.000000,0,1,7.77,0.00
875511,-0.09,-0.09,-0.05,-0.06,0.06,0.06,-11.1,1.7,322.0,61.68,-0.36,0.000000,0.000000,0,1,7.77,0.00
876123,-0.05,-0.10,-0.05,0.06,-0.12,0.00,-11.1,1.7,322.0,61.69,-0.36,0.000000,0.000000,0,1,7.77,0.00
876429,-0.10,-0.11,-0.02,0.00,0.00,-0.12,-11.1,1.7,322.0,61.69,-0.36,0.000000,0.000000,0,1,7.77,0.00
876735,-0.07,-0.11,-0.05,-0.12,-0.06,-0.12,-11.1,1.7,322.0,61.69,-0.37,0.000000,0.000000,0,1,7.77,0.00
877041,-0.07,-0.11,-0.02,0.12,0.00,-0.06,-11.1,1.7,322.0,61.69,-0.36,0.000000,0.000000,0,1,7.77,0.00
877653,-0.05,-0.11,-0.07,-0.06,0.06,0.06,-11.1,1.7,322.0,61.70,-0.37,0.000000,0.000000,0,1,7.77,0.00
877959,-0.09,-0.11,-0.05,0.00,0.12,-0.18,-11.1,1.7,322.0,61.70,-0.37,0.000000,0.000000,0,1,7.77,0.00
878265,-0.05,-0.10,-0.05,-0.12,0.00,0.18,-11.1,1.7,322.0,61.70,-0.38,0.000000,0.000000,0,1,7.77,0.00
878571,-0.07,-0.10,-0.07,0.00,0.06,0.06,-11.1,1.7,322.0,61.70,-0.36,0.000000,0.000000,0,1,7.77,0.00
878877,-0.07,-0.11,-0.05,-0.18,-0.06,-0.18,-11.1,1.7,322.0,61.71,-0.37,0.000000,0.000000,0,1,7.77,0.00
879183,-0.07,-0.10,-0.07,-0.06,0.18,0.06,-11.1,1.7,322.0,61.71,-0.37,0.000000,0.000000,0,1,7.77,0.00
879489,-0.10,-0.10,-0.05,0.06,-0.06,0.00,-11.1,1.7,322.0,61.71,-0.37,0.000000,0.000000,0,1,7.77,0.00
879795,-0.10,-0.13,-0.02,0.00,-0.12,0.12,-11.1,1.7,322.0,61.72,-0.36,0.000000,0.000000,0,1,7.77,0.00
880101,-0.07,-0.11,-0.05,-0.06,0.00,0.12,-11.1,1.7,322.0,61.71,-0.37,0.000000,0.000000,0,1,7.77,0.00
880407,-0.09,-0.15,-0.05,0.00,0.06,-0.06,-11.1,1.7,322.0,61.72,-0.36,0.000000,0.000000,0,1,7.77,0.00
880713,-0.07,-0.10,-0.01,0.00,0.00,0.00,-11.1,1.7,322.0,61.72,-0.37,0.000000,0.000000,0,1,7.77,0.00
881325,-0.10,-0.11,-0.07,-0.12,0.18,0.18,-11.1,1.7,322.0,61.72,-0.37,0.000000,0.000000,0,1,7.77,0.00
881631,-0.07,-0.11,-0.05,-0.06,-0.12,0.12,-11.1,1.7,322.0,61.73,-0.36,0.000000,0.000000,0,1,7.77,0.00
881937,-0.10,-0.12,-0.05,-0.06,0.00,0.18,-11.1,1.7,322.0,61.73,-0.36,0.000000,0.000000,0,1,7.77,0.00
882243,-0.07,-0.11,-0.05,-0.06,0.00,0.00,-11.1,1.7,322.0,61.73,-0.36,0.000000,0.000000,0,1,7.77,0.00
882549,-0.09,-0.10,-0.05,-0.18,-0.12,0.12,-11.1,1.7,322.0,61.73,-0.36,0.000000,0.000000,0,1,7.76,0.00
882855,-0.09,-0.15,-0.05,-0.12,0.00,0.06,-11.1,1.7,322.0,61.74,-0.36,0.000000,0.000000,0,1,7.76,0.00
883161,-0.11,-0.11,-0.05,-0.06,0.06,-0.12,-11.1,1.7,322.0,61.74,-0.35,0.000000,0.000000,0,1,7.76,0.00
883467,-0.10,-0.13,-0.05,0.00,-0.06,0.06,-11.1,1.7,322.0,61.74,-0.36,0.000000,0.000000,0,1,7.76,0.00
883773,-0.09,-0.12,-0.05,-0.06,-0.25,-0.06,-11.1,1.7,322.0,61.74,-0.35,0.000000,0.000000,0,1,7.76,0.00
884079,-0.10,-0.11,-0.07,0.00,-0.12,0.00,-11.1,1.7,322.0,61.75,-0.34,0.000000,0.000000,0,1,7.76,0.00
884385,-0.11,-0.15,-0.09,0.00,0.06,-0.18,-11.1,1.8,322.0,61.75,-0.34,0.000000,0.000000,0,1,7.77,0.00
884691,-0.07,-0.11,-0.05,0.00,0.00,-0.06,-11.2,1.9,322.1,61.75,-0.34,0.000000,0.000000,0,1,7.77,0.00
884997,-0.05,-0.11,-0.01,0.06,0.18,-0.25,-11.3,2.0,322.1,61.75,-0.34,0.000000,0.000000,0,1,7.77,0.00
885609,-0.05,-0.11,-0.07,0.00,0.12,0.06,-11.3,2.0,322.1,61.76,-0.34,0.000000,0.000000,0,1,7.77,0.00
885915,-0.05,-0.11,-0.05,-0.06,-0.06,0.00,-11.3,2.0,322.1,61.76,-0.33,0.000000,0.000000,0,1,7.77,0.00
886221,-0.07,-0.09,-0.03,-0.18,-0.37,0.12,-11.3,2.0,322.1,61.76,-0.33,0.000000,0.000000,0,1,7.77,0.00
886527,-0.07,-0.11,-0.03,-0.12,0.31,0.00,-11.3,2.0,322.1,61.76,-0.34,0.000000,0.000000,0,1,7.77,0.00
886833,-0.07,-0.10,-0.09,-0.06,0.06,0.12,-11.3,2.0,322.1,61.77,-0.34,0.000000,0.000000,0,1,7.77,0.00
887139,-0.05,-0.11,-0.07,-0.06,0.00,0.18,-11.3,2.0,322.1,61.77,-0.34,0.000000,0.000000,0,1,7.77,0.00
887751,-0.05,-0.09,-0.05,-0.06,-0.06,0.00,-11.3,2.0,322.1,61.77,-0.33,0.000000,0.000000,0,1,7.76,0.00
888057,-0.07,-0.09,-0.03,-0.06,-0.06,0.00,-11.3,2.0,322.1,61.77,-0.33,0.000000,0.000000,0,1,7.76,0.00
888363,-0.07,-0.11,-0.03,0.06,0.06,0.00,-11.3,2.0,322.1,61.78,-0.34,0.000000,0.000000,0,1,7.76,0.00
888669,-0.09,-0.10,-0.02,0.00,-0.06,-0.12,-11.3,2.0,322.1,61.78,-0.33,0.000000,0.000000,0,1,7.76,0.00
888975,-0.07,-0.10,-0.05,0.00,0.12,-0.06,-11.3,2.0,322.1,61.78,-0.33,0.000000,0.000000,0,1,7.76,0.00
889281,-0.07,-0.09,-0.07,0.00,0.00,-0.06,-11.3,2.0,322.1,61.78,-0.33,0.000000,0.000000,0,1,7.76,0.00
889893,-0.07,-0.11,-0.09,-0.06,0.00,0.06,-11.3,2.0,322.1,61.79,-0.33,0.000000,0.000000,0,1,7.77,0.00
890199,-0.09,-0.10,-0.02,0.12,-0.06,-0.12,-11.3,2.0,322.1,61.79,-0.32,0.000000,0.000000,0,1,7.77,0.00
890505,-0.10,-0.11,-0.05,0.06,-0.06,-0.18,-11.3,2.0,322.1,61.79,-0.32,0.000000,0.000000,0,1,7.76,0.00
890811,-0.07,-0.07,-0.05,0.00,0.00,0.06,-11.3,2.0,322.1,61.79,-0.32,0.000000,0.000000,0,1,7.76,0.00
891423,-0.07,-0.11,-0.09,0.00,0.18,0.00,-11.3,2.0,322.1,61.80,-0.32,0.000000,0.000000,0,1,7.77,0.00
891729,-0.09,-0.13,-0.05,-0.06,-0.06,0.18,-11.3,2.0,322.1,61.80,-0.32,0.000000,0.000000,0,1,7.77,0.00
892035,-0.10,-0.12,-0.07,-0.06,0.00,0.00,-11.3,2.0,322.1,61.80,-0.32,0.000000,0.000000,0,1,7.77,0.00
892341,-0.07,-0.12,-0.05,0.06,0.18,0.00,-11.3,2.0,322.1,61.81,-0.32,0.000000,0.000000,0,1,7.77,0.00
892953,-0.09,-0.11,-0.05,-0.12,0.06,0.06,-11.3,2.0,322.1,61.81,-0.32,0.000000,0.000000,0,1,7.76,0.00
893259,-0.09,-0.10,-0.03,0.00,0.00,-0.18,-11.3,2.0,322.1,61.81,-0.32,0.000000,0.000000,0,1,7.76,0.00
893565,-0.07,-0.11,-0.03,0.06,0.06,-0.06,-11.3,2.0,322.1,61.81,-0.33,0.000000,0.000000,0,1,7.76,0.00
893871,-0.09,-0.11,-0.03,0.12,0.12,0.37,-11.3,2.0,322.1,61.82,-0.33,0.000000,0.000000,0,1,7.76,0.00
894177,-0.11,-0.11,-0.05,-0.18,-0.12,-0.12,-11.3,2.0,322.1,61.82,-0.33,0.000000,0.000000,0,1,7.76,0.00
894483,-0.09,-0.11,-0.05,-0.12,0.06,-0.06,-11.3,2.0,322.1,61.82,-0.33,0.000000,0.000000,0,1,7.76,0.00
894789,-0.10,-0.11,-0.07,0.06,0.00,0.12,-11.3,2.0,322.1,61.82,-0.33,0.000000,0.000000,0,1,7.76,0.00
895095,-0.09,-0.11,-0.09,-0.12,0.00,0.12,-11.3,2.0,322.1,61.83,-0.33,0.000000,0.000000,0,1,7.76,0.00
895707,-0.09,-0.13,-0.07,-0.12,-0.06,-0.06,-11.3,2.0,322.1,61.83,-0.32,0.000000,0.000000,0,1,7.77,0.00
896013,-0.09,-0.13,-0.05,0.12,-0.25,0.00,-11.3,2.0,322.1,61.83,-0.32,0.000000,0.000000,0,1,7.77,0.00
896319,-0.09,-0.10,-0.03,-0.06,0.00,-0.06,-11.3,2.0,322.1,61.83,-0.32,0.000000,0.000000,0,1,7.77,0.00
896625,-0.10,-0.11,-0.05,0.06,0.12,0.06,-11.3,2.0,322.1,61.84,-0.32,0.000000,0.000000,0,1,7.76,0.00
896931,-0.09,-0.11,-0.05,0.00,0.06,0.25,-11.3,2.0,322.1,61.84,-0.32,0.000000,0.000000,0,1,7.76,0.00
897543,-0.09,-0.12,-0.01,-0.06,0.12,0.06,-11.3,2.0,322.1,61.85,-0.32,0.000000,0.000000,0,1,7.76,0.00
897849,-0.10,-0.13,-0.05,0.12,0.00,0.00,-11.3,2.0,322.1,61.85,-0.31,0.000000,0.000000,0,1,7.76,0.00
898155,-0.10,-0.13,-0.05,0.06,0.06,-0.06,-11.3,2.0,322.1,61.85,-0.31,0.000000,0.000000,0,1,7.76,0.00
898461,-0.07,-0.11,-0.05,0.00,-0.06,0.06,-11.3,2.0,322.1,61.85,-0.31,0.000000,0.000000,0,1,7.76,0.00
898767,-0.11,-0.13,-0.03,0.18,-0.31,0.18,-11.3,2.0,322.1,61.85,-0.30,0.000000,0.000000,0,1,7.76,0.00
899073,-0.10,-0.13,-0.03,0.00,-0.12,-0.06,-11.3,2.0,322.1,61.85,-0.31,0.000000,0.000000,0,1,7.76,0.00
899379,-0.09,-0.15,-0.07,-0.06,-0.18,-0.18,-11.3,2.0,322.1,61.86,-0.31,0.000000,0.000000,0,1,7.76,0.00
899991,-0.10,-0.10,-0.05,-0.06,-0.12,-0.06,-11.5,2.2,322.1,61.86,-0.30,0.000000,0.000000,0,1,7.77,0.00
900603,-0.05,-0.10,-0.07,0.00,0.06,-0.12,-11.5,2.3,322.1,61.87,-0.29,0.000000,0.000000,0,1,7.77,0.00
900909,-0.05,-0.10,-0.02,0.06,0.00,-0.25,-11.5,2.3,322.1,61.87,-0.30,0.000000,0.000000,0,1,7.77,0.00
901215,-0.10,-0.11,-0.03,-0.25,0.18,0.25,-11.5,2.3,322.1,61.87,-0.29,0.000000,0.000000,0,1,7.77,0.00
901521,-0.09,-0.09,-0.02,0.06,0.00,-0.12,-11.5,2.3,322.1,61.88,-0.29,0.000000,0.000000,0,1,7.76,0.00
901827,-0.07,-0.07,-0.03,0.06,-0.06,0.12,-11.5,2.3,322.1,61.88,-0.28,0.000000,0.000000,0,1,7.76,0.00
902133,-0.10,-0.09,-0.05,0.00,-0.12,0.06,-11.5,2.3,322.1,61.88,-0.28,0.000000,0.000000,0,1,7.76,0.00
902439,-0.07,-0.10,-0.05,0.12,0.12,0.12,-11.5,2.3,322.1,61.88,-0.28,0.000000,0.000000,0,1,7.76,0.00
902745,-0.05,-0.11,-0.05,-0.06,0.12,-0.43,-11.5,2.3,322.1,61.88,-0.28,0.000000,0.000000,0,1,7.80,0.00
903051,-0.07,-0.10,-0.07,-0.12,0.06,-0.12,-11.5,2.3,322.1,61.89,-0.29,0.000000,0.000000,0,1,7.80,0.00
903663,-0.07,-0.11,-0.05,-0.12,-0.18,-0.06,-11.5,2.3,322.1,61.89,-0.28,0.000000,0.000000,0,1,7.76,0.00
903969,-0.10,-0.09,-0.01,0.06,0.00,0.18,-11.5,2.3,322.1,61.89,-0.27,0.000000,0.000000,0,1,7.76,0.00
904275,-0.07,-0.10,-0.05,-0.06,-0.12,-0.06,-11.5,2.3,322.1,61.90,-0.27,0.000000,0.000000,0,1,7.76,0.00
904581,-0.07,-0.12,-0.05,0.00,-0.12,0.06,-11.5,2.3,322.1,61.90,-0.27,0.000000,0.000000,0,1,7.76,0.00
905193,-0.09,-0.11,-0.05,-0.06,-0.12,0.12,-11.5,2.3,322.1,61.90,-0.26,0.000000,0.000000,0,1,7.76,0.00
905499,-0.07,-0.11,-0.07,-0.12,-0.06,0.00,-11.5,2.3,322.1,61.90,-0.26,0.000000,0.000000,0,1,7.76,0.00
905805,-0.10,-0.11,-0.05,-0.06,-0.31,-0.06,-11.5,2.3,322.1,61.91,-0.26,0.000000,0.000000,0,1,7.76,0.00
906111,-0.09,-0.11,-0.03,0.06,-0.06,-0.18,-11.5,2.3,322.1,61.91,-0.27,0.000000,0.000000,0,1,7.76,0.00
906417,-0.10,-0.11,-0.05,-0.06,0.12,0.25,-11.5,2.3,322.1,61.91,-0.26,0.000000,0.000000,0,1,7.76,0.00
906723,-0.07,-0.10,-0.05,0.12,-0.06,0.25,-11.5,2.3,322.1,61.91,-0.26,0.000000,0.000000,0,1,7.76,0.00
907029,-0.07,-0.11,-0.05,0.00,-0.06,-0.12,-11.5,2.3,322.1,61.92,-0.25,0.000000,0.000000,0,1,7.76,0.00
907335,-0.10,-0.11,-0.05,0.06,0.18,0.06,-11.5,2.3,322.1,61.92,-0.26,0.000000,0.000000,0,1,7.76,0.00
907947,-0.09,-0.13,-0.07,0.00,0.12,0.12,-11.5,2.3,322.1,61.92,-0.26,0.000000,0.000000,0,1,7.79,0.00
908253,-0.07,-0.13,-0.03,0.00,-0.12,0.25,-11.5,2.3,322.1,61.93,-0.25,0.000000,0.000000,0,1,7.79,0.00
908559,-0.09,-0.11,-0.03,-0.06,-0.25,-0.31,-11.5,2.3,322.1,61.93,-0.25,0.000000,0.000000,0,1,7.76,0.00
909171,-0.07,-0.12,-0.07,-0.12,0.25,-0.12,-11.5,2.3,322.1,61.93,-0.25,0.000000,0.000000,0,1,7.76,0.00
909477,-0.09,-0.15,-0.05,0.00,0.12,-0.25,-11.5,2.3,322.1,61.93,-0.25,0.000000,0.000000,0,1,7.76,0.00
909783,-0.10,-0.11,-0.07,-0.06,0.06,0.06,-11.5,2.3,322.1,61.94,-0.25,0.000000,0.000000,0,1,7.76,0.00
910089,-0.09,-0.11,-0.07,0.00,0.18,-0.18,-11.5,2.3,322.1,61.94,-0.25,0.000000,0.000000,0,1,7.76,0.00
910395,-0.10,-0.13,-0.05,0.00,-0.18,0.00,-11.5,2.3,322.1,61.94,-0.25,0.000000,0.000000,0,1,7.76,0.00
910701,-0.07,-0.12,-0.07,0.06,0.06,-0.18,-11.5,2.3,322.1,61.94,-0.25,0.000000,0.000000,0,1,7.77,0.00
911313,-0.07,-0.09,-0.07,0.00,-0.06,0.12,-11.6,2.5,322.1,61.95,-0.26,0.000000,0.000000,0,1,7.77,0.00
911619,-0.07,-0.07,-0.05,0.00,0.18,0.06,-11.7,2.6,322.1,61.95,-0.25,0.000000,0.000000,0,1,7.76,0.00
911925,-0.07,-0.11,-0.00,0.00,0.25,0.12,-11.8,2.6,322.1,61.95,-0.25,0.000000,0.000000,0,1,7.76,0.00
912231,-0.07,-0.12,-0.05,0.06,0.00,-0.37,-11.8,2.6,322.1,61.95,-0.25,0.000000,0.000000,0,1,7.76,0.00
912537,-0.07,-0.07,-0.05,0.00,0.00,0.00,-11.8,2.6,322.1,61.96,-0.25,0.000000,0.000000,0,1,7.76,0.00
913149,-0.07,-0.09,-0.07,0.12,0.25,-0.06,-11.8,2.6,322.1,61.96,-0.25,0.000000,0.000000,0,1,7.76,0.00
913455,-0.12,-0.07,-0.01,-1.06,-0.43,-0.12,-11.8,2.6,322.1,61.96,-0.24,0.000000,0.000000,0,1,7.76,0.00
913761,-0.07,-0.13,-0.03,1.12,0.25,-0.06,-11.7,2.3,322.1,61.97,-0.26,0.000000,0.000000,0,1,7.76,0.00
914067,-0.05,-0.05,0.01,6.43,-1.56,0.25,-11.6,2.0,322.2,61.97,-0.26,0.000000,0.000000,0,1,7.76,0.00
914373,0.00,-0.13,-0.03,1.62,-7.06,0.00,-10.3,0.8,322.3,61.97,-0.26,0.000000,0.000000,0,1,7.76,0.00
914679,0.23,0.05,-0.37,-9.37,8.31,-0.81,-9.8,1.1,322.2,61.97,-0.25,0.000000,0.000000,0,1,7.76,0.00
914985,-0.19,0.02,0.27,-0.81,-1.43,2.18,-9.8,0.7,322.2,61.97,-0.26,0.000000,0.000000,0,1,7.76,0.00
915291,0.27,0.40,0.66,1.18,-14.50,60.87,-6.6,-0.8,317.4,61.97,-0.27,0.000000,0.000000,0,1,7.76,0.00
915597,-0.20,-0.22,-0.27,-3.31,-2.87,46.68,-3.5,-2.3,295.0,61.98,-0.27,0.000000,0.000000,0,1,7.76,0.00
915903,-0.17,-0.00,-0.07,-5.12,-2.00,38.37,-3.1,-1.1,284.6,61.98,-0.21,0.000000,0.000000,0,1,7.76,0.00
916209,-0.19,0.22,-0.25,-5.56,-12.37,13.06,-2.0,-0.3,277.0,61.99,-0.18,0.000000,0.000000,0,1,7.76,0.00
916515,-0.35,0.11,-0.12,3.68,4.00,-6.06,-0.8,-0.5,276.9,61.99,-0.15,0.000000,0.000000,0,1,7.76,0.00
916821,0.40,0.00,-0.30,2.43,11.81,4.00,-4.8,-1.1,277.9,61.99,-0.13,0.000000,0.000000,0,1,7.77,0.00
917433,-0.50,0.00,0.07,-1.87,-20.12,0.81,-0.1,-1.4,274.6,62.00,-0.14,0.000000,0.000000,0,1,7.77,0.00
917739,-0.67,0.07,0.05,-4.18,-4.37,8.50,1.0,-0.8,272.1,62.00,-0.12,0.000000,0.000000,0,1,7.79,0.00
918045,-0.19,0.03,-0.31,6.18,16.81,-1.81,-1.3,-1.2,271.3,62.00,-0.11,0.000000,0.000000,0,1,7.79,0.00
918351,0.73,-0.12,-0.09,-1.93,13.75,3.93,-6.1,-2.1,270.8,62.00,-0.10,0.000000,0.000000,0,1,7.79,0.00
918657,0.25,0.13,-0.07,-3.93,-14.43,3.37,-3.8,-0.9,270.0,62.01,-0.12,0.000000,0.000000,0,1,7.76,0.00
918963,-0.68,0.00,-0.28,2.87,-11.50,-4.56,0.2,-1.3,270.5,62.01,-0.14,0.000000,0.000000,0,1,7.76,0.00
919269,-0.40,-0.09,0.25,1.81,2.37,14.18,-0.3,-1.6,267.6,62.01,-0.13,0.000000,0.000000,0,1,7.76,0.00
919575,-0.03,0.25,-0.74,-3.62,8.12,12.68,-1.8,0.0,265.0,62.01,-0.15,0.000000,0.000000,0,1,7.76,0.00
919881,0.20,0.00,-0.90,7.62,-1.00,33.00,-3.2,-0.9,257.4,62.02,-0.16,0.000000,0.000000,0,1,7.76,0.00
920187,-0.27,-0.25,0.20,1.43,-0.93,-1.93,-2.6,-2.1,252.2,62.02,-0.17,0.000000,0.000000,0,1,7.76,0.00
920493,0.03,0.35,1.36,-2.37,6.43,20.31,-2.9,-2.0,247.4,62.02,-0.19,0.000000,0.000000,0,1,7.76,0.00
920799,-0.05,0.00,-0.40,-31.43,-12.62,-0.87,-1.6,0.1,246.9,62.02,-0.21,0.000000,0.000000,0,1,7.76,0.00
921105,0.05,0.00,-0.37,18.87,2.37,0.81,-1.0,2.3,247.3,62.03,-0.22,0.000000,0.000000,0,1,7.76,0.00
921411,-0.40,0.36,-0.34,-1.31,-10.93,-8.75,-1.2,1.5,247.6,62.03,-0.24,0.000000,0.000000,0,1,7.76,0.00
921717,-0.01,0.07,-0.61,7.43,0.37,100.75,-1.1,-0.8,239.7,62.03,-0.25,0.000000,0.000000,0,1,7.76,0.00
922023,-0.09,-0.18,-0.28,-2.31,-1.00,-26.43,-2.1,-3.0,227.1,62.03,-0.25,0.000000,0.000000,0,1,7.76,0.00
922329,0.00,-0.18,-0.19,-0.12,-1.93,0.31,-1.8,-3.9,227.8,62.03,-0.24,0.000000,0.000000,0,1,7.76,0.00
922635,-0.09,0.01,-0.03,1.31,0.93,0.18,-1.8,-3.8,228.0,62.04,-0.24,0.000000,0.000000,0,1,7.76,0.00
922941,-0.09,0.00,-0.07,0.00,0.31,-0.06,-1.8,-3.8,227.8,62.04,-0.24,0.000000,0.000000,0,1,7.79,0.00
923247,-0.03,0.00,-0.05,0.31,-0.68,0.12,-1.9,-3.8,227.8,62.04,-0.25,0.000000,0.000000,0,1,7.79,0.00
923553,-0.09,0.01,-0.03,0.06,0.06,0.00,-1.9,-3.8,228.1,62.04,-0.25,0.000000,0.000000,0,1,7.79,0.00
923859,-0.03,0.01,-0.10,0.25,-0.06,0.12,-1.9,-3.8,228.4,62.05,-0.25,0.000000,0.000000,0,1,7.76,0.00
924471,-0.03,0.00,-0.02,0.00,-0.06,-0.18,-1.9,-3.8,228.9,62.05,-0.26,0.000000,0.000000,0,1,7.76,0.00
924777,-0.05,0.01,-0.07,0.12,0.00,0.00,-1.9,-3.8,228.8,62.06,-0.25,0.000000,0.000000,0,1,7.76,0.00
925083,-0.00,0.01,-0.05,0.00,0.06,-0.12,-1.9,-3.8,229.0,62.06,-0.25,0.000000,0.000000,0,1,7.76,0.00
925389,-0.03,0.00,-0.05,0.06,0.00,-0.12,-1.9,-3.8,229.1,62.06,-0.25,0.000000,0.000000,0,1,7.76,0.00
925695,-0.05,0.01,-0.03,0.00,-0.06,-0.12,-1.9,-3.8,229.1,62.07,-0.25,0.000000,0.000000,0,1,7.76,0.00
926001,0.00,0.00,-0.05,-0.12,-0.06,0.12,-1.9,-3.8,229.1,62.07,-0.27,0.000000,0.000000,0,1,7.76,0.00
926307,-0.02,0.01,-0.07,0.18,0.00,0.06,-1.9,-3.8,229.1,62.07,-0.26,0.000000,0.000000,0,1,7.76,0.00
926613,-0.02,0.02,-0.05,0.06,0.25,-0.12,-1.9,-3.8,229.1,62.07,-0.26,0.000000,0.000000,0,1,7.76,0.00
926919,-0.00,0.00,-0.05,-0.06,0.06,-0.06,-1.9,-3.8,229.1,62.07,-0.26,0.000000,0.000000,0,1,7.76,0.00
927531,-0.00,0.01,-0.03,0.06,-0.18,0.06,-1.9,-3.8,229.0,62.08,-0.25,0.000000,0.000000,0,1,7.76,0.00
927837,0.00,0.00,-0.05,-0.12,-0.18,0.06,-1.9,-3.8,229.1,62.08,-0.25,0.000000,0.000000,0,1,7.76,0.00
928143,-0.00,0.00,-0.05,0.12,0.18,-0.31,-1.9,-3.8,229.1,62.08,-0.25,0.000000,0.000000,0,1,7.76,0.00
928449,-0.00,0.03,-0.05,0.00,0.12,0.06,-1.9,-3.8,229.1,62.09,-0.25,0.000000,0.000000,0,1,7.76,0.00
928755,-0.02,0.01,-0.10,0.00,0.00,0.06,-1.9,-3.8,229.1,62.09,-0.25,0.000000,0.000000,0,1,7.75,0.00
929061,-0.00,0.00,-0.07,0.00,0.06,0.18,-1.9,-3.8,229.1,62.09,-0.25,0.000000,0.000000,0,1,7.75,0.00
929367,-0.00,0.00,-0.07,-0.06,0.00,0.12,-1.9,-3.8,229.0,62.10,-0.25,0.000000,0.000000,0,1,7.75,0.00
929673,-0.02,0.00,-0.05,-0.12,-0.18,0.06,-1.9,-3.8,228.5,62.10,-0.24,0.000000,0.000000,0,1,7.75,0.00
929979,0.00,0.02,-0.05,0.06,-0.06,0.18,-1.9,-3.8,228.7,62.10,-0.24,0.000000,0.000000,0,1,7.75,0.00
930591,-0.00,0.01,-0.05,0.12,0.00,-0.18,-1.9,-3.8,228.8,62.10,-0.25,0.000000,0.000000,0,1,7.75,0.00
930897,0.01,0.02,-0.03,0.12,0.12,0.25,-1.9,-3.8,228.8,62.11,-0.24,0.000000,0.000000,0,1,7.76,0.00
931203,-0.00,0.00,-0.05,0.00,0.06,-0.18,-1.9,-3.8,228.7,62.11,-0.24,0.000000,0.000000,0,1,7.76,0.00
931509,0.00,0.01,-0.07,0.06,0.25,0.12,-1.9,-3.8,228.8,62.11,-0.24,0.000000,0.000000,0,1,7.76,0.00
931815,-0.01,0.03,-0.05,0.18,0.18,-0.06,-1.9,-3.8,228.3,62.11,-0.24,0.000000,0.000000,0,1,7.76,0.00
932121,-0.02,0.01,-0.07,-0.12,0.00,0.18,-1.9,-3.8,228.3,62.12,-0.23,0.000000,0.000000,0,1,7.76,0.00
932427,-0.00,0.07,-0.05,0.68,0.06,0.00,-1.8,-3.8,228.3,62.12,-0.24,0.000000,0.000000,0,1,7.76,0.00
932733,-0.07,0.07,-0.03,0.18,0.18,0.00,-1.8,-3.8,228.5,62.12,-0.23,0.000000,0.000000,0,1,7.76,0.00
933039,-0.00,0.15,0.00,1.62,-3.37,0.18,-0.4,-4.4,228.5,62.12,-0.23,0.000000,0.000000,0,1,7.76,0.00
933345,-0.00,0.00,0.36,-1.68,11.56,-0.68,-0.8,-4.2,228.7,62.13,-0.23,0.000000,0.000000,0,1,7.76,0.00
933651,-0.22,-0.17,-0.19,-13.31,-9.37,16.62,-1.5,-3.0,227.6,62.13,-0.23,0.000000,0.000000,0,1,7.76,0.00
933957,0.03,0.33,-0.41,-1.43,4.50,14.31,-1.1,-0.4,226.2,62.13,-0.22,0.000000,0.000000,0,1,7.76,0.00
934263,0.54,-0.35,0.12,-1.12,-1.12,21.00,-1.3,-1.1,216.7,62.13,-0.22,0.000000,0.000000,0,1,7.76,0.00
934569,-0.07,0.15,-0.69,1.12,4.25,0.56,-0.2,-0.9,217.1,62.14,-0.22,0.000000,0.000000,0,1,7.76,0.00
934875,-0.15,0.00,-0.10,-1.56,5.43,0.50,-1.8,-0.1,217.3,62.14,-0.20,0.000000,0.000000,0,1,7.76,0.00
935181,-0.07,0.23,0.00,-11.75,2.87,4.68,-2.0,0.5,216.6,62.14,-0.22,0.000000,0.000000,0,1,7.76,0.00
935487,-0.00,0.05,-1.16,-2.25,-9.18,77.31,-1.5,1.4,204.5,62.14,-0.24,0.000000,0.000000,0,1,7.76,0.00
935793,0.00,0.28,0.00,8.50,-0.75,-10.50,-0.8,0.0,196.8,62.15,-0.22,0.000000,0.000000,0,1,7.76,0.00
936099,-0.22,-0.00,0.05,13.43,-1.56,-1.18,1.0,-3.1,197.7,62.15,-0.21,0.000000,0.000000,0,1,7.76,0.00
936405,-0.20,0.09,0.19,-0.06,6.75,0.87,-0.3,-3.3,197.6,62.15,-0.21,0.000000,0.000000,0,1,7.76,0.00
936711,-0.07,0.27,0.27,-7.37,7.00,-27.31,-1.0,-2.4,199.9,62.15,-0.21,0.000000,0.000000,0,1,7.76,0.00
937017,0.03,0.03,-0.18,-11.37,-8.06,-1.06,-0.5,0.1,202.1,62.16,-0.21,0.000000,0.000000,0,1,7.76,0.00
937629,-0.05,0.07,-0.09,0.43,-0.93,-0.25,-1.1,-0.5,201.9,62.16,-0.23,0.000000,0.000000,0,1,7.76,0.00
937935,-0.07,0.09,-0.10,-0.31,0.43,0.12,-1.3,-0.5,201.9,62.16,-0.23,0.000000,0.000000,0,1,7.75,0.00
938241,-0.15,0.05,-0.03,0.00,0.12,-0.12,-1.3,-0.6,201.9,62.17,-0.22,0.000000,0.000000,0,1,7.75,0.00
938547,-0.10,0.03,-0.05,-0.12,0.18,0.00,-1.3,-0.6,201.9,62.17,-0.22,0.000000,0.000000,0,1,7.75,0.00
938853,-0.09,0.02,-0.05,0.00,-0.06,0.31,-1.3,-0.6,201.9,62.17,-0.23,0.000000,0.000000,0,1,7.76,0.00
939159,-0.09,0.05,-0.07,-0.06,-0.06,-0.18,-1.3,-0.6,201.9,62.18,-0.22,0.000000,0.000000,0,1,7.76,0.00
939465,-0.07,0.02,-0.05,-0.06,0.00,-0.12,-1.3,-0.6,201.9,62.18,-0.22,0.000000,0.000000,0,1,7.76,0.00
940077,-0.10,0.05,-0.05,-0.12,-0.06,-0.25,-1.3,-0.6,201.9,62.18,-0.22,0.000000,0.000000,0,1,7.75,0.00
940383,-0.11,0.05,-0.07,0.00,0.00,0.18,-1.3,-0.6,201.9,62.19,-0.22,0.000000,0.000000,0,1,7.75,0.00
940689,-0.10,0.03,-0.05,0.00,0.00,0.12,-1.3,-0.6,201.9,62.19,-0.21,0.000000,0.000000,0,1,7.75,0.00
940995,-0.11,0.05,-0.05,0.06,0.00,0.00,-1.3,-0.6,201.9,62.19,-0.22,0.000000,0.000000,0,1,7.75,0.00
941301,-0.09,0.05,-0.05,0.00,0.25,-0.12,-1.3,-0.6,201.9,62.19,-0.22,0.000000,0.000000,0,1,7.75,0.00
941607,-0.12,0.07,-0.05,-0.06,-0.06,0.00,-1.3,-0.6,201.9,62.19,-0.22,0.000000,0.000000,0,1,7.75,0.00
941913,-0.11,0.05,-0.07,0.06,0.00,-0.12,-1.3,-0.6,201.9,62.20,-0.21,0.000000,0.000000,0,1,7.76,0.00
942219,-0.09,0.07,-0.10,0.06,0.12,-0.12,-1.3,-0.6,201.9,62.20,-0.22,0.000000,0.000000,0,1,7.76,0.00
942831,-0.11,0.03,-0.05,-0.12,0.00,0.00,-1.3,-0.6,201.9,62.21,-0.21,0.000000,0.000000,0,1,7.76,0.00
943137,-0.11,0.05,-0.07,0.12,0.25,-0.18,-1.3,-0.6,201.9,62.21,-0.21,0.000000,0.000000,0,1,7.76,0.00
943443,-0.09,0.05,-0.05,-0.06,-0.12,-0.06,-1.3,-0.6,201.9,62.21,-0.21,0.000000,0.000000,0,1,7.76,0.00
943749,-0.11,0.05,-0.05,0.12,0.06,-0.18,-1.3,-0.6,201.9,62.22,-0.21,0.000000,0.000000,0,1,7.76,0.00
944055,-0.10,0.07,-0.07,0.06,-0.06,-0.18,-1.3,-0.6,201.5,62.21,-0.21,0.000000,0.000000,0,1,7.76,0.00
944667,-0.11,0.05,-0.10,-0.06,-0.06,0.18,-1.3,-0.6,201.8,62.22,-0.20,0.000000,0.000000,0,1,7.76,0.00
944973,-0.11,0.03,-0.07,0.00,-0.06,0.06,-1.3,-0.6,202.0,62.22,-0.20,0.000000,0.000000,0,1,7.76,0.00
945585,-0.11,0.07,-0.07,0.06,0.00,0.25,-1.3,-0.6,202.3,62.23,-0.20,0.000000,0.000000,0,1,7.76,0.00
945891,-0.11,0.07,-0.07,0.12,-0.12,0.06,-1.3,-0.6,202.0,62.23,-0.21,0.000000,0.000000,0,1,7.75,0.00
946197,-0.11,0.07,-0.07,-0.12,-0.18,-0.12,-1.3,-0.6,202.0,62.23,-0.21,0.000000,0.000000,0,1,7.75,0.00
946503,-0.11,0.07,-0.07,-0.06,0.18,-0.25,-1.3,-0.6,202.0,62.24,-0.21,0.000000,0.000000,0,1,7.75,0.00
947115,-0.12,0.07,-0.05,0.12,0.00,-0.25,-1.3,-0.6,202.0,62.24,-0.21,0.000000,0.000000,0,1,7.76,0.00
947421,-0.12,0.07,-0.07,0.06,-0.12,-0.25,-1.3,-0.6,202.0,62.24,-0.21,0.000000,0.000000,0,1,7.76,0.00
947727,-0.12,0.05,-0.05,-0.06,0.00,-0.18,-1.3,-0.6,202.0,62.24,-0.20,0.000000,0.000000,0,1,7.76,0.00
948033,-0.12,0.05,-0.05,-0.12,0.18,0.25,-1.3,-0.6,202.0,62.25,-0.21,0.000000,0.000000,0,1,7.75,0.00
948339,-0.13,0.05,-0.03,-0.12,0.06,0.06,-1.3,-0.6,202.0,62.25,-0.20,0.000000,0.000000,0,1,7.75,0.00
948645,-0.13,0.07,-0.05,-0.25,0.12,-0.06,-1.3,-0.6,202.0,62.25,-0.19,0.000000,0.000000,0,1,7.75,0.00
948951,-0.11,0.07,-0.07,0.00,0.18,0.18,-1.3,-0.6,202.0,62.26,-0.20,0.000000,0.000000,0,1,7.75,0.00
949257,-0.12,0.09,-0.05,-0.12,0.12,0.00,-1.3,-0.6,202.0,62.26,-0.20,0.000000,0.000000,0,1,7.75,0.00
949563,-0.11,0.05,-0.05,0.00,-0.12,0.06,-1.3,-0.6,202.0,62.26,-0.20,0.000000,0.000000,0,1,7.75,0.00
949869,-0.12,0.10,-0.10,0.12,-0.06,0.12,-1.3,-0.6,202.0,62.26,-0.20,0.000000,0.000000,0,1,7.75,0.00
950175,-0.11,0.05,-0.07,-0.06,0.25,0.00,-1.3,-0.6,202.0,62.27,-0.20,0.000000,0.000000,0,1,7.75,0.00
950787,-0.11,0.07,-0.07,-0.06,0.00,-0.12,-1.3,-0.6,202.0,62.27,-0.19,0.000000,0.000000,0,1,7.75,0.00
951093,-0.11,0.07,-0.02,0.00,0.18,0.12,-1.3,-0.6,202.0,62.27,-0.19,0.000000,0.000000,0,1,7.75,0.00
951399,-0.12,0.09,-0.07,0.06,0.00,0.00,-1.3,-0.6,202.0,62.27,-0.18,0.000000,0.000000,0,1,7.75,0.00
952011,-0.12,0.09,-0.05,-0.06,-0.12,-0.25,-1.3,-0.6,202.0,62.28,-0.18,0.000000,0.000000,0,1,7.75,0.00
952317,-0.12,0.07,-0.05,0.00,-0.12,0.12,-1.3,-0.6,202.0,62.28,-0.17,0.000000,0.000000,0,1,7.75,0.00
952623,-0.11,0.07,-0.10,-0.06,0.06,-0.06,-1.3,-0.6,202.0,62.28,-0.17,0.000000,0.000000,0,1,7.75,0.00
952929,-0.12,0.07,-0.09,0.00,-0.12,-0.06,-1.3,-0.6,202.0,62.29,-0.17,0.000000,0.000000,0,1,7.75,0.00
953235,-0.12,0.07,-0.07,-0.25,0.00,0.00,-1.3,-0.6,202.0,62.29,-0.16,0.000000,0.000000,0,1,7.75,0.00
953541,-0.15,0.10,-0.07,-0.12,0.06,-0.06,-1.3,-0.6,202.0,62.29,-0.16,0.000000,0.000000,0,1,7.75,0.00
953847,-0.12,0.11,-0.05,0.06,0.00,-0.12,-1.3,-0.6,202.0,62.29,-0.16,0.000000,0.000000,0,1,7.75,0.00
954153,-0.12,0.07,-0.05,0.00,0.00,0.25,-1.3,-0.6,202.0,62.29,-0.16,0.000000,0.000000,0,1,7.76,0.00
954765,-0.11,0.07,-0.05,0.00,0.18,0.25,-1.3,-0.6,202.1,62.30,-0.17,0.000000,0.000000,0,1,7.76,0.00
955071,-0.13,0.07,-0.03,0.00,-0.12,0.12,-1.3,-0.6,202.3,62.30,-0.15,0.000000,0.000000,0,1,7.75,0.00
955377,-0.11,0.07,-0.05,-0.06,-0.25,0.12,-1.3,-0.6,202.4,62.31,-0.16,0.000000,0.000000,0,1,7.75,0.00
955683,-0.12,0.07,-0.09,0.00,0.25,0.00,-1.3,-0.6,202.3,62.31,-0.16,0.000000,0.000000,0,1,7.75,0.00
955989,-0.12,0.07,-0.09,-0.06,0.06,0.25,-1.3,-0.6,202.5,62.31,-0.17,0.000000,0.000000,0,1,7.78,0.00
956295,-0.11,0.05,-0.07,-0.06,0.18,0.00,-1.3,-0.6,202.1,62.31,-0.17,0.000000,0.000000,0,1,7.78,0.00
956907,-0.12,0.10,-0.05,-0.06,0.12,0.12,-1.3,-0.6,202.3,62.32,-0.17,0.000000,0.000000,0,1,7.78,0.00
957213,-0.12,0.07,-0.03,0.06,0.12,-0.18,-1.3,-0.6,202.5,62.32,-0.17,0.000000,0.000000,0,1,7.75,0.00
957519,-0.11,0.10,-0.05,-0.06,0.06,0.06,-1.3,-0.6,202.6,62.32,-0.17,0.000000,0.000000,0,1,7.75,0.00
957825,-0.15,0.10,-0.07,0.00,0.18,0.06,-1.3,-0.6,202.6,62.33,-0.17,0.000000,0.000000,0,1,7.75,0.00
958131,-0.11,0.07,-0.07,-0.06,0.00,-0.18,-1.3,-0.6,202.6,62.33,-0.17,0.000000,0.000000,0,1,7.75,0.00
958437,-0.15,0.11,-0.03,0.00,0.25,0.12,-1.3,-0.6,202.6,62.33,-0.18,0.000000,0.000000,0,1,7.75,0.00
959049,-0.15,0.07,-0.07,0.00,0.12,0.25,-1.3,-0.6,202.3,62.34,-0.17,0.000000,0.000000,0,1,7.76,0.00
959355,-0.12,0.05,-0.07,-0.12,-0.12,-0.18,-1.3,-0.6,202.5,62.34,-0.17,0.000000,0.000000,0,1,7.76,0.00
959661,-0.15,0.07,-0.05,-0.12,0.06,-0.06,-1.3,-0.6,202.4,62.34,-0.17,0.000000,0.000000,0,1,7.76,0.00
959967,-0.15,0.07,-0.07,-0.18,-0.18,-0.12,-1.3,-0.6,202.5,62.34,-0.17,0.000000,0.000000,0,1,7.76,0.00
960273,-0.15,0.09,-0.05,0.06,-0.12,0.12,-1.3,-0.6,202.7,62.35,-0.17,0.000000,0.000000,0,1,7.75,0.00
960885,-0.15,0.05,-0.09,0.06,-0.18,0.25,-1.3,-0.6,202.3,62.35,-0.16,0.000000,0.000000,0,1,7.75,0.00
961191,-0.15,0.07,-0.07,0.06,0.12,0.12,-1.3,-0.6,202.4,62.36,-0.16,0.000000,0.000000,0,1,7.75,0.00
961497,-0.13,0.07,-0.07,0.12,-0.12,0.00,-1.3,-0.6,202.4,62.36,-0.15,0.000000,0.000000,0,1,7.75,0.00
961803,-0.15,0.10,-0.05,0.12,0.06,-0.31,-1.3,-0.6,202.4,62.36,-0.15,0.000000,0.000000,0,1,7.75,0.00
962109,-0.15,0.10,-0.05,0.00,0.00,0.06,-1.3,-0.6,202.3,62.36,-0.15,0.000000,0.000000,0,1,7.74,0.00
962415,-0.13,0.07,-0.05,0.00,0.06,0.18,-1.3,-0.6,202.5,62.36,-0.15,0.000000,0.000000,0,1,7.74,0.00
962721,-0.15,0.10,-0.07,0.06,0.12,-0.12,-1.3,-0.6,202.4,62.37,-0.16,0.000000,0.000000,0,1,7.74,0.00
963333,-0.15,0.07,-0.07,-0.06,-0.06,0.00,-1.3,-0.6,202.4,62.37,-0.15,0.000000,0.000000,0,1,7.75,0.00
963639,-0.15,0.10,-0.07,0.00,0.00,0.06,-1.3,-0.6,202.0,62.37,-0.15,0.000000,0.000000,0,1,7.75,0.00
963945,-0.15,0.09,-0.05,-0.06,-0.12,0.00,-1.3,-0.6,202.3,62.38,-0.15,0.000000,0.000000,0,1,7.75,0.00
964251,-0.15,0.07,-0.07,-0.06,0.12,-0.25,-1.3,-0.6,202.4,62.38,-0.14,0.000000,0.000000,0,1,7.75,0.00
964557,-0.15,0.07,-0.07,0.00,-0.18,-0.06,-1.3,-0.6,202.5,62.38,-0.15,0.000000,0.000000,0,1,7.75,0.00
964863,-0.15,0.07,-0.07,-0.06,-0.12,0.00,-1.3,-0.6,202.5,62.38,-0.14,0.000000,0.000000,0,1,7.75,0.00
965475,-0.15,0.07,-0.05,-0.06,0.06,0.06,-1.3,-0.6,202.5,62.39,-0.15,0.000000,0.000000,0,1,7.75,0.00
965781,-0.15,0.07,-0.05,-0.06,-0.18,-0.06,-1.3,-0.6,202.5,62.39,-0.15,0.000000,0.000000,0,1,7.75,0.00
966087,-0.13,0.10,-0.07,0.00,-0.06,0.00,-1.3,-0.6,202.5,62.39,-0.14,0.000000,0.000000,0,1,7.75,0.00
966393,-0.15,0.10,-0.05,-0.06,-0.18,0.12,-1.3,-0.6,202.5,62.39,-0.14,0.000000,0.000000,0,1,7.75,0.00
966699,-0.12,0.09,-0.05,0.06,0.06,0.06,-1.3,-0.6,202.5,62.40,-0.14,0.000000,0.000000,0,1,7.75,0.00
967005,-0.17,0.10,-0.07,0.00,-0.06,0.12,-1.3,-0.6,202.5,62.40,-0.14,0.000000,0.000000,0,1,7.75,0.00
967311,-0.17,0.07,-0.05,-0.12,-0.12,0.06,-1.3,-0.6,202.5,62.40,-0.14,0.000000,0.000000,0,1,7.75,0.00
967617,-0.15,0.10,-0.07,-0.12,-0.18,0.00,-1.3,-0.6,202.5,62.40,-0.14,0.000000,0.000000,0,1,7.75,0.00
968229,-0.12,0.09,-0.07,0.12,0.06,0.00,-1.3,-0.6,202.5,62.41,-0.15,0.000000,0.000000,0,1,7.75,0.00
968535,-0.15,0.10,-0.07,0.12,-0.18,-0.06,-1.3,-0.6,202.5,62.41,-0.15,0.000000,0.000000,0,1,7.75,0.00
968841,-0.15,0.07,-0.09,0.06,0.18,0.12,-1.3,-0.6,202.5,62.42,-0.15,0.000000,0.000000,0,1,7.75,0.00
969147,-0.15,0.11,-0.05,0.00,-0.06,0.25,-1.3,-0.6,202.5,62.42,-0.15,0.000000,0.000000,0,1,7.75,0.00
969453,-0.13,0.07,-0.03,0.00,-0.06,-0.06,-1.3,-0.6,202.5,62.42,-0.15,0.000000,0.000000,0,1,7.75,0.00
969759,-0.13,0.11,-0.05,-0.06,0.00,-0.25,-1.3,-0.6,202.1,62.42,-0.15,0.000000,0.000000,0,1,7.75,0.00
970065,-0.17,0.07,-0.05,0.00,0.06,0.00,-1.3,-0.6,202.1,62.42,-0.14,0.000000,0.000000,0,1,7.75,0.00
970371,-0.17,0.09,-0.07,-0.06,0.12,0.37,-1.3,-0.6,202.3,62.43,-0.15,0.000000,0.000000,0,1,7.75,0.00
970677,-0.13,0.07,-0.07,-0.06,0.00,0.00,-1.3,-0.6,202.3,62.43,-0.16,0.000000,0.000000,0,1,7.75,0.00
971289,-0.15,0.09,-0.07,0.00,0.06,0.06,-1.3,-0.6,202.7,62.43,-0.14,0.000000,0.000000,0,1,7.75,0.00
971595,-0.15,0.09,-0.10,-0.06,0.12,0.06,-1.3,-0.6,202.8,62.44,-0.14,0.000000,0.000000,0,1,7.75,0.00
971901,-0.13,0.07,-0.09,-0.12,-0.18,0.12,-1.3,-0.6,202.5,62.44,-0.15,0.000000,0.000000,0,1,7.75,0.00
972207,-0.17,0.07,-0.01,0.00,-0.06,0.06,-1.3,-0.6,202.1,62.44,-0.15,0.000000,0.000000,0,1,7.74,0.00
972513,-0.15,0.10,-0.05,0.00,-0.18,0.25,-1.3,-0.6,202.3,62.45,-0.15,0.000000,0.000000,0,1,7.74,0.00
972819,-0.15,0.09,-0.03,0.00,-0.06,-0.25,-1.3,-0.6,202.7,62.45,-0.15,0.000000,0.000000,0,1,7.74,0.00
973125,-0.15,0.09,-0.07,0.06,0.12,-0.12,-1.3,-0.6,202.7,62.45,-0.15,0.000000,0.000000,0,1,7.74,0.00
973431,-0.15,0.09,-0.03,0.06,0.18,0.18,-1.3,-0.6,202.6,62.45,-0.16,0.000000,0.000000,0,1,7.74,0.00
973737,-0.13,0.09,-0.05,0.00,0.06,0.06,-1.3,-0.6,202.5,62.45,-0.15,0.000000,0.000000,0,1,7.74,0.00
974043,-0.15,0.07,-0.05,0.06,-0.12,-0.12,-1.3,-0.6,202.5,62.46,-0.15,0.000000,0.000000,0,1,7.74,0.00
974349,-0.15,0.09,-0.03,0.00,0.12,0.06,-1.3,-0.6,202.5,62.46,-0.16,0.000000,0.000000,0,1,7.75,0.00
974961,-0.13,0.10,-0.07,0.00,-0.06,0.06,-1.3,-0.6,202.5,62.46,-0.16,0.000000,0.000000,0,1,7.75,0.00
975573,-0.15,0.07,-0.07,-0.06,0.18,-0.25,-1.3,-0.6,202.5,62.47,-0.16,0.000000,0.000000,0,1,7.75,0.00
975879,-0.15,0.11,-0.05,0.00,0.18,0.18,-1.3,-0.6,202.5,62.47,-0.15,0.000000,0.000000,0,1,7.75,0.00
976185,-0.12,0.07,-0.09,0.12,-0.06,-0.06,-1.3,-0.6,202.5,62.47,-0.15,0.000000,0.000000,0,1,7.75,0.00
976491,-0.13,0.10,-0.10,0.06,-0.18,-0.12,-1.3,-0.6,202.5,62.48,-0.14,0.000000,0.000000,0,1,7.75,0.00
976797,-0.15,0.05,-0.07,0.12,0.06,-0.06,-1.3,-0.6,202.5,62.48,-0.15,0.000000,0.000000,0,1,7.75,0.00
977103,-0.15,0.05,-0.03,-0.06,0.31,-0.06,-1.3,-0.6,202.5,62.48,-0.14,0.000000,0.000000,0,1,7.75,0.00
977409,-0.17,0.07,-0.07,0.06,0.12,-0.06,-1.3,-0.6,202.1,62.48,-0.14,0.000000,0.000000,0,1,7.75,0.00
977715,-0.15,0.07,-0.09,0.06,0.06,-0.06,-1.3,-0.6,202.1,62.49,-0.15,0.000000,0.000000,0,1,7.75,0.00
978021,-0.17,0.07,-0.05,-0.12,0.18,-0.12,-1.3,-0.6,202.6,62.49,-0.14,0.000000,0.000000,0,1,7.75,0.00
978633,-0.15,0.10,-0.03,0.06,0.06,-0.18,-1.3,-0.6,202.7,62.49,-0.14,0.000000,0.000000,0,1,7.75,0.00
978939,-0.13,0.07,-0.09,0.00,0.06,0.18,-1.3,-0.6,202.8,62.50,-0.14,0.000000,0.000000,0,1,7.75,0.00
979245,-0.13,0.09,-0.05,0.12,0.12,0.06,-1.3,-0.6,202.8,62.50,-0.13,0.000000,0.000000,0,1,7.74,0.00
979551,-0.17,0.07,-0.07,-0.12,0.12,-0.12,-1.3,-0.6,202.3,62.50,-0.14,0.000000,0.000000,0,1,7.74,0.00
980163,-0.11,0.10,-0.05,0.06,0.06,0.06,-1.3,-0.6,202.3,62.51,-0.13,0.000000,0.000000,0,1,7.74,0.00
980469,-0.15,0.05,-0.07,0.00,0.12,-0.12,-1.3,-0.6,202.5,62.51,-0.12,0.000000,0.000000,0,1,7.74,0.00
980775,-0.17,0.09,-0.07,0.00,-0.06,0.00,-1.3,-0.6,202.5,62.51,-0.13,0.000000,0.000000,0,1,7.74,0.00
981081,-0.17,0.09,-0.05,-0.25,-0.06,0.12,-1.3,-0.6,202.6,62.51,-0.12,0.000000,0.000000,0,1,7.74,0.00
981387,-0.15,0.09,-0.05,0.12,-0.06,0.12,-1.3,-0.6,202.6,62.52,-0.12,0.000000,0.000000,0,1,7.75,0.00
981693,-0.15,0.07,-0.03,-0.12,-0.06,0.12,-1.3,-0.6,202.6,62.52,-0.12,0.000000,0.000000,0,1,7.75,0.00
981999,-0.13,0.05,-0.05,-0.12,0.00,0.31,-1.3,-0.6,202.7,62.52,-0.13,0.000000,0.000000,0,1,7.75,0.00
982611,-0.17,0.07,-0.05,-0.12,-0.18,0.00,-1.3,-0.6,202.5,62.52,-0.12,0.000000,0.000000,0,1,7.75,0.00
982917,-0.15,0.07,-0.07,0.00,-0.06,0.00,-1.3,-0.6,202.5,62.53,-0.12,0.000000,0.000000,0,1,7.75,0.00
983223,-0.15,0.09,-0.05,-0.06,0.12,-0.12,-1.3,-0.6,202.3,62.53,-0.12,0.000000,0.000000,0,1,7.75,0.00
983529,-0.15,0.09,-0.05,0.00,-0.18,0.06,-1.3,-0.6,202.4,62.53,-0.12,0.000000,0.000000,0,1,7.76,0.00
984141,-0.15,0.10,-0.07,0.12,0.00,0.06,-1.3,-0.6,202.1,62.54,-0.11,0.000000,0.000000,0,1,7.76,0.00
984447,-0.15,0.11,-0.05,-0.12,-0.06,0.18,-1.3,-0.6,202.2,62.54,-0.12,0.000000,0.000000,0,1,7.75,0.00
984753,-0.15,0.10,-0.10,0.00,0.18,-0.06,-1.3,-0.6,202.3,62.54,-0.12,0.000000,0.000000,0,1,7.75,0.00
985059,-0.15,0.09,-0.07,0.00,0.00,0.00,-1.3,-0.6,202.3,62.55,-0.12,0.000000,0.000000,0,1,7.75,0.00
985365,-0.15,0.09,-0.07,0.06,-0.06,0.25,-1.3,-0.6,202.5,62.55,-0.12,0.000000,0.000000,0,1,7.75,0.00
985671,-0.15,0.11,-0.05,0.06,0.06,0.00,-1.3,-0.6,202.5,62.55,-0.12,0.000000,0.000000,0,1,7.75,0.00
985977,-0.15,0.09,-0.03,0.12,-0.06,-0.06,-1.3,-0.6,202.5,62.55,-0.12,0.000000,0.000000,0,1,7.75,0.00
986283,-0.15,0.09,-0.05,0.00,-0.18,-0.18,-1.3,-0.6,202.6,62.55,-0.11,0.000000,0.000000,0,1,7.75,0.00
986589,-0.15,0.09,-0.05,0.12,-0.12,-0.25,-1.3,-0.6,202.6,62.56,-0.12,0.000000,0.000000,0,1,7.75,0.00
986895,-0.15,0.07,-0.07,0.00,-0.31,0.25,-1.3,-0.6,202.6,62.56,-0.11,0.000000,0.000000,0,1,7.75,0.00
987507,-0.15,0.07,-0.09,-0.06,0.18,-0.18,-1.3,-0.6,202.6,62.56,-0.11,0.000000,0.000000,0,1,7.75,0.00
987813,-0.17,0.10,-0.07,0.00,0.06,0.06,-1.3,-0.6,202.6,62.57,-0.11,0.000000,0.000000,0,1,7.75,0.00
988119,-0.17,0.07,-0.05,0.12,0.12,0.00,-1.3,-0.6,202.6,62.57,-0.11,0.000000,0.000000,0,1,7.75,0.00
988425,-0.13,0.10,-0.05,0.00,0.06,0.00,-1.3,-0.6,202.6,62.57,-0.11,0.000000,0.000000,0,1,7.75,0.00
988731,-0.15,0.10,-0.05,0.06,0.12,0.00,-1.3,-0.6,202.1,62.57,-0.11,0.000000,0.000000,0,1,7.75,0.00
989037,-0.17,0.11,-0.07,-0.06,0.06,-0.12,-1.3,-0.6,202.3,62.57,-0.11,0.000000,0.000000,0,1,7.75,0.00
989343,-0.15,0.07,-0.05,-0.06,-0.06,0.12,-1.3,-0.6,202.3,62.58,-0.10,0.000000,0.000000,0,1,7.75,0.00
989649,-0.15,0.07,-0.07,0.06,0.00,-0.18,-1.3,-0.6,202.4,62.58,-0.11,0.000000,0.000000,0,1,7.75,0.00
990261,-0.15,0.07,-0.07,-0.06,-0.18,-0.31,-1.3,-0.6,202.5,62.59,-0.11,0.000000,0.000000,0,1,7.75,0.00
990567,-0.17,0.05,-0.09,-0.06,-0.06,-0.06,-1.3,-0.6,202.6,62.59,-0.11,0.000000,0.000000,0,1,7.74,0.00
990873,-0.15,0.09,-0.07,0.06,0.06,0.06,-1.3,-0.6,202.6,62.59,-0.11,0.000000,0.000000,0,1,7.74,0.00
991179,-0.15,0.07,-0.03,0.00,0.00,0.25,-1.3,-0.6,202.1,62.59,-0.11,0.000000,0.000000,0,1,7.74,0.00
991485,-0.15,0.07,-0.05,0.06,-0.12,0.00,-1.3,-0.6,202.1,62.59,-0.10,0.000000,0.000000,0,1,7.74,0.00
991791,-0.15,0.07,-0.02,-0.12,0.00,0.12,-1.3,-0.6,202.2,62.60,-0.10,0.000000,0.000000,0,1,7.74,0.00
992097,-0.15,0.07,-0.05,0.00,0.06,-0.06,-1.3,-0.6,202.3,62.60,-0.10,0.000000,0.000000,0,1,7.74,0.00
992403,-0.18,0.10,-0.07,0.06,-0.06,0.00,-1.3,-0.6,202.5,62.60,-0.10,0.000000,0.000000,0,1,7.74,0.00
992709,-0.15,0.07,-0.05,0.12,0.06,-0.12,-1.3,-0.6,202.5,62.60,-0.10,0.000000,0.000000,0,1,7.74,0.00
993321,-0.15,0.07,-0.05,0.00,0.12,0.18,-1.3,-0.6,202.7,62.61,-0.10,0.000000,0.000000,0,1,7.74,0.00
993627,-0.13,0.07,-0.05,0.12,-0.18,0.06,-1.3,-0.6,202.7,62.61,-0.09,0.000000,0.000000,0,1,7.75,0.00
993933,-0.12,0.05,-0.02,0.12,0.06,-0.12,-1.3,-0.6,202.7,62.61,-0.10,0.000000,0.000000,0,1,7.75,0.00
994239,-0.15,0.09,-0.05,0.18,0.00,-0.06,-1.3,-0.6,202.7,62.62,-0.09,0.000000,0.000000,0,1,7.75,0.00
994545,-0.15,0.07,-0.05,0.06,0.00,0.06,-1.3,-0.6,202.7,62.62,-0.09,0.000000,0.000000,0,1,7.75,0.00
994851,-0.15,0.05,-0.05,-0.06,0.00,-0.06,-1.3,-0.6,202.7,62.62,-0.09,0.000000,0.000000,0,1,7.75,0.00
995157,-0.15,0.07,-0.09,0.00,-0.06,0.00,-1.3,-0.6,202.7,62.62,-0.09,0.000000,0.000000,0,1,7.75,0.00
995769,-0.13,0.07,-0.10,-0.06,0.00,-0.25,-1.3,-0.6,202.7,62.63,-0.09,0.000000,0.000000,0,1,7.78,0.00
996075,-0.15,0.07,-0.09,0.06,0.06,-0.06,-1.3,-0.6,202.2,62.63,-0.08,0.000000,0.000000,0,1,7.78,0.00
996381,-0.15,0.07,-0.03,0.00,0.06,0.06,-1.3,-0.6,202.3,62.63,-0.09,0.000000,0.000000,0,1,7.75,0.00
996687,-0.15,0.07,-0.05,0.06,0.12,0.25,-1.3,-0.6,202.5,62.63,-0.09,0.000000,0.000000,0,1,7.75,0.00
996993,-0.17,0.07,-0.02,0.06,0.00,0.06,-1.3,-0.6,202.6,62.64,-0.09,0.000000,0.000000,0,1,7.75,0.00
997299,-0.15,0.05,-0.07,0.12,0.12,0.06,-1.3,-0.6,202.6,62.64,-0.09,0.000000,0.000000,0,1,7.75,0.00
997605,-0.15,0.07,-0.02,-0.06,0.12,0.00,-1.3,-0.6,202.8,62.64,-0.09,0.000000,0.000000,0,1,7.75,0.00
997911,-0.15,0.10,-0.05,-0.06,0.06,0.12,-1.3,-0.6,202.8,62.64,-0.09,0.000000,0.000000,0,1,7.75,0.00
998217,-0.15,0.10,-0.07,-0.06,0.18,0.18,-1.3,-0.6,202.5,62.65,-0.09,0.000000,0.000000,0,1,7.75,0.00
998829,-0.15,0.10,-0.05,-0.12,-0.12,-0.31,-1.3,-0.6,202.6,62.65,-0.09,0.000000,0.000000,0,1,7.75,0.00
999135,-0.15,0.09,-0.05,0.00,0.00,0.00,-1.3,-0.6,202.8,62.65,-0.09,0.000000,0.000000,0,1,7.75,0.00
999441,-0.17,0.07,-0.05,0.00,0.06,0.00,-1.3,-0.6,202.6,62.66,-0.09,0.000000,0.000000,0,1,7.74,0.00
999747,-0.15,0.10,-0.05,0.06,0.25,0.18,-1.3,-0.6,202.7,62.66,-0.08,0.000000,0.000000,0,1,7.74,0.00
1000053,-0.15,0.07,-0.05,0.00,-0.18,-0.18,-1.3,-0.6,202.8,62.66,-0.07,0.000000,0.000000,0,1,7.74,0.00
1000359,-0.18,0.05,-0.05,-0.06,-0.18,0.18,-1.3,-0.6,202.8,62.66,-0.07,0.000000,0.000000,0,1,7.74,0.00
1000665,-0.17,0.09,-0.07,0.06,-0.06,-0.12,-1.3,-0.6,202.8,62.67,-0.07,0.000000,0.000000,0,1,7.75,0.00
1001277,-0.15,0.10,-0.05,-0.06,-0.06,-0.06,-1.3,-0.6,202.8,62.67,-0.07,0.000000,0.000000,0,1,7.75,0.00
1001583,-0.18,0.09,-0.05,0.06,-0.12,-0.12,-1.3,-0.6,202.3,62.67,-0.07,0.000000,0.000000,0,1,7.78,0.00
1001889,-0.15,0.05,-0.07,-0.12,0.12,0.12,-1.3,-0.6,202.4,62.67,-0.07,0.000000,0.000000,0,1,7.78,0.00
1002195,-0.18,0.09,-0.05,0.00,-0.12,0.06,-1.3,-0.6,202.4,62.68,-0.07,0.000000,0.000000,0,1,7.78,0.00
1002501,-0.15,0.11,-0.02,0.00,-0.06,-0.18,-1.3,-0.6,202.2,62.68,-0.07,0.000000,0.000000,0,1,7.75,0.00
1002807,-0.17,0.07,-0.02,-0.06,0.18,0.06,-1.3,-0.6,202.2,62.68,-0.06,0.000000,0.000000,0,1,7.75,0.00
1003419,-0.17,0.07,-0.07,-0.06,0.00,-0.18,-1.3,-0.6,202.2,62.69,-0.07,0.000000,0.000000,0,1,7.75,0.00
1003725,-0.15,0.09,-0.09,-0.06,0.00,-0.06,-1.3,-0.6,202.3,62.69,-0.07,0.000000,0.000000,0,1,7.75,0.00
1004031,-0.17,0.10,-0.05,0.06,0.06,0.00,-1.3,-0.6,202.3,62.69,-0.07,0.000000,0.000000,0,1,7.75,0.00
1004337,-0.15,0.10,-0.09,0.00,-0.12,0.00,-1.3,-0.6,202.6,62.69,-0.07,0.000000,0.000000,0,1,7.75,0.00
1004949,-0.15,0.09,-0.05,0.06,0.12,-0.06,-1.3,-0.6,202.6,62.70,-0.08,0.000000,0.000000,0,1,7.75,0.00
1005255,-0.18,0.10,-0.05,-0.06,0.12,-0.06,-1.3,-0.6,202.6,62.70,-0.09,0.000000,0.000000,0,1,7.75,0.00
1005561,-0.17,0.07,-0.05,-0.12,0.00,-0.12,-1.3,-0.6,202.6,62.70,-0.09,0.000000,0.000000,0,1,7.74,0.00
1005867,-0.15,0.07,-0.05,0.00,0.06,-0.06,-1.3,-0.6,202.6,62.70,-0.08,0.000000,0.000000,0,1,7.74,0.00
1006173,-0.15,0.05,-0.07,0.06,0.00,0.00,-1.3,-0.6,202.6,62.71,-0.07,0.000000,0.000000,0,1,7.74,0.00
1006479,-0.15,0.07,-0.05,-0.06,0.18,0.06,-1.3,-0.6,202.6,62.71,-0.07,0.000000,0.000000,0,1,7.75,0.00
1006785,-0.17,0.05,-0.05,0.06,0.12,-0.06,-1.3,-0.6,202.6,62.71,-0.06,0.000000,0.000000,0,1,7.75,0.00
1007397,-0.18,0.09,-0.05,0.00,0.12,0.12,-1.3,-0.6,202.1,62.72,-0.06,0.000000,0.000000,0,1,7.75,0.00
1007703,-0.17,0.11,-0.07,0.12,0.12,0.06,-1.3,-0.6,202.1,62.72,-0.06,0.000000,0.000000,0,1,7.75,0.00
1008315,-0.15,0.07,-0.07,-0.18,0.00,-0.06,-1.3,-0.6,202.4,62.73,-0.07,0.000000,0.000000,0,1,7.75,0.00
1008621,-0.15,0.05,-0.07,0.06,0.06,0.12,-1.3,-0.6,202.6,62.73,-0.07,0.000000,0.000000,0,1,7.75,0.00
1008927,-0.15,0.07,-0.09,-0.06,0.12,0.00,-1.3,-0.6,202.8,62.73,-0.07,0.000000,0.000000,0,1,7.75,0.00
1009233,-0.15,0.05,-0.05,-0.06,-0.25,0.00,-1.3,-0.6,202.3,62.73,-0.07,0.000000,0.000000,0,1,7.75,0.00
1009539,-0.15,0.07,-0.09,0.00,-0.37,0.12,-1.3,-0.6,202.4,62.74,-0.06,0.000000,0.000000,0,1,7.74,0.00
1009845,-0.15,0.10,-0.02,-0.12,-0.18,0.31,-1.3,-0.6,202.3,62.74,-0.07,0.000000,0.000000,0,1,7.74,0.00
1010151,-0.17,0.09,-0.05,0.00,0.06,-0.12,-1.3,-0.6,202.4,62.74,-0.07,0.000000,0.000000,0,1,7.74,0.00
1010763,-0.17,0.07,-0.05,0.00,-0.25,-0.12,-1.3,-0.6,202.6,62.74,-0.06,0.000000,0.000000,0,1,7.74,0.00
1011069,-0.17,0.09,-0.07,-0.12,-0.12,0.06,-1.3,-0.6,202.3,62.75,-0.07,0.000000,0.000000,0,1,7.74,0.00
1011375,-0.17,0.07,-0.09,-0.12,0.18,0.00,-1.3,-0.6,202.6,62.75,-0.07,0.000000,0.000000,0,1,7.74,0.00
1011681,-0.15,0.09,-0.05,0.00,-0.06,0.18,-1.3,-0.6,202.5,62.75,-0.06,0.000000,0.000000,0,1,7.75,0.00
1011987,-0.15,0.07,-0.07,0.00,0.06,0.18,-1.3,-0.6,202.6,62.75,-0.06,0.000000,0.000000,0,1,7.75,0.00
1012599,-0.17,0.07,-0.05,0.06,-0.06,-0.12,-1.3,-0.6,202.6,62.76,-0.06,0.000000,0.000000,0,1,7.75,0.00
1012905,-0.18,0.05,-0.05,0.06,0.06,-0.12,-1.3,-0.6,202.1,62.76,-0.06,0.000000,0.000000,0,1,7.75,0.00
1013211,-0.17,0.05,-0.07,0.00,-0.18,-0.06,-1.3,-0.6,202.3,62.76,-0.06,0.000000,0.000000,0,1,7.75,0.00
1013517,-0.15,0.07,-0.05,0.00,0.00,0.00,-1.3,-0.6,202.5,62.76,-0.05,0.000000,0.000000,0,1,7.75,0.00
1014129,-0.15,0.09,-0.07,-0.06,-0.06,-0.12,-1.3,-0.6,202.6,62.77,-0.06,0.000000,0.000000,0,1,7.75,0.00
1014435,-0.15,0.11,-0.09,0.00,-0.06,0.06,-1.3,-0.6,202.7,62.77,-0.05,0.000000,0.000000,0,1,7.75,0.00
1014741,-0.15,0.07,-0.05,0.00,-0.06,-0.06,-1.3,-0.6,202.3,62.77,-0.05,0.000000,0.000000,0,1,7.75,0.00
1015047,-0.17,0.05,-0.07,0.06,0.12,0.18,-1.3,-0.6,202.3,62.78,-0.05,0.000000,0.000000,0,1,7.75,0.00
1015353,-0.15,0.09,-0.07,0.00,0.00,-0.06,-1.3,-0.6,202.3,62.78,-0.05,0.000000,0.000000,0,1,7.75,0.00
1015659,-0.15,0.07,-0.07,-0.06,-0.18,-0.06,-1.3,-0.6,202.3,62.78,-0.04,0.000000,0.000000,0,1,7.74,0.00
1015965,-0.13,0.07,-0.07,0.00,0.00,0.00,-1.3,-0.6,202.3,62.78,-0.05,0.000000,0.000000,0,1,7.74,0.00
1016577,-0.15,0.05,-0.02,0.00,0.12,0.31,-1.3,-0.6,202.1,62.79,-0.06,0.000000,0.000000,0,1,7.75,0.00
1016883,-0.18,0.07,-0.07,0.00,0.18,-0.18,-1.3,-0.6,202.1,62.79,-0.05,0.000000,0.000000,0,1,7.75,0.00
1017189,-0.17,0.09,-0.07,0.00,-0.06,-0.31,-1.3,-0.6,202.3,62.79,-0.05,0.000000,0.000000,0,1,7.75,0.00
1017495,-0.13,0.10,-0.07,0.00,-0.06,0.00,-1.3,-0.6,202.5,62.80,-0.06,0.000000,0.000000,0,1,7.75,0.00
1017801,-0.13,0.09,-0.05,0.06,0.00,-0.25,-1.3,-0.6,202.0,62.80,-0.05,0.000000,0.000000,0,1,7.74,0.00
1018107,-0.17,0.05,-0.07,0.12,0.18,0.12,-1.3,-0.6,202.3,62.80,-0.06,0.000000,0.000000,0,1,7.74,0.00
1018719,-0.18,0.05,-0.05,0.06,0.06,0.12,-1.3,-0.6,202.5,62.80,-0.05,0.000000,0.000000,0,1,7.74,0.00
1019025,-0.15,0.07,-0.05,-0.12,0.00,0.00,-1.3,-0.6,202.5,62.81,-0.05,0.000000,0.000000,0,1,7.74,0.00
1019331,-0.15,0.09,-0.09,-0.18,-0.12,0.00,-1.3,-0.6,202.6,62.81,-0.05,0.000000,0.000000,0,1,7.74,0.00
1019637,-0.15,0.07,-0.07,-0.18,-0.06,-0.18,-1.3,-0.6,202.3,62.81,-0.05,0.000000,0.000000,0,1,7.74,0.00
1019943,-0.17,0.10,-0.07,0.00,0.06,-0.18,-1.3,-0.6,202.5,62.81,-0.04,0.000000,0.000000,0,1,7.74,0.00
1020555,-0.17,0.07,-0.07,-0.06,-0.06,-0.18,-1.3,-0.6,202.7,62.82,-0.05,0.000000,0.000000,0,1,7.74,0.00
1020861,-0.15,0.07,-0.07,-0.06,0.06,0.18,-1.3,-0.6,202.6,62.82,-0.05,0.000000,0.000000,0,1,7.74,0.00
1021167,-0.17,0.09,-0.05,0.12,0.00,0.06,-1.3,-0.6,202.6,62.82,-0.05,0.000000,0.000000,0,1,7.74,0.00
1021473,-0.15,0.07,-0.05,-0.06,0.00,0.37,-1.3,-0.6,202.3,62.83,-0.05,0.000000,0.000000,0,1,7.74,0.00
1021779,-0.15,0.07,-0.11,0.00,-0.12,0.06,-1.3,-0.6,202.3,62.83,-0.04,0.000000,0.000000,0,1,7.74,0.00
1022085,-0.15,0.07,-0.07,-0.06,-0.06,0.06,-1.3,-0.6,202.3,62.83,-0.05,0.000000,0.000000,0,1,7.74,0.00
1022697,-0.15,0.07,-0.05,0.00,0.06,-0.12,-1.3,-0.6,202.3,62.83,-0.06,0.000000,0.000000,0,1,7.74,0.00
1023003,-0.15,0.07,-0.05,0.12,0.06,0.06,-1.3,-0.6,202.3,62.84,-0.06,0.000000,0.000000,0,1,7.74,0.00
1023615,-0.18,0.03,-0.07,0.00,0.06,-0.12,-1.3,-0.6,202.3,62.84,-0.05,0.000000,0.000000,0,1,7.74,0.00
1023921,-0.15,0.09,-0.05,0.00,-0.06,0.06,-1.3,-0.6,202.4,62.84,-0.06,0.000000,0.000000,0,1,7.74,0.00
1024227,-0.15,0.07,-0.07,0.00,-0.06,0.06,-1.3,-0.6,202.5,62.85,-0.05,0.000000,0.000000,0,1,7.74,0.00
1024839,-0.13,0.09,-0.09,-0.06,-0.06,-0.18,-1.3,-0.6,202.3,62.85,-0.05,0.000000,0.000000,0,1,7.74,0.00
1025145,-0.15,0.10,-0.10,0.12,0.06,0.06,-1.3,-0.6,202.6,62.85,-0.04,0.000000,0.000000,0,1,7.74,0.00
1025451,-0.15,0.07,-0.05,-0.06,-0.12,0.06,-1.3,-0.6,202.7,62.85,-0.05,0.000000,0.000000,0,1,7.74,0.00
1025757,-0.15,0.07,-0.05,0.00,0.06,0.06,-1.3,-0.6,202.7,62.86,-0.06,0.000000,0.000000,0,1,7.73,0.00
1026063,-0.17,0.09,-0.07,-0.06,0.00,-0.18,-1.3,-0.6,202.8,62.86,-0.05,0.000000,0.000000,0,1,7.73,0.00
1026369,-0.15,0.09,-0.05,0.00,0.00,-0.06,-1.3,-0.6,202.8,62.86,-0.05,0.000000,0.000000,0,1,7.73,0.00
1026675,-0.15,0.09,-0.07,0.00,-0.25,0.31,-1.3,-0.6,202.4,62.87,-0.06,0.000000,0.000000,0,1,7.74,0.00
1026981,-0.17,0.09,-0.07,0.00,0.00,-0.18,-1.3,-0.6,202.5,62.87,-0.06,0.000000,0.000000,0,1,7.74,0.00
1027593,-0.17,0.07,-0.07,0.00,-0.06,0.00,-1.3,-0.6,202.7,62.87,-0.06,0.000000,0.000000,0,1,7.74,0.00
1027899,-0.15,0.09,-0.07,-0.06,0.06,0.06,-1.3,-0.6,202.6,62.88,-0.05,0.000000,0.000000,0,1,7.74,0.00
1028205,-0.15,0.10,-0.05,0.06,-0.12,0.18,-1.3,-0.6,202.4,62.88,-0.05,0.000000,0.000000,0,1,7.74,0.00
1028511,-0.15,0.05,-0.05,-0.06,0.06,-0.18,-1.3,-0.6,202.5,62.88,-0.05,0.000000,0.000000,0,1,7.74,0.00
1029123,-0.15,0.05,-0.03,0.00,-0.12,0.18,-1.3,-0.6,202.8,62.88,-0.04,0.000000,0.000000,0,1,7.74,0.00
1029429,-0.15,0.09,-0.09,-0.06,0.00,0.06,-1.3,-0.6,202.8,62.88,-0.05,0.000000,0.000000,0,1,7.74,0.00
1029735,-0.17,0.07,-0.07,-0.06,0.06,0.06,-1.3,-0.6,202.8,62.89,-0.04,0.000000,0.000000,0,1,7.74,0.00
1030041,-0.15,0.07,-0.07,0.00,0.12,0.00,-1.3,-0.6,202.3,62.89,-0.05,0.000000,0.000000,0,1,7.74,0.00
1030347,-0.17,0.09,-0.07,0.12,-0.06,-0.12,-1.3,-0.6,202.4,62.89,-0.05,0.000000,0.000000,0,1,7.74,0.00
1030959,-0.15,0.09,-0.07,0.00,-0.12,-0.06,-1.3,-0.6,202.5,62.90,-0.05,0.000000,0.000000,0,1,7.74,0.00
1031265,-0.17,0.07,-0.03,-0.18,-0.12,0.12,-1.3,-0.6,202.7,62.90,-0.05,0.000000,0.000000,0,1,7.74,0.00
1031571,-0.18,0.05,-0.05,0.06,-0.12,-0.12,-1.3,-0.6,202.7,62.90,-0.05,0.000000,0.000000,0,1,7.74,0.00
1031877,-0.15,0.07,-0.02,0.00,-0.12,0.06,-1.3,-0.6,202.8,62.91,-0.04,0.000000,0.000000,0,1,7.75,0.00
1032183,-0.15,0.10,-0.05,0.00,0.06,0.12,-1.3,-0.6,202.8,62.91,-0.05,0.000000,0.000000,0,1,7.75,0.00
1032795,-0.15,0.07,-0.07,0.06,-0.25,-0.12,-1.3,-0.6,202.8,62.91,-0.04,0.000000,0.000000,0,1,7.74,0.00
1033101,-0.13,0.09,-0.10,0.00,0.31,-0.06,-1.3,-0.6,202.8,62.91,-0.05,0.000000,0.000000,0,1,7.74,0.00
1033407,-0.15,0.09,-0.05,0.00,-0.06,0.31,-1.3,-0.6,202.8,62.92,-0.04,0.000000,0.000000,0,1,7.74,0.00
1034019,-0.15,0.07,-0.05,0.00,0.00,0.00,-1.3,-0.6,202.8,62.92,-0.04,0.000000,0.000000,0,1,7.74,0.00
1034325,-0.13,0.07,-0.05,0.06,-0.12,0.25,-1.3,-0.6,202.8,62.93,-0.04,0.000000,0.000000,0,1,7.74,0.00
1034631,-0.15,0.09,-0.05,0.00,0.06,0.00,-1.3,-0.6,202.8,62.93,-0.05,0.000000,0.000000,0,1,7.74,0.00
1034937,-0.15,0.07,-0.07,0.00,0.00,-0.06,-1.3,-0.6,202.8,62.93,-0.05,0.000000,0.000000,0,1,7.74,0.00
1035243,-0.15,0.09,-0.07,-0.12,0.06,-0.06,-1.3,-0.6,202.8,62.93,-0.04,0.000000,0.000000,0,1,7.74,0.00
1035549,-0.15,0.10,-0.05,0.06,0.06,0.12,-1.3,-0.6,202.3,62.93,-0.05,0.000000,0.000000,0,1,7.74,0.00
1035855,-0.17,0.07,-0.07,-0.06,0.12,0.00,-1.3,-0.6,202.3,62.94,-0.06,0.000000,0.000000,0,1,7.74,0.00
1036467,-0.17,0.03,-0.05,-0.06,0.06,0.12,-1.3,-0.6,202.4,62.94,-0.05,0.000000,0.000000,0,1,7.74,0.00
1036773,-0.15,0.07,-0.07,0.00,0.06,0.12,-1.3,-0.6,202.5,62.94,-0.05,0.000000,0.000000,0,1,7.74,0.00
1037079,-0.15,0.10,-0.07,-0.12,0.12,-0.12,-1.3,-0.6,202.6,62.94,-0.05,0.000000,0.000000,0,1,7.74,0.00
1037385,-0.15,0.07,-0.05,-0.12,0.12,0.12,-1.3,-0.6,202.3,62.95,-0.04,0.000000,0.000000,0,1,7.74,0.00
1037691,-0.15,0.07,-0.09,0.06,0.06,-0.12,-1.3,-0.6,202.3,62.95,-0.04,0.000000,0.000000,0,1,7.74,0.00
1038303,-0.17,0.07,-0.07,-0.12,-0.12,-0.12,-1.3,-0.6,202.3,62.95,-0.03,0.000000,0.000000,0,1,7.74,0.00
1038609,-0.15,0.10,-0.07,0.06,0.00,0.12,-1.3,-0.6,202.3,62.96,-0.02,0.000000,0.000000,0,1,7.74,0.00
1038915,-0.15,0.10,-0.05,-0.06,-0.06,0.00,-1.3,-0.6,202.3,62.96,-0.03,0.000000,0.000000,0,1,7.73,0.00
1039221,-0.18,0.07,-0.05,-0.06,0.00,0.18,-1.3,-0.6,202.1,62.96,-0.03,0.000000,0.000000,0,1,7.73,0.00
1039527,-0.17,0.09,-0.07,0.06,-0.12,-0.12,-1.3,-0.6,202.3,62.97,-0.03,0.000000,0.000000,0,1,7.73,0.00
1040139,-0.18,0.09,-0.05,-0.06,0.18,-0.06,-1.3,-0.6,202.5,62.97,-0.02,0.000000,0.000000,0,1,7.74,0.00
1040445,-0.15,0.09,-0.07,0.18,0.00,-0.12,-1.3,-0.6,202.0,62.97,-0.03,0.000000,0.000000,0,1,7.74,0.00
1040751,-0.18,0.10,-0.05,0.12,0.00,0.06,-1.3,-0.6,202.4,62.97,-0.03,0.000000,0.000000,0,1,7.74,0.00
1041057,-0.15,0.05,-0.05,0.00,0.18,0.18,-1.3,-0.6,202.5,62.98,-0.02,0.000000,0.000000,0,1,7.74,0.00
1041669,-0.15,0.10,-0.07,0.00,-0.06,-0.06,-1.3,-0.6,202.7,62.98,-0.02,0.000000,0.000000,0,1,7.74,0.00
1041975,-0.15,0.07,-0.05,0.18,0.12,-0.06,-1.3,-0.6,202.8,62.98,-0.03,0.000000,0.000000,0,1,7.74,0.00
1042281,-0.17,0.07,-0.05,0.00,0.06,0.12,-1.3,-0.6,202.3,62.99,-0.02,0.000000,0.000000,0,1,7.74,0.00
1042587,-0.15,0.07,-0.07,-0.06,-0.18,-0.18,-1.3,-0.6,202.5,62.99,-0.03,0.000000,0.000000,0,1,7.74,0.00
1042893,-0.15,0.07,-0.05,0.00,0.06,0.00,-1.3,-0.6,202.6,62.99,-0.02,0.000000,0.000000,0,1,7.74,0.00
1043199,-0.17,0.07,-0.02,-0.12,0.18,0.18,-1.3,-0.6,202.7,62.99,-0.02,0.000000,0.000000,0,1,7.74,0.00
1043505,-0.17,0.07,-0.05,0.06,0.00,-0.12,-1.3,-0.6,202.7,62.99,-0.02,0.000000,0.000000,0,1,7.74,0.00
1044117,-0.18,0.05,-0.05,0.12,-0.06,0.12,-1.3,-0.6,202.6,63.00,-0.02,0.000000,0.000000,0,1,7.74,0.00
1044423,-0.15,0.07,-0.05,0.00,0.00,-0.06,-1.3,-0.6,202.1,63.00,-0.02,0.000000,0.000000,0,1,7.74,0.00
1044729,-0.15,0.05,-0.05,-0.18,0.00,-0.18,-1.3,-0.6,202.2,63.00,-0.01,0.000000,0.000000,0,1,7.74,0.00
1045035,-0.15,0.09,-0.05,0.06,0.06,-0.12,-1.3,-0.6,202.5,63.01,-0.01,0.000000,0.000000,0,1,7.74,0.00
1045647,-0.15,0.07,-0.07,0.06,0.00,0.12,-1.3,-0.6,202.8,63.01,-0.02,0.000000,0.000000,0,1,7.74,0.00
1045953,-0.15,0.07,-0.05,0.06,0.00,-0.06,-1.3,-0.6,202.4,63.01,-0.02,0.000000,0.000000,0,1,7.73,0.00
1046259,-0.17,0.05,-0.03,-0.06,0.12,0.00,-1.3,-0.6,202.4,63.02,-0.01,0.000000,0.000000,0,1,7.73,0.00
1046565,-0.18,0.09,-0.05,-0.06,0.12,0.18,-1.3,-0.6,202.5,63.02,-0.02,0.000000,0.000000,0,1,7.73,0.00
1046871,-0.17,0.09,-0.03,0.06,0.00,0.12,-1.3,-0.6,202.6,63.02,-0.02,0.000000,0.000000,0,1,7.74,0.00
1047177,-0.15,0.07,-0.05,-0.12,0.12,0.06,-1.3,-0.6,202.6,63.02,-0.02,0.000000,0.000000,0,1,7.74,0.00
1047789,-0.15,0.09,-0.03,-0.06,0.00,0.25,-1.3,-0.6,202.3,63.03,-0.02,0.000000,0.000000,0,1,7.74,0.00
1048095,-0.15,0.09,-0.01,-0.06,0.00,0.06,-1.3,-0.6,202.4,63.03,-0.03,0.000000,0.000000,0,1,7.74,0.00
1048401,-0.17,0.11,-0.09,-0.06,0.18,0.00,-1.3,-0.6,202.5,63.03,-0.03,0.000000,0.000000,0,1,7.74,0.00
1048707,-0.18,0.09,-0.07,0.12,0.06,0.00,-1.3,-0.6,202.6,63.04,-0.03,0.000000,0.000000,0,1,7.74,0.00
1049319,-0.18,0.07,-0.05,0.06,0.06,0.06,-1.3,-0.6,202.0,63.04,-0.03,0.000000,0.000000,0,1,7.74,0.00
1049625,-0.15,0.05,-0.05,0.06,0.00,-0.18,-1.3,-0.6,202.1,63.04,-0.03,0.000000,0.000000,0,1,7.74,0.00
1049931,-0.15,0.07,-0.05,0.18,0.06,0.25,-1.3,-0.6,202.3,63.04,-0.03,0.000000,0.000000,0,1,7.74,0.00
1050237,-0.15,0.10,-0.05,-0.12,0.06,-0.06,-1.3,-0.6,202.4,63.05,-0.03,0.000000,0.000000,0,1,7.74,0.00
1050543,-0.15,0.07,-0.03,-0.18,-0.12,-0.12,-1.3,-0.6,202.5,63.05,-0.02,0.000000,0.000000,0,1,7.74,0.00
1050849,-0.15,0.07,-0.07,-0.12,0.00,0.18,-1.3,-0.6,202.5,63.05,-0.01,0.000000,0.000000,0,1,7.74,0.00
1051155,-0.17,0.05,-0.07,0.12,-0.06,-0.12,-1.3,-0.6,202.3,63.06,-0.02,0.000000,0.000000,0,1,7.74,0.00
1051767,-0.18,0.07,-0.09,-0.06,-0.06,0.12,-1.3,-0.6,202.3,63.06,-0.01,0.000000,0.000000,0,1,7.74,0.00
1052073,-0.15,0.07,-0.07,0.00,0.06,0.12,-1.3,-0.6,202.3,63.06,-0.01,0.000000,0.000000,0,1,7.74,0.00
1052379,-0.17,0.05,-0.05,0.00,0.12,0.06,-1.3,-0.6,202.3,63.07,-0.01,0.000000,0.000000,0,1,7.74,0.00
1052685,-0.15,0.05,-0.02,0.06,-0.18,-0.25,-1.3,-0.6,202.3,63.07,-0.01,0.000000,0.000000,0,1,7.74,0.00
1053297,-0.17,0.07,-0.07,0.06,-0.18,0.12,-1.3,-0.6,202.3,63.07,-0.02,0.000000,0.000000,0,1,7.74,0.00
1053603,-0.15,0.10,-0.09,-0.12,0.00,-0.06,-1.3,-0.6,202.5,63.07,-0.01,0.000000,0.000000,0,1,7.74,0.00
1053909,-0.15,0.11,-0.07,-0.06,0.00,-0.12,-1.3,-0.6,202.6,63.08,-0.01,0.000000,0.000000,0,1,7.74,0.00
1054215,-0.18,0.07,-0.05,0.06,0.06,-0.25,-1.3,-0.6,202.7,63.08,-0.01,0.000000,0.000000,0,1,7.74,0.00
1054827,-0.15,0.07,-0.05,-0.06,0.06,-0.12,-1.3,-0.6,202.4,63.08,-0.01,0.000000,0.000000,0,1,7.74,0.00
1055133,-0.17,0.07,-0.07,-0.18,0.00,0.06,-1.3,-0.6,202.4,63.09,-0.01,0.000000,0.000000,0,1,7.74,0.00
1055439,-0.17,0.07,-0.05,0.00,0.00,0.00,-1.3,-0.6,202.4,63.09,-0.01,0.000000,0.000000,0,1,7.74,0.00
1055745,-0.17,0.05,-0.07,0.00,-0.18,-0.12,-1.3,-0.6,202.4,63.09,-0.01,0.000000,0.000000,0,1,7.74,0.00
1056051,-0.17,0.09,-0.07,0.06,-0.12,0.12,-1.3,-0.6,202.0,63.09,-0.01,0.000000,0.000000,0,1,7.74,0.00
1056357,-0.17,0.07,-0.07,-0.12,-0.12,0.06,-1.3,-0.6,202.0,63.09,-0.00,0.000000,0.000000,0,1,7.74,0.00
1056663,-0.19,0.07,-0.07,0.00,0.00,0.06,-1.3,-0.6,202.2,63.10,-0.01,0.000000,0.000000,0,1,7.74,0.00
1057275,-0.13,0.07,-0.03,0.06,0.18,-0.18,-1.3,-0.6,202.4,63.10,-0.01,0.000000,0.000000,0,1,7.74,0.00
1057581,-0.18,0.07,-0.05,-0.06,0.06,0.12,-1.3,-0.6,202.5,63.10,-0.01,0.000000,0.000000,0,1,7.74,0.00
1057887,-0.17,0.07,-0.07,0.00,0.00,0.12,-1.3,-0.6,201.9,63.11,-0.01,0.000000,0.000000,0,1,7.74,0.00
1058193,-0.17,0.09,-0.07,0.00,0.25,-0.06,-1.3,-0.6,202.0,63.11,-0.00,0.000000,0.000000,0,1,7.74,0.00
1058805,-0.13,0.09,-0.05,0.00,0.00,-0.06,-1.3,-0.6,202.2,63.11,-0.00,0.000000,0.000000,0,1,7.74,0.00
1059111,-0.18,0.07,-0.05,0.00,-0.12,0.25,-1.3,-0.6,202.4,63.12,-0.00,0.000000,0.000000,0,1,7.73,0.00
1059417,-0.18,0.10,-0.05,0.00,-0.12,0.18,-1.3,-0.6,202.6,63.12,-0.00,0.000000,0.000000,0,1,7.73,0.00
1059723,-0.17,0.07,-0.05,0.00,0.18,-0.06,-1.3,-0.6,202.3,63.12,0.00,0.000000,0.000000,0,1,7.73,0.00
1060333,-0.18,0.07,-0.05,0.00,0.00,-0.12,-1.3,-0.6,202.5,63.12,0.00,0.000000,0.000000,0,1,7.74,0.00
1060639,-0.15,0.09,-0.03,0.06,-0.12,-0.06,-1.3,-0.6,202.6,63.13,-0.00,0.000000,0.000000,0,1,7.74,0.00
1061251,-0.15,0.10,-0.05,0.00,0.00,-0.06,-1.3,-0.6,202.7,63.13,0.00,0.000000,0.000000,0,1,7.73,0.00
1061863,-0.18,0.09,-0.05,0.00,0.00,-0.06,-1.3,-0.6,202.3,63.14,-0.00,0.000000,0.000000,0,1,7.73,0.00
1062169,-0.17,0.07,-0.05,0.00,-0.18,0.00,-1.3,-0.6,202.3,63.14,-0.00,0.000000,0.000000,0,1,7.74,0.00
1062475,-0.15,0.07,-0.07,0.06,0.18,-0.18,-1.3,-0.6,202.4,63.14,0.00,0.000000,0.000000,0,1,7.74,0.00
1062781,-0.15,0.07,-0.05,0.00,0.06,0.12,-1.3,-0.6,202.6,63.14,0.00,0.000000,0.000000,0,1,7.74,0.00
1063393,-0.15,0.07,-0.07,0.06,-0.06,0.00,-1.3,-0.6,202.6,63.15,-0.00,0.000000,0.000000,0,1,7.73,0.00
1063699,-0.17,0.07,-0.05,0.00,0.06,0.00,-1.3,-0.6,202.1,63.15,-0.01,0.000000,0.000000,0,1,7.73,0.00
1064005,-0.13,0.09,-0.05,0.00,0.06,0.00,-1.3,-0.6,202.4,63.15,-0.00,0.000000,0.000000,0,1,7.73,0.00
1064311,-0.13,0.10,-0.09,0.06,0.18,0.18,-1.3,-0.6,202.5,63.15,0.00,0.000000,0.000000,0,1,7.73,0.00
1064923,-0.17,0.07,-0.05,0.00,0.06,0.37,-1.3,-0.6,202.6,63.16,0.00,0.000000,0.000000,0,1,7.73,0.00
1065229,-0.15,0.09,-0.07,-0.06,0.06,0.00,-1.3,-0.6,202.8,63.16,0.00,0.000000,0.000000,0,1,7.73,0.00
1065535,-0.18,0.05,-0.05,0.00,0.00,0.00,-1.3,-0.6,202.8,63.16,0.01,0.000000,0.000000,0,1,7.73,0.00
1065841,-0.13,0.07,-0.05,0.06,0.12,0.06,-1.3,-0.6,202.3,63.17,0.00,0.000000,0.000000,0,1,7.73,0.00
1066147,-0.15,0.11,-0.05,-0.06,0.25,-0.18,-1.3,-0.6,202.2,63.17,0.01,0.000000,0.000000,0,1,7.73,0.00
1066759,-0.17,0.09,-0.07,0.06,0.06,0.00,-1.3,-0.6,202.4,63.17,0.01,0.000000,0.000000,0,1,7.73,0.00
1067065,-0.18,0.07,-0.05,0.12,0.00,-0.06,-1.3,-0.6,202.6,63.17,0.01,0.000000,0.000000,0,1,7.74,0.00
1067371,-0.13,0.10,-0.09,0.00,0.00,0.12,-1.3,-0.6,202.6,63.18,0.01,0.000000,0.000000,0,1,7.74,0.00
1067677,-0.17,0.07,-0.07,-0.06,0.12,0.06,-1.3,-0.6,202.7,63.18,0.00,0.000000,0.000000,0,1,7.74,0.00
1067983,-0.13,0.07,-0.07,0.06,-0.12,-0.12,-1.3,-0.6,202.7,63.18,0.00,0.000000,0.000000,0,1,7.74,0.00
1068289,-0.15,0.07,-0.05,-0.06,-0.18,-0.12,-1.3,-0.6,202.7,63.18,0.00,0.000000,0.000000,0,1,7.77,0.00
1068595,-0.15,0.07,-0.05,-0.06,0.18,-0.25,-1.3,-0.6,202.1,63.18,0.00,0.000000,0.000000,0,1,7.77,0.00
1069207,-0.18,0.07,-0.07,0.00,0.00,0.18,-1.3,-0.6,202.0,63.19,0.00,0.000000,0.000000,0,1,7.73,0.00
1069513,-0.15,0.09,-0.07,-0.06,-0.25,0.00,-1.3,-0.6,202.1,63.19,-0.00,0.000000,0.000000,0,1,7.73,0.00
1069819,-0.13,0.09,-0.07,0.12,0.06,0.00,-1.3,-0.6,202.3,63.19,0.00,0.000000,0.000000,0,1,7.73,0.00
1070125,-0.17,0.09,-0.07,0.06,-0.12,-0.18,-1.3,-0.6,202.5,63.20,0.00,0.000000,0.000000,0,1,7.74,0.00
1070431,-0.15,0.10,-0.07,0.12,-0.12,0.12,-1.3,-0.6,202.6,63.20,-0.00,0.000000,0.000000,0,1,7.74,0.00
1070737,-0.13,0.11,-0.03,-0.12,0.00,-0.31,-1.3,-0.6,202.6,63.20,0.00,0.000000,0.000000,0,1,7.74,0.00
1071043,-0.15,0.05,-0.05,-0.06,-0.06,0.25,-1.3,-0.6,202.6,63.20,0.00,0.000000,0.000000,0,1,7.74,0.00
1071654,-0.19,0.05,-0.05,-0.06,0.06,0.00,-1.3,-0.6,202.6,63.21,0.00,0.000000,0.000000,0,1,7.74,0.00
1071960,-0.15,0.07,-0.05,0.12,-0.06,0.18,-1.3,-0.6,202.6,63.21,-0.00,0.000000,0.000000,0,1,7.74,0.00
1072266,-0.15,0.07,-0.05,-0.06,-0.25,-0.12,-1.3,-0.6,202.6,63.21,-0.00,0.000000,0.000000,0,1,7.73,0.00
1072571,-0.13,0.07,-0.07,0.06,0.00,-0.25,-1.3,-0.6,202.6,63.21,0.00,0.000000,0.000000,0,1,7.73,0.00
1073179,-0.17,0.09,-0.09,-0.06,0.00,-0.18,-1.3,-0.6,202.3,63.22,-0.00,0.000000,0.000000,0,1,7.73,0.00
1073485,-0.22,0.02,-0.09,0.06,0.43,0.00,-1.3,-0.6,202.4,63.22,0.00,0.000000,0.000000,0,1,7.73,0.00
1073791,-0.02,0.11,-0.05,1.12,0.75,-0.25,-1.1,-0.7,202.5,63.22,0.00,0.000000,0.000000,0,1,7.73,0.00
1074402,-0.13,0.07,-0.11,0.06,-0.12,0.18,-1.6,-0.8,202.6,63.23,0.00,0.000000,0.000000,0,1,7.73,0.00
1074706,-0.05,0.05,-0.05,0.06,-0.06,0.18,-1.7,-0.8,202.7,63.23,0.00,0.000000,0.000000,0,1,7.73,0.00
1075011,-0.09,0.05,-0.05,0.18,0.06,0.00,-1.8,-0.9,202.3,63.23,0.00,0.000000,0.000000,0,1,7.73,0.00
1075317,-0.07,0.02,-0.07,0.00,-0.18,0.37,-1.8,-0.9,202.3,63.24,0.01,0.000000,0.000000,0,1,7.73,0.00
1075623,-0.07,0.03,-0.07,0.12,0.18,-0.06,-1.8,-0.9,202.3,63.24,0.00,0.000000,0.000000,0,1,7.73,0.00
1075929,-0.07,0.03,-0.05,0.06,0.06,-0.12,-1.8,-0.9,202.3,63.24,0.01,0.000000,0.000000,0,1,7.73,0.00
1076235,-0.07,0.05,-0.05,-0.06,-0.06,0.06,-1.8,-0.9,202.4,63.25,0.01,0.000000,0.000000,0,1,7.73,0.00
1076541,-0.07,0.02,-0.05,-0.06,-0.18,-0.06,-1.8,-0.9,202.6,63.25,0.00,0.000000,0.000000,0,1,7.73,0.00
1076847,-0.07,0.03,-0.07,0.00,0.00,-0.12,-1.8,-0.9,202.1,63.25,0.01,0.000000,0.000000,0,1,7.73,0.00
1077459,-0.09,0.07,-0.07,0.06,-0.06,-0.06,-1.8,-0.9,202.3,63.25,0.01,0.000000,0.000000,0,1,7.73,0.00
1077765,-0.07,0.02,-0.07,0.00,0.06,0.00,-1.8,-0.9,202.1,63.25,0.01,0.000000,0.000000,0,1,7.73,0.00
1078071,-0.07,0.05,-0.07,-0.06,0.25,0.31,-1.8,-0.9,202.2,63.26,0.01,0.000000,0.000000,0,1,7.73,0.00
1078377,-0.09,0.01,-0.07,-0.06,-0.18,0.18,-1.8,-0.9,202.3,63.26,0.02,0.000000,0.000000,0,1,7.73,0.00
1078683,-0.10,0.05,-0.09,-0.12,0.00,0.12,-1.8,-0.9,202.3,63.26,0.01,0.000000,0.000000,0,1,7.73,0.00
1078989,-0.07,0.07,-0.05,0.00,0.25,-0.25,-1.8,-0.9,202.0,63.27,0.02,0.000000,0.000000,0,1,7.73,0.00
1079295,-0.07,0.03,-0.07,0.12,-0.06,-0.12,-1.8,-0.9,202.1,63.27,0.02,0.000000,0.000000,0,1,7.73,0.00
1079601,-0.07,0.07,-0.05,-0.12,0.06,0.37,-1.8,-0.9,202.1,63.27,0.02,0.000000,0.000000,0,1,7.73,0.00
1080213,-0.07,0.05,-0.02,0.06,-0.12,0.00,-1.8,-0.9,202.1,63.27,0.02,0.000000,0.000000,0,1,7.73,0.00
1080519,-0.07,0.03,-0.07,0.06,-0.06,0.31,-1.8,-0.9,202.1,63.28,0.02,0.000000,0.000000,0,1,7.73,0.00
1081131,-0.11,0.02,-0.05,-0.06,0.00,0.06,-1.8,-0.9,201.6,63.28,0.02,0.000000,0.000000,0,1,7.73,0.00
1081437,-0.10,0.05,-0.07,0.06,-0.06,-0.06,-1.8,-0.9,201.7,63.28,0.02,0.000000,0.000000,0,1,7.73,0.00
1081743,-0.07,0.03,-0.05,0.06,-0.12,-0.25,-1.8,-0.9,201.9,63.29,0.03,0.000000,0.000000,0,1,7.73,0.00
1082049,-0.07,0.02,-0.05,0.00,0.12,0.18,-1.8,-0.9,202.1,63.29,0.02,0.000000,0.000000,0,1,7.73,0.00
1082355,-0.10,0.03,-0.07,-0.06,-0.06,-0.12,-1.8,-0.9,202.1,63.29,0.02,0.000000,0.000000,0,1,7.73,0.00
1082661,-0.10,0.05,-0.07,-0.12,-0.06,-0.18,-1.8,-0.9,202.3,63.29,0.02,0.000000,0.000000,0,1,7.73,0.00
1083273,-0.10,0.05,-0.07,0.00,0.12,0.12,-1.8,-0.9,202.0,63.29,0.02,0.000000,0.000000,0,1,7.72,0.00
1083579,-0.07,0.05,-0.07,0.00,-0.12,0.06,-1.8,-0.9,202.1,63.30,0.01,0.000000,0.000000,0,1,7.72,0.00
1083885,-0.09,0.05,-0.03,-0.12,0.00,0.00,-1.8,-0.9,202.1,63.30,0.02,0.000000,0.000000,0,1,7.72,0.00
1084191,-0.09,0.03,-0.05,-0.06,0.00,0.00,-1.8,-0.9,202.2,63.30,0.02,0.000000,0.000000,0,1,7.72,0.00
1084497,-0.07,0.01,-0.05,-0.06,-0.06,0.18,-1.8,-0.9,202.2,63.30,0.02,0.000000,0.000000,0,1,7.73,0.00
1084803,-0.07,0.05,-0.02,-0.12,0.06,0.06,-1.8,-0.9,201.8,63.31,0.01,0.000000,0.000000,0,1,7.73,0.00
1085109,-0.09,0.03,-0.05,-0.12,0.06,-0.06,-1.8,-0.9,202.0,63.31,0.01,0.000000,0.000000,0,1,7.73,0.00
1085415,-0.09,0.05,-0.05,0.00,0.18,0.00,-1.8,-0.9,201.5,63.31,0.02,0.000000,0.000000,0,1,7.73,0.00
1086027,-0.07,0.05,-0.03,0.00,-0.06,-0.12,-1.8,-0.9,201.8,63.32,0.02,0.000000,0.000000,0,1,7.73,0.00
1086333,-0.09,0.05,-0.07,-0.06,0.18,-0.06,-1.8,-0.9,201.8,63.32,0.02,0.000000,0.000000,0,1,7.73,0.00
1086639,-0.09,0.07,-0.09,0.12,-0.12,-0.12,-1.8,-0.9,202.0,63.32,0.02,0.000000,0.000000,0,1,7.73,0.00
1086945,-0.07,0.03,-0.05,0.00,0.06,0.12,-1.8,-0.9,202.0,63.32,0.02,0.000000,0.000000,0,1,7.73,0.00
1087251,-0.07,0.03,-0.07,0.00,-0.12,0.25,-1.8,-0.9,202.0,63.33,0.03,0.000000,0.000000,0,1,7.73,0.00
1087557,-0.09,0.03,-0.05,0.00,-0.06,-0.12,-1.8,-0.9,201.5,63.33,0.02,0.000000,0.000000,0,1,7.73,0.00
1087863,-0.09,0.02,-0.03,0.06,-0.06,0.06,-1.8,-0.9,201.5,63.33,0.02,0.000000,0.000000,0,1,7.73,0.00
1088169,-0.09,0.03,-0.05,0.00,0.18,-0.06,-1.8,-0.9,201.6,63.33,0.02,0.000000,0.000000,0,1,7.73,0.00
1088781,-0.09,0.03,-0.09,-0.06,0.00,0.12,-1.8,-0.9,202.0,63.34,0.03,0.000000,0.000000,0,1,7.73,0.00
1089087,-0.10,0.05,-0.05,0.00,0.12,0.06,-1.8,-0.9,202.1,63.34,0.02,0.000000,0.000000,0,1,7.73,0.00
1089393,-0.05,0.05,-0.07,0.00,-0.06,-0.25,-1.8,-0.9,202.1,63.34,0.03,0.000000,0.000000,0,1,7.73,0.00
1089699,-0.09,0.03,-0.02,-0.06,0.06,-0.06,-1.8,-0.9,201.6,63.34,0.02,0.000000,0.000000,0,1,7.73,0.00
1090311,-0.07,0.02,-0.05,-0.06,-0.06,0.06,-1.8,-0.9,201.8,63.35,0.02,0.000000,0.000000,0,1,7.73,0.00
1090617,-0.05,0.05,-0.05,0.00,0.18,0.06,-1.8,-0.9,202.1,63.35,0.02,0.000000,0.000000,0,1,7.73,0.00
1090923,-0.09,0.05,-0.05,-0.06,0.12,-0.25,-1.8,-0.9,202.1,63.35,0.02,0.000000,0.000000,0,1,7.73,0.00
1091229,-0.07,0.05,-0.03,0.00,-0.12,-0.06,-1.8,-0.9,202.2,63.36,0.01,0.000000,0.000000,0,1,7.73,0.00
1091535,-0.07,0.02,-0.03,-0.12,0.18,-0.12,-1.8,-0.9,202.4,63.36,0.02,0.000000,0.000000,0,1,7.73,0.00
1091841,-0.10,0.02,-0.07,-0.12,0.00,-0.06,-1.8,-0.9,202.4,63.36,0.03,0.000000,0.000000,0,1,7.73,0.00
1092147,-0.07,0.05,-0.05,-0.12,0.00,0.25,-1.8,-0.9,202.4,63.36,0.02,0.000000,0.000000,0,1,7.73,0.00
1092453,-0.07,0.05,-0.05,0.00,0.06,0.00,-1.8,-0.9,202.4,63.36,0.03,0.000000,0.000000,0,1,7.73,0.00
1092759,-0.07,0.07,-0.03,0.06,0.00,0.06,-1.8,-0.9,202.4,63.37,0.02,0.000000,0.000000,0,1,7.73,0.00
1093371,-0.10,0.03,-0.05,0.12,-0.06,0.12,-1.8,-0.9,202.4,63.37,0.03,0.000000,0.000000,0,1,7.73,0.00
1093677,-0.09,0.05,-0.07,0.06,0.06,-0.06,-1.8,-0.9,202.4,63.37,0.03,0.000000,0.000000,0,1,7.73,0.00
1093983,-0.05,0.05,-0.09,0.06,0.18,0.06,-1.8,-0.9,201.9,63.37,0.03,0.000000,0.000000,0,1,7.73,0.00
1094289,-0.09,0.07,-0.05,0.06,-0.12,0.12,-1.8,-0.9,202.0,63.38,0.03,0.000000,0.000000,0,1,7.73,0.00
1094595,-0.07,0.03,-0.05,0.00,0.00,-0.06,-1.8,-0.9,202.1,63.38,0.02,0.000000,0.000000,0,1,7.73,0.00
1095207,-0.07,0.01,-0.05,0.00,-0.25,-0.06,-1.8,-0.9,202.2,63.38,0.04,0.000000,0.000000,0,1,7.73,0.00
1095513,-0.07,0.03,-0.07,-0.06,0.00,0.06,-1.8,-0.9,202.2,63.39,0.05,0.000000,0.000000,0,1,7.77,0.00
1095819,-0.07,0.05,-0.03,0.00,0.00,0.00,-1.8,-0.9,202.3,63.39,0.04,0.000000,0.000000,0,1,7.77,0.00
1096125,-0.10,0.03,-0.02,0.00,0.31,0.18,-1.8,-0.9,201.8,63.39,0.04,0.000000,0.000000,0,1,7.77,0.00
1096431,-0.09,0.05,-0.07,0.00,0.18,-0.06,-1.8,-0.9,201.9,63.39,0.04,0.000000,0.000000,0,1,7.74,0.00
1096737,-0.07,0.07,-0.07,0.06,0.00,0.00,-1.8,-0.9,201.8,63.39,0.03,0.000000,0.000000,0,1,7.74,0.00
1097349,-0.09,0.02,-0.05,0.00,0.06,-0.06,-1.8,-0.9,202.0,63.40,0.02,0.000000,0.000000,0,1,7.73,0.00
1097655,-0.05,0.05,-0.05,0.00,-0.06,0.18,-1.8,-0.9,202.1,63.40,0.03,0.000000,0.000000,0,1,7.73,0.00
1097961,-0.09,0.03,-0.03,0.12,-0.18,0.00,-1.8,-0.9,202.3,63.40,0.03,0.000000,0.000000,0,1,7.73,0.00
1098267,-0.07,0.05,-0.07,0.12,-0.12,0.18,-1.8,-0.9,202.3,63.41,0.03,0.000000,0.000000,0,1,7.73,0.00
1098573,-0.10,0.05,-0.05,0.12,0.12,-0.18,-1.8,-0.9,202.3,63.41,0.03,0.000000,0.000000,0,1,7.73,0.00
1098879,-0.09,0.07,-0.05,0.06,-0.12,-0.12,-1.8,-0.9,201.8,63.41,0.04,0.000000,0.000000,0,1,7.73,0.00
1099491,-0.07,0.05,-0.05,0.06,0.12,0.06,-1.8,-0.9,202.0,63.42,0.04,0.000000,0.000000,0,1,7.73,0.00
1099797,-0.09,0.03,-0.03,0.18,-0.06,-0.06,-1.8,-0.9,202.0,63.42,0.04,0.000000,0.000000,0,1,7.73,0.00
1100103,-0.07,0.05,-0.03,0.00,0.06,-0.18,-1.8,-0.9,202.1,63.42,0.05,0.000000,0.000000,0,1,7.73,0.00
1100409,-0.07,0.05,-0.03,-0.06,-0.12,0.00,-1.8,-0.9,202.0,63.42,0.04,0.000000,0.000000,0,1,7.74,0.00
1100715,-0.10,0.03,-0.05,-0.18,-0.06,-0.18,-1.8,-0.9,202.0,63.42,0.04,0.000000,0.000000,0,1,7.74,0.00
1101021,-0.07,0.05,-0.05,-0.06,0.00,0.00,-1.8,-0.9,202.1,63.43,0.03,0.000000,0.000000,0,1,7.74,0.00
1101327,-0.09,0.03,-0.07,0.06,0.00,0.12,-1.8,-0.9,202.1,63.43,0.04,0.000000,0.000000,0,1,7.74,0.00
1101633,-0.09,0.07,-0.09,0.00,0.12,0.12,-1.8,-0.9,202.1,63.43,0.05,0.000000,0.000000,0,1,7.74,0.00
1101939,-0.09,0.05,-0.07,0.00,0.25,0.12,-1.8,-0.9,202.1,63.43,0.04,0.000000,0.000000,0,1,7.74,0.00
1102245,-0.09,0.05,-0.05,0.06,-0.12,0.18,-1.8,-0.9,202.1,63.44,0.05,0.000000,0.000000,0,1,7.74,0.00
1102551,-0.07,0.05,-0.05,-0.06,0.06,0.12,-1.8,-0.9,202.1,63.44,0.04,0.000000,0.000000,0,1,7.73,0.00
1103163,-0.09,0.05,-0.01,0.00,0.18,0.06,-1.8,-0.9,201.7,63.44,0.05,0.000000,0.000000,0,1,7.73,0.00
1103469,-0.09,0.05,-0.05,-0.06,-0.12,0.00,-1.8,-0.9,201.7,63.45,0.05,0.000000,0.000000,0,1,7.73,0.00
1103775,-0.10,0.05,-0.05,0.18,0.00,-0.06,-1.8,-0.9,201.8,63.45,0.06,0.000000,0.000000,0,1,7.73,0.00
1104081,-0.07,0.03,-0.02,-0.06,-0.31,0.06,-1.8,-0.9,202.1,63.45,0.06,0.000000,0.000000,0,1,7.73,0.00
1104387,-0.05,0.03,-0.07,0.12,-0.12,0.18,-1.8,-0.9,202.1,63.45,0.07,0.000000,0.000000,0,1,7.73,0.00
1104999,-0.07,0.05,-0.05,0.18,0.12,-0.06,-1.8,-0.9,202.1,63.45,0.06,0.000000,0.000000,0,1,7.72,0.00
1105305,-0.07,0.05,-0.05,0.06,0.06,0.00,-1.8,-0.9,202.1,63.46,0.06,0.000000,0.000000,0,1,7.72,0.00
1105611,-0.05,0.05,-0.05,-0.12,0.00,0.12,-1.8,-0.9,201.7,63.46,0.06,0.000000,0.000000,0,1,7.73,0.00
1105917,-0.07,0.07,-0.05,0.00,-0.06,0.06,-1.8,-0.9,201.7,63.46,0.06,0.000000,0.000000,0,1,7.73,0.00
1106529,-0.09,0.05,-0.03,-0.12,0.00,-0.06,-1.8,-0.9,202.1,63.46,0.05,0.000000,0.000000,0,1,7.76,0.00
1106835,-0.07,0.05,-0.05,0.00,-0.06,-0.06,-1.8,-0.9,202.1,63.47,0.06,0.000000,0.000000,0,1,7.76,0.00
1107141,-0.07,0.05,-0.07,-0.06,0.06,0.12,-1.8,-0.9,202.2,63.47,0.06,0.000000,0.000000,0,1,7.76,0.00
1107753,-0.07,0.05,-0.05,0.00,0.06,-0.18,-1.8,-0.9,201.8,63.47,0.06,0.000000,0.000000,0,1,7.73,0.00
1108059,-0.07,0.05,-0.03,0.00,0.12,-0.18,-1.8,-0.9,202.0,63.48,0.05,0.000000,0.000000,0,1,7.73,0.00
1108365,-0.09,0.05,-0.05,0.00,0.00,0.12,-1.8,-0.9,202.1,63.48,0.05,0.000000,0.000000,0,1,7.73,0.00
1108671,-0.09,0.07,-0.03,0.00,0.00,-0.12,-1.8,-0.9,202.2,63.48,0.05,0.000000,0.000000,0,1,7.73,0.00
1108977,-0.11,0.05,-0.10,0.12,0.12,0.06,-1.8,-0.9,202.4,63.48,0.04,0.000000,0.000000,0,1,7.73,0.00
1109283,-0.07,0.05,-0.05,0.00,-0.06,0.31,-1.8,-0.9,202.4,63.49,0.04,0.000000,0.000000,0,1,7.73,0.00
1109589,-0.07,0.05,-0.07,0.00,-0.12,-0.06,-1.8,-0.9,202.0,63.49,0.05,0.000000,0.000000,0,1,7.73,0.00
1109895,-0.07,0.05,-0.07,-0.06,0.18,-0.06,-1.8,-0.9,202.0,63.49,0.05,0.000000,0.000000,0,1,7.73,0.00
1110201,-0.09,0.03,-0.05,0.06,0.00,-0.18,-1.8,-0.9,202.0,63.49,0.05,0.000000,0.000000,0,1,7.73,0.00
1110507,-0.07,0.05,-0.05,0.00,0.18,0.06,-1.8,-0.9,202.0,63.49,0.05,0.000000,0.000000,0,1,7.73,0.00
1111119,-0.07,0.07,-0.03,-0.06,0.18,0.00,-1.8,-0.9,202.2,63.50,0.06,0.000000,0.000000,0,1,7.73,0.00
1111425,-0.07,0.03,-0.05,-0.12,0.12,0.25,-1.8,-0.9,202.3,63.50,0.06,0.000000,0.000000,0,1,7.73,0.00
1111731,-0.07,0.07,-0.07,-0.06,-0.12,0.06,-1.8,-0.9,202.5,63.50,0.07,0.000000,0.000000,0,1,7.73,0.00
1112037,-0.07,0.03,-0.05,0.00,0.18,-0.18,-1.8,-0.9,201.9,63.51,0.07,0.000000,0.000000,0,1,7.73,0.00
1112343,-0.10,0.07,-0.07,0.12,0.18,0.18,-1.8,-0.9,202.0,63.51,0.06,0.000000,0.000000,0,1,7.73,0.00
1112649,-0.09,0.07,-0.07,0.00,0.18,-0.06,-1.8,-0.9,202.0,63.51,0.07,0.000000,0.000000,0,1,7.73,0.00
1112955,-0.05,0.05,-0.07,0.18,-0.06,0.00,-1.8,-0.9,202.1,63.51,0.07,0.000000,0.000000,0,1,7.73,0.00
1113567,-0.07,0.05,-0.03,0.12,0.06,0.18,-1.8,-0.9,202.1,63.52,0.06,0.000000,0.000000,0,1,7.72,0.00
1113873,-0.05,0.05,-0.05,0.06,-0.12,0.06,-1.8,-0.9,202.1,63.52,0.06,0.000000,0.000000,0,1,7.72,0.00
1114179,-0.07,0.07,-0.03,0.00,-0.12,-0.12,-1.8,-0.9,202.1,63.52,0.07,0.000000,0.000000,0,1,7.72,0.00
1114485,-0.07,0.05,-0.07,-0.06,0.06,0.00,-1.8,-0.9,202.1,63.52,0.06,0.000000,0.000000,0,1,7.72,0.00
1114791,-0.07,0.05,-0.07,0.00,0.06,-0.06,-1.8,-0.9,202.1,63.53,0.06,0.000000,0.000000,0,1,7.73,0.00
1115097,-0.09,0.03,-0.02,0.12,0.12,-0.06,-1.8,-0.9,202.1,63.53,0.07,0.000000,0.000000,0,1,7.73,0.00
1115403,-0.07,0.03,-0.07,0.06,0.00,0.06,-1.8,-0.9,202.1,63.53,0.06,0.000000,0.000000,0,1,7.73,0.00
1115709,-0.07,0.07,-0.05,0.12,0.31,-0.06,-1.8,-0.9,202.1,63.53,0.07,0.000000,0.000000,0,1,7.73,0.00
1116015,-0.05,0.05,-0.05,-0.12,0.12,0.06,-1.8,-0.9,202.1,63.53,0.07,0.000000,0.000000,0,1,7.73,0.00
1116627,-0.07,0.05,-0.05,0.12,0.12,0.00,-1.8,-0.9,201.9,63.54,0.06,0.000000,0.000000,0,1,7.73,0.00
1116933,-0.07,0.03,-0.05,0.00,0.12,-0.12,-1.8,-0.9,202.1,63.54,0.05,0.000000,0.000000,0,1,7.73,0.00
1117239,-0.07,0.05,-0.07,-0.06,-0.12,-0.06,-1.8,-0.9,202.5,63.54,0.05,0.000000,0.000000,0,1,7.73,0.00
1117545,-0.07,0.05,-0.09,-0.06,0.12,0.12,-1.8,-0.9,202.6,63.55,0.05,0.000000,0.000000,0,1,7.76,0.00
1117851,-0.07,0.02,-0.05,-0.12,-0.06,0.12,-1.8,-0.9,202.6,63.54,0.05,0.000000,0.000000,0,1,7.76,0.00
1118157,-0.07,0.02,-0.05,0.00,-0.06,-0.12,-1.8,-0.9,202.1,63.55,0.06,0.000000,0.000000,0,1,7.76,0.00
1118463,-0.07,0.02,-0.03,0.06,0.18,-0.06,-1.8,-0.9,201.8,63.55,0.06,0.000000,0.000000,0,1,7.76,0.00
1118769,-0.07,0.07,-0.05,0.06,-0.12,0.12,-1.8,-0.9,201.8,63.55,0.05,0.000000,0.000000,0,1,7.73,0.00
1119075,-0.09,0.02,-0.02,-0.06,-0.18,0.12,-1.8,-0.9,202.0,63.55,0.06,0.000000,0.000000,0,1,7.73,0.00
1119687,-0.07,0.03,-0.05,0.06,-0.18,0.00,-1.8,-0.9,202.2,63.56,0.06,0.000000,0.000000,0,1,7.73,0.00
1119993,-0.10,0.07,-0.09,0.06,-0.06,-0.06,-1.8,-0.9,202.4,63.56,0.07,0.000000,0.000000,0,1,7.73,0.00
1120299,-0.07,0.02,-0.07,0.06,0.00,0.12,-1.8,-0.9,202.0,63.56,0.06,0.000000,0.000000,0,1,7.73,0.00
1120605,-0.07,0.03,-0.07,-0.12,-0.12,0.12,-1.8,-0.9,202.1,63.57,0.05,0.000000,0.000000,0,1,7.73,0.00
1120911,-0.07,0.05,-0.07,-0.06,-0.06,-0.18,-1.8,-0.9,202.2,63.57,0.06,0.000000,0.000000,0,1,7.73,0.00
1121217,-0.09,0.07,-0.05,-0.25,0.06,-0.12,-1.8,-0.9,202.3,63.57,0.07,0.000000,0.000000,0,1,7.73,0.00
1121523,-0.07,0.02,-0.05,-0.06,0.06,0.25,-1.8,-0.9,202.2,63.57,0.07,0.000000,0.000000,0,1,7.73,0.00
1122135,-0.07,0.03,-0.05,-0.06,0.06,0.06,-1.8,-0.9,202.1,63.58,0.06,0.000000,0.000000,0,1,7.73,0.00
1122441,-0.07,0.03,-0.05,-0.06,-0.06,-0.25,-1.8,-0.9,202.1,63.58,0.05,0.000000,0.000000,0,1,7.73,0.00
1122747,-0.09,0.05,-0.05,0.06,0.00,-0.06,-1.8,-0.9,202.1,63.58,0.05,0.000000,0.000000,0,1,7.73,0.00
1123053,-0.07,0.05,-0.03,0.00,-0.31,0.00,-1.8,-0.9,202.1,63.58,0.06,0.000000,0.000000,0,1,7.73,0.00
1123359,-0.07,0.05,-0.05,0.06,0.00,-0.18,-1.8,-0.9,202.1,63.59,0.05,0.000000,0.000000,0,1,7.73,0.00
1123665,-0.05,0.03,-0.03,0.00,0.00,0.06,-1.8,-0.9,202.1,63.59,0.06,0.000000,0.000000,0,1,7.73,0.00
1123971,-0.07,0.07,-0.05,0.12,0.00,0.00,-1.8,-0.9,202.1,63.59,0.05,0.000000,0.000000,0,1,7.73,0.00
1124277,-0.07,0.03,-0.07,0.06,0.00,0.06,-1.8,-0.9,202.1,63.59,0.06,0.000000,0.000000,0,1,7.73,0.00
1124583,-0.07,0.03,-0.05,-0.06,0.18,0.18,-1.8,-0.9,202.1,63.60,0.07,0.000000,0.000000,0,1,7.73,0.00
1125195,-0.05,0.07,-0.07,0.06,0.00,0.00,-1.8,-0.9,202.1,63.60,0.07,0.000000,0.000000,0,1,7.73,0.00
1125501,-0.09,0.07,-0.05,0.06,0.12,0.25,-1.8,-0.9,202.1,63.60,0.07,0.000000,0.000000,0,1,7.73,0.00
1125807,-0.09,0.05,-0.07,0.00,0.12,-0.06,-1.8,-0.9,202.1,63.61,0.07,0.000000,0.000000,0,1,7.72,0.00
1126113,-0.09,0.05,-0.07,0.12,0.12,-0.18,-1.8,-0.9,202.1,63.61,0.05,0.000000,0.000000,0,1,7.72,0.00
1126419,-0.05,0.05,-0.05,-0.06,-0.06,-0.12,-1.8,-0.9,202.1,63.61,0.05,0.000000,0.000000,0,1,7.72,0.00
1126725,-0.07,0.03,-0.02,0.06,0.25,0.00,-1.8,-0.9,202.1,63.61,0.04,0.000000,0.000000,0,1,7.73,0.00
1127031,-0.07,0.05,-0.07,0.06,-0.06,0.06,-1.8,-0.9,202.1,63.61,0.06,0.000000,0.000000,0,1,7.73,0.00
1127337,-0.07,0.05,-0.07,0.12,0.06,0.18,-1.8,-0.9,202.1,63.62,0.06,0.000000,0.000000,0,1,7.73,0.00
1127643,-0.07,0.03,-0.05,0.00,0.00,-0.25,-1.8,-0.9,202.1,63.62,0.06,0.000000,0.000000,0,1,7.73,0.00
1127949,-0.07,0.02,-0.05,0.00,-0.06,0.00,-1.8,-0.9,202.1,63.62,0.06,0.000000,0.000000,0,1,7.73,0.00
1128255,-0.07,0.05,-0.07,0.00,-0.06,0.18,-1.8,-0.9,202.1,63.62,0.06,0.000000,0.000000,0,1,7.73,0.00
1128561,-0.07,0.03,-0.09,-0.18,-0.06,0.00,-1.8,-0.9,202.1,63.62,0.07,0.000000,0.000000,0,1,7.73,0.00
1129173,-0.09,0.03,-0.05,0.00,-0.06,-0.06,-1.8,-0.9,202.1,63.63,0.06,0.000000,0.000000,0,1,7.73,0.00
1129479,-0.05,0.02,-0.05,-0.12,-0.18,-0.06,-1.8,-0.9,202.1,63.63,0.06,0.000000,0.000000,0,1,7.73,0.00
1129785,-0.09,0.05,-0.05,0.12,0.12,-0.06,-1.8,-0.9,201.6,63.63,0.06,0.000000,0.000000,0,1,7.72,0.00
1130091,-0.07,0.03,-0.03,0.00,0.06,0.18,-1.8,-0.9,201.8,63.64,0.05,0.000000,0.000000,0,1,7.72,0.00
1130397,-0.07,0.02,-0.09,-0.12,-0.06,0.00,-1.8,-0.9,201.8,63.64,0.06,0.000000,0.000000,0,1,7.72,0.00
1130703,-0.07,0.05,-0.07,0.00,0.00,-0.06,-1.8,-0.9,201.9,63.64,0.06,0.000000,0.000000,0,1,7.72,0.00
1131009,-0.09,0.01,-0.05,0.06,0.00,0.00,-1.8,-0.9,202.0,63.64,0.05,0.000000,0.000000,0,1,7.72,0.00
1131315,-0.07,0.05,-0.07,0.00,0.18,-0.31,-1.8,-0.9,202.1,63.64,0.05,0.000000,0.000000,0,1,7.72,0.00
1131621,-0.07,0.03,-0.05,0.06,-0.12,0.06,-1.8,-0.9,202.2,63.65,0.05,0.000000,0.000000,0,1,7.72,0.00
1131927,-0.07,0.02,-0.03,-0.06,0.06,-0.12,-1.8,-0.9,201.8,63.65,0.05,0.000000,0.000000,0,1,7.72,0.00
1132233,-0.07,0.07,-0.05,-0.06,0.18,0.00,-1.8,-0.9,201.8,63.65,0.05,0.000000,0.000000,0,1,7.72,0.00
1132845,-0.07,0.05,-0.07,0.00,0.12,0.18,-1.8,-0.9,201.5,63.65,0.05,0.000000,0.000000,0,1,7.73,0.00
1133151,-0.07,0.05,-0.05,-0.06,0.00,-0.18,-1.8,-0.9,201.6,63.66,0.05,0.000000,0.000000,0,1,7.73,0.00
1133457,-0.07,0.05,-0.07,-0.12,-0.12,0.25,-1.8,-0.9,201.7,63.66,0.05,0.000000,0.000000,0,1,7.73,0.00
1133763,-0.09,0.05,-0.05,0.06,-0.25,0.12,-1.8,-0.9,201.8,63.66,0.04,0.000000,0.000000,0,1,7.72,0.00
1134069,-0.07,0.03,-0.05,0.00,0.06,0.06,-1.8,-0.9,202.1,63.66,0.04,0.000000,0.000000,0,1,7.72,0.00
1134375,-0.05,0.05,-0.05,-0.06,0.18,-0.06,-1.8,-0.9,202.2,63.66,0.05,0.000000,0.000000,0,1,7.72,0.00
1134681,-0.07,0.02,-0.07,0.00,-0.06,0.18,-1.8,-0.9,201.8,63.67,0.04,0.000000,0.000000,0,1,7.72,0.00
1134987,-0.09,0.05,-0.01,-0.12,-0.12,-0.06,-1.8,-0.9,201.5,63.67,0.05,0.000000,0.000000,0,1,7.72,0.00
1135293,-0.07,0.05,-0.05,0.12,0.00,0.18,-1.8,-0.9,201.6,63.67,0.04,0.000000,0.000000,0,1,7.72,0.00
1135905,-0.05,0.05,-0.02,-0.12,0.18,0.00,-1.8,-0.9,201.9,63.68,0.04,0.000000,0.000000,0,1,7.72,0.00
1136211,-0.07,0.05,-0.05,-0.18,0.00,0.18,-1.8,-0.9,202.1,63.68,0.03,0.000000,0.000000,0,1,7.72,0.00
1136517,-0.05,0.05,-0.05,0.00,0.12,0.00,-1.8,-0.9,202.2,63.68,0.04,0.000000,0.000000,0,1,7.72,0.00
1136823,-0.07,0.07,-0.03,-0.12,0.00,0.37,-1.8,-0.9,201.8,63.68,0.03,0.000000,0.000000,0,1,7.72,0.00
1137129,-0.07,0.05,-0.02,-0.06,0.06,0.12,-1.8,-0.9,201.8,63.69,0.03,0.000000,0.000000,0,1,7.72,0.00
1137435,-0.07,0.07,-0.03,0.00,-0.12,-0.06,-1.8,-0.9,201.9,63.69,0.04,0.000000,0.000000,0,1,7.72,0.00
1137741,-0.07,0.03,-0.05,0.12,-0.12,0.37,-1.8,-0.9,201.9,63.69,0.03,0.000000,0.000000,0,1,7.73,0.00
1138047,-0.09,0.03,-0.05,0.00,0.25,-0.25,-1.8,-0.9,202.0,63.69,0.03,0.000000,0.000000,0,1,7.73,0.00
1138353,-0.07,0.07,-0.07,0.00,0.00,-0.12,-1.8,-0.9,202.0,63.69,0.03,0.000000,0.000000,0,1,7.73,0.00
1138965,-0.07,0.07,-0.05,-0.06,0.00,0.12,-1.8,-0.9,201.8,63.70,0.02,0.000000,0.000000,0,1,7.72,0.00
1139271,-0.09,0.05,-0.00,0.00,-0.06,-0.12,-1.8,-0.9,201.9,63.70,0.02,0.000000,0.000000,0,1,7.72,0.00
1139577,-0.07,0.03,-0.05,0.12,-0.31,-0.12,-1.8,-0.9,202.0,63.70,0.01,0.000000,0.000000,0,1,7.72,0.00
1139883,-0.05,0.05,-0.05,-0.06,-0.06,-0.06,-1.8,-0.9,202.1,63.71,0.01,0.000000,0.000000,0,1,7.73,0.00
1140189,-0.07,0.05,-0.01,0.00,-0.06,0.06,-1.8,-0.9,202.2,63.71,0.01,0.000000,0.000000,0,1,7.73,0.00
1140495,-0.05,0.07,-0.05,0.12,-0.06,-0.06,-1.8,-0.9,202.1,63.71,0.00,0.000000,0.000000,0,1,7.73,0.00
1140801,-0.05,0.00,-0.05,0.06,-0.25,0.06,-1.8,-0.9,201.5,63.71,0.00,0.000000,0.000000,0,1,7.73,0.00
1141107,-0.09,0.09,-0.07,0.06,0.18,0.31,-1.8,-0.9,201.6,63.71,0.01,0.000000,0.000000,0,1,7.73,0.00
1141413,-0.09,0.03,-0.09,0.18,1.68,0.18,-1.7,-0.9,201.7,63.72,0.00,0.000000,0.000000,0,1,7.73,0.00
1141719,-0.15,0.11,0.00,-1.31,-0.68,-0.06,-1.8,-0.9,201.8,63.72,0.01,0.000000,0.000000,0,1,7.73,0.00
1142025,0.00,0.00,0.00,5.87,2.37,-0.37,-0.7,-0.5,202.0,63.72,0.01,0.000000,0.000000,0,1,7.72,0.00
1142331,0.20,0.11,0.45,6.68,-8.68,-3.06,0.1,-1.8,202.2,63.72,0.00,0.000000,0.000000,0,1,7.72,0.00
1142942,-0.22,0.13,-0.67,-2.68,3.37,4.87,2.6,-2.0,197.3,63.73,0.01,0.000000,0.000000,0,1,7.73,0.00
1143248,0.15,-0.02,-0.18,0.12,5.00,-11.43,0.6,-2.4,199.5,63.73,0.05,0.000000,0.000000,0,1,7.73,0.00
1143554,-0.05,0.20,0.90,-4.62,1.56,14.12,0.8,-1.6,198.5,63.73,0.03,0.000000,0.000000,0,1,7.73,0.00
1143860,-0.17,-0.05,-0.02,-4.87,9.75,0.93,-0.5,0.2,198.3,63.74,0.02,0.000000,0.000000,0,1,7.73,0.00
1144166,0.17,0.20,-0.05,4.50,-3.12,10.56,-0.6,0.4,198.1,63.74,0.02,0.000000,0.000000,0,1,7.73,0.00
1144472,-0.11,0.35,0.19,4.62,-10.31,-2.06,0.5,-2.0,192.1,63.74,0.00,0.000000,0.000000,0,1,7.73,0.00
1144778,-0.11,-0.09,-0.17,7.75,-0.43,14.93,0.5,-1.9,191.5,63.74,0.01,0.000000,0.000000,0,1,7.73,0.00
1145084,-0.34,0.00,0.70,-0.62,1.68,-4.62,0.8,-1.4,187.8,63.74,0.01,0.000000,0.000000,0,1,7.73,0.00
1145390,-0.77,-0.25,1.28,-9.18,5.68,2.06,-0.6,-0.6,189.6,63.75,0.02,0.000000,0.000000,0,1,7.73,0.00
1145696,-0.25,0.01,-0.73,-6.68,9.31,0.43,-1.5,1.0,189.7,63.75,0.01,0.000000,0.000000,0,1,7.73,0.00
1146002,0.07,0.19,-0.02,11.18,4.87,-0.87,-1.4,0.3,189.9,63.75,0.00,0.000000,0.000000,0,1,7.72,0.00
1146308,0.00,0.00,-0.11,1.93,1.06,0.06,-2.0,0.0,190.0,63.75,0.00,0.000000,0.000000,0,1,7.72,0.00
1146614,-0.00,0.02,-0.07,0.00,-0.25,-0.43,-2.1,-0.0,190.0,63.75,0.00,0.000000,0.000000,0,1,7.72,0.00
1146920,-0.03,0.00,-0.07,-0.18,0.06,0.00,-2.1,-0.0,190.0,63.76,0.00,0.000000,0.000000,0,1,7.72,0.00
1147223,-0.00,0.02,-0.07,0.00,0.00,-0.18,-2.1,-0.0,190.0,63.76,0.00,0.000000,0.000000,0,1,7.72,0.00
1147528,-0.03,0.00,-0.05,0.00,0.00,-0.06,-2.1,-0.0,190.0,63.76,0.00,0.000000,0.000000,0,1,7.72,0.00
1147833,-0.00,0.00,-0.05,-0.06,0.00,-0.18,-2.1,-0.0,190.0,63.76,0.00,0.000000,0.000000,0,1,7.72,0.00
1148445,-0.01,0.00,-0.05,0.06,0.06,-0.12,-2.1,-0.0,190.0,63.77,0.00,0.000000,0.000000,0,1,7.72,0.00
1148751,-0.02,0.02,-0.05,0.18,-0.06,-0.18,-2.1,-0.0,190.0,63.77,0.00,0.000000,0.000000,0,1,7.72,0.00
1149057,-0.03,0.02,-0.05,0.06,0.18,0.06,-2.1,-0.0,190.0,63.77,0.00,0.000000,0.000000,0,1,7.73,0.00
1149363,-0.01,0.00,-0.07,-0.12,0.00,-0.06,-2.1,-0.0,190.0,63.78,0.00,0.000000,0.000000,0,1,7.73,0.00
1149669,-0.01,0.01,-0.07,0.00,0.06,0.12,-2.1,-0.0,190.0,63.78,0.00,0.000000,0.000000,0,1,7.73,0.00
1149975,-0.03,0.00,-0.07,-0.12,0.00,0.06,-2.1,-0.0,190.0,63.78,0.00,0.000000,0.000000,0,1,7.73,0.00
1150281,-0.02,0.02,-0.05,0.06,0.06,-0.18,-2.1,-0.0,190.0,63.78,0.00,0.000000,0.000000,0,1,7.73,0.00
1150587,-0.03,0.03,-0.05,-0.06,0.00,0.00,-2.1,-0.0,190.0,63.78,0.00,0.000000,0.000000,0,1,7.73,0.00
1150893,-0.02,0.03,-0.05,-0.06,0.06,0.25,-2.1,-0.0,190.0,63.79,0.00,0.000000,0.000000,0,1,7.72,0.00
1151505,-0.02,0.00,-0.05,0.00,0.00,0.12,-2.1,-0.0,190.0,63.79,0.00,0.000000,0.000000,0,1,7.72,0.00
1151811,-0.02,0.02,-0.07,0.06,-0.18,0.12,-2.1,-0.0,190.0,63.79,0.00,0.000000,0.000000,0,1,7.72,0.00
1152117,-0.02,0.02,-0.07,0.00,-0.12,0.00,-2.1,-0.0,190.0,63.80,0.00,0.000000,0.000000,0,1,7.71,0.00
1152423,-0.05,0.03,-0.07,0.06,0.00,-0.06,-2.1,-0.0,190.0,63.80,0.01,0.000000,0.000000,0,1,7.71,0.00
1152729,-0.02,0.00,-0.07,-0.12,-0.06,0.31,-2.1,-0.0,190.0,63.80,0.00,0.000000,0.000000,0,1,7.71,0.00
1153035,-0.02,0.00,-0.03,-0.06,0.00,0.06,-2.1,-0.0,190.0,63.80,0.00,0.000000,0.000000,0,1,7.72,0.00
1153341,-0.02,0.01,-0.05,-0.12,0.00,-0.12,-2.1,-0.0,190.0,63.80,-0.00,0.000000,0.000000,0,1,7.72,0.00
1153647,-0.02,0.01,-0.03,-0.12,0.06,-0.18,-2.1,-0.0,190.0,63.81,0.01,0.000000,0.000000,0,1,7.72,0.00
1154259,-0.01,0.01,-0.05,-0.18,-0.12,-0.18,-2.1,-0.0,190.0,63.81,0.00,0.000000,0.000000,0,1,7.73,0.00
1154565,-0.03,0.00,-0.09,0.12,0.12,-0.06,-2.1,-0.0,190.0,63.81,0.00,0.000000,0.000000,0,1,7.73,0.00
1154871,-0.02,0.01,-0.05,-0.18,-0.12,0.37,-2.1,-0.0,190.0,63.81,0.00,0.000000,0.000000,0,1,7.73,0.00
1155177,-0.00,0.01,-0.05,0.06,0.25,0.06,-2.1,-0.0,190.0,63.82,0.01,0.000000,0.000000,0,1,7.72,0.00
1155483,-0.02,0.00,-0.05,0.00,0.18,-0.12,-2.1,-0.0,190.0,63.82,0.01,0.000000,0.000000,0,1,7.72,0.00
1155789,-0.03,0.00,-0.05,0.00,-0.12,0.00,-2.1,-0.0,190.0,63.82,0.00,0.000000,0.000000,0,1,7.72,0.00
1156095,-0.02,0.00,-0.05,0.00,0.06,-0.06,-2.1,-0.0,190.0,63.82,0.02,0.000000,0.000000,0,1,7.72,0.00
1156401,-0.05,0.01,-0.05,-0.06,0.06,0.18,-2.1,-0.0,190.0,63.82,0.02,0.000000,0.000000,0,1,7.72,0.00
1156707,-0.02,0.00,-0.05,0.00,0.00,-0.12,-2.1,-0.0,190.0,63.82,0.01,0.000000,0.000000,0,1,7.72,0.00
1157013,-0.03,0.01,-0.07,0.00,-0.18,0.18,-2.1,-0.0,190.0,63.83,0.01,0.000000,0.000000,0,1,7.76,0.00
1157625,-0.05,-0.00,-0.07,0.12,0.12,-0.12,-2.1,-0.0,190.0,63.83,0.01,0.000000,0.000000,0,1,7.76,0.00
1157931,-0.03,0.00,-0.05,0.00,0.06,0.06,-2.1,-0.0,190.0,63.84,0.01,0.000000,0.000000,0,1,7.72,0.00
1158237,-0.01,0.01,-0.05,0.12,0.12,-0.06,-2.1,-0.0,190.0,63.84,0.01,0.000000,0.000000,0,1,7.72,0.00
1158543,-0.03,0.01,-0.03,0.18,0.18,-0.06,-2.1,-0.0,190.0,63.84,0.01,0.000000,0.000000,0,1,7.72,0.00
1158849,-0.03,0.00,-0.05,0.12,0.12,0.31,-2.1,-0.0,190.0,63.84,0.01,0.000000,0.000000,0,1,7.72,0.00
1159155,-0.03,0.00,-0.05,-0.06,0.06,0.00,-2.1,-0.0,190.0,63.84,0.01,0.000000,0.000000,0,1,7.72,0.00
1159461,-0.05,0.01,-0.05,-0.06,0.06,-0.37,-2.1,-0.0,190.0,63.85,0.01,0.000000,0.000000,0,1,7.72,0.00
1159767,-0.02,0.00,-0.05,-0.12,0.12,0.06,-2.1,-0.0,190.0,63.85,0.01,0.000000,0.000000,0,1,7.72,0.00
1160073,-0.07,0.00,-0.05,0.06,-0.06,0.06,-2.1,-0.0,190.0,63.85,0.00,0.000000,0.000000,0,1,7.73,0.00
1160685,-0.02,0.01,-0.03,-0.12,0.12,-0.06,-2.1,-0.0,190.0,63.85,0.01,0.000000,0.000000,0,1,7.73,0.00
1160991,-0.05,0.01,-0.05,-0.06,0.00,-0.06,-2.1,-0.0,190.0,63.86,0.01,0.000000,0.000000,0,1,7.72,0.00
1161297,-0.05,0.00,-0.07,0.00,0.18,0.12,-2.1,-0.0,190.0,63.86,0.01,0.000000,0.000000,0,1,7.72,0.00
1161603,-0.01,0.00,-0.05,-0.06,-0.25,0.06,-2.1,-0.0,190.0,63.86,0.01,0.000000,0.000000,0,1,7.72,0.00
1161909,-0.05,0.00,-0.03,0.18,0.00,-0.06,-2.1,-0.0,190.0,63.86,0.02,0.000000,0.000000,0,1,7.72,0.00
1162215,-0.05,0.01,-0.03,-0.06,0.00,0.37,-2.1,-0.0,190.0,63.87,0.02,0.000000,0.000000,0,1,7.72,0.00
1162521,-0.03,0.01,-0.07,0.12,0.00,0.12,-2.1,-0.0,190.0,63.87,0.01,0.000000,0.000000,0,1,7.72,0.00
1162827,-0.03,0.02,-0.05,0.00,-0.12,0.12,-2.1,-0.0,190.0,63.87,0.01,0.000000,0.000000,0,1,7.72,0.00
1163133,-0.03,0.00,-0.07,0.00,0.00,0.06,-2.1,-0.0,190.0,63.87,0.00,0.000000,0.000000,0,1,7.72,0.00
1163745,-0.07,0.00,-0.05,-0.12,-0.18,-0.06,-2.1,-0.0,190.0,63.88,0.01,0.000000,0.000000,0,1,7.72,0.00
1164051,-0.03,0.00,-0.07,-0.06,0.18,0.06,-2.1,-0.0,190.0,63.88,0.01,0.000000,0.000000,0,1,7.72,0.00
1164357,-0.03,0.00,-0.03,0.12,0.00,0.37,-2.1,-0.0,190.0,63.88,0.01,0.000000,0.000000,0,1,7.72,0.00
1164663,-0.03,0.00,-0.05,0.06,-0.06,-0.12,-2.1,-0.0,190.0,63.88,0.02,0.000000,0.000000,0,1,7.72,0.00
1164969,-0.05,0.00,-0.07,-0.06,-0.12,0.12,-2.1,-0.0,190.0,63.88,0.02,0.000000,0.000000,0,1,7.72,0.00
1165275,-0.05,0.00,-0.07,-0.06,-0.06,0.06,-2.1,-0.0,190.0,63.89,0.02,0.000000,0.000000,0,1,7.72,0.00
1165581,-0.05,0.00,-0.07,0.06,0.00,-0.25,-2.1,-0.0,190.0,63.89,0.02,0.000000,0.000000,0,1,7.72,0.00
1165887,-0.05,0.01,-0.03,0.06,0.06,-0.12,-2.1,-0.0,190.0,63.89,0.01,0.000000,0.000000,0,1,7.72,0.00
1166193,-0.05,0.00,-0.07,0.00,0.00,0.00,-2.1,-0.0,190.0,63.89,0.02,0.000000,0.000000,0,1,7.72,0.00
1166499,-0.02,0.00,-0.02,0.06,0.00,0.25,-2.1,-0.0,190.0,63.90,0.02,0.000000,0.000000,0,1,7.72,0.00
1167111,-0.05,0.00,-0.05,0.06,0.06,-0.25,-2.1,-0.0,190.0,63.90,0.02,0.000000,0.000000,0,1,7.72,0.00
1167417,-0.05,0.00,-0.07,-0.06,-0.12,0.00,-2.1,-0.0,190.0,63.90,0.02,0.000000,0.000000,0,1,7.72,0.00
1167723,-0.03,0.00,-0.07,-0.06,-0.12,-0.25,-2.1,-0.0,190.0,63.90,0.03,0.000000,0.000000,0,1,7.72,0.00
1168029,-0.05,-0.00,-0.05,-0.12,-0.06,-0.06,-2.1,-0.0,190.0,63.91,0.02,0.000000,0.000000,0,1,7.76,0.00
1168335,-0.02,0.00,-0.07,0.00,0.06,0.00,-2.1,-0.0,190.0,63.91,0.02,0.000000,0.000000,0,1,7.76,0.00
1168641,-0.05,0.00,-0.05,0.00,0.18,0.31,-2.1,-0.0,190.0,63.91,0.02,0.000000,0.000000,0,1,7.76,0.00
1168947,-0.07,0.02,-0.07,-0.12,0.12,0.00,-2.1,-0.0,190.0,63.91,0.02,0.000000,0.000000,0,1,7.76,0.00
1169253,-0.03,0.00,-0.05,0.00,0.25,0.06,-2.1,-0.0,190.0,63.92,0.03,0.000000,0.000000,0,1,7.71,0.00
1169559,-0.01,0.00,-0.05,0.00,-0.06,0.06,-2.1,-0.0,190.0,63.92,0.03,0.000000,0.000000,0,1,7.71,0.00
1169865,-0.03,0.02,-0.02,-0.06,-0.06,0.06,-2.1,-0.0,190.0,63.92,0.02,0.000000,0.000000,0,1,7.71,0.00
1170171,-0.05,0.00,-0.07,0.00,-0.06,-0.12,-2.1,-0.0,190.0,63.92,0.03,0.000000,0.000000,0,1,7.72,0.00
1170783,-0.03,-0.00,-0.07,-0.06,0.12,-0.06,-2.1,-0.0,190.0,63.92,0.03,0.000000,0.000000,0,1,7.72,0.00
1171089,-0.05,0.00,-0.10,0.06,0.12,-0.37,-2.1,-0.0,190.0,63.93,0.03,0.000000,0.000000,0,1,7.73,0.00
1171395,-0.02,0.00,-0.05,-0.06,0.00,0.25,-2.1,-0.0,190.0,63.93,0.03,0.000000,0.000000,0,1,7.73,0.00
1172007,-0.02,0.02,-0.05,-0.06,0.06,0.00,-2.1,-0.0,190.0,63.93,0.02,0.000000,0.000000,0,1,7.73,0.00
1172313,-0.03,0.00,-0.05,0.06,0.06,0.06,-2.1,-0.0,190.0,63.93,0.02,0.000000,0.000000,0,1,7.72,0.00
1172619,-0.05,0.00,-0.03,0.00,0.12,-0.06,-2.1,-0.0,190.0,63.94,0.02,0.000000,0.000000,0,1,7.72,0.00
1173231,-0.03,0.00,-0.07,0.00,0.12,0.06,-2.1,-0.0,190.0,63.94,0.03,0.000000,0.000000,0,1,7.72,0.00
1173537,-0.05,0.01,-0.07,-0.06,0.18,-0.12,-2.1,-0.0,190.0,63.94,0.03,0.000000,0.000000,0,1,7.72,0.00
1173843,-0.07,0.00,-0.05,0.06,-0.06,0.00,-2.1,-0.0,190.0,63.95,0.03,0.000000,0.000000,0,1,7.72,0.00
1174149,-0.01,0.00,-0.07,-0.06,-0.25,0.18,-2.1,-0.0,190.0,63.95,0.02,0.000000,0.000000,0,1,7.71,0.00
1174455,-0.02,0.00,-0.02,-0.12,0.18,0.06,-2.1,-0.0,190.0,63.95,0.02,0.000000,0.000000,0,1,7.71,0.00
1174761,-0.05,0.00,-0.03,-0.06,0.12,-0.12,-2.1,-0.0,190.0,63.95,0.03,0.000000,0.000000,0,1,7.71,0.00
1175373,-0.03,0.00,-0.10,0.00,-0.06,-0.12,-2.1,-0.0,190.0,63.96,0.03,0.000000,0.000000,0,1,7.71,0.00
1175679,-0.05,-0.00,-0.09,0.12,0.06,0.00,-2.1,-0.0,189.7,63.96,0.02,0.000000,0.000000,0,1,7.71,0.00
1175985,-0.05,0.01,-0.05,-0.06,0.31,0.00,-2.1,-0.0,190.1,63.96,0.02,0.000000,0.000000,0,1,7.71,0.00
1176291,-0.05,-0.00,-0.05,0.12,0.06,-0.25,-2.1,-0.0,190.3,63.97,0.02,0.000000,0.000000,0,1,7.72,0.00
1176597,-0.05,0.00,-0.03,0.00,0.06,-0.18,-2.1,-0.0,190.5,63.96,0.01,0.000000,0.000000,0,1,7.72,0.00
1176903,-0.03,-0.00,-0.05,-0.18,-0.06,-0.12,-2.1,-0.0,190.7,63.97,0.01,0.000000,0.000000,0,1,7.72,0.00
1177209,-0.05,0.00,-0.05,0.12,-0.06,0.12,-2.1,-0.0,190.8,63.97,0.02,0.000000,0.000000,0,1,7.72,0.00
1177515,-0.05,0.00,-0.01,0.06,-0.06,0.06,-2.1,-0.0,191.1,63.97,0.02,0.000000,0.000000,0,1,7.72,0.00
1177821,-0.01,0.00,-0.07,0.00,0.00,0.00,-2.1,-0.0,190.5,63.97,0.02,0.000000,0.000000,0,1,7.72,0.00
1178127,-0.03,0.00,-0.03,-0.06,0.12,-0.06,-2.1,-0.0,190.6,63.98,0.03,0.000000,0.000000,0,1,7.72,0.00
1178433,-0.03,0.00,-0.07,-0.12,0.00,0.18,-2.1,-0.0,190.7,63.98,0.02,0.000000,0.000000,0,1,7.72,0.00
1178739,-0.03,0.00,-0.03,0.00,-0.12,0.00,-2.1,-0.0,190.8,63.98,0.02,0.000000,0.000000,0,1,7.72,0.00
1179045,-0.05,0.01,-0.05,0.00,0.06,0.06,-2.1,-0.0,190.8,63.98,0.03,0.000000,0.000000,0,1,7.72,0.00
1179351,-0.03,0.00,-0.07,-0.12,0.06,0.12,-2.1,-0.0,190.3,63.99,0.02,0.000000,0.000000,0,1,7.71,0.00
1179657,-0.02,0.00,-0.01,0.06,0.18,-0.18,-2.1,-0.0,190.5,63.99,0.02,0.000000,0.000000,0,1,7.71,0.00
1179963,-0.05,-0.00,-0.03,0.06,-0.12,-0.06,-2.1,-0.0,190.6,63.99,0.02,0.000000,0.000000,0,1,7.71,0.00
1180269,-0.05,0.00,-0.07,0.00,0.12,0.00,-2.1,-0.0,190.6,63.99,0.03,0.000000,0.000000,0,1,7.72,0.00
1180575,-0.02,0.00,-0.05,-0.12,-0.12,-0.06,-2.1,-0.0,190.7,64.00,0.03,0.000000,0.000000,0,1,7.72,0.00
1180881,-0.02,0.00,-0.07,0.12,-0.06,0.06,-2.1,-0.0,190.8,64.00,0.03,0.000000,0.000000,0,1,7.72,0.00
1181187,-0.05,0.00,-0.05,0.00,0.18,0.18,-2.1,-0.0,191.0,64.00,0.04,0.000000,0.000000,0,1,7.72,0.00
1181493,-0.05,0.00,-0.05,-0.06,-0.18,-0.06,-2.1,-0.0,191.1,64.00,0.04,0.000000,0.000000,0,1,7.72,0.00
1181799,-0.05,0.01,-0.03,0.06,0.06,0.06,-2.1,-0.0,190.6,64.00,0.04,0.000000,0.000000,0,1,7.72,0.00
1182105,-0.05,0.00,-0.03,0.06,0.00,-0.12,-2.1,-0.0,190.7,64.01,0.04,0.000000,0.000000,0,1,7.72,0.00
1182411,-0.05,0.00,-0.05,0.06,-0.06,0.00,-2.1,-0.0,190.8,64.00,0.04,0.000000,0.000000,0,1,7.72,0.00
1182717,-0.02,-0.01,-0.03,0.06,-0.18,-0.25,-2.1,-0.0,190.9,64.01,0.04,0.000000,0.000000,0,1,7.72,0.00
1183023,-0.05,0.00,-0.10,0.00,0.06,0.12,-2.1,-0.0,191.0,64.01,0.05,0.000000,0.000000,0,1,7.72,0.00
1183329,-0.05,0.01,-0.07,-0.06,-0.18,0.06,-2.1,-0.0,191.0,64.01,0.04,0.000000,0.000000,0,1,7.72,0.00
1183635,-0.05,0.00,-0.05,-0.06,-0.06,0.18,-2.1,-0.0,191.1,64.02,0.04,0.000000,0.000000,0,1,7.72,0.00
1183941,-0.02,0.00,-0.07,0.06,-0.12,-0.12,-2.1,-0.0,191.1,64.02,0.06,0.000000,0.000000,0,1,7.72,0.00
1184247,-0.05,-0.01,-0.05,0.18,-0.06,0.18,-2.1,-0.0,190.6,64.02,0.06,0.000000,0.000000,0,1,7.72,0.00
1184553,-0.03,0.00,-0.05,0.06,0.06,0.06,-2.1,-0.0,190.8,64.02,0.05,0.000000,0.000000,0,1,7.72,0.00
1184859,-0.05,0.00,-0.05,0.06,-0.12,-0.25,-2.1,-0.0,190.9,64.02,0.05,0.000000,0.000000,0,1,7.72,0.00
1185165,-0.05,-0.01,-0.05,-0.18,-0.06,0.18,-2.1,-0.0,190.9,64.03,0.05,0.000000,0.000000,0,1,7.72,0.00
1185471,-0.03,-0.01,-0.03,0.00,-0.06,0.06,-2.1,-0.0,191.0,64.03,0.06,0.000000,0.000000,0,1,7.71,0.00
1185777,-0.03,-0.00,-0.05,-0.12,0.12,0.06,-2.1,-0.0,191.0,64.03,0.05,0.000000,0.000000,0,1,7.71,0.00
1186083,-0.02,0.00,-0.07,-0.06,0.00,0.00,-2.1,-0.0,191.1,64.03,0.05,0.000000,0.000000,0,1,7.71,0.00
1186389,-0.05,0.00,-0.07,0.25,0.00,0.00,-2.1,-0.0,191.1,64.03,0.05,0.000000,0.000000,0,1,7.71,0.00
1186695,-0.05,0.00,-0.07,0.00,0.06,0.00,-2.1,-0.0,191.1,64.04,0.05,0.000000,0.000000,0,1,7.71,0.00
1187001,-0.05,0.00,-0.03,0.12,0.12,0.06,-2.1,-0.0,190.6,64.04,0.05,0.000000,0.000000,0,1,7.71,0.00
1187307,-0.05,-0.00,-0.07,-0.06,0.25,0.00,-2.1,-0.0,190.7,64.04,0.05,0.000000,0.000000,0,1,7.72,0.00
1187919,-0.03,0.00,-0.05,0.12,-0.18,-0.06,-2.1,-0.0,191.0,64.05,0.05,0.000000,0.000000,0,1,7.72,0.00
1188225,-0.02,0.00,-0.03,0.12,-0.18,0.25,-2.1,-0.0,191.1,64.05,0.05,0.000000,0.000000,0,1,7.72,0.00
1188531,-0.01,0.00,-0.10,0.00,-0.25,0.00,-2.1,-0.0,191.1,64.05,0.05,0.000000,0.000000,0,1,7.72,0.00
1188837,-0.05,0.00,-0.05,0.06,-0.18,-0.06,-2.1,-0.0,191.1,64.05,0.05,0.000000,0.000000,0,1,7.72,0.00
1189143,-0.03,0.00,-0.09,0.12,0.06,0.00,-2.1,-0.0,191.1,64.05,0.04,0.000000,0.000000,0,1,7.72,0.00
1189449,-0.03,-0.00,-0.07,0.00,0.06,0.18,-2.1,-0.0,190.6,64.06,0.04,0.000000,0.000000,0,1,7.72,0.00
1189755,-0.05,0.00,-0.05,0.12,0.12,0.06,-2.1,-0.0,190.9,64.06,0.05,0.000000,0.000000,0,1,7.72,0.00
1190061,-0.05,0.00,-0.05,0.00,0.00,0.12,-2.1,-0.0,191.0,64.06,0.03,0.000000,0.000000,0,1,7.72,0.00
1190367,-0.05,0.00,-0.07,0.00,0.12,0.12,-2.1,-0.0,191.0,64.06,0.04,0.000000,0.000000,0,1,7.72,0.00
1190673,-0.05,0.01,-0.05,-0.06,-0.18,0.12,-2.1,-0.0,191.1,64.06,0.04,0.000000,0.000000,0,1,7.72,0.00
1190979,-0.03,0.00,-0.05,0.00,0.06,0.00,-2.1,-0.0,191.1,64.07,0.04,0.000000,0.000000,0,1,7.72,0.00
1191285,-0.07,0.00,-0.05,0.00,-0.12,0.25,-2.1,-0.0,190.5,64.07,0.05,0.000000,0.000000,0,1,7.72,0.00
1191591,-0.05,0.00,-0.07,0.18,-0.06,0.06,-2.1,-0.0,190.5,64.07,0.03,0.000000,0.000000,0,1,7.72,0.00
1191897,-0.05,0.00,-0.05,0.12,-0.18,-0.31,-2.1,-0.0,190.6,64.07,0.04,0.000000,0.000000,0,1,7.72,0.00
1192203,-0.05,0.01,-0.05,-0.12,0.06,-0.18,-2.1,-0.0,190.9,64.08,0.04,0.000000,0.000000,0,1,7.72,0.00
1192509,-0.07,0.00,-0.05,0.00,0.00,-0.06,-2.1,-0.0,190.9,64.08,0.04,0.000000,0.000000,0,1,7.72,0.00
1192815,-0.03,0.00,-0.07,0.06,0.37,0.25,-2.1,-0.0,190.9,64.08,0.04,0.000000,0.000000,0,1,7.72,0.00
1193121,-0.05,0.00,-0.05,-0.06,-0.06,-0.31,-2.1,-0.0,190.8,64.08,0.04,0.000000,0.000000,0,1,7.72,0.00
1193427,-0.05,0.00,-0.05,-0.06,-0.18,0.00,-2.1,-0.0,190.8,64.08,0.04,0.000000,0.000000,0,1,7.72,0.00
1193733,-0.02,0.00,-0.09,-0.06,0.18,-0.06,-2.1,-0.0,190.8,64.09,0.04,0.000000,0.000000,0,1,7.72,0.00
1194039,-0.03,0.00,-0.07,0.00,0.00,0.25,-2.1,-0.0,190.8,64.09,0.05,0.000000,0.000000,0,1,7.72,0.00
1194345,-0.03,0.00,-0.09,0.12,-0.06,0.12,-2.1,-0.0,190.8,64.09,0.05,0.000000,0.000000,0,1,7.72,0.00
1194651,-0.02,0.00,-0.03,-0.06,-0.06,-0.12,-2.1,-0.0,190.8,64.09,0.05,0.000000,0.000000,0,1,7.72,0.00
1194957,-0.02,0.00,-0.07,0.00,-0.18,-0.12,-2.1,-0.0,190.8,64.09,0.05,0.000000,0.000000,0,1,7.72,0.00
1195263,-0.03,0.00,-0.07,0.00,0.18,0.12,-2.1,-0.0,190.8,64.10,0.05,0.000000,0.000000,0,1,7.72,0.00
1195569,-0.01,0.00,-0.05,0.12,-0.12,0.25,-2.1,-0.0,190.8,64.10,0.05,0.000000,0.000000,0,1,7.71,0.00
1195875,-0.05,0.00,-0.05,0.06,-0.18,0.00,-2.1,-0.0,190.8,64.10,0.05,0.000000,0.000000,0,1,7.71,0.00
1196181,-0.02,0.00,-0.05,0.06,0.06,-0.12,-2.1,-0.0,190.8,64.10,0.06,0.000000,0.000000,0,1,7.71,0.00
1196487,-0.07,0.00,-0.05,0.12,-0.12,0.00,-2.1,-0.0,190.8,64.10,0.05,0.000000,0.000000,0,1,7.75,0.00
1196793,-0.05,0.00,-0.05,-0.06,-0.12,-0.18,-2.1,-0.0,190.8,64.11,0.05,0.000000,0.000000,0,1,7.75,0.00
1197099,-0.03,0.00,-0.05,-0.06,-0.06,-0.06,-2.1,-0.0,190.8,64.11,0.06,0.000000,0.000000,0,1,7.75,0.00
1197405,-0.05,0.00,-0.05,-0.06,-0.18,0.25,-2.1,-0.0,190.8,64.11,0.05,0.000000,0.000000,0,1,7.71,0.00
1197711,-0.05,0.00,-0.05,0.06,-0.06,0.12,-2.1,-0.0,190.8,64.11,0.06,0.000000,0.000000,0,1,7.71,0.00
1198017,-0.03,0.00,-0.03,-0.18,-0.12,0.00,-2.1,-0.0,190.8,64.11,0.06,0.000000,0.000000,0,1,7.71,0.00
1198323,-0.07,-0.01,-0.03,-0.12,0.25,0.31,-2.1,-0.0,190.8,64.12,0.06,0.000000,0.000000,0,1,7.72,0.00
1198629,-0.05,0.00,-0.03,0.06,-0.06,0.12,-2.1,-0.0,190.8,64.12,0.06,0.000000,0.000000,0,1,7.72,0.00
1198935,-0.05,0.00,-0.07,0.00,0.00,0.12,-2.1,-0.0,190.8,64.12,0.06,0.000000,0.000000,0,1,7.72,0.00
1199241,-0.03,0.00,-0.07,-0.06,-0.18,0.06,-2.1,-0.0,190.8,64.12,0.06,0.000000,0.000000,0,1,7.72,0.00
1199853,-0.05,0.00,-0.09,0.06,0.06,0.12,-2.1,-0.0,190.8,64.13,0.06,0.000000,0.000000,0,1,7.72,0.00
1200159,-0.05,-0.01,-0.03,-0.12,0.00,-0.12,-2.1,-0.0,190.8,64.13,0.07,0.000000,0.000000,0,1,7.72,0.00
1200465,-0.05,0.00,-0.05,0.00,-0.12,0.37,-2.1,-0.0,190.8,64.13,0.06,0.000000,0.000000,0,1,7.72,0.00
1200771,-0.02,0.00,-0.02,-0.06,-0.06,0.12,-2.1,-0.0,190.8,64.13,0.06,0.000000,0.000000,0,1,7.72,0.00
1201077,-0.07,0.00,-0.09,0.00,0.00,-0.18,-2.1,-0.0,190.8,64.13,0.06,0.000000,0.000000,0,1,7.72,0.00
1201383,-0.02,0.00,-0.07,0.00,0.00,0.25,-2.1,-0.0,190.8,64.14,0.05,0.000000,0.000000,0,1,7.72,0.00
1201689,-0.05,0.01,-0.05,0.06,0.12,0.18,-2.1,-0.0,190.8,64.14,0.06,0.000000,0.000000,0,1,7.72,0.00
1201995,-0.03,0.00,-0.05,0.06,0.00,-0.06,-2.1,-0.0,190.8,64.14,0.07,0.000000,0.000000,0,1,7.72,0.00
1202301,-0.05,0.03,-0.05,0.06,-0.12,0.06,-2.1,-0.0,190.5,64.14,0.07,0.000000,0.000000,0,1,7.72,0.00
1202607,-0.05,0.00,-0.05,-0.06,0.00,0.31,-2.1,-0.0,190.5,64.15,0.07,0.000000,0.000000,0,1,7.71,0.00
1202913,-0.05,0.00,-0.05,0.06,-0.25,-0.06,-2.1,-0.0,190.5,64.15,0.07,0.000000,0.000000,0,1,7.71,0.00
1203219,-0.02,-0.00,-0.05,0.06,-0.06,-0.18,-2.1,-0.0,190.6,64.15,0.07,0.000000,0.000000,0,1,7.71,0.00
1203525,-0.05,0.00,-0.03,0.00,0.06,0.25,-2.1,-0.0,190.6,64.15,0.06,0.000000,0.000000,0,1,7.72,0.00
1203831,-0.03,0.02,-0.05,0.06,0.06,0.00,-2.1,-0.0,190.7,64.16,0.07,0.000000,0.000000,0,1,7.72,0.00
1204137,-0.07,0.00,-0.05,0.06,0.00,-0.06,-2.1,-0.0,190.7,64.16,0.06,0.000000,0.000000,0,1,7.72,0.00
1204443,-0.05,0.00,-0.10,0.06,-0.12,0.00,-2.1,-0.0,190.7,64.16,0.07,0.000000,0.000000,0,1,7.72,0.00
1204749,-0.07,0.00,-0.07,0.06,0.00,-0.06,-2.1,-0.0,190.7,64.16,0.06,0.000000,0.000000,0,1,7.72,0.00
1205055,-0.05,-0.00,-0.07,0.00,0.06,-0.06,-2.1,-0.0,190.7,64.16,0.06,0.000000,0.000000,0,1,7.72,0.00
1205361,-0.03,0.00,-0.05,0.00,0.12,-0.12,-2.1,-0.0,190.7,64.16,0.06,0.000000,0.000000,0,1,7.72,0.00
1205667,-0.03,0.01,-0.03,0.00,-0.18,-0.25,-2.1,-0.0,190.7,64.17,0.07,0.000000,0.000000,0,1,7.71,0.00
1205973,-0.02,-0.00,-0.05,0.00,0.06,0.18,-2.1,-0.0,190.7,64.17,0.06,0.000000,0.000000,0,1,7.71,0.00
1206279,-0.03,0.03,-0.07,-0.06,0.18,0.00,-2.1,-0.0,190.7,64.17,0.06,0.000000,0.000000,0,1,7.71,0.00
1206585,-0.03,0.00,-0.07,0.06,-0.06,0.06,-2.1,-0.0,190.7,64.17,0.06,0.000000,0.000000,0,1,7.71,0.00
1206891,-0.05,0.00,-0.09,0.12,-0.12,-0.06,-2.1,-0.0,190.7,64.17,0.06,0.000000,0.000000,0,1,7.71,0.00
1207197,-0.03,0.00,-0.09,0.18,0.31,-0.25,-2.1,-0.0,190.7,64.18,0.07,0.000000,0.000000,0,1,7.71,0.00
1207503,-0.03,0.00,-0.07,0.12,-0.06,0.06,-2.1,-0.0,190.7,64.18,0.06,0.000000,0.000000,0,1,7.72,0.00
1207809,-0.02,0.00,-0.05,0.12,0.31,0.00,-2.1,-0.0,190.7,64.18,0.06,0.000000,0.000000,0,1,7.72,0.00
1208115,-0.05,0.00,-0.03,0.12,-0.12,-0.12,-2.1,-0.0,190.7,64.18,0.06,0.000000,0.000000,0,1,7.72,0.00
1208421,-0.03,0.00,-0.05,-0.06,0.12,0.00,-2.1,-0.0,190.3,64.19,0.07,0.000000,0.000000,0,1,7.72,0.00
1208727,-0.05,0.00,-0.05,0.12,-0.31,-0.18,-2.1,-0.0,189.9,64.19,0.06,0.000000,0.000000,0,1,7.72,0.00
1209033,-0.05,0.00,-0.03,-0.06,0.12,-0.18,-2.1,-0.0,190.2,64.19,0.06,0.000000,0.000000,0,1,7.72,0.00
1209339,-0.05,0.00,-0.03,0.00,0.12,-0.12,-2.1,-0.0,190.5,64.19,0.07,0.000000,0.000000,0,1,7.72,0.00
1209645,-0.05,0.02,-0.03,0.12,-0.06,-0.12,-2.1,-0.0,190.6,64.19,0.07,0.000000,0.000000,0,1,7.72,0.00
1209951,-0.05,0.00,-0.05,0.00,-0.25,0.00,-2.1,-0.0,190.6,64.20,0.07,0.000000,0.000000,0,1,7.72,0.00
1210257,-0.05,0.00,-0.07,0.06,-0.12,0.31,-2.1,-0.0,190.9,64.20,0.07,0.000000,0.000000,0,1,7.72,0.00
1210563,-0.05,0.00,-0.05,0.00,0.00,0.12,-2.1,-0.0,190.6,64.20,0.07,0.000000,0.000000,0,1,7.71,0.00
1210869,-0.05,0.01,-0.05,-0.06,-0.12,-0.25,-2.1,-0.0,190.6,64.20,0.08,0.000000,0.000000,0,1,7.71,0.00
1211175,-0.02,0.00,-0.05,0.00,0.06,0.06,-2.1,-0.0,190.9,64.20,0.07,0.000000,0.000000,0,1,7.71,0.00
1211481,-0.03,0.00,-0.05,0.00,0.06,0.12,-2.1,-0.0,190.9,64.21,0.07,0.000000,0.000000,0,1,7.71,0.00
1211787,-0.07,-0.00,-0.07,-0.06,0.00,0.06,-2.1,-0.0,191.2,64.21,0.07,0.000000,0.000000,0,1,7.71,0.00
1212093,-0.05,0.02,-0.07,0.06,0.12,-0.37,-2.1,-0.0,191.1,64.21,0.07,0.000000,0.000000,0,1,7.71,0.00
1212399,-0.03,0.00,-0.07,-0.12,0.06,-0.18,-2.1,-0.0,190.8,64.21,0.07,0.000000,0.000000,0,1,7.71,0.00
1212705,-0.05,0.00,-0.05,0.06,0.00,-0.12,-2.1,-0.0,190.5,64.21,0.08,0.000000,0.000000,0,1,7.75,0.00
1213317,-0.05,0.00,-0.03,-0.06,0.12,-0.12,-2.1,-0.0,190.8,64.22,0.08,0.000000,0.000000,0,1,7.75,0.00
1213623,-0.05,0.00,-0.07,-0.12,-0.12,-0.18,-2.1,-0.0,191.0,64.22,0.07,0.000000,0.000000,0,1,7.71,0.00
1213929,-0.03,0.00,-0.07,0.06,0.00,-0.43,-2.1,-0.0,191.0,64.22,0.08,0.000000,0.000000,0,1,7.71,0.00
1214235,-0.02,0.00,-0.03,-0.06,-0.12,0.12,-2.1,-0.0,191.2,64.22,0.08,0.000000,0.000000,0,1,7.71,0.00
1214541,-0.03,0.00,-0.07,-0.06,-0.06,-0.06,-2.1,-0.0,191.3,64.23,0.09,0.000000,0.000000,0,1,7.71,0.00
1214847,-0.05,0.00,-0.01,0.12,0.00,-0.06,-2.1,-0.0,191.3,64.23,0.08,0.000000,0.000000,0,1,7.71,0.00
1215153,-0.05,0.00,-0.03,0.18,0.06,0.00,-2.1,-0.0,191.3,64.23,0.08,0.000000,0.000000,0,1,7.71,0.00
1215459,-0.05,0.00,-0.07,-0.06,0.00,-0.12,-2.1,-0.0,191.3,64.24,0.09,0.000000,0.000000,0,1,7.71,0.00
1215765,-0.05,-0.00,-0.05,-0.06,-0.06,0.12,-2.1,-0.0,191.3,64.24,0.08,0.000000,0.000000,0,1,7.72,0.00
1216071,-0.05,-0.00,-0.05,0.00,-0.06,-0.12,-2.1,-0.0,191.3,64.24,0.08,0.000000,0.000000,0,1,7.72,0.00
1216377,-0.02,-0.00,-0.03,0.00,-0.12,-0.12,-2.1,-0.0,191.3,64.24,0.08,0.000000,0.000000,0,1,7.72,0.00
1216683,-0.03,0.01,-0.07,-0.12,0.18,-0.12,-2.1,-0.0,191.3,64.24,0.08,0.000000,0.000000,0,1,7.72,0.00
1216989,-0.05,0.00,-0.05,-0.06,-0.12,0.06,-2.1,-0.0,191.3,64.24,0.08,0.000000,0.000000,0,1,7.72,0.00
1217295,-0.03,0.00,-0.07,0.06,0.00,-0.12,-2.1,-0.0,191.3,64.25,0.08,0.000000,0.000000,0,1,7.72,0.00
1217601,-0.03,0.00,-0.09,-0.06,0.00,-0.12,-2.1,-0.0,191.3,64.25,0.08,0.000000,0.000000,0,1,7.71,0.00
1217907,-0.03,0.00,-0.05,-0.06,0.06,0.06,-2.1,-0.0,191.3,64.25,0.08,0.000000,0.000000,0,1,7.71,0.00
1218213,-0.05,0.00,-0.07,0.00,-0.06,0.18,-2.1,-0.0,191.3,64.25,0.08,0.000000,0.000000,0,1,7.71,0.00
1218519,-0.03,0.00,-0.07,0.12,-0.18,-0.18,-2.1,-0.0,191.3,64.25,0.08,0.000000,0.000000,0,1,7.71,0.00
1218825,-0.05,0.00,-0.07,-0.06,-0.06,0.06,-2.1,-0.0,191.3,64.26,0.07,0.000000,0.000000,0,1,7.71,0.00
1219131,-0.03,0.00,-0.07,0.00,0.00,-0.06,-2.1,-0.0,190.8,64.26,0.07,0.000000,0.000000,0,1,7.71,0.00
1219437,-0.05,0.00,-0.03,0.06,0.25,-0.18,-2.1,-0.0,191.1,64.26,0.08,0.000000,0.000000,0,1,7.71,0.00
1219743,-0.05,0.00,-0.05,0.12,-0.06,-0.12,-2.1,-0.0,191.1,64.26,0.09,0.000000,0.000000,0,1,7.71,0.00
1220049,-0.02,0.00,-0.07,-0.06,-0.18,0.06,-2.1,-0.0,191.3,64.27,0.08,0.000000,0.000000,0,1,7.71,0.00
1220355,-0.03,0.00,-0.05,0.06,-0.06,0.12,-2.1,-0.0,191.4,64.27,0.09,0.000000,0.000000,0,1,7.71,0.00
1220661,-0.05,0.00,-0.09,0.00,-0.06,0.00,-2.1,-0.0,191.3,64.27,0.08,0.000000,0.000000,0,1,7.71,0.00
1220967,-0.05,-0.00,-0.07,-0.06,0.06,-0.06,-2.1,-0.0,191.0,64.27,0.08,0.000000,0.000000,0,1,7.71,0.00
1221273,-0.02,-0.00,-0.07,-0.12,-0.06,0.00,-2.1,-0.0,191.1,64.27,0.08,0.000000,0.000000,0,1,7.71,0.00
1221579,-0.05,0.00,-0.07,0.00,0.06,-0.06,-2.1,-0.0,191.2,64.27,0.08,0.000000,0.000000,0,1,7.71,0.00
1221885,-0.05,0.00,-0.05,0.00,0.06,-0.12,-2.1,-0.0,191.3,64.28,0.08,0.000000,0.000000,0,1,7.71,0.00
1222191,-0.02,0.00,-0.05,0.06,-0.12,0.12,-2.1,-0.0,191.4,64.28,0.08,0.000000,0.000000,0,1,7.71,0.00
1222497,-0.03,-0.00,-0.05,-0.06,-0.06,-0.06,-2.1,-0.0,191.4,64.28,0.08,0.000000,0.000000,0,1,7.71,0.00
1222803,-0.05,0.00,-0.07,-0.12,0.00,0.12,-2.1,-0.0,191.1,64.28,0.08,0.000000,0.000000,0,1,7.72,0.00
1223109,-0.02,0.00,-0.07,0.00,-0.06,0.00,-2.1,-0.0,191.1,64.28,0.08,0.000000,0.000000,0,1,7.72,0.00
1223415,-0.03,0.00,-0.07,0.06,0.06,-0.25,-2.1,-0.0,191.1,64.29,0.08,0.000000,0.000000,0,1,7.72,0.00
1223721,-0.05,0.00,-0.05,-0.06,-0.18,0.06,-2.1,-0.0,191.2,64.29,0.09,0.000000,0.000000,0,1,7.71,0.00
1224027,-0.05,-0.00,-0.01,0.00,0.06,0.00,-2.1,-0.0,191.2,64.29,0.08,0.000000,0.000000,0,1,7.71,0.00
1224333,-0.05,0.00,-0.05,0.00,-0.18,0.06,-2.1,-0.0,191.3,64.29,0.08,0.000000,0.000000,0,1,7.71,0.00
1224945,-0.03,0.00,-0.07,0.06,0.00,-0.12,-2.1,-0.0,191.0,64.30,0.09,0.000000,0.000000,0,1,7.71,0.00
1225251,-0.07,0.00,-0.07,0.00,0.00,0.06,-2.1,-0.0,191.0,64.30,0.08,0.000000,0.000000,0,1,7.71,0.00
1225557,-0.07,0.00,-0.07,-0.12,-0.18,-0.18,-2.1,-0.0,191.1,64.30,0.09,0.000000,0.000000,0,1,7.71,0.00
1225863,-0.05,0.00,-0.10,-0.06,0.00,-0.25,-2.1,-0.0,191.1,64.30,0.09,0.000000,0.000000,0,1,7.71,0.00
1226169,-0.03,0.00,-0.05,-0.06,-0.06,0.06,-2.1,-0.0,191.0,64.31,0.09,0.000000,0.000000,0,1,7.71,0.00
1226475,-0.07,0.00,-0.02,0.06,0.00,-0.06,-2.1,-0.0,190.8,64.31,0.09,0.000000,0.000000,0,1,7.71,0.00
1226781,-0.05,0.02,-0.02,0.06,0.12,-0.18,-2.1,-0.0,190.9,64.31,0.09,0.000000,0.000000,0,1,7.71,0.00
1227087,-0.07,0.00,-0.05,0.00,0.06,0.00,-2.1,-0.0,190.9,64.31,0.08,0.000000,0.000000,0,1,7.71,0.00
1227393,-0.03,-0.00,-0.03,-0.12,-0.12,0.12,-2.1,-0.0,191.1,64.31,0.10,0.000000,0.000000,0,1,7.71,0.00
1227699,-0.05,-0.00,-0.07,0.00,0.06,0.00,-2.1,-0.0,191.2,64.32,0.10,0.000000,0.000000,0,1,7.71,0.00
1228005,-0.05,0.00,-0.05,-0.06,0.00,-0.06,-2.1,-0.0,191.3,64.32,0.09,0.000000,0.000000,0,1,7.71,0.00
1228311,-0.05,0.00,-0.09,0.06,-0.06,-0.06,-2.1,-0.0,191.3,64.32,0.10,0.000000,0.000000,0,1,7.71,0.00
1228617,-0.07,-0.02,-0.09,0.06,0.18,0.06,-2.1,-0.0,191.1,64.32,0.10,0.000000,0.000000,0,1,7.72,0.00
1228923,-0.05,0.00,-0.02,0.00,-0.06,0.18,-2.1,-0.0,191.3,64.33,0.10,0.000000,0.000000,0,1,7.72,0.00
1229229,-0.03,0.00,-0.01,0.00,-0.18,-0.18,-2.1,-0.0,191.4,64.33,0.10,0.000000,0.000000,0,1,7.72,0.00
1229535,-0.07,0.00,-0.03,0.00,-0.12,-0.18,-2.1,-0.0,191.4,64.33,0.10,0.000000,0.000000,0,1,7.72,0.00
1229841,-0.03,0.00,-0.07,0.06,0.00,-0.25,-2.1,-0.0,191.3,64.33,0.10,0.000000,0.000000,0,1,7.71,0.00
1230147,-0.07,-0.01,-0.02,0.18,0.06,-0.06,-2.1,-0.0,191.4,64.33,0.09,0.000000,0.000000,0,1,7.71,0.00
1230453,-0.05,-0.00,-0.07,0.00,0.06,0.18,-2.1,-0.0,191.5,64.34,0.09,0.000000,0.000000,0,1,7.71,0.00
1230759,-0.03,0.00,-0.09,-0.12,0.31,0.06,-2.1,-0.0,191.1,64.34,0.09,0.000000,0.000000,0,1,7.72,0.00
1231065,-0.03,-0.00,-0.07,0.00,0.12,0.12,-2.1,-0.0,191.4,64.34,0.10,0.000000,0.000000,0,1,7.72,0.00
1231371,-0.05,0.00,-0.07,0.00,0.00,0.06,-2.1,-0.0,191.4,64.34,0.10,0.000000,0.000000,0,1,7.72,0.00
1231677,-0.07,0.00,-0.07,0.00,0.18,0.12,-2.1,-0.0,191.4,64.34,0.10,0.000000,0.000000,0,1,7.71,0.00
1231983,-0.05,0.00,-0.05,-0.06,-0.12,0.00,-2.1,-0.0,191.4,64.35,0.11,0.000000,0.000000,0,1,7.71,0.00
1232595,-0.07,0.01,-0.07,0.00,0.00,0.06,-2.1,-0.0,191.2,64.35,0.10,0.000000,0.000000,0,1,7.71,0.00
1232901,-0.05,0.00,-0.07,0.00,0.06,0.18,-2.1,-0.0,191.2,64.35,0.10,0.000000,0.000000,0,1,7.71,0.00
1233207,-0.03,0.01,-0.05,0.00,0.18,-0.25,-2.1,-0.0,191.4,64.35,0.10,0.000000,0.000000,0,1,7.71,0.00
1233513,-0.05,0.00,-0.07,0.12,0.00,0.00,-2.1,-0.0,191.4,64.35,0.10,0.000000,0.000000,0,1,7.71,0.00
1233819,-0.05,0.01,-0.07,0.00,-0.06,-0.18,-2.1,-0.0,191.4,64.36,0.10,0.000000,0.000000,0,1,7.71,0.00
1234125,-0.05,0.00,-0.07,0.06,-0.06,0.12,-2.1,-0.0,191.4,64.36,0.10,0.000000,0.000000,0,1,7.71,0.00
1234431,-0.05,0.01,-0.07,-0.06,-0.37,0.06,-2.1,-0.0,191.5,64.36,0.10,0.000000,0.000000,0,1,7.71,0.00
1234737,-0.05,0.00,-0.02,0.06,0.06,-0.06,-2.1,-0.0,191.5,64.36,0.11,0.000000,0.000000,0,1,7.70,0.00
1235043,-0.05,0.00,-0.05,-0.06,0.25,0.12,-2.1,-0.0,191.5,64.37,0.10,0.000000,0.000000,0,1,7.70,0.00
1235349,-0.05,0.00,-0.05,0.12,0.00,0.06,-2.1,-0.0,191.0,64.37,0.09,0.000000,0.000000,0,1,7.70,0.00
1235655,-0.05,-0.01,-0.05,-0.06,-0.06,-0.18,-2.1,-0.0,190.6,64.37,0.09,0.000000,0.000000,0,1,7.70,0.00
1235961,-0.07,0.00,-0.05,0.06,-0.25,-0.06,-2.1,-0.0,190.8,64.37,0.09,0.000000,0.000000,0,1,7.71,0.00
1236267,-0.07,-0.01,-0.07,0.06,0.12,-0.06,-2.1,-0.0,190.8,64.37,0.09,0.000000,0.000000,0,1,7.71,0.00
1236573,-0.07,0.00,-0.05,-0.12,0.12,-0.06,-2.1,-0.0,191.0,64.38,0.10,0.000000,0.000000,0,1,7.71,0.00
1236879,-0.05,0.00,-0.02,0.00,0.00,0.12,-2.1,-0.0,191.0,64.38,0.09,0.000000,0.000000,0,1,7.71,0.00
1237185,-0.03,0.00,-0.03,-0.06,0.12,0.31,-2.1,-0.0,191.0,64.38,0.10,0.000000,0.000000,0,1,7.71,0.00
1237491,-0.05,0.00,-0.05,0.00,-0.06,-0.06,-2.1,-0.0,191.0,64.38,0.09,0.000000,0.000000,0,1,7.71,0.00
1237797,-0.05,0.00,-0.01,0.00,-0.18,0.12,-2.1,-0.0,191.0,64.38,0.10,0.000000,0.000000,0,1,7.71,0.00
1238103,-0.03,-0.00,-0.02,0.06,0.06,-0.18,-2.1,-0.0,191.0,64.39,0.10,0.000000,0.000000,0,1,7.71,0.00
1238409,-0.02,0.00,-0.07,-0.06,0.12,0.18,-2.1,-0.0,191.0,64.39,0.10,0.000000,0.000000,0,1,7.71,0.00
1238715,-0.05,0.00,-0.09,0.06,-0.06,-0.18,-2.1,-0.0,191.0,64.39,0.10,0.000000,0.000000,0,1,7.71,0.00
1239021,-0.07,0.00,-0.05,0.06,0.06,0.00,-2.1,-0.0,191.0,64.39,0.10,0.000000,0.000000,0,1,7.71,0.00
1239327,-0.02,0.00,-0.05,0.12,0.00,-0.12,-2.1,-0.0,191.0,64.40,0.10,0.000000,0.000000,0,1,7.71,0.00
1239633,-0.05,0.00,-0.05,0.06,-0.06,0.06,-2.1,-0.0,190.7,64.40,0.11,0.000000,0.000000,0,1,7.71,0.00
1239939,-0.07,0.00,-0.07,0.06,0.00,0.12,-2.1,-0.0,190.9,64.40,0.11,0.000000,0.000000,0,1,7.71,0.00
1240245,-0.05,0.00,-0.05,-0.12,0.06,-0.18,-2.1,-0.0,191.0,64.40,0.11,0.000000,0.000000,0,1,7.71,0.00
1240551,-0.05,0.00,-0.01,-0.18,0.12,0.06,-2.1,-0.0,191.1,64.41,0.11,0.000000,0.000000,0,1,7.71,0.00
1240857,-0.05,0.00,-0.05,0.00,0.12,0.06,-2.1,-0.0,191.1,64.41,0.11,0.000000,0.000000,0,1,7.71,0.00
1241163,-0.05,0.00,-0.05,0.06,0.00,0.06,-2.1,-0.0,191.2,64.41,0.11,0.000000,0.000000,0,1,7.71,0.00
1241469,-0.07,0.00,-0.07,-0.06,0.18,0.00,-2.1,-0.0,190.8,64.41,0.11,0.000000,0.000000,0,1,7.71,0.00
1241775,-0.07,0.00,-0.07,0.00,0.25,-0.18,-2.1,-0.0,190.8,64.42,0.10,0.000000,0.000000,0,1,7.71,0.00
1242081,-0.05,0.00,-0.05,0.06,0.12,-0.06,-2.1,-0.0,190.8,64.42,0.10,0.000000,0.000000,0,1,7.71,0.00
1242387,-0.03,-0.00,-0.07,-0.06,0.12,-0.12,-2.1,-0.0,190.8,64.42,0.10,0.000000,0.000000,0,1,7.71,0.00
1242693,-0.07,-0.00,-0.03,-0.18,0.06,0.06,-2.1,-0.0,190.8,64.42,0.10,0.000000,0.000000,0,1,7.71,0.00
1242999,-0.07,-0.00,-0.05,0.06,-0.06,-0.06,-2.1,-0.0,190.8,64.42,0.10,0.000000,0.000000,0,1,7.71,0.00
1243305,-0.05,0.00,-0.03,-0.12,0.00,-0.18,-2.1,-0.0,190.8,64.42,0.10,0.000000,0.000000,0,1,7.71,0.00
1243611,-0.05,0.00,-0.09,0.00,-0.18,0.06,-2.1,-0.0,190.8,64.43,0.09,0.000000,0.000000,0,1,7.71,0.00
1244223,-0.03,0.00,-0.07,0.31,-0.06,0.06,-2.1,-0.0,190.8,64.43,0.09,0.000000,0.000000,0,1,7.71,0.00
1244529,-0.05,0.00,-0.05,0.12,0.00,0.18,-2.1,-0.0,190.9,64.43,0.10,0.000000,0.000000,0,1,7.71,0.00
1244835,-0.05,0.00,-0.05,0.00,-0.12,0.00,-2.1,-0.0,191.0,64.43,0.09,0.000000,0.000000,0,1,7.71,0.00
1245141,-0.05,0.00,-0.03,-0.06,-0.12,0.00,-2.1,-0.0,191.0,64.44,0.09,0.000000,0.000000,0,1,7.71,0.00
1245447,-0.05,-0.00,-0.02,0.00,-0.06,0.06,-2.1,-0.0,191.1,64.44,0.09,0.000000,0.000000,0,1,7.71,0.00
1245753,-0.03,0.00,-0.03,-0.06,0.12,0.25,-2.1,-0.0,190.7,64.44,0.10,0.000000,0.000000,0,1,7.71,0.00
1246059,-0.07,0.00,-0.02,0.00,-0.06,0.18,-2.1,-0.0,190.9,64.44,0.10,0.000000,0.000000,0,1,7.71,0.00
1246365,-0.07,0.00,-0.09,-0.12,0.00,0.37,-2.1,-0.0,191.0,64.44,0.10,0.000000,0.000000,0,1,7.71,0.00
1246671,-0.03,0.00,-0.05,-0.12,-0.12,-0.06,-2.1,-0.0,191.1,64.45,0.09,0.000000,0.000000,0,1,7.71,0.00
1246977,-0.02,-0.00,-0.07,-0.18,0.06,0.12,-2.1,-0.0,191.1,64.45,0.10,0.000000,0.000000,0,1,7.71,0.00
1247283,-0.05,0.00,-0.07,0.00,0.06,0.12,-2.1,-0.0,191.3,64.45,0.09,0.000000,0.000000,0,1,7.71,0.00
1247589,-0.07,-0.00,-0.05,-0.06,0.06,-0.25,-2.1,-0.0,191.0,64.45,0.10,0.000000,0.000000,0,1,7.71,0.00
1247895,-0.05,-0.00,-0.03,0.00,0.18,0.12,-2.1,-0.0,191.0,64.46,0.11,0.000000,0.000000,0,1,7.71,0.00
1248201,-0.03,0.00,-0.07,0.06,-0.12,0.06,-2.1,-0.0,191.0,64.46,0.11,0.000000,0.000000,0,1,7.71,0.00
1248507,-0.03,0.00,-0.03,0.00,0.00,-0.12,-2.1,-0.0,191.1,64.46,0.11,0.000000,0.000000,0,1,7.71,0.00
1248813,-0.05,0.00,-0.07,-0.06,0.06,0.12,-2.1,-0.0,191.2,64.46,0.11,0.000000,0.000000,0,1,7.71,0.00
1249119,-0.05,0.00,-0.07,0.00,0.00,-0.06,-2.1,-0.0,191.2,64.46,0.11,0.000000,0.000000,0,1,7.71,0.00
1249425,-0.05,0.00,-0.07,-0.12,-0.18,0.00,-2.1,-0.0,190.9,64.46,0.12,0.000000,0.000000,0,1,7.71,0.00
1249731,-0.05,0.00,-0.05,-0.06,0.00,0.06,-2.1,-0.0,190.5,64.47,0.11,0.000000,0.000000,0,1,7.71,0.00
1250037,-0.05,-0.00,-0.03,0.00,-0.12,0.00,-2.1,-0.0,190.7,64.47,0.11,0.000000,0.000000,0,1,7.71,0.00
1250343,-0.02,0.00,-0.05,-0.06,-0.12,-0.18,-2.1,-0.0,191.0,64.47,0.12,0.000000,0.000000,0,1,7.71,0.00
1250649,-0.07,0.00,-0.02,0.00,0.06,0.18,-2.1,-0.0,191.0,64.48,0.11,0.000000,0.000000,0,1,7.71,0.00
1250955,-0.05,-0.02,-0.03,-0.06,-0.06,0.06,-2.1,-0.0,191.1,64.48,0.12,0.000000,0.000000,0,1,7.70,0.00
1251261,-0.07,0.01,-0.07,-0.06,-0.06,0.00,-2.1,-0.0,191.1,64.48,0.11,0.000000,0.000000,0,1,7.70,0.00
1251567,-0.07,0.00,-0.07,-0.06,0.00,0.00,-2.1,-0.0,190.8,64.48,0.12,0.000000,0.000000,0,1,7.70,0.00
1251873,-0.05,-0.00,-0.05,0.00,0.00,-0.06,-2.1,-0.0,191.0,64.48,0.12,0.000000,0.000000,0,1,7.70,0.00
1252179,-0.05,-0.01,-0.07,0.00,0.00,-0.37,-2.1,-0.0,191.1,64.48,0.11,0.000000,0.000000,0,1,7.70,0.00
1252485,-0.05,-0.00,-0.05,-0.06,0.12,0.18,-2.1,-0.0,191.1,64.49,0.11,0.000000,0.000000,0,1,7.70,0.00
1252791,-0.05,0.00,-0.05,-0.06,0.12,0.00,-2.1,-0.0,191.3,64.49,0.11,0.000000,0.000000,0,1,7.70,0.00
1253403,-0.05,0.00,-0.03,0.00,0.00,-0.06,-2.1,-0.0,191.1,64.49,0.11,0.000000,0.000000,0,1,7.71,0.00
1253709,-0.05,0.00,-0.07,0.06,0.12,-0.12,-2.1,-0.0,190.8,64.50,0.11,0.000000,0.000000,0,1,7.71,0.00
1254015,-0.05,-0.00,-0.03,0.12,-0.25,0.06,-2.1,-0.0,190.8,64.50,0.11,0.000000,0.000000,0,1,7.71,0.00
1254321,-0.03,0.01,-0.05,0.06,-0.18,0.12,-2.1,-0.0,191.0,64.50,0.11,0.000000,0.000000,0,1,7.71,0.00
1254627,-0.05,0.00,-0.07,0.00,-0.06,0.31,-2.1,-0.0,191.3,64.50,0.11,0.000000,0.000000,0,1,7.71,0.00
1254933,-0.05,0.00,-0.05,0.00,0.06,0.00,-2.1,-0.0,190.9,64.50,0.11,0.000000,0.000000,0,1,7.71,0.00
1255239,-0.03,0.00,-0.05,0.00,0.00,-0.06,-2.1,-0.0,191.1,64.51,0.11,0.000000,0.000000,0,1,7.71,0.00
1255545,-0.05,0.00,-0.02,0.06,0.06,-0.06,-2.1,-0.0,191.1,64.51,0.11,0.000000,0.000000,0,1,7.71,0.00
1255851,-0.05,0.00,-0.07,0.18,0.12,-0.06,-2.1,-0.0,191.1,64.51,0.10,0.000000,0.000000,0,1,7.71,0.00
1256157,-0.05,0.02,-0.05,0.12,0.12,0.00,-2.1,-0.0,191.1,64.51,0.11,0.000000,0.000000,0,1,7.71,0.00
1256463,-0.05,0.01,-0.03,0.06,0.06,0.06,-2.1,-0.0,191.1,64.51,0.10,0.000000,0.000000,0,1,7.71,0.00
1256769,-0.05,0.01,-0.05,0.00,-0.12,-0.25,-2.1,-0.0,191.1,64.52,0.09,0.000000,0.000000,0,1,7.71,0.00
1257075,-0.05,-0.00,-0.07,-0.06,-0.12,0.18,-2.1,-0.0,191.1,64.52,0.10,0.000000,0.000000,0,1,7.71,0.00
1257381,-0.05,0.00,-0.07,-0.12,-0.06,-0.06,-2.1,-0.0,191.1,64.52,0.10,0.000000,0.000000,0,1,7.71,0.00
1257687,-0.05,0.00,-0.05,-0.12,-0.12,-0.18,-2.1,-0.0,191.1,64.52,0.10,0.000000,0.000000,0,1,7.71,0.00
1257993,-0.05,-0.00,-0.01,-0.06,0.06,0.00,-2.1,-0.0,191.1,64.53,0.10,0.000000,0.000000,0,1,7.71,0.00
1258299,-0.03,0.00,-0.05,0.00,-0.06,0.06,-2.1,-0.0,191.1,64.53,0.09,0.000000,0.000000,0,1,7.71,0.00
1258605,-0.05,-0.01,-0.05,0.00,0.00,-0.18,-2.1,-0.0,191.1,64.53,0.11,0.000000,0.000000,0,1,7.71,0.00
1258911,-0.05,0.00,-0.05,-0.06,0.00,0.18,-2.1,-0.0,191.1,64.53,0.10,0.000000,0.000000,0,1,7.71,0.00
1259217,-0.07,0.00,-0.05,-0.06,-0.06,0.00,-2.1,-0.0,191.1,64.53,0.09,0.000000,0.000000,0,1,7.71,0.00
1259523,-0.03,0.00,-0.05,0.06,0.06,0.31,-2.1,-0.0,191.1,64.53,0.10,0.000000,0.000000,0,1,7.71,0.00
1259829,-0.05,0.00,-0.07,0.12,0.12,-0.12,-2.1,-0.0,190.9,64.53,0.10,0.000000,0.000000,0,1,7.71,0.00
1260135,-0.03,0.00,-0.07,0.00,-0.12,-0.06,-2.1,-0.0,191.0,64.54,0.10,0.000000,0.000000,0,1,7.71,0.00
1260441,-0.05,0.00,-0.05,0.00,0.00,0.18,-2.1,-0.0,191.1,64.54,0.10,0.000000,0.000000,0,1,7.71,0.00
1260747,-0.07,0.00,-0.05,-0.06,0.06,0.25,-2.1,-0.0,191.1,64.54,0.09,0.000000,0.000000,0,1,7.71,0.00
1261053,-0.03,0.00,-0.03,0.00,0.12,-0.12,-2.1,-0.0,191.3,64.54,0.10,0.000000,0.000000,0,1,7.74,0.00
1261359,-0.07,0.00,-0.05,-0.06,0.12,0.06,-2.1,-0.0,191.3,64.55,0.10,0.000000,0.000000,0,1,7.74,0.00
1261665,-0.07,0.00,-0.02,-0.06,0.00,-0.12,-2.1,-0.0,190.8,64.55,0.10,0.000000,0.000000,0,1,7.74,0.00
1261971,-0.05,0.00,-0.01,-0.12,-0.06,-0.06,-2.1,-0.0,190.6,64.55,0.10,0.000000,0.000000,0,1,7.71,0.00
1262277,-0.05,0.00,-0.03,0.12,-0.06,-0.18,-2.1,-0.0,190.6,64.55,0.10,0.000000,0.000000,0,1,7.71,0.00
1262583,-0.05,0.00,-0.05,0.00,0.18,-0.37,-2.1,-0.0,191.0,64.56,0.10,0.000000,0.000000,0,1,7.71,0.00
1262889,-0.07,0.00,-0.07,-0.06,0.06,0.25,-2.1,-0.0,191.1,64.56,0.11,0.000000,0.000000,0,1,7.71,0.00
1263195,-0.02,-0.00,-0.03,0.12,0.06,0.12,-2.1,-0.0,191.1,64.56,0.11,0.000000,0.000000,0,1,7.72,0.00
1263501,-0.05,0.00,-0.05,0.00,0.06,0.12,-2.1,-0.0,191.1,64.56,0.11,0.000000,0.000000,0,1,7.72,0.00
1263807,-0.07,0.00,-0.05,0.06,0.00,0.18,-2.1,-0.0,191.1,64.56,0.11,0.000000,0.000000,0,1,7.72,0.00
1264419,-0.05,-0.01,-0.05,0.06,0.18,-0.06,-2.1,-0.0,191.0,64.57,0.11,0.000000,0.000000,0,1,7.71,0.00
1264725,-0.05,0.00,-0.05,0.12,0.06,-0.06,-2.1,-0.0,191.0,64.57,0.11,0.000000,0.000000,0,1,7.71,0.00
1265031,-0.05,0.00,-0.03,0.00,0.12,0.06,-2.1,-0.0,191.3,64.57,0.11,0.000000,0.000000,0,1,7.71,0.00
1265337,-0.05,0.00,-0.07,0.00,-0.31,0.12,-2.1,-0.0,191.4,64.57,0.10,0.000000,0.000000,0,1,7.71,0.00
1265643,-0.07,-0.00,-0.05,-0.12,0.00,0.00,-2.1,-0.0,191.5,64.58,0.10,0.000000,0.000000,0,1,7.71,0.00
1265949,-0.05,0.00,-0.07,-0.12,-0.06,0.18,-2.1,-0.0,191.5,64.58,0.11,0.000000,0.000000,0,1,7.71,0.00
1266255,-0.05,0.00,-0.05,0.06,0.25,0.12,-2.1,-0.0,191.5,64.58,0.12,0.000000,0.000000,0,1,7.71,0.00
1266561,-0.05,0.00,-0.05,0.06,-0.12,-0.06,-2.1,-0.0,191.0,64.58,0.11,0.000000,0.000000,0,1,7.71,0.00
1266867,-0.07,0.00,-0.02,-0.12,0.12,0.18,-2.1,-0.0,191.0,64.59,0.11,0.000000,0.000000,0,1,7.71,0.00
1267173,-0.03,0.00,-0.02,-0.06,0.06,-0.06,-2.1,-0.0,191.0,64.59,0.12,0.000000,0.000000,0,1,7.71,0.00
1267479,-0.03,0.00,-0.05,0.00,0.06,-0.12,-2.1,-0.0,191.0,64.59,0.12,0.000000,0.000000,0,1,7.71,0.00
1267785,-0.07,-0.00,-0.03,0.00,0.12,0.18,-2.1,-0.0,191.0,64.59,0.12,0.000000,0.000000,0,1,7.71,0.00
1268091,-0.05,0.00,-0.05,0.06,-0.06,-0.18,-2.1,-0.0,191.2,64.59,0.12,0.000000,0.000000,0,1,7.71,0.00
1268397,-0.05,-0.00,-0.05,0.12,0.06,0.18,-2.1,-0.0,191.0,64.60,0.13,0.000000,0.000000,0,1,7.71,0.00
1268703,-0.05,0.00,-0.05,-0.06,0.06,-0.12,-2.1,-0.0,191.0,64.60,0.13,0.000000,0.000000,0,1,7.71,0.00
1269009,-0.03,0.00,-0.05,0.00,0.12,-0.06,-2.1,-0.0,191.1,64.60,0.12,0.000000,0.000000,0,1,7.71,0.00
1269315,-0.05,0.00,-0.07,0.06,0.12,0.18,-2.1,-0.0,191.1,64.60,0.12,0.000000,0.000000,0,1,7.71,0.00
1269621,-0.05,-0.01,-0.05,-0.06,0.18,-0.18,-2.1,-0.0,191.1,64.60,0.12,0.000000,0.000000,0,1,7.71,0.00
1269927,-0.03,-0.00,-0.07,-0.06,0.18,0.12,-2.1,-0.0,191.1,64.61,0.12,0.000000,0.000000,0,1,7.71,0.00
1270233,-0.05,0.00,-0.05,0.00,0.18,0.06,-2.1,-0.0,191.1,64.61,0.12,0.000000,0.000000,0,1,7.70,0.00
1270539,-0.05,0.00,-0.05,0.06,-0.18,0.06,-2.1,-0.0,191.1,64.61,0.12,0.000000,0.000000,0,1,7.70,0.00
1271151,-0.05,0.00,-0.03,0.12,0.00,0.31,-2.1,-0.0,191.1,64.62,0.12,0.000000,0.000000,0,1,7.70,0.00
1271457,-0.03,0.00,-0.05,0.00,0.00,-0.18,-2.1,-0.0,191.1,64.62,0.12,0.000000,0.000000,0,1,7.70,0.00
1271763,-0.05,0.00,-0.05,0.00,0.00,0.00,-2.1,-0.0,191.1,64.62,0.12,0.000000,0.000000,0,1,7.70,0.00
1272069,-0.05,-0.00,-0.05,-0.06,-0.12,-0.06,-2.1,-0.0,191.1,64.62,0.12,0.000000,0.000000,0,1,7.74,0.00
1272375,-0.05,0.00,-0.02,-0.06,0.00,0.12,-2.1,-0.0,191.1,64.62,0.12,0.000000,0.000000,0,1,7.74,0.00
1272681,-0.03,0.00,-0.05,-0.06,-0.06,0.06,-2.1,-0.0,191.1,64.63,0.12,0.000000,0.000000,0,1,7.74,0.00
1272987,-0.03,-0.00,-0.07,-0.06,0.37,-0.25,-2.1,-0.0,191.1,64.63,0.12,0.000000,0.000000,0,1,7.74,0.00
1273293,-0.05,-0.01,-0.09,-0.06,0.06,-0.18,-2.1,-0.0,191.1,64.63,0.12,0.000000,0.000000,0,1,7.71,0.00
1273599,-0.05,0.00,-0.03,0.06,0.18,0.06,-2.1,-0.0,191.1,64.63,0.12,0.000000,0.000000,0,1,7.71,0.00
1273905,-0.05,0.00,-0.07,0.06,-0.12,0.12,-2.1,-0.0,191.1,64.64,0.12,0.000000,0.000000,0,1,7.71,0.00
1274211,-0.05,0.00,-0.07,0.00,-0.06,-0.25,-2.1,-0.0,191.1,64.64,0.12,0.000000,0.000000,0,1,7.70,0.00
1274517,-0.05,0.00,-0.05,0.06,0.06,0.12,-2.1,-0.0,190.8,64.64,0.12,0.000000,0.000000,0,1,7.70,0.00
1274823,-0.05,0.00,-0.05,0.06,0.12,-0.12,-2.1,-0.0,191.1,64.64,0.13,0.000000,0.000000,0,1,7.70,0.00
1275129,-0.05,0.00,-0.07,0.00,-0.06,0.18,-2.1,-0.0,191.1,64.64,0.13,0.000000,0.000000,0,1,7.71,0.00
1275741,-0.07,0.00,-0.05,0.00,-0.12,0.00,-2.1,-0.0,191.3,64.65,0.12,0.000000,0.000000,0,1,7.71,0.00
1276047,-0.05,0.00,-0.05,0.06,0.00,-0.12,-2.1,-0.0,191.4,64.65,0.12,0.000000,0.000000,0,1,7.71,0.00
1276659,-0.05,0.00,-0.05,0.06,0.12,0.00,-2.1,-0.0,191.3,64.65,0.12,0.000000,0.000000,0,1,7.71,0.00
1276965,-0.05,-0.01,-0.03,0.00,-0.12,-0.06,-2.1,-0.0,191.3,64.65,0.12,0.000000,0.000000,0,1,7.71,0.00
1277271,-0.05,0.00,-0.01,-0.06,-0.12,-0.12,-2.1,-0.0,191.3,64.66,0.13,0.000000,0.000000,0,1,7.71,0.00
1277883,-0.05,-0.00,-0.09,0.12,0.00,-0.12,-2.1,-0.0,191.3,64.66,0.12,0.000000,0.000000,0,1,7.71,0.00
1278495,-0.02,-0.00,-0.05,0.00,0.06,-0.06,-2.1,-0.0,191.3,64.67,0.12,0.000000,0.000000,0,1,7.71,0.00
1278801,-0.05,0.00,-0.03,-0.18,0.00,0.06,-2.1,-0.0,191.3,64.67,0.12,0.000000,0.000000,0,1,7.71,0.00
1279107,-0.05,0.00,-0.02,-0.06,0.00,0.18,-2.1,-0.0,191.3,64.67,0.12,0.000000,0.000000,0,1,7.71,0.00
1279413,-0.03,0.00,-0.05,0.12,0.00,0.18,-2.1,-0.0,191.3,64.67,0.12,0.000000,0.000000,0,1,7.71,0.00
1279719,-0.01,-0.01,-0.05,0.06,-0.06,-0.18,-2.1,-0.0,191.3,64.67,0.11,0.000000,0.000000,0,1,7.71,0.00
1280025,-0.05,-0.00,-0.05,0.00,-0.06,0.12,-2.1,-0.0,191.3,64.67,0.13,0.000000,0.000000,0,1,7.71,0.00
1280637,-0.07,0.00,-0.05,0.00,0.12,0.31,-2.1,-0.0,190.8,64.68,0.12,0.000000,0.000000,0,1,7.70,0.00
1280943,-0.03,0.00,-0.05,0.00,0.31,-0.06,-2.1,-0.0,191.0,64.68,0.12,0.000000,0.000000,0,1,7.70,0.00
1281249,-0.05,0.00,-0.05,-0.12,0.00,0.18,-2.1,-0.0,191.0,64.68,0.12,0.000000,0.000000,0,1,7.70,0.00
1281555,-0.07,0.00,-0.05,0.06,0.00,-0.12,-2.1,-0.0,191.0,64.69,0.12,0.000000,0.000000,0,1,7.70,0.00
1281861,-0.01,0.00,-0.02,0.00,0.12,-0.37,-2.1,-0.0,191.3,64.69,0.12,0.000000,0.000000,0,1,7.70,0.00
1282473,-0.05,-0.01,-0.07,-0.06,-0.18,0.00,-2.1,-0.0,191.0,64.69,0.13,0.000000,0.000000,0,1,7.70,0.00
1282779,-0.05,-0.01,-0.09,-0.06,0.18,0.06,-2.1,-0.0,191.0,64.69,0.12,0.000000,0.000000,0,1,7.70,0.00
1283085,-0.05,-0.01,-0.07,-0.06,-0.06,-0.06,-2.1,-0.0,191.0,64.70,0.13,0.000000,0.000000,0,1,7.70,0.00
1283391,0.00,-0.01,-0.09,0.12,0.18,0.00,-2.1,-0.0,191.0,64.70,0.13,0.000000,0.000000,0,1,7.70,0.00
1283697,-0.07,0.00,-0.07,-0.56,0.12,0.06,-2.1,-0.0,191.0,64.70,0.13,0.000000,0.000000,0,1,7.70,0.00
1284003,0.03,-0.01,-0.09,-1.43,0.68,0.25,-2.1,-0.1,190.5,64.70,0.13,0.000000,0.000000,0,1,7.70,0.00
1284309,-0.00,-0.11,-0.10,-3.00,0.50,0.00,-2.0,-0.0,190.8,64.70,0.13,0.000000,0.000000,0,1,7.70,0.00
1284615,-0.13,0.01,-0.07,-0.25,-1.43,-0.06,-2.1,-0.0,190.8,64.70,0.14,0.000000,0.000000,0,1,7.70,0.00
1285227,-0.05,0.00,-0.02,0.00,0.62,0.06,-2.1,-0.0,191.0,64.71,0.14,0.000000,0.000000,0,1,7.70,0.00
1285533,-0.02,0.01,-0.05,0.43,0.06,0.12,-2.1,-0.0,191.1,64.71,0.14,0.000000,0.000000,0,1,7.70,0.00
1285839,-0.07,-0.09,-0.05,-0.12,0.93,-0.12,-2.1,0.0,191.1,64.71,0.14,0.000000,0.000000,0,1,7.70,0.00
1286145,0.00,0.00,-0.07,0.50,-0.68,-0.31,-2.1,-0.0,190.6,64.72,0.14,0.000000,0.000000,0,1,7.70,0.00
1286451,-0.05,0.00,-0.05,-0.37,0.43,-0.06,-2.1,-0.0,190.6,64.72,0.14,0.000000,0.000000,0,1,7.70,0.00
1287063,-0.02,-0.00,-0.01,0.00,-0.06,-0.12,-2.1,-0.0,190.8,64.72,0.13,0.000000,0.000000,0,1,7.70,0.00
1287369,-0.05,0.00,-0.02,-0.12,0.25,0.18,-2.1,-0.0,191.0,64.72,0.14,0.000000,0.000000,0,1,7.70,0.00
1287675,-0.03,0.00,-0.05,0.00,-0.06,0.12,-2.1,-0.0,191.1,64.73,0.13,0.000000,0.000000,0,1,7.70,0.00
1287981,-0.05,0.00,-0.05,0.00,-0.06,0.00,-2.1,-0.0,191.3,64.73,0.14,0.000000,0.000000,0,1,7.70,0.00
1288287,-0.01,0.00,-0.07,0.06,0.00,0.12,-2.1,-0.0,191.3,64.73,0.14,0.000000,0.000000,0,1,7.74,0.00
1288593,-0.05,0.00,-0.07,0.06,-0.06,0.18,-2.1,-0.0,191.3,64.73,0.14,0.000000,0.000000,0,1,7.74,0.00
1288899,-0.05,0.00,-0.07,0.06,-0.06,0.00,-2.1,-0.0,190.9,64.74,0.14,0.000000,0.000000,0,1,7.74,0.00
1289205,-0.07,-0.00,-0.07,0.00,0.12,0.18,-2.1,-0.0,190.9,64.74,0.14,0.000000,0.000000,0,1,7.70,0.00
1289511,-0.05,0.00,-0.05,0.12,-0.06,0.00,-2.1,-0.0,191.0,64.74,0.14,0.000000,0.000000,0,1,7.70,0.00
1289817,-0.02,0.00,-0.02,0.00,0.06,0.00,-2.1,-0.0,191.1,64.74,0.14,0.000000,0.000000,0,1,7.70,0.00
1290123,-0.01,0.00,-0.07,-0.06,0.00,0.06,-2.1,-0.0,191.2,64.74,0.15,0.000000,0.000000,0,1,7.70,0.00
1290735,-0.05,0.00,-0.07,-0.06,-0.25,-0.06,-2.1,-0.0,191.3,64.75,0.14,0.000000,0.000000,0,1,7.71,0.00
1291041,-0.05,-0.00,-0.03,0.00,0.00,-0.18,-2.1,-0.0,191.1,64.75,0.13,0.000000,0.000000,0,1,7.71,0.00
1291347,-0.05,-0.00,-0.07,0.00,0.00,0.06,-2.1,-0.0,191.1,64.75,0.13,0.000000,0.000000,0,1,7.70,0.00
1291653,-0.02,0.00,-0.07,0.12,0.18,-0.06,-2.1,-0.0,191.3,64.76,0.13,0.000000,0.000000,0,1,7.70,0.00
1291959,-0.03,0.00,-0.07,0.00,0.00,0.00,-2.1,-0.0,191.1,64.75,0.13,0.000000,0.000000,0,1,7.70,0.00
1292265,-0.02,0.01,-0.02,0.06,0.12,0.06,-2.1,-0.0,191.3,64.76,0.13,0.000000,0.000000,0,1,7.70,0.00
1292877,-0.03,0.00,-0.05,0.06,-0.06,-0.18,-2.1,-0.0,191.3,64.76,0.14,0.000000,0.000000,0,1,7.70,0.00
1293183,-0.03,0.00,-0.03,-0.06,0.12,0.12,-2.1,-0.0,191.3,64.76,0.14,0.000000,0.000000,0,1,7.70,0.00
1293489,-0.01,-0.00,-0.07,0.00,-0.06,0.12,-2.1,-0.0,191.3,64.77,0.15,0.000000,0.000000,0,1,7.71,0.00
1293795,-0.05,0.00,-0.07,0.00,-0.06,0.00,-2.1,-0.0,191.3,64.77,0.14,0.000000,0.000000,0,1,7.71,0.00
1294101,-0.03,0.00,-0.05,0.00,0.06,-0.12,-2.1,-0.0,191.3,64.77,0.15,0.000000,0.000000,0,1,7.71,0.00
1294407,-0.05,0.00,-0.05,0.06,0.00,-0.31,-2.1,-0.0,191.3,64.77,0.14,0.000000,0.000000,0,1,7.70,0.00
1294713,-0.05,0.00,-0.03,0.06,-0.18,0.00,-2.1,-0.0,191.3,64.78,0.14,0.000000,0.000000,0,1,7.70,0.00
1295325,-0.02,0.00,-0.05,0.06,-0.12,-0.25,-2.1,-0.0,191.0,64.78,0.14,0.000000,0.000000,0,1,7.70,0.00
1295631,0.00,0.00,-0.05,-0.06,0.00,-0.12,-2.1,-0.0,190.8,64.78,0.14,0.000000,0.000000,0,1,7.70,0.00
1295937,-0.03,0.00,-0.02,-0.06,0.12,-0.18,-2.1,-0.0,191.0,64.78,0.15,0.000000,0.000000,0,1,7.70,0.00
1296243,-0.02,-0.00,-0.03,0.00,-0.06,-0.31,-2.1,-0.0,191.1,64.78,0.15,0.000000,0.000000,0,1,7.70,0.00
1296549,-0.05,0.02,-0.05,-0.25,-0.31,0.00,-2.1,-0.1,191.3,64.79,0.15,0.000000,0.000000,0,1,7.70,0.00
1296855,-0.03,-0.00,-0.03,-0.18,-0.06,-0.25,-2.1,-0.0,191.3,64.79,0.15,0.000000,0.000000,0,1,7.70,0.00
1297467,-0.02,0.00,-0.05,0.00,0.00,0.00,-2.1,-0.0,190.6,64.79,0.15,0.000000,0.000000,0,1,7.70,0.00
1297773,-0.03,0.02,-0.03,0.06,0.06,-0.12,-2.1,-0.0,190.8,64.79,0.15,0.000000,0.000000,0,1,7.70,0.00
1298079,-0.02,0.00,-0.05,0.00,-0.12,0.18,-2.1,-0.0,190.9,64.80,0.16,0.000000,0.000000,0,1,7.70,0.00
1298385,-0.03,0.03,-0.07,-0.06,-0.06,-0.12,-2.1,-0.0,191.1,64.80,0.16,0.000000,0.000000,0,1,7.70,0.00
1298691,-0.05,0.00,-0.07,0.06,0.06,-0.12,-2.1,-0.0,190.6,64.80,0.16,0.000000,0.000000,0,1,7.70,0.00
1298997,-0.05,-0.00,-0.05,0.00,0.00,0.06,-2.1,-0.0,190.8,64.80,0.16,0.000000,0.000000,0,1,7.70,0.00
1299303,-0.02,0.05,-0.05,0.18,-0.18,0.12,-2.1,-0.0,190.9,64.80,0.16,0.000000,0.000000,0,1,7.70,0.00
1299609,-0.05,0.01,-0.05,0.50,-0.25,0.12,-2.1,-0.0,191.1,64.80,0.15,0.000000,0.000000,0,1,7.70,0.00
1300221,-0.02,0.02,-0.03,-0.06,-0.12,0.18,-2.1,-0.0,191.3,64.81,0.15,0.000000,0.000000,0,1,7.70,0.00
1300527,-0.05,0.02,-0.03,0.06,-0.06,0.06,-2.1,-0.0,191.1,64.81,0.15,0.000000,0.000000,0,1,7.70,0.00
1300833,-0.01,0.02,-0.05,0.00,0.00,0.06,-2.1,-0.0,190.7,64.81,0.15,0.000000,0.000000,0,1,7.70,0.00
1301139,-0.03,0.03,-0.02,-0.12,-0.18,0.06,-2.1,-0.0,190.9,64.82,0.16,0.000000,0.000000,0,1,7.70,0.00
1301445,-0.05,0.01,-0.03,-0.06,-0.12,0.06,-2.1,-0.0,191.0,64.82,0.15,0.000000,0.000000,0,1,7.70,0.00
1301751,-0.05,0.00,-0.07,-0.06,0.06,-0.06,-2.1,-0.0,191.2,64.82,0.16,0.000000,0.000000,0,1,7.70,0.00
1302057,-0.05,0.03,-0.05,0.00,0.00,0.00,-2.1,-0.0,191.4,64.82,0.16,0.000000,0.000000,0,1,7.70,0.00
1302363,-0.05,0.00,-0.05,-0.06,-0.12,0.18,-2.1,-0.0,191.3,64.82,0.15,0.000000,0.000000,0,1,7.70,0.00
1302669,-0.02,0.01,-0.02,0.06,-0.12,0.06,-2.1,-0.0,191.0,64.83,0.16,0.000000,0.000000,0,1,7.70,0.00
1302975,-0.05,0.01,-0.05,0.00,0.00,-0.06,-2.1,-0.0,190.6,64.83,0.15,0.000000,0.000000,0,1,7.70,0.00
1303281,-0.03,0.01,-0.02,-0.12,-0.06,-0.12,-2.1,-0.0,190.6,64.83,0.16,0.000000,0.000000,0,1,7.70,0.00
1303893,-0.05,0.02,-0.05,0.18,-0.06,0.25,-2.1,-0.0,191.0,64.83,0.16,0.000000,0.000000,0,1,7.70,0.00
1304199,-0.05,0.00,-0.03,-0.06,-0.18,0.06,-2.1,-0.0,191.1,64.84,0.16,0.000000,0.000000,0,1,7.70,0.00
1304505,-0.05,0.02,-0.05,0.12,0.06,-0.12,-2.1,-0.0,191.1,64.84,0.16,0.000000,0.000000,0,1,7.74,0.00
1304811,-0.02,0.00,-0.07,-0.12,-0.25,0.12,-2.1,-0.0,190.9,64.84,0.15,0.000000,0.000000,0,1,7.74,0.00
1305423,-0.03,0.03,-0.03,0.12,-0.18,0.12,-2.1,-0.0,191.0,64.85,0.16,0.000000,0.000000,0,1,7.70,0.00
1305729,-0.05,0.02,-0.05,0.12,0.06,0.12,-2.1,-0.0,191.0,64.85,0.15,0.000000,0.000000,0,1,7.70,0.00
1306035,-0.03,0.01,-0.07,-0.06,0.00,-0.06,-2.1,-0.0,191.0,64.85,0.15,0.000000,0.000000,0,1,7.70,0.00
1306341,-0.05,0.00,-0.07,0.06,-0.12,-0.12,-2.1,-0.0,191.0,64.85,0.15,0.000000,0.000000,0,1,7.70,0.00
1306647,-0.05,0.01,-0.07,-0.06,0.06,-0.06,-2.1,-0.0,191.0,64.85,0.15,0.000000,0.000000,0,1,7.70,0.00
1306953,-0.05,0.02,-0.07,-0.18,-0.06,0.25,-2.1,-0.0,191.0,64.86,0.15,0.000000,0.000000,0,1,7.70,0.00
1307259,-0.05,0.01,-0.07,-0.06,0.00,-0.06,-2.1,-0.0,191.0,64.86,0.15,0.000000,0.000000,0,1,7.70,0.00
1307565,-0.05,0.02,-0.05,0.06,-0.06,-0.12,-2.1,-0.0,191.0,64.86,0.15,0.000000,0.000000,0,1,7.70,0.00
1307871,-0.03,0.02,-0.07,-0.06,-0.06,0.06,-2.1,-0.0,191.0,64.86,0.16,0.000000,0.000000,0,1,7.70,0.00
1308483,-0.03,0.03,-0.03,-0.06,-0.06,0.00,-2.1,-0.0,191.0,64.87,0.15,0.000000,0.000000,0,1,7.70,0.00
1308789,-0.02,0.00,-0.05,0.00,-0.12,0.06,-2.1,-0.0,190.6,64.87,0.16,0.000000,0.000000,0,1,7.70,0.00
1309095,-0.05,0.01,-0.05,0.06,0.00,0.06,-2.1,-0.0,190.6,64.87,0.16,0.000000,0.000000,0,1,7.70,0.00
1309401,-0.05,0.05,-0.07,-0.12,0.25,0.12,-2.1,-0.0,191.0,64.87,0.16,0.000000,0.000000,0,1,7.70,0.00
1309707,-0.02,0.00,-0.07,0.00,0.00,0.00,-2.1,-0.0,191.1,64.87,0.15,0.000000,0.000000,0,1,7.70,0.00
1310013,-0.05,0.02,-0.05,0.12,0.12,0.18,-2.1,-0.0,191.2,64.88,0.15,0.000000,0.000000,0,1,7.70,0.00
1310319,-0.03,0.00,-0.03,0.00,-0.12,-0.06,-2.1,-0.0,191.3,64.88,0.16,0.000000,0.000000,0,1,7.70,0.00
1310625,-0.07,0.01,-0.07,-0.18,0.18,0.25,-2.1,-0.0,191.0,64.88,0.16,0.000000,0.000000,0,1,7.70,0.00
1310931,-0.05,0.00,-0.07,0.06,0.00,-0.18,-2.1,-0.0,191.0,64.88,0.15,0.000000,0.000000,0,1,7.70,0.00
1311543,-0.05,0.02,-0.05,-0.06,-0.06,0.25,-2.1,-0.0,191.0,64.88,0.15,0.000000,0.000000,0,1,7.70,0.00
1311849,-0.05,0.01,-0.07,0.00,0.00,0.06,-2.1,-0.0,191.0,64.89,0.16,0.000000,0.000000,0,1,7.70,0.00
1312155,-0.05,0.03,-0.07,0.12,0.12,0.00,-2.1,-0.0,191.0,64.89,0.17,0.000000,0.000000,0,1,7.70,0.00
1312461,-0.05,0.03,-0.05,0.12,-0.12,0.12,-2.1,-0.0,191.0,64.89,0.16,0.000000,0.000000,0,1,7.70,0.00
1312767,-0.05,0.05,-0.07,-0.06,0.00,-0.06,-2.1,-0.0,191.0,64.89,0.16,0.000000,0.000000,0,1,7.70,0.00
1313073,-0.03,0.01,-0.07,-0.06,0.00,0.12,-2.1,-0.0,190.5,64.90,0.16,0.000000,0.000000,0,1,7.70,0.00
1313685,-0.03,0.00,-0.07,0.06,0.00,-0.06,-2.1,-0.0,190.8,64.90,0.18,0.000000,0.000000,0,1,7.70,0.00
1313991,-0.03,0.05,-0.07,0.00,0.12,0.18,-2.1,-0.0,191.1,64.90,0.17,0.000000,0.000000,0,1,7.70,0.00
1314297,-0.05,0.00,-0.07,-0.12,0.00,0.12,-2.1,-0.0,191.2,64.90,0.17,0.000000,0.000000,0,1,7.70,0.00
1314603,-0.03,0.03,-0.05,0.00,-0.06,0.00,-2.1,-0.0,191.3,64.91,0.18,0.000000,0.000000,0,1,7.70,0.00
1314909,-0.03,0.02,-0.05,0.00,0.06,0.12,-2.1,-0.0,191.3,64.91,0.17,0.000000,0.000000,0,1,7.70,0.00
1315215,-0.05,0.01,-0.07,0.12,0.06,-0.12,-2.1,-0.0,191.3,64.91,0.17,0.000000,0.000000,0,1,7.70,0.00
1315521,-0.05,0.00,-0.07,0.12,0.00,0.31,-2.1,-0.0,191.3,64.91,0.17,0.000000,0.000000,0,1,7.70,0.00
1315827,-0.05,0.03,-0.03,-0.12,0.00,-0.18,-2.1,-0.0,191.3,64.91,0.17,0.000000,0.000000,0,1,7.70,0.00
1316133,-0.05,0.02,-0.03,-0.06,-0.06,0.18,-2.1,-0.0,191.3,64.91,0.17,0.000000,0.000000,0,1,7.70,0.00
1316439,-0.03,0.00,-0.05,-0.06,0.06,0.31,-2.1,-0.0,191.3,64.92,0.18,0.000000,0.000000,0,1,7.70,0.00
1317051,-0.05,0.02,-0.05,0.06,-0.18,0.12,-2.1,-0.0,191.3,64.92,0.16,0.000000,0.000000,0,1,7.69,0.00
1317357,-0.05,0.05,-0.07,0.06,0.12,0.06,-2.1,-0.0,190.9,64.92,0.17,0.000000,0.000000,0,1,7.69,0.00
1317663,-0.05,0.03,-0.05,0.00,-0.06,-0.12,-2.1,-0.0,190.9,64.93,0.17,0.000000,0.000000,0,1,7.70,0.00
1317969,-0.05,0.02,-0.05,-0.06,0.00,-0.12,-2.1,-0.0,190.6,64.93,0.17,0.000000,0.000000,0,1,7.70,0.00
1318275,-0.03,0.00,-0.05,0.00,-0.12,-0.12,-2.1,-0.0,190.8,64.93,0.16,0.000000,0.000000,0,1,7.70,0.00
1318581,-0.05,0.05,-0.02,-0.12,0.06,0.12,-2.1,-0.0,190.9,64.93,0.18,0.000000,0.000000,0,1,7.70,0.00
1318887,-0.05,0.00,-0.05,0.06,-0.12,0.06,-2.1,-0.0,191.0,64.93,0.17,0.000000,0.000000,0,1,7.70,0.00
1319193,-0.03,0.01,-0.07,-0.18,-0.12,0.12,-2.1,-0.0,191.3,64.93,0.16,0.000000,0.000000,0,1,7.70,0.00
1319499,-0.05,0.03,-0.03,0.06,0.00,0.06,-2.1,-0.0,191.4,64.94,0.17,0.000000,0.000000,0,1,7.70,0.00
1320111,-0.05,0.03,-0.05,0.18,0.00,0.00,-2.1,-0.0,191.5,64.94,0.17,0.000000,0.000000,0,1,7.70,0.00
1320417,-0.03,0.02,-0.07,0.12,0.06,-0.25,-2.1,-0.0,191.2,64.94,0.18,0.000000,0.000000,0,1,7.70,0.00
1320723,-0.02,0.02,-0.02,0.06,0.00,0.18,-2.1,-0.0,191.3,64.94,0.18,0.000000,0.000000,0,1,7.70,0.00
1321029,-0.05,0.02,-0.05,0.06,0.06,0.18,-2.1,-0.0,191.3,64.95,0.18,0.000000,0.000000,0,1,7.70,0.00
1321335,-0.02,0.01,-0.02,-0.06,-0.12,0.12,-2.1,-0.0,191.4,64.95,0.18,0.000000,0.000000,0,1,7.70,0.00
1321641,-0.05,0.02,-0.05,0.00,0.18,-0.06,-2.1,-0.0,191.5,64.95,0.17,0.000000,0.000000,0,1,7.69,0.00
1322253,-0.03,0.03,-0.07,-0.06,0.06,0.25,-2.1,-0.0,191.6,64.95,0.18,0.000000,0.000000,0,1,7.69,0.00
1322559,-0.05,0.02,-0.07,-0.12,-0.06,-0.12,-2.1,-0.0,191.6,64.96,0.18,0.000000,0.000000,0,1,7.70,0.00
1322865,-0.05,0.00,-0.02,-0.06,0.00,0.06,-2.1,-0.0,191.6,64.96,0.17,0.000000,0.000000,0,1,7.70,0.00
1323171,-0.03,0.02,-0.05,0.00,0.00,0.00,-2.1,-0.0,191.1,64.96,0.17,0.000000,0.000000,0,1,7.70,0.00
1323477,-0.05,0.05,-0.03,0.00,0.00,0.00,-2.1,-0.0,191.2,64.96,0.17,0.000000,0.000000,0,1,7.70,0.00
1323783,-0.05,0.01,-0.05,-0.06,0.06,0.06,-2.1,-0.0,191.4,64.97,0.17,0.000000,0.000000,0,1,7.70,0.00
1324089,-0.05,0.03,-0.05,0.06,-0.18,0.12,-2.1,-0.0,191.6,64.97,0.18,0.000000,0.000000,0,1,7.70,0.00
1324395,-0.03,0.02,-0.02,0.00,0.18,-0.06,-2.1,-0.0,191.7,64.97,0.18,0.000000,0.000000,0,1,7.70,0.00
1325007,-0.05,0.02,-0.05,-0.12,0.00,-0.06,-2.1,-0.0,191.4,64.97,0.18,0.000000,0.000000,0,1,7.70,0.00
1325313,-0.05,0.03,-0.05,0.06,-0.12,0.06,-2.1,-0.0,191.0,64.97,0.17,0.000000,0.000000,0,1,7.70,0.00
1325619,-0.07,0.03,-0.09,-0.12,0.00,-0.12,-2.1,-0.0,190.8,64.97,0.17,0.000000,0.000000,0,1,7.70,0.00
1325925,-0.05,0.02,-0.03,0.00,-0.06,-0.25,-2.1,-0.0,191.0,64.98,0.17,0.000000,0.000000,0,1,7.70,0.00
1326231,-0.03,0.00,-0.05,-0.18,0.06,0.25,-2.1,-0.0,191.3,64.98,0.18,0.000000,0.000000,0,1,7.70,0.00
1326537,-0.05,0.02,-0.05,0.12,0.12,-0.12,-2.1,-0.0,191.3,64.98,0.18,0.000000,0.000000,0,1,7.70,0.00
1326843,-0.05,0.02,-0.02,0.00,0.18,0.12,-2.1,-0.0,191.4,64.98,0.18,0.000000,0.000000,0,1,7.70,0.00
1327149,-0.05,0.01,-0.05,0.00,0.00,0.06,-2.1,-0.0,191.4,64.99,0.17,0.000000,0.000000,0,1,7.70,0.00
1327761,-0.05,0.02,-0.05,0.06,0.06,0.06,-2.1,-0.0,190.9,64.99,0.18,0.000000,0.000000,0,1,7.69,0.00
1328067,-0.05,0.03,-0.03,0.00,-0.18,0.25,-2.1,-0.0,191.0,64.99,0.19,0.000000,0.000000,0,1,7.69,0.00
1328373,-0.03,0.01,-0.07,-0.12,-0.18,-0.25,-2.1,-0.0,191.2,64.99,0.19,0.000000,0.000000,0,1,7.69,0.00
1328679,-0.05,0.02,-0.05,-0.12,0.25,-0.06,-2.1,-0.0,191.3,65.00,0.18,0.000000,0.000000,0,1,7.70,0.00
1329291,-0.03,0.05,-0.05,0.12,0.06,0.00,-2.1,-0.0,191.7,65.00,0.18,0.000000,0.000000,0,1,7.70,0.00
1329597,-0.03,0.03,-0.07,-0.06,-0.06,0.25,-2.1,-0.0,191.8,65.00,0.18,0.000000,0.000000,0,1,7.70,0.00
1329903,-0.05,0.02,-0.05,-0.06,0.06,0.06,-2.1,-0.0,191.8,65.00,0.18,0.000000,0.000000,0,1,7.70,0.00
1330209,-0.07,0.05,-0.03,-0.06,0.25,0.00,-2.1,-0.0,191.3,65.01,0.18,0.000000,0.000000,0,1,7.70,0.00
1330515,-0.03,0.05,-0.05,-0.12,-0.18,-0.12,-2.1,-0.0,191.4,65.01,0.18,0.000000,0.000000,0,1,7.70,0.00
1330821,-0.05,0.02,-0.05,-0.06,-0.12,-0.06,-2.1,-0.0,191.3,65.01,0.18,0.000000,0.000000,0,1,7.69,0.00
1331127,-0.05,0.02,-0.05,0.06,0.06,0.12,-2.1,-0.0,191.3,65.01,0.17,0.000000,0.000000,0,1,7.69,0.00
1331433,-0.02,0.02,-0.01,0.00,-0.06,0.18,-2.1,-0.0,191.2,65.01,0.18,0.000000,0.000000,0,1,7.69,0.00
1331739,-0.05,0.01,-0.05,0.00,-0.06,0.31,-2.1,-0.0,191.4,65.02,0.17,0.000000,0.000000,0,1,7.70,0.00
1332351,-0.05,0.01,-0.02,0.06,-0.12,0.18,-2.1,-0.0,191.0,65.02,0.18,0.000000,0.000000,0,1,7.70,0.00
1332657,-0.05,0.05,-0.07,0.06,-0.37,-0.31,-2.1,-0.0,191.1,65.02,0.19,0.000000,0.000000,0,1,7.69,0.00
1332963,-0.05,0.00,-0.07,-0.06,0.06,0.25,-2.1,-0.0,191.3,65.02,0.18,0.000000,0.000000,0,1,7.69,0.00
1333269,-0.05,0.02,-0.07,-0.18,-0.06,0.12,-2.1,-0.0,191.4,65.03,0.18,0.000000,0.000000,0,1,7.69,0.00
1333881,-0.03,0.05,-0.02,-0.06,0.06,-0.12,-2.1,-0.0,191.5,65.03,0.18,0.000000,0.000000,0,1,7.69,0.00
1334187,-0.03,0.03,-0.07,0.06,-0.06,0.00,-2.1,-0.0,191.6,65.03,0.17,0.000000,0.000000,0,1,7.69,0.00
1334493,-0.05,0.03,-0.01,0.06,0.06,0.12,-2.1,-0.0,191.6,65.03,0.18,0.000000,0.000000,0,1,7.69,0.00
1334799,-0.05,0.03,-0.07,0.12,-0.06,-0.12,-2.1,-0.0,191.6,65.04,0.19,0.000000,0.000000,0,1,7.70,0.00
1335105,-0.05,0.05,-0.07,0.06,0.06,-0.06,-2.1,-0.0,191.6,65.04,0.18,0.000000,0.000000,0,1,7.70,0.00
1335411,-0.05,0.03,-0.05,0.00,-0.06,-0.18,-2.1,-0.0,191.6,65.04,0.18,0.000000,0.000000,0,1,7.70,0.00
1335717,-0.05,0.03,-0.10,0.06,-0.06,0.12,-2.1,-0.0,191.6,65.04,0.18,0.000000,0.000000,0,1,7.70,0.00
1336023,-0.05,0.01,-0.07,-0.06,0.06,-0.06,-2.1,-0.0,191.6,65.04,0.18,0.000000,0.000000,0,1,7.70,0.00
1336329,-0.05,0.02,-0.03,0.00,-0.06,-0.06,-2.1,-0.0,191.1,65.04,0.18,0.000000,0.000000,0,1,7.70,0.00
1336941,-0.07,0.02,-0.05,-0.12,0.12,0.06,-2.1,-0.0,190.9,65.05,0.19,0.000000,0.000000,0,1,7.70,0.00
1337247,-0.05,0.03,-0.03,0.00,-0.06,0.06,-2.1,-0.0,190.9,65.05,0.18,0.000000,0.000000,0,1,7.70,0.00
1337553,-0.05,0.02,-0.03,0.12,0.18,-0.18,-2.1,-0.0,191.4,65.05,0.19,0.000000,0.000000,0,1,7.70,0.00
1337859,-0.05,0.05,-0.07,0.06,0.06,-0.06,-2.1,-0.0,191.4,65.06,0.20,0.000000,0.000000,0,1,7.70,0.00
1338471,-0.03,0.01,-0.07,0.06,0.00,0.00,-2.1,-0.0,191.1,65.06,0.20,0.000000,0.000000,0,1,7.70,0.00
1338777,-0.07,0.03,-0.05,0.00,-0.12,0.12,-2.1,-0.0,191.3,65.06,0.20,0.000000,0.000000,0,1,7.70,0.00
1339083,-0.05,0.02,-0.05,0.06,-0.18,0.06,-2.1,-0.0,191.5,65.06,0.19,0.000000,0.000000,0,1,7.70,0.00
1339389,-0.03,0.00,-0.05,0.12,0.00,-0.06,-2.1,-0.0,191.5,65.06,0.19,0.000000,0.000000,0,1,7.70,0.00
1339695,-0.05,0.01,-0.03,0.06,0.06,-0.25,-2.1,-0.0,191.5,65.07,0.19,0.000000,0.000000,0,1,7.70,0.00
1340001,-0.05,0.03,-0.07,-0.18,0.12,0.00,-2.1,-0.0,191.5,65.07,0.19,0.000000,0.000000,0,1,7.70,0.00
1340307,-0.03,0.02,-0.03,0.00,-0.06,-0.25,-2.1,-0.0,191.5,65.07,0.20,0.000000,0.000000,0,1,7.70,0.00
1340613,-0.05,0.01,-0.05,0.00,-0.06,-0.12,-2.1,-0.0,191.0,65.07,0.19,0.000000,0.000000,0,1,7.70,0.00
1340919,-0.05,0.03,-0.03,0.06,-0.12,-0.12,-2.1,-0.0,191.1,65.07,0.19,0.000000,0.000000,0,1,7.70,0.00
1341225,-0.05,0.02,-0.07,0.12,0.06,0.00,-2.1,-0.0,191.3,65.07,0.18,0.000000,0.000000,0,1,7.70,0.00
1341531,-0.05,0.00,-0.02,-0.12,0.06,0.12,-2.1,-0.0,191.4,65.08,0.19,0.000000,0.000000,0,1,7.70,0.00
1341837,-0.05,0.01,-0.05,0.00,0.12,0.00,-2.1,-0.0,191.4,65.08,0.19,0.000000,0.000000,0,1,7.70,0.00
1342449,-0.05,0.03,-0.03,0.06,0.18,0.18,-2.1,-0.0,191.2,65.09,0.19,0.000000,0.000000,0,1,7.70,0.00
1342755,-0.05,0.01,-0.05,0.06,0.06,0.06,-2.1,-0.0,191.3,65.09,0.19,0.000000,0.000000,0,1,7.70,0.00
1343061,-0.05,0.00,-0.01,-0.06,-0.12,-0.06,-2.1,-0.0,191.3,65.09,0.19,0.000000,0.000000,0,1,7.70,0.00
1343367,-0.05,0.01,-0.03,-0.06,-0.06,-0.12,-2.1,-0.0,191.3,65.09,0.19,0.000000,0.000000,0,1,7.70,0.00
1343673,-0.05,0.00,-0.07,-0.06,-0.12,0.06,-2.1,-0.0,191.3,65.09,0.19,0.000000,0.000000,0,1,7.70,0.00
1343979,-0.05,0.01,-0.05,0.06,0.12,0.00,-2.1,-0.0,191.3,65.10,0.19,0.000000,0.000000,0,1,7.69,0.00
1344285,-0.03,0.02,-0.05,-0.12,0.06,-0.06,-2.1,-0.0,191.3,65.10,0.19,0.000000,0.000000,0,1,7.69,0.00
1344591,-0.05,0.02,-0.03,0.06,0.06,-0.06,-2.1,-0.0,191.3,65.10,0.19,0.000000,0.000000,0,1,7.69,0.00
1344897,-0.05,0.03,-0.03,0.00,0.00,-0.18,-2.1,-0.0,191.3,65.10,0.19,0.000000,0.000000,0,1,7.69,0.00
1345509,-0.03,0.02,-0.07,0.12,0.00,0.12,-2.1,-0.0,191.3,65.10,0.19,0.000000,0.000000,0,1,7.69,0.00
1345815,-0.05,0.01,-0.05,0.12,0.00,-0.06,-2.1,-0.0,191.3,65.11,0.19,0.000000,0.000000,0,1,7.70,0.00
1346121,-0.05,0.01,-0.09,-0.06,-0.06,-0.06,-2.1,-0.0,191.3,65.11,0.19,0.000000,0.000000,0,1,7.70,0.00
1346733,-0.05,0.03,-0.03,0.00,-0.25,0.12,-2.1,-0.0,191.3,65.11,0.19,0.000000,0.000000,0,1,7.70,0.00
1347039,-0.03,0.01,-0.05,-0.06,0.12,-0.12,-2.1,-0.0,191.3,65.11,0.19,0.000000,0.000000,0,1,7.69,0.00
1347345,-0.05,0.05,-0.05,0.00,-0.25,-0.06,-2.1,-0.0,191.0,65.12,0.19,0.000000,0.000000,0,1,7.69,0.00
1347651,-0.05,0.03,-0.03,0.12,-0.12,0.00,-2.1,-0.0,191.0,65.12,0.18,0.000000,0.000000,0,1,7.69,0.00
1347957,-0.05,0.01,-0.05,0.00,0.06,0.37,-2.1,-0.0,191.3,65.12,0.19,0.000000,0.000000,0,1,7.70,0.00
1348263,-0.05,0.01,-0.03,0.06,0.00,-0.06,-2.1,-0.0,191.4,65.12,0.17,0.000000,0.000000,0,1,7.70,0.00
1348569,-0.05,0.02,-0.01,-0.06,0.00,0.18,-2.1,-0.0,191.6,65.13,0.18,0.000000,0.000000,0,1,7.70,0.00
1348875,-0.05,0.02,-0.10,0.00,0.06,-0.18,-2.1,-0.0,191.6,65.13,0.17,0.000000,0.000000,0,1,7.69,0.00
1349181,-0.05,0.05,-0.05,0.00,-0.18,-0.06,-2.1,-0.0,191.7,65.13,0.18,0.000000,0.000000,0,1,7.69,0.00
1349487,-0.05,0.01,-0.03,0.00,-0.06,0.00,-2.1,-0.0,191.2,65.13,0.18,0.000000,0.000000,0,1,7.69,0.00
1350099,-0.05,0.00,-0.02,0.12,-0.06,0.06,-2.1,-0.0,191.3,65.14,0.19,0.000000,0.000000,0,1,7.69,0.00
1350405,-0.05,0.02,-0.05,0.00,0.00,-0.12,-2.1,-0.0,191.5,65.14,0.18,0.000000,0.000000,0,1,7.69,0.00
1350711,-0.07,0.03,-0.05,0.06,0.06,0.12,-2.1,-0.0,191.7,65.14,0.18,0.000000,0.000000,0,1,7.69,0.00
1351017,-0.05,0.05,-0.07,0.00,0.25,0.00,-2.1,-0.0,191.8,65.14,0.19,0.000000,0.000000,0,1,7.70,0.00
1351323,-0.07,0.05,-0.05,-0.12,0.18,0.12,-2.1,-0.0,191.8,65.14,0.19,0.000000,0.000000,0,1,7.70,0.00
1351629,-0.03,0.02,-0.07,-0.06,0.18,0.12,-2.1,-0.0,191.5,65.14,0.20,0.000000,0.000000,0,1,7.70,0.00
1351935,-0.05,0.00,-0.05,-0.06,0.12,0.25,-2.1,-0.0,191.6,65.15,0.20,0.000000,0.000000,0,1,7.70,0.00
1352547,-0.05,0.03,-0.02,0.06,0.06,0.00,-2.1,-0.0,191.6,65.15,0.20,0.000000,0.000000,0,1,7.70,0.00
1352853,-0.05,0.01,-0.05,0.00,-0.25,-0.18,-2.1,-0.0,191.6,65.15,0.20,0.000000,0.000000,0,1,7.70,0.00
1353159,-0.05,0.02,-0.07,0.06,-0.12,0.06,-2.1,-0.0,191.6,65.15,0.20,0.000000,0.000000,0,1,7.70,0.00
1353465,-0.05,0.05,-0.07,0.12,0.18,-0.25,-2.1,-0.0,191.6,65.15,0.19,0.000000,0.000000,0,1,7.70,0.00
1353771,-0.05,0.02,-0.05,0.06,0.12,-0.25,-2.1,-0.0,191.6,65.16,0.20,0.000000,0.000000,0,1,7.70,0.00
1354077,-0.05,0.02,-0.05,-0.06,-0.06,0.06,-2.1,-0.0,191.2,65.16,0.20,0.000000,0.000000,0,1,7.69,0.00
1354383,-0.05,0.01,-0.03,0.06,-0.12,0.25,-2.1,-0.0,191.2,65.16,0.20,0.000000,0.000000,0,1,7.69,0.00
1354995,-0.03,0.01,-0.02,0.12,0.25,0.06,-2.1,-0.0,191.3,65.16,0.21,0.000000,0.000000,0,1,7.69,0.00
1355301,-0.03,0.02,-0.03,0.06,-0.06,-0.18,-2.1,-0.0,191.4,65.17,0.21,0.000000,0.000000,0,1,7.69,0.00
1355607,-0.05,0.00,-0.07,0.00,-0.06,0.06,-2.1,-0.0,191.5,65.17,0.22,0.000000,0.000000,0,1,7.69,0.00
1355913,-0.05,0.02,-0.05,0.06,-0.18,0.00,-2.1,-0.0,191.1,65.17,0.21,0.000000,0.000000,0,1,7.70,0.00
1356219,-0.05,0.03,-0.07,0.00,0.12,0.12,-2.1,-0.0,190.8,65.17,0.22,0.000000,0.000000,0,1,7.70,0.00
1356525,-0.03,0.01,-0.07,0.00,0.12,-0.25,-2.1,-0.0,190.8,65.18,0.23,0.000000,0.000000,0,1,7.70,0.00
1356831,-0.05,0.00,-0.07,0.00,0.18,0.00,-2.1,-0.0,190.8,65.18,0.22,0.000000,0.000000,0,1,7.70,0.00
1357137,-0.05,0.02,-0.05,0.06,-0.12,-0.06,-2.1,-0.0,190.8,65.18,0.23,0.000000,0.000000,0,1,7.70,0.00
1357443,-0.05,0.03,-0.02,0.00,-0.06,0.18,-2.1,-0.0,190.8,65.18,0.22,0.000000,0.000000,0,1,7.70,0.00
1357749,-0.03,0.01,-0.02,0.06,0.00,0.00,-2.1,-0.0,190.8,65.18,0.23,0.000000,0.000000,0,1,7.70,0.00
1358055,-0.05,0.05,-0.05,0.06,0.00,-0.12,-2.1,-0.0,190.5,65.19,0.22,0.000000,0.000000,0,1,7.70,0.00
1358667,-0.05,0.01,-0.01,-0.12,-0.18,-0.06,-2.1,-0.0,190.6,65.19,0.23,0.000000,0.000000,0,1,7.70,0.00
1358973,-0.05,0.02,-0.02,-0.12,-0.06,0.00,-2.1,-0.0,190.6,65.19,0.23,0.000000,0.000000,0,1,7.70,0.00
1359279,-0.05,0.03,-0.05,-0.12,0.06,0.25,-2.1,-0.0,190.8,65.19,0.23,0.000000,0.000000,0,1,7.70,0.00
1359585,-0.05,0.02,-0.07,-0.06,0.06,0.12,-2.1,-0.0,191.0,65.19,0.23,0.000000,0.000000,0,1,7.70,0.00
1360197,-0.02,0.03,-0.05,-0.06,-0.06,0.00,-2.1,-0.0,191.0,65.20,0.23,0.000000,0.000000,0,1,7.69,0.00
1360503,-0.05,0.00,-0.05,0.00,0.18,0.06,-2.1,-0.0,191.0,65.20,0.22,0.000000,0.000000,0,1,7.69,0.00
1360809,-0.03,0.00,-0.05,0.06,0.12,0.00,-2.1,-0.0,191.0,65.20,0.22,0.000000,0.000000,0,1,7.69,0.00
1361115,-0.05,0.05,-0.02,0.06,0.18,-0.06,-2.1,-0.0,191.0,65.20,0.23,0.000000,0.000000,0,1,7.70,0.00
1361421,-0.03,0.01,-0.05,0.06,-0.06,-0.37,-2.1,-0.0,191.0,65.21,0.23,0.000000,0.000000,0,1,7.70,0.00
1361727,-0.05,0.01,-0.05,0.06,0.00,0.12,-2.1,-0.0,191.0,65.21,0.23,0.000000,0.000000,0,1,7.70,0.00
1362033,-0.05,0.02,-0.03,0.06,-0.06,0.18,-2.1,-0.0,191.0,65.21,0.23,0.000000,0.000000,0,1,7.69,0.00
1362339,-0.05,0.01,-0.05,0.00,0.12,-0.06,-2.1,-0.0,191.0,65.21,0.23,0.000000,0.000000,0,1,7.69,0.00
1362645,-0.07,0.00,-0.05,0.00,0.06,0.00,-2.1,-0.0,191.0,65.21,0.22,0.000000,0.000000,0,1,7.69,0.00
1363257,-0.05,0.03,-0.02,0.00,0.12,-0.12,-2.1,-0.0,190.6,65.22,0.23,0.000000,0.000000,0,1,7.69,0.00
1363563,-0.05,0.00,-0.03,0.00,-0.12,0.00,-2.1,-0.0,191.0,65.22,0.23,0.000000,0.000000,0,1,7.69,0.00
1363869,-0.05,0.02,-0.05,0.06,-0.25,0.18,-2.1,-0.0,191.2,65.22,0.24,0.000000,0.000000,0,1,7.69,0.00
1364175,-0.05,0.00,-0.07,0.06,-0.06,-0.06,-2.1,-0.0,191.3,65.22,0.24,0.000000,0.000000,0,1,7.70,0.00
1364481,-0.05,0.01,-0.05,0.06,-0.06,0.25,-2.1,-0.0,191.5,65.23,0.23,0.000000,0.000000,0,1,7.70,0.00
1364787,-0.05,0.01,-0.05,0.06,0.06,0.18,-2.1,-0.0,191.6,65.23,0.24,0.000000,0.000000,0,1,7.70,0.00
1365093,-0.05,0.02,-0.05,0.12,-0.06,0.18,-2.1,-0.0,191.6,65.23,0.23,0.000000,0.000000,0,1,7.69,0.00
1365399,-0.05,0.03,-0.05,-0.06,0.18,-0.12,-2.1,-0.0,191.1,65.23,0.24,0.000000,0.000000,0,1,7.69,0.00
1365705,-0.05,0.00,-0.05,-0.06,-0.12,0.00,-2.1,-0.0,191.3,65.23,0.24,0.000000,0.000000,0,1,7.69,0.00
1366317,-0.05,0.02,-0.01,0.06,0.12,0.06,-2.1,-0.0,191.8,65.24,0.25,0.000000,0.000000,0,1,7.69,0.00
1366623,-0.02,0.05,-0.09,0.12,-0.18,0.18,-2.1,-0.0,191.8,65.24,0.24,0.000000,0.000000,0,1,7.69,0.00
1366929,-0.05,0.01,-0.07,-0.06,-0.18,0.18,-2.1,-0.0,191.8,65.24,0.25,0.000000,0.000000,0,1,7.69,0.00
1367235,-0.03,0.02,-0.07,0.00,-0.06,0.12,-2.1,-0.0,192.1,65.24,0.24,0.000000,0.000000,0,1,7.69,0.00
1367541,-0.05,0.00,-0.07,-0.06,0.00,0.06,-2.1,-0.0,191.6,65.24,0.25,0.000000,0.000000,0,1,7.69,0.00
1367847,-0.05,0.02,-0.03,0.00,0.12,-0.18,-2.1,-0.0,191.7,65.25,0.25,0.000000,0.000000,0,1,7.69,0.00
1368459,-0.05,0.01,-0.05,0.06,0.06,0.06,-2.1,-0.0,191.8,65.25,0.25,0.000000,0.000000,0,1,7.69,0.00
1368765,-0.05,0.02,-0.05,0.06,0.06,-0.25,-2.1,-0.0,191.8,65.25,0.24,0.000000,0.000000,0,1,7.69,0.00
1369071,-0.05,0.02,-0.01,-0.25,-0.06,-0.12,-2.1,-0.0,191.8,65.25,0.25,0.000000,0.000000,0,1,7.70,0.00
1369377,-0.05,0.00,-0.02,0.06,-0.06,-0.06,-2.1,-0.0,191.5,65.26,0.25,0.000000,0.000000,0,1,7.70,0.00
1369683,-0.02,0.01,-0.05,0.12,0.06,-0.06,-2.1,-0.0,191.5,65.26,0.25,0.000000,0.000000,0,1,7.70,0.00
1370295,-0.05,0.02,-0.03,-0.06,0.18,0.12,-2.1,-0.0,191.5,65.26,0.24,0.000000,0.000000,0,1,7.69,0.00
1370601,-0.03,0.02,-0.03,0.00,0.06,0.00,-2.1,-0.0,191.5,65.26,0.25,0.000000,0.000000,0,1,7.69,0.00
1370907,-0.03,0.02,-0.01,0.00,-0.18,-0.25,-2.1,-0.0,191.5,65.26,0.25,0.000000,0.000000,0,1,7.69,0.00
1371213,-0.07,0.02,-0.03,0.00,-0.12,-0.06,-2.1,-0.0,191.5,65.27,0.25,0.000000,0.000000,0,1,7.69,0.00
1371825,-0.03,0.03,-0.07,0.18,-0.25,-0.25,-2.1,-0.0,191.1,65.27,0.25,0.000000,0.000000,0,1,7.69,0.00
1372131,-0.05,0.01,-0.07,0.06,0.06,-0.12,-2.1,-0.0,191.3,65.27,0.25,0.000000,0.000000,0,1,7.70,0.00
1372437,-0.03,0.03,-0.07,0.00,-0.12,0.00,-2.1,-0.0,191.5,65.27,0.25,0.000000,0.000000,0,1,7.70,0.00
1372743,-0.03,0.02,-0.07,0.18,0.12,-0.12,-2.1,-0.0,191.5,65.28,0.25,0.000000,0.000000,0,1,7.70,0.00
1373049,-0.03,0.00,-0.05,-0.06,-0.12,0.00,-2.1,-0.0,191.7,65.28,0.24,0.000000,0.000000,0,1,7.69,0.00
1373355,-0.02,0.02,-0.05,0.00,0.00,0.06,-2.1,-0.0,191.6,65.28,0.25,0.000000,0.000000,0,1,7.69,0.00
1373661,-0.05,0.02,-0.05,-0.06,0.18,-0.12,-2.1,-0.0,191.6,65.28,0.25,0.000000,0.000000,0,1,7.69,0.00
1373967,-0.03,0.01,-0.07,0.06,0.12,-0.06,-2.1,-0.0,191.6,65.28,0.25,0.000000,0.000000,0,1,7.69,0.00
1374273,-0.07,0.01,-0.07,0.06,0.06,-0.18,-2.1,-0.0,191.6,65.29,0.26,0.000000,0.000000,0,1,7.70,0.00
1374885,-0.03,0.00,-0.07,0.00,0.12,-0.06,-2.1,-0.0,191.6,65.29,0.26,0.000000,0.000000,0,1,7.70,0.00
1375191,-0.05,0.03,-0.07,-0.12,0.06,-0.06,-2.1,-0.0,191.6,65.29,0.27,0.000000,0.000000,0,1,7.69,0.00
1375497,-0.05,0.02,-0.03,0.06,0.12,0.25,-2.1,-0.0,191.6,65.30,0.27,0.000000,0.000000,0,1,7.69,0.00
1375803,-0.05,0.03,-0.07,-0.25,0.00,0.06,-2.1,-0.0,191.3,65.30,0.27,0.000000,0.000000,0,1,7.69,0.00
1376109,-0.05,0.00,-0.07,-0.12,0.12,0.06,-2.1,-0.0,191.4,65.30,0.27,0.000000,0.000000,0,1,7.69,0.00
1376721,-0.05,0.02,-0.05,0.00,0.06,0.18,-2.1,-0.0,191.6,65.30,0.25,0.000000,0.000000,0,1,7.69,0.00
1377027,-0.05,0.05,-0.09,0.00,-0.12,0.00,-2.1,-0.0,191.7,65.30,0.26,0.000000,0.000000,0,1,7.69,0.00
1377333,-0.05,0.01,-0.07,0.00,0.12,-0.12,-2.1,-0.0,191.6,65.31,0.26,0.000000,0.000000,0,1,7.69,0.00
1377639,-0.03,0.00,-0.03,-0.06,0.12,0.12,-2.1,-0.0,191.7,65.31,0.26,0.000000,0.000000,0,1,7.69,0.00
1377945,-0.05,0.05,-0.05,0.00,0.18,0.31,-2.1,-0.0,191.7,65.31,0.26,0.000000,0.000000,0,1,7.69,0.00
1378251,-0.05,0.03,-0.07,-0.06,-0.12,0.12,-2.1,-0.0,191.7,65.31,0.26,0.000000,0.000000,0,1,7.69,0.00
1378557,-0.05,0.00,-0.05,0.06,0.00,0.18,-2.1,-0.0,191.7,65.32,0.27,0.000000,0.000000,0,1,7.69,0.00
1378863,-0.05,0.05,-0.02,-0.06,-0.12,0.12,-2.1,-0.0,191.7,65.32,0.26,0.000000,0.000000,0,1,7.69,0.00
1379475,-0.05,0.03,-0.05,0.06,0.00,0.06,-2.1,-0.0,191.7,65.32,0.27,0.000000,0.000000,0,1,7.69,0.00
1379781,-0.05,0.03,-0.07,0.06,0.31,0.12,-2.1,-0.0,191.7,65.32,0.28,0.000000,0.000000,0,1,7.69,0.00
1380087,-0.03,0.00,-0.07,0.00,0.12,-0.06,-2.1,-0.0,191.3,65.33,0.27,0.000000,0.000000,0,1,7.69,0.00
1380393,-0.05,0.05,-0.07,0.00,0.12,-0.12,-2.1,-0.0,191.4,65.32,0.27,0.000000,0.000000,0,1,7.69,0.00
1380699,-0.05,0.03,-0.07,0.00,-0.12,0.12,-2.1,-0.0,191.5,65.33,0.27,0.000000,0.000000,0,1,7.69,0.00
1381005,-0.05,0.03,-0.05,0.12,0.00,-0.18,-2.1,-0.0,191.5,65.33,0.28,0.000000,0.000000,0,1,7.69,0.00
1381311,-0.05,0.03,-0.05,0.00,0.00,-0.06,-2.1,-0.0,191.6,65.33,0.28,0.000000,0.000000,0,1,7.69,0.00
1381923,-0.05,0.02,-0.05,0.06,-0.18,0.00,-2.1,-0.0,191.6,65.33,0.27,0.000000,0.000000,0,1,7.69,0.00
1382229,-0.05,0.03,-0.07,0.06,-0.06,-0.25,-2.1,-0.0,191.6,65.34,0.28,0.000000,0.000000,0,1,7.69,0.00
1382535,-0.05,0.03,-0.07,0.00,0.18,0.00,-2.1,-0.0,191.6,65.34,0.28,0.000000,0.000000,0,1,7.69,0.00
1382841,-0.05,0.02,-0.03,0.06,0.12,-0.06,-2.1,-0.0,191.6,65.34,0.28,0.000000,0.000000,0,1,7.69,0.00
1383147,-0.05,0.02,-0.05,0.00,-0.37,-0.06,-2.1,-0.0,191.6,65.34,0.29,0.000000,0.000000,0,1,7.69,0.00
1383453,-0.05,0.05,-0.05,0.00,0.06,0.00,-2.1,-0.0,191.6,65.35,0.29,0.000000,0.000000,0,1,7.69,0.00
1383759,-0.05,0.01,-0.03,-0.06,0.06,0.06,-2.1,-0.0,191.6,65.35,0.28,0.000000,0.000000,0,1,7.69,0.00
1384065,-0.05,0.02,-0.02,-0.06,-0.12,0.00,-2.1,-0.0,191.6,65.35,0.28,0.000000,0.000000,0,1,7.69,0.00
1384371,-0.05,0.02,-0.05,0.00,-0.18,0.00,-2.1,-0.0,191.6,65.35,0.28,0.000000,0.000000,0,1,7.69,0.00
1384983,-0.07,0.02,-0.07,-0.06,0.00,-0.06,-2.1,-0.0,191.6,65.35,0.28,0.000000,0.000000,0,1,7.69,0.00
1385289,-0.05,0.02,-0.05,0.06,0.00,0.06,-2.1,-0.0,191.3,65.36,0.28,0.000000,0.000000,0,1,7.69,0.00
1385595,-0.05,0.00,-0.09,-0.06,0.06,-0.12,-2.1,-0.0,191.3,65.36,0.28,0.000000,0.000000,0,1,7.69,0.00
1385901,-0.03,0.01,-0.05,0.00,-0.12,0.06,-2.1,-0.0,191.3,65.36,0.28,0.000000,0.000000,0,1,7.69,0.00
1386207,-0.05,0.05,-0.05,0.06,0.12,0.18,-2.1,-0.0,191.4,65.36,0.28,0.000000,0.000000,0,1,7.69,0.00
1386819,-0.05,0.03,-0.05,-0.06,0.00,-0.06,-2.1,-0.0,191.5,65.37,0.27,0.000000,0.000000,0,1,7.69,0.00
1387125,-0.02,0.01,-0.05,0.00,0.00,0.12,-2.1,-0.0,191.6,65.37,0.28,0.000000,0.000000,0,1,7.69,0.00
1387431,-0.05,0.02,-0.07,-0.12,0.00,-0.06,-2.1,-0.0,191.6,65.37,0.26,0.000000,0.000000,0,1,7.69,0.00
1387737,-0.05,0.01,-0.03,0.00,0.00,-0.25,-2.1,-0.0,191.6,65.37,0.27,0.000000,0.000000,0,1,7.69,0.00
1388043,-0.05,0.05,-0.07,0.00,0.12,0.00,-2.1,-0.0,191.6,65.37,0.27,0.000000,0.000000,0,1,7.69,0.00
1388349,-0.07,0.01,-0.07,0.06,-0.06,0.06,-2.1,-0.0,191.6,65.37,0.26,0.000000,0.000000,0,1,7.69,0.00
1388961,-0.03,0.00,-0.07,0.00,0.00,-0.12,-2.1,-0.0,191.6,65.37,0.26,0.000000,0.000000,0,1,7.69,0.00
1389573,-0.05,0.03,-0.05,0.00,0.00,-0.12,-2.1,-0.0,191.6,65.38,0.26,0.000000,0.000000,0,1,7.69,0.00
1389879,-0.05,0.02,-0.05,0.00,0.06,-0.06,-2.1,-0.0,191.3,65.38,0.26,0.000000,0.000000,0,1,7.69,0.00
1390491,-0.02,0.02,-0.07,-0.06,0.06,0.18,-2.1,-0.0,191.0,65.39,0.27,0.000000,0.000000,0,1,7.69,0.00
1390797,-0.05,0.05,-0.05,-0.06,-0.06,-0.12,-2.1,-0.0,191.1,65.39,0.27,0.000000,0.000000,0,1,7.69,0.00
1391103,-0.05,0.02,-0.03,0.06,0.06,-0.12,-2.1,-0.0,191.3,65.39,0.27,0.000000,0.000000,0,1,7.69,0.00
1391409,-0.03,0.02,-0.05,0.06,-0.31,0.00,-2.1,-0.0,191.4,65.40,0.27,0.000000,0.000000,0,1,7.69,0.00
1391715,-0.05,0.01,-0.03,0.00,0.00,-0.06,-2.1,-0.0,191.4,65.40,0.27,0.000000,0.000000,0,1,7.69,0.00
1392021,-0.05,0.01,-0.05,-0.06,0.06,-0.12,-2.1,-0.0,191.4,65.40,0.28,0.000000,0.000000,0,1,7.69,0.00
1392633,-0.03,0.05,-0.09,-0.12,0.06,-0.12,-2.1,-0.0,191.4,65.40,0.28,0.000000,0.000000,0,1,7.68,0.00
1392939,-0.05,0.02,-0.07,0.00,-0.06,0.18,-2.1,-0.0,191.4,65.40,0.28,0.000000,0.000000,0,1,7.68,0.00
1393245,-0.03,0.03,-0.02,0.00,0.06,0.12,-2.1,-0.0,191.4,65.40,0.29,0.000000,0.000000,0,1,7.68,0.00
1393551,-0.05,0.02,-0.07,-0.12,-0.12,0.00,-2.1,-0.0,191.4,65.41,0.28,0.000000,0.000000,0,1,7.68,0.00
1394163,-0.05,0.01,-0.05,0.00,0.06,-0.12,-2.1,-0.0,191.3,65.41,0.26,0.000000,0.000000,0,1,7.68,0.00
1394469,-0.05,0.02,-0.05,0.00,0.00,0.06,-2.1,-0.0,191.4,65.41,0.27,0.000000,0.000000,0,1,7.69,0.00
1394775,-0.02,0.03,-0.07,-0.06,-0.18,0.12,-2.1,-0.0,191.6,65.42,0.27,0.000000,0.000000,0,1,7.69,0.00
1395081,-0.03,0.02,-0.02,-0.06,0.18,-0.37,-2.1,-0.0,191.6,65.42,0.27,0.000000,0.000000,0,1,7.69,0.00
1395387,-0.05,0.02,-0.05,0.00,0.06,-0.12,-2.1,-0.0,191.6,65.42,0.27,0.000000,0.000000,0,1,7.69,0.00
1395693,-0.05,0.02,-0.05,-0.06,0.00,-0.25,-2.1,-0.0,191.6,65.42,0.28,0.000000,0.000000,0,1,7.69,0.00
1395999,-0.02,0.01,-0.09,0.00,0.12,0.06,-2.1,-0.0,191.6,65.42,0.27,0.000000,0.000000,0,1,7.69,0.00
1396305,-0.05,0.00,-0.01,0.00,-0.25,0.12,-2.1,-0.0,191.6,65.43,0.27,0.000000,0.000000,0,1,7.69,0.00
1396611,-0.05,0.02,-0.05,0.00,0.06,-0.25,-2.1,-0.0,191.6,65.42,0.27,0.000000,0.000000,0,1,7.69,0.00
1396917,-0.05,0.02,-0.05,0.00,0.18,-0.12,-2.1,-0.0,191.6,65.43,0.28,0.000000,0.000000,0,1,7.69,0.00
1397529,-0.05,0.03,-0.02,0.06,0.12,0.00,-2.1,-0.0,191.6,65.43,0.27,0.000000,0.000000,0,1,7.69,0.00
1397835,-0.05,0.02,-0.03,0.06,-0.06,0.00,-2.1,-0.0,191.6,65.43,0.28,0.000000,0.000000,0,1,7.69,0.00
1398141,-0.05,0.02,-0.05,-0.06,-0.06,0.12,-2.1,-0.0,191.6,65.44,0.29,0.000000,0.000000,0,1,7.69,0.00
1398447,-0.05,0.01,-0.03,0.12,0.06,-0.18,-2.1,-0.0,191.6,65.44,0.27,0.000000,0.000000,0,1,7.69,0.00
1398753,-0.03,0.05,-0.05,0.00,0.06,0.18,-2.1,-0.0,191.6,65.44,0.28,0.000000,0.000000,0,1,7.69,0.00
1399059,-0.05,0.01,-0.07,-0.12,-0.06,-0.18,-2.1,-0.0,191.6,65.44,0.28,0.000000,0.000000,0,1,7.69,0.00
1399365,-0.03,0.02,-0.05,0.06,0.00,0.37,-2.1,-0.0,191.6,65.44,0.28,0.000000,0.000000,0,1,7.69,0.00
1399671,-0.03,0.01,-0.03,0.06,0.06,-0.18,-2.1,-0.0,191.6,65.45,0.27,0.000000,0.000000,0,1,7.69,0.00
1399977,-0.03,0.03,-0.03,-0.12,-0.12,0.06,-2.1,-0.0,191.6,65.45,0.27,0.000000,0.000000,0,1,7.69,0.00
1400589,-0.05,0.05,-0.07,0.18,0.00,0.00,-2.1,-0.0,191.2,65.45,0.28,0.000000,0.000000,0,1,7.69,0.00
1400895,-0.05,0.02,-0.07,0.00,-0.06,0.31,-2.1,-0.0,190.9,65.45,0.28,0.000000,0.000000,0,1,7.69,0.00
1401201,-0.05,0.05,-0.05,0.00,-0.18,0.18,-2.1,-0.0,191.1,65.46,0.28,0.000000,0.000000,0,1,7.69,0.00
1401507,-0.05,0.01,-0.05,-0.06,0.00,0.06,-2.1,-0.0,191.4,65.46,0.28,0.000000,0.000000,0,1,7.69,0.00
1402119,-0.03,0.02,-0.02,0.00,-0.06,-0.25,-2.1,-0.0,191.8,65.46,0.28,0.000000,0.000000,0,1,7.69,0.00
1402425,-0.02,0.03,-0.05,0.06,-0.12,-0.06,-2.1,-0.0,191.8,65.46,0.28,0.000000,0.000000,0,1,7.69,0.00
1402731,-0.05,0.03,-0.05,0.12,-0.18,0.12,-2.1,-0.0,191.9,65.46,0.29,0.000000,0.000000,0,1,7.69,0.00
1403037,-0.05,0.03,-0.03,0.00,0.06,0.12,-2.1,-0.0,191.9,65.47,0.29,0.000000,0.000000,0,1,7.69,0.00
1403343,-0.05,0.03,-0.02,0.06,-0.12,0.06,-2.1,-0.0,191.4,65.47,0.28,0.000000,0.000000,0,1,7.69,0.00
1403649,-0.05,0.05,-0.07,0.06,-0.25,-0.18,-2.1,-0.0,191.4,65.47,0.28,0.000000,0.000000,0,1,7.69,0.00
1404261,-0.05,0.05,-0.05,0.06,-0.12,0.00,-2.1,-0.0,191.5,65.47,0.29,0.000000,0.000000,0,1,7.69,0.00
1404567,-0.05,0.03,-0.05,-0.06,-0.06,0.06,-2.1,-0.0,191.5,65.47,0.29,0.000000,0.000000,0,1,7.69,0.00
1404873,-0.05,0.02,-0.05,-0.12,0.00,-0.18,-2.1,-0.0,191.5,65.48,0.29,0.000000,0.000000,0,1,7.69,0.00
1405179,-0.03,0.00,-0.01,0.06,-0.06,-0.31,-2.1,-0.0,191.6,65.48,0.28,0.000000,0.000000,0,1,7.69,0.00
1405485,-0.05,0.02,-0.02,0.12,-0.18,0.18,-2.1,-0.0,191.1,65.48,0.29,0.000000,0.000000,0,1,7.69,0.00
1405791,-0.05,0.03,-0.05,-0.06,0.18,0.06,-2.1,-0.0,191.6,65.48,0.29,0.000000,0.000000,0,1,7.69,0.00
1406097,-0.03,0.01,-0.07,0.06,-0.12,0.06,-2.1,-0.0,191.6,65.48,0.29,0.000000,0.000000,0,1,7.69,0.00
1406403,-0.03,0.01,-0.07,-0.06,-0.06,0.00,-2.1,-0.0,191.7,65.49,0.30,0.000000,0.000000,0,1,7.69,0.00
1407015,-0.05,0.01,-0.05,0.00,0.00,0.31,-2.1,-0.0,191.8,65.49,0.30,0.000000,0.000000,0,1,7.69,0.00
1407321,-0.05,0.05,-0.02,0.06,0.06,0.25,-2.1,-0.0,191.3,65.49,0.30,0.000000,0.000000,0,1,7.69,0.00
1407627,-0.05,0.02,-0.05,0.00,0.06,0.18,-2.1,-0.0,191.6,65.49,0.30,0.000000,0.000000,0,1,7.69,0.00
1407933,-0.05,0.03,-0.05,0.00,-0.06,0.06,-2.1,-0.0,191.7,65.50,0.30,0.000000,0.000000,0,1,7.69,0.00
1408239,-0.05,0.02,-0.03,-0.06,0.00,0.00,-2.1,-0.0,191.8,65.50,0.30,0.000000,0.000000,0,1,7.69,0.00
1408545,-0.05,0.01,-0.05,0.06,0.00,0.00,-2.1,-0.0,191.9,65.50,0.31,0.000000,0.000000,0,1,7.68,0.00
1408851,-0.05,0.05,-0.07,0.06,-0.12,-0.06,-2.1,-0.0,192.0,65.50,0.31,0.000000,0.000000,0,1,7.68,0.00
1409463,-0.03,0.01,-0.03,-0.06,-0.06,-0.06,-2.1,-0.0,191.5,65.51,0.31,0.000000,0.000000,0,1,7.69,0.00
1409769,-0.03,0.02,-0.05,-0.06,0.00,-0.25,-2.1,-0.0,191.6,65.51,0.31,0.000000,0.000000,0,1,7.69,0.00
1410075,-0.05,0.03,-0.01,0.06,0.06,0.00,-2.1,-0.0,191.6,65.51,0.31,0.000000,0.000000,0,1,7.69,0.00
1410381,-0.07,0.02,-0.05,-0.18,0.00,0.00,-2.1,-0.0,191.6,65.51,0.32,0.000000,0.000000,0,1,7.69,0.00
1410687,-0.03,0.02,-0.01,-0.12,0.00,0.00,-2.1,-0.0,191.7,65.51,0.31,0.000000,0.000000,0,1,7.69,0.00
1411299,-0.05,0.05,-0.05,-0.12,0.12,-0.06,-2.1,-0.0,191.9,65.52,0.31,0.000000,0.000000,0,1,7.69,0.00
1411605,-0.07,0.05,-0.05,0.12,0.00,0.12,-2.1,-0.0,191.9,65.52,0.31,0.000000,0.000000,0,1,7.69,0.00
1411911,-0.05,0.00,-0.05,-0.06,-0.12,-0.06,-2.1,-0.0,191.4,65.52,0.31,0.000000,0.000000,0,1,7.69,0.00
1412217,-0.02,0.01,-0.01,-0.12,-0.12,0.25,-2.1,-0.0,191.5,65.52,0.31,0.000000,0.000000,0,1,7.69,0.00
1412523,-0.05,0.03,-0.05,0.06,-0.06,0.00,-2.1,-0.0,191.1,65.52,0.31,0.000000,0.000000,0,1,7.69,0.00
1412829,-0.05,0.03,-0.03,0.00,-0.18,-0.25,-2.1,-0.0,191.2,65.53,0.30,0.000000,0.000000,0,1,7.69,0.00
1413135,-0.05,0.05,-0.03,0.06,-0.06,0.06,-2.1,-0.0,191.2,65.53,0.30,0.000000,0.000000,0,1,7.69,0.00
1413747,-0.05,0.02,-0.02,0.06,0.06,0.06,-2.1,-0.0,191.4,65.53,0.30,0.000000,0.000000,0,1,7.69,0.00
1414053,-0.03,0.01,-0.07,0.00,-0.06,-0.06,-2.1,-0.0,191.4,65.53,0.30,0.000000,0.000000,0,1,7.69,0.00
1414359,-0.05,0.02,-0.05,0.06,0.12,-0.06,-2.1,-0.0,191.5,65.54,0.31,0.000000,0.000000,0,1,7.69,0.00
1414665,-0.05,0.05,-0.05,0.06,0.12,0.00,-2.1,-0.0,191.5,65.54,0.31,0.000000,0.000000,0,1,7.69,0.00
1414971,-0.05,0.05,-0.03,0.18,0.18,-0.06,-2.1,-0.0,191.5,65.54,0.31,0.000000,0.000000,0,1,7.69,0.00
1415277,-0.05,0.05,-0.05,0.06,0.12,0.25,-2.1,-0.0,191.5,65.54,0.32,0.000000,0.000000,0,1,7.69,0.00
1415889,-0.05,0.03,-0.05,0.00,-0.06,0.25,-2.1,-0.0,191.5,65.54,0.32,0.000000,0.000000,0,1,7.69,0.00
1416195,-0.05,0.01,-0.03,-0.18,0.06,0.06,-2.1,-0.0,191.5,65.55,0.32,0.000000,0.000000,0,1,7.69,0.00
1416501,-0.03,0.03,-0.05,-0.06,0.12,0.25,-2.1,-0.0,191.5,65.55,0.32,0.000000,0.000000,0,1,7.69,0.00
1416807,-0.05,0.03,-0.05,0.18,-0.06,0.06,-2.1,-0.0,191.5,65.55,0.31,0.000000,0.000000,0,1,7.69,0.00
1417113,-0.03,0.03,-0.05,-0.12,-0.06,0.18,-2.1,-0.0,191.5,65.55,0.32,0.000000,0.000000,0,1,7.69,0.00
1417419,-0.05,0.03,-0.05,0.06,-0.18,0.25,-2.1,-0.0,191.5,65.55,0.31,0.000000,0.000000,0,1,7.69,0.00
1417725,-0.05,0.05,-0.05,0.06,0.00,-0.06,-2.1,-0.0,191.5,65.56,0.31,0.000000,0.000000,0,1,7.69,0.00
1418031,-0.03,0.01,-0.03,-0.06,0.31,-0.06,-2.1,-0.0,191.5,65.56,0.31,0.000000,0.000000,0,1,7.69,0.00
1418337,-0.05,0.02,-0.05,-0.12,0.06,0.12,-2.1,-0.0,191.5,65.56,0.31,0.000000,0.000000,0,1,7.69,0.00
1418949,-0.05,0.00,-0.05,-0.06,-0.18,-0.31,-2.1,-0.0,191.5,65.56,0.31,0.000000,0.000000,0,1,7.69,0.00
1419255,-0.05,0.00,-0.05,-0.06,-0.12,0.00,-2.1,-0.0,191.5,65.57,0.31,0.000000,0.000000,0,1,7.69,0.00
1419561,-0.07,0.00,-0.03,-0.12,0.12,0.12,-2.1,-0.0,191.5,65.57,0.31,0.000000,0.000000,0,1,7.69,0.00
1419867,-0.05,0.03,-0.05,0.00,0.06,0.00,-2.1,-0.0,191.5,65.57,0.30,0.000000,0.000000,0,1,7.69,0.00
1420173,-0.05,0.05,-0.02,-0.06,0.00,-0.12,-2.1,-0.0,191.5,65.57,0.31,0.000000,0.000000,0,1,7.69,0.00
1420479,-0.02,0.03,-0.07,0.12,0.00,0.06,-2.1,-0.0,191.5,65.57,0.30,0.000000,0.000000,0,1,7.69,0.00
1420785,-0.05,0.03,-0.02,0.06,-0.06,0.25,-2.1,-0.0,191.5,65.58,0.31,0.000000,0.000000,0,1,7.69,0.00
1421091,-0.03,0.05,-0.03,0.06,-0.18,0.06,-2.1,-0.0,191.5,65.58,0.31,0.000000,0.000000,0,1,7.69,0.00
1421703,-0.05,0.05,-0.07,-0.12,0.06,0.12,-2.1,-0.0,191.5,65.58,0.31,0.000000,0.000000,0,1,7.69,0.00
1422009,-0.05,0.03,-0.05,0.00,0.12,0.25,-2.1,-0.0,191.5,65.58,0.31,0.000000,0.000000,0,1,7.69,0.00
1422315,-0.03,0.01,-0.05,0.00,0.00,0.06,-2.1,-0.0,190.9,65.58,0.31,0.000000,0.000000,0,1,7.69,0.00
1422927,-0.03,0.03,-0.01,-0.12,0.00,-0.25,-2.1,-0.0,190.7,65.59,0.32,0.000000,0.000000,0,1,7.69,0.00
1423233,-0.05,0.02,-0.05,-0.18,-0.12,-0.12,-2.1,-0.0,191.1,65.59,0.31,0.000000,0.000000,0,1,7.69,0.00
1423539,-0.05,0.03,-0.02,0.06,-0.12,0.06,-2.1,-0.0,191.3,65.59,0.31,0.000000,0.000000,0,1,7.68,0.00
1423845,-0.05,0.02,-0.05,-0.12,-0.06,0.12,-2.1,-0.0,191.5,65.59,0.31,0.000000,0.000000,0,1,7.68,0.00
1424151,-0.05,0.05,-0.07,0.12,0.00,-0.18,-2.1,-0.0,191.7,65.59,0.31,0.000000,0.000000,0,1,7.68,0.00
1424457,-0.03,0.02,-0.07,0.06,0.18,0.00,-2.1,-0.0,191.8,65.60,0.30,0.000000,0.000000,0,1,7.68,0.00
1424763,-0.05,0.02,-0.05,-0.06,-0.06,0.12,-2.1,-0.0,191.8,65.60,0.30,0.000000,0.000000,0,1,7.68,0.00
1425069,-0.05,0.05,-0.07,0.12,-0.06,0.06,-2.1,-0.0,191.8,65.60,0.31,0.000000,0.000000,0,1,7.68,0.00
1425375,-0.02,0.02,-0.07,0.00,-0.06,0.00,-2.1,-0.0,191.8,65.60,0.30,0.000000,0.000000,0,1,7.68,0.00
1425987,-0.05,0.00,-0.03,0.06,0.06,-0.06,-2.1,-0.0,191.6,65.61,0.31,0.000000,0.000000,0,1,7.68,0.00
1426293,-0.07,0.02,-0.07,0.06,-0.12,0.12,-2.1,-0.0,191.6,65.61,0.31,0.000000,0.000000,0,1,7.68,0.00
1426599,-0.05,0.02,-0.05,-0.06,0.00,-0.06,-2.1,-0.0,191.9,65.61,0.30,0.000000,0.000000,0,1,7.68,0.00
1426905,-0.05,0.05,-0.05,0.06,0.06,-0.18,-2.1,-0.0,192.0,65.61,0.31,0.000000,0.000000,0,1,7.68,0.00
1427517,-0.05,0.03,-0.05,0.06,-0.18,-0.06,-2.1,-0.0,192.0,65.61,0.31,0.000000,0.000000,0,1,7.68,0.00
1427823,-0.05,0.05,-0.02,0.06,0.06,0.25,-2.1,-0.0,192.0,65.62,0.31,0.000000,0.000000,0,1,7.68,0.00
1428129,-0.05,0.01,-0.05,-0.12,-0.12,-0.25,-2.1,-0.0,192.0,65.62,0.30,0.000000,0.000000,0,1,7.68,0.00
1428435,-0.03,0.02,-0.05,0.00,0.37,0.00,-2.1,-0.0,192.0,65.62,0.31,0.000000,0.000000,0,1,7.68,0.00
1429047,-0.03,0.01,-0.05,-0.06,0.00,0.12,-2.1,-0.0,192.0,65.63,0.30,0.000000,0.000000,0,1,7.69,0.00
1429353,-0.03,0.05,-0.07,0.06,0.06,-0.06,-2.1,-0.0,192.0,65.63,0.30,0.000000,0.000000,0,1,7.69,0.00
1429659,-0.05,0.05,-0.05,0.06,0.18,0.06,-2.1,-0.0,191.6,65.63,0.30,0.000000,0.000000,0,1,7.69,0.00
1429965,-0.03,0.05,-0.05,-0.06,0.00,0.00,-2.1,-0.0,191.6,65.63,0.31,0.000000,0.000000,0,1,7.69,0.00
1430271,-0.05,0.02,-0.05,0.06,0.12,0.12,-2.1,-0.0,191.6,65.63,0.30,0.000000,0.000000,0,1,7.69,0.00
1430577,-0.07,0.03,-0.05,0.00,-0.18,0.12,-2.1,-0.0,191.6,65.63,0.30,0.000000,0.000000,0,1,7.69,0.00
1430883,-0.05,0.02,-0.07,-0.12,-0.12,0.18,-2.1,-0.0,191.9,65.64,0.31,0.000000,0.000000,0,1,7.69,0.00
1431495,-0.03,0.02,-0.05,-0.06,-0.18,-0.12,-2.1,-0.0,192.0,65.64,0.31,0.000000,0.000000,0,1,7.69,0.00
1431801,-0.05,0.02,-0.07,-0.06,-0.06,0.06,-2.1,-0.0,192.1,65.64,0.30,0.000000,0.000000,0,1,7.69,0.00
1432107,-0.05,0.02,-0.05,0.06,0.00,0.00,-2.1,-0.0,191.6,65.65,0.30,0.000000,0.000000,0,1,7.69,0.00
1432413,-0.05,0.00,-0.03,-0.06,-0.06,0.06,-2.1,-0.0,191.3,65.65,0.31,0.000000,0.000000,0,1,7.69,0.00
1432719,-0.03,0.02,-0.05,-0.06,0.06,0.25,-2.1,-0.0,191.4,65.65,0.30,0.000000,0.000000,0,1,7.69,0.00
1433025,-0.03,0.02,-0.03,0.00,0.06,0.12,-2.1,-0.0,191.6,65.65,0.30,0.000000,0.000000,0,1,7.69,0.00
1433331,-0.03,0.02,-0.05,0.06,-0.06,-0.12,-2.1,-0.0,191.8,65.65,0.30,0.000000,0.000000,0,1,7.69,0.00
1433637,-0.03,0.02,-0.05,0.06,0.06,-0.12,-2.1,-0.0,191.8,65.65,0.31,0.000000,0.000000,0,1,7.68,0.00
1434249,-0.05,0.01,-0.03,0.12,-0.06,-0.06,-2.1,-0.0,191.7,65.66,0.29,0.000000,0.000000,0,1,7.68,0.00
1434555,-0.02,0.05,-0.05,0.00,-0.06,0.18,-2.1,-0.0,191.7,65.66,0.30,0.000000,0.000000,0,1,7.68,0.00
1434861,-0.05,0.03,-0.09,-0.12,0.00,-0.18,-2.1,-0.0,191.7,65.66,0.30,0.000000,0.000000,0,1,7.68,0.00
1435167,-0.05,0.00,-0.07,0.06,0.25,0.12,-2.1,-0.0,191.7,65.66,0.30,0.000000,0.000000,0,1,7.68,0.00
1435473,-0.02,0.03,-0.03,0.06,0.06,0.31,-2.1,-0.0,191.7,65.66,0.30,0.000000,0.000000,0,1,7.68,0.00
1436085,-0.05,0.02,-0.05,0.06,0.18,-0.18,-2.1,-0.0,191.7,65.67,0.29,0.000000,0.000000,0,1,7.68,0.00
1436391,-0.05,0.02,-0.05,-0.12,0.06,-0.06,-2.1,-0.0,191.3,65.67,0.30,0.000000,0.000000,0,1,7.68,0.00
1436697,-0.05,0.05,-0.03,-0.06,0.06,0.12,-2.1,-0.0,191.5,65.67,0.30,0.000000,0.000000,0,1,7.68,0.00
1437003,-0.02,0.05,-0.05,0.06,-0.06,0.25,-2.1,-0.0,191.6,65.67,0.30,0.000000,0.000000,0,1,7.68,0.00
1437309,-0.05,0.02,-0.07,-0.06,0.12,0.06,-2.1,-0.0,191.6,65.68,0.30,0.000000,0.000000,0,1,7.68,0.00
1437615,-0.05,0.02,-0.05,0.06,0.00,0.06,-2.1,-0.0,191.8,65.68,0.30,0.000000,0.000000,0,1,7.68,0.00
1437921,-0.05,0.02,-0.02,-0.06,0.00,0.06,-2.1,-0.0,192.0,65.68,0.31,0.000000,0.000000,0,1,7.69,0.00
1438533,-0.03,0.01,-0.05,0.12,0.06,0.06,-2.1,-0.0,192.0,65.68,0.30,0.000000,0.000000,0,1,7.69,0.00
1438839,-0.05,0.00,-0.05,0.00,0.00,-0.25,-2.1,-0.0,191.5,65.69,0.30,0.000000,0.000000,0,1,7.68,0.00
1439145,-0.05,0.02,-0.03,0.06,0.12,0.06,-2.1,-0.0,191.5,65.69,0.29,0.000000,0.000000,0,1,7.68,0.00
1439451,-0.05,0.02,-0.07,0.06,-0.18,0.00,-2.1,-0.0,191.8,65.69,0.28,0.000000,0.000000,0,1,7.68,0.00
1439757,-0.05,0.03,-0.07,0.00,-0.12,0.00,-2.1,-0.0,192.0,65.69,0.29,0.000000,0.000000,0,1,7.68,0.00
1440063,-0.05,0.03,-0.07,0.00,-0.25,-0.12,-2.1,-0.0,192.1,65.69,0.29,0.000000,0.000000,0,1,7.68,0.00
1440369,-0.05,0.05,-0.07,0.00,0.06,0.25,-2.1,-0.0,192.1,65.70,0.28,0.000000,0.000000,0,1,7.68,0.00
1440675,-0.05,0.02,-0.05,0.00,0.12,0.18,-2.1,-0.0,192.1,65.70,0.29,0.000000,0.000000,0,1,7.69,0.00
1440981,-0.05,0.00,-0.05,0.06,-0.06,0.06,-2.1,-0.0,192.1,65.70,0.28,0.000000,0.000000,0,1,7.69,0.00
1441593,-0.05,0.02,-0.03,0.06,0.18,-0.06,-2.1,-0.0,192.1,65.70,0.31,0.000000,0.000000,0,1,7.69,0.00
1441899,-0.03,0.01,-0.05,-0.25,0.18,0.06,-2.1,-0.0,191.9,65.70,0.31,0.000000,0.000000,0,1,7.68,0.00
1442205,-0.03,0.02,-0.03,0.12,-0.12,0.12,-2.1,-0.0,191.5,65.71,0.31,0.000000,0.000000,0,1,7.68,0.00
1442511,-0.03,0.03,-0.05,-0.12,-0.06,0.00,-2.1,-0.0,191.6,65.71,0.31,0.000000,0.000000,0,1,7.68,0.00
1443123,-0.05,0.02,-0.02,0.00,0.06,-0.18,-2.1,-0.0,191.8,65.71,0.32,0.000000,0.000000,0,1,7.68,0.00
1443429,-0.05,0.03,-0.05,-0.06,-0.06,-0.25,-2.1,-0.0,191.8,65.71,0.33,0.000000,0.000000,0,1,7.68,0.00
1443735,-0.03,0.03,-0.01,-0.06,-0.06,0.06,-2.1,-0.0,191.9,65.72,0.32,0.000000,0.000000,0,1,7.68,0.00
1444041,-0.05,0.02,-0.01,0.12,0.12,0.00,-2.1,-0.0,191.9,65.72,0.33,0.000000,0.000000,0,1,7.68,0.00
1444347,-0.05,0.02,-0.05,0.00,0.18,-0.06,-2.1,-0.0,191.9,65.72,0.32,0.000000,0.000000,0,1,7.68,0.00
1444653,-0.05,0.01,-0.05,0.12,-0.06,0.18,-2.1,-0.0,191.9,65.72,0.31,0.000000,0.000000,0,1,7.68,0.00
1445265,-0.05,0.00,-0.09,0.00,-0.06,0.12,-2.1,-0.0,191.9,65.73,0.32,0.000000,0.000000,0,1,7.69,0.00
1445571,-0.05,0.02,-0.05,0.00,-0.06,0.06,-2.1,-0.0,191.9,65.73,0.32,0.000000,0.000000,0,1,7.69,0.00
1445877,-0.05,0.00,-0.05,-0.12,0.06,0.31,-2.1,-0.0,191.9,65.73,0.33,0.000000,0.000000,0,1,7.68,0.00
1446183,-0.05,0.03,-0.03,0.06,-0.06,-0.25,-2.1,-0.0,191.9,65.73,0.32,0.000000,0.000000,0,1,7.68,0.00
1446489,-0.05,0.01,-0.03,-0.06,0.00,0.06,-2.1,-0.0,191.9,65.73,0.33,0.000000,0.000000,0,1,7.68,0.00
1446795,-0.07,0.01,-0.07,0.00,-0.18,0.12,-2.1,-0.0,191.9,65.73,0.33,0.000000,0.000000,0,1,7.68,0.00
1447101,-0.05,0.00,-0.02,-0.06,-0.06,0.06,-2.1,-0.0,191.9,65.74,0.32,0.000000,0.000000,0,1,7.68,0.00
1447713,-0.05,0.02,-0.09,0.06,0.12,-0.12,-2.1,-0.0,191.9,65.74,0.34,0.000000,0.000000,0,1,7.68,0.00
1448019,-0.05,0.01,-0.03,0.12,-0.06,0.06,-2.1,-0.0,191.9,65.74,0.33,0.000000,0.000000,0,1,7.68,0.00
1448325,-0.03,0.01,-0.05,0.06,0.12,-0.18,-2.1,-0.0,191.6,65.74,0.33,0.000000,0.000000,0,1,7.68,0.00
1448631,-0.05,0.03,-0.05,0.00,0.06,0.31,-2.1,-0.0,191.9,65.75,0.33,0.000000,0.000000,0,1,7.68,0.00
1448937,-0.05,0.02,-0.01,0.06,0.00,-0.12,-2.1,-0.0,192.0,65.75,0.34,0.000000,0.000000,0,1,7.68,0.00
1449243,-0.05,0.03,-0.02,0.12,0.12,-0.06,-2.1,-0.0,192.1,65.75,0.33,0.000000,0.000000,0,1,7.68,0.00
1449549,-0.05,0.02,-0.07,0.00,0.12,0.12,-2.1,-0.0,192.1,65.75,0.33,0.000000,0.000000,0,1,7.68,0.00
1449855,-0.05,0.03,-0.03,0.12,-0.06,0.00,-2.1,-0.0,191.6,65.75,0.33,0.000000,0.000000,0,1,7.68,0.00
1450467,-0.02,0.01,-0.07,0.00,0.18,0.12,-2.1,-0.0,191.6,65.76,0.33,0.000000,0.000000,0,1,7.68,0.00
1450773,-0.05,0.03,-0.07,-0.06,0.06,-0.06,-2.1,-0.0,191.6,65.76,0.33,0.000000,0.000000,0,1,7.68,0.00
1451079,-0.05,0.01,-0.05,0.00,0.00,0.06,-2.1,-0.0,191.6,65.76,0.33,0.000000,0.000000,0,1,7.68,0.00
1451691,-0.05,0.01,-0.01,0.00,-0.18,-0.12,-2.1,-0.0,191.6,65.77,0.33,0.000000,0.000000,0,1,7.68,0.00
1451997,-0.02,0.03,-0.02,-0.12,-0.06,0.12,-2.1,-0.0,191.6,65.77,0.34,0.000000,0.000000,0,1,7.68,0.00
1452303,-0.05,0.02,-0.03,0.00,-0.06,-0.06,-2.1,-0.0,191.6,65.77,0.33,0.000000,0.000000,0,1,7.68,0.00
1452609,-0.05,0.02,-0.07,0.06,-0.18,0.12,-2.1,-0.0,191.6,65.77,0.33,0.000000,0.000000,0,1,7.68,0.00
1452915,-0.05,0.03,-0.05,0.00,0.06,0.06,-2.1,-0.0,191.6,65.77,0.33,0.000000,0.000000,0,1,7.69,0.00
1453221,-0.05,0.05,-0.07,-0.06,0.12,-0.06,-2.1,-0.0,191.6,65.77,0.33,0.000000,0.000000,0,1,7.69,0.00
1453833,-0.05,0.02,-0.05,0.00,0.06,0.06,-2.1,-0.0,191.6,65.78,0.33,0.000000,0.000000,0,1,7.68,0.00
1454139,-0.03,0.03,-0.03,-0.12,0.06,-0.31,-2.1,-0.0,191.6,65.78,0.32,0.000000,0.000000,0,1,7.68,0.00
1454445,-0.05,0.05,-0.05,-0.18,-0.06,-0.06,-2.1,-0.0,191.6,65.78,0.33,0.000000,0.000000,0,1,7.68,0.00
1454751,-0.05,0.03,-0.05,0.06,0.00,-0.12,-2.1,-0.0,191.6,65.78,0.32,0.000000,0.000000,0,1,7.68,0.00
1455363,-0.05,0.02,-0.05,-0.06,-0.12,0.00,-2.1,-0.0,191.6,65.79,0.32,0.000000,0.000000,0,1,7.68,0.00
1455669,-0.05,0.00,-0.05,-0.18,-0.18,-0.06,-2.1,-0.0,191.6,65.79,0.32,0.000000,0.000000,0,1,7.68,0.00
1455975,-0.05,0.01,-0.07,-0.06,0.00,0.00,-2.1,-0.0,191.6,65.79,0.32,0.000000,0.000000,0,1,7.68,0.00
1456281,-0.02,0.05,-0.05,0.00,-0.25,0.00,-2.1,-0.0,191.6,65.79,0.32,0.000000,0.000000,0,1,7.68,0.00
1456587,-0.05,0.00,-0.05,0.00,-0.18,-0.12,-2.1,-0.0,191.6,65.79,0.33,0.000000,0.000000,0,1,7.68,0.00
1456893,-0.07,0.01,-0.01,0.00,-0.06,0.18,-2.1,-0.0,191.6,65.80,0.34,0.000000,0.000000,0,1,7.68,0.00
1457199,-0.05,0.01,-0.05,0.12,0.12,-0.06,-2.1,-0.0,191.6,65.80,0.34,0.000000,0.000000,0,1,7.68,0.00
1457505,-0.05,0.01,-0.01,0.00,0.06,-0.12,-2.1,-0.0,191.6,65.80,0.34,0.000000,0.000000,0,1,7.68,0.00
1457811,-0.05,0.05,-0.02,-0.06,0.06,0.25,-2.1,-0.0,191.6,65.80,0.35,0.000000,0.000000,0,1,7.68,0.00
1458423,-0.03,0.02,-0.07,0.06,-0.12,-0.06,-2.1,-0.0,191.6,65.80,0.36,0.000000,0.000000,0,1,7.69,0.00
1458729,-0.05,0.02,-0.05,-0.12,-0.06,0.12,-2.1,-0.0,191.6,65.81,0.36,0.000000,0.000000,0,1,7.69,0.00
1459035,-0.05,0.00,-0.05,0.06,-0.18,-0.31,-2.1,-0.0,191.6,65.81,0.36,0.000000,0.000000,0,1,7.68,0.00
1459341,-0.05,0.02,-0.05,0.00,-0.12,0.00,-2.1,-0.0,191.6,65.81,0.37,0.000000,0.000000,0,1,7.68,0.00
1459953,-0.05,0.03,-0.07,0.12,0.00,0.06,-2.1,-0.0,191.6,65.81,0.35,0.000000,0.000000,0,1,7.68,0.00
1460259,-0.03,0.02,-0.00,-0.18,-0.06,0.12,-2.1,-0.0,191.6,65.82,0.35,0.000000,0.000000,0,1,7.68,0.00
1460565,-0.01,0.01,-0.07,0.00,-0.06,0.00,-2.1,-0.0,191.6,65.82,0.34,0.000000,0.000000,0,1,7.68,0.00
1460871,-0.05,0.03,-0.07,0.06,0.00,0.12,-2.1,-0.0,191.6,65.82,0.34,0.000000,0.000000,0,1,7.68,0.00
1461177,-0.02,0.02,-0.05,0.00,0.06,-0.12,-2.1,-0.0,191.5,65.82,0.35,0.000000,0.000000,0,1,7.68,0.00
1461483,-0.05,0.01,-0.05,0.12,0.18,-0.12,-2.1,-0.0,191.6,65.82,0.35,0.000000,0.000000,0,1,7.68,0.00
1461789,-0.07,0.03,-0.05,-0.06,0.06,-0.06,-2.1,-0.0,191.8,65.83,0.34,0.000000,0.000000,0,1,7.68,0.00
1462095,-0.01,0.02,-0.01,0.12,0.06,-0.12,-2.1,-0.0,191.9,65.83,0.35,0.000000,0.000000,0,1,7.68,0.00
1462401,-0.05,0.00,-0.07,-0.06,-0.12,-0.31,-2.1,-0.0,192.0,65.83,0.34,0.000000,0.000000,0,1,7.68,0.00
1463013,-0.02,0.03,-0.05,-0.06,0.00,0.31,-2.1,-0.0,192.1,65.83,0.35,0.000000,0.000000,0,1,7.68,0.00
1463319,-0.03,0.03,-0.07,0.12,0.06,0.00,-2.1,-0.0,192.1,65.83,0.35,0.000000,0.000000,0,1,7.68,0.00
1463625,-0.05,0.05,-0.05,0.12,-0.06,0.00,-2.1,-0.0,192.1,65.84,0.35,0.000000,0.000000,0,1,7.68,0.00
1463931,-0.05,0.03,-0.03,0.06,-0.06,0.00,-2.1,-0.0,192.1,65.84,0.35,0.000000,0.000000,0,1,7.68,0.00
1464237,-0.05,0.01,-0.05,0.06,-0.18,0.31,-2.1,-0.0,192.1,65.84,0.34,0.000000,0.000000,0,1,7.68,0.00
1464543,-0.05,0.05,-0.05,-0.12,-0.06,-0.06,-2.1,-0.0,192.1,65.85,0.35,0.000000,0.000000,0,1,7.68,0.00
1464849,-0.05,0.01,-0.03,0.06,0.00,0.00,-2.1,-0.0,192.1,65.84,0.35,0.000000,0.000000,0,1,7.68,0.00
1465461,-0.05,0.05,-0.03,-0.06,0.00,0.31,-2.1,-0.0,191.7,65.85,0.34,0.000000,0.000000,0,1,7.69,0.00
1465767,-0.05,0.03,-0.01,0.00,0.00,0.06,-2.1,-0.0,191.9,65.85,0.35,0.000000,0.000000,0,1,7.69,0.00
1466073,-0.03,0.03,-0.09,0.00,0.06,-0.31,-2.1,-0.0,192.0,65.85,0.35,0.000000,0.000000,0,1,7.68,0.00
1466685,-0.03,0.03,-0.03,0.00,0.00,0.00,-2.1,-0.0,192.0,65.86,0.36,0.000000,0.000000,0,1,7.68,0.00
1466991,-0.07,0.02,-0.02,-0.06,-0.12,0.00,-2.1,-0.0,192.0,65.86,0.36,0.000000,0.000000,0,1,7.68,0.00
1467297,-0.03,0.03,-0.01,0.00,0.00,0.00,-2.1,-0.0,191.8,65.86,0.36,0.000000,0.000000,0,1,7.68,0.00
1467603,-0.05,0.02,-0.05,-0.12,-0.06,0.00,-2.1,-0.0,191.8,65.86,0.36,0.000000,0.000000,0,1,7.68,0.00
1467909,-0.05,0.03,-0.02,0.00,0.00,-0.06,-2.1,-0.0,191.8,65.86,0.37,0.000000,0.000000,0,1,7.68,0.00
1468521,-0.05,0.00,-0.05,0.06,-0.12,0.00,-2.1,-0.0,191.8,65.87,0.37,0.000000,0.000000,0,1,7.68,0.00
1468827,-0.02,0.05,-0.02,-0.06,-0.12,0.12,-2.1,-0.0,191.8,65.87,0.37,0.000000,0.000000,0,1,7.68,0.00
1469133,-0.05,0.03,-0.02,0.00,0.18,0.00,-2.1,-0.0,191.8,65.87,0.38,0.000000,0.000000,0,1,7.68,0.00
1469439,-0.05,0.01,-0.05,0.06,0.00,0.06,-2.1,-0.0,191.8,65.87,0.38,0.000000,0.000000,0,1,7.68,0.00
1469745,-0.05,0.01,-0.05,-0.12,0.00,-0.12,-2.1,-0.0,191.8,65.87,0.38,0.000000,0.000000,0,1,7.68,0.00
1470357,-0.05,0.01,-0.07,-0.06,0.25,0.06,-2.1,-0.0,191.8,65.88,0.38,0.000000,0.000000,0,1,7.68,0.00
1470663,-0.03,0.01,-0.00,0.00,-0.06,0.25,-2.1,-0.0,191.8,65.88,0.38,0.000000,0.000000,0,1,7.68,0.00
1470969,-0.03,0.03,-0.03,-0.06,0.00,-0.06,-2.1,-0.0,191.8,65.88,0.37,0.000000,0.000000,0,1,7.68,0.00
1471581,-0.05,0.03,-0.05,-0.12,-0.06,-0.12,-2.1,-0.0,191.8,65.88,0.38,0.000000,0.000000,0,1,7.68,0.00
1471887,-0.03,0.03,-0.03,0.00,0.37,0.00,-2.1,-0.0,191.8,65.89,0.38,0.000000,0.000000,0,1,7.68,0.00
1472193,-0.03,0.01,-0.03,0.00,0.06,-0.12,-2.1,-0.0,191.8,65.89,0.38,0.000000,0.000000,0,1,7.68,0.00
1472499,-0.05,0.01,-0.05,0.06,0.12,0.06,-2.1,-0.0,191.8,65.89,0.38,0.000000,0.000000,0,1,7.68,0.00
1472805,-0.03,0.03,-0.02,0.06,0.12,0.12,-2.1,-0.0,191.8,65.89,0.37,0.000000,0.000000,0,1,7.68,0.00
1473111,-0.05,0.02,-0.03,0.00,-0.12,-0.18,-2.1,-0.0,191.8,65.89,0.38,0.000000,0.000000,0,1,7.67,0.00
1473417,-0.05,0.00,-0.05,-0.06,0.12,-0.25,-2.1,-0.0,191.8,65.90,0.39,0.000000,0.000000,0,1,7.67,0.00
1473723,-0.03,0.03,-0.05,0.00,-0.12,0.06,-2.1,-0.0,191.8,65.90,0.38,0.000000,0.000000,0,1,7.67,0.00
1474029,-0.05,0.05,-0.07,0.00,-0.12,-0.12,-2.1,-0.0,191.8,65.90,0.38,0.000000,0.000000,0,1,7.68,0.00
1474335,-0.05,0.02,-0.05,-0.12,0.00,-0.18,-2.1,-0.0,191.8,65.90,0.38,0.000000,0.000000,0,1,7.68,0.00
1474641,-0.05,0.05,-0.05,0.12,0.00,-0.12,-2.1,-0.0,191.8,65.90,0.39,0.000000,0.000000,0,1,7.68,0.00
1474947,-0.05,0.02,-0.05,0.12,0.06,-0.06,-2.1,-0.0,191.8,65.90,0.39,0.000000,0.000000,0,1,7.68,0.00
1475559,-0.05,0.02,-0.02,-0.06,0.00,-0.18,-2.1,-0.0,191.8,65.91,0.40,0.000000,0.000000,0,1,7.68,0.00
1475865,-0.02,0.02,-0.05,-0.06,-0.06,0.18,-2.1,-0.0,191.8,65.91,0.40,0.000000,0.000000,0,1,7.68,0.00
1476477,-0.05,0.02,-0.07,-0.25,0.12,0.00,-2.1,-0.0,191.3,65.91,0.41,0.000000,0.000000,0,1,7.68,0.00
1476783,-0.05,0.01,-0.05,-0.18,0.12,0.06,-2.1,-0.0,191.6,65.91,0.40,0.000000,0.000000,0,1,7.68,0.00
1477089,-0.05,0.05,-0.03,0.00,-0.12,0.25,-2.1,-0.0,191.6,65.92,0.40,0.000000,0.000000,0,1,7.68,0.00
1477701,-0.05,0.01,-0.03,0.06,0.12,-0.12,-2.1,-0.0,192.0,65.92,0.39,0.000000,0.000000,0,1,7.68,0.00
1478007,-0.02,0.03,-0.02,0.06,-0.12,0.18,-2.1,-0.0,192.2,65.92,0.39,0.000000,0.000000,0,1,7.68,0.00
1478619,-0.03,0.05,-0.07,-0.06,0.12,-0.18,-2.1,-0.0,192.0,65.93,0.38,0.000000,0.000000,0,1,7.68,0.00
1478925,-0.07,0.02,-0.07,-0.12,-0.06,0.06,-2.1,-0.0,192.0,65.93,0.38,0.000000,0.000000,0,1,7.68,0.00
1479537,-0.05,0.00,-0.05,0.06,0.00,-0.12,-2.1,-0.0,192.0,65.93,0.37,0.000000,0.000000,0,1,7.68,0.00
1479843,-0.03,0.02,-0.03,0.00,-0.12,-0.12,-2.1,-0.0,192.0,65.93,0.36,0.000000,0.000000,0,1,7.68,0.00
1480149,-0.05,0.03,-0.05,0.00,-0.12,0.00,-2.1,-0.0,192.0,65.94,0.36,0.000000,0.000000,0,1,7.67,0.00
1480455,-0.05,0.05,-0.07,-0.06,0.06,0.12,-2.1,-0.0,191.6,65.94,0.36,0.000000,0.000000,0,1,7.67,0.00
1481067,-0.03,0.05,-0.07,0.00,-0.12,0.12,-2.1,-0.0,192.0,65.94,0.36,0.000000,0.000000,0,1,7.68,0.00
1481373,-0.05,0.01,-0.01,-0.06,-0.12,0.00,-2.1,-0.0,192.2,65.94,0.37,0.000000,0.000000,0,1,7.68,0.00
1481985,-0.03,0.01,-0.07,0.00,-0.12,-0.18,-2.1,-0.0,192.3,65.95,0.37,0.000000,0.000000,0,1,7.68,0.00
1482291,-0.05,0.02,-0.00,-0.06,0.25,-0.06,-2.1,-0.0,192.1,65.95,0.36,0.000000,0.000000,0,1,7.68,0.00
1482597,-0.03,0.03,-0.03,0.06,-0.12,-0.12,-2.1,-0.0,192.2,65.95,0.36,0.000000,0.000000,0,1,7.68,0.00
1482903,-0.02,0.03,-0.01,-0.06,0.06,0.12,-2.1,-0.0,192.2,65.95,0.35,0.000000,0.000000,0,1,7.68,0.00
1483209,-0.05,0.05,-0.07,-0.12,0.18,-0.06,-2.1,-0.0,192.2,65.95,0.35,0.000000,0.000000,0,1,7.68,0.00
1483515,-0.05,0.03,-0.03,0.12,-0.12,-0.31,-2.1,-0.0,192.2,65.96,0.36,0.000000,0.000000,0,1,7.68,0.00
1483821,-0.03,0.02,-0.07,0.00,0.00,-0.18,-2.1,-0.0,192.2,65.96,0.36,0.000000,0.000000,0,1,7.68,0.00
1484433,-0.05,0.02,-0.03,0.12,-0.18,0.06,-2.1,-0.0,192.2,65.96,0.35,0.000000,0.000000,0,1,7.68,0.00
1484739,-0.03,0.02,-0.07,-0.06,-0.06,-0.37,-2.1,-0.0,192.2,65.96,0.34,0.000000,0.000000,0,1,7.68,0.00
1485045,-0.05,0.05,-0.05,0.18,-0.06,-0.25,-2.1,-0.0,192.2,65.96,0.35,0.000000,0.000000,0,1,7.68,0.00
1485351,-0.05,0.01,-0.02,0.12,0.12,0.06,-2.1,-0.0,192.2,65.97,0.35,0.000000,0.000000,0,1,7.68,0.00
1485657,-0.02,0.03,-0.07,0.06,-0.06,0.12,-2.1,-0.0,192.2,65.97,0.35,0.000000,0.000000,0,1,7.68,0.00
1485963,-0.03,0.05,-0.00,-0.12,0.06,-0.25,-2.1,-0.0,192.0,65.97,0.35,0.000000,0.000000,0,1,7.68,0.00
1486575,-0.05,0.05,-0.07,0.18,-0.06,0.18,-2.1,-0.0,192.1,65.98,0.36,0.000000,0.000000,0,1,7.67,0.00
1486881,-0.05,0.03,-0.05,0.12,0.25,0.06,-2.1,-0.0,192.2,65.98,0.35,0.000000,0.000000,0,1,7.67,0.00
1487187,-0.05,0.05,-0.07,0.06,-0.18,0.00,-2.1,-0.0,192.3,65.98,0.36,0.000000,0.000000,0,1,7.68,0.00
1487493,-0.05,0.00,-0.02,0.00,-0.06,0.25,-2.1,-0.0,192.3,65.98,0.36,0.000000,0.000000,0,1,7.68,0.00
1487799,-0.05,0.03,-0.07,0.00,-0.18,-0.12,-2.1,-0.0,192.3,65.98,0.36,0.000000,0.000000,0,1,7.68,0.00
1488105,-0.02,0.02,-0.05,0.06,0.12,0.18,-2.1,-0.0,191.8,65.98,0.36,0.000000,0.000000,0,1,7.68,0.00
1488411,-0.02,0.05,-0.01,0.00,-0.06,0.12,-2.1,-0.0,191.9,65.99,0.36,0.000000,0.000000,0,1,7.68,0.00
1488717,-0.05,0.05,-0.05,0.00,0.37,0.18,-2.1,-0.0,192.0,65.99,0.36,0.000000,0.000000,0,1,7.68,0.00
1489329,-0.05,0.02,-0.07,0.00,-0.12,-0.25,-2.1,-0.0,192.1,65.99,0.36,0.000000,0.000000,0,1,7.68,0.00
1489635,-0.02,0.03,-0.05,0.00,-0.06,-0.12,-2.1,-0.0,192.1,65.99,0.37,0.000000,0.000000,0,1,7.68,0.00
1489941,-0.02,0.05,-0.05,0.18,0.18,0.00,-2.1,-0.0,192.2,66.00,0.36,0.000000,0.000000,0,1,7.68,0.00
1490247,-0.03,0.03,-0.01,0.06,0.06,-0.18,-2.1,-0.0,192.2,66.00,0.37,0.000000,0.000000,0,1,7.67,0.00
1490859,-0.05,0.05,-0.05,0.00,0.00,0.00,-2.1,-0.0,192.2,66.00,0.37,0.000000,0.000000,0,1,7.67,0.00
1491165,-0.03,0.05,-0.07,0.12,-0.12,-0.06,-2.1,-0.0,192.2,66.00,0.36,0.000000,0.000000,0,1,7.67,0.00
1491471,-0.03,0.03,-0.05,-0.12,-0.12,0.06,-2.1,-0.0,192.2,66.01,0.37,0.000000,0.000000,0,1,7.67,0.00
1491777,-0.03,0.03,-0.07,0.12,0.06,0.06,-2.1,-0.0,192.2,66.01,0.37,0.000000,0.000000,0,1,7.67,0.00
1492083,-0.05,0.01,-0.07,0.12,0.06,0.00,-2.1,-0.0,192.2,66.01,0.36,0.000000,0.000000,0,1,7.67,0.00
1492389,-0.07,0.05,-0.05,-0.06,0.00,0.18,-2.1,-0.0,191.9,66.01,0.37,0.000000,0.000000,0,1,7.68,0.00
1492695,-0.03,0.01,-0.07,-0.06,-0.06,0.00,-2.1,-0.0,191.6,66.01,0.36,0.000000,0.000000,0,1,7.68,0.00
1493307,-0.05,0.02,-0.05,0.00,-0.06,-0.12,-2.1,-0.0,191.8,66.02,0.36,0.000000,0.000000,0,1,7.68,0.00
1493613,-0.05,0.05,-0.05,-0.06,0.00,0.06,-2.1,-0.0,192.0,66.02,0.37,0.000000,0.000000,0,1,7.68,0.00
1493919,-0.05,0.02,-0.07,-0.06,0.06,-0.12,-2.1,-0.0,192.0,66.02,0.37,0.000000,0.000000,0,1,7.68,0.00
1494225,-0.02,0.02,-0.05,-0.12,-0.06,-0.06,-2.1,-0.0,192.1,66.02,0.37,0.000000,0.000000,0,1,7.68,0.00
1494531,-0.05,0.03,-0.07,0.06,0.00,0.12,-2.1,-0.0,192.3,66.02,0.38,0.000000,0.000000,0,1,7.68,0.00
1494837,-0.05,0.03,-0.05,0.00,0.00,0.12,-2.1,-0.0,192.3,66.03,0.37,0.000000,0.000000,0,1,7.68,0.00
1495143,-0.05,0.03,-0.07,0.12,0.25,0.18,-2.1,-0.0,192.3,66.03,0.37,0.000000,0.000000,0,1,7.68,0.00
1495755,-0.05,0.02,-0.00,-0.06,0.00,0.37,-2.1,-0.0,192.3,66.03,0.36,0.000000,0.000000,0,1,7.68,0.00
1496061,-0.05,0.02,-0.05,0.00,0.06,0.06,-2.1,-0.0,192.3,66.03,0.36,0.000000,0.000000,0,1,7.68,0.00
1496673,-0.05,0.03,-0.03,0.00,-0.25,0.18,-2.1,-0.0,192.3,66.04,0.36,0.000000,0.000000,0,1,7.67,0.00
1496979,-0.03,0.05,-0.07,0.00,-0.18,0.06,-2.1,-0.0,192.3,66.04,0.35,0.000000,0.000000,0,1,7.67,0.00
1497285,-0.05,0.01,-0.05,0.06,-0.12,-0.06,-2.1,-0.0,192.3,66.04,0.36,0.000000,0.000000,0,1,7.68,0.00
1497591,-0.03,0.01,-0.07,-0.06,0.06,-0.06,-2.1,-0.0,191.8,66.05,0.37,0.000000,0.000000,0,1,7.68,0.00
1497897,-0.05,0.00,-0.00,-0.06,0.12,0.06,-2.1,-0.0,192.1,66.05,0.38,0.000000,0.000000,0,1,7.68,0.00
1498203,-0.05,0.02,-0.05,-0.18,-0.12,0.06,-2.1,-0.0,192.5,66.05,0.38,0.000000,0.000000,0,1,7.68,0.00
1498509,-0.03,0.01,-0.01,0.06,-0.18,-0.25,-2.1,-0.0,192.5,66.05,0.38,0.000000,0.000000,0,1,7.68,0.00
1499121,-0.03,0.00,-0.03,0.06,-0.18,0.25,-2.1,-0.0,192.6,66.05,0.39,0.000000,0.000000,0,1,7.68,0.00
1499427,-0.05,0.02,-0.03,-0.06,0.00,0.00,-2.1,-0.0,192.7,66.06,0.38,0.000000,0.000000,0,1,7.71,0.00
1499733,-0.05,0.05,-0.05,-0.06,-0.25,-0.06,-2.1,-0.0,192.6,66.06,0.39,0.000000,0.000000,0,1,7.71,0.00
1500039,-0.05,0.01,-0.03,-0.12,0.00,0.00,-2.1,-0.0,192.6,66.06,0.39,0.000000,0.000000,0,1,7.71,0.00
1500345,-0.01,0.01,-0.07,0.00,-0.06,-0.06,-2.1,-0.0,192.6,66.06,0.40,0.000000,0.000000,0,1,7.68,0.00
1500957,-0.05,0.05,-0.03,0.06,-0.06,-0.12,-2.1,-0.0,192.6,66.07,0.40,0.000000,0.000000,0,1,7.68,0.00
1501263,-0.05,0.01,-0.01,-0.06,0.12,-0.12,-2.1,-0.0,192.6,66.07,0.40,0.000000,0.000000,0,1,7.68,0.00
1501569,-0.05,0.00,-0.05,-0.06,-0.06,-0.12,-2.1,-0.0,192.1,66.07,0.40,0.000000,0.000000,0,1,7.68,0.00
1501875,-0.05,0.05,-0.03,0.00,0.06,0.06,-2.1,-0.0,192.3,66.07,0.39,0.000000,0.000000,0,1,7.68,0.00
1502181,-0.03,0.02,-0.05,-0.12,-0.12,0.31,-2.1,-0.0,192.3,66.07,0.39,0.000000,0.000000,0,1,7.68,0.00
1502487,-0.03,0.03,-0.05,-0.06,0.12,-0.25,-2.1,-0.0,192.5,66.07,0.40,0.000000,0.000000,0,1,7.67,0.00
1502793,-0.05,0.01,-0.03,0.00,0.00,0.12,-2.1,-0.0,192.5,66.07,0.39,0.000000,0.000000,0,1,7.67,0.00
1503405,-0.05,0.05,-0.05,0.00,-0.12,0.06,-2.1,-0.0,192.1,66.08,0.39,0.000000,0.000000,0,1,7.67,0.00
1503711,-0.03,0.01,-0.02,0.12,0.06,-0.12,-2.1,-0.0,192.4,66.08,0.40,0.000000,0.000000,0,1,7.67,0.00
1504017,-0.02,0.00,-0.03,0.06,0.06,-0.12,-2.1,-0.0,192.6,66.08,0.40,0.000000,0.000000,0,1,7.67,0.00
1504323,-0.05,0.03,-0.02,0.00,0.18,0.12,-2.1,-0.0,192.6,66.09,0.41,0.000000,0.000000,0,1,7.68,0.00
1504629,-0.05,0.03,-0.03,0.00,-0.06,0.00,-2.1,-0.0,192.6,66.09,0.40,0.000000,0.000000,0,1,7.68,0.00
1504935,-0.05,0.00,-0.02,0.00,0.18,0.00,-2.1,-0.0,192.8,66.09,0.40,0.000000,0.000000,0,1,7.68,0.00
1505547,-0.05,0.02,-0.07,0.00,0.12,-0.06,-2.1,-0.0,192.8,66.09,0.40,0.000000,0.000000,0,1,7.67,0.00
1506159,-0.05,0.03,-0.03,-0.18,0.12,0.00,-2.1,-0.0,192.8,66.09,0.41,0.000000,0.000000,0,1,7.67,0.00
1506465,-0.03,0.00,-0.05,-0.06,-0.12,0.00,-2.1,-0.0,192.8,66.10,0.41,0.000000,0.000000,0,1,7.67,0.00
1506771,-0.05,0.02,-0.05,0.12,0.25,0.31,-2.1,-0.0,192.8,66.10,0.41,0.000000,0.000000,0,1,7.67,0.00
1507077,-0.05,0.03,-0.03,-0.06,0.06,-0.18,-2.1,-0.0,192.8,66.10,0.41,0.000000,0.000000,0,1,7.67,0.00
1507383,-0.07,0.02,-0.09,0.06,-0.06,0.06,-2.1,-0.0,192.8,66.10,0.42,0.000000,0.000000,0,1,7.67,0.00
1507995,-0.05,0.03,-0.07,-0.06,-0.18,-0.50,-2.1,-0.0,192.8,66.11,0.41,0.000000,0.000000,0,1,7.67,0.00
1508301,-0.03,0.02,-0.07,0.06,0.06,0.12,-2.1,-0.0,192.8,66.11,0.41,0.000000,0.000000,0,1,7.67,0.00
1508607,-0.05,0.01,-0.05,0.06,-0.06,-0.06,-2.1,-0.0,192.8,66.11,0.41,0.000000,0.000000,0,1,7.68,0.00
1508913,-0.02,0.02,-0.05,0.18,0.12,0.12,-2.1,-0.0,192.8,66.11,0.41,0.000000,0.000000,0,1,7.68,0.00
1509219,-0.05,0.05,-0.03,0.06,0.00,0.06,-2.1,-0.0,192.8,66.12,0.41,0.000000,0.000000,0,1,7.68,0.00
1509525,-0.02,0.03,-0.07,0.00,0.00,-0.18,-2.1,-0.0,192.8,66.12,0.41,0.000000,0.000000,0,1,7.68,0.00
1509831,-0.05,0.02,-0.03,0.06,0.00,0.31,-2.1,-0.0,192.3,66.12,0.41,0.000000,0.000000,0,1,7.68,0.00
1510137,-0.03,0.05,-0.05,0.00,-0.12,0.06,-2.1,-0.0,192.3,66.12,0.41,0.000000,0.000000,0,1,7.68,0.00
1510443,-0.03,0.05,-0.07,0.12,-0.12,0.06,-2.1,-0.0,192.4,66.12,0.42,0.000000,0.000000,0,1,7.67,0.00
1510749,-0.05,0.01,-0.07,-0.06,0.00,-0.06,-2.1,-0.0,192.6,66.12,0.42,0.000000,0.000000,0,1,7.67,0.00
1511055,-0.05,0.01,-0.05,0.06,0.06,0.00,-2.1,-0.0,192.6,66.13,0.42,0.000000,0.000000,0,1,7.67,0.00
1511361,-0.05,0.03,-0.03,-0.06,-0.06,0.06,-2.1,-0.0,192.6,66.13,0.42,0.000000,0.000000,0,1,7.67,0.00
1511667,-0.05,0.05,-0.03,0.06,0.12,0.06,-2.1,-0.0,192.6,66.13,0.41,0.000000,0.000000,0,1,7.67,0.00
1512279,-0.05,0.05,-0.01,-0.06,0.06,-0.18,-2.1,-0.0,192.6,66.13,0.42,0.000000,0.000000,0,1,7.67,0.00
1512585,-0.05,0.03,-0.05,0.00,0.00,0.18,-2.1,-0.0,192.6,66.13,0.42,0.000000,0.000000,0,1,7.68,0.00
1512891,-0.05,0.05,-0.07,-0.12,0.00,-0.25,-2.1,-0.0,192.6,66.14,0.42,0.000000,0.000000,0,1,7.68,0.00
1513197,-0.05,0.02,-0.05,0.06,0.00,0.06,-2.1,-0.0,192.6,66.14,0.42,0.000000,0.000000,0,1,7.68,0.00
1513503,-0.05,0.02,-0.05,0.00,-0.06,-0.25,-2.1,-0.0,192.6,66.14,0.42,0.000000,0.000000,0,1,7.67,0.00
1513809,-0.03,0.05,-0.02,-0.06,-0.12,0.12,-2.1,-0.0,192.6,66.14,0.42,0.000000,0.000000,0,1,7.67,0.00
1514115,-0.05,0.05,-0.05,0.06,-0.06,-0.06,-2.1,-0.0,192.6,66.14,0.43,0.000000,0.000000,0,1,7.67,0.00
1514421,-0.02,0.00,-0.03,0.18,0.00,0.00,-2.1,-0.0,192.1,66.14,0.42,0.000000,0.000000,0,1,7.67,0.00
1514727,-0.05,0.05,-0.07,0.00,0.00,0.00,-2.1,-0.0,192.0,66.15,0.42,0.000000,0.000000,0,1,7.67,0.00
1515033,-0.05,0.03,-0.03,-0.06,0.00,0.12,-2.1,-0.0,192.4,66.15,0.41,0.000000,0.000000,0,1,7.67,0.00
1515339,-0.05,0.05,-0.01,-0.06,0.00,0.00,-2.1,-0.0,192.5,66.15,0.42,0.000000,0.000000,0,1,7.67,0.00
1515645,-0.05,0.02,-0.05,0.00,-0.06,0.00,-2.1,-0.0,192.6,66.15,0.42,0.000000,0.000000,0,1,7.67,0.00
1515951,-0.05,0.03,-0.07,0.06,0.06,0.12,-2.1,-0.0,192.6,66.15,0.42,0.000000,0.000000,0,1,7.67,0.00
1516563,-0.05,0.01,-0.07,0.00,0.06,0.18,-2.1,-0.0,192.9,66.16,0.43,0.000000,0.000000,0,1,7.67,0.00
1516869,-0.05,0.05,-0.05,-0.12,0.00,0.00,-2.1,-0.0,192.9,66.16,0.43,0.000000,0.000000,0,1,7.67,0.00
1517175,-0.05,0.02,-0.00,-0.06,0.12,-0.06,-2.1,-0.0,192.9,66.16,0.42,0.000000,0.000000,0,1,7.67,0.00
1517481,-0.01,0.01,-0.07,0.06,0.06,-0.06,-2.1,-0.0,192.5,66.16,0.43,0.000000,0.000000,0,1,7.67,0.00
1517787,-0.00,0.05,-0.07,-0.06,0.00,0.12,-2.1,-0.0,192.5,66.16,0.43,0.000000,0.000000,0,1,7.67,0.00
1518093,-0.05,0.05,-0.05,0.00,-0.06,0.31,-2.1,-0.0,192.5,66.17,0.43,0.000000,0.000000,0,1,7.67,0.00
1518399,-0.05,0.05,-0.07,0.06,0.00,0.00,-2.1,-0.0,192.6,66.16,0.43,0.000000,0.000000,0,1,7.67,0.00
1518705,-0.05,0.02,-0.07,-0.06,0.12,-0.12,-2.1,-0.0,192.8,66.17,0.43,0.000000,0.000000,0,1,7.67,0.00
1519011,-0.05,0.02,-0.05,0.06,-0.12,0.18,-2.1,-0.0,192.8,66.17,0.43,0.000000,0.000000,0,1,7.67,0.00
1519317,-0.03,0.05,-0.05,0.06,-0.06,0.12,-2.1,-0.0,192.8,66.17,0.44,0.000000,0.000000,0,1,7.67,0.00
1519623,-0.03,0.03,-0.02,-0.06,0.12,0.00,-2.1,-0.0,192.5,66.18,0.43,0.000000,0.000000,0,1,7.67,0.00
1519929,-0.03,0.03,-0.03,0.00,0.00,0.31,-2.1,-0.0,192.5,66.18,0.44,0.000000,0.000000,0,1,7.67,0.00
1520235,-0.01,0.05,-0.05,0.00,-2.68,-0.18,-2.0,-0.0,192.5,66.18,0.43,0.000000,0.000000,0,1,7.67,0.00
1520541,-0.03,-0.09,-0.15,-3.12,0.00,0.12,-2.1,-0.1,192.6,66.18,0.44,0.000000,0.000000,0,1,7.67,0.00
1520847,0.00,0.09,-0.07,1.87,-0.50,0.00,-2.1,-0.1,192.8,66.18,0.44,0.000000,0.000000,0,1,7.67,0.00
1521153,0.00,0.00,-0.05,-0.93,-1.75,0.06,-1.9,-0.0,192.8,66.18,0.44,0.000000,0.000000,0,1,7.67,0.00
1521459,0.18,0.35,-0.15,3.81,1.50,-2.12,-0.6,-1.4,193.0,66.18,0.43,0.000000,0.000000,0,1,7.70,0.00
1521765,-0.13,0.00,0.61,-1.62,-10.18,-29.68,-0.0,-2.1,196.4,66.19,0.44,0.000000,0.000000,0,1,7.70,0.00
1522071,0.00,-0.11,-1.00,-0.12,6.68,12.12,-0.1,-2.5,201.8,66.19,0.45,0.000000,0.000000,0,1,7.70,0.00
1522377,0.13,0.05,-0.18,4.18,-2.68,1.25,-1.1,-1.8,198.4,66.19,0.47,0.000000,0.000000,0,1,7.70,0.00
1522683,-0.18,0.22,-0.17,-0.18,-6.43,-1.00,-0.1,-1.1,198.6,66.19,0.50,0.000000,0.000000,0,1,7.67,0.00
1522989,0.07,0.07,0.10,0.62,0.93,-20.06,-0.6,-1.8,202.8,66.19,0.50,0.000000,0.000000,0,1,7.67,0.00
1523295,0.05,0.54,-0.18,-6.50,-9.75,6.93,0.3,-1.3,200.8,66.19,0.48,0.000000,0.000000,0,1,7.67,0.00
1523601,-0.00,0.20,0.17,-1.87,-2.87,1.00,0.6,0.4,200.6,66.20,0.46,0.000000,0.000000,0,1,7.68,0.00
1523907,-0.02,0.11,0.00,0.12,2.62,0.00,1.0,0.1,200.3,66.20,0.46,0.000000,0.000000,0,1,7.68,0.00
1524213,-0.05,0.07,-0.05,0.68,0.12,0.06,1.0,0.1,200.6,66.20,0.46,0.000000,0.000000,0,1,7.68,0.00
1524519,0.00,0.05,-0.05,-0.25,-0.12,0.25,1.0,0.1,200.5,66.20,0.45,0.000000,0.000000,0,1,7.68,0.00
1524825,-0.02,0.05,-0.10,-0.12,0.25,0.12,1.0,0.1,200.6,66.21,0.44,0.000000,0.000000,0,1,7.68,0.00
1525131,-0.02,0.05,-0.05,0.06,0.00,0.18,1.0,0.1,200.6,66.21,0.44,0.000000,0.000000,0,1,7.68,0.00
1525437,0.00,0.13,-0.07,0.31,-0.12,0.12,1.0,0.1,200.5,66.21,0.44,0.000000,0.000000,0,1,7.68,0.00
1525743,0.00,0.03,-0.09,-0.18,0.18,0.00,1.0,0.1,200.5,66.21,0.44,0.000000,0.000000,0,1,7.67,0.00
1526049,-0.01,0.05,-0.07,0.25,-0.25,0.00,1.0,0.1,200.5,66.21,0.44,0.000000,0.000000,0,1,7.67,0.00
1526355,0.00,0.02,-0.07,0.06,-0.18,-0.37,1.0,0.1,200.5,66.22,0.44,0.000000,0.000000,0,1,7.67,0.00
1526661,0.00,0.07,-0.09,-0.06,0.12,-0.31,1.0,0.1,200.5,66.22,0.44,0.000000,0.000000,0,1,7.67,0.00
1526967,0.00,0.03,-0.03,0.00,0.18,-0.06,1.0,0.1,200.5,66.22,0.44,0.000000,0.000000,0,1,7.67,0.00
1527273,0.00,0.05,-0.05,-0.18,0.06,0.00,1.0,0.1,200.5,66.22,0.45,0.000000,0.000000,0,1,7.67,0.00
1527579,-0.00,0.07,-0.07,-0.06,0.00,0.12,1.0,0.1,200.0,66.22,0.45,0.000000,0.000000,0,1,7.67,0.00
1527885,0.02,0.05,-0.05,0.18,-0.06,0.00,1.0,0.1,200.0,66.22,0.45,0.000000,0.000000,0,1,7.67,0.00
1528191,0.00,0.03,-0.05,-0.06,-0.06,-0.25,1.0,0.1,200.0,66.23,0.44,0.000000,0.000000,0,1,7.67,0.00
1528497,0.01,0.07,-0.05,0.00,0.06,0.06,1.0,0.1,199.8,66.23,0.45,0.000000,0.000000,0,1,7.67,0.00
1528803,0.00,0.07,-0.05,0.00,0.00,0.18,1.0,0.1,199.5,66.23,0.45,0.000000,0.000000,0,1,7.68,0.00
1529109,0.01,0.07,-0.05,-0.06,-0.31,-0.18,1.0,0.1,199.8,66.23,0.44,0.000000,0.000000,0,1,7.68,0.00
1529415,0.01,0.05,-0.07,-0.12,0.06,0.00,1.0,0.1,199.8,66.23,0.45,0.000000,0.000000,0,1,7.68,0.00
1529721,0.00,0.07,-0.07,-0.06,0.12,-0.06,1.0,0.1,199.8,66.23,0.45,0.000000,0.000000,0,1,7.67,0.00
1530027,0.00,0.07,-0.05,-0.12,-0.25,0.00,1.0,0.1,199.9,66.24,0.45,0.000000,0.000000,0,1,7.67,0.00
1530333,0.00,0.05,-0.05,-0.06,-0.12,0.06,1.0,0.1,200.0,66.24,0.46,0.000000,0.000000,0,1,7.67,0.00
1530639,0.01,0.07,-0.05,0.00,0.00,0.00,1.0,0.1,200.2,66.24,0.46,0.000000,0.000000,0,1,7.67,0.00
1530945,0.00,0.05,-0.07,0.00,-0.06,-0.06,1.0,0.1,200.2,66.24,0.46,0.000000,0.000000,0,1,7.67,0.00
1531251,0.02,0.07,-0.09,-0.06,-0.06,0.06,1.0,0.1,200.1,66.25,0.45,0.000000,0.000000,0,1,7.67,0.00
1531557,0.00,0.05,-0.10,0.00,-0.06,-0.12,1.0,0.1,200.1,66.25,0.46,0.000000,0.000000,0,1,7.67,0.00
1531863,0.01,0.07,-0.07,-0.06,0.12,0.06,1.0,0.1,200.1,66.25,0.46,0.000000,0.000000,0,1,7.67,0.00
1532169,0.01,0.07,-0.07,0.00,-0.06,0.00,1.0,0.1,200.1,66.25,0.46,0.000000,0.000000,0,1,7.67,0.00
1532475,0.00,0.05,-0.05,-0.06,-0.06,0.06,1.0,0.1,200.1,66.25,0.46,0.000000,0.000000,0,1,7.67,0.00
1532781,0.00,0.05,-0.03,0.00,0.12,0.25,1.0,0.1,200.1,66.26,0.46,0.000000,0.000000,0,1,7.67,0.00
1533087,0.00,0.07,-0.07,-0.06,0.00,-0.06,1.0,0.1,200.1,66.26,0.47,0.000000,0.000000,0,1,7.67,0.00
1533393,0.00,0.07,-0.05,0.06,0.06,-0.06,1.0,0.1,200.1,66.26,0.46,0.000000,0.000000,0,1,7.67,0.00
1533699,0.00,0.11,-0.07,0.00,0.00,0.31,1.0,0.1,200.1,66.26,0.47,0.000000,0.000000,0,1,7.67,0.00
1534005,0.00,0.07,-0.05,0.06,-0.06,-0.12,1.0,0.1,200.1,66.26,0.47,0.000000,0.000000,0,1,7.67,0.00
1534311,0.02,0.07,-0.07,-0.06,-0.06,0.06,1.0,0.1,200.1,66.26,0.48,0.000000,0.000000,0,1,7.67,0.00
1534617,0.02,0.09,-0.07,-0.06,0.06,-0.25,1.0,0.1,200.1,66.27,0.48,0.000000,0.000000,0,1,7.68,0.00
1534923,0.00,0.07,-0.10,0.00,0.12,-0.25,1.0,0.1,200.1,66.27,0.48,0.000000,0.000000,0,1,7.68,0.00
1535229,0.00,0.07,-0.07,0.12,0.00,0.12,1.0,0.1,200.1,66.27,0.47,0.000000,0.000000,0,1,7.68,0.00
1535535,0.00,0.07,-0.05,0.06,-0.06,-0.06,1.0,0.1,199.6,66.27,0.48,0.000000,0.000000,0,1,7.68,0.00
1535841,0.00,0.07,-0.07,-0.12,0.00,0.06,1.0,0.1,199.7,66.27,0.48,0.000000,0.000000,0,1,7.67,0.00
1536147,0.00,0.09,-0.09,-0.12,0.06,0.12,1.0,0.1,199.3,66.28,0.48,0.000000,0.000000,0,1,7.67,0.00
1536453,0.02,0.07,-0.07,0.06,-0.18,0.18,1.0,0.1,199.2,66.28,0.48,0.000000,0.000000,0,1,7.67,0.00
1536759,0.00,0.07,-0.05,0.12,0.00,0.00,1.0,0.1,199.3,66.28,0.47,0.000000,0.000000,0,1,7.67,0.00
1537065,0.01,0.07,-0.09,0.00,0.12,0.06,1.0,0.1,199.2,66.28,0.47,0.000000,0.000000,0,1,7.67,0.00
1537371,0.00,0.05,-0.07,-0.06,-0.06,-0.06,1.0,0.1,199.3,66.28,0.48,0.000000,0.000000,0,1,7.67,0.00
1537677,0.01,0.05,-0.10,0.18,0.12,-0.18,1.0,0.1,199.4,66.29,0.48,0.000000,0.000000,0,1,7.67,0.00
1537983,0.00,0.05,-0.03,-0.06,0.31,0.06,1.0,0.1,199.5,66.29,0.48,0.000000,0.000000,0,1,7.67,0.00
1538289,-0.01,0.15,-0.02,1.56,1.00,-0.06,1.0,0.0,199.7,66.29,0.48,0.000000,0.000000,0,1,7.67,0.00
1538595,-0.00,-0.25,-0.11,1.06,0.25,-0.75,0.9,0.0,199.9,66.29,0.48,0.000000,0.000000,0,1,7.67,0.00
1538901,0.09,0.20,0.54,-16.00,30.06,-1.37,1.3,-3.8,200.7,66.29,0.47,0.000000,0.000000,0,1,7.67,0.00
1539207,-0.13,-0.07,-0.09,-4.50,-1.31,1.12,-0.1,-3.1,201.6,66.29,0.49,0.000000,0.000000,0,1,7.67,0.00
1539513,0.11,-0.05,0.70,-1.68,17.87,31.43,-3.3,-2.1,194.3,66.30,0.49,0.000000,0.000000,0,1,7.67,0.00
1539819,0.05,0.40,0.81,-19.31,-5.37,-19.00,-4.0,0.1,192.2,66.30,0.51,0.000000,0.000000,0,1,7.70,0.00
1540125,0.25,0.90,-0.28,-4.43,6.62,-49.12,-4.1,3.3,201.9,66.30,0.60,0.000000,0.000000,0,1,7.70,0.00
1540431,-0.01,0.66,-1.02,-0.37,-0.18,-28.00,-3.4,2.8,213.3,66.30,0.72,0.000000,0.000000,0,1,7.70,0.00
1540737,-0.11,0.40,-0.55,3.87,-2.06,-22.56,-2.7,1.3,219.7,66.30,0.84,0.000000,0.000000,0,1,7.67,0.00
1541043,0.11,-0.12,-0.01,16.00,8.18,-9.25,-4.8,-1.4,224.1,66.30,0.97,0.000000,0.000000,0,1,7.67,0.00
1541349,0.02,-0.12,-1.94,-5.31,-6.12,-2.18,-3.8,-2.0,223.8,66.31,1.05,0.000000,0.000000,0,1,7.67,0.00
1541655,-0.30,0.03,1.88,15.62,-10.18,18.18,-3.1,-0.0,224.5,66.31,1.14,0.000000,0.000000,0,1,7.67,0.00
1541961,-0.02,-1.08,-0.73,15.93,16.93,6.31,-3.7,-6.0,215.5,66.31,1.19,0.000000,0.000000,0,1,7.67,0.00
1542267,-0.00,-0.61,2.05,-3.25,1.37,16.50,-4.8,-4.5,216.1,66.31,1.23,0.000000,0.000000,0,1,7.67,0.00
1542573,0.22,-0.15,-2.86,-22.81,-10.31,-12.37,-5.0,-1.1,213.8,66.31,1.24,0.000000,0.000000,0,1,7.67,0.00
1542879,-0.00,0.91,1.86,8.25,4.50,9.06,-4.0,3.6,215.0,66.32,1.30,0.000000,0.000000,0,1,7.67,0.00
1543185,0.15,-0.55,-1.61,6.75,0.56,-47.62,-3.5,-4.2,218.0,66.32,1.32,0.000000,0.000000,0,1,7.67,0.00
1543491,0.05,-0.34,2.35,-17.68,9.43,9.75,-3.4,-3.9,224.3,66.32,1.36,0.000000,0.000000,0,1,7.67,0.00
1543797,0.15,0.09,-1.65,-7.93,-2.18,37.18,-3.2,-1.6,217.0,66.32,1.37,0.000000,0.000000,0,1,7.67,0.00
1544103,0.07,-0.20,0.07,10.56,-12.06,23.43,-4.1,-1.1,210.2,66.32,1.42,0.000000,0.000000,0,1,7.67,0.00
1544409,0.15,0.01,0.34,-4.37,-3.50,17.87,-4.4,-0.3,207.9,66.33,1.45,0.000000,0.000000,0,1,7.67,0.00
1544715,0.05,-0.63,-0.66,7.18,15.50,-23.18,-4.5,-3.0,205.3,66.33,1.45,0.000000,0.000000,0,1,7.67,0.00
1545021,0.58,-0.27,-0.58,-8.43,0.43,4.25,-6.6,-2.1,211.3,66.33,1.49,0.000000,0.000000,0,1,7.67,0.00
1545327,-0.51,-0.55,-1.45,-12.81,-12.06,1.06,-2.0,-2.0,205.4,66.33,1.47,0.000000,0.000000,0,1,7.67,0.00
1545633,-0.45,0.27,1.46,-0.56,6.56,-4.81,-2.0,1.3,207.3,66.33,1.51,0.000000,0.000000,0,1,7.67,0.00
1545939,0.35,-0.07,-1.88,9.00,4.81,-25.18,-5.6,0.2,215.4,66.33,1.53,0.000000,0.000000,0,1,7.67,0.00
1546245,0.31,-0.37,2.69,27.06,-2.43,-5.00,-7.4,-1.2,216.7,66.33,1.54,0.000000,0.000000,0,1,7.67,0.00
1546551,0.57,-0.69,-1.75,-10.50,0.12,-8.00,-7.3,-3.6,222.5,66.34,1.53,0.000000,0.000000,0,1,7.67,0.00
1546857,0.00,-0.28,1.79,-10.93,5.31,-25.00,-5.6,-0.5,222.5,66.34,1.51,0.000000,0.000000,0,1,7.67,0.00
1547163,0.11,0.37,-0.35,-17.56,4.31,7.43,-5.1,2.1,226.3,66.34,1.54,0.000000,0.000000,0,1,7.67,0.00
1547469,-0.41,-0.54,1.58,16.87,-23.43,4.25,-4.2,-0.6,221.8,66.34,1.52,0.000000,0.000000,0,1,7.67,0.00
1547775,-0.88,-0.45,0.56,-8.12,4.25,-22.25,-0.3,-1.7,228.4,66.34,1.53,0.000000,0.000000,0,1,7.67,0.00
1548081,1.26,-0.00,-1.04,-7.56,25.00,-30.25,-10.0,0.2,235.6,66.34,1.56,0.000000,0.000000,0,1,7.67,0.00
1548693,0.44,-0.10,-1.29,-3.62,-8.06,8.37,-7.0,0.2,237.3,66.35,1.52,0.000000,0.000000,0,1,7.67,0.00
1548999,-0.55,-0.19,1.52,-0.31,2.00,29.18,-3.5,0.7,228.3,66.35,1.52,0.000000,0.000000,0,1,7.67,0.00
1549305,0.63,-0.25,-1.55,-2.62,0.56,-17.87,-8.0,0.0,230.4,66.35,1.57,0.000000,0.000000,0,1,7.67,0.00
1549611,0.10,0.28,3.25,0.37,-9.68,16.56,-6.8,2.1,232.0,66.36,1.56,0.000000,0.000000,0,1,7.67,0.00
1549917,0.25,-0.55,-1.63,0.12,0.06,-9.43,-5.6,-2.1,230.1,66.36,1.55,0.000000,0.000000,0,1,7.67,0.00
1550223,0.00,-0.15,2.00,-23.18,15.25,-22.56,-5.7,0.1,231.2,66.36,1.56,0.000000,0.000000,0,1,7.67,0.00
1550529,-0.17,0.38,-0.93,-10.50,2.12,26.18,-3.9,3.0,235.5,66.36,1.55,0.000000,0.000000,0,1,7.67,0.00
1550835,0.07,0.03,1.25,27.43,-21.68,18.56,-6.7,1.7,225.3,66.36,1.57,0.000000,0.000000,0,1,7.67,0.00
1551141,0.27,-0.38,-0.50,-5.75,-3.00,-11.12,-6.8,-1.0,230.5,66.36,1.60,0.000000,0.000000,0,1,7.67,0.00
1551447,0.41,-0.43,0.37,4.43,11.87,11.62,-7.0,-2.5,223.6,66.37,1.57,0.000000,0.000000,0,1,7.67,0.00
1551753,0.54,-0.18,-0.79,-16.75,7.56,-43.25,-7.5,0.1,227.5,66.37,1.61,0.000000,0.000000,0,1,7.67,0.00
1552059,0.17,-0.33,1.10,22.68,-2.18,-7.87,-6.3,-0.5,233.5,66.37,1.60,0.000000,0.000000,0,1,7.67,0.00
1552365,-0.05,-0.74,0.90,-6.75,-11.25,6.75,-5.1,-3.0,239.1,66.37,1.59,0.000000,0.000000,0,1,7.67,0.00
1552671,0.37,-0.05,-0.63,-1.68,-4.62,-22.43,-5.5,-1.0,240.0,66.37,1.59,0.000000,0.000000,0,1,7.67,0.00
1552977,-0.37,0.50,0.68,-11.18,-9.00,40.93,-3.1,2.6,237.1,66.37,1.60,0.000000,0.000000,0,1,7.67,0.00
1553283,0.40,-0.07,0.00,22.25,18.50,-45.87,-5.8,-0.3,234.8,66.38,1.61,0.000000,0.000000,0,1,7.67,0.00
1553589,0.56,-0.27,0.01,-6.81,-10.62,19.87,-7.2,-1.7,242.7,66.38,1.63,0.000000,0.000000,0,1,7.67,0.00
1553895,0.45,-0.05,-1.25,-9.50,10.06,-34.68,-7.0,0.0,244.3,66.38,1.62,0.000000,0.000000,0,1,7.66,0.00
1554201,0.15,0.68,1.65,0.37,-14.93,-11.68,-6.6,4.2,251.5,66.38,1.64,0.000000,0.000000,0,1,7.66,0.00
1554507,0.03,-0.15,-2.24,18.56,2.00,4.18,-3.4,-0.8,248.6,66.38,1.61,0.000000,0.000000,0,1,7.66,0.00
1554813,-0.43,-0.93,1.01,7.31,-0.68,-8.62,-2.3,-4.5,247.9,66.38,1.63,0.000000,0.000000,0,1,7.67,0.00
1555119,0.83,0.19,-1.75,-28.56,6.12,-14.06,-6.6,0.1,258.1,66.39,1.64,0.000000,0.000000,0,1,7.67,0.00
1555425,-0.07,0.56,1.47,-12.06,-6.00,49.43,-4.5,3.0,248.1,66.39,1.59,0.000000,0.000000,0,1,7.67,0.00
1555731,0.28,-0.02,-2.35,7.50,5.25,-24.12,-4.4,-0.3,245.6,66.39,1.59,0.000000,0.000000,0,1,7.67,0.00
1556037,0.03,-0.40,1.75,14.31,-0.56,-19.43,-3.6,-3.0,249.0,66.39,1.61,0.000000,0.000000,0,1,7.67,0.00
1556343,0.52,-1.37,-2.27,-9.50,5.93,1.37,-5.9,-8.0,254.8,66.40,1.61,0.000000,0.000000,0,1,7.67,0.00
1556649,-0.07,0.00,2.25,-5.81,-8.75,20.12,-4.0,-0.5,251.8,66.40,1.59,0.000000,0.000000,0,1,7.67,0.00
1556955,0.13,-0.61,-0.95,6.75,-2.56,13.00,-3.7,-3.4,248.1,66.40,1.57,0.000000,0.000000,0,1,7.67,0.00
1557261,0.27,-0.12,1.39,-8.00,23.12,-22.81,-4.5,-1.9,245.9,66.40,1.57,0.000000,0.000000,0,1,7.67,0.00
1557567,1.24,-0.65,-0.17,1.06,2.43,-11.12,-9.8,-4.2,257.8,66.40,1.59,0.000000,0.000000,0,1,7.67,0.00
1557873,0.61,-0.35,0.31,-8.56,-5.68,-11.81,-6.2,-2.5,258.1,66.40,1.55,0.000000,0.000000,0,1,7.67,0.00
1558179,0.45,-0.34,0.17,7.06,2.43,17.37,-5.4,-2.3,258.8,66.41,1.54,0.000000,0.000000,0,1,7.67,0.00
1558485,-0.15,-0.47,0.34,-1.56,-17.37,4.18,-2.0,-3.1,253.9,66.41,1.52,0.000000,0.000000,0,1,7.67,0.00
1558791,-0.45,0.05,-0.11,-10.75,1.06,-27.06,0.9,-0.8,258.8,66.41,1.50,0.000000,0.000000,0,1,7.67,0.00
1559097,-0.28,0.23,-0.41,-1.43,7.81,16.18,0.6,0.0,263.0,66.41,1.50,0.000000,0.000000,0,1,7.67,0.00
1559403,0.25,0.25,0.13,4.62,8.43,26.25,-2.5,-0.2,253.5,66.41,1.49,0.000000,0.000000,0,1,7.67,0.00
1559709,0.07,-0.15,-0.54,9.68,-18.93,113.62,-3.2,-2.3,228.8,66.41,1.47,0.000000,0.000000,0,1,7.67,0.00
1560015,0.35,0.36,1.13,-25.31,18.00,-52.75,-4.3,0.1,212.3,66.42,1.51,0.000000,0.000000,0,1,7.67,0.00
1560321,0.25,0.55,0.05,6.68,-21.43,103.50,-5.0,1.4,205.4,66.42,1.50,0.000000,0.000000,0,1,7.67,0.00
1560627,-1.01,-0.34,-0.22,10.31,-16.31,-39.81,1.3,-2.9,193.5,66.42,1.49,0.000000,0.000000,0,1,7.67,0.00
1560933,-0.37,0.28,-0.54,-29.37,6.75,-19.25,-1.1,0.8,205.5,66.42,1.55,0.000000,0.000000,0,1,7.70,0.00
1561239,-0.23,1.23,0.11,17.62,-0.93,-68.12,-1.9,5.3,217.8,66.42,1.52,0.000000,0.000000,0,1,7.70,0.00
1561545,0.68,-0.03,-0.10,24.06,18.50,1.93,-4.0,-2.1,227.1,66.42,1.51,0.000000,0.000000,0,1,7.70,0.00
1561851,0.73,-0.11,-0.93,-5.62,-5.00,22.12,-5.1,-3.2,225.2,66.43,1.50,0.000000,0.000000,0,1,7.67,0.00
1562157,0.25,0.45,0.56,-16.18,-11.75,19.68,-1.6,-0.1,216.8,66.43,1.50,0.000000,0.000000,0,1,7.67,0.00
1562463,-0.27,0.31,-0.19,15.68,-1.75,-2.93,0.6,-0.2,214.1,66.43,1.52,0.000000,0.000000,0,1,7.67,0.00
1562769,-0.12,-0.20,-0.33,0.50,-3.25,-23.43,0.0,-3.3,220.1,66.43,1.54,0.000000,0.000000,0,1,7.67,0.00
1563075,-0.56,0.19,0.30,-8.37,-5.81,-34.18,2.0,-1.0,229.6,66.44,1.53,0.000000,0.000000,0,1,7.67,0.00
1563381,0.77,0.69,0.41,-5.75,25.00,19.87,-4.6,0.8,236.3,66.44,1.53,0.000000,0.000000,0,1,7.67,0.00
1563687,0.03,0.11,0.27,1.50,-17.68,43.81,-2.5,-0.6,220.9,66.44,1.50,0.000000,0.000000,0,1,7.67,0.00
1563993,0.19,0.07,-0.41,-2.50,9.62,-7.00,-2.1,-1.4,219.2,66.44,1.52,0.000000,0.000000,0,1,7.67,0.00
1564299,0.55,0.50,0.43,-5.93,-1.93,17.81,-3.5,0.3,217.1,66.44,1.52,0.000000,0.000000,0,1,7.67,0.00
1564605,-0.19,0.07,-0.27,5.25,-16.93,21.00,0.4,-1.4,211.0,66.45,1.48,0.000000,0.000000,0,1,7.67,0.00
1564911,-0.47,0.20,-0.43,-11.18,0.93,-0.25,1.9,-0.6,208.6,66.45,1.50,0.000000,0.000000,0,1,7.67,0.00
1565217,-0.17,0.54,-0.31,-13.25,7.37,0.87,0.1,1.1,207.5,66.45,1.50,0.000000,0.000000,0,1,7.67,0.00
1565523,0.35,0.86,0.35,16.68,20.06,-33.31,-2.1,2.1,212.8,66.45,1.50,0.000000,0.000000,0,1,7.67,0.00
1565829,0.67,-0.70,-0.10,23.81,-9.43,22.56,-4.5,-5.6,216.3,66.45,1.50,0.000000,0.000000,0,1,7.67,0.00
1566135,0.19,-0.38,-0.30,-15.87,11.56,9.00,-2.5,-3.9,208.3,66.45,1.47,0.000000,0.000000,0,1,7.70,0.00
1566441,0.70,0.27,0.83,-2.31,-0.37,19.00,-4.6,-0.8,206.1,66.46,1.48,0.000000,0.000000,0,1,7.70,0.00
1566747,-0.45,-0.13,-1.05,-1.68,-17.68,11.75,1.3,-2.5,199.4,66.46,1.48,0.000000,0.000000,0,1,7.70,0.00
1567053,-0.43,0.40,-0.20,-15.31,11.12,-27.81,1.5,0.3,202.4,66.46,1.53,0.000000,0.000000,0,1,7.67,0.00
1567359,0.34,0.47,-0.10,13.62,11.62,-43.12,-2.0,0.1,213.8,66.46,1.56,0.000000,0.000000,0,1,7.67,0.00
1567665,0.70,0.00,-0.54,-3.56,5.87,2.62,-4.0,-1.8,217.1,66.46,1.56,0.000000,0.000000,0,1,7.67,0.00
1567971,0.61,0.70,0.88,-10.25,-8.06,0.00,-3.6,1.4,218.7,66.47,1.55,0.000000,0.000000,0,1,7.66,0.00
1568277,-0.11,-0.01,-0.20,20.75,-9.31,-8.12,0.3,-2.1,217.2,66.47,1.53,0.000000,0.000000,0,1,7.66,0.00
1568583,-0.45,-0.55,-0.41,-7.12,-8.75,7.31,2.9,-5.1,219.1,66.47,1.56,0.000000,0.000000,0,1,7.66,0.00
1568889,-0.75,0.40,0.07,-15.75,4.75,-16.68,3.2,0.2,221.6,66.47,1.57,0.000000,0.000000,0,1,7.66,0.00
1569195,0.25,0.00,-0.75,14.62,7.93,-28.37,-0.7,-2.0,231.8,66.47,1.59,0.000000,0.000000,0,1,7.67,0.00
1569501,0.38,-0.01,0.91,-3.68,4.31,42.75,-1.8,-2.7,228.8,66.48,1.59,0.000000,0.000000,0,1,7.67,0.00
1569807,0.54,-0.23,-0.05,5.12,2.68,6.43,-3.0,-3.6,221.5,66.48,1.57,0.000000,0.000000,0,1,7.67,0.00
1570113,-0.20,-0.27,-0.73,-11.18,-14.87,9.00,1.2,-3.8,216.6,66.48,1.56,0.000000,0.000000,0,1,7.67,0.00
1570419,-0.43,0.50,1.88,-7.81,16.18,-35.68,2.2,0.1,219.8,66.48,1.60,0.000000,0.000000,0,1,7.67,0.00
1570725,0.12,0.18,-0.83,1.56,9.18,-2.93,-0.1,-1.4,229.6,66.48,1.63,0.000000,0.000000,0,1,7.67,0.00
1571031,0.20,0.34,1.03,3.62,-6.75,9.12,-0.5,-0.9,228.0,66.48,1.62,0.000000,0.000000,0,1,7.67,0.00
1571337,0.33,-0.55,0.86,9.62,-9.62,1.18,-0.3,-5.5,227.5,66.49,1.60,0.000000,0.000000,0,1,7.67,0.00
1571643,-0.60,0.30,-0.77,-29.43,-10.75,10.25,3.7,-0.3,225.4,66.49,1.59,0.000000,0.000000,0,1,7.67,0.00
1571949,-0.75,0.98,2.04,-0.12,7.37,-56.68,4.9,2.3,229.3,66.49,1.60,0.000000,0.000000,0,1,7.67,0.00
1572255,1.13,0.25,-1.10,6.75,40.56,-39.00,-4.2,-1.6,250.6,66.49,1.65,0.000000,0.000000,0,1,7.67,0.00
1572561,1.65,-0.05,1.00,8.00,-1.50,41.68,-9.2,-3.3,246.6,66.49,1.61,0.000000,0.000000,0,1,7.67,0.00
1572867,1.10,-1.54,-0.28,22.43,-1.87,-0.87,-6.4,-10.3,240.0,66.50,1.59,0.000000,0.000000,0,1,7.67,0.00
1573173,0.93,-0.33,0.11,-29.93,-15.18,-47.25,-4.4,-4.6,246.5,66.50,1.62,0.000000,0.000000,0,1,7.67,0.00
1573479,-0.25,0.37,0.00,6.50,-15.62,-28.18,1.7,0.0,258.0,66.50,1.63,0.000000,0.000000,0,1,7.67,0.00
1573785,-0.60,0.40,-0.40,2.75,-12.56,41.31,4.1,-0.1,253.3,66.50,1.62,0.000000,0.000000,0,1,7.67,0.00
1574091,-0.61,0.56,-0.31,-3.37,19.75,-17.43,3.6,0.8,247.8,66.51,1.62,0.000000,0.000000,0,1,7.67,0.00
1574397,0.56,0.05,0.23,11.81,16.12,0.18,-2.2,-2.3,252.2,66.50,1.65,0.000000,0.000000,0,1,7.67,0.00
1574703,0.43,-0.27,-0.10,-1.50,-9.12,10.56,-1.6,-4.1,250.1,66.51,1.60,0.000000,0.000000,0,1,7.67,0.00
1575009,-0.38,0.01,0.11,-7.00,-9.18,1.50,1.8,-2.1,249.3,66.51,1.60,0.000000,0.000000,0,1,7.67,0.00
1575315,-0.07,0.54,0.27,-4.81,-0.62,-10.37,1.0,0.4,249.8,66.51,1.62,0.000000,0.000000,0,1,7.67,0.00
1575621,-0.18,0.27,-0.23,5.25,0.12,2.50,1.1,-0.7,251.4,66.51,1.62,0.000000,0.000000,0,1,7.67,0.00
1575927,-0.01,-0.23,0.05,8.18,3.87,-5.62,0.5,-3.8,252.8,66.51,1.63,0.000000,0.000000,0,1,7.67,0.00
1576233,0.17,-0.23,-0.15,-2.93,0.50,8.81,-0.1,-3.8,252.3,66.52,1.61,0.000000,0.000000,0,1,7.67,0.00
1576539,-0.02,0.22,-0.05,-10.37,-1.87,7.68,0.4,-1.1,249.7,66.52,1.60,0.000000,0.000000,0,1,7.67,0.00
1576845,-0.05,0.20,-0.07,4.75,-0.06,1.75,0.5,-1.1,248.3,66.52,1.61,0.000000,0.000000,0,1,7.67,0.00
1577151,0.03,-0.22,-0.19,7.18,4.12,-5.93,0.0,-3.5,249.0,66.52,1.62,0.000000,0.000000,0,1,7.66,0.00
1577457,0.15,-0.22,-0.15,-6.56,3.37,1.31,-0.2,-3.7,249.8,66.52,1.61,0.000000,0.000000,0,1,7.66,0.00
1577763,-0.05,-0.25,0.22,9.81,-10.37,14.56,0.8,-4.1,248.9,66.53,1.61,0.000000,0.000000,0,1,7.66,0.00
1578069,0.11,0.00,0.54,-12.68,4.93,-84.93,-0.2,-2.5,257.5,66.53,1.63,0.000000,0.000000,0,1,7.66,0.00
1578375,-0.00,0.55,-0.40,-19.81,-8.81,-26.50,0.9,0.0,278.3,66.53,1.63,0.000000,0.000000,0,1,7.66,0.00
1578681,-0.36,0.57,-0.05,7.37,2.87,8.25,2.4,1.0,274.9,66.53,1.60,0.000000,0.000000,0,1,7.66,0.00
1578987,-0.12,0.19,0.03,5.93,-0.68,-21.43,1.0,-1.2,281.0,66.53,1.62,0.000000,0.000000,0,1,7.66,0.00
1579293,-0.05,-0.17,-0.05,9.81,8.25,8.37,0.1,-3.2,279.7,66.54,1.61,0.000000,0.000000,0,1,7.66,0.00
1579599,0.63,-0.49,0.69,9.12,4.25,28.50,-2.6,-5.6,276.5,66.54,1.62,0.000000,0.000000,0,1,7.66,0.00
1579905,-0.07,-0.69,-0.19,-11.62,-3.00,4.81,0.1,-5.9,267.6,66.54,1.62,0.000000,0.000000,0,1,7.66,0.00
1580211,0.27,-0.22,0.09,2.37,-0.81,-17.37,-1.2,-3.6,273.0,66.54,1.64,0.000000,0.000000,0,1,7.66,0.00
1580517,0.20,0.02,-0.85,-15.31,2.62,5.37,-0.7,-2.3,274.1,66.54,1.63,0.000000,0.000000,0,1,7.66,0.00
1580823,0.13,0.63,0.03,-1.50,-11.18,8.25,-0.4,0.8,272.5,66.54,1.64,0.000000,0.000000,0,1,7.66,0.00
1581129,-0.80,0.22,-0.03,2.25,-9.87,6.68,3.7,-0.6,265.1,66.55,1.63,0.000000,0.000000,0,1,7.66,0.00
1581435,-0.20,0.11,0.30,0.50,20.56,-43.06,2.2,-2.4,272.8,66.55,1.68,0.000000,0.000000,0,1,7.66,0.00
1581741,0.27,-0.00,1.27,-13.50,-5.81,18.00,-0.5,-3.0,277.6,66.55,1.67,0.000000,0.000000,0,1,7.66,0.00
1582047,-0.11,0.69,-0.80,-13.75,4.50,8.68,0.6,1.2,273.1,66.55,1.63,0.000000,0.000000,0,1,7.66,0.00
1582353,0.40,0.05,0.50,21.62,-5.75,35.43,-1.8,-2.0,270.2,66.55,1.67,0.000000,0.000000,0,1,7.66,0.00
1582659,-0.86,-0.20,-0.23,-11.75,-12.81,31.81,4.3,-3.1,255.0,66.56,1.63,0.000000,0.000000,0,1,7.66,0.00
1582965,-0.45,0.30,-0.80,-1.50,8.06,-16.31,2.6,-0.8,256.0,66.56,1.67,0.000000,0.000000,0,1,7.66,0.00
1583271,0.35,-0.15,0.54,8.06,12.18,-15.75,-1.1,-3.5,261.2,66.56,1.70,0.000000,0.000000,0,1,7.66,0.00
1583577,0.09,-0.31,-0.58,-4.75,-4.37,26.18,-0.7,-3.9,259.1,66.56,1.65,0.000000,0.000000,0,1,7.66,0.00
1583883,-0.01,0.38,0.55,-12.56,2.06,20.00,-0.0,-0.3,252.6,66.56,1.65,0.000000,0.000000,0,1,7.66,0.00
1584189,0.15,0.07,0.09,17.37,0.43,5.81,-1.0,-2.0,248.0,66.57,1.66,0.000000,0.000000,0,1,7.67,0.00
1584495,-0.19,-0.63,0.22,11.06,-10.06,-1.06,0.8,-5.7,248.7,66.57,1.67,0.000000,0.000000,0,1,7.67,0.00
1584801,-0.18,-0.30,0.11,-9.00,5.00,-0.62,0.8,-4.1,247.3,66.57,1.68,0.000000,0.000000,0,1,7.67,0.00
1585107,0.15,0.37,0.02,-23.87,4.00,1.12,-0.6,-0.0,247.9,66.57,1.70,0.000000,0.000000,0,1,7.67,0.00
1585413,-0.31,0.56,-0.01,11.18,-9.00,10.25,1.6,0.8,245.0,66.57,1.66,0.000000,0.000000,0,1,7.67,0.00
1585719,0.10,-0.09,0.13,5.87,4.25,-35.06,0.2,-2.7,249.5,66.57,1.70,0.000000,0.000000,0,1,7.67,0.00
1586025,0.61,-0.13,0.05,8.06,5.31,-31.25,-1.5,-4.2,260.3,66.58,1.69,0.000000,0.000000,0,1,7.67,0.00
1586331,0.77,-0.43,0.15,-3.00,3.31,37.31,-1.8,-6.0,260.3,66.58,1.66,0.000000,0.000000,0,1,7.67,0.00
1586637,0.12,-0.37,-0.35,-10.56,-0.87,58.43,1.3,-5.6,244.7,66.58,1.64,0.000000,0.000000,0,1,7.67,0.00
1586943,-0.40,0.15,0.19,-13.81,-0.12,2.75,4.1,-2.6,229.3,66.58,1.65,0.000000,0.000000,0,1,7.67,0.00
1587249,-0.27,0.12,0.80,-3.43,8.37,-98.06,3.6,-2.6,247.9,66.58,1.71,0.000000,0.000000,0,1,7.67,0.00
1587555,0.90,0.44,-0.28,3.25,11.93,-33.00,-1.6,-2.3,268.5,66.58,1.72,0.000000,0.000000,0,1,7.67,0.00
1587861,0.83,0.33,-0.05,-4.43,-10.37,10.43,-1.6,-2.3,269.5,66.58,1.68,0.000000,0.000000,0,1,7.67,0.00
1588167,-0.13,0.25,1.24,-1.50,-19.25,-2.37,3.7,-2.6,266.9,66.59,1.66,0.000000,0.000000,0,1,7.66,0.00
1588473,-0.65,0.25,-0.13,4.37,10.31,15.62,4.3,-1.5,268.3,66.59,1.67,0.000000,0.000000,0,1,7.66,0.00
1588779,0.41,-0.30,-0.97,12.00,21.75,-9.43,-1.3,-4.2,264.3,66.59,1.69,0.000000,0.000000,0,1,7.66,0.00
1589085,0.63,-0.28,-0.05,-7.87,-4.06,10.62,-3.4,-4.1,263.0,66.59,1.68,0.000000,0.000000,0,1,7.66,0.00
1589391,0.05,0.25,-0.34,-10.81,-0.68,-15.68,0.0,-1.2,263.8,66.59,1.68,0.000000,0.000000,0,1,7.67,0.00
1589697,-0.15,0.28,-0.07,6.31,4.06,33.93,0.4,-0.4,260.3,66.60,1.68,0.000000,0.000000,0,1,7.67,0.00
1590003,0.09,-0.15,0.00,11.68,2.43,-26.68,-1.3,-2.7,257.4,66.60,1.69,0.000000,0.000000,0,1,7.67,0.00
1590309,0.23,-0.20,-0.37,-1.18,0.00,8.25,-2.0,-3.6,265.6,66.60,1.70,0.000000,0.000000,0,1,7.67,0.00
1590615,0.05,-0.02,0.43,-7.43,-1.31,2.43,-1.9,-2.0,261.3,66.60,1.70,0.000000,0.000000,0,1,7.67,0.00
1590921,-0.00,0.20,0.01,0.12,-0.87,2.31,-1.5,-0.5,261.5,66.60,1.71,0.000000,0.000000,0,1,7.67,0.00
1591227,-0.01,0.00,-0.49,4.56,-1.12,-4.50,-1.5,-1.5,262.0,66.60,1.71,0.000000,0.000000,0,1,7.66,0.00
1591533,0.12,-0.11,0.27,-0.06,5.12,5.93,-2.4,-2.3,261.8,66.61,1.72,0.000000,0.000000,0,1,7.66,0.00
1591839,0.15,0.00,-0.22,-2.62,-1.06,-8.25,-2.5,-1.5,262.8,66.61,1.72,0.000000,0.000000,0,1,7.66,0.00
1592145,-0.05,0.03,-0.20,0.12,-3.18,5.50,-1.5,-1.3,263.7,66.61,1.72,0.000000,0.000000,0,1,7.66,0.00
1592451,-0.01,-0.00,0.05,1.56,3.00,-2.68,-1.8,-1.6,262.6,66.61,1.73,0.000000,0.000000,0,1,7.66,0.00
1592757,0.12,-0.05,-0.12,-0.18,2.43,3.12,-2.6,-1.8,263.1,66.61,1.72,0.000000,0.000000,0,1,7.66,0.00
1593063,0.11,0.03,0.07,-1.37,-1.31,-0.18,-2.6,-1.4,262.1,66.61,1.72,0.000000,0.000000,0,1,7.66,0.00
1593369,0.00,0.09,-0.05,0.56,-2.50,1.68,-1.9,-1.0,262.5,66.62,1.73,0.000000,0.000000,0,1,7.66,0.00
1593675,-0.02,0.01,-0.05,2.00,0.62,-4.00,-1.6,-1.5,262.5,66.62,1.72,0.000000,0.000000,0,1,7.66,0.00
1593981,0.02,-0.01,-0.15,-0.31,1.87,2.68,-2.0,-1.8,262.5,66.62,1.73,0.000000,0.000000,0,1,7.66,0.00
1594287,0.09,0.02,-0.05,-2.25,0.12,-1.00,-2.3,-1.5,262.3,66.62,1.73,0.000000,0.000000,0,1,7.66,0.00
1594593,0.00,0.10,0.03,0.31,-2.12,2.56,-2.0,-1.1,262.0,66.62,1.72,0.000000,0.000000,0,1,7.66,0.00
1594899,-0.07,0.00,-0.13,1.93,0.00,-2.00,-1.5,-1.5,262.0,66.62,1.72,0.000000,0.000000,0,1,7.66,0.00
1595205,0.00,-0.02,0.03,0.50,2.87,1.93,-2.0,-1.8,262.0,66.63,1.72,0.000000,0.000000,0,1,7.66,0.00
1595511,0.10,0.03,-0.01,-1.62,-0.25,0.06,-2.4,-1.5,261.8,66.63,1.72,0.000000,0.000000,0,1,7.66,0.00
1595817,0.00,0.03,-0.00,0.06,-1.75,1.18,-2.0,-1.3,261.4,66.63,1.71,0.000000,0.000000,0,1,7.66,0.00
1596123,0.00,0.01,-0.07,0.93,0.43,-1.06,-1.9,-1.5,262.0,66.63,1.72,0.000000,0.000000,0,1,7.66,0.00
1596429,0.01,0.00,-0.03,-0.31,-0.18,0.18,-2.0,-1.6,262.0,66.63,1.72,0.000000,0.000000,0,1,7.66,0.00
1596735,0.01,0.01,0.00,-1.06,-0.43,0.18,-2.0,-1.5,262.1,66.64,1.71,0.000000,0.000000,0,1,7.66,0.00
1597041,0.03,0.07,-0.07,0.93,0.62,-0.43,-2.0,-1.3,262.1,66.64,1.71,0.000000,0.000000,0,1,7.66,0.00
1597347,0.02,0.00,-0.15,1.56,-1.68,0.18,-1.8,-1.9,262.1,66.64,1.72,0.000000,0.000000,0,1,7.66,0.00
1597653,-0.02,-0.05,-0.09,-0.43,-1.31,5.00,-1.5,-2.1,261.6,66.64,1.72,0.000000,0.000000,0,1,7.66,0.00
1597959,-0.05,0.07,0.00,-2.87,1.62,4.93,-1.5,-1.6,260.6,66.64,1.72,0.000000,0.000000,0,1,7.66,0.00
1598265,0.13,0.07,0.00,0.68,0.56,-2.18,-2.5,-1.5,260.0,66.64,1.73,0.000000,0.000000,0,1,7.66,0.00
1598571,0.11,-0.03,0.17,3.06,-2.68,2.37,-2.2,-2.0,260.1,66.65,1.73,0.000000,0.000000,0,1,7.66,0.00
1598877,-0.07,-0.13,0.09,0.81,-1.25,-6.00,-1.4,-2.3,259.6,66.65,1.73,0.000000,0.000000,0,1,7.66,0.00
1599183,0.20,0.15,-0.38,-1.18,-1.75,-8.00,-1.7,-1.8,265.3,66.65,1.75,0.000000,0.000000,0,1,7.66,0.00
1599489,0.18,-0.02,-0.07,12.93,-17.12,51.25,-0.7,-3.0,258.2,66.65,1.73,0.000000,0.000000,0,1,7.66,0.00
1599795,-0.30,-0.13,-0.05,-1.25,-10.00,-13.87,2.0,-3.1,250.4,66.65,1.73,0.000000,0.000000,0,1,7.66,0.00
1600101,-0.50,0.28,0.25,-6.12,-9.18,-42.81,4.0,-1.7,260.7,66.66,1.75,0.000000,0.000000,0,1,7.66,0.00
1600407,-0.13,0.30,0.05,0.68,17.81,-21.25,1.7,-1.6,270.3,66.66,1.77,0.000000,0.000000,0,1,7.66,0.00
1600713,0.88,-0.02,-0.05,4.00,8.75,-26.25,-3.4,-3.2,277.5,66.66,1.77,0.000000,0.000000,0,1,7.66,0.00
1601019,0.27,0.02,0.09,3.62,-13.87,2.06,-0.8,-3.1,280.8,66.66,1.74,0.000000,0.000000,0,1,7.66,0.00
1601325,0.18,-0.02,0.15,-5.31,1.06,4.37,-0.1,-3.1,279.8,66.66,1.73,0.000000,0.000000,0,1,7.66,0.00
1601631,-0.05,0.09,-0.22,-1.68,-1.50,1.31,1.5,-2.5,279.0,66.67,1.74,0.000000,0.000000,0,1,7.66,0.00
1601937,0.00,-0.05,-0.44,4.25,4.62,1.93,1.0,-3.5,278.2,66.66,1.75,0.000000,0.000000,0,1,7.66,0.00
1602243,-0.00,-0.25,0.00,1.18,-1.31,12.93,0.8,-4.4,276.0,66.67,1.73,0.000000,0.000000,0,1,7.66,0.00
1602549,-0.07,-0.05,-0.33,-5.00,0.25,10.43,1.2,-3.3,272.2,66.67,1.74,0.000000,0.000000,0,1,7.66,0.00
1602855,0.00,0.11,-0.07,-0.81,3.12,8.25,1.0,-2.6,269.6,66.67,1.74,0.000000,0.000000,0,1,7.66,0.00
1603161,0.11,-0.01,0.00,4.00,-1.25,1.12,0.3,-3.3,268.5,66.67,1.74,0.000000,0.000000,0,1,7.66,0.00
1603467,-0.03,-0.11,0.05,-0.68,-3.37,5.68,1.2,-3.7,268.1,66.68,1.74,0.000000,0.000000,0,1,7.66,0.00
1603773,-0.11,0.02,0.05,-1.93,-0.62,-1.12,1.7,-2.8,266.1,66.68,1.75,0.000000,0.000000,0,1,7.66,0.00
1604079,0.03,-0.00,-0.09,0.37,3.62,1.12,0.7,-2.7,267.3,66.68,1.75,0.000000,0.000000,0,1,7.66,0.00
1604385,0.12,-0.01,-0.05,2.62,-2.56,-5.31,0.5,-3.1,267.4,66.68,1.75,0.000000,0.000000,0,1,7.67,0.00
1604691,-0.07,-0.05,-0.05,-0.18,-4.93,2.25,1.4,-3.3,268.2,66.68,1.75,0.000000,0.000000,0,1,7.67,0.00
1604997,-0.18,-0.00,-0.07,-1.31,0.81,-0.31,2.0,-2.8,267.8,66.68,1.75,0.000000,0.000000,0,1,7.67,0.00
1605303,0.09,0.11,0.01,0.93,2.12,3.62,0.8,-2.5,267.1,66.69,1.76,0.000000,0.000000,0,1,7.66,0.00
1605609,0.05,0.02,0.12,2.43,-2.06,2.25,1.1,-3.0,266.5,66.69,1.75,0.000000,0.000000,0,1,7.66,0.00
1605915,0.00,-0.09,-0.18,0.00,1.37,-0.43,1.1,-3.5,266.0,66.69,1.75,0.000000,0.000000,0,1,7.66,0.00
1606221,0.10,0.02,-0.05,-2.12,-0.31,-1.31,0.7,-3.1,266.5,66.69,1.77,0.000000,0.000000,0,1,7.66,0.00
1606527,-0.01,0.07,-0.07,0.56,-2.56,-0.43,1.3,-2.8,266.8,66.69,1.77,0.000000,0.000000,0,1,7.66,0.00
1606833,-0.01,0.00,-0.02,2.31,0.75,-4.31,1.4,-3.1,267.5,66.70,1.77,0.000000,0.000000,0,1,7.66,0.00
1607445,0.03,-0.07,-0.07,-2.93,-0.87,-8.56,0.6,-3.5,267.9,66.70,1.77,0.000000,0.000000,0,1,7.67,0.00
1607751,0.05,0.05,-0.15,-3.37,-2.56,2.81,0.8,-2.3,269.1,66.70,1.76,0.000000,0.000000,0,1,7.67,0.00
1608057,-0.05,0.09,-0.19,-0.18,0.93,-11.50,1.3,-1.7,269.8,66.70,1.77,0.000000,0.000000,0,1,7.67,0.00
1608363,-0.03,-0.03,-0.05,3.31,1.25,-5.00,1.0,-2.5,272.6,66.70,1.77,0.000000,0.000000,0,1,7.66,0.00
1608975,-0.01,-0.10,0.02,-1.62,-0.25,1.43,1.2,-3.2,271.9,66.71,1.76,0.000000,0.000000,0,1,7.66,0.00
1609281,-0.03,-0.02,-0.07,0.25,0.75,-1.56,1.3,-3.0,272.4,66.71,1.75,0.000000,0.000000,0,1,7.66,0.00
1609893,0.19,0.15,0.22,-4.87,2.06,-8.50,0.4,-2.3,276.1,66.71,1.76,0.000000,0.000000,0,1,7.66,0.00
1610199,0.19,0.25,-0.10,0.50,-3.31,-5.43,0.1,-1.3,278.9,66.71,1.75,0.000000,0.000000,0,1,7.66,0.00
1610811,-0.01,0.28,-0.41,3.43,8.62,1.93,1.0,-0.9,278.3,66.72,1.75,0.000000,0.000000,0,1,7.66,0.00
1611117,0.25,-0.49,-0.17,19.75,-0.68,-9.93,-0.3,-5.1,278.7,66.72,1.75,0.000000,0.000000,0,1,7.66,0.00
1611423,-0.01,-0.50,-0.15,-5.37,-5.31,-25.56,0.7,-5.3,284.6,66.72,1.75,0.000000,0.000000,0,1,7.66,0.00
1611729,-0.25,0.00,-0.11,-10.18,-4.50,-20.50,1.6,-2.0,291.6,66.72,1.74,0.000000,0.000000,0,1,7.66,0.00
1612341,0.07,0.28,-0.05,0.12,3.75,-17.43,-0.1,-0.3,311.5,66.72,1.73,0.000000,0.000000,0,1,7.67,0.00
1612647,0.19,-0.05,-0.05,5.37,3.12,12.81,-0.8,-1.6,309.7,66.73,1.71,0.000000,0.000000,0,1,7.67,0.00
1612953,0.22,0.03,-0.15,-4.31,1.06,12.68,-1.0,-1.6,307.0,66.73,1.71,0.000000,0.000000,0,1,7.67,0.00
1613259,0.13,0.27,-0.18,-5.00,-0.62,13.81,-0.5,-0.5,301.3,66.73,1.71,0.000000,0.000000,0,1,7.67,0.00
1613871,-0.17,-0.07,-0.03,1.68,2.06,-6.68,0.9,-2.3,301.4,66.74,1.74,0.000000,0.000000,0,1,7.66,0.00
1614177,0.11,-0.12,-0.05,-2.68,4.12,-2.37,-0.5,-2.5,302.8,66.74,1.74,0.000000,0.000000,0,1,7.66,0.00
1614483,-0.05,0.07,0.05,-2.62,-6.81,2.93,0.5,-1.5,302.6,66.74,1.73,0.000000,0.000000,0,1,7.67,0.00
1614789,-0.38,0.37,0.22,-10.37,-7.93,10.25,2.1,-0.2,301.4,66.74,1.72,0.000000,0.000000,0,1,7.67,0.00
1615095,-0.15,0.44,-0.50,5.75,9.31,-24.18,1.3,0.1,302.4,66.74,1.72,0.000000,0.000000,0,1,7.67,0.00
1615401,0.45,-0.25,-0.10,4.31,12.87,-18.62,-1.7,-3.6,311.9,66.74,1.75,0.000000,0.000000,0,1,7.66,0.00
1615707,0.34,-0.11,0.00,1.75,-7.50,5.75,-0.9,-3.4,311.9,66.75,1.72,0.000000,0.000000,0,1,7.66,0.00
1616013,0.02,-0.28,0.20,9.18,-6.50,17.56,1.0,-4.6,309.3,66.75,1.72,0.000000,0.000000,0,1,7.66,0.00
1616319,-1.14,-0.38,1.00,-30.87,13.81,-78.56,0.5,-1.8,308.2,66.75,1.73,0.000000,0.000000,0,1,7.66,0.00
1616625,-0.63,0.41,0.37,-6.31,20.75,-17.25,-2.7,4.3,343.1,66.75,1.76,0.000000,0.000000,0,1,7.66,0.00
1616931,0.74,0.11,-0.50,14.93,17.18,23.56,-9.8,2.3,338.7,66.75,1.73,0.000000,0.000000,0,1,7.66,0.00
1617237,0.40,-0.19,-0.68,-4.75,-8.12,-2.06,-8.6,0.8,335.4,66.75,1.72,0.000000,0.000000,0,1,7.66,0.00
1617543,-0.33,-0.13,-0.30,-12.50,3.62,-23.75,-7.3,3.0,334.6,66.75,1.73,0.000000,0.000000,0,1,7.67,0.00
1618155,-0.22,-0.23,-0.03,-2.25,0.43,-9.75,-8.1,2.5,349.5,66.76,1.74,0.000000,0.000000,0,1,7.67,0.00
1618461,-0.23,-0.40,-0.07,6.81,4.56,-12.75,-9.0,1.9,349.0,66.76,1.71,0.000000,0.000000,0,1,7.66,0.00
1618767,0.15,-0.01,-0.15,-5.62,0.43,-4.25,-10.5,3.7,354.2,66.76,1.72,0.000000,0.000000,0,1,7.66,0.00
1619073,0.07,0.15,0.00,11.06,2.62,-39.06,-10.4,4.5,0.0,66.76,1.71,0.000000,0.000000,0,1,7.66,0.00
1619379,-0.07,0.25,0.18,-0.81,-0.12,-40.37,-9.4,5.5,13.7,66.76,1.71,0.000000,0.000000,0,1,7.66,0.00
1619685,0.25,-0.02,-0.10,9.25,9.75,-55.81,-10.2,3.0,25.8,66.76,1.70,0.000000,0.000000,0,1,7.66,0.00
1619991,0.09,0.35,-0.28,-1.75,-11.31,-5.93,-9.2,4.9,35.1,66.77,1.67,0.000000,0.000000,0,1,7.66,0.00
1620297,0.79,-0.98,0.74,25.56,-1.87,-30.18,-10.3,-2.1,46.0,66.77,1.65,0.000000,0.000000,0,1,7.66,0.00
1620603,0.07,-0.03,-1.98,3.56,-28.43,-163.50,-2.3,-1.8,61.5,66.77,1.61,0.000000,0.000000,0,1,7.66,0.00
1620909,-1.37,0.83,0.86,-3.31,-25.43,-68.93,3.5,5.1,87.1,66.77,1.61,0.000000,0.000000,0,1,7.66,0.00
1621215,-1.45,0.07,-0.60,19.62,12.43,30.62,3.0,2.1,97.4,66.77,1.59,0.000000,0.000000,0,1,7.66,0.00
1621521,0.27,-1.13,-0.07,8.75,57.31,93.31,-7.5,-3.5,80.5,66.78,1.58,0.000000,0.000000,0,1,7.66,0.00
1621827,1.08,-0.67,0.47,-12.37,-15.50,18.50,-10.8,-2.5,77.0,66.78,1.58,0.000000,0.000000,0,1,7.66,0.00
1622133,0.98,-0.28,-0.58,4.56,14.68,18.68,-8.0,-2.1,72.6,66.78,1.55,0.000000,0.000000,0,1,7.66,0.00
1622439,0.86,0.18,-0.02,-12.75,-11.68,11.31,-7.2,0.1,69.8,66.78,1.55,0.000000,0.000000,0,1,7.70,0.00
1622745,-0.12,-0.09,0.44,14.31,-14.93,2.50,-2.6,-0.6,70.6,66.78,1.55,0.000000,0.000000,0,1,7.70,0.00
1623051,-0.57,-0.72,0.41,-5.68,3.37,44.43,-0.6,-3.3,65.9,66.78,1.53,0.000000,0.000000,0,1,7.70,0.00
1623357,0.02,-0.31,-0.58,-5.87,-1.00,23.50,-2.3,-2.5,63.5,66.78,1.54,0.000000,0.000000,0,1,7.70,0.00
1623663,-0.60,-0.50,0.09,-16.81,23.56,29.81,-5.5,1.6,57.5,66.79,1.54,0.000000,0.000000,0,1,7.66,0.00
1623969,0.22,0.41,-0.01,0.68,-1.87,-3.06,-6.8,3.6,56.8,66.79,1.52,0.000000,0.000000,0,1,7.66,0.00
1624275,0.27,-0.02,-0.11,16.37,-2.06,-3.68,-4.5,-0.7,57.5,66.79,1.49,0.000000,0.000000,0,1,7.66,0.00
1624581,-0.20,-0.56,-0.01,3.31,4.43,-35.00,-4.0,-2.5,61.2,66.79,1.50,0.000000,0.000000,0,1,7.66,0.00
1624887,0.40,-0.01,-0.17,-2.00,4.37,-55.68,-6.8,0.3,78.7,66.79,1.50,0.000000,0.000000,0,1,7.66,0.00
1625193,0.25,0.00,0.44,5.68,4.31,-72.43,-7.9,2.1,98.6,66.79,1.48,0.000000,0.000000,0,1,7.66,0.00
1625499,0.40,-0.05,0.40,17.62,-8.81,-26.93,-6.5,0.0,117.0,66.79,1.46,0.000000,0.000000,0,1,7.67,0.00
1625805,-0.20,-0.80,-0.40,11.87,-18.56,-12.68,-2.7,-3.6,124.1,66.80,1.44,0.000000,0.000000,0,1,7.67,0.00
1626111,-1.37,-0.00,0.73,-30.31,-5.31,6.75,2.6,-0.1,124.1,66.80,1.44,0.000000,0.000000,0,1,7.67,0.00
1626417,-0.28,0.95,-0.22,-20.31,-8.56,16.75,1.0,3.1,135.8,66.80,1.47,0.000000,0.000000,0,1,7.67,0.00
1626723,0.15,0.43,-0.31,6.56,8.50,6.75,-0.3,0.0,138.6,66.80,1.47,0.000000,0.000000,0,1,7.66,0.00
1627029,0.61,-0.43,1.63,-15.75,44.06,77.68,-7.9,-1.0,131.0,66.80,1.47,0.000000,0.000000,0,1,7.66,0.00
1627335,0.23,-0.37,-0.44,-8.18,2.93,-1.56,-9.1,1.3,123.9,66.81,1.42,0.000000,0.000000,0,1,7.66,0.00
1627641,-0.38,-1.00,0.20,19.25,-6.93,-5.75,-6.9,-0.8,122.8,66.81,1.44,0.000000,0.000000,0,1,7.66,0.00
1627947,0.22,-0.28,-0.23,-5.56,2.87,-17.12,-7.4,0.7,126.0,66.81,1.44,0.000000,0.000000,0,1,7.66,0.00
1628253,0.58,0.51,-0.05,-6.68,1.62,-53.43,-8.1,3.6,132.6,66.81,1.46,0.000000,0.000000,0,1,7.66,0.00
1628559,-0.34,0.27,0.15,-0.68,-6.50,-20.62,-4.9,4.3,137.1,66.81,1.45,0.000000,0.000000,0,1,7.66,0.00
1628865,0.07,0.30,-0.23,7.50,7.00,-14.06,-5.8,3.1,145.6,66.81,1.46,0.000000,0.000000,0,1,7.66,0.00
1629171,-0.12,-0.15,-0.10,0.93,-3.31,7.31,-5.6,1.6,146.3,66.81,1.46,0.000000,0.000000,0,1,7.66,0.00
1629477,0.02,-0.18,0.10,-0.31,11.81,-7.37,-6.4,1.3,144.3,66.82,1.46,0.000000,0.000000,0,1,7.66,0.00
1629783,0.35,0.20,0.25,-5.31,-1.18,-0.18,-7.1,2.4,143.5,66.82,1.46,0.000000,0.000000,0,1,7.65,0.00
1630089,0.10,0.22,0.00,3.31,-8.81,1.50,-5.5,2.4,143.6,66.82,1.45,0.000000,0.000000,0,1,7.65,0.00
1630395,-0.44,-0.22,-0.22,8.50,-8.50,-7.62,-2.6,0.5,142.6,66.82,1.45,0.000000,0.000000,0,1,7.65,0.00
1630701,0.03,-0.07,-0.22,0.31,14.56,0.43,-4.6,0.5,142.1,66.82,1.46,0.000000,0.000000,0,1,7.66,0.00
1631007,0.57,0.15,0.18,-4.87,5.18,4.25,-6.9,1.3,142.1,66.83,1.47,0.000000,0.000000,0,1,7.66,0.00
1631313,0.00,0.00,0.05,0.31,-11.75,5.87,-4.6,1.0,140.9,66.83,1.45,0.000000,0.000000,0,1,7.66,0.00
1631619,-0.35,-0.07,-0.23,1.12,0.06,-3.50,-3.1,0.9,140.5,66.83,1.45,0.000000,0.000000,0,1,7.66,0.00
1631925,0.09,0.09,-0.12,-1.56,10.62,-15.12,-5.1,1.6,142.2,66.83,1.47,0.000000,0.000000,0,1,7.66,0.00
1632231,0.11,0.18,0.27,2.31,1.06,-3.87,-6.0,2.3,144.6,66.83,1.46,0.000000,0.000000,0,1,7.66,0.00
1632537,0.00,-0.22,0.00,0.81,4.87,17.00,-5.9,1.0,142.5,66.83,1.45,0.000000,0.000000,0,1,7.66,0.00
1632843,0.88,0.27,-0.20,3.00,13.62,27.25,-7.5,0.8,137.3,66.83,1.45,0.000000,0.000000,0,1,7.66,0.00
1633149,-0.22,-0.76,0.57,-5.00,-26.56,25.00,-4.3,-1.8,127.4,66.84,1.44,0.000000,0.000000,0,1,7.66,0.00
1633455,-1.10,1.33,-0.76,-12.56,-31.50,19.62,6.5,4.8,116.6,66.84,1.43,0.000000,0.000000,0,1,7.66,0.00
1633761,-0.74,-0.23,0.00,11.25,20.50,-5.18,4.0,-2.6,121.5,66.84,1.52,0.000000,0.000000,0,1,7.66,0.00
1634067,0.33,0.20,1.50,-14.93,27.75,2.50,-2.0,-0.2,125.4,66.84,1.52,0.000000,0.000000,0,1,7.66,0.00
1634373,-0.33,-0.18,0.03,4.68,-13.93,-2.37,-1.8,-0.0,127.4,66.84,1.50,0.000000,0.000000,0,1,7.66,0.00
1634679,-0.55,-0.75,-0.37,8.81,-1.87,-20.75,-2.0,-2.0,133.3,66.84,1.49,0.000000,0.000000,0,1,7.65,0.00
1634985,0.12,-0.45,0.05,4.56,12.18,-74.37,-4.8,-1.2,144.3,66.85,1.50,0.000000,0.000000,0,1,7.65,0.00
1635291,0.05,0.09,-0.01,-5.75,-8.12,-22.56,-4.3,1.4,147.7,66.85,1.47,0.000000,0.000000,0,1,7.65,0.00
1635597,-0.25,0.33,0.79,1.43,-4.12,12.56,-2.7,2.9,147.8,66.85,1.46,0.000000,0.000000,0,1,7.66,0.00
1635903,-0.02,0.37,-0.63,6.50,2.18,12.75,-2.2,2.3,143.1,66.85,1.46,0.000000,0.000000,0,1,7.66,0.00
1636209,0.30,-0.20,0.13,8.56,9.25,5.56,-4.4,-0.8,139.6,66.85,1.48,0.000000,0.000000,0,1,7.66,0.00
1636515,0.30,-0.09,0.13,-6.62,-6.87,-7.56,-4.5,-0.4,141.3,66.85,1.48,0.000000,0.000000,0,1,7.66,0.00
1636821,-0.55,0.40,-0.27,-10.43,-9.75,-12.43,-0.7,2.9,142.5,66.86,1.46,0.000000,0.000000,0,1,7.65,0.00
1637127,0.95,0.61,-0.55,8.50,36.87,-19.81,-5.8,2.0,146.0,66.86,1.50,0.000000,0.000000,0,1,7.65,0.00
1637433,0.01,-0.55,-0.50,-9.00,-28.25,31.00,-6.6,-0.0,137.9,66.86,1.47,0.000000,0.000000,0,1,7.65,0.00
1637739,-0.01,-0.65,0.37,30.87,-3.06,-28.43,-5.3,-2.6,143.5,66.86,1.46,0.000000,0.000000,0,1,7.66,0.00
1638045,1.63,-1.30,1.71,-3.25,-5.62,-72.93,-11.6,-8.8,175.3,66.86,1.50,0.000000,0.000000,0,1,7.66,0.00
1638351,0.49,-1.25,0.20,25.50,-54.75,-149.93,-9.2,-5.8,210.1,66.87,1.50,0.000000,0.000000,0,1,7.66,0.00
1638657,-1.63,-0.95,0.56,-13.37,-34.87,26.50,7.4,-6.9,222.4,66.86,1.46,0.000000,0.000000,0,1,7.66,0.00
1638963,-0.55,0.60,-0.67,-76.25,57.81,-110.75,5.8,-0.9,243.1,66.87,1.51,0.000000,0.000000,0,1,7.66,0.00
1639269,0.52,2.67,1.71,4.37,0.68,-219.56,2.5,9.2,301.6,66.87,1.60,0.000000,0.000000,0,1,7.66,0.00
1639575,0.13,1.28,-0.13,18.62,8.06,19.00,2.9,3.0,330.0,66.87,1.52,0.000000,0.000000,0,1,7.66,0.00
1639881,-0.07,-0.40,0.27,18.18,-5.68,-11.00,2.1,-4.7,321.6,66.87,1.45,0.000000,0.000000,0,1,7.66,0.00
1640187,-0.36,-0.56,-0.01,16.93,5.68,21.93,2.6,-6.3,323.1,66.88,1.47,0.000000,0.000000,0,1,7.66,0.00
1640493,0.05,-0.22,-0.05,-30.25,16.81,86.81,3.0,-5.5,302.6,66.88,1.47,0.000000,0.000000,0,1,7.66,0.00
1640799,0.27,1.39,-1.08,-24.81,13.43,45.56,-2.0,4.3,290.3,66.88,1.48,0.000000,0.000000,0,1,7.66,0.00
1641105,0.52,1.39,-2.33,-5.62,27.25,41.68,-9.1,8.3,289.1,66.88,1.49,0.000000,0.000000,0,1,7.66,0.00
1641411,1.11,0.46,0.63,7.75,0.00,-124.37,-9.7,3.3,301.5,66.88,1.48,0.000000,0.000000,0,1,7.66,0.00
1641717,0.11,1.20,0.00,4.62,-29.00,-30.50,-3.6,6.0,311.3,66.88,1.41,0.000000,0.000000,0,1,7.66,0.00
1642023,-0.57,0.50,-0.22,7.31,-8.50,17.50,0.5,2.6,300.2,66.88,1.35,0.000000,0.000000,0,1,7.66,0.00
1642329,-0.45,0.28,-0.15,-1.87,-0.81,27.18,0.1,1.1,292.1,66.89,1.33,0.000000,0.000000,0,1,7.66,0.00
1642635,0.05,0.15,0.20,6.87,19.18,16.12,-3.0,0.3,290.5,66.89,1.33,0.000000,0.000000,0,1,7.66,0.00
1642941,0.50,0.00,0.30,-4.50,5.56,-5.56,-6.2,-0.1,288.6,66.89,1.31,0.000000,0.000000,0,1,7.66,0.00
1643247,0.23,-0.12,-0.01,-0.06,3.62,11.81,-6.6,0.2,284.5,66.89,1.30,0.000000,0.000000,0,1,7.66,0.00
1643553,0.07,0.31,-0.00,-10.00,-11.93,11.06,-5.2,2.2,280.5,66.89,1.28,0.000000,0.000000,0,1,7.66,0.00
1643859,-0.46,0.05,-0.40,-1.18,-3.00,15.00,-3.7,2.1,273.9,66.89,1.29,0.000000,0.000000,0,1,7.66,0.00
1644165,-0.20,0.19,0.15,0.37,4.37,2.37,-4.6,2.2,272.7,66.89,1.31,0.000000,0.000000,0,1,7.66,0.00
1644471,0.40,-0.22,-0.15,9.93,12.56,-5.75,-7.6,-0.1,273.5,66.90,1.31,0.000000,0.000000,0,1,7.66,0.00
1644777,0.33,0.01,-0.13,-1.81,-10.06,-4.12,-6.6,0.3,275.6,66.90,1.31,0.000000,0.000000,0,1,7.66,0.00
1645083,-0.11,0.01,-0.18,1.50,-11.50,0.12,-1.9,-0.8,278.4,66.90,1.31,0.000000,0.000000,0,1,7.66,0.00
1645389,-0.25,0.07,0.05,-3.12,5.31,-8.37,-2.1,0.3,274.5,66.90,1.31,0.000000,0.000000,0,1,7.66,0.00
1645695,-0.10,0.05,0.95,3.25,19.50,18.18,-4.6,0.8,269.5,66.90,1.33,0.000000,0.000000,0,1,7.66,0.00
1646001,1.25,-1.02,0.15,1.87,14.75,76.25,-12.3,-4.5,233.9,66.91,1.29,0.000000,0.000000,0,1,7.66,0.00
1646307,0.45,-0.00,0.00,-52.68,-24.75,82.12,-8.0,0.3,213.6,66.91,1.31,0.000000,0.000000,0,1,7.66,0.00
1646613,-0.54,1.37,-0.34,-4.18,-23.68,50.93,-2.1,7.7,198.8,66.91,1.36,0.000000,0.000000,0,1,7.66,0.00
1646919,-0.35,0.40,0.37,13.00,2.81,27.37,-2.9,2.4,188.2,66.91,1.39,0.000000,0.000000,0,1,7.66,0.00
1647225,-0.11,0.00,0.40,8.31,2.93,-7.06,-3.9,-0.1,184.9,66.91,1.40,0.000000,0.000000,0,1,7.66,0.00
1647531,-0.40,-0.86,2.89,0.50,3.50,-8.81,-5.8,-2.4,180.3,66.91,1.40,0.000000,0.000000,0,1,7.66,0.00
1647837,-0.38,-0.36,-0.56,-11.56,-4.56,21.75,-4.3,-0.5,182.5,66.92,1.39,0.000000,0.000000,0,1,7.66,0.00
1648143,0.28,0.01,-0.52,3.43,10.43,0.18,-7.6,1.3,182.1,66.91,1.43,0.000000,0.000000,0,1,7.66,0.00
1648449,0.12,0.12,0.46,-6.87,-24.37,29.06,-6.2,0.8,180.8,66.92,1.45,0.000000,0.000000,0,1,7.66,0.00
1648755,-0.98,0.35,0.37,13.50,-22.25,-69.56,-0.1,1.7,184.1,66.92,1.45,0.000000,0.000000,0,1,7.66,0.00
1649061,0.19,0.31,0.69,1.00,31.75,-56.56,-4.1,-0.1,192.0,66.92,1.46,0.000000,0.000000,0,1,7.66,0.00
1649367,1.61,-1.24,-0.20,33.18,29.25,-67.43,-14.5,-5.6,208.1,66.92,1.45,0.000000,0.000000,0,1,7.66,0.00
1649673,0.80,-0.07,-0.13,-22.81,-21.50,7.56,-9.6,-0.0,213.1,66.92,1.40,0.000000,0.000000,0,1,7.66,0.00
1649979,-0.98,0.40,0.00,-16.68,-31.25,20.50,-1.3,3.6,211.3,66.93,1.38,0.000000,0.000000,0,1,7.66,0.00
1650285,-1.15,0.77,0.63,-0.50,1.37,-22.81,0.0,5.1,214.0,66.93,1.41,0.000000,0.000000,0,1,7.66,0.00
1650591,0.61,-0.30,0.58,29.43,47.00,-2.81,-9.3,-0.8,219.8,66.93,1.43,0.000000,0.000000,0,1,7.66,0.00
1650897,1.58,-0.83,-0.41,8.31,6.43,10.50,-14.3,-3.4,223.6,66.93,1.41,0.000000,0.000000,0,1,7.66,0.00
1651203,0.02,-0.22,-0.45,-32.12,-35.75,9.93,-6.6,0.3,217.6,66.93,1.38,0.000000,0.000000,0,1,7.66,0.00
1651509,-2.10,1.53,1.02,-29.87,-37.31,-12.06,4.8,9.5,218.4,66.94,1.39,0.000000,0.000000,0,1,7.66,0.00
1651815,-0.76,0.12,0.10,42.06,48.43,-12.68,-1.6,2.3,219.7,66.94,1.43,0.000000,0.000000,0,1,7.66,0.00
1652121,2.11,-0.31,0.07,11.00,20.12,-21.31,-14.9,-2.3,230.6,66.94,1.44,0.000000,0.000000,0,1,7.66,0.00
1652427,0.37,0.07,-0.35,-7.00,-22.87,-15.00,-6.9,0.6,237.2,66.94,1.38,0.000000,0.000000,0,1,7.66,0.00
1652733,-1.20,-0.34,-0.17,4.87,-16.56,3.12,-1.0,0.5,238.0,66.94,1.38,0.000000,0.000000,0,1,7.66,0.00
1653039,-0.40,0.19,-0.40,-12.43,16.06,-13.43,-5.1,3.0,240.3,66.94,1.41,0.000000,0.000000,0,1,7.66,0.00
1653345,1.02,0.91,1.44,-2.56,16.25,-35.18,-10.6,5.8,247.3,66.94,1.43,0.000000,0.000000,0,1,7.66,0.00
1653651,0.34,-0.05,0.12,30.62,3.62,-24.50,-9.4,2.8,254.0,66.95,1.39,0.000000,0.000000,0,1,7.66,0.00
1653957,0.47,-0.46,-0.20,5.37,4.62,-19.31,-9.9,0.1,263.1,66.94,1.40,0.000000,0.000000,0,1,7.66,0.00
1654263,-0.02,-0.00,0.01,-14.87,-12.93,2.93,-7.1,3.1,264.9,66.95,1.38,0.000000,0.000000,0,1,7.66,0.00
1654569,-0.37,0.56,0.05,-10.75,-5.75,11.18,-5.4,5.8,260.1,66.95,1.37,0.000000,0.000000,0,1,7.66,0.00
1654875,-0.00,0.38,0.00,5.06,7.50,-8.00,-6.8,4.3,259.5,66.95,1.39,0.000000,0.000000,0,1,7.66,0.00
1655181,0.37,-0.22,-0.01,11.43,3.62,-7.87,-8.8,1.1,263.0,66.96,1.40,0.000000,0.000000,0,1,7.66,0.00
1655487,-0.11,-0.31,-0.05,-3.56,-8.68,-5.12,-6.9,1.1,264.0,66.96,1.38,0.000000,0.000000,0,1,7.66,0.00
1655793,-0.01,0.15,0.07,-3.81,3.37,3.56,-6.6,3.1,263.5,66.96,1.38,0.000000,0.000000,0,1,7.65,0.00
1656099,0.15,0.22,-0.00,-3.00,-0.62,5.93,-7.3,3.4,263.1,66.96,1.37,0.000000,0.000000,0,1,7.65,0.00
1656405,-0.18,0.05,-0.10,3.75,-2.68,-3.31,-6.1,3.0,263.8,66.96,1.37,0.000000,0.000000,0,1,7.65,0.00
1656711,0.00,-0.15,-0.15,3.75,1.00,-16.81,-6.6,1.6,267.5,66.96,1.38,0.000000,0.000000,0,1,7.65,0.00
1657017,-0.00,0.00,-0.33,-7.00,-7.31,6.12,-6.2,2.2,269.1,66.97,1.37,0.000000,0.000000,0,1,7.66,0.00
1657323,-0.11,0.27,-0.68,11.31,1.43,-4.50,-4.8,2.8,271.1,66.97,1.36,0.000000,0.000000,0,1,7.66,0.00
1657629,0.61,0.30,0.54,-5.50,-3.25,-27.00,-6.1,0.8,278.0,66.97,1.37,0.000000,0.000000,0,1,7.66,0.00
1657935,0.01,0.20,-0.05,8.75,-1.50,-30.37,-3.6,0.8,281.7,66.97,1.35,0.000000,0.000000,0,1,7.66,0.00
1658241,-0.01,-0.28,0.13,8.18,-0.31,-15.50,-3.5,-1.3,285.2,66.97,1.35,0.000000,0.000000,0,1,7.66,0.00
1658547,0.07,-0.20,-0.07,-3.00,3.87,-5.00,-4.1,-1.0,285.8,66.97,1.35,0.000000,0.000000,0,1,7.66,0.00
1658853,0.15,0.12,-0.22,-5.93,-2.00,0.31,-4.3,0.6,285.5,66.97,1.35,0.000000,0.000000,0,1,7.65,0.00
1659159,-0.05,0.27,-0.11,-1.25,-7.25,0.62,-3.0,1.3,284.3,66.98,1.34,0.000000,0.000000,0,1,7.65,0.00
1659465,-0.18,0.11,0.00,5.81,3.25,-5.50,-2.6,0.6,284.5,66.98,1.35,0.000000,0.000000,0,1,7.65,0.00
1659771,0.10,-0.20,-0.13,3.56,4.31,-6.06,-4.0,-1.0,285.2,66.98,1.36,0.000000,0.000000,0,1,7.65,0.00
1660077,0.15,-0.05,0.20,-7.81,-1.12,1.50,-4.1,-0.3,285.5,66.98,1.35,0.000000,0.000000,0,1,7.66,0.00
1660383,-0.05,0.07,-0.31,3.62,1.18,4.43,-3.4,0.5,284.4,66.98,1.34,0.000000,0.000000,0,1,7.66,0.00
1660689,0.20,-0.17,0.05,-2.43,-7.12,-7.43,-3.5,-1.3,284.3,66.98,1.36,0.000000,0.000000,0,1,7.66,0.00
1660995,-0.40,0.01,-0.09,5.12,-0.43,9.31,-1.3,-0.0,285.0,66.99,1.35,0.000000,0.000000,0,1,7.69,0.00
1661301,0.25,-0.17,0.51,-2.93,2.37,0.56,-3.2,-1.5,282.6,66.99,1.36,0.000000,0.000000,0,1,7.69,0.00
1661607,-0.22,0.22,-0.61,1.56,-4.93,5.62,-1.2,0.4,284.3,66.99,1.34,0.000000,0.000000,0,1,7.69,0.00
1661913,0.27,0.07,0.11,3.62,8.37,7.87,-3.3,-0.6,281.5,66.99,1.34,0.000000,0.000000,0,1,7.66,0.00
1662219,-0.18,-0.22,-0.07,-13.00,-2.87,-9.62,-3.5,0.0,282.3,66.99,1.34,0.000000,0.000000,0,1,7.66,0.00
1662525,0.15,0.41,-0.27,6.62,5.56,-4.68,-5.7,2.9,279.0,67.00,1.34,0.000000,0.000000,0,1,7.66,0.00
1662831,0.20,0.02,-0.51,3.18,1.37,-4.87,-6.9,1.3,276.6,67.00,1.36,0.000000,0.000000,0,1,7.64,0.00
1663137,-0.35,0.11,-0.38,-11.87,-13.93,14.87,-4.6,2.3,275.3,67.00,1.38,0.000000,0.000000,0,1,7.64,0.00
1663443,0.34,0.63,0.73,11.93,3.93,-49.12,-3.7,1.2,284.8,67.00,1.41,0.000000,0.000000,0,1,7.64,0.00
1663749,0.07,-0.75,1.10,11.06,-6.93,-12.25,-3.8,-2.6,269.6,67.00,1.37,0.000000,0.000000,0,1,7.64,0.00
1664055,-0.56,-0.50,-0.74,-23.93,-14.87,66.81,2.0,-3.5,255.3,67.00,1.27,0.000000,0.000000,0,1,7.65,0.00
1664361,-1.04,0.74,-0.15,-20.25,-8.62,18.12,5.8,2.3,258.0,67.00,1.29,0.000000,0.000000,0,1,7.65,0.00
1664667,0.38,0.07,0.27,12.18,15.62,22.00,-0.3,-1.5,258.7,67.00,1.31,0.000000,0.000000,0,1,7.65,0.00
1664973,0.41,-0.25,0.15,11.18,5.00,-15.12,-1.2,-3.6,261.8,67.01,1.28,0.000000,0.000000,0,1,7.66,0.00
1665279,0.05,-0.45,0.12,-3.43,-8.68,-19.75,0.0,-4.1,262.6,67.01,1.26,0.000000,0.000000,0,1,7.66,0.00
1665585,-0.22,-0.07,0.09,-7.93,-3.75,-2.81,2.0,-2.1,264.3,67.01,1.24,0.000000,0.000000,0,1,7.66,0.00
1665891,-0.00,0.22,-0.07,-4.18,2.12,17.06,1.6,-1.0,264.2,67.01,1.23,0.000000,0.000000,0,1,7.66,0.00
1666197,0.00,0.11,-0.05,3.62,1.75,-5.43,0.9,-1.3,265.0,67.01,1.23,0.000000,0.000000,0,1,7.66,0.00
1666503,0.02,0.03,-0.11,6.37,4.25,-26.12,0.8,-1.9,267.3,67.01,1.22,0.000000,0.000000,0,1,7.66,0.00
1666809,0.11,-0.30,-0.17,0.62,-0.12,4.43,0.1,-3.5,265.0,67.02,1.21,0.000000,0.000000,0,1,7.66,0.00
1667115,0.09,0.00,0.13,-7.68,-3.25,3.75,0.6,-1.9,264.0,67.02,1.20,0.000000,0.000000,0,1,7.65,0.00
1667421,-0.17,0.12,0.07,-0.18,3.50,12.25,1.4,-0.8,264.3,67.02,1.21,0.000000,0.000000,0,1,7.65,0.00
1667727,-0.20,0.25,-0.23,-0.25,1.75,-17.43,1.6,-0.2,267.2,67.02,1.20,0.000000,0.000000,0,1,7.65,0.00
1668033,0.01,-0.05,-0.09,9.56,11.62,-23.75,0.5,-2.1,270.3,67.02,1.21,0.000000,0.000000,0,1,7.66,0.00
1668339,0.45,-0.31,-0.02,3.68,7.43,-5.31,-1.3,-3.6,271.3,67.03,1.20,0.000000,0.000000,0,1,7.66,0.00
1668645,-0.01,0.13,-0.27,-15.56,-7.81,18.62,0.6,-1.0,268.1,67.03,1.17,0.000000,0.000000,0,1,7.66,0.00
1668951,-0.20,0.22,-0.01,2.25,-0.87,0.12,1.6,-0.5,268.4,67.03,1.17,0.000000,0.000000,0,1,7.66,0.00
1669257,-0.11,0.01,-0.07,-0.25,-0.18,-6.87,1.4,-1.5,267.7,67.03,1.19,0.000000,0.000000,0,1,7.66,0.00
1669563,0.00,0.15,0.02,3.56,2.43,-5.93,1.5,-1.5,270.2,67.03,1.19,0.000000,0.000000,0,1,7.66,0.00
1669869,0.05,-0.00,-0.10,0.18,0.50,-0.62,1.0,-2.3,269.0,67.04,1.18,0.000000,0.000000,0,1,7.66,0.00
1670175,-0.07,0.05,-0.15,0.25,-0.81,-1.75,1.6,-1.8,268.8,67.04,1.16,0.000000,0.000000,0,1,7.65,0.00
1670481,0.00,0.05,-0.11,1.50,4.81,-5.18,1.3,-1.9,270.0,67.04,1.17,0.000000,0.000000,0,1,7.65,0.00
1670787,0.03,0.02,0.01,-2.93,-1.37,-6.68,0.7,-1.8,269.1,67.04,1.17,0.000000,0.000000,0,1,7.65,0.00
1671093,-0.07,0.05,0.17,2.00,-0.87,-7.18,1.2,-1.6,270.3,67.04,1.17,0.000000,0.000000,0,1,7.66,0.00
1671399,-0.12,-0.02,-0.11,-0.31,-0.12,-6.50,1.4,-2.0,270.4,67.04,1.17,0.000000,0.000000,0,1,7.66,0.00
1671705,0.02,0.01,-0.11,-4.25,-2.00,4.68,0.9,-1.7,271.3,67.05,1.18,0.000000,0.000000,0,1,7.66,0.00
1672011,0.01,0.15,-0.11,1.12,1.06,7.12,1.1,-1.3,272.0,67.05,1.17,0.000000,0.000000,0,1,7.65,0.00
1672317,-0.05,-0.05,0.00,3.56,-0.87,-3.06,1.1,-2.1,272.6,67.05,1.17,0.000000,0.000000,0,1,7.65,0.00
1672623,-0.05,-0.15,-0.07,-2.81,-3.18,0.62,1.2,-2.5,272.5,67.05,1.16,0.000000,0.000000,0,1,7.65,0.00
1672929,0.09,0.10,-0.07,1.12,-2.00,-3.75,1.3,-1.8,273.3,67.05,1.16,0.000000,0.000000,0,1,7.66,0.00
1673235,-0.12,0.00,-0.05,2.37,1.31,4.68,1.8,-2.2,274.8,67.05,1.16,0.000000,0.000000,0,1,7.66,0.00
1673541,0.11,-0.01,-0.07,1.56,3.81,-4.87,1.1,-2.7,275.1,67.06,1.16,0.000000,0.000000,0,1,7.66,0.00
1673847,0.07,-0.07,0.02,-2.43,-2.25,0.56,1.0,-2.6,275.7,67.06,1.17,0.000000,0.000000,0,1,7.66,0.00
1674153,0.03,0.11,-0.05,-1.81,-0.12,-4.31,1.4,-1.6,274.8,67.06,1.16,0.000000,0.000000,0,1,7.66,0.00
1674459,0.00,0.11,-0.07,1.62,1.00,0.62,1.5,-1.6,274.0,67.06,1.16,0.000000,0.000000,0,1,7.66,0.00
1674765,-0.03,0.02,-0.09,2.50,2.50,-4.56,1.5,-2.2,273.5,67.06,1.17,0.000000,0.000000,0,1,7.66,0.00
1675071,-0.02,-0.13,0.11,-2.31,-4.06,-5.62,1.2,-2.8,272.6,67.06,1.17,0.000000,0.000000,0,1,7.65,0.00
1675377,0.00,0.00,0.03,0.37,0.12,7.75,1.6,-2.2,277.3,67.07,1.18,0.000000,0.000000,0,1,7.65,0.00
1675683,0.05,-0.03,0.11,-0.12,1.18,13.68,1.1,-2.5,276.6,67.07,1.17,0.000000,0.000000,0,1,7.65,0.00
1675989,-0.11,0.07,-0.11,-4.25,-0.62,-20.31,1.7,-1.6,277.5,67.07,1.17,0.000000,0.000000,0,1,7.66,0.00
1676295,-0.11,0.05,-0.03,3.56,4.31,-7.43,1.3,-1.8,277.3,67.07,1.18,0.000000,0.000000,0,1,7.66,0.00
1676601,0.25,-0.03,-0.03,3.62,3.18,-5.75,0.2,-2.8,277.0,67.08,1.18,0.000000,0.000000,0,1,7.66,0.00
1676907,-0.11,0.00,0.01,-4.75,-6.62,-12.68,1.7,-2.1,274.5,67.08,1.17,0.000000,0.000000,0,1,7.66,0.00
1677213,-0.25,0.15,-0.15,-3.06,-1.56,-3.62,2.6,-1.3,274.1,67.08,1.18,0.000000,0.000000,0,1,7.65,0.00
1677519,0.10,-0.11,0.00,6.25,5.06,11.25,1.0,-2.8,274.9,67.08,1.19,0.000000,0.000000,0,1,7.65,0.00
1677825,-0.00,-0.10,-0.11,-1.31,-3.81,0.25,1.3,-3.0,275.8,67.08,1.19,0.000000,0.000000,0,1,7.65,0.00
1678131,0.02,-0.07,0.00,-2.06,-1.87,7.18,1.5,-2.7,275.5,67.08,1.19,0.000000,0.000000,0,1,7.66,0.00
1678437,-0.10,0.05,-0.05,-0.50,-0.50,1.87,2.0,-2.0,275.7,67.09,1.19,0.000000,0.000000,0,1,7.66,0.00
1678743,0.00,0.07,-0.00,1.75,0.62,1.12,1.7,-2.2,275.6,67.09,1.19,0.000000,0.000000,0,1,7.66,0.00
1679049,0.00,-0.12,-0.11,3.06,-0.56,2.56,1.5,-3.0,275.8,67.09,1.18,0.000000,0.000000,0,1,7.66,0.00
1679355,0.00,-0.11,-0.00,-2.56,-1.31,1.37,1.5,-3.0,275.6,67.09,1.19,0.000000,0.000000,0,1,7.66,0.00
1679661,-0.01,0.11,-0.00,-3.12,-2.25,0.75,2.0,-2.0,275.5,67.09,1.18,0.000000,0.000000,0,1,7.66,0.00
1679967,-0.07,0.11,-0.00,3.75,0.62,-4.43,2.3,-2.1,276.5,67.10,1.19,0.000000,0.000000,0,1,7.66,0.00
1680273,-0.03,-0.07,-0.01,3.12,3.00,-9.06,1.9,-3.0,278.0,67.10,1.19,0.000000,0.000000,0,1,7.65,0.00
1680579,0.27,-0.19,-0.03,0.12,1.75,4.06,0.7,-3.6,277.3,67.10,1.19,0.000000,0.000000,0,1,7.65,0.00
1680885,-0.00,0.05,-0.09,-6.12,-6.18,0.62,2.0,-2.1,276.8,67.10,1.17,0.000000,0.000000,0,1,7.65,0.00
1681191,-0.20,0.18,-0.09,0.81,-0.12,3.50,2.8,-1.6,276.6,67.10,1.18,0.000000,0.000000,0,1,7.65,0.00
1681497,0.00,0.00,-0.07,3.68,3.12,0.68,2.0,-2.6,276.3,67.11,1.19,0.000000,0.000000,0,1,7.65,0.00
1681803,0.09,-0.15,-0.03,1.81,1.31,-1.12,1.3,-3.4,277.0,67.11,1.19,0.000000,0.000000,0,1,7.65,0.00
1682415,-0.13,0.07,-0.11,0.50,6.18,11.56,1.8,-1.8,281.4,67.11,1.18,0.000000,0.000000,0,1,7.65,0.00
1682721,0.13,0.07,-0.30,4.06,6.06,8.43,0.6,-2.0,279.6,67.11,1.18,0.000000,0.000000,0,1,7.65,0.00
1683333,-0.20,-0.20,-0.07,-4.93,-2.93,5.68,1.7,-2.9,278.1,67.11,1.16,0.000000,0.000000,0,1,7.65,0.00
1683945,-0.30,0.12,-0.34,5.68,0.31,-4.25,2.3,-1.3,279.1,67.12,1.17,0.000000,0.000000,0,1,7.65,0.00
1684251,0.12,-0.10,0.02,2.93,5.31,-4.37,0.9,-2.9,281.8,67.12,1.18,0.000000,0.000000,0,1,7.65,0.00
1684557,0.12,-0.10,-0.11,-1.00,-0.93,-7.87,0.6,-3.0,284.6,67.12,1.17,0.000000,0.000000,0,1,7.65,0.00
1684863,0.23,0.00,0.00,-4.87,-1.56,8.81,0.5,-2.5,281.0,67.13,1.17,0.000000,0.000000,0,1,7.65,0.00
1685169,-0.27,0.17,-0.05,-3.06,-7.81,-2.56,2.5,-1.1,279.8,67.13,1.17,0.000000,0.000000,0,1,7.65,0.00
1685475,-0.13,0.03,0.00,0.43,5.37,10.68,1.6,-1.5,281.1,67.13,1.17,0.000000,0.000000,0,1,7.65,0.00
1685781,0.22,0.07,0.10,1.75,0.56,-3.56,0.3,-1.8,280.5,67.13,1.18,0.000000,0.000000,0,1,7.65,0.00
1686087,0.17,-0.22,-0.05,2.06,-0.18,2.12,0.0,-2.8,281.0,67.13,1.18,0.000000,0.000000,0,1,7.65,0.00
1686393,0.07,-0.05,-0.12,-2.43,-2.81,7.12,0.7,-2.2,281.1,67.14,1.17,0.000000,0.000000,0,1,7.65,0.00
1686699,-0.11,0.12,-0.11,-0.43,0.56,1.56,1.7,-1.3,280.8,67.14,1.18,0.000000,0.000000,0,1,7.65,0.00
1687005,0.01,0.07,-0.02,2.62,2.12,-5.31,1.1,-1.8,280.2,67.14,1.18,0.000000,0.000000,0,1,7.65,0.00
1687311,0.13,-0.09,-0.07,1.50,1.00,0.06,0.5,-2.7,280.4,67.14,1.19,0.000000,0.000000,0,1,7.64,0.00
1687617,0.12,-0.01,-0.02,-1.00,-2.06,-0.25,0.7,-2.5,279.8,67.15,1.19,0.000000,0.000000,0,1,7.64,0.00
1687923,-0.12,-0.00,0.03,-1.75,-2.87,-2.50,1.6,-2.1,279.5,67.15,1.19,0.000000,0.000000,0,1,7.64,0.00
1688229,-0.05,0.00,0.05,0.18,3.18,-0.12,1.4,-2.0,279.5,67.15,1.19,0.000000,0.000000,0,1,7.66,0.00
1688535,0.11,0.00,-0.03,1.50,0.06,-1.37,0.6,-2.2,279.5,67.15,1.19,0.000000,0.000000,0,1,7.66,0.00
1688841,-0.05,-0.11,-0.05,1.06,-2.00,-4.12,1.1,-2.6,280.3,67.15,1.19,0.000000,0.000000,0,1,7.66,0.00
1689147,-0.01,-0.05,-0.11,-2.18,-0.93,-2.93,1.2,-2.4,279.9,67.16,1.20,0.000000,0.000000,0,1,7.65,0.00
1689453,0.01,0.09,-0.05,-0.50,-0.31,-4.56,1.3,-1.8,279.8,67.16,1.19,0.000000,0.000000,0,1,7.65,0.00
1689759,0.03,0.00,0.00,2.81,1.25,-1.87,1.1,-2.2,280.1,67.16,1.19,0.000000,0.000000,0,1,7.65,0.00
1690065,0.15,-0.09,-0.00,0.62,1.00,1.37,0.6,-2.8,279.8,67.16,1.19,0.000000,0.000000,0,1,7.65,0.00
1690371,-0.25,0.00,-0.18,-4.06,-5.87,-14.31,2.0,-2.0,283.0,67.16,1.19,0.000000,0.000000,0,1,7.65,0.00
1690677,0.01,0.03,0.12,0.37,2.93,-2.56,1.0,-1.9,283.8,67.16,1.20,0.000000,0.000000,0,1,7.65,0.00
1690983,0.31,-0.11,-0.05,2.56,0.50,-0.75,0.0,-2.7,284.1,67.16,1.20,0.000000,0.000000,0,1,7.65,0.00
1691289,-0.20,-0.11,-0.15,-5.68,-7.31,-5.37,1.6,-2.3,285.3,67.17,1.20,0.000000,0.000000,0,1,7.65,0.00
1691595,0.00,0.07,-0.15,4.56,7.56,4.56,1.2,-1.8,287.0,67.17,1.20,0.000000,0.000000,0,1,7.65,0.00
1691901,0.36,-0.00,-0.03,3.25,-0.12,4.31,0.1,-2.9,287.0,67.17,1.20,0.000000,0.000000,0,1,7.65,0.00
1692207,-0.01,-0.18,0.01,-0.62,-5.68,1.81,1.3,-3.1,286.9,67.17,1.19,0.000000,0.000000,0,1,7.65,0.00
1692513,-0.20,0.11,-0.20,-1.37,2.25,4.75,2.5,-1.8,285.7,67.17,1.20,0.000000,0.000000,0,1,7.65,0.00
1692819,-0.02,0.11,-0.25,1.00,-1.37,-0.56,2.0,-1.7,283.0,67.18,1.20,0.000000,0.000000,0,1,7.65,0.00
1693125,-0.02,0.00,-0.07,4.31,6.00,-3.18,2.0,-2.6,284.8,67.18,1.21,0.000000,0.000000,0,1,7.64,0.00
1693431,0.15,-0.11,-0.07,-4.62,5.37,15.56,0.6,-3.3,284.9,67.18,1.21,0.000000,0.000000,0,1,7.64,0.00
1693737,-0.02,0.22,-0.18,-9.93,-12.06,-18.12,1.7,-1.3,284.8,67.18,1.20,0.000000,0.000000,0,1,7.64,0.00
1694043,0.01,0.25,-0.01,3.31,5.62,3.43,1.8,-1.2,287.0,67.18,1.21,0.000000,0.000000,0,1,7.64,0.00
1694349,-0.27,0.00,-0.01,5.06,-5.18,-17.87,2.5,-2.1,286.2,67.19,1.21,0.000000,0.000000,0,1,7.65,0.00
1694961,0.15,0.01,-0.17,-9.62,-3.12,0.43,0.8,-2.3,287.0,67.19,1.20,0.000000,0.000000,0,1,7.65,0.00
1695267,-0.05,0.33,-0.11,-0.06,-0.18,4.81,2.0,-0.6,287.1,67.19,1.19,0.000000,0.000000,0,1,7.65,0.00
1695573,-0.17,-0.03,-0.03,6.87,2.37,3.50,1.9,-2.1,287.9,67.20,1.20,0.000000,0.000000,0,1,7.65,0.00
1695879,0.20,-0.20,-0.12,-0.68,3.87,8.75,0.3,-3.0,287.4,67.19,1.19,0.000000,0.000000,0,1,7.65,0.00
1696185,0.11,0.03,-0.10,-3.18,-2.50,5.18,0.8,-2.1,287.8,67.20,1.19,0.000000,0.000000,0,1,7.65,0.00
1696491,-0.11,0.07,-0.03,-0.43,-1.93,5.12,1.9,-1.6,287.3,67.20,1.20,0.000000,0.000000,0,1,7.65,0.00
1696797,-0.10,0.05,-0.11,1.06,2.62,-1.81,1.9,-1.8,287.3,67.20,1.19,0.000000,0.000000,0,1,7.65,0.00
1697103,0.05,-0.00,-0.05,0.75,1.62,-3.62,1.1,-2.3,287.6,67.20,1.20,0.000000,0.000000,0,1,7.65,0.00
1697409,0.03,-0.07,-0.11,0.12,-1.50,-0.81,1.0,-2.5,288.4,67.21,1.19,0.000000,0.000000,0,1,7.65,0.00
1697715,0.07,-0.11,-0.07,0.50,2.68,11.43,1.0,-2.7,288.6,67.21,1.20,0.000000,0.000000,0,1,7.65,0.00
1698021,0.02,0.05,0.00,-2.62,-1.62,0.43,1.2,-2.0,287.9,67.21,1.19,0.000000,0.000000,0,1,7.65,0.00
1698327,-0.03,0.02,-0.05,-0.31,-1.43,0.00,1.4,-1.7,287.4,67.21,1.20,0.000000,0.000000,0,1,7.65,0.00
1698633,-0.09,-0.05,-0.07,4.06,1.62,1.87,1.5,-2.3,287.9,67.21,1.20,0.000000,0.000000,0,1,7.65,0.00
1698939,0.11,-0.18,-0.02,-0.81,0.81,3.31,0.7,-2.9,287.8,67.21,1.20,0.000000,0.000000,0,1,7.65,0.00
1699245,0.05,-0.03,-0.02,-2.93,-1.31,3.62,0.9,-2.2,287.6,67.22,1.19,0.000000,0.000000,0,1,7.65,0.00
1699551,-0.11,0.09,-0.10,0.50,-1.37,-1.18,1.6,-1.5,288.0,67.22,1.19,0.000000,0.000000,0,1,7.65,0.00
1699857,-0.05,-0.07,-0.11,3.93,2.62,-0.75,1.4,-2.4,288.3,67.22,1.20,0.000000,0.000000,0,1,7.65,0.00
1700163,0.15,-0.15,-0.03,0.37,2.50,3.18,0.6,-3.0,288.2,67.22,1.20,0.000000,0.000000,0,1,7.65,0.00
1700469,0.00,-0.07,-0.31,0.43,1.37,7.12,1.1,-2.4,287.6,67.22,1.19,0.000000,0.000000,0,1,7.65,0.00
1700775,0.05,0.15,0.37,-3.56,-1.93,1.75,1.6,-1.6,285.1,67.23,1.20,0.000000,0.000000,0,1,7.65,0.00
1701081,-0.36,0.00,-0.09,2.68,5.62,1.81,2.6,-2.0,289.6,67.23,1.20,0.000000,0.000000,0,1,7.65,0.00
1701387,0.17,-0.18,-0.28,6.68,3.87,-5.68,0.6,-3.3,289.5,67.23,1.20,0.000000,0.000000,0,1,7.65,0.00
1701693,0.05,-0.13,0.07,-7.37,-9.18,-16.87,1.3,-2.9,291.5,67.23,1.20,0.000000,0.000000,0,1,7.65,0.00
1701999,-0.03,0.22,0.00,-1.18,2.87,1.93,2.1,-1.6,292.9,67.23,1.19,0.000000,0.000000,0,1,7.65,0.00
1702305,0.05,0.15,-0.03,-1.68,0.25,0.18,1.6,-1.9,291.4,67.24,1.18,0.000000,0.000000,0,1,7.65,0.00
1702611,-0.30,-0.30,-0.23,8.31,0.87,-18.43,2.3,-3.5,294.5,67.24,1.19,0.000000,0.000000,0,1,7.65,0.00
1702917,0.25,-0.15,-0.05,-3.50,3.31,7.68,1.0,-3.5,291.5,67.24,1.17,0.000000,0.000000,0,1,7.65,0.00
1703223,-0.00,0.18,-0.18,-5.37,-2.68,4.43,2.1,-1.9,292.5,67.24,1.18,0.000000,0.000000,0,1,7.65,0.00
1703529,-0.56,0.09,-0.70,-1.87,-5.06,-28.18,4.1,-1.6,297.1,67.24,1.18,0.000000,0.000000,0,1,7.65,0.00
1703835,-0.07,-0.17,0.18,6.18,14.37,16.00,1.8,-2.9,296.3,67.25,1.18,0.000000,0.000000,0,1,7.65,0.00
1704141,0.43,-0.01,-0.07,-6.00,-3.93,7.68,0.0,-2.8,292.1,67.25,1.18,0.000000,0.000000,0,1,7.65,0.00
1704447,-0.05,0.27,-0.25,-1.75,-6.31,0.56,2.6,-1.5,296.0,67.25,1.16,0.000000,0.000000,0,1,7.65,0.00
1704753,-0.66,-0.05,-0.05,8.18,-11.37,-19.68,4.6,-2.6,295.9,67.25,1.16,0.000000,0.000000,0,1,7.65,0.00
1705059,0.05,-0.19,0.22,1.12,7.75,8.56,2.0,-4.0,295.4,67.25,1.18,0.000000,0.000000,0,1,7.65,0.00
1705365,0.47,0.18,0.00,-5.68,9.00,-6.81,0.4,-2.8,297.5,67.26,1.18,0.000000,0.000000,0,1,7.65,0.00
1705671,0.22,0.10,-0.15,-1.37,-1.93,1.06,1.0,-2.5,296.1,67.26,1.16,0.000000,0.000000,0,1,7.65,0.00
1705977,-0.25,0.00,-0.03,-0.06,-6.31,-11.12,2.8,-2.6,295.9,67.26,1.16,0.000000,0.000000,0,1,7.65,0.00
1706283,-0.03,0.09,0.07,-0.43,3.87,2.75,2.4,-2.4,295.3,67.26,1.17,0.000000,0.000000,0,1,7.65,0.00
1706589,0.27,0.07,0.02,-0.56,1.31,-12.31,1.1,-2.8,296.2,67.26,1.17,0.000000,0.000000,0,1,7.65,0.00
1706895,0.01,0.00,-0.22,0.50,-3.12,-5.18,1.8,-2.6,298.3,67.27,1.16,0.000000,0.000000,0,1,7.65,0.00
1707201,0.00,0.05,-0.01,-1.00,-1.56,-2.68,2.2,-2.7,298.5,67.27,1.16,0.000000,0.000000,0,1,7.65,0.00
1707507,0.05,-0.03,-0.10,2.25,1.06,7.87,2.0,-3.1,297.4,67.27,1.16,0.000000,0.000000,0,1,7.65,0.00
1707813,-0.00,-0.11,-0.12,-0.06,0.62,7.75,2.3,-3.4,297.5,67.27,1.17,0.000000,0.000000,0,1,7.65,0.00
1708119,0.03,0.05,-0.07,-0.75,1.93,0.75,2.3,-2.9,298.9,67.27,1.19,0.000000,0.000000,0,1,7.65,0.00
1708425,-0.07,0.05,-0.03,0.37,-1.43,-15.56,2.8,-2.6,300.4,67.28,1.18,0.000000,0.000000,0,1,7.65,0.00
1708731,-0.10,-0.03,0.01,3.75,-1.75,-14.56,2.8,-3.1,302.0,67.27,1.18,0.000000,0.000000,0,1,7.65,0.00
1709037,0.20,-0.05,-0.07,0.31,2.00,5.68,1.6,-3.3,300.6,67.28,1.18,0.000000,0.000000,0,1,7.65,0.00
1709343,0.07,-0.07,-0.15,0.00,3.68,-1.00,2.0,-3.5,305.0,67.28,1.18,0.000000,0.000000,0,1,7.65,0.00
1709649,-0.07,0.07,0.00,-5.87,-4.75,-16.37,2.5,-2.3,303.1,67.28,1.18,0.000000,0.000000,0,1,7.65,0.00
1709955,-0.07,0.01,-0.19,4.06,2.18,-3.18,2.5,-2.5,304.5,67.28,1.20,0.000000,0.000000,0,1,7.65,0.00
1710261,0.07,-0.01,0.15,3.12,7.93,-5.37,1.3,-2.8,306.8,67.28,1.19,0.000000,0.000000,0,1,7.65,0.00
1710873,-0.25,0.02,-0.17,-0.18,-5.75,-4.12,2.7,-2.1,305.3,67.29,1.20,0.000000,0.000000,0,1,7.64,0.00
1711179,-0.07,0.05,0.11,3.06,-0.68,-4.43,3.1,-2.6,305.7,67.29,1.20,0.000000,0.000000,0,1,7.64,0.00
1711485,-0.19,-0.12,-0.07,3.18,2.12,-9.37,3.3,-3.6,305.8,67.30,1.20,0.000000,0.000000,0,1,7.65,0.00
1712097,0.37,0.11,-0.30,-2.37,-0.12,1.87,1.3,-2.8,306.2,67.30,1.18,0.000000,0.000000,0,1,7.65,0.00
1712709,-0.27,-0.03,0.01,0.87,2.50,-2.56,4.0,-3.2,307.8,67.30,1.19,0.000000,0.000000,0,1,7.64,0.00
1713015,0.10,-0.07,-0.02,1.37,10.06,-3.93,2.5,-4.0,309.3,67.30,1.20,0.000000,0.000000,0,1,7.64,0.00
1713627,-0.12,0.02,-0.03,-0.56,-5.12,2.37,3.2,-2.8,309.1,67.31,1.18,0.000000,0.000000,0,1,7.64,0.00
1714239,0.05,0.00,-0.07,2.12,4.81,2.93,2.8,-3.4,309.1,67.31,1.19,0.000000,0.000000,0,1,7.64,0.00
1714545,0.20,-0.01,-0.09,-0.37,0.56,0.00,2.2,-3.5,309.6,67.31,1.18,0.000000,0.000000,0,1,7.65,0.00
1714851,-0.00,0.03,-0.05,-2.31,-3.00,0.68,2.9,-3.1,309.5,67.32,1.18,0.000000,0.000000,0,1,7.65,0.00
1715157,-0.22,0.07,-0.05,-0.75,-2.37,-5.31,3.6,-2.6,309.6,67.32,1.19,0.000000,0.000000,0,1,7.65,0.00
1716075,0.12,-0.01,-0.07,-1.56,-3.12,1.75,2.3,-3.4,312.6,67.32,1.18,0.000000,0.000000,0,1,7.65,0.00
1716381,-0.19,0.01,-0.10,-2.81,-2.37,0.25,3.5,-2.8,313.3,67.33,1.20,0.000000,0.000000,0,1,7.65,0.00
1716687,0.05,0.09,-0.10,1.93,5.50,4.37,2.8,-2.7,312.9,67.33,1.19,0.000000,0.000000,0,1,7.65,0.00
1716993,-0.05,0.01,0.00,3.25,-4.81,-21.00,3.3,-3.3,315.9,67.33,1.19,0.000000,0.000000,0,1,7.65,0.00
1717605,0.55,0.25,0.01,-8.93,0.00,2.62,0.8,-2.4,314.2,67.33,1.18,0.000000,0.000000,0,1,7.65,0.00
1718217,-0.50,-0.18,0.00,9.93,-0.31,-7.87,4.3,-3.1,314.1,67.34,1.20,0.000000,0.000000,0,1,7.65,0.00
1718523,0.03,-0.40,0.07,0.06,11.06,5.56,1.8,-4.7,311.7,67.34,1.19,0.000000,0.000000,0,1,7.64,0.00
1719441,0.05,0.55,-0.07,1.56,-2.68,2.93,1.1,1.0,317.7,67.35,1.17,0.000000,0.000000,0,1,7.65,0.00
1719747,-0.28,-0.50,-0.07,19.87,-5.12,-36.81,1.8,-3.6,321.5,67.35,1.17,0.000000,0.000000,0,1,7.65,0.00
1720053,0.11,-0.47,-0.31,5.56,-1.68,15.18,0.9,-4.9,323.6,67.35,1.17,0.000000,0.000000,0,1,7.65,0.00
1720359,0.27,0.11,0.07,1.81,-7.18,-9.43,1.8,-3.2,321.4,67.35,1.14,0.000000,0.000000,0,1,7.65,0.00
1720971,0.13,0.43,-0.02,-2.31,8.81,7.06,2.9,-1.6,322.1,67.36,1.15,0.000000,0.000000,0,1,7.65,0.00
1721583,-0.10,-0.37,0.05,5.31,-3.37,3.37,3.3,-5.5,322.6,67.36,1.14,0.000000,0.000000,0,1,7.65,0.00
1721889,-0.00,-0.13,-0.05,-4.81,0.18,4.56,3.3,-4.5,321.0,67.36,1.14,0.000000,0.000000,0,1,7.65,0.00
1722195,0.05,0.25,-0.11,-6.56,-0.31,0.06,3.2,-2.5,320.5,67.37,1.14,0.000000,0.000000,0,1,7.65,0.00
1722807,0.00,-0.22,0.02,6.25,5.18,-0.12,3.0,-4.5,321.6,67.37,1.16,0.000000,0.000000,0,1,7.66,0.00
1723113,0.07,-0.23,0.01,-2.00,-3.25,-7.25,2.6,-4.8,321.2,67.37,1.14,0.000000,0.000000,0,1,7.66,0.00
1723419,0.05,0.10,-0.03,-8.06,-2.25,2.62,3.1,-3.1,321.9,67.37,1.14,0.000000,0.000000,0,1,7.66,0.00
1723725,-0.07,0.20,-0.07,-0.25,1.00,-0.12,3.7,-2.3,321.7,67.38,1.14,0.000000,0.000000,0,1,7.66,0.00
1724643,-0.05,-0.01,-0.03,-3.62,-5.31,-3.62,2.9,-3.3,321.7,67.38,1.15,0.000000,0.000000,0,1,7.65,0.00
1724949,-0.11,0.03,-0.09,-0.25,2.43,2.31,3.3,-2.8,323.1,67.38,1.15,0.000000,0.000000,0,1,7.65,0.00
1725561,0.00,-0.02,-0.07,-0.87,-3.81,0.31,2.8,-3.4,323.2,67.39,1.14,0.000000,0.000000,0,1,7.69,0.00
1726173,0.05,-0.03,-0.01,1.25,3.06,3.50,2.6,-3.5,323.5,67.39,1.13,0.000000,0.000000,0,1,7.69,0.00
1726479,0.05,-0.05,0.01,-0.18,-1.31,-1.12,2.5,-3.6,323.6,67.39,1.13,0.000000,0.000000,0,1,7.65,0.00
1726785,0.05,0.05,-0.01,-2.43,-0.87,-0.68,2.7,-3.1,322.8,67.40,1.13,0.000000,0.000000,0,1,7.65,0.00
1727397,0.00,-0.22,0.25,5.68,0.31,-14.43,3.0,-4.5,324.5,67.40,1.13,0.000000,0.000000,0,1,7.65,0.00
1728009,-0.02,0.02,-0.07,0.81,-2.00,-2.25,3.2,-3.3,325.0,67.40,1.13,0.000000,0.000000,0,1,7.65,0.00
1728315,0.07,0.25,0.05,3.37,-2.50,2.68,3.3,-2.5,322.0,67.41,1.13,0.000000,0.000000,0,1,7.65,0.00
1728621,-0.03,-0.18,0.05,7.75,6.25,-1.00,3.3,-4.5,325.3,67.41,1.14,0.000000,0.000000,0,1,7.65,0.00
1728927,0.23,-0.03,-0.05,-6.56,1.06,6.25,2.1,-3.9,323.1,67.41,1.13,0.000000,0.000000,0,1,7.65,0.00
1729539,-0.17,-0.07,-0.19,0.06,0.06,-6.18,3.6,-3.5,325.5,67.42,1.12,0.000000,0.000000,0,1,7.65,0.00
1729845,-0.15,-0.09,-0.11,2.43,2.06,3.31,3.5,-3.6,325.4,67.42,1.12,0.000000,0.000000,0,1,7.65,0.00
1730151,0.02,-0.00,0.22,0.12,-1.31,-22.68,3.1,-3.7,325.8,67.42,1.12,0.000000,0.000000,0,1,7.65,0.00
1730457,0.30,0.15,-0.15,-8.31,11.75,29.12,2.0,-2.9,327.2,67.42,1.13,0.000000,0.000000,0,1,7.65,0.00
1731069,-0.30,-0.40,-0.30,2.62,5.43,22.93,4.0,-5.1,327.8,67.42,1.12,0.000000,0.000000,0,1,7.63,0.00
1731681,-0.05,0.09,-0.20,0.12,-5.31,-7.06,3.3,-3.0,326.8,67.43,1.12,0.000000,0.000000,0,1,7.67,0.00
1731987,0.07,0.15,0.00,2.31,-2.31,-2.56,3.2,-2.8,326.6,67.43,1.12,0.000000,0.000000,0,1,7.67,0.00
1732599,-0.22,-0.20,-0.07,5.87,-7.56,-21.75,4.0,-4.4,325.3,67.43,1.11,0.000000,0.000000,0,1,7.65,0.00
1732905,0.07,-0.07,0.07,-5.37,4.81,9.00,3.2,-4.3,326.8,67.44,1.12,0.000000,0.000000,0,1,7.65,0.00
1733517,-0.15,-0.01,0.01,2.81,-0.25,3.50,4.2,-3.8,328.3,67.44,1.11,0.000000,0.000000,0,1,7.65,0.00
1733823,-0.01,-0.30,-0.07,3.62,-4.37,21.43,6.3,-5.9,324.1,67.44,1.10,0.000000,0.000000,0,1,7.65,0.00
1734435,0.03,-0.03,0.15,-9.18,7.43,-28.37,4.1,-4.0,336.8,67.45,1.13,0.000000,0.000000,0,1,7.65,0.00
1734741,0.54,0.45,0.56,-12.18,1.93,-40.68,1.1,-1.6,345.0,67.45,1.12,0.000000,0.000000,0,1,7.64,0.00
1735353,0.11,-0.05,-0.12,3.81,-5.12,-0.50,2.6,-3.8,348.5,67.45,1.09,0.000000,0.000000,0,1,7.64,0.00
1735659,-0.27,-0.25,0.11,10.37,-4.25,0.62,3.9,-4.5,349.6,67.45,1.09,0.000000,0.000000,0,1,7.64,0.00
1736271,0.19,0.20,-0.15,-7.43,1.06,7.75,2.1,-3.0,355.0,67.46,1.10,0.000000,0.000000,0,1,7.64,0.00
1736577,0.10,0.20,-0.05,1.37,-2.62,-5.81,2.8,-2.9,356.9,67.46,1.09,0.000000,0.000000,0,1,7.64,0.00
1736883,-0.10,-0.05,-0.07,7.18,0.31,8.25,3.5,-4.0,353.5,67.46,1.10,0.000000,0.000000,0,1,7.64,0.00
1737189,-0.36,-0.27,-0.07,6.81,-0.68,19.56,3.1,-4.5,351.6,67.47,1.10,0.000000,0.000000,0,1,7.64,0.00
1738107,-0.15,0.19,-0.37,-3.00,-2.50,-7.93,3.5,-2.3,346.8,67.47,1.10,0.000000,0.000000,0,1,7.64,0.00
1738413,-0.01,0.00,0.02,1.18,8.75,19.93,2.3,-2.8,349.9,67.48,1.10,0.000000,0.000000,0,1,7.64,0.00
1738719,0.28,-0.02,-0.07,2.62,5.25,-22.31,0.9,-3.3,350.0,67.48,1.10,0.000000,0.000000,0,1,7.65,0.00
1739331,-0.10,0.10,-0.00,2.31,-3.81,-22.00,2.7,-2.6,352.0,67.48,1.10,0.000000,0.000000,0,1,7.65,0.00
1739637,-0.03,-0.00,-0.01,-0.81,3.12,30.62,2.5,-3.0,349.6,67.48,1.10,0.000000,0.000000,0,1,7.64,0.00
1739943,0.09,-0.12,-0.00,1.37,1.31,-10.81,1.9,-3.9,352.4,67.49,1.11,0.000000,0.000000,0,1,7.64,0.00
1740555,0.00,0.07,-0.34,-6.62,-0.75,10.18,2.4,-3.0,353.8,67.49,1.11,0.000000,0.000000,0,1,7.64,0.00
1741167,0.13,-0.17,-0.11,3.68,3.18,32.00,1.8,-3.7,349.6,67.49,1.10,0.000000,0.000000,0,1,7.65,0.00
1741473,0.13,-0.11,-0.15,-3.25,1.68,-11.56,1.1,-3.8,349.4,67.50,1.09,0.000000,0.000000,0,1,7.65,0.00
1741779,-0.03,0.05,0.05,-2.43,-5.56,2.00,2.0,-2.6,346.0,67.50,1.09,0.000000,0.000000,0,1,7.64,0.00
1742085,-0.20,0.05,-0.05,6.87,-4.12,-2.62,3.1,-2.8,347.5,67.50,1.09,0.000000,0.000000,0,1,7.64,0.00
1743003,0.02,0.11,-0.13,-0.75,-0.43,5.06,1.6,-2.5,342.1,67.51,1.09,0.000000,0.000000,0,1,7.65,0.00
1743309,0.07,0.01,-0.09,-0.68,-0.68,20.81,1.3,-2.6,337.1,67.51,1.09,0.000000,0.000000,0,1,7.65,0.00
1743921,-0.03,0.10,-0.20,3.75,-1.50,-7.93,0.8,-2.0,336.6,67.51,1.09,0.000000,0.000000,0,1,7.65,0.00
1744227,-0.07,-0.00,-0.13,4.87,-0.43,-6.81,1.1,-2.5,336.9,67.51,1.09,0.000000,0.000000,0,1,7.65,0.00
1744533,-0.07,-0.17,-0.11,3.62,1.18,-8.18,1.4,-3.5,339.5,67.52,1.08,0.000000,0.000000,0,1,7.65,0.00
1744839,0.11,-0.03,-0.07,-1.93,1.18,-5.00,0.8,-3.1,341.3,67.52,1.08,0.000000,0.000000,0,1,7.65,0.00
1745145,0.00,0.11,0.00,-2.93,-1.37,-3.87,1.3,-2.1,343.1,67.52,1.08,0.000000,0.000000,0,1,7.65,0.00
1745451,0.01,-0.05,0.43,11.43,7.93,3.00,0.8,-3.1,343.8,67.52,1.08,0.000000,0.000000,0,1,7.65,0.00
1745757,0.60,-0.45,-0.01,-16.68,22.31,101.93,-4.4,-3.5,322.0,67.53,1.07,0.000000,0.000000,0,1,7.65,0.00
1746063,0.07,-0.05,-0.23,-16.68,-16.56,-4.50,-3.7,0.5,307.8,67.53,1.07,0.000000,0.000000,0,1,7.65,0.00
1746369,-0.63,0.55,-0.30,-1.81,-10.37,2.12,0.6,3.5,306.8,67.53,1.10,0.000000,0.000000,0,1,7.65,0.00
1746981,0.74,-0.50,0.55,-6.00,-1.43,-15.81,-5.8,-2.9,309.6,67.53,1.16,0.000000,0.000000,0,1,7.65,0.00
1747287,-0.01,0.09,0.03,2.56,-15.12,-34.62,-1.9,-0.3,320.3,67.53,1.13,0.000000,0.000000,0,1,7.65,0.00
1747593,-0.15,-0.05,-0.00,0.93,-3.68,9.87,-0.9,-1.0,319.6,67.53,1.12,0.000000,0.000000,0,1,7.65,0.00
1747899,0.19,-0.13,-0.11,4.12,6.62,-11.43,-2.0,-2.1,323.1,67.54,1.13,0.000000,0.000000,0,1,7.65,0.00
1748205,0.19,-0.11,0.17,-3.50,2.68,-13.37,-2.3,-1.8,324.3,67.54,1.12,0.000000,0.000000,0,1,7.65,0.00
1748511,0.01,0.07,0.05,-1.25,-4.75,-0.12,-1.5,-0.8,322.5,67.54,1.11,0.000000,0.000000,0,1,7.65,0.00
1748817,-0.20,-0.03,0.01,2.93,-2.81,-1.56,-0.4,-1.2,323.1,67.54,1.11,0.000000,0.000000,0,1,7.65,0.00
1749123,-0.09,-0.13,-0.05,-0.62,3.81,1.18,-1.0,-1.7,323.0,67.54,1.12,0.000000,0.000000,0,1,7.65,0.00
1749429,0.22,0.03,-0.17,-1.43,2.43,0.43,-2.2,-1.0,322.9,67.55,1.11,0.000000,0.000000,0,1,7.65,0.00
1749735,0.12,0.05,-0.07,1.37,-4.25,2.18,-1.6,-1.0,323.6,67.55,1.10,0.000000,0.000000,0,1,7.65,0.00
1750041,-0.15,-0.09,-0.07,1.93,-2.31,1.06,-0.5,-1.6,323.8,67.55,1.11,0.000000,0.000000,0,1,7.65,0.00
1750653,0.11,0.00,-0.05,-1.31,0.87,2.62,-1.6,-1.2,323.7,67.55,1.11,0.000000,0.000000,0,1,7.65,0.00
1750959,-0.05,0.00,-0.01,-0.25,-2.31,-1.62,-1.0,-1.2,324.2,67.55,1.11,0.000000,0.000000,0,1,7.64,0.00
1751265,-0.00,-0.00,0.00,-1.50,2.81,6.68,-1.0,-1.1,323.5,67.56,1.11,0.000000,0.000000,0,1,7.64,0.00
1751571,0.07,0.03,-0.01,1.37,-2.31,4.18,-1.5,-1.0,321.6,67.56,1.11,0.000000,0.000000,0,1,7.64,0.00
1751877,-0.02,-0.07,0.11,0.50,-0.12,-1.87,-1.0,-1.5,321.1,67.56,1.11,0.000000,0.000000,0,1,7.64,0.00
1752183,-0.15,-0.11,0.03,-2.50,0.25,5.68,-0.6,-1.5,320.9,67.56,1.12,0.000000,0.000000,0,1,7.64,0.00
1752489,0.09,0.05,-0.05,0.18,3.50,4.25,-1.6,-0.8,321.1,67.56,1.12,0.000000,0.000000,0,1,7.64,0.00
1752795,0.12,0.00,-0.05,2.43,-2.12,1.12,-1.8,-1.2,321.8,67.57,1.12,0.000000,0.000000,0,1,7.64,0.00
1753101,-0.13,-0.12,-0.02,-0.31,-2.00,-2.93,-0.8,-1.7,322.0,67.57,1.12,0.000000,0.000000,0,1,7.64,0.00
1753407,-0.12,-0.05,-0.05,-1.93,0.00,-4.25,-0.8,-1.3,322.0,67.57,1.13,0.000000,0.000000,0,1,7.64,0.00
1753713,0.00,0.05,-0.03,-0.56,0.43,0.37,-1.1,-0.9,321.8,67.57,1.14,0.000000,0.000000,0,1,7.64,0.00
1754019,-0.01,0.00,-0.09,1.00,1.25,-0.75,-1.3,-1.1,322.2,67.57,1.14,0.000000,0.000000,0,1,7.64,0.00
1754325,0.15,-0.01,-0.09,0.00,1.87,0.50,-1.8,-1.3,322.8,67.57,1.14,0.000000,0.000000,0,1,7.64,0.00
1754631,0.07,-0.01,-0.07,0.00,-3.00,-0.93,-1.6,-1.3,323.0,67.58,1.13,0.000000,0.000000,0,1,7.64,0.00
1755243,-0.05,-0.05,-0.22,0.31,4.50,-3.18,-1.0,-1.3,323.3,67.58,1.14,0.000000,0.000000,0,1,7.65,0.00
1755549,0.15,0.10,-0.20,3.37,-4.87,-14.00,-1.7,-0.8,325.6,67.58,1.14,0.000000,0.000000,0,1,7.65,0.00
1755855,-0.27,-0.15,-0.25,1.25,-7.68,10.56,0.1,-1.8,326.7,67.58,1.13,0.000000,0.000000,0,1,7.64,0.00
1756161,0.15,-0.03,-0.17,-1.43,7.00,23.56,-1.4,-1.7,327.5,67.58,1.14,0.000000,0.000000,0,1,7.64,0.00
1756467,0.19,0.07,0.07,-4.68,0.37,-8.25,-1.9,-1.1,329.1,67.59,1.15,0.000000,0.000000,0,1,7.64,0.00
1756773,0.17,0.15,-0.07,3.00,-5.50,21.31,-2.0,-0.3,323.6,67.59,1.13,0.000000,0.000000,0,1,7.65,0.00
1757079,-0.15,-0.27,-0.02,2.56,-1.68,10.31,-0.8,-2.2,326.1,67.59,1.14,0.000000,0.000000,0,1,7.65,0.00
1757385,0.11,0.11,0.05,-10.25,5.12,0.37,-1.2,-1.0,325.4,67.59,1.15,0.000000,0.000000,0,1,7.65,0.00
1757691,-0.05,0.11,0.17,4.37,-6.43,-19.93,-0.5,-0.6,325.1,67.59,1.15,0.000000,0.000000,0,1,7.65,0.00
1757997,-0.15,-0.20,-0.05,2.25,4.37,-1.18,-0.3,-2.2,328.2,67.59,1.15,0.000000,0.000000,0,1,7.64,0.00
1758303,0.33,-0.05,-0.15,-3.93,1.75,-4.31,-2.2,-1.9,329.6,67.59,1.15,0.000000,0.000000,0,1,7.64,0.00
1758609,0.10,0.20,-0.15,-4.56,-5.81,5.62,-1.1,-0.5,329.8,67.60,1.14,0.000000,0.000000,0,1,7.64,0.00
1758915,-0.23,0.05,-0.15,3.56,-1.68,2.25,0.2,-1.0,329.5,67.60,1.14,0.000000,0.000000,0,1,7.65,0.00
1759221,-0.02,-0.15,-0.05,2.56,5.31,-0.62,-0.6,-2.1,329.7,67.60,1.15,0.000000,0.000000,0,1,7.65,0.00
1759527,0.25,-0.07,-0.07,-1.43,3.06,-5.25,-2.0,-2.0,330.3,67.60,1.14,0.000000,0.000000,0,1,7.65,0.00
1759833,0.11,0.09,-0.07,-3.37,-6.62,-3.62,-1.1,-1.1,331.6,67.60,1.14,0.000000,0.000000,0,1,7.65,0.00
1760139,-0.33,0.07,-0.11,0.06,-3.56,4.62,0.6,-0.7,330.5,67.61,1.13,0.000000,0.000000,0,1,7.65,0.00
1760445,-0.05,0.00,-0.03,3.68,8.37,3.87,-0.6,-1.5,328.9,67.61,1.14,0.000000,0.000000,0,1,7.65,0.00
1760751,0.35,-0.09,-0.05,1.12,3.43,-4.56,-2.5,-2.1,329.6,67.61,1.14,0.000000,0.000000,0,1,7.65,0.00
1761057,0.03,0.00,0.00,-2.68,-8.31,1.00,-1.0,-1.5,330.1,67.61,1.13,0.000000,0.000000,0,1,7.64,0.00
1761363,-0.25,0.05,-0.07,-1.18,-2.00,0.56,0.3,-0.8,330.3,67.61,1.14,0.000000,0.000000,0,1,7.64,0.00
1761669,-0.05,0.03,0.12,2.25,5.56,4.06,-0.5,-1.1,329.6,67.61,1.14,0.000000,0.000000,0,1,7.64,0.00
1761975,0.36,-0.15,-0.30,7.00,2.31,-16.56,-2.5,-2.2,329.0,67.61,1.14,0.000000,0.000000,0,1,7.65,0.00
1762281,-0.02,0.05,-0.35,-13.31,-1.56,2.50,-0.7,-1.0,333.3,67.61,1.13,0.000000,0.000000,0,1,7.65,0.00
1762587,-0.38,-0.02,-0.20,9.31,-5.25,-27.06,0.6,-1.1,330.5,67.62,1.13,0.000000,0.000000,0,1,7.65,0.00
1762893,0.00,-0.19,-0.23,-5.68,13.43,12.93,-0.7,-2.4,335.0,67.62,1.14,0.000000,0.000000,0,1,7.64,0.00
1763199,0.22,-0.11,-0.18,-1.12,1.31,-16.06,-2.3,-1.8,331.1,67.62,1.13,0.000000,0.000000,0,1,7.64,0.00
1763505,0.15,0.13,-0.05,-4.93,-0.56,6.06,-1.5,-0.8,334.3,67.62,1.14,0.000000,0.000000,0,1,7.64,0.00
1763811,0.10,0.07,-0.05,1.25,-2.31,12.56,-1.2,-0.8,330.7,67.62,1.13,0.000000,0.000000,0,1,7.64,0.00
1764117,-0.20,0.07,-0.10,1.12,-5.37,26.43,0.0,-1.1,325.1,67.63,1.13,0.000000,0.000000,0,1,7.64,0.00
1764423,-0.22,-0.15,0.01,7.81,-1.93,7.31,0.5,-2.5,320.3,67.63,1.13,0.000000,0.000000,0,1,7.64,0.00
1764729,0.05,-0.10,-0.09,-8.18,1.50,-3.50,-0.5,-2.5,323.5,67.63,1.15,0.000000,0.000000,0,1,7.64,0.00
1765035,0.07,0.34,0.07,-3.43,-1.18,18.12,-0.1,-0.6,319.5,67.63,1.13,0.000000,0.000000,0,1,7.65,0.00
1765341,0.00,0.02,0.10,6.06,-1.00,-7.43,-0.1,-1.6,320.6,67.63,1.14,0.000000,0.000000,0,1,7.65,0.00
1765647,-0.05,-0.18,0.03,1.62,1.87,-3.25,-0.1,-2.8,321.4,67.63,1.15,0.000000,0.000000,0,1,7.65,0.00
1765953,0.09,-0.07,-0.07,-5.31,0.25,-12.00,-0.6,-2.1,323.5,67.64,1.14,0.000000,0.000000,0,1,7.65,0.00
1766259,0.03,0.23,-0.00,-4.50,1.00,0.00,-0.4,-0.5,325.3,67.63,1.14,0.000000,0.000000,0,1,7.65,0.00
1766565,-0.00,0.07,-0.07,5.87,-0.25,-0.06,-0.5,-1.0,323.0,67.64,1.14,0.000000,0.000000,0,1,7.65,0.00
1766871,-0.03,-0.25,-0.05,2.93,1.43,2.12,-0.5,-2.6,322.9,67.64,1.15,0.000000,0.000000,0,1,7.64,0.00
1767177,0.05,-0.07,-0.00,-3.93,0.93,-2.43,-0.9,-1.8,321.9,67.64,1.16,0.000000,0.000000,0,1,7.64,0.00
1767483,0.05,0.11,-0.07,-2.37,-0.25,0.12,-0.7,-0.8,321.8,67.64,1.16,0.000000,0.000000,0,1,7.64,0.00
1767789,-0.07,0.03,-0.86,1.00,-1.87,6.37,-0.7,-0.8,321.7,67.64,1.17,0.000000,0.000000,0,1,7.64,0.00
1768095,-0.05,-0.00,-0.33,2.62,1.56,18.12,-1.0,-1.1,319.0,67.65,1.17,0.000000,0.000000,0,1,7.64,0.00
1768401,0.09,-0.07,-0.10,5.31,1.06,13.18,-1.5,-1.6,318.0,67.65,1.18,0.000000,0.000000,0,1,7.64,0.00
1768707,0.18,-0.10,-0.05,-1.68,0.06,12.12,-1.6,-2.0,318.0,67.65,1.19,0.000000,0.000000,0,1,7.64,0.00
1769013,-0.02,0.03,-0.20,-3.62,-4.81,3.75,-0.5,-1.1,315.9,67.65,1.19,0.000000,0.000000,0,1,7.64,0.00
1769319,-0.17,0.10,0.00,2.25,0.87,1.75,-0.0,-0.6,312.8,67.65,1.19,0.000000,0.000000,0,1,7.64,0.00
1769625,0.00,-0.13,-0.11,3.56,2.56,-1.93,-0.9,-1.9,313.0,67.65,1.19,0.000000,0.000000,0,1,7.64,0.00
1769931,0.09,-0.07,-0.20,-5.00,2.81,8.31,-1.5,-1.4,313.6,67.66,1.19,0.000000,0.000000,0,1,7.64,0.00
1770237,0.10,0.19,0.05,0.56,-1.93,4.93,-1.4,-0.2,311.5,67.66,1.19,0.000000,0.000000,0,1,7.64,0.00
1770543,-0.05,-0.07,-0.12,3.06,-0.06,9.81,-1.1,-1.3,308.9,67.66,1.19,0.000000,0.000000,0,1,7.64,0.00
1770849,-0.27,-0.23,0.03,2.68,-6.37,-25.93,-0.1,-1.9,309.4,67.66,1.20,0.000000,0.000000,0,1,7.64,0.00
1771155,0.12,0.18,-0.15,-8.43,10.12,17.25,-1.6,-0.1,310.9,67.66,1.20,0.000000,0.000000,0,1,7.64,0.00
1771461,0.19,0.13,0.00,5.62,-4.37,-22.68,-1.8,-0.6,313.2,67.66,1.20,0.000000,0.000000,0,1,7.64,0.00
1771767,-0.10,-0.22,0.07,6.50,-2.37,3.68,-0.8,-2.1,315.6,67.66,1.20,0.000000,0.000000,0,1,7.64,0.00
1772073,0.05,-0.07,0.10,-2.43,0.37,-10.93,-1.0,-2.1,320.4,67.67,1.20,0.000000,0.000000,0,1,7.65,0.00
1772379,0.31,0.27,-0.07,-9.62,5.12,19.37,-2.1,-0.2,317.6,67.67,1.19,0.000000,0.000000,0,1,7.65,0.00
1772685,0.05,0.13,0.03,7.00,-7.25,-1.00,-1.2,-0.6,314.4,67.67,1.18,0.000000,0.000000,0,1,7.65,0.00
1772991,-0.43,-0.45,0.28,11.56,-6.43,-7.25,0.3,-2.9,314.5,67.67,1.19,0.000000,0.000000,0,1,7.64,0.00
1773297,0.00,-0.01,-0.25,1.43,0.56,34.31,-1.2,-1.1,309.6,67.67,1.19,0.000000,0.000000,0,1,7.64,0.00
1773603,-0.18,-0.05,-0.09,3.68,-4.50,-24.31,-0.4,-1.5,311.5,67.67,1.19,0.000000,0.000000,0,1,7.64,0.00
1773909,-0.09,-0.20,0.10,-0.37,1.93,-12.12,-0.7,-2.3,317.6,67.67,1.21,0.000000,0.000000,0,1,7.65,0.00
1774215,0.49,0.25,-0.11,-9.87,7.62,10.50,-2.6,-0.7,322.3,67.68,1.20,0.000000,0.000000,0,1,7.65,0.00
1774521,0.05,0.11,0.00,5.93,-10.37,-5.75,-0.9,-1.1,322.3,67.68,1.18,0.000000,0.000000,0,1,7.65,0.00
1774827,-0.49,-0.31,0.10,4.62,-4.68,9.93,1.0,-2.8,321.3,67.68,1.19,0.000000,0.000000,0,1,7.65,0.00
1775133,-0.13,-0.05,-0.00,-4.31,2.00,9.68,-0.0,-2.1,320.7,67.68,1.19,0.000000,0.000000,0,1,7.65,0.00
1775439,0.31,0.31,-0.03,-1.37,5.06,-7.56,-1.7,-0.6,319.7,67.68,1.19,0.000000,0.000000,0,1,7.65,0.00
1775745,0.27,0.09,0.05,6.00,-2.00,-7.31,-1.7,-1.3,321.7,67.68,1.18,0.000000,0.000000,0,1,7.65,0.00
1776051,0.01,-0.13,0.11,-1.56,-2.18,0.75,-0.8,-2.3,324.7,67.69,1.17,0.000000,0.000000,0,1,7.64,0.00
1776357,0.01,0.01,-0.20,-0.50,-4.62,-49.06,-0.5,-1.8,330.6,67.69,1.18,0.000000,0.000000,0,1,7.64,0.00
1776663,-0.63,-0.27,-0.15,5.93,-18.93,-52.62,2.3,-2.8,347.4,67.69,1.18,0.000000,0.000000,0,1,7.64,0.00
1776969,-0.11,0.11,0.18,-21.93,14.68,-3.31,-0.1,-0.5,355.8,67.69,1.17,0.000000,0.000000,0,1,7.64,0.00
1777275,0.80,1.29,-1.29,8.87,23.75,15.93,-5.3,6.0,356.1,67.69,1.16,0.000000,0.000000,0,1,7.64,0.00
1777581,1.50,-0.33,-0.13,5.37,15.87,35.62,-12.3,-0.0,345.1,67.69,1.16,0.000000,0.000000,0,1,7.64,0.00
1777887,0.25,-0.18,-0.54,-8.56,-21.43,28.93,-7.5,2.1,337.1,67.70,1.18,0.000000,0.000000,0,1,7.64,0.00
1778193,-0.38,0.15,0.47,8.50,1.37,8.50,-3.4,3.3,335.8,67.70,1.21,0.000000,0.000000,0,1,7.64,0.00
1778499,0.05,0.54,0.40,-16.81,9.68,48.68,-4.9,4.6,323.5,67.70,1.22,0.000000,0.000000,0,1,7.64,0.00
1778805,0.33,0.15,-0.22,-1.31,-10.43,41.43,-7.1,3.3,305.2,67.70,1.20,0.000000,0.000000,0,1,7.64,0.00
1779111,-0.47,0.74,0.23,10.56,-6.18,-7.81,-2.1,5.1,304.2,67.70,1.24,0.000000,0.000000,0,1,7.64,0.00
1779417,-0.23,-0.68,0.54,0.43,6.68,21.43,-4.0,-1.3,294.7,67.70,1.24,0.000000,0.000000,0,1,7.64,0.00
1779723,-0.27,-0.38,-0.95,12.50,-20.31,-13.68,-2.0,-1.3,290.0,67.71,1.22,0.000000,0.000000,0,1,7.64,0.00
1780029,-0.51,-0.18,0.55,-10.37,8.12,30.81,0.1,-0.3,294.8,67.71,1.24,0.000000,0.000000,0,1,7.65,0.00
1780335,-0.46,0.47,0.00,-4.12,-10.93,19.50,-0.7,3.0,278.9,67.71,1.23,0.000000,0.000000,0,1,7.65,0.00
1780641,-0.38,0.00,-0.03,17.06,1.00,6.37,-1.2,0.4,276.8,67.71,1.23,0.000000,0.000000,0,1,7.65,0.00
1780947,0.05,-0.51,0.38,7.31,9.50,-21.43,-3.8,-2.5,280.6,67.71,1.26,0.000000,0.000000,0,1,7.65,0.00
1781253,0.83,0.01,0.03,-7.25,13.31,-6.87,-6.8,-0.5,284.6,67.71,1.24,0.000000,0.000000,0,1,7.64,0.00
1781559,0.34,0.15,-0.05,0.87,-9.00,-22.87,-4.1,0.2,288.2,67.71,1.21,0.000000,0.000000,0,1,7.64,0.00
1781865,-0.37,-0.15,0.00,4.50,-9.25,15.12,-1.3,-0.5,285.9,67.71,1.21,0.000000,0.000000,0,1,7.64,0.00
1782171,-0.37,-0.15,-0.12,-0.56,2.00,2.68,-1.2,-0.5,284.8,67.72,1.22,0.000000,0.000000,0,1,7.67,0.00
1782477,0.30,0.05,-0.03,-1.68,7.37,-1.56,-4.0,0.0,284.4,67.72,1.23,0.000000,0.000000,0,1,7.67,0.00
1782783,0.22,0.05,-0.10,1.68,-4.12,-7.56,-3.8,0.0,286.6,67.72,1.22,0.000000,0.000000,0,1,7.67,0.00
1783089,-0.01,-0.10,-0.05,0.75,-1.06,3.87,-2.8,-0.4,287.6,67.72,1.21,0.000000,0.000000,0,1,7.64,0.00
1783395,0.00,-0.09,-0.05,-0.68,0.25,-3.50,-2.8,-0.3,286.8,67.72,1.20,0.000000,0.000000,0,1,7.64,0.00
1783701,0.00,0.02,-0.02,-1.50,0.50,2.18,-2.8,0.0,287.1,67.72,1.21,0.000000,0.000000,0,1,7.64,0.00
1784007,0.01,0.10,-0.07,0.31,0.81,1.75,-2.8,0.3,286.6,67.73,1.20,0.000000,0.000000,0,1,7.64,0.00
1784313,0.03,-0.02,-0.05,1.68,-0.43,4.00,-2.9,-0.0,286.1,67.73,1.20,0.000000,0.000000,0,1,7.64,0.00
1784619,-0.05,-0.19,0.01,-0.31,5.00,-5.43,-2.8,-0.8,288.5,67.73,1.20,0.000000,0.000000,0,1,7.64,0.00
1784925,0.05,-0.05,0.03,4.12,-8.25,-55.18,-3.0,-0.5,293.6,67.73,1.20,0.000000,0.000000,0,1,7.64,0.00
1785231,-0.49,-0.43,0.00,5.25,-18.87,-35.56,-0.3,-2.3,312.5,67.73,1.20,0.000000,0.000000,0,1,7.63,0.00
1785537,-0.35,0.65,0.27,-27.81,14.06,-16.12,-0.4,3.0,320.4,67.73,1.19,0.000000,0.000000,0,1,7.63,0.00
1785843,0.70,1.29,0.20,0.37,21.56,-11.00,-5.5,6.3,326.2,67.73,1.21,0.000000,0.000000,0,1,7.63,0.00
1786149,0.90,-0.11,-0.27,20.87,11.31,-3.50,-8.3,0.5,329.6,67.73,1.21,0.000000,0.000000,0,1,7.65,0.00
1786455,0.50,-0.60,-0.13,-8.81,-10.18,10.18,-7.2,-0.8,328.0,67.74,1.20,0.000000,0.000000,0,1,7.65,0.00
1786761,-0.98,0.25,0.05,-12.06,-27.06,-6.00,0.0,4.0,325.3,67.74,1.19,0.000000,0.000000,0,1,7.65,0.00
1787067,-0.03,0.07,-0.03,7.68,26.81,24.81,-4.4,2.6,320.6,67.74,1.24,0.000000,0.000000,0,1,7.63,0.00
1787373,0.80,-0.12,0.05,-2.93,8.56,21.37,-8.5,1.2,311.9,67.74,1.24,0.000000,0.000000,0,1,7.63,0.00
1787679,0.00,-0.52,0.15,2.43,-14.43,22.37,-5.0,0.0,306.8,67.74,1.22,0.000000,0.000000,0,1,7.63,0.00
1787985,-0.60,0.33,0.22,-12.18,-9.43,35.00,-1.1,3.7,303.9,67.74,1.22,0.000000,0.000000,0,1,7.63,0.00
1788291,-0.81,0.07,-0.60,-6.43,-7.75,-14.81,-0.8,3.7,304.9,67.75,1.25,0.000000,0.000000,0,1,7.64,0.00
1788597,1.05,0.40,1.60,3.93,54.81,63.87,-10.5,4.0,299.2,67.75,1.28,0.000000,0.000000,0,1,7.64,0.00
1788903,2.09,-0.57,0.00,3.06,-18.81,-4.93,-16.3,-0.4,294.8,67.75,1.26,0.000000,0.000000,0,1,7.64,0.00
1789209,-0.40,-0.09,-0.50,-1.31,-40.00,0.31,-2.1,1.3,299.0,67.75,1.24,0.000000,0.000000,0,1,7.64,0.00
1789515,-1.75,0.25,-0.50,-11.43,-19.56,35.31,5.8,2.5,295.2,67.75,1.26,0.000000,0.000000,0,1,7.64,0.00
1789821,-0.88,0.46,-0.30,4.06,19.12,30.93,1.8,3.1,285.9,67.75,1.28,0.000000,0.000000,0,1,7.64,0.00
1790127,-0.05,-0.76,0.05,30.68,5.12,-26.12,-3.5,-3.0,282.5,67.76,1.29,0.000000,0.000000,0,1,7.64,0.00
1790433,0.05,-0.83,0.18,-5.37,3.00,-32.68,-5.0,-3.4,293.4,67.75,1.29,0.000000,0.000000,0,1,7.64,0.00
1790739,0.83,0.80,0.20,-26.81,6.37,12.87,-6.6,3.7,294.5,67.76,1.26,0.000000,0.000000,0,1,7.64,0.00
1791045,-0.00,0.58,-0.05,3.56,-10.93,-1.62,-2.6,3.1,294.3,67.76,1.25,0.000000,0.000000,0,1,7.64,0.00
1791351,-0.61,-0.19,0.09,11.81,-16.93,14.06,0.2,-0.5,289.4,67.76,1.25,0.000000,0.000000,0,1,7.65,0.00
1791657,-0.75,-0.61,-0.03,2.87,-12.18,2.25,0.5,-2.0,290.3,67.76,1.26,0.000000,0.000000,0,1,7.65,0.00
1791963,-0.51,0.11,0.75,-15.75,11.75,44.12,-0.8,1.5,284.9,67.76,1.26,0.000000,0.000000,0,1,7.65,0.00
1792269,0.35,0.03,0.15,5.06,17.37,-18.00,-6.5,1.8,276.2,67.76,1.25,0.000000,0.000000,0,1,7.64,0.00
1792575,1.46,-0.12,0.15,4.56,30.93,-64.68,-14.3,2.0,283.7,67.77,1.26,0.000000,0.000000,0,1,7.64,0.00
1792881,0.19,0.40,0.05,3.31,-28.50,-51.68,-3.9,3.0,302.1,67.77,1.23,0.000000,0.000000,0,1,7.64,0.00
1793187,-0.41,0.75,-0.31,-16.18,39.43,-95.81,-4.9,7.6,315.0,67.77,1.26,0.000000,0.000000,0,1,7.64,0.00
1793493,0.88,0.50,0.46,-6.00,-19.81,161.06,-11.1,4.8,312.8,67.77,1.29,0.000000,0.000000,0,1,7.64,0.00
1793799,0.15,1.74,-0.50,-23.62,7.37,-13.25,-4.8,9.7,302.8,67.77,1.29,0.000000,0.000000,0,1,7.64,0.00
1794105,-0.11,-0.90,-0.57,42.75,-23.56,73.50,-7.3,1.6,287.8,67.77,1.38,0.000000,0.000000,0,1,7.64,0.00
1794411,1.50,-1.35,-0.36,45.50,-9.12,-167.93,-11.4,-5.3,303.6,67.77,1.50,0.000000,0.000000,0,1,7.64,0.00
1794717,1.61,0.05,-0.37,-15.06,-13.56,-63.75,-7.2,-2.8,330.2,67.78,1.55,0.000000,0.000000,0,1,7.64,0.00
1795023,0.70,-0.20,0.50,27.31,-19.00,-33.18,-2.3,-4.3,350.9,67.77,1.56,0.000000,0.000000,0,1,7.64,0.00
1795329,-0.07,-0.61,-0.55,-8.37,-5.75,-75.18,1.9,-6.5,0.0,67.78,1.52,0.000000,0.000000,0,1,7.64,0.00
1795635,0.85,0.58,2.01,-26.56,3.56,-43.43,-0.3,-1.4,17.9,67.78,1.53,0.000000,0.000000,0,1,7.64,0.00
1795941,0.49,0.52,-1.54,3.87,7.43,-25.56,-0.5,-0.3,36.3,67.78,1.51,0.000000,0.000000,0,1,7.64,0.00
1796247,0.22,0.36,0.15,5.93,-12.81,-0.68,2.1,-1.1,31.0,67.78,1.47,0.000000,0.000000,0,1,7.64,0.00
1796553,0.07,0.45,0.70,1.93,-1.81,-20.68,5.4,-2.5,39.8,67.78,1.48,0.000000,0.000000,0,1,7.64,0.00
1796859,0.50,0.20,0.34,-6.12,17.18,19.56,3.0,-3.8,36.6,67.79,1.47,0.000000,0.000000,0,1,7.64,0.00
1797165,0.25,0.05,-0.41,8.50,-8.87,-21.37,2.9,-3.8,34.7,67.79,1.46,0.000000,0.000000,0,1,7.64,0.00
1797471,0.20,-0.45,0.61,5.43,1.06,-33.50,3.9,-7.9,46.2,67.79,1.46,0.000000,0.000000,0,1,7.64,0.00
1797777,0.05,-0.27,-0.15,-21.50,9.87,12.06,4.5,-5.8,43.3,67.79,1.44,0.000000,0.000000,0,1,7.64,0.00
1798083,0.23,1.25,-0.05,-21.25,1.25,24.31,3.1,2.1,38.1,67.79,1.44,0.000000,0.000000,0,1,7.64,0.00
1798389,0.15,0.02,-0.05,36.50,0.81,-3.81,3.5,-4.0,36.0,67.79,1.46,0.000000,0.000000,0,1,7.64,0.00
1798695,-0.40,-1.01,0.22,1.18,-9.18,7.62,6.4,-10.1,29.9,67.79,1.46,0.000000,0.000000,0,1,7.64,0.00
1799001,-0.07,0.15,0.11,-14.37,8.25,26.56,5.7,-4.4,24.6,67.80,1.48,0.000000,0.000000,0,1,7.64,0.00
1799307,0.22,0.25,-0.20,2.62,4.62,1.81,3.6,-3.2,20.7,67.80,1.50,0.000000,0.000000,0,1,7.64,0.00
1799613,0.07,-0.37,0.07,13.81,-2.37,-4.31,3.8,-6.6,22.0,67.80,1.51,0.000000,0.000000,0,1,7.64,0.00
1799919,-0.20,-0.45,0.02,-1.87,-6.87,7.75,4.9,-6.7,20.6,67.80,1.50,0.000000,0.000000,0,1,7.64,0.00
1800225,-0.11,0.12,0.12,-11.25,-2.43,8.00,5.2,-4.1,21.0,67.80,1.49,0.000000,0.000000,0,1,7.64,0.00
1800531,0.07,0.15,-0.10,3.50,5.31,6.31,4.1,-3.6,18.5,67.80,1.49,0.000000,0.000000,0,1,7.64,0.00
1800837,0.05,-0.01,-0.07,1.87,-0.68,0.37,3.9,-4.5,18.1,67.81,1.49,0.000000,0.000000,0,1,7.64,0.00
1801143,-0.07,-0.07,-0.11,0.12,-2.00,5.00,4.3,-4.5,15.8,67.81,1.48,0.000000,0.000000,0,1,7.64,0.00
1801449,-0.05,-0.01,0.00,2.06,3.81,3.87,4.1,-4.3,15.6,67.81,1.48,0.000000,0.000000,0,1,7.64,0.00
1801755,0.05,-0.11,-0.10,1.43,1.68,2.06,3.2,-4.8,14.0,67.81,1.48,0.000000,0.000000,0,1,7.64,0.00
1802061,-0.01,-0.01,0.00,-2.06,-2.18,0.31,3.6,-4.3,13.3,67.81,1.48,0.000000,0.000000,0,1,7.64,0.00
1802367,0.07,0.17,0.20,-0.56,1.56,5.25,3.7,-3.8,14.0,67.81,1.48,0.000000,0.000000,0,1,7.64,0.00
1802673,-0.05,0.00,-0.19,-0.87,-2.50,2.75,3.8,-4.0,10.3,67.82,1.46,0.000000,0.000000,0,1,7.64,0.00
1802979,-0.07,0.03,0.09,2.43,0.12,3.31,4.3,-4.0,11.5,67.82,1.47,0.000000,0.000000,0,1,7.64,0.00
1803285,-0.11,-0.00,-0.09,0.87,1.62,-6.00,4.2,-4.3,11.1,67.82,1.47,0.000000,0.000000,0,1,7.64,0.00
1803591,0.00,-0.05,-0.09,0.87,1.87,1.25,3.6,-4.5,11.3,67.82,1.48,0.000000,0.000000,0,1,7.64,0.00
1803897,0.05,0.03,0.20,-0.18,-0.25,2.00,3.6,-4.1,11.1,67.82,1.48,0.000000,0.000000,0,1,7.64,0.00
1804203,-0.15,-0.15,-0.27,1.31,2.81,-2.56,4.0,-4.3,10.0,67.82,1.48,0.000000,0.000000,0,1,7.64,0.00
1804509,-0.15,0.02,-0.38,-2.56,0.81,-1.81,4.0,-3.7,9.1,67.82,1.48,0.000000,0.000000,0,1,7.64,0.00
1804815,0.00,-0.11,-0.17,1.25,0.68,13.31,3.3,-4.4,8.2,67.83,1.48,0.000000,0.000000,0,1,7.64,0.00
1805121,-0.03,0.15,-0.19,0.62,-0.37,-13.06,4.1,-3.6,11.6,67.83,1.49,0.000000,0.000000,0,1,7.64,0.00
1805427,0.18,-0.11,-0.55,-1.62,4.81,19.50,3.0,-4.3,7.2,67.83,1.48,0.000000,0.000000,0,1,7.64,0.00
1805733,0.00,-0.07,0.18,10.06,-1.68,8.12,3.9,-4.8,5.3,67.83,1.47,0.000000,0.000000,0,1,7.64,0.00
1806039,0.07,0.17,0.17,-8.31,1.56,3.68,3.8,-3.8,3.3,67.83,1.48,0.000000,0.000000,0,1,7.64,0.00
1806345,-0.15,0.17,-0.12,4.25,-0.62,6.37,4.3,-3.1,1.0,67.83,1.47,0.000000,0.000000,0,1,7.64,0.00
1806651,-0.07,-0.18,0.00,7.12,2.37,1.12,3.8,-5.0,0.8,67.84,1.48,0.000000,0.000000,0,1,7.64,0.00
1806957,0.09,-0.17,-0.05,-5.18,2.43,4.37,3.0,-4.9,359.6,67.84,1.47,0.000000,0.000000,0,1,7.64,0.00
1807263,0.05,0.13,-0.15,-2.25,-2.37,7.37,3.3,-3.4,358.7,67.84,1.46,0.000000,0.000000,0,1,7.64,0.00
1807569,-0.13,0.07,-0.00,2.93,-3.31,-0.37,4.1,-3.6,357.8,67.84,1.47,0.000000,0.000000,0,1,7.64,0.00
1807875,-0.15,-0.05,-0.05,1.93,2.37,-2.00,4.3,-4.3,358.0,67.84,1.48,0.000000,0.000000,0,1,7.64,0.00
1808181,0.07,-0.05,-0.09,-1.37,4.12,-1.75,3.1,-4.5,358.5,67.84,1.48,0.000000,0.000000,0,1,7.64,0.00
1808487,0.13,-0.01,-0.12,0.06,-1.56,4.75,2.7,-4.3,357.9,67.84,1.47,0.000000,0.000000,0,1,7.64,0.00
1808793,-0.10,-0.00,0.05,1.37,-3.50,3.43,4.0,-4.3,357.5,67.84,1.47,0.000000,0.000000,0,1,7.64,0.00
1809099,-0.13,-0.05,-0.15,-2.18,1.56,1.18,4.1,-4.3,356.1,67.85,1.46,0.000000,0.000000,0,1,7.64,0.00
1809405,0.09,0.10,-0.03,0.25,2.00,1.31,3.3,-3.8,356.6,67.85,1.48,0.000000,0.000000,0,1,7.64,0.00
1809711,0.00,-0.01,-0.05,1.56,-3.43,-0.75,3.5,-4.1,356.5,67.85,1.47,0.000000,0.000000,0,1,7.64,0.00
1810017,-0.22,-0.03,-0.05,-0.43,-1.00,-0.75,4.4,-4.3,357.0,67.85,1.46,0.000000,0.000000,0,1,7.64,0.00
1810323,-0.09,-0.05,0.00,2.00,2.81,7.56,4.0,-4.5,356.5,67.85,1.47,0.000000,0.000000,0,1,7.64,0.00
1810629,-0.03,-0.27,-0.15,5.18,7.37,2.68,3.1,-5.1,354.1,67.86,1.48,0.000000,0.000000,0,1,7.64,0.00
1810935,0.46,-0.43,-0.35,-4.93,8.31,11.43,0.3,-5.8,352.2,67.86,1.47,0.000000,0.000000,0,1,7.64,0.00
1811241,0.40,0.54,-0.17,-18.12,-4.81,-23.68,1.0,-1.1,354.9,67.86,1.47,0.000000,0.000000,0,1,7.64,0.00
1811547,-0.13,0.31,-0.15,9.18,-2.50,12.93,3.1,-1.6,352.7,67.86,1.46,0.000000,0.000000,0,1,7.64,0.00
1811853,-0.22,-0.37,-0.05,10.62,0.18,-3.43,3.3,-5.2,351.7,67.86,1.47,0.000000,0.000000,0,1,7.64,0.00
1812159,-0.44,-0.95,1.07,14.06,-5.06,-18.68,3.6,-8.1,351.3,67.87,1.47,0.000000,0.000000,0,1,7.64,0.00
1812465,-0.35,-1.47,-0.75,-0.31,7.12,-13.81,1.7,-10.9,359.6,67.86,1.47,0.000000,0.000000,0,1,7.63,0.00
1812771,-0.25,-1.00,2.27,-35.00,3.50,-6.56,0.3,-7.6,2.9,67.87,1.48,0.000000,0.000000,0,1,7.63,0.00
1813077,0.56,0.19,-1.26,7.50,10.06,-23.12,-4.3,-0.4,11.5,67.87,1.53,0.000000,0.000000,0,1,7.63,0.00
1813383,0.80,1.00,0.36,-23.62,-11.81,39.37,-5.1,4.0,6.3,67.87,1.56,0.000000,0.000000,0,1,7.63,0.00
1813689,-0.55,0.86,-1.91,7.25,-2.37,1.68,1.3,3.5,1.3,67.87,1.60,0.000000,0.000000,0,1,7.63,0.00
1813995,-0.27,0.25,1.47,-19.00,52.18,30.00,-2.1,1.5,349.6,67.87,1.68,0.000000,0.000000,0,1,7.63,0.00
1814301,1.70,1.26,-1.37,-28.68,16.43,-9.06,-12.3,7.6,344.5,67.87,1.76,0.000000,0.000000,0,1,7.63,0.00
1814607,-0.11,1.66,-0.20,10.56,-21.87,-21.25,-3.1,9.3,349.6,67.88,1.81,0.000000,0.000000,0,1,7.63,0.00
1814913,-1.23,-0.79,1.21,59.81,-16.00,2.00,1.1,-2.8,347.5,67.88,1.88,0.000000,0.000000,0,1,7.63,0.00
1815219,-0.22,-1.74,0.00,-26.50,30.00,21.50,-2.5,-8.4,345.1,67.88,1.92,0.000000,0.000000,0,1,7.63,0.00
1815525,1.25,0.85,0.68,-30.18,17.62,-6.06,-11.1,4.9,343.3,67.88,1.97,0.000000,0.000000,0,1,7.63,0.00
1815831,0.41,1.02,-0.37,9.00,-16.81,4.81,-6.4,5.8,343.9,67.88,2.01,0.000000,0.000000,0,1,7.63,0.00
1816137,-1.07,-0.43,0.00,14.93,-44.25,93.37,1.0,-2.1,326.3,67.88,2.03,0.000000,0.000000,0,1,7.63,0.00
1816443,-0.69,-0.07,-0.25,4.43,-1.37,18.81,-1.0,-0.3,308.2,67.89,2.09,0.000000,0.000000,0,1,7.64,0.00
1816749,-0.51,-0.34,-0.23,10.00,-6.56,-42.62,-1.6,-2.1,318.4,67.89,2.15,0.000000,0.000000,0,1,7.64,0.00
1817055,0.13,-0.15,0.00,-5.75,13.37,5.87,-4.5,-1.3,320.8,67.89,2.15,0.000000,0.000000,0,1,7.64,0.00
1817361,0.20,-0.05,0.07,-0.25,-9.00,0.81,-4.7,-0.8,320.5,67.89,2.14,0.000000,0.000000,0,1,7.64,0.00
1817667,-0.30,-0.03,0.00,1.87,-5.75,8.12,-2.3,-0.8,321.8,67.89,2.16,0.000000,0.000000,0,1,7.64,0.00
1817973,-0.28,-0.37,0.02,13.75,1.68,-11.68,-2.5,-2.2,319.5,67.89,2.15,0.000000,0.000000,0,1,7.64,0.00
1818279,0.40,-0.11,0.07,-9.31,8.12,-31.93,-5.6,-1.1,327.1,67.89,2.17,0.000000,0.000000,0,1,7.64,0.00
1818585,0.22,0.30,-0.11,-4.81,1.00,10.62,-5.9,1.6,330.0,67.89,2.15,0.000000,0.000000,0,1,7.64,0.00
1818891,0.00,0.12,-0.35,-6.62,-1.62,33.00,-5.4,1.5,322.7,67.90,2.15,0.000000,0.000000,0,1,7.64,0.00
1819197,-0.25,0.00,-0.20,4.68,-16.87,25.68,-3.6,0.6,314.5,67.90,2.22,0.000000,0.000000,0,1,7.64,0.00
1819503,-0.70,-0.55,1.11,10.68,-0.18,-3.06,-2.1,-2.4,313.1,67.90,2.25,0.000000,0.000000,0,1,7.65,0.00
1819809,-0.07,-0.45,0.07,-7.87,24.93,24.43,-5.3,-2.4,313.5,67.90,2.33,0.000000,0.000000,0,1,7.65,0.00
1820115,0.80,-0.12,0.45,-32.18,2.56,201.75,-9.5,-2.3,278.8,67.90,2.30,0.000000,0.000000,0,1,7.65,0.00
1820421,1.16,0.56,-0.05,-43.87,5.06,-49.50,-10.6,2.4,243.5,67.90,2.28,0.000000,0.000000,0,1,7.64,0.00
1820727,0.12,0.97,-0.30,40.18,-16.12,-28.12,-1.6,3.5,272.8,67.90,2.36,0.000000,0.000000,0,1,7.64,0.00
1821033,-0.20,-0.85,0.76,0.12,24.56,65.43,-2.0,-7.6,272.0,67.91,2.35,0.000000,0.000000,0,1,7.64,0.00
1821339,0.81,-0.88,-2.46,-10.75,26.87,99.93,-2.3,-8.9,230.0,67.91,2.27,0.000000,0.000000,0,1,7.64,0.00
1821645,-1.45,-0.50,1.36,-16.12,-71.43,-215.87,6.4,-5.8,265.2,67.91,2.36,0.000000,0.000000,0,1,7.64,0.00
1821951,-0.68,-0.03,-0.28,-35.43,50.93,47.25,2.6,-2.7,293.5,67.91,2.37,0.000000,0.000000,0,1,7.64,0.00
1822257,1.10,1.14,0.51,1.50,27.18,-25.87,-9.4,4.3,287.3,67.91,2.32,0.000000,0.000000,0,1,7.64,0.00
1822563,1.02,0.41,0.23,16.75,-14.87,-53.12,-10.0,3.7,304.6,67.91,2.32,0.000000,0.000000,0,1,7.64,0.00
1822869,-0.58,-0.55,2.21,12.06,-25.00,23.00,-2.5,-1.8,307.3,67.91,2.29,0.000000,0.000000,0,1,7.64,0.00
1823175,-1.48,-1.16,1.25,36.06,1.50,16.62,1.5,-2.8,301.6,67.92,2.29,0.000000,0.000000,0,1,7.64,0.00
1823481,-0.22,0.00,1.65,-38.43,-1.31,-8.00,-1.5,0.3,301.7,67.92,2.32,0.000000,0.000000,0,1,7.64,0.00
1823787,0.22,-0.98,0.55,-19.18,23.87,-12.81,-5.2,-1.9,302.9,67.92,2.41,0.000000,0.000000,0,1,7.64,0.00
1824093,-0.13,0.12,2.07,29.25,13.87,-3.18,-4.8,2.7,305.3,67.92,2.53,0.000000,0.000000,0,1,7.64,0.00
1824399,0.27,0.86,2.59,-22.00,-22.56,-7.75,-6.6,5.8,308.5,67.92,2.70,0.000000,0.000000,0,1,7.63,0.00
1824705,1.02,0.11,1.78,-11.68,1.37,-5.06,-9.8,3.0,310.5,67.92,3.11,0.000000,0.000000,0,1,7.63,0.00
1825011,-0.49,0.52,2.05,29.75,22.43,5.87,-7.0,3.2,309.0,67.93,3.63,0.000000,0.000000,0,1,7.63,0.00
1825317,0.00,0.30,1.88,3.18,-18.37,12.56,-3.6,3.8,306.1,67.93,4.11,0.000000,0.000000,0,1,7.63,0.00
1825623,0.15,-0.31,1.21,-7.12,-29.93,15.50,-4.5,-0.6,302.2,67.93,4.70,0.000000,0.000000,0,1,7.64,0.00
1825929,-0.95,-1.07,0.86,15.93,10.43,17.62,-3.0,-1.5,297.7,67.93,5.42,0.000000,0.000000,0,1,7.64,0.00
1826235,-0.70,1.02,-0.11,0.93,-2.56,23.06,-0.0,1.5,292.3,67.93,6.35,0.000000,0.000000,0,1,7.64,0.00
1826541,-0.47,-0.66,0.43,-36.50,-7.18,20.75,-1.6,-0.8,285.5,67.94,7.41,0.000000,0.000000,0,1,7.63,0.00
1826847,-0.15,-0.47,-0.05,28.68,9.50,35.00,-2.7,-1.0,277.1,67.94,8.53,0.000000,0.000000,0,1,7.63,0.00
1827153,0.00,0.75,-0.15,7.50,0.68,46.12,-3.0,3.0,267.2,67.94,9.75,0.000000,0.000000,0,1,7.63,0.00
1827459,-0.01,-0.50,0.45,-39.93,3.68,42.50,-4.7,-0.7,252.6,67.94,11.08,0.000000,0.000000,0,1,7.63,0.00
1827765,-0.60,-1.19,-0.00,27.68,-7.81,60.68,-3.1,-2.7,236.1,67.94,12.44,0.000000,0.000000,0,1,7.63,0.00
1828071,-0.05,-0.01,-0.55,-12.00,-3.12,49.31,-4.7,0.8,222.1,67.94,13.83,0.000000,0.000000,0,1,7.63,0.00
1828377,-0.05,-0.27,-0.40,-27.18,27.18,31.87,-3.3,-0.9,207.5,67.94,15.24,0.000000,0.000000,0,1,7.63,0.00
1828683,-0.95,-0.03,-0.23,14.50,-20.00,45.56,-1.8,-0.0,195.8,67.94,16.64,0.000000,0.000000,0,3,7.64,0.00
1828989,0.55,0.70,-0.20,-9.43,-8.31,32.68,-6.0,2.5,186.7,67.95,18.08,0.000000,0.000000,0,3,7.64,0.00
1829295,0.61,0.13,0.12,-5.56,35.50,14.93,-4.6,1.2,177.0,67.95,19.42,0.000000,0.000000,0,3,7.64,0.00
1829601,-1.11,0.38,-0.00,4.43,-16.75,37.81,-1.9,1.1,166.8,67.95,20.77,0.000000,0.000000,0,3,7.64,0.00
1829907,0.68,0.33,0.25,-3.75,-24.12,28.12,-5.9,1.0,160.4,67.95,22.18,0.000000,0.000000,0,3,7.64,0.00
1830213,-0.15,0.02,0.95,7.12,41.43,0.87,-4.5,0.6,155.5,67.95,23.68,0.000000,0.000000,0,3,7.64,0.00
1830519,-1.28,-0.01,-0.70,-3.56,-9.75,6.37,-0.3,2.2,152.6,67.96,25.14,0.000000,0.000000,0,3,7.64,0.00
1830825,-0.12,0.19,0.45,-4.56,-26.00,4.00,-4.5,0.7,153.0,67.96,26.57,0.000000,0.000000,0,3,7.64,0.00
1831131,0.46,0.00,-0.17,9.00,34.87,-11.87,-4.1,1.8,154.0,67.96,27.98,0.000000,0.000000,0,3,7.64,0.00
1831437,-1.21,0.20,-0.40,-12.43,-5.93,-11.81,-1.0,2.3,156.0,67.96,29.42,0.000000,0.000000,0,3,7.64,0.00
1831743,0.31,0.05,0.18,-1.50,-28.18,-4.43,-5.2,0.8,160.6,67.96,30.84,0.000000,0.000000,0,3,7.64,0.00
1832049,0.05,0.15,-0.43,12.18,29.06,-16.25,-5.8,1.7,164.3,67.96,32.30,0.000000,0.000000,0,3,7.64,0.00
1832355,-0.66,0.33,-0.37,-5.12,4.00,-27.18,-1.2,2.3,168.8,67.97,33.81,0.000000,0.000000,0,3,7.64,0.00
1832661,0.11,-0.10,-0.11,8.37,-27.81,-34.06,-5.6,1.0,179.3,67.97,35.43,0.000000,0.000000,0,3,7.63,0.00
1832967,-0.02,0.90,0.18,-0.31,34.81,-54.81,-5.6,1.8,192.4,67.97,36.89,0.000000,0.000000,0,3,7.63,0.00
1833273,-0.36,-0.11,-0.37,4.37,-11.12,-50.37,-3.2,0.8,206.6,67.97,38.30,0.000000,0.000000,0,3,7.63,0.00
1833579,0.18,-0.30,-0.00,16.93,-13.00,-49.75,-6.6,2.3,224.3,67.97,39.70,0.000000,0.000000,0,3,7.64,0.00
1833885,0.27,0.41,0.02,-14.56,17.06,-69.12,-5.0,3.1,240.8,67.97,41.14,0.000000,0.000000,0,3,7.64,0.00
1834191,0.02,-0.22,-0.22,-1.56,-10.81,-52.93,-4.6,0.8,258.6,67.97,42.68,0.000000,0.000000,0,3,7.64,0.00
1834497,0.34,0.44,0.31,19.25,11.43,-50.87,-4.9,3.4,274.5,67.98,44.15,0.000000,0.000000,0,3,7.64,0.00
1834803,0.00,0.25,-0.25,-17.12,-2.06,-42.25,-3.4,2.4,288.0,67.98,45.60,0.000000,0.000000,0,3,7.64,0.00
1835109,0.28,-0.50,0.22,7.06,-6.31,-22.87,-4.0,-0.3,297.2,67.98,47.08,0.000000,0.000000,0,3,7.64,0.00
1835415,-0.20,0.20,-0.02,16.18,11.50,-7.25,-3.1,1.0,301.6,67.98,48.45,0.000000,0.000000,0,3,7.64,0.00
1835721,0.02,-0.22,0.30,-21.37,-8.31,-2.62,-3.1,0.1,302.6,67.98,49.97,0.000000,0.000000,0,3,7.64,0.00
1836027,0.37,-0.50,-0.20,6.81,4.18,21.43,-3.9,-1.1,299.6,67.98,51.36,0.000000,0.000000,0,3,7.64,0.00
1836333,-0.12,0.22,-0.07,2.50,2.81,33.87,-3.0,1.3,291.6,67.99,52.83,0.000000,0.000000,0,3,7.64,0.00
1836639,-0.05,-0.20,0.22,-23.56,-2.37,36.81,-3.7,1.0,280.0,67.99,54.33,0.000000,0.000000,0,3,7.64,0.00
1836945,-0.02,-0.20,0.05,4.50,-0.43,43.31,-3.9,0.5,267.6,67.99,55.79,0.000000,0.000000,0,3,7.64,0.00
1837251,0.43,0.58,-0.19,4.81,-7.43,52.68,-4.9,3.0,254.8,67.99,57.21,0.000000,0.000000,0,3,7.64,0.00
1837557,0.22,0.13,-0.43,-23.93,11.56,44.93,-5.2,1.9,240.0,67.99,58.59,0.000000,0.000000,0,3,7.63,0.00
1837863,-0.15,0.10,-0.54,8.68,-5.68,48.37,-3.8,0.8,224.8,67.99,60.01,0.000000,0.000000,0,3,7.63,0.00
1838169,0.35,0.40,0.30,1.93,-9.06,41.75,-5.6,2.8,213.9,68.00,61.50,0.000000,0.000000,0,3,7.63,0.00
1838475,-0.37,-0.11,0.46,-10.56,17.93,23.31,-5.1,1.7,203.0,68.00,62.91,0.000000,0.000000,0,3,7.63,0.00
1838781,-0.63,-0.20,-0.07,4.37,-1.75,17.93,-3.0,1.4,195.4,68.00,64.35,0.000000,0.000000,0,3,7.63,0.00
1839087,0.07,0.01,-0.11,-7.43,-13.68,8.75,-5.3,2.5,193.1,68.00,65.83,0.000000,0.000000,0,3,7.63,0.00
1839393,0.15,-0.02,-0.07,-6.25,19.62,-11.12,-5.6,1.4,192.8,68.00,67.25,0.000000,0.000000,0,3,7.63,0.00
1839699,-0.75,0.19,-0.15,11.93,0.56,-1.06,-3.6,1.9,192.8,68.00,68.66,0.000000,0.000000,0,3,7.64,0.00
1840005,-0.07,0.33,0.05,-4.06,-17.75,0.50,-5.3,2.6,195.2,68.01,70.05,0.000000,0.000000,0,3,7.64,0.00
1840311,0.07,0.00,-0.58,-4.18,6.06,0.93,-5.8,1.6,195.2,68.01,71.44,0.000000,0.000000,0,3,7.64,0.00
1840617,0.10,0.09,-0.18,13.00,5.62,4.75,-4.1,1.3,193.1,68.01,72.80,0.000000,0.000000,0,3,7.63,0.00
1840923,-0.11,0.38,0.03,6.31,-20.75,6.56,-4.6,1.3,191.9,68.01,74.20,0.000000,0.000000,0,3,7.63,0.00
1841229,0.15,-0.27,0.34,-5.81,12.00,-6.81,-5.9,-0.0,192.3,68.01,75.74,0.000000,0.000000,0,3,7.63,0.00
1841535,-0.41,-0.51,-0.07,4.31,11.87,-18.31,-4.0,0.3,194.5,68.01,77.23,0.000000,0.000000,0,3,7.63,0.00
1842147,0.57,0.27,0.02,2.06,3.56,-34.12,-6.3,1.5,210.8,68.01,80.14,0.000000,0.000000,0,3,7.64,0.00
1842453,-0.13,0.25,-0.09,1.93,13.37,-42.06,-4.6,2.2,222.1,68.02,81.58,0.000000,0.000000,0,3,7.64,0.00
1842759,0.07,0.27,0.34,3.93,-12.00,-24.12,-3.3,2.5,231.5,68.02,82.97,0.000000,0.000000,0,3,7.63,0.00
1843065,-0.20,0.56,-0.30,9.06,-3.12,-17.06,-3.6,3.9,239.2,68.02,84.39,0.000000,0.000000,0,3,7.63,0.00
1843371,-0.67,0.44,-0.18,-6.12,8.12,-11.62,-2.5,2.1,242.8,68.02,85.79,0.000000,0.000000,0,3,7.63,0.00
1843677,-0.30,0.31,0.02,17.87,-5.06,5.87,-2.6,-0.8,243.0,68.02,87.19,0.000000,0.000000,0,3,7.64,0.00
1843983,0.27,-0.07,0.30,14.43,-2.68,24.43,-4.3,-1.2,240.3,68.02,88.55,0.000000,0.000000,0,3,7.64,0.00
1844289,0.00,-0.58,0.36,-9.25,21.25,33.93,-4.1,-2.3,230.9,68.03,89.91,0.000000,0.000000,0,3,7.64,0.00
1844595,-0.37,-0.81,0.22,-4.87,-0.50,59.50,-2.0,-4.0,216.0,68.03,91.26,0.000000,0.000000,0,3,7.63,0.00
1844901,-0.40,-1.03,-0.02,-3.06,-17.18,79.75,-2.2,-4.1,195.1,68.03,92.71,0.000000,0.000000,0,3,7.63,0.00
1845207,-0.11,-0.50,-0.07,3.31,11.31,75.31,-2.4,-2.6,172.2,68.03,94.20,0.000000,0.000000,0,3,7.63,0.00
1845513,-0.13,0.20,-0.00,-1.75,15.37,73.12,-1.7,-0.2,149.0,68.03,95.66,0.000000,0.000000,0,3,7.63,0.00
1845819,0.07,-0.63,-0.47,-26.31,-1.68,82.68,-3.1,-0.7,126.3,68.03,97.17,0.000000,0.000000,0,3,7.64,0.00
1846431,0.50,0.54,-0.11,7.31,-3.68,69.75,-4.0,0.6,79.9,68.03,100.37,0.000000,0.000000,0,3,7.64,0.00
1846737,0.11,-0.18,0.02,-25.06,9.06,50.31,-3.7,0.9,62.3,68.04,101.86,0.000000,0.000000,0,3,7.63,0.00
1847043,-0.15,0.20,0.61,-0.56,-3.81,38.06,-3.6,1.6,48.2,68.04,103.31,0.000000,0.000000,0,3,7.63,0.00
1847349,0.41,0.81,-0.02,-2.87,-8.37,28.06,-5.7,4.3,39.8,68.04,104.73,0.000000,0.000000,0,3,7.63,0.00
1847655,0.19,0.60,-0.47,-15.62,12.37,4.87,-5.5,4.6,34.3,68.04,106.12,0.000000,0.000000,0,3,7.64,0.00
1847961,-0.20,0.50,-0.28,5.12,0.12,-2.62,-4.1,4.3,32.1,68.04,107.57,0.000000,0.000000,0,3,7.64,0.00
1848267,0.25,1.00,-0.70,8.12,-11.43,-4.56,-5.0,5.5,33.5,68.04,109.00,0.000000,0.000000,0,3,7.64,0.00
1848573,0.00,0.63,0.09,-5.18,9.93,-21.68,-4.9,4.6,37.0,68.05,110.44,0.000000,0.000000,0,3,7.64,0.00
1848879,-0.30,0.07,0.05,3.18,-0.56,-26.62,-2.7,2.4,43.0,68.05,111.91,0.000000,0.000000,0,3,7.67,0.00
1849185,-0.20,0.00,0.20,15.31,-8.56,-27.62,-3.3,2.3,52.3,68.05,113.35,0.000000,0.000000,0,3,7.67,0.00
1849491,0.11,0.41,0.36,-0.50,3.25,-42.25,-3.5,1.3,63.3,68.05,114.74,0.000000,0.000000,0,3,7.67,0.00
1849797,-0.38,-0.50,0.43,-3.50,7.87,-56.75,-3.4,-0.0,76.3,68.05,116.16,0.000000,0.000000,0,3,7.63,0.00
1850103,-0.25,-0.11,0.00,11.18,1.56,-45.75,-4.6,0.4,92.8,68.05,117.56,0.000000,0.000000,0,3,7.63,0.00
1850715,0.54,0.54,-0.33,-8.75,-1.12,-30.50,-4.8,0.9,116.8,68.05,120.32,0.000000,0.000000,0,3,7.63,0.00
1851021,0.15,0.80,-0.33,16.87,-2.68,-28.81,-4.6,1.1,125.6,68.06,121.73,0.000000,0.000000,0,3,7.63,0.00
1851327,-0.27,0.30,0.03,-2.87,-0.43,-35.37,-4.1,2.1,134.7,68.06,123.19,0.000000,0.000000,0,3,7.63,0.00
1851633,0.34,0.61,0.15,0.18,-2.68,-36.87,-5.0,1.5,145.5,68.06,124.65,0.000000,0.000000,0,3,7.63,0.00
1851939,-0.22,-0.18,-0.67,5.50,11.62,-20.81,-5.3,0.6,153.2,68.06,126.09,0.000000,0.000000,0,3,7.63,0.00
1852245,-0.30,0.25,-0.81,9.68,-0.93,-10.37,-4.4,1.3,157.4,68.06,127.54,0.000000,0.000000,0,3,7.63,0.00
1852857,0.98,-0.25,-1.32,-0.25,17.31,-20.68,-6.9,0.8,168.0,68.06,130.51,0.000000,0.000000,0,3,7.63,0.00
1853163,-0.30,0.07,-1.25,-2.68,-4.31,-14.62,-4.8,1.5,172.6,68.06,131.91,0.000000,0.000000,0,3,7.63,0.00
1853469,0.75,0.70,-0.77,7.93,-12.25,-12.56,-6.6,1.3,177.0,68.06,133.21,0.000000,0.000000,0,3,7.63,0.00
1853775,-0.09,0.23,-1.04,-3.68,13.68,-24.68,-4.7,2.5,182.1,68.07,134.39,0.000000,0.000000,0,3,7.64,0.00
1854387,0.23,0.07,-0.83,5.93,0.37,-24.56,-4.3,2.1,196.6,68.07,136.54,0.000000,0.000000,0,3,7.64,0.00
1854693,-0.12,0.30,-1.24,-2.37,8.25,-26.25,-3.1,2.3,203.9,68.07,137.51,0.000000,0.000000,0,3,7.63,0.00
1854999,-0.07,0.07,-1.63,3.93,-4.68,-22.62,-3.2,1.7,211.2,68.07,138.38,0.000000,0.000000,0,3,7.63,0.00
1855305,0.10,0.54,-2.03,-2.75,5.56,-31.68,-3.7,2.5,219.9,68.07,139.21,0.000000,0.000000,0,3,7.63,0.00
1855611,0.11,-0.11,-2.01,-4.25,4.62,-34.75,-4.3,1.4,229.2,68.08,139.94,0.000000,0.000000,0,3,7.63,0.00
1855917,0.40,0.19,-1.21,3.18,4.62,-32.25,-4.8,2.0,240.0,68.08,140.41,0.000000,0.000000,0,3,7.63,0.00
1856529,-0.03,0.02,0.40,6.00,0.50,-29.31,-5.1,1.1,258.8,68.08,140.95,0.000000,0.000000,0,3,7.63,0.00
1856835,0.37,0.05,0.18,5.87,6.50,-17.68,-5.3,1.2,266.6,68.08,141.10,0.000000,0.000000,0,3,7.63,0.00
1857141,0.70,0.15,-0.12,6.43,-2.31,-3.56,-5.4,1.0,270.3,68.08,141.32,0.000000,0.000000,0,3,7.63,0.00
1857447,-0.07,-0.30,0.15,0.93,1.18,2.50,-4.9,-0.4,270.2,68.08,141.44,0.000000,0.000000,0,3,7.63,0.00
1857753,-0.37,0.40,-0.33,6.25,-0.12,6.37,-4.0,0.0,268.9,68.08,141.45,0.000000,0.000000,0,3,7.63,0.00
1858059,0.07,-0.20,-0.15,-3.68,-4.06,7.37,-3.2,-0.9,267.3,68.08,141.51,0.000000,0.000000,0,3,7.63,0.00
1858365,0.09,-0.30,-0.27,3.43,-0.12,10.25,-3.1,-1.0,264.4,68.09,141.61,0.000000,0.000000,0,3,7.63,0.00
1858671,-0.25,-0.05,0.00,-3.62,7.75,11.50,-2.7,0.2,260.8,68.09,141.65,0.000000,0.000000,0,3,7.63,0.00
1858977,-0.30,-0.15,0.11,-8.31,-2.56,9.37,-3.1,-0.2,257.3,68.09,141.68,0.000000,0.000000,0,3,7.63,0.00
1859283,0.01,0.00,-0.40,10.00,0.43,5.68,-5.0,0.0,255.8,68.09,141.69,0.000000,0.000000,0,3,7.63,0.00
1859589,0.49,0.37,-0.63,-12.43,11.37,-12.31,-5.6,1.3,257.3,68.09,141.71,0.000000,0.000000,0,3,7.63,0.00
1859895,-0.11,-0.45,-0.11,-1.56,4.31,-7.18,-4.6,-0.7,258.8,68.09,141.65,0.000000,0.000000,0,3,7.63,0.00
1860201,0.07,0.18,0.34,14.43,-2.25,-6.06,-5.1,0.8,261.3,68.10,141.66,0.000000,0.000000,0,3,7.63,0.00
1860507,0.02,0.22,-0.05,-9.93,-5.18,-12.31,-5.0,0.6,264.7,68.10,141.67,0.000000,0.000000,0,3,7.63,0.00
1860813,-0.25,-0.07,-0.13,-1.18,0.75,-10.93,-4.5,-1.0,267.7,68.10,141.61,0.000000,0.000000,0,3,7.62,0.00
1861119,0.07,-0.31,-0.20,8.12,-6.43,-16.43,-3.9,-0.5,272.3,68.10,141.68,0.000000,0.000000,0,3,7.62,0.00
1861425,0.36,-0.20,0.05,-7.50,2.43,-22.31,-3.9,-0.8,278.0,68.10,141.63,0.000000,0.000000,0,3,7.62,0.00
1862037,0.09,-0.11,0.05,7.43,-6.56,-6.25,-3.4,-0.7,286.1,68.10,141.67,0.000000,0.000000,0,3,7.63,0.00
1862649,0.01,-0.27,-0.11,-6.06,-2.43,-0.75,-2.0,-0.7,290.0,68.11,141.61,0.000000,0.000000,0,3,7.63,0.00
1862955,0.02,-0.13,-0.17,3.12,-9.06,10.06,-3.6,-0.3,288.5,68.11,141.62,0.000000,0.000000,0,3,7.63,0.00
1863261,0.09,0.07,0.18,1.56,13.75,7.18,-3.3,0.8,285.4,68.11,141.58,0.000000,0.000000,0,3,7.63,0.00
1863567,-0.56,-0.22,0.11,-9.18,-1.75,11.12,-2.5,0.4,280.6,68.11,141.50,0.000000,0.000000,0,3,7.63,0.00
1863873,0.09,0.19,-0.27,-3.12,-12.43,16.50,-4.3,0.0,277.2,68.11,141.53,0.000000,0.000000,0,3,7.63,0.00
1864179,0.07,0.15,0.05,12.00,4.12,23.75,-3.8,0.9,272.0,68.11,141.47,0.000000,0.000000,0,3,7.63,0.00
1864485,-0.05,0.38,0.40,-5.87,0.62,22.62,-3.2,0.8,265.3,68.11,141.43,0.000000,0.000000,0,3,7.63,0.00
1864791,-0.15,-0.37,0.30,-7.00,-4.25,20.37,-3.2,-0.9,258.6,68.12,141.49,0.000000,0.000000,0,3,7.63,0.00
1865097,-0.07,-0.20,0.09,10.06,5.18,11.81,-3.3,-0.4,254.3,68.12,141.49,0.000000,0.000000,0,3,7.63,0.00
1865403,-0.18,0.00,-0.25,-8.25,-0.43,7.00,-2.4,0.1,251.6,68.12,141.53,0.000000,0.000000,0,3,7.63,0.00
1866015,-0.07,-0.11,-0.69,-2.25,5.68,-4.37,-3.5,0.0,250.8,68.12,141.52,0.000000,0.000000,0,3,7.63,0.00
1866321,0.01,-0.05,-0.22,-5.37,0.56,-12.31,-3.9,-0.4,252.9,68.12,141.53,0.000000,0.000000,0,3,7.63,0.00
1866627,0.03,0.07,-0.34,3.43,0.37,-15.93,-4.5,0.6,257.8,68.12,141.57,0.000000,0.000000,0,3,7.63,0.00
1866933,0.00,0.54,0.00,-0.68,5.56,-11.93,-4.5,1.8,262.8,68.12,141.47,0.000000,0.000000,0,3,7.63,0.00
1867239,0.00,0.12,0.19,-13.12,-10.31,-10.50,-4.0,0.6,265.8,68.12,141.49,0.000000,0.000000,0,3,7.63,0.00
1867851,-0.37,0.51,0.05,2.00,4.18,-12.81,-3.0,1.6,272.2,68.13,141.50,0.000000,0.000000,0,3,7.63,0.00
1868157,-0.46,-0.93,0.38,-3.50,-15.00,-11.93,-3.4,-0.6,275.1,68.13,141.48,0.000000,0.000000,0,3,7.63,0.00
1868463,0.43,0.20,-0.55,12.00,3.81,-13.75,-5.1,0.2,281.1,68.13,141.53,0.000000,0.000000,0,3,7.63,0.00
1868769,-0.01,0.17,-0.66,-19.00,5.25,-23.56,-3.1,-0.2,285.8,68.13,141.51,0.000000,0.000000,0,3,7.63,0.00
1869075,-0.27,-1.11,0.15,13.18,-9.56,-13.00,-4.6,-1.3,290.5,68.13,141.44,0.000000,0.000000,0,3,7.63,0.00
1869381,0.28,0.22,0.09,2.12,11.50,-15.31,-4.5,1.6,295.7,68.13,141.52,0.000000,0.000000,0,3,7.63,0.00
1869993,0.02,-0.12,0.34,20.75,0.06,6.31,-4.5,-0.3,297.8,68.14,141.46,0.000000,0.000000,0,3,7.63,0.00
1870299,-0.20,0.40,0.20,-12.56,1.43,0.25,-4.3,1.7,297.6,68.14,141.43,0.000000,0.000000,0,3,7.63,0.00
1870605,0.20,0.00,0.20,-12.68,-5.25,3.75,-4.3,-1.5,295.8,68.14,141.44,0.000000,0.000000,0,3,7.63,0.00
1870911,0.25,-0.22,0.01,21.43,0.68,10.56,-4.6,-0.6,294.6,68.14,141.47,0.000000,0.000000,0,3,7.63,0.00
1871523,-0.00,-0.12,0.37,-1.31,-0.25,2.43,-3.6,-2.3,292.1,68.14,141.31,0.000000,0.000000,0,3,7.63,0.00
1871829,-0.10,-0.05,-0.02,11.31,-7.18,14.43,-3.9,-0.3,290.8,68.14,141.31,0.000000,0.000000,0,3,7.63,0.00
1872135,0.25,0.07,-0.05,-15.81,3.68,6.56,-3.8,-0.1,287.7,68.15,141.36,0.000000,0.000000,0,3,7.63,0.00
1872441,-0.35,-0.63,0.07,0.81,4.12,15.00,-2.6,-1.1,283.8,68.15,141.32,0.000000,0.000000,0,3,7.63,0.00
1872747,-0.57,0.27,-0.20,2.50,-15.87,26.75,-2.8,0.8,278.7,68.15,141.32,0.000000,0.000000,0,3,7.63,0.00
1873053,0.22,0.10,-0.51,-14.12,8.43,15.62,-4.2,0.3,272.6,68.15,141.34,0.000000,0.000000,0,3,7.63,0.00
1873359,-0.50,-0.33,-0.40,5.68,9.31,27.00,-2.0,-0.0,264.6,68.15,141.32,0.000000,0.000000,0,3,7.63,0.00
1873665,-0.10,0.12,-0.25,1.31,-16.56,24.56,-3.6,0.8,258.2,68.15,141.33,0.000000,0.000000,0,3,7.63,0.00
1873971,0.17,-0.05,-0.10,-9.87,16.87,12.50,-4.3,-0.1,252.6,68.15,141.32,0.000000,0.000000,0,3,7.63,0.00
1874277,-0.43,-0.63,-0.47,-1.18,-2.00,12.12,-3.0,-1.0,247.8,68.15,141.28,0.000000,0.000000,0,3,7.63,0.00
1874889,0.45,-0.09,-0.34,-5.43,15.62,4.93,-4.5,-0.5,241.1,68.16,141.31,0.000000,0.000000,0,3,7.63,0.00
1875195,-0.17,-0.13,-0.23,1.06,1.68,11.50,-2.0,-0.2,237.9,68.16,141.27,0.000000,0.000000,0,3,7.63,0.00
1875501,-0.13,-0.03,-0.00,-2.43,-20.93,9.93,-3.0,0.4,235.5,68.16,141.32,0.000000,0.000000,0,3,7.63,0.00
1875807,-0.00,0.49,0.28,-3.31,9.87,1.37,-3.8,1.1,234.2,68.16,141.36,0.000000,0.000000,0,3,7.63,0.00
1876113,-0.69,-0.22,-0.11,-5.50,2.93,-3.62,-1.0,0.8,233.4,68.16,141.32,0.000000,0.000000,0,3,7.63,0.00
1876419,-0.13,0.25,-0.01,7.93,-11.37,2.56,-3.1,1.3,234.7,68.16,141.30,0.000000,0.000000,0,3,7.63,0.00
1876725,-0.31,0.45,-0.23,-3.75,17.00,-13.31,-2.1,1.5,236.0,68.16,141.27,0.000000,0.000000,0,3,7.63,0.00
1877031,-0.25,-0.55,-0.20,0.68,-13.68,-25.37,-1.8,-0.1,241.0,68.17,141.33,0.000000,0.000000,0,3,7.63,0.00
1877337,0.51,0.11,-0.34,13.43,1.75,-31.68,-4.4,0.9,251.3,68.17,141.36,0.000000,0.000000,0,3,7.63,0.00
1877949,-0.12,-0.52,-0.15,16.12,-9.12,-27.00,-3.7,-0.7,270.8,68.17,141.30,0.000000,0.000000,0,3,7.63,0.00
1878561,0.07,0.17,0.01,-18.75,1.06,-29.31,-3.4,-0.5,288.0,68.17,141.27,0.000000,0.000000,0,3,7.63,0.00
1878867,0.19,-0.07,-0.01,30.18,-6.81,-15.81,-4.2,-1.4,296.3,68.17,141.34,0.000000,0.000000,0,3,7.63,0.00
1879173,0.11,0.51,0.05,0.56,6.75,-14.62,-3.6,1.1,302.0,68.17,141.35,0.000000,0.000000,0,3,7.63,0.00
1879479,-0.56,-0.27,-0.23,-9.12,-13.50,-5.18,-2.9,-2.1,303.8,68.18,141.36,0.000000,0.000000,0,3,7.63,0.00
1879785,0.11,0.00,0.01,25.00,1.12,5.18,-4.3,-1.4,304.7,68.18,141.37,0.000000,0.000000,0,3,7.63,0.00
1880091,-0.22,0.00,-0.15,-19.43,2.12,6.56,-3.0,0.3,302.5,68.18,141.34,0.000000,0.000000,0,3,7.63,0.00
1880703,0.33,0.30,-0.07,13.12,9.12,24.75,-4.2,0.9,292.9,68.18,141.41,0.000000,0.000000,0,3,7.63,0.00
1881009,-0.58,0.07,-0.23,-33.00,-0.68,21.50,-2.7,0.5,285.3,68.18,141.40,0.000000,0.000000,0,3,7.63,0.00
1881315,0.09,-0.41,0.17,4.18,-11.31,30.81,-3.8,-0.9,276.8,68.18,141.43,0.000000,0.000000,0,3,7.63,0.00
1881927,-0.30,0.12,-0.12,-25.87,-2.12,18.12,-2.6,1.0,262.0,68.18,141.44,0.000000,0.000000,0,3,7.63,0.00
1882233,-0.17,-0.30,-0.22,14.00,-8.06,26.43,-2.9,-0.6,255.1,68.19,141.47,0.000000,0.000000,0,3,7.63,0.00
1882539,-0.01,0.55,-0.44,3.12,5.81,21.87,-3.0,2.1,249.6,68.19,141.49,0.000000,0.000000,0,3,7.63,0.00
1883151,-0.09,-0.22,-0.10,17.00,-5.12,15.18,-2.6,-0.0,241.0,68.19,141.48,0.000000,0.000000,0,3,7.63,0.00
1883457,-0.12,0.17,-0.40,-1.50,1.56,9.00,-3.0,1.8,237.9,68.19,141.50,0.000000,0.000000,0,3,7.63,0.00
1883763,0.12,0.41,0.44,-11.50,3.93,5.37,-3.7,0.3,235.2,68.19,141.52,0.000000,0.000000,0,3,7.63,0.00
1884375,0.09,0.20,0.09,-1.43,-5.62,-1.00,-3.9,1.1,234.0,68.19,141.48,0.000000,0.000000,0,3,7.63,0.00
1884681,0.00,-0.28,0.15,-5.25,7.25,-7.68,-3.8,0.0,234.9,68.20,141.46,0.000000,0.000000,0,3,7.63,0.00
1884987,0.00,0.30,-0.50,3.93,-3.12,-7.56,-3.0,1.0,237.2,68.20,141.45,0.000000,0.000000,0,3,7.63,0.00
1885293,0.15,0.05,-0.28,-3.06,0.93,-19.25,-4.1,0.9,241.8,68.20,141.41,0.000000,0.000000,0,3,7.63,0.00
1885905,-0.57,-0.09,-0.11,4.12,-11.25,-7.50,-3.0,0.8,250.2,68.20,141.39,0.000000,0.000000,0,3,7.63,0.00
1886211,0.19,0.03,0.15,1.75,5.06,-2.68,-4.5,0.9,252.0,68.20,141.39,0.000000,0.000000,0,3,7.63,0.00
1886517,0.11,0.15,-0.07,-4.43,7.25,6.31,-3.8,0.5,251.0,68.20,141.41,0.000000,0.000000,0,3,7.63,0.00
1886823,-0.01,0.12,0.00,2.87,-3.75,14.37,-4.0,0.0,247.0,68.20,141.47,0.000000,0.000000,0,3,7.63,0.00
1887129,0.22,-0.12,0.22,-3.00,1.37,16.68,-4.7,0.5,243.3,68.21,141.51,0.000000,0.000000,0,3,7.63,0.00
1887435,-0.01,0.05,-0.27,-0.06,8.25,14.37,-3.3,-0.6,237.5,68.21,141.49,0.000000,0.000000,0,3,7.63,0.00
1887741,-0.12,0.12,-0.11,5.37,-8.75,15.00,-2.8,-0.1,233.8,68.21,141.51,0.000000,0.000000,0,3,7.63,0.00
1888047,-0.07,-0.27,-0.13,-3.56,-0.18,4.68,-3.1,0.0,231.0,68.21,141.58,0.000000,0.000000,0,3,7.63,0.00
1888659,0.31,-0.12,0.01,-6.00,-7.43,-2.31,-3.0,0.7,230.4,68.21,141.51,0.000000,0.000000,0,3,7.63,0.00
1888965,-0.50,-0.25,-0.25,-1.06,16.06,-9.50,-3.1,0.8,232.2,68.21,141.50,0.000000,0.000000,0,3,7.63,0.00
1889271,0.02,0.30,-0.40,6.00,3.00,-0.81,-2.9,1.4,233.5,68.21,141.57,0.000000,0.000000,0,3,7.63,0.00
1889577,0.50,0.68,-0.61,-5.87,-7.56,4.43,-5.1,1.5,233.3,68.22,141.64,0.000000,0.000000,0,3,7.63,0.00
1889883,0.70,-0.38,-0.18,-0.12,17.93,6.37,-5.8,-0.5,231.1,68.22,141.57,0.000000,0.000000,0,3,7.63,0.00
1890189,-0.30,-0.00,0.20,9.56,-3.25,13.25,-4.0,1.1,228.3,68.22,141.56,0.000000,0.000000,0,3,7.63,0.00
1890495,0.37,-0.19,0.45,-19.81,-13.00,4.37,-5.8,0.5,226.2,68.22,141.57,0.000000,0.000000,0,3,7.63,0.00
1890801,0.54,-0.27,0.43,4.81,15.56,-1.62,-5.2,-1.0,225.1,68.22,141.50,0.000000,0.000000,0,3,7.63,0.00
1891107,-0.43,0.33,-0.43,14.31,-4.93,1.06,-3.3,0.8,224.5,68.22,141.48,0.000000,0.000000,0,3,7.63,0.00
1891413,0.47,0.50,0.10,-12.93,-15.43,-15.18,-4.6,1.1,227.7,68.22,141.54,0.000000,0.000000,0,3,7.63,0.00
1891719,-0.25,-0.37,-0.46,-4.06,10.75,-18.00,-3.7,-1.3,231.1,68.22,141.51,0.000000,0.000000,0,3,7.63,0.00
1892025,-0.02,0.33,-0.54,28.62,-3.56,-7.62,-2.2,0.0,234.6,68.22,141.49,0.000000,0.000000,0,3,7.63,0.00
1892637,-0.86,-0.38,-0.18,-7.37,14.62,-14.43,-3.5,-2.0,239.6,68.23,141.44,0.000000,0.000000,0,3,7.63,0.00
1892943,-0.11,-0.12,0.37,21.62,-2.62,4.87,-2.7,-0.4,241.5,68.23,141.43,0.000000,0.000000,0,3,7.63,0.00
1893249,0.60,0.73,-0.07,-13.37,-4.62,-8.37,-5.0,0.5,242.7,68.23,141.39,0.000000,0.000000,0,3,7.62,0.00
1893555,0.25,-0.38,-0.45,-2.37,14.25,-7.00,-4.8,-1.6,243.9,68.23,141.39,0.000000,0.000000,0,3,7.62,0.00
1893861,0.27,0.07,-0.45,15.93,-5.87,0.50,-4.6,0.9,245.6,68.23,141.38,0.000000,0.000000,0,3,7.62,0.00
1894167,0.50,0.00,0.11,-22.68,-2.12,-4.00,-5.8,0.7,246.5,68.23,141.35,0.000000,0.000000,0,3,7.63,0.00
1894473,0.30,-0.33,-0.20,10.37,5.12,5.18,-5.0,-1.1,245.2,68.23,141.36,0.000000,0.000000,0,3,7.63,0.00
1894779,-0.22,0.30,-0.25,3.43,-7.87,10.68,-4.1,1.5,243.4,68.23,141.36,0.000000,0.000000,0,3,7.63,0.00
1895085,0.27,0.31,0.11,-19.87,-2.06,7.75,-4.6,-0.2,240.3,68.24,141.38,0.000000,0.000000,0,3,7.62,0.00
1895697,-0.18,0.54,-0.35,-9.81,-6.50,11.06,-2.8,1.2,234.7,68.24,141.39,0.000000,0.000000,0,3,7.62,0.00
1896003,0.17,-0.23,0.25,-6.43,-2.06,14.62,-3.8,-1.6,230.2,68.24,141.43,0.000000,0.000000,0,3,7.62,0.00
1896309,-0.34,-0.55,0.00,15.43,7.18,20.18,-3.1,-1.1,225.1,68.24,141.43,0.000000,0.000000,0,3,7.64,0.00
1896615,0.07,0.20,-0.88,-3.00,1.87,19.25,-3.6,0.5,220.1,68.24,141.48,0.000000,0.000000,0,3,7.64,0.00
1896921,0.05,-0.46,-0.34,-7.75,2.81,17.43,-3.5,-2.3,212.8,68.24,141.46,0.000000,0.000000,0,3,7.64,0.00
1897227,0.15,-0.12,-0.05,15.93,3.62,22.93,-3.8,-1.0,207.6,68.24,141.44,0.000000,0.000000,0,3,7.63,0.00
1897533,0.10,0.00,0.45,-18.37,3.12,14.75,-4.2,0.0,202.8,68.25,141.43,0.000000,0.000000,0,3,7.63,0.00
1897839,-0.34,-0.38,0.31,-4.75,-2.50,15.37,-3.8,-2.0,197.3,68.25,141.41,0.000000,0.000000,0,3,7.63,0.00
1898145,0.37,-0.02,0.77,14.06,-1.75,11.25,-4.6,-0.6,194.6,68.25,141.41,0.000000,0.000000,0,3,7.62,0.00
1898451,-0.11,0.17,0.01,-11.31,2.12,-4.87,-3.7,0.6,194.1,68.25,141.47,0.000000,0.000000,0,3,7.62,0.00
1898757,-0.05,0.31,-5.80,-3.12,-7.93,-12.87,-3.6,-1.1,196.4,68.25,141.50,0.000000,0.000000,0,3,7.62,0.00
1899063,-3.03,0.79,-8.76,-75.06,-129.87,2.50,18.0,5.0,198.5,68.25,141.58,0.000000,0.000000,0,3,7.62,0.00
1899675,-0.33,-1.16,-8.60,188.68,275.87,-45.43,3.8,-3.4,202.1,68.26,141.24,0.000000,0.000000,0,3,7.63,0.00
1899981,2.85,0.03,-7.48,-76.31,-238.00,-183.68,-21.0,-2.9,230.3,68.14,148.10,0.000000,0.000000,0,3,7.63,0.00
1900287,1.48,0.00,-6.63,-142.68,203.06,-523.12,-11.5,-7.5,327.5,67.92,154.33,0.000000,0.000000,0,3,7.62,0.00
1900593,1.50,-1.05,-5.25,-3.25,249.12,-927.56,-10.1,-23.2,152.2,67.68,157.38,0.000000,0.000000,0,3,7.62,0.00
1900899,4.32,2.08,-5.05,81.06,-273.62,-1518.00,-3.5,18.5,143.6,67.45,158.48,0.000000,0.000000,0,3,7.62,0.00
1901205,9.26,5.76,-2.44,134.06,-193.25,2029.68,-0.8,33.6,335.2,67.17,159.10,0.000000,0.000000,0,3,7.63,0.00
1901511,7.86,6.03,-3.01,555.93,269.62,2029.68,-15.5,-9.5,205.3,66.89,159.29,0.000000,0.000000,0,3,7.63,0.00
1901817,11.09,13.02,-3.04,349.56,221.75,2029.68,5.8,-4.4,101.9,66.57,157.63,0.000000,0.000000,0,3,7.63,0.00
1902123,29.92,8.64,-0.36,320.00,-263.87,2029.68,-15.1,5.4,341.5,66.28,152.81,0.000000,0.000000,0,3,7.63,0.00
1902735,26.52,19.98,-5.69,330.25,178.37,2029.68,-26.2,10.6,135.5,65.83,137.22,0.000000,0.000000,0,3,7.63,0.00
1903041,39.52,12.64,13.57,363.43,-293.25,2029.68,-20.6,-25.5,28.3,65.59,130.77,0.000000,0.000000,0,3,7.63,0.00
1903347,21.84,5.57,0.77,93.62,-329.75,2029.68,3.5,-13.1,305.4,65.54,112.52,0.000000,0.000000,0,3,7.62,0.00
1903653,17.15,17.45,5.71,412.62,-179.93,2029.68,-6.7,35.1,169.3,65.64,96.93,0.000000,0.000000,0,3,7.62,0.00
1904265,11.92,3.70,4.11,376.75,60.68,2029.68,2.1,-37.8,322.5,65.62,87.26,0.000000,0.000000,0,3,7.63,0.00
1904877,16.62,12.57,4.44,310.62,-115.06,2029.68,-28.2,42.0,124.3,65.43,85.87,0.000000,0.000000,0,3,7.63,0.00
1905183,13.98,0.72,5.59,236.56,63.37,2029.68,-11.1,-52.8,333.0,65.32,86.83,0.000000,0.000000,0,3,7.63,0.00
1905489,3.96,5.98,7.03,441.68,-49.75,2029.68,48.0,-12.2,253.6,65.20,84.91,0.000000,0.000000,0,3,7.63,0.00
1905795,16.05,14.63,5.34,225.56,72.62,2029.68,-27.5,58.3,142.0,65.11,83.80,0.000000,0.000000,0,3,7.63,0.00
1906101,14.86,0.07,7.26,325.81,-3.43,2029.68,-34.9,-60.4,9.4,65.02,81.51,0.000000,0.000000,0,3,7.63,0.00
1906407,4.84,0.69,6.42,275.43,-34.37,2029.68,34.1,-55.7,280.1,64.95,78.46,0.000000,0.000000,0,3,7.66,0.00
1906713,6.94,14.46,10.81,304.87,-98.06,2029.68,13.8,69.5,168.7,64.87,75.31,0.000000,0.000000,0,3,7.66,0.00
1907019,18.03,7.82,10.82,224.43,-10.43,2029.68,-86.8,1.8,73.1,64.79,73.86,0.000000,0.000000,0,3,7.66,0.00
1907325,4.03,-1.44,9.77,469.93,-164.18,2029.68,27.3,-65.3,309.8,64.69,71.77,0.000000,0.000000,0,3,7.63,0.00
1907631,3.92,13.30,12.27,492.62,38.43,2029.68,26.6,72.0,172.9,64.60,70.50,0.000000,0.000000,0,3,7.63,0.00
1908243,8.09,-3.70,11.81,243.62,-132.00,2029.68,19.0,-79.1,305.8,64.42,65.79,0.000000,0.000000,0,3,7.62,0.00
1908549,0.20,7.42,15.35,404.00,6.75,2029.68,72.7,126.5,223.0,64.37,61.96,0.000000,0.000000,0,3,7.62,0.00
1908855,13.84,14.05,15.02,314.87,88.62,2029.68,-56.0,125.2,109.2,64.28,61.86,0.000000,0.000000,0,3,7.62,0.00
1909161,14.39,-3.57,12.18,194.12,-197.06,2029.68,-30.1,-98.4,356.0,64.20,58.62,0.000000,0.000000,0,3,7.62,0.00
1909773,10.63,16.04,12.72,292.87,12.81,2029.68,-11.7,95.4,149.4,64.09,52.05,0.000000,0.000000,0,3,7.63,0.00
1910079,14.02,0.63,17.42,233.37,-7.37,2029.68,-48.8,-143.2,25.6,64.04,49.55,0.000000,0.000000,0,3,7.63,0.00
1910385,-1.77,2.05,13.27,282.87,-169.25,2029.68,67.2,-129.6,267.2,63.97,47.35,0.000000,0.000000,0,3,7.63,0.00
1910691,2.96,14.07,15.17,382.56,78.12,2029.68,22.7,106.6,179.0,63.92,45.36,0.000000,0.000000,0,3,7.63,0.00
1911303,0.07,0.93,14.96,179.25,47.06,2029.68,47.5,-133.6,265.0,63.72,44.80,0.000000,0.000000,0,3,7.62,0.00
1911609,-1.35,10.31,12.60,124.18,-48.81,2029.68,57.4,116.3,252.5,63.65,42.04,0.000000,0.000000,0,3,7.62,0.00
1911915,11.39,5.17,18.77,115.50,-114.56,2029.68,-30.0,-179.8,63.0,63.58,39.05,0.000000,0.000000,0,3,7.62,0.00
1912221,3.98,-4.82,14.67,255.06,-279.68,2029.68,12.6,-102.1,321.0,63.52,36.66,0.000000,0.000000,0,3,7.62,0.00
1912833,14.68,6.69,16.40,323.06,-191.93,2029.68,-60.6,162.0,77.1,63.36,32.73,0.000000,0.000000,0,3,7.63,0.00
1913139,5.44,-4.44,12.39,283.68,-180.12,2029.68,17.6,-90.1,345.3,63.28,31.09,0.000000,0.000000,0,3,7.63,0.00
1913445,-2.82,9.47,15.39,300.00,-159.68,2029.68,51.0,139.6,264.4,63.19,30.30,0.000000,0.000000,0,3,7.62,0.00
1914057,8.65,-3.22,14.09,326.81,-185.81,2029.68,-2.8,-95.8,5.1,63.06,23.77,0.000000,0.000000,0,3,7.62,0.00
1914363,-3.86,2.52,16.59,316.37,-287.81,2029.68,54.6,-146.3,336.9,62.99,22.46,0.000000,0.000000,0,3,7.62,0.00
1914669,0.34,5.69,20.64,68.50,-59.81,2029.68,15.9,-179.2,60.3,62.92,20.44,0.000000,0.000000,0,3,7.62,0.00
1914975,-5.26,6.15,16.80,313.62,62.43,2029.68,69.6,176.5,159.3,62.85,18.14,0.000000,0.000000,0,3,7.62,0.00
1915281,-0.83,12.44,18.54,518.18,-248.06,2029.68,-11.5,59.6,91.3,62.77,15.87,0.000000,0.000000,0,3,7.62,0.00
1915587,-0.88,-1.91,-13.02,-792.68,-224.25,-358.00,9.9,-13.2,124.3,62.75,10.57,0.000000,0.000000,0,3,7.62,0.00
1915893,1.33,10.68,1.12,-2.12,-156.37,449.93,-43.7,74.3,62.5,62.79,4.12,0.000000,0.000000,0,3,7.62,0.00
1916505,-2.07,6.48,6.42,0.00,1.43,-1.12,-38.9,100.8,62.5,62.86,-1.05,0.000000,0.000000,0,3,7.59,0.00
1916811,0.12,0.81,0.45,0.18,0.00,0.37,-62.5,23.1,29.8,62.87,-1.13,0.000000,0.000000,0,3,7.59,0.00
1917117,0.05,0.15,0.05,0.00,0.00,0.06,-61.4,14.2,27.6,62.87,-0.69,0.000000,0.000000,0,3,7.59,0.00
1917423,0.02,0.13,0.09,0.06,0.00,0.06,-61.3,13.8,27.5,62.87,-0.18,0.000000,0.000000,0,3,7.60,0.00
1917729,0.03,0.12,0.09,0.00,0.12,-0.18,-61.3,13.6,27.4,62.87,0.24,0.000000,0.000000,0,3,7.60,0.00
1918035,0.05,0.09,0.07,0.06,0.12,-0.25,-61.2,13.3,27.4,62.86,0.53,0.000000,0.000000,0,3,7.60,0.00
1918341,0.00,0.07,0.05,-0.06,0.00,-0.06,-61.2,13.3,27.4,62.87,0.71,0.000000,0.000000,0,3,7.59,0.00
1918647,0.00,0.10,0.07,-0.12,-0.12,0.06,-61.2,13.3,27.4,62.87,0.80,0.000000,0.000000,0,3,7.59,0.00
1918953,0.03,0.11,0.05,0.00,0.06,-0.18,-61.2,13.3,27.4,62.87,0.80,0.000000,0.000000,0,3,7.59,0.00
1919259,0.03,0.11,0.05,0.06,0.06,-0.12,-61.2,13.3,27.4,62.88,0.79,0.000000,0.000000,0,3,7.59,0.00
1919565,0.03,0.10,0.05,0.00,-0.25,-0.06,-61.2,13.3,27.4,62.88,0.77,0.000000,0.000000,0,3,7.59,0.00
1919871,0.02,0.10,0.05,0.06,0.12,0.18,-61.2,13.3,27.4,62.89,0.71,0.000000,0.000000,0,3,7.59,0.00
1920177,0.02,0.11,0.05,-0.18,0.06,0.18,-61.2,13.3,27.4,62.89,0.62,0.000000,0.000000,0,3,7.59,0.00
1920483,0.02,0.11,0.02,0.06,0.00,-0.06,-61.2,13.3,27.4,62.90,0.56,0.000000,0.000000,0,3,7.60,0.00
1920789,0.02,0.10,0.05,-0.06,0.18,0.00,-61.2,13.3,27.4,62.91,0.50,0.000000,0.000000,0,3,7.60,0.00
1921095,0.01,0.09,0.02,0.06,-0.12,0.00,-61.2,13.3,27.4,62.91,0.42,0.000000,0.000000,0,3,7.60,0.00
1921401,0.03,0.07,0.02,0.00,-0.12,-0.12,-61.2,13.3,27.4,62.92,0.36,0.000000,0.000000,0,3,7.59,0.00
1921707,0.01,0.10,0.05,0.00,-0.12,0.25,-61.2,13.3,27.4,62.93,0.30,0.000000,0.000000,0,3,7.59,0.00
1922013,0.02,0.09,0.02,-0.12,-0.06,0.00,-61.2,13.3,27.4,62.94,0.26,0.000000,0.000000,0,3,7.59,0.00
1922319,0.03,0.10,0.09,0.00,0.12,0.18,-61.2,13.3,27.4,62.95,0.21,0.000000,0.000000,0,3,7.59,0.00
1922625,0.05,0.10,0.03,0.06,-0.18,0.12,-61.2,13.3,27.4,62.96,0.16,0.000000,0.000000,0,3,7.59,0.00
1922931,0.01,0.07,0.03,0.00,0.18,0.18,-61.2,13.3,27.4,62.97,0.15,0.000000,0.000000,0,3,7.59,0.00
1923237,0.03,0.09,0.03,0.00,-0.06,0.00,-61.2,13.3,27.4,62.98,0.11,0.000000,0.000000,0,3,7.59,0.00
1923543,0.02,0.11,0.07,0.00,-0.12,0.12,-61.2,13.3,27.4,62.99,0.11,0.000000,0.000000,0,3,7.59,0.00
1923849,0.01,0.11,0.03,0.06,-0.06,0.06,-61.2,13.3,27.4,63.00,0.12,0.000000,0.000000,0,3,7.59,0.00
1924155,0.05,0.10,0.02,0.06,-0.12,0.00,-61.2,13.3,27.4,63.01,0.11,0.000000,0.000000,0,3,7.59,0.00
1924461,0.02,0.11,0.01,0.00,-0.06,-0.06,-61.2,13.3,27.4,63.02,0.08,0.000000,0.000000,0,3,7.59,0.00
1924767,0.01,0.10,0.02,0.06,0.18,0.00,-61.2,13.3,27.4,63.03,0.11,0.000000,0.000000,0,3,7.59,0.00
1925073,0.02,0.10,0.03,0.06,0.06,0.06,-61.2,13.3,27.4,63.04,0.08,0.000000,0.000000,0,3,7.59,0.00
1925379,0.01,0.09,0.05,-0.12,0.06,0.18,-61.2,13.3,27.4,63.04,0.07,0.000000,0.000000,0,3,7.59,0.00
1925685,0.02,0.10,0.07,0.12,-0.18,0.12,-61.2,13.3,27.4,63.06,0.06,0.000000,0.000000,0,3,7.59,0.00
1925991,0.02,0.10,0.05,0.06,0.06,0.06,-61.2,13.3,27.4,63.06,0.07,0.000000,0.000000,0,3,7.59,0.00
1926603,0.01,0.10,0.05,-0.18,0.06,-0.12,-61.2,13.3,27.4,63.08,0.10,0.000000,0.000000,0,3,7.59,0.00
1926909,0.03,0.10,0.03,0.06,0.12,0.00,-61.2,13.3,27.4,63.09,0.10,0.000000,0.000000,0,3,7.59,0.00
1927215,0.03,0.11,0.02,0.12,0.12,0.25,-61.2,13.3,27.4,63.10,0.10,0.000000,0.000000,0,3,7.59,0.00
1927521,0.01,0.11,0.02,-0.06,0.06,0.18,-61.2,13.3,27.4,63.11,0.11,0.000000,0.000000,0,3,7.58,0.00
1927827,0.02,0.11,0.05,0.00,0.18,0.18,-61.2,13.3,27.4,63.11,0.11,0.000000,0.000000,0,3,7.58,0.00
1928133,0.02,0.10,0.05,-0.06,0.06,-0.18,-61.2,13.3,27.4,63.12,0.11,0.000000,0.000000,0,3,7.58,0.00
1928439,0.00,0.11,0.05,0.00,0.25,0.18,-61.2,13.3,27.4,63.13,0.08,0.000000,0.000000,0,3,7.59,0.00
1928745,0.03,0.11,0.07,-0.18,-0.06,-0.06,-61.2,13.3,27.4,63.14,0.09,0.000000,0.000000,0,3,7.59,0.00
1929051,0.01,0.11,0.07,-0.12,0.12,0.18,-61.2,13.3,27.4,63.15,0.11,0.000000,0.000000,0,3,7.59,0.00
1929357,0.03,0.10,0.01,0.06,-0.12,-0.06,-61.2,13.3,27.4,63.16,0.12,0.000000,0.000000,0,3,7.59,0.00
1929663,0.01,0.10,0.07,0.00,-0.31,-0.18,-61.2,13.3,27.4,63.16,0.14,0.000000,0.000000,0,3,7.59,0.00
1929969,0.02,0.12,0.03,0.06,-0.12,-0.43,-61.2,13.3,27.4,63.17,0.16,0.000000,0.000000,0,3,7.59,0.00
1930275,0.02,0.11,0.01,-0.06,-0.12,-0.06,-61.2,13.3,27.4,63.18,0.16,0.000000,0.000000,0,3,7.59,0.00
1930581,0.03,0.11,0.07,-0.06,0.06,-0.12,-61.2,13.3,27.4,63.19,0.18,0.000000,0.000000,0,3,7.59,0.00
1930887,0.02,0.10,0.05,-0.06,-0.06,-0.18,-61.2,13.3,27.4,63.20,0.18,0.000000,0.000000,0,3,7.59,0.00
1931193,0.01,0.11,0.01,0.00,0.00,0.06,-61.2,13.3,27.4,63.20,0.18,0.000000,0.000000,0,3,7.59,0.00
1931499,0.01,0.12,0.02,-0.06,-0.12,0.00,-61.2,13.3,27.4,63.21,0.19,0.000000,0.000000,0,3,7.59,0.00
1931805,0.03,0.11,0.03,0.00,-0.12,-0.12,-61.2,13.3,27.4,63.22,0.20,0.000000,0.000000,0,3,7.59,0.00
1932111,0.03,0.11,0.02,-0.12,-0.12,0.00,-61.2,13.3,27.4,63.23,0.23,0.000000,0.000000,0,3,7.59,0.00
1932417,0.02,0.12,0.01,-0.06,0.06,0.00,-61.2,13.3,27.4,63.24,0.22,0.000000,0.000000,0,3,7.59,0.00
1932723,0.02,0.11,0.07,-0.06,-0.12,0.18,-61.2,13.3,27.4,63.24,0.20,0.000000,0.000000,0,3,7.59,0.00
1933029,0.03,0.09,0.02,0.12,0.12,0.25,-61.2,13.3,27.4,63.25,0.19,0.000000,0.000000,0,3,7.59,0.00
1933335,0.05,0.11,0.05,0.06,0.00,0.00,-61.2,13.3,27.4,63.26,0.23,0.000000,0.000000,0,3,7.59,0.00
1933641,0.02,0.09,0.07,0.06,0.37,0.00,-61.2,13.3,27.4,63.27,0.25,0.000000,0.000000,0,3,7.59,0.00
1933947,0.01,0.13,0.03,0.12,0.06,0.00,-61.2,13.3,27.4,63.27,0.28,0.000000,0.000000,0,3,7.59,0.00
1934253,0.01,0.12,0.03,-0.06,0.00,0.06,-61.2,13.3,27.4,63.28,0.28,0.000000,0.000000,0,3,7.59,0.00
1934559,0.05,0.12,0.02,-0.06,0.00,0.18,-61.2,13.3,27.4,63.28,0.24,0.000000,0.000000,0,3,7.59,0.00
1934865,0.03,0.09,0.02,-0.06,0.00,-0.18,-61.2,13.3,27.4,63.30,0.24,0.000000,0.000000,0,3,7.59,0.00
1935171,0.03,0.09,0.03,0.12,0.06,0.25,-61.2,13.3,27.4,63.30,0.28,0.000000,0.000000,0,3,7.59,0.00
1935477,0.01,0.10,0.03,-0.06,0.06,0.12,-61.2,13.3,27.4,63.31,0.26,0.000000,0.000000,0,3,7.59,0.00
1935783,0.02,0.10,0.05,0.00,-0.12,-0.12,-61.2,13.3,27.4,63.31,0.22,0.000000,0.000000,0,3,7.59,0.00
1936089,0.02,0.10,0.05,-0.06,-0.12,-0.12,-61.2,13.3,27.4,63.32,0.26,0.000000,0.000000,0,3,7.59,0.00
1936395,0.02,0.11,0.03,0.06,-0.06,-0.12,-61.2,13.3,27.4,63.33,0.28,0.000000,0.000000,0,3,7.59,0.00
1936701,0.01,0.11,0.05,0.00,0.06,0.12,-61.2,13.3,27.4,63.34,0.27,0.000000,0.000000,0,3,7.59,0.00
1937007,0.01,0.10,0.03,0.00,-0.18,0.25,-61.2,13.3,27.4,63.34,0.26,0.000000,0.000000,0,3,7.59,0.00
1937313,0.03,0.10,0.05,-0.06,-0.12,0.12,-61.2,13.3,27.4,63.35,0.28,0.000000,0.000000,0,3,7.59,0.00
1937619,0.00,0.11,0.01,-0.06,0.00,-0.12,-61.2,13.3,27.4,63.36,0.30,0.000000,0.000000,0,3,7.59,0.00
1937925,0.02,0.11,0.05,0.00,0.00,-0.12,-61.2,13.3,27.4,63.36,0.31,0.000000,0.000000,0,3,7.59,0.00
1938231,0.03,0.10,0.05,-0.06,-0.06,0.31,-61.2,13.3,27.4,63.37,0.28,0.000000,0.000000,0,3,7.59,0.00
1938537,0.05,0.09,0.03,0.06,0.06,0.06,-61.2,13.3,27.4,63.38,0.27,0.000000,0.000000,0,3,7.59,0.00
1938843,0.03,0.10,0.05,0.06,-0.12,0.12,-61.2,13.3,27.4,63.38,0.25,0.000000,0.000000,0,3,7.59,0.00
1939149,0.03,0.12,0.05,-0.12,0.25,-0.18,-61.2,13.3,27.4,63.39,0.25,0.000000,0.000000,0,3,7.59,0.00
1939455,0.01,0.11,0.07,0.12,-0.06,0.00,-61.2,13.3,27.4,63.40,0.25,0.000000,0.000000,0,3,7.59,0.00
1939761,0.01,0.11,0.05,0.00,-0.12,0.12,-61.2,13.3,27.4,63.41,0.25,0.000000,0.000000,0,3,7.59,0.00
1940067,0.02,0.11,0.01,-0.06,0.18,0.06,-61.2,13.3,27.4,63.42,0.28,0.000000,0.000000,0,3,7.59,0.00
1940373,0.02,0.11,0.05,0.12,-0.12,-0.18,-61.2,13.3,27.4,63.42,0.28,0.000000,0.000000,0,3,7.59,0.00
1940679,0.02,0.11,0.03,0.00,-0.18,0.06,-61.2,13.3,27.4,63.43,0.29,0.000000,0.000000,0,3,7.59,0.00
1940985,0.03,0.12,0.01,0.00,-0.06,-0.18,-61.2,13.3,27.4,63.44,0.30,0.000000,0.000000,0,3,7.59,0.00
1941291,0.03,0.10,0.05,0.00,-0.06,-0.06,-61.2,13.3,27.4,63.44,0.32,0.000000,0.000000,0,3,7.59,0.00
1941597,0.03,0.11,0.05,0.00,-0.25,0.06,-61.2,13.3,27.4,63.45,0.32,0.000000,0.000000,0,3,7.60,0.00
1941903,0.01,0.11,0.03,0.12,0.00,-0.18,-61.2,13.3,27.4,63.46,0.32,0.000000,0.000000,0,3,7.60,0.00
1942209,0.02,0.10,0.00,0.06,0.06,0.00,-61.2,13.3,27.4,63.46,0.32,0.000000,0.000000,0,3,7.60,0.00
1942515,0.01,0.07,0.00,0.18,0.18,0.00,-61.2,13.3,27.4,63.47,0.33,0.000000,0.000000,0,3,7.60,0.00
1942821,0.03,0.09,0.00,-0.12,0.00,0.25,-61.2,13.3,27.4,63.48,0.34,0.000000,0.000000,0,3,7.59,0.00
1943127,0.03,0.09,0.05,0.00,0.25,0.12,-61.2,13.3,27.4,63.48,0.35,0.000000,0.000000,0,3,7.59,0.00
1943433,0.02,0.11,0.05,0.12,0.00,-0.06,-61.2,13.3,27.4,63.49,0.35,0.000000,0.000000,0,3,7.59,0.00
1943739,0.01,0.09,0.02,0.18,0.00,-0.18,-61.2,13.3,27.4,63.50,0.37,0.000000,0.000000,0,3,7.59,0.00
1944045,0.02,0.11,0.01,-0.06,0.06,0.00,-61.2,13.3,27.4,63.50,0.36,0.000000,0.000000,0,3,7.59,0.00
1944351,0.02,0.10,0.05,0.00,0.18,-0.18,-61.2,13.3,27.4,63.51,0.36,0.000000,0.000000,0,3,7.59,0.00
1944657,0.01,0.11,0.07,0.00,0.00,0.06,-61.2,13.3,27.4,63.51,0.37,0.000000,0.000000,0,3,7.59,0.00
1944963,0.02,0.09,0.05,0.00,0.00,0.12,-61.2,13.3,27.4,63.52,0.38,0.000000,0.000000,0,3,7.59,0.00
1945269,0.03,0.11,0.02,0.00,0.00,0.12,-61.2,13.3,27.4,63.53,0.37,0.000000,0.000000,0,3,7.59,0.00
1945575,0.03,0.10,0.03,0.00,-0.06,-0.12,-61.2,13.3,27.4,63.54,0.34,0.000000,0.000000,0,3,7.59,0.00
1945881,0.03,0.13,0.01,-0.06,-0.06,-0.12,-61.2,13.3,27.4,63.54,0.33,0.000000,0.000000,0,3,7.59,0.00
1946187,0.02,0.11,0.05,0.06,-0.18,0.06,-61.2,13.3,27.4,63.55,0.36,0.000000,0.000000,0,3,7.59,0.00
1946493,0.02,0.10,0.07,0.00,-0.18,-0.12,-61.2,13.3,27.4,63.56,0.39,0.000000,0.000000,0,3,7.59,0.00
1946799,0.02,0.11,0.05,0.18,0.12,-0.06,-61.2,13.3,27.4,63.56,0.39,0.000000,0.000000,0,3,7.59,0.00
1947105,0.03,0.10,0.05,0.00,0.06,-0.18,-61.2,13.3,27.4,63.57,0.35,0.000000,0.000000,0,3,7.59,0.00
1947411,0.02,0.11,0.03,-0.06,0.00,0.00,-61.2,13.3,27.4,63.58,0.34,0.000000,0.000000,0,3,7.59,0.00
1947717,0.02,0.09,0.02,0.06,0.06,-0.12,-61.2,13.3,27.4,63.58,0.37,0.000000,0.000000,0,3,7.59,0.00
1948023,0.03,0.11,0.05,0.06,-0.06,-0.12,-61.2,13.3,27.4,63.59,0.40,0.000000,0.000000,0,3,7.59,0.00
1948329,0.02,0.07,0.05,0.06,0.18,-0.06,-61.2,13.3,27.4,63.60,0.37,0.000000,0.000000,0,3,7.59,0.00
1948635,0.03,0.11,0.05,0.00,-0.18,-0.06,-61.2,13.3,27.4,63.60,0.39,0.000000,0.000000,0,3,7.59,0.00
1948941,0.03,0.11,0.03,0.06,-0.18,0.06,-61.2,13.3,27.4,63.61,0.40,0.000000,0.000000,0,3,7.59,0.00
1949247,0.03,0.10,0.07,0.06,-0.06,-0.25,-61.2,13.3,27.4,63.62,0.42,0.000000,0.000000,0,3,7.59,0.00
1949553,0.03,0.10,0.05,-0.12,-0.12,0.06,-61.2,13.3,27.4,63.62,0.40,0.000000,0.000000,0,3,7.59,0.00
1949859,0.01,0.11,0.03,0.06,0.00,-0.06,-61.2,13.3,27.4,63.63,0.37,0.000000,0.000000,0,3,7.59,0.00
1950165,0.03,0.10,0.05,0.06,0.12,-0.25,-61.2,13.3,27.4,63.63,0.34,0.000000,0.000000,0,3,7.59,0.00
1950471,0.02,0.10,0.03,0.00,-0.18,0.12,-61.2,13.3,27.4,63.64,0.34,0.000000,0.000000,0,3,7.59,0.00
1950777,0.03,0.11,0.01,0.06,-0.12,0.12,-61.2,13.3,27.4,63.65,0.35,0.000000,0.000000,0,3,7.58,0.00
1951083,0.02,0.11,0.03,0.06,-0.12,0.18,-61.2,13.3,27.4,63.66,0.35,0.000000,0.000000,0,3,7.58,0.00
1951389,0.00,0.11,0.01,0.06,-0.06,-0.12,-61.2,13.3,27.4,63.66,0.35,0.000000,0.000000,0,3,7.58,0.00
1951695,0.02,0.11,0.05,0.06,0.12,0.00,-61.2,13.3,27.4,63.67,0.34,0.000000,0.000000,0,3,7.59,0.00
1952001,0.01,0.11,0.07,0.00,-0.12,0.12,-61.2,13.3,27.4,63.68,0.36,0.000000,0.000000,0,3,7.59,0.00
1952307,0.03,0.11,0.07,0.06,0.18,0.00,-61.2,13.3,27.4,63.68,0.37,0.000000,0.000000,0,3,7.59,0.00
1952613,0.03,0.10,0.05,0.12,-0.12,-0.12,-61.2,13.3,27.4,63.69,0.38,0.000000,0.000000,0,3,7.59,0.00
1952919,0.02,0.11,0.03,0.00,-0.06,0.12,-61.2,13.3,27.4,63.70,0.38,0.000000,0.000000,0,3,7.59,0.00
1953225,0.03,0.11,0.05,0.06,0.12,0.00,-61.2,13.3,27.4,63.71,0.37,0.000000,0.000000,0,3,7.59,0.00
1953531,0.01,0.10,0.05,-0.12,0.06,0.06,-61.2,13.3,27.4,63.71,0.37,0.000000,0.000000,0,3,7.59,0.00
1953837,0.02,0.09,0.02,-0.06,-0.12,0.25,-61.2,13.3,27.4,63.72,0.39,0.000000,0.000000,0,3,7.58,0.00
1954143,0.02,0.11,0.05,-0.06,-0.12,0.12,-61.2,13.3,27.4,63.72,0.39,0.000000,0.000000,0,3,7.58,0.00
1954449,0.01,0.11,0.03,-0.06,0.06,-0.12,-61.2,13.3,27.4,63.73,0.39,0.000000,0.000000,0,3,7.58,0.00
1954755,0.02,0.11,0.03,0.06,0.06,0.06,-61.2,13.3,27.4,63.74,0.36,0.000000,0.000000,0,3,7.59,0.00
1955061,0.03,0.11,0.02,0.00,-0.18,0.12,-61.2,13.3,27.4,63.74,0.35,0.000000,0.000000,0,3,7.59,0.00
1955367,0.00,0.10,0.03,-0.06,0.00,0.12,-61.2,13.3,27.4,63.75,0.34,0.000000,0.000000,0,3,7.59,0.00
1955673,0.02,0.10,0.01,0.06,0.12,0.00,-61.2,13.3,27.4,63.76,0.31,0.000000,0.000000,0,3,7.59,0.00
1955979,0.03,0.10,0.00,-0.12,-0.18,-0.06,-61.2,13.3,27.4,63.77,0.29,0.000000,0.000000,0,3,7.59,0.00
1956285,0.03,0.07,0.05,0.06,0.12,-0.06,-61.2,13.3,27.4,63.77,0.28,0.000000,0.000000,0,3,7.59,0.00
1956591,0.02,0.10,0.03,0.06,0.12,-0.31,-61.2,13.3,27.4,63.78,0.29,0.000000,0.000000,0,3,7.59,0.00
1956897,0.03,0.12,0.03,0.00,0.12,-0.06,-61.2,13.3,27.4,63.79,0.32,0.000000,0.000000,0,3,7.59,0.00
1957203,0.03,0.11,0.07,0.00,0.12,0.12,-61.2,13.3,27.4,63.79,0.36,0.000000,0.000000,0,3,7.59,0.00
1957509,0.02,0.09,0.02,0.00,-0.06,-0.06,-61.2,13.3,27.4,63.80,0.36,0.000000,0.000000,0,3,7.59,0.00
1957815,0.02,0.10,0.02,0.00,0.12,0.06,-61.2,13.3,27.4,63.81,0.37,0.000000,0.000000,0,3,7.59,0.00
1958121,0.03,0.09,0.05,0.18,-0.12,0.06,-61.2,13.3,27.4,63.81,0.36,0.000000,0.000000,0,3,7.59,0.00
1958427,0.02,0.10,0.02,0.06,0.12,-0.06,-61.2,13.3,27.4,63.82,0.38,0.000000,0.000000,0,3,7.59,0.00
1958733,0.02,0.11,0.05,-0.06,0.00,-0.18,-61.2,13.3,27.4,63.82,0.39,0.000000,0.000000,0,3,7.59,0.00
1959039,0.05,0.11,0.02,0.06,-0.18,-0.06,-61.2,13.3,27.4,63.83,0.39,0.000000,0.000000,0,3,7.59,0.00
1959345,0.03,0.10,0.05,-0.06,-0.06,0.06,-61.2,13.3,27.4,63.84,0.41,0.000000,0.000000,0,3,7.59,0.00
1959651,0.01,0.10,0.03,-0.12,-0.06,0.06,-61.2,13.3,27.4,63.84,0.44,0.000000,0.000000,0,3,7.59,0.00
1959957,0.01,0.10,0.05,0.12,0.12,0.12,-61.2,13.3,27.4,63.85,0.42,0.000000,0.000000,0,3,7.59,0.00
1960263,0.01,0.09,0.05,0.00,-0.06,-0.18,-61.2,13.3,27.4,63.85,0.39,0.000000,0.000000,0,3,7.59,0.00
1960569,0.02,0.11,0.00,0.06,-0.12,0.12,-61.2,13.3,27.4,63.86,0.37,0.000000,0.000000,0,3,7.59,0.00
1960875,0.01,0.07,0.02,0.00,-0.12,-0.06,-61.2,13.3,27.4,63.87,0.37,0.000000,0.000000,0,3,7.58,0.00
1961181,0.02,0.07,0.02,-0.06,-0.06,-0.06,-61.2,13.3,27.4,63.88,0.33,0.000000,0.000000,0,3,7.58,0.00
1961487,0.03,0.09,0.05,-0.06,0.25,-0.06,-61.2,13.3,27.4,63.88,0.32,0.000000,0.000000,0,3,7.58,0.00
1961793,0.02,0.11,0.02,0.00,0.12,0.06,-61.2,13.3,27.4,63.89,0.31,0.000000,0.000000,0,3,7.59,0.00
1962099,0.03,0.09,0.00,0.06,-0.12,0.06,-61.2,13.3,27.4,63.90,0.35,0.000000,0.000000,0,3,7.59,0.00
1962405,0.03,0.09,0.05,0.12,0.00,0.00,-61.2,13.3,27.4,63.90,0.37,0.000000,0.000000,0,3,7.59,0.00
1962711,0.03,0.09,0.07,0.25,0.06,0.06,-61.2,13.3,27.4,63.91,0.35,0.000000,0.000000,0,3,7.59,0.00
1963017,0.02,0.11,0.03,0.00,-0.12,0.00,-61.2,13.3,27.4,63.91,0.35,0.000000,0.000000,0,3,7.59,0.00
1963323,0.01,0.09,0.07,-0.06,0.18,0.00,-61.2,13.3,27.4,63.92,0.36,0.000000,0.000000,0,3,7.59,0.00
1963629,0.02,0.09,0.02,-0.06,-0.12,0.00,-61.2,13.3,27.4,63.93,0.34,0.000000,0.000000,0,3,7.59,0.00
1963935,0.01,0.11,0.05,-0.06,0.00,-0.06,-61.2,13.3,27.4,63.94,0.34,0.000000,0.000000,0,3,7.59,0.00
1964241,0.01,0.10,0.05,0.00,0.00,0.18,-61.2,13.3,27.4,63.94,0.36,0.000000,0.000000,0,3,7.59,0.00
1964547,0.02,0.10,0.02,0.12,0.00,0.06,-61.2,13.3,27.4,63.95,0.38,0.000000,0.000000,0,3,7.59,0.00
1964853,0.02,0.09,0.05,-0.06,-0.18,0.06,-61.2,13.3,27.4,63.96,0.38,0.000000,0.000000,0,3,7.59,0.00
1965159,0.03,0.11,0.05,0.06,-0.25,0.12,-61.2,13.3,27.4,63.96,0.38,0.000000,0.000000,0,3,7.59,0.00
1965465,0.05,0.09,0.01,0.00,-0.06,0.12,-61.2,13.3,27.4,63.97,0.40,0.000000,0.000000,0,3,7.59,0.00
1965771,0.03,0.11,0.00,-0.06,0.06,-0.06,-61.2,13.3,27.4,63.98,0.39,0.000000,0.000000,0,3,7.59,0.00
1966077,0.02,0.10,0.00,-0.12,-0.06,0.00,-61.2,13.3,27.4,63.98,0.38,0.000000,0.000000,0,3,7.59,0.00
1966383,0.02,0.11,0.01,0.12,-0.06,-0.37,-61.2,13.3,27.4,63.99,0.37,0.000000,0.000000,0,3,7.59,0.00
1966689,0.01,0.11,0.00,0.00,-0.12,0.00,-61.2,13.3,27.4,64.00,0.36,0.000000,0.000000,0,3,7.59,0.00
1966995,0.05,0.11,0.05,0.00,0.00,0.00,-61.2,13.3,27.4,64.00,0.36,0.000000,0.000000,0,3,7.58,0.00
1967301,0.02,0.09,0.05,0.00,-0.06,0.25,-61.2,13.3,27.4,64.01,0.38,0.000000,0.000000,0,3,7.58,0.00
1967607,0.03,0.11,0.05,0.12,-0.12,-0.06,-61.2,13.3,27.4,64.02,0.37,0.000000,0.000000,0,3,7.58,0.00
1967913,0.02,0.11,0.05,-0.06,-0.06,-0.25,-61.2,13.3,27.4,64.02,0.35,0.000000,0.000000,0,3,7.58,0.00
1968219,0.02,0.10,0.05,0.00,0.06,0.00,-61.2,13.3,27.4,64.03,0.34,0.000000,0.000000,0,3,7.58,0.00
1968525,0.03,0.11,0.02,-0.12,-0.18,0.18,-61.2,13.3,27.4,64.04,0.35,0.000000,0.000000,0,3,7.58,0.00
1968831,0.05,0.11,0.05,-0.06,-0.12,0.00,-61.2,13.3,27.4,64.04,0.39,0.000000,0.000000,0,3,7.58,0.00
1969137,0.02,0.09,0.02,0.12,-0.18,0.18,-61.2,13.3,27.4,64.05,0.41,0.000000,0.000000,0,3,7.58,0.00
1969443,0.03,0.11,0.03,0.00,-0.18,0.18,-61.2,13.3,27.4,64.06,0.41,0.000000,0.000000,0,3,7.58,0.00
1969749,0.05,0.10,0.05,0.00,0.00,0.12,-61.2,13.3,27.4,64.06,0.42,0.000000,0.000000,0,3,7.58,0.00
1970055,0.01,0.10,0.05,0.06,0.06,0.12,-61.2,13.3,27.4,64.07,0.44,0.000000,0.000000,0,3,7.58,0.00
1970361,0.03,0.11,0.05,0.06,-0.06,-0.12,-61.2,13.3,27.4,64.07,0.42,0.000000,0.000000,0,3,7.58,0.00
1970667,0.01,0.11,0.07,0.06,-0.12,-0.18,-61.2,13.3,27.4,64.08,0.39,0.000000,0.000000,0,3,7.58,0.00
1970973,0.03,0.10,0.00,-0.12,0.18,0.00,-61.2,13.3,27.4,64.09,0.38,0.000000,0.000000,0,3,7.59,0.00
1971279,0.02,0.10,0.02,0.18,-0.06,-0.18,-61.2,13.3,27.4,64.10,0.41,0.000000,0.000000,0,3,7.59,0.00
1971585,0.03,0.07,0.01,-0.06,0.31,0.00,-61.2,13.3,27.4,64.10,0.42,0.000000,0.000000,0,3,7.59,0.00
1971891,0.00,0.11,0.05,-0.06,-0.06,0.37,-61.2,13.3,27.4,64.10,0.42,0.000000,0.000000,0,3,7.59,0.00
1972197,0.03,0.07,0.07,-0.06,0.06,0.18,-61.2,13.3,27.4,64.11,0.43,0.000000,0.000000,0,3,7.59,0.00
1972503,0.02,0.11,0.00,-0.06,0.18,-0.25,-61.2,13.3,27.4,64.12,0.42,0.000000,0.000000,0,3,7.59,0.00
1972809,0.01,0.11,0.05,0.06,-0.06,-0.18,-61.2,13.3,27.4,64.13,0.43,0.000000,0.000000,0,3,7.59,0.00
1973115,0.01,0.11,0.01,0.12,0.00,-0.18,-61.2,13.3,27.4,64.13,0.42,0.000000,0.000000,0,3,7.59,0.00
1973421,0.03,0.10,0.02,-0.12,0.06,-0.06,-61.2,13.3,27.4,64.14,0.43,0.000000,0.000000,0,3,7.59,0.00
1973727,0.05,0.10,0.05,-0.06,0.00,-0.06,-61.2,13.3,27.4,64.14,0.43,0.000000,0.000000,0,3,7.59,0.00
1974033,0.02,0.11,0.05,0.00,0.12,0.25,-61.2,13.3,27.4,64.15,0.42,0.000000,0.000000,0,3,7.58,0.00
1974339,0.01,0.09,0.05,0.06,0.12,0.37,-61.2,13.3,27.4,64.16,0.41,0.000000,0.000000,0,3,7.58,0.00
1974645,0.03,0.09,0.03,-0.06,0.00,0.31,-61.2,13.3,27.4,64.16,0.40,0.000000,0.000000,0,3,7.58,0.00
1974951,0.03,0.11,0.07,0.00,-0.06,0.06,-61.2,13.3,27.4,64.17,0.39,0.000000,0.000000,0,3,7.59,0.00
1975257,0.02,0.07,0.03,-0.06,-0.12,-0.12,-61.2,13.3,27.4,64.18,0.40,0.000000,0.000000,0,3,7.59,0.00
1975563,0.03,0.07,0.05,-0.06,-0.12,-0.06,-61.2,13.3,27.4,64.18,0.45,0.000000,0.000000,0,3,7.59,0.00
1975869,0.02,0.09,0.05,0.00,-0.12,0.00,-61.2,13.3,27.4,64.19,0.45,0.000000,0.000000,0,3,7.58,0.00
1976175,0.00,0.09,0.01,0.00,0.00,0.12,-61.2,13.3,27.4,64.20,0.40,0.000000,0.000000,0,3,7.58,0.00
1976481,0.02,0.09,0.03,0.06,0.00,-0.06,-61.2,13.3,27.4,64.20,0.40,0.000000,0.000000,0,3,7.58,0.00
1976787,0.00,0.11,0.02,0.00,0.00,0.06,-61.2,13.3,27.4,64.21,0.42,0.000000,0.000000,0,3,7.58,0.00
1977093,0.01,0.07,0.05,0.00,0.25,-0.06,-61.2,13.3,27.4,64.21,0.47,0.000000,0.000000,0,3,7.58,0.00
1977399,0.02,0.10,0.05,0.00,-0.12,-0.12,-61.2,13.3,27.4,64.22,0.46,0.000000,0.000000,0,3,7.58,0.00
1977705,0.03,0.05,0.07,0.06,0.00,0.18,-61.2,13.3,27.4,64.23,0.45,0.000000,0.000000,0,3,7.58,0.00
1978011,0.01,0.10,0.03,0.00,-0.25,-0.06,-61.2,13.3,27.4,64.23,0.45,0.000000,0.000000,0,3,7.58,0.00
1978317,0.05,0.07,0.05,0.12,-0.06,-0.12,-61.2,13.3,27.4,64.24,0.46,0.000000,0.000000,0,3,7.58,0.00
1978623,0.02,0.11,0.03,0.00,-0.25,0.00,-61.2,13.3,27.4,64.25,0.52,0.000000,0.000000,0,3,7.58,0.00
1978929,0.02,0.11,0.03,-0.06,0.12,0.06,-61.2,13.3,27.4,64.25,0.53,0.000000,0.000000,0,3,7.58,0.00
1979235,0.03,0.10,0.03,0.12,-0.06,0.12,-61.2,13.3,27.4,64.26,0.41,0.000000,0.000000,0,3,7.58,0.00
1979541,0.00,0.10,0.01,0.06,0.06,0.00,-61.2,13.3,27.4,64.26,0.42,0.000000,0.000000,0,3,7.58,0.00
1979847,0.01,0.07,0.03,-0.06,0.00,0.06,-61.2,13.3,27.4,64.27,0.48,0.000000,0.000000,0,3,7.58,0.00
1980153,0.03,0.11,0.03,0.06,-0.06,0.25,-61.2,13.3,27.4,64.28,0.47,0.000000,0.000000,0,3,7.58,0.00
1980459,0.00,0.12,0.01,0.12,0.12,0.00,-61.2,13.3,27.4,64.28,0.43,0.000000,0.000000,0,3,7.58,0.00
1980765,0.00,0.09,0.05,0.00,0.00,-0.12,-61.2,13.3,27.4,64.29,0.41,0.000000,0.000000,0,3,7.58,0.00
1981071,0.00,0.10,0.05,0.00,0.00,-0.06,-61.2,13.3,27.4,64.30,0.45,0.000000,0.000000,0,3,7.59,0.00
1981377,0.03,0.10,0.05,-0.06,0.06,0.18,-61.2,13.3,27.4,64.30,0.50,0.000000,0.000000,0,3,7.59,0.00
1981683,0.03,0.09,0.00,0.06,-0.06,0.00,-61.2,13.3,27.4,64.31,0.50,0.000000,0.000000,0,3,7.59,0.00
1981989,0.00,0.07,0.03,0.00,-0.06,-0.06,-61.2,13.3,27.4,64.31,0.46,0.000000,0.000000,0,3,7.59,0.00
1982295,0.02,0.09,0.03,0.12,0.06,0.00,-61.2,13.3,27.4,64.32,0.47,0.000000,0.000000,0,3,7.59,0.00
1982601,0.00,0.10,0.02,0.06,-0.12,-0.25,-61.2,13.3,27.4,64.33,0.47,0.000000,0.000000,0,3,7.59,0.00
1982907,0.03,0.11,0.05,0.00,-0.12,-0.18,-61.2,13.3,27.4,64.33,0.49,0.000000,0.000000,0,3,7.59,0.00
1983213,0.01,0.10,0.07,0.06,-0.12,-0.06,-61.2,13.3,27.4,64.34,0.52,0.000000,0.000000,0,3,7.58,0.00
1983519,0.03,0.10,0.03,0.06,-0.06,0.00,-61.2,13.3,27.4,64.34,0.54,0.000000,0.000000,0,3,7.58,0.00
1983825,0.01,0.12,0.01,0.00,0.06,0.00,-61.2,13.3,27.4,64.35,0.61,0.000000,0.000000,0,3,7.58,0.00
1984131,0.01,0.07,0.07,0.00,-0.06,0.06,-61.2,13.3,27.4,64.35,0.64,0.000000,0.000000,0,3,7.62,0.00
1984437,0.07,0.25,0.12,-0.37,-0.81,0.43,-61.1,13.8,27.5,64.36,0.71,0.000000,0.000000,0,3,7.62,0.00
1984743,0.01,0.12,0.00,0.81,0.56,2.25,-61.1,14.2,27.7,64.36,0.65,0.000000,0.000000,0,3,7.62,0.00
1985049,0.01,0.07,0.05,0.06,-0.12,-0.06,-61.1,14.0,27.6,64.37,0.48,0.000000,0.000000,0,3,7.58,0.00
1985355,0.01,0.01,0.07,-0.06,-0.18,-0.25,-61.1,13.9,27.6,64.38,0.54,0.000000,0.000000,0,3,7.58,0.00
1985661,0.02,0.05,0.01,0.06,0.12,0.37,-61.1,13.8,27.6,64.38,0.51,0.000000,0.000000,0,3,7.58,0.00
1985967,0.00,0.05,0.05,-0.25,0.12,-0.18,-61.0,13.8,27.6,64.38,0.48,0.000000,0.000000,0,3,7.58,0.00
1986273,0.00,0.03,0.03,-0.06,-0.06,-0.43,-61.0,13.8,27.6,64.39,0.47,0.000000,0.000000,0,3,7.58,0.00
1986579,0.01,0.05,0.01,0.06,-0.06,-0.06,-61.0,13.8,27.6,64.40,0.49,0.000000,0.000000,0,3,7.58,0.00
1986885,0.00,0.05,0.01,-0.06,0.18,0.06,-61.0,13.8,27.6,64.40,0.48,0.000000,0.000000,0,3,7.58,0.00
1987191,0.01,0.05,0.00,-0.06,0.25,0.18,-61.0,13.8,27.6,64.41,0.43,0.000000,0.000000,0,3,7.58,0.00
1987497,0.01,0.05,0.00,0.18,0.12,-0.06,-61.0,13.8,27.6,64.41,0.48,0.000000,0.000000,0,3,7.58,0.00
1987803,0.01,0.05,0.00,-0.06,0.00,-0.18,-61.0,13.8,27.6,64.42,0.43,0.000000,0.000000,0,3,7.58,0.00
1988109,0.02,0.05,0.00,0.06,0.06,-0.25,-61.0,13.8,27.6,64.43,0.44,0.000000,0.000000,0,3,7.58,0.00
1988415,0.03,0.05,0.05,-0.12,-0.25,-0.06,-61.0,13.8,27.6,64.43,0.47,0.000000,0.000000,0,3,7.58,0.00
1988721,0.03,0.07,0.00,-0.06,0.06,0.25,-61.0,13.8,27.6,64.44,0.50,0.000000,0.000000,0,3,7.58,0.00
1989027,-0.00,0.02,0.01,0.18,-0.06,-0.12,-61.0,13.8,27.6,64.44,0.44,0.000000,0.000000,0,3,7.58,0.00
1989333,0.02,0.05,0.02,0.00,-0.12,0.06,-61.0,13.8,27.6,64.45,0.48,0.000000,0.000000,0,3,7.58,0.00
1989639,0.02,0.05,0.00,-0.06,0.18,-0.31,-61.0,13.8,27.6,64.45,0.47,0.000000,0.000000,0,3,7.58,0.00
1989945,0.03,0.07,0.05,0.00,-0.18,0.37,-61.0,13.8,27.6,64.46,0.43,0.000000,0.000000,0,3,7.58,0.00
1990251,0.03,0.03,0.02,0.06,-0.12,-0.06,-61.0,13.8,27.6,64.46,0.42,0.000000,0.000000,0,3,7.58,0.00
1990557,0.02,0.05,0.00,-0.06,-0.12,0.06,-61.0,13.8,27.6,64.47,0.40,0.000000,0.000000,0,3,7.58,0.00
1990863,0.00,0.05,0.03,0.12,0.06,0.00,-61.0,13.8,27.6,64.48,0.44,0.000000,0.000000,0,3,7.58,0.00
1991169,0.03,0.05,0.01,-0.06,0.18,0.12,-61.0,13.8,27.6,64.49,0.46,0.000000,0.000000,0,3,7.59,0.00
1991475,0.02,0.05,0.03,0.06,-0.06,0.00,-61.0,13.8,27.6,64.49,0.42,0.000000,0.000000,0,3,7.59,0.00
1991781,0.00,0.05,0.00,-0.06,-0.12,-0.18,-61.0,13.8,27.6,64.50,0.40,0.000000,0.000000,0,3,7.59,0.00
1992087,0.01,0.07,0.02,0.12,-0.06,-0.12,-61.0,13.8,27.6,64.50,0.46,0.000000,0.000000,0,3,7.58,0.00
1992393,0.02,0.05,0.00,0.06,0.00,-0.06,-61.0,13.8,27.6,64.51,0.44,0.000000,0.000000,0,3,7.58,0.00
1992699,0.01,0.05,0.00,0.06,0.00,0.06,-61.0,13.8,27.6,64.52,0.42,0.000000,0.000000,0,3,7.58,0.00
1993005,0.00,0.07,0.01,0.06,0.12,-0.06,-61.0,13.8,27.6,64.52,0.43,0.000000,0.000000,0,3,7.58,0.00
1993311,0.01,0.07,0.01,-0.06,-0.06,-0.12,-61.0,13.8,27.6,64.53,0.46,0.000000,0.000000,0,3,7.58,0.00
1993617,0.01,0.09,0.02,0.06,0.00,0.12,-61.0,13.8,27.6,64.53,0.50,0.000000,0.000000,0,3,7.58,0.00
1993923,0.02,0.05,0.02,0.00,0.00,0.00,-61.0,13.8,27.6,64.54,0.48,0.000000,0.000000,0,3,7.58,0.00
1994229,0.00,0.03,0.02,-0.06,-0.06,-0.25,-61.0,13.8,27.6,64.55,0.51,0.000000,0.000000,0,3,7.58,0.00
1994535,0.00,0.05,0.03,-0.06,-0.12,-0.12,-61.0,13.8,27.6,64.55,0.47,0.000000,0.000000,0,3,7.58,0.00
1994841,0.02,0.05,0.02,0.00,-0.12,0.18,-61.0,13.8,27.6,64.56,0.47,0.000000,0.000000,0,3,7.58,0.00
1995147,0.02,0.07,0.01,0.00,0.06,0.12,-61.0,13.8,27.6,64.56,0.38,0.000000,0.000000,0,3,7.58,0.00
1995453,0.02,0.05,0.02,0.00,0.00,0.06,-61.0,13.8,27.6,64.57,0.32,0.000000,0.000000,0,3,7.58,0.00
1995759,0.00,0.05,0.03,-0.06,0.12,0.06,-61.0,13.8,27.6,64.58,0.41,0.000000,0.000000,0,3,7.58,0.00
1996065,0.01,0.07,0.02,0.00,0.06,-0.25,-61.0,13.8,27.6,64.58,0.47,0.000000,0.000000,0,3,7.58,0.00
1996371,0.00,0.07,0.00,0.00,-0.06,-0.25,-61.0,13.8,27.6,64.59,0.49,0.000000,0.000000,0,3,7.58,0.00
1996677,0.01,0.05,0.02,-0.12,0.00,0.06,-61.0,13.8,27.6,64.60,0.48,0.000000,0.000000,0,3,7.58,0.00
1996983,0.01,0.05,0.00,0.00,0.00,0.25,-61.0,13.8,27.6,64.60,0.47,0.000000,0.000000,0,3,7.58,0.00
1997289,0.00,0.03,0.00,0.00,0.18,-0.06,-61.0,13.8,27.6,64.61,0.52,0.000000,0.000000,0,3,7.58,0.00
1997595,0.01,0.07,-0.00,0.00,0.06,0.00,-61.0,13.8,27.6,64.61,0.54,0.000000,0.000000,0,3,7.58,0.00
1997901,0.00,0.07,0.03,0.00,0.06,-0.25,-61.0,13.8,27.6,64.62,0.57,0.000000,0.000000,0,3,7.58,0.00
1998207,0.00,0.05,0.03,-0.12,0.06,0.06,-61.0,13.8,27.6,64.62,0.57,0.000000,0.000000,0,3,7.58,0.00
1998513,0.00,0.07,0.05,0.00,0.00,-0.18,-61.0,13.8,27.6,64.63,0.57,0.000000,0.000000,0,3,7.58,0.00
1998819,0.01,0.05,0.02,0.00,0.06,-0.31,-61.0,13.8,27.6,64.63,0.50,0.000000,0.000000,0,3,7.58,0.00
1999125,0.00,0.07,0.03,-0.12,0.00,-0.12,-61.0,13.8,27.6,64.64,0.49,0.000000,0.000000,0,3,7.58,0.00
1999431,0.00,0.05,0.01,-0.12,0.12,0.00,-61.0,13.8,27.6,64.64,0.49,0.000000,0.000000,0,3,7.58,0.00
1999737,0.03,0.05,0.00,-0.06,0.00,-0.06,-61.0,13.8,27.6,64.65,0.50,0.000000,0.000000,0,3,7.58,0.00
2000043,0.00,0.05,0.00,-0.12,-0.12,0.06,-61.0,13.8,27.6,64.65,0.52,0.000000,0.000000,0,3,7.58,0.00
2000349,0.01,0.07,0.00,-0.18,-0.25,-0.12,-61.0,13.8,27.6,64.66,0.45,0.000000,0.000000,0,3,7.58,0.00
2000655,0.00,0.05,0.01,-0.06,-0.06,-0.18,-61.0,13.8,27.6,64.67,0.47,0.000000,0.000000,0,3,7.58,0.00
2000961,0.00,0.05,0.03,-0.06,-0.06,-0.12,-61.0,13.8,27.6,64.67,0.48,0.000000,0.000000,0,3,7.58,0.00
2001267,0.00,0.05,0.02,0.00,0.18,0.06,-61.0,13.8,27.6,64.68,0.43,0.000000,0.000000,0,3,7.58,0.00
2001573,0.02,0.05,0.00,0.18,-0.12,0.06,-61.0,13.8,27.6,64.69,0.43,0.000000,0.000000,0,3,7.58,0.00
2001879,0.00,0.05,0.02,-0.06,0.06,-0.06,-61.0,13.8,27.6,64.69,0.54,0.000000,0.000000,0,3,7.58,0.00
2002185,0.00,0.07,0.00,-0.18,0.06,-0.12,-61.0,13.8,27.6,64.69,0.52,0.000000,0.000000,0,3,7.58,0.00
2002491,0.00,0.07,0.03,0.06,-0.06,0.00,-61.0,13.8,27.6,64.70,0.50,0.000000,0.000000,0,3,7.58,0.00
2002797,0.00,0.07,0.00,-0.06,-0.06,0.00,-61.0,13.8,27.6,64.70,0.49,0.000000,0.000000,0,3,7.58,0.00
2003103,0.01,0.07,0.00,0.06,0.06,0.00,-61.0,13.8,27.6,64.71,0.49,0.000000,0.000000,0,3,7.58,0.00
2003409,0.02,0.07,0.03,0.06,0.18,0.06,-61.0,13.8,27.6,64.72,0.45,0.000000,0.000000,0,3,7.58,0.00
2003715,0.01,0.05,0.05,-0.06,-0.12,0.06,-61.0,13.8,27.6,64.72,0.44,0.000000,0.000000,0,3,7.58,0.00
2004021,0.02,0.05,0.02,-0.06,-0.18,-0.12,-61.0,13.8,27.6,64.73,0.45,0.000000,0.000000,0,3,7.58,0.00
2004327,0.01,0.09,0.01,0.06,-0.06,0.12,-61.0,13.8,27.6,64.73,0.44,0.000000,0.000000,0,3,7.58,0.00
2004633,0.01,0.05,0.00,0.12,0.06,0.25,-61.0,13.8,27.6,64.74,0.51,0.000000,0.000000,0,3,7.58,0.00
2004939,0.01,0.05,0.05,0.18,0.00,0.00,-61.0,13.8,27.6,64.74,0.52,0.000000,0.000000,0,3,7.58,0.00
2005245,0.00,0.09,0.00,-0.06,0.00,0.12,-61.0,13.8,27.6,64.75,0.48,0.000000,0.000000,0,3,7.59,0.00
2005551,0.02,0.05,0.00,0.00,-0.18,0.06,-61.0,13.8,27.6,64.76,0.46,0.000000,0.000000,0,3,7.59,0.00
2005857,0.03,0.05,0.02,0.00,0.25,-0.12,-61.0,13.8,27.6,64.76,0.51,0.000000,0.000000,0,3,7.59,0.00
2006163,0.00,0.05,0.05,0.00,-0.12,-0.25,-61.0,13.8,27.6,64.77,0.46,0.000000,0.000000,0,3,7.58,0.00
2006469,0.02,0.05,0.01,0.00,-0.06,0.00,-61.0,13.8,27.6,64.77,0.48,0.000000,0.000000,0,3,7.58,0.00
2006775,0.01,0.05,0.00,-0.06,-0.06,-0.06,-61.0,13.8,27.6,64.78,0.53,0.000000,0.000000,0,3,7.58,0.00
2007081,0.01,0.05,0.02,-0.12,0.12,0.18,-61.0,13.8,27.6,64.78,0.50,0.000000,0.000000,0,3,7.58,0.00
2007387,0.01,0.05,-0.01,-0.06,0.18,-0.12,-61.0,13.8,27.6,64.79,0.48,0.000000,0.000000,0,3,7.58,0.00
2007693,0.01,0.05,0.00,0.12,0.06,-0.18,-61.0,13.8,27.6,64.79,0.48,0.000000,0.000000,0,3,7.58,0.00
2007999,0.03,0.05,0.01,0.00,0.00,-0.06,-61.0,13.8,27.6,64.80,0.51,0.000000,0.000000,0,3,7.58,0.00
2008305,0.02,0.07,0.01,-0.18,-0.06,-0.06,-61.0,13.8,27.6,64.81,0.49,0.000000,0.000000,0,3,7.58,0.00
2008611,0.00,0.05,0.02,0.06,-0.18,-0.12,-61.0,13.8,27.6,64.81,0.51,0.000000,0.000000,0,3,7.58,0.00
2008917,0.02,0.07,0.05,0.06,0.37,0.00,-61.0,13.8,27.6,64.82,0.55,0.000000,0.000000,0,3,7.58,0.00
2009223,0.00,0.05,0.00,0.12,0.00,0.12,-61.0,13.8,27.6,64.82,0.53,0.000000,0.000000,0,3,7.58,0.00
2009529,0.01,0.07,0.01,0.00,0.06,0.00,-61.0,13.8,27.6,64.83,0.53,0.000000,0.000000,0,3,7.58,0.00
2009835,0.05,0.05,0.03,0.00,0.00,-0.06,-61.0,13.8,27.6,64.83,0.51,0.000000,0.000000,0,3,7.58,0.00
2010141,0.00,0.05,0.05,0.00,0.00,-0.12,-61.0,13.8,27.6,64.84,0.52,0.000000,0.000000,0,3,7.58,0.00
2010447,0.00,0.05,0.00,0.00,0.00,-0.12,-61.0,13.8,27.6,64.84,0.51,0.000000,0.000000,0,3,7.59,0.00
2010753,0.00,0.05,0.01,-0.06,-0.06,-0.12,-61.0,13.8,27.6,64.85,0.51,0.000000,0.000000,0,3,7.59,0.00
2011059,0.00,0.05,0.00,-0.06,0.12,0.06,-61.0,13.8,27.6,64.85,0.51,0.000000,0.000000,0,3,7.59,0.00
2011365,0.00,0.05,0.02,0.00,0.18,0.00,-61.0,13.8,27.6,64.86,0.49,0.000000,0.000000,0,3,7.58,0.00
2011671,0.02,0.07,0.00,0.00,-0.06,0.12,-61.0,13.8,27.6,64.86,0.47,0.000000,0.000000,0,3,7.58,0.00
2011977,0.00,0.05,0.00,0.12,0.12,0.18,-61.0,13.8,27.6,64.87,0.51,0.000000,0.000000,0,3,7.58,0.00
2012283,0.02,0.07,0.01,0.00,-0.31,0.06,-61.0,13.8,27.6,64.87,0.50,0.000000,0.000000,0,3,7.58,0.00
2012589,0.02,0.05,0.00,0.06,0.12,-0.12,-61.0,13.8,27.6,64.88,0.46,0.000000,0.000000,0,3,7.58,0.00
2012895,0.02,0.07,0.01,0.00,-0.25,0.12,-61.0,13.8,27.6,64.88,0.50,0.000000,0.000000,0,3,7.58,0.00
2013201,0.00,0.05,0.00,0.00,0.12,-0.37,-61.0,13.8,27.6,64.89,0.53,0.000000,0.000000,0,3,7.58,0.00
2013507,0.00,0.07,0.01,-0.06,-0.06,-0.18,-61.0,13.8,27.6,64.90,0.55,0.000000,0.000000,0,3,7.58,0.00
2013813,0.02,0.05,0.02,0.00,-0.06,0.00,-61.0,13.8,27.6,64.90,0.59,0.000000,0.000000,0,3,7.58,0.00
2014119,0.00,0.05,0.02,0.00,0.00,-0.06,-61.0,13.8,27.6,64.90,0.57,0.000000,0.000000,0,3,7.58,0.00
2014425,0.03,0.07,0.03,0.00,0.06,0.12,-61.0,13.8,27.6,64.91,0.50,0.000000,0.000000,0,3,7.58,0.00
2014731,0.00,0.07,0.03,0.12,-0.12,-0.18,-61.0,13.8,27.6,64.92,0.46,0.000000,0.000000,0,3,7.58,0.00
2015037,0.02,0.07,0.00,0.00,0.00,-0.18,-61.0,13.8,27.6,64.92,0.51,0.000000,0.000000,0,3,7.58,0.00
2015343,0.01,0.05,0.02,0.00,0.00,-0.06,-61.0,13.8,27.6,64.93,0.51,0.000000,0.000000,0,3,7.63,0.00
2015649,0.00,0.07,0.02,-0.06,0.00,0.12,-61.0,13.8,27.6,64.93,0.55,0.000000,0.000000,0,3,7.63,0.00
2015955,0.02,0.07,0.00,0.00,0.06,-0.25,-61.0,13.8,27.6,64.93,0.59,0.000000,0.000000,0,3,7.63,0.00
2016261,0.01,0.05,0.02,-0.18,-0.25,0.12,-61.0,13.8,27.6,64.94,0.57,0.000000,0.000000,0,3,7.57,0.00
2016567,-0.00,0.07,0.00,-0.06,-0.06,0.06,-61.0,13.8,27.6,64.95,0.52,0.000000,0.000000,0,3,7.57,0.00
2016873,0.01,0.05,0.03,0.06,0.06,0.18,-61.0,13.8,27.6,64.95,0.50,0.000000,0.000000,0,3,7.57,0.00
2017179,0.02,0.05,0.02,0.06,0.06,0.06,-61.0,13.8,27.6,64.96,0.60,0.000000,0.000000,0,3,7.57,0.00
2017485,0.00,0.05,0.00,0.00,0.00,-0.06,-61.0,13.8,27.6,64.96,0.60,0.000000,0.000000,0,3,7.58,0.00
2017791,0.01,0.07,0.01,0.00,-0.06,-0.06,-61.0,13.8,27.6,64.97,0.54,0.000000,0.000000,0,3,7.58,0.00
2018097,0.01,0.05,-0.02,0.00,0.00,0.12,-61.0,13.8,27.6,64.97,0.55,0.000000,0.000000,0,3,7.58,0.00
2018403,0.01,0.07,0.03,0.00,-0.12,-0.12,-61.0,13.8,27.6,64.98,0.55,0.000000,0.000000,0,3,7.57,0.00
2018709,0.03,0.05,0.03,-0.06,-0.06,0.00,-61.0,13.8,27.6,64.98,0.54,0.000000,0.000000,0,3,7.57,0.00
2019015,0.00,0.07,0.00,0.00,0.06,-0.18,-61.0,13.8,27.6,64.99,0.55,0.000000,0.000000,0,3,7.57,0.00
2019321,0.00,0.05,0.01,0.00,-0.06,0.18,-61.0,13.8,27.6,64.99,0.54,0.000000,0.000000,0,3,7.58,0.00
2019627,0.02,0.07,0.03,0.12,0.12,-0.06,-61.0,13.8,27.6,65.00,0.54,0.000000,0.000000,0,3,7.58,0.00
2019933,0.00,0.05,0.03,0.06,0.06,0.12,-61.0,13.8,27.6,65.00,0.53,0.000000,0.000000,0,3,7.58,0.00
2020239,0.00,0.07,0.03,-0.06,0.06,0.00,-61.0,13.8,27.6,65.01,0.55,0.000000,0.000000,0,3,7.58,0.00
2020545,0.00,0.07,0.01,-0.18,0.00,0.00,-61.0,13.8,27.6,65.01,0.60,0.000000,0.000000,0,3,7.58,0.00
2020851,0.03,0.09,0.00,0.00,-0.12,0.18,-61.0,13.8,27.6,65.02,0.60,0.000000,0.000000,0,3,7.58,0.00
2021157,0.02,0.07,0.02,0.00,-0.18,0.00,-61.0,13.8,27.6,65.02,0.58,0.000000,0.000000,0,3,7.58,0.00
2021463,0.00,0.07,0.01,0.06,0.06,0.00,-61.0,13.8,27.6,65.03,0.62,0.000000,0.000000,0,3,7.58,0.00
2021769,0.01,0.05,0.03,0.00,-0.06,0.06,-61.0,13.8,27.6,65.03,0.60,0.000000,0.000000,0,3,7.58,0.00
2022075,0.00,0.05,0.02,-0.06,0.18,0.31,-61.0,13.8,27.6,65.04,0.60,0.000000,0.000000,0,3,7.58,0.00
2022381,0.00,0.05,0.05,-0.18,0.00,-0.12,-61.0,13.8,27.6,65.04,0.59,0.000000,0.000000,0,3,7.58,0.00
2022687,0.01,0.05,0.05,-0.06,0.06,0.00,-61.0,13.8,27.6,65.05,0.60,0.000000,0.000000,0,3,7.58,0.00
2022993,1.92,-1.19,-1.42,-8.87,-14.06,58.50,-62.1,14.6,28.1,65.05,0.69,0.000000,0.000000,0,3,7.58,0.00
2023299,-3.13,-0.30,-0.46,35.06,-138.81,21.06,-49.5,27.8,37.9,65.06,0.60,0.000000,0.000000,0,3,7.58,0.00
2023605,-1.13,0.88,0.58,86.31,-42.93,84.06,-32.7,-14.0,23.7,65.07,0.62,0.000000,0.000000,0,3,7.62,0.00
2023911,-0.20,1.15,-0.19,-22.81,-15.93,72.50,-16.6,-15.4,5.3,65.07,0.52,0.000000,0.000000,0,3,7.62,0.00
2024217,-0.05,-0.20,-2.38,12.62,0.56,98.56,-9.1,-11.5,338.9,65.08,0.52,0.000000,0.000000,0,3,7.62,0.00
2024523,-0.93,-0.20,-0.20,3.18,32.12,69.00,-6.4,-14.0,313.2,65.09,0.67,0.000000,0.000000,0,3,7.58,0.00
2024829,-0.11,0.22,-0.40,8.37,13.00,32.43,-10.6,-13.1,294.8,65.09,0.99,0.000000,0.000000,0,3,7.58,0.00
2025135,0.10,0.68,0.38,-14.31,10.75,36.06,-11.2,-14.3,287.3,65.10,1.16,0.000000,0.000000,0,3,7.58,0.00
2025441,0.31,0.70,0.09,0.62,12.18,36.37,-11.0,-14.0,276.2,65.10,1.42,0.000000,0.000000,0,3,7.58,0.00
2025747,0.07,0.76,-1.36,22.68,22.43,79.37,-8.6,-13.5,258.3,65.10,1.94,0.000000,0.000000,0,3,7.58,0.00
2026053,-1.20,-1.80,0.05,24.93,3.68,83.00,-6.4,-12.3,230.2,65.10,2.01,0.000000,0.000000,0,3,7.58,0.00
2026359,-0.11,-0.83,0.91,-5.87,-21.12,-43.06,-6.3,-11.8,227.3,65.11,1.62,0.000000,0.000000,0,3,7.58,0.00
2026665,-0.13,-0.38,0.30,33.56,-34.06,-56.12,-6.2,-13.0,236.0,65.11,1.50,0.000000,0.000000,0,3,7.58,0.00
2026971,0.03,-0.88,-0.18,-16.12,-1.75,-93.50,-6.0,-10.0,266.6,65.12,1.41,0.000000,0.000000,0,3,7.58,0.00
2027277,0.86,1.61,1.15,6.50,-55.81,-76.56,-11.3,-6.5,295.5,65.13,1.48,0.000000,0.000000,0,3,7.58,0.00
2027583,-0.88,0.98,-0.23,-56.06,23.31,5.25,-8.9,5.2,302.4,65.13,1.50,0.000000,0.000000,0,3,7.58,0.00
2027889,0.88,0.98,-0.25,45.87,-41.12,33.25,-18.1,14.1,301.6,65.14,1.46,0.000000,0.000000,0,3,7.58,0.00
2028195,1.92,1.19,0.98,-0.06,-0.93,106.62,-17.6,0.6,286.8,65.14,1.37,0.000000,0.000000,0,3,7.58,0.00
2028501,-0.17,-1.05,-0.95,-30.75,-21.75,96.50,-11.9,-2.5,251.0,65.15,1.63,0.000000,0.000000,0,3,7.58,0.00
2028807,0.76,-2.43,0.41,33.68,-15.56,27.56,-10.3,-10.3,227.6,65.15,1.57,0.000000,0.000000,0,3,7.58,0.00
2029113,0.36,-1.14,2.57,-10.00,-71.12,0.06,-10.5,-25.8,228.1,65.16,1.48,0.000000,0.000000,0,3,7.58,0.00
2029419,0.17,1.42,-2.25,-4.37,-22.56,-59.87,2.3,-18.5,239.0,65.17,1.39,0.000000,0.000000,0,3,7.58,0.00
2029725,1.20,0.18,-1.83,11.00,-7.68,-25.81,2.1,-15.6,255.1,65.17,1.44,0.000000,0.000000,0,3,7.58,0.00
2030031,-1.63,0.30,-0.49,19.18,-2.93,-36.37,-2.8,-9.6,266.0,65.18,1.46,0.000000,0.000000,0,3,7.58,0.00
2030337,1.28,0.85,1.17,-11.00,8.31,-8.31,-5.8,-8.4,276.6,65.19,1.45,0.000000,0.000000,0,3,7.58,0.00
2030643,-0.80,1.91,-1.50,48.62,7.50,35.81,-1.3,-11.3,269.4,65.19,1.44,0.000000,0.000000,0,3,7.58,0.00
2030949,-0.07,-0.22,-0.58,-26.31,6.00,2.81,-0.7,-11.8,262.5,65.20,1.37,0.000000,0.000000,0,3,7.58,0.00
2031255,-0.20,-0.05,-0.83,-34.62,5.56,-30.18,-4.0,-6.9,264.8,65.21,1.33,0.000000,0.000000,0,3,7.58,0.00
2031561,0.76,0.45,0.07,6.18,3.25,36.00,-6.5,-6.9,264.3,65.22,1.28,0.000000,0.000000,0,3,7.58,0.00
2031867,-0.98,-0.02,0.88,12.31,-9.62,32.81,-2.2,-9.6,260.1,65.22,1.31,0.000000,0.000000,0,3,7.58,0.00
2032173,0.30,0.30,-0.63,8.37,5.93,16.43,1.6,-10.9,252.5,65.23,1.31,0.000000,0.000000,0,3,7.58,0.00
2032479,-1.67,0.91,0.11,5.87,24.31,1.81,-2.0,-9.5,250.5,65.24,1.34,0.000000,0.000000,0,3,7.57,0.00
2032785,0.34,-0.18,-0.37,3.06,8.56,4.18,-3.6,-7.8,249.3,65.24,1.34,0.000000,0.000000,0,3,7.57,0.00
2033091,-0.38,0.20,0.60,17.93,-3.43,17.87,-8.3,-4.4,249.1,65.25,1.42,0.000000,0.000000,0,3,7.57,0.00
2033397,-0.31,0.70,-0.31,3.87,-5.87,10.31,-6.8,-3.1,249.4,65.25,1.51,0.000000,0.000000,0,3,7.57,0.00
2033703,1.03,2.22,0.13,-11.93,-25.50,-19.43,-6.8,-3.5,252.0,65.25,1.57,0.000000,0.000000,0,3,7.57,0.00
2034009,0.23,0.27,0.52,32.06,-20.25,0.25,-7.3,-5.0,250.8,65.26,1.56,0.000000,0.000000,0,3,7.57,0.00
2034315,0.19,0.75,0.79,26.87,7.68,-75.62,-8.1,-4.1,254.3,65.26,1.59,0.000000,0.000000,0,3,7.57,0.00
2034621,-0.28,-0.90,0.55,0.50,-38.31,-56.37,-3.3,-3.5,265.3,65.27,1.69,0.000000,0.000000,0,3,7.58,0.00
2034927,-0.81,-0.36,-0.11,-7.06,17.68,-36.00,-4.6,-3.5,274.1,65.27,1.90,0.000000,0.000000,0,3,7.58,0.00
2035233,-0.20,0.60,-0.81,-23.43,30.12,-9.00,-13.0,5.1,276.3,65.27,1.87,0.000000,0.000000,0,3,7.58,0.00
2035539,-0.63,0.03,0.38,-32.81,22.50,-2.06,-14.6,9.9,279.1,65.27,1.74,0.000000,0.000000,0,3,7.57,0.00
2035845,0.43,-2.33,2.76,67.06,-55.50,46.93,-10.6,-7.3,278.0,65.28,1.66,0.000000,0.000000,0,3,7.57,0.00
2036151,-2.72,0.35,4.05,-1.12,-82.62,-2.75,0.9,-6.3,265.9,65.29,1.59,0.000000,0.000000,0,3,7.57,0.00
2036763,0.79,1.55,-0.03,-30.37,-34.18,-53.68,6.2,-6.3,259.1,65.30,1.67,0.000000,0.000000,0,3,7.58,0.00
2037069,-0.40,0.12,-1.28,-33.81,36.93,-25.12,7.8,-6.2,259.9,65.30,1.70,0.000000,0.000000,0,3,7.58,0.00
2037375,-0.41,0.81,0.22,-28.25,20.00,-25.81,0.9,-3.6,260.8,65.31,1.68,0.000000,0.000000,0,3,7.58,0.00
2037681,0.58,-0.37,-0.83,82.43,-67.50,23.93,-3.3,-12.1,264.5,65.31,1.61,0.000000,0.000000,0,3,7.58,0.00
2037987,-2.03,-0.41,-0.02,44.06,-36.06,-17.18,7.3,-23.1,259.2,65.32,1.52,0.000000,0.000000,0,3,7.58,0.00
2038293,0.45,3.79,0.93,-8.37,-31.75,-91.31,1.5,-22.6,270.3,65.33,1.59,0.000000,0.000000,0,3,7.58,0.00
2038599,0.00,0.25,-2.83,-32.00,28.56,0.93,-4.4,-16.9,280.6,65.33,1.67,0.000000,0.000000,0,3,7.58,0.00
2038905,-0.31,1.19,-1.01,-3.62,-31.25,-33.18,-0.6,-9.0,287.3,65.33,1.70,0.000000,0.000000,0,3,7.58,0.00
2039211,-0.11,-1.25,-0.05,51.93,-33.31,-0.75,-3.3,-7.3,292.3,65.34,1.72,0.000000,0.000000,0,3,7.58,0.00
2039517,-1.00,2.91,-0.86,-28.62,20.50,-66.56,-4.0,-4.0,307.5,65.34,1.87,0.000000,0.000000,0,3,7.57,0.00
2039823,-1.08,2.68,-0.97,12.87,-13.75,-76.12,-3.9,-0.8,330.3,65.34,1.73,0.000000,0.000000,0,3,7.57,0.00
2040129,-0.15,-0.22,0.55,1.75,-1.31,-33.81,-5.3,-1.1,348.1,65.35,1.63,0.000000,0.000000,0,3,7.57,0.00
2040435,0.37,1.29,-1.04,-18.18,-17.87,-23.43,-6.1,-0.1,353.1,65.35,1.62,0.000000,0.000000,0,3,7.57,0.00
2040741,0.27,0.93,-0.72,24.43,-17.00,-29.43,-6.0,3.1,1.8,65.36,1.59,0.000000,0.000000,0,3,7.58,0.00
2041047,0.83,-1.24,0.50,-3.56,-23.25,14.50,-7.1,-0.1,8.6,65.36,1.68,0.000000,0.000000,0,3,7.58,0.00
2041353,0.69,-0.40,0.07,-47.12,0.56,9.12,-6.5,-0.0,5.6,65.37,1.79,0.000000,0.000000,0,3,7.58,0.00
2041659,0.13,0.74,-0.79,41.56,-5.31,68.68,-2.4,0.1,356.9,65.37,1.94,0.000000,0.000000,0,3,7.58,0.00
2041965,-0.86,0.38,-1.41,-54.62,-57.93,-21.00,7.0,5.0,1.3,65.37,1.66,0.000000,0.000000,0,3,7.58,0.00
2042271,0.11,0.10,1.01,-11.81,-23.75,-17.00,8.3,0.7,2.0,65.37,1.53,0.000000,0.000000,0,3,7.58,0.00
2042577,-0.30,-0.05,-0.67,-27.43,4.68,-31.12,12.6,4.8,11.5,65.38,1.38,0.000000,0.000000,0,3,7.58,0.00
2042883,-0.72,-0.67,0.37,-20.68,0.12,-1.12,11.3,12.7,14.9,65.39,1.35,0.000000,0.000000,0,3,7.58,0.00
2043189,0.46,1.61,-0.02,25.18,30.75,-26.25,6.9,10.2,16.5,65.39,1.35,0.000000,0.000000,0,3,7.58,0.00
2043495,0.57,-0.11,-0.25,-3.06,4.56,-22.93,4.3,8.2,19.8,65.40,1.29,0.000000,0.000000,0,3,7.58,0.00
2043801,0.33,-0.49,-0.81,-10.00,19.00,-53.50,4.8,7.6,31.0,65.41,1.38,0.000000,0.000000,0,3,7.57,0.00
2044107,0.41,-1.22,0.01,-11.81,12.87,-68.56,1.3,10.8,50.9,65.41,1.62,0.000000,0.000000,0,3,7.57,0.00
2044413,0.09,-0.10,-0.10,-0.43,-10.12,-39.50,2.7,9.4,69.6,65.41,1.55,0.000000,0.000000,0,3,7.57,0.00
2044719,-0.18,-0.60,-0.34,-59.06,-29.00,-20.75,11.5,12.4,75.0,65.41,1.52,0.000000,0.000000,0,3,7.58,0.00
2045025,-0.73,-0.00,-0.88,-14.56,20.12,-16.50,14.1,14.5,87.8,65.41,1.87,0.000000,0.000000,0,3,7.58,0.00
2045331,-1.63,0.34,1.25,-16.06,11.12,0.75,8.5,14.6,94.6,65.39,2.26,0.000000,0.000000,0,3,7.58,0.00
2045637,-0.15,0.02,-0.07,21.56,4.93,-26.06,5.6,12.4,96.9,65.39,2.36,0.000000,0.000000,0,3,7.58,0.00
2045943,-0.76,-0.17,0.51,-71.87,-4.37,3.31,7.5,14.0,101.5,65.38,2.39,0.000000,0.000000,0,3,7.58,0.00
2046249,-0.18,1.78,-1.76,41.56,-14.43,26.18,-5.8,18.1,96.8,65.38,2.13,0.000000,0.000000,0,3,7.58,0.00
2046555,0.66,0.98,0.02,-0.18,21.43,1.18,-8.3,20.8,97.4,65.38,2.09,0.000000,0.000000,0,3,7.57,0.00
2046861,-1.63,-0.40,1.45,3.31,-0.93,20.62,-10.5,19.0,94.5,65.37,2.56,0.000000,0.000000,0,3,7.57,0.00
2047167,0.13,0.54,0.20,26.81,11.75,-9.37,-9.9,16.5,95.1,65.36,2.69,0.000000,0.000000,0,3,7.57,0.00
2047473,0.45,0.65,1.38,-0.62,17.12,15.43,-8.3,12.3,94.6,65.35,3.10,0.000000,0.000000,0,3,7.57,0.00
2047779,-0.49,1.90,-1.37,8.50,-11.68,-2.56,-8.9,12.7,94.5,65.34,2.98,0.000000,0.000000,0,3,7.58,0.00
2048085,-0.61,-0.20,1.32,-17.68,-9.12,33.06,-5.8,16.1,90.0,65.34,2.40,0.000000,0.000000,0,3,7.58,0.00
2048391,-0.79,-0.09,0.27,-9.37,46.62,-4.43,-12.6,20.3,86.4,65.35,1.98,0.000000,0.000000,0,3,7.58,0.00
2048697,0.58,-0.74,0.30,8.56,4.00,19.75,-17.7,16.8,83.6,65.35,1.81,0.000000,0.000000,0,3,7.57,0.00
2049003,0.30,-0.46,-0.98,9.06,-10.43,-26.81,-18.5,16.8,81.1,65.35,1.86,0.000000,0.000000,0,3,7.57,0.00
2049309,1.30,0.02,0.15,-13.18,-1.81,-37.06,-17.9,18.6,90.8,65.35,1.77,0.000000,0.000000,0,3,7.57,0.00
2049615,-0.49,0.20,-0.22,34.25,46.18,-45.00,-21.3,24.5,105.9,65.35,1.97,0.000000,0.000000,0,3,7.58,0.00
2049921,-0.11,-0.38,0.20,45.75,6.06,-23.87,-26.4,18.6,122.1,65.34,2.97,0.000000,0.000000,0,3,7.58,0.00
2050227,0.98,-0.37,-1.65,16.06,-24.93,-20.31,-19.6,15.6,123.6,65.32,3.03,0.000000,0.000000,0,3,7.58,0.00
2050533,0.10,0.22,-0.77,-15.93,12.37,-7.56,-16.2,18.6,131.4,65.31,3.02,0.000000,0.000000,0,3,7.58,0.00
2050839,0.00,0.60,0.40,-23.62,18.12,-9.00,-17.1,25.5,135.1,65.30,3.26,0.000000,0.000000,0,3,7.57,0.00
2051145,0.41,0.98,-1.26,12.25,-27.31,1.56,-18.6,20.3,139.0,65.29,2.95,0.000000,0.000000,0,3,7.57,0.00
2051451,-0.91,-4.40,0.61,-88.81,-27.68,27.37,-11.3,19.0,128.9,65.28,2.49,0.000000,0.000000,0,3,7.57,0.00
2051757,0.61,-0.17,-0.38,-12.37,8.31,-5.43,-15.3,20.3,125.6,65.28,2.63,0.000000,0.000000,0,3,7.57,0.00
2052063,-0.45,0.25,-0.31,-28.93,2.81,-7.93,-16.8,24.8,125.5,65.26,3.19,0.000000,0.000000,0,3,7.57,0.00
2052369,0.52,-0.33,-0.55,4.93,-18.81,7.87,-18.1,25.7,124.7,65.24,3.09,0.000000,0.000000,0,3,7.57,0.00
2052675,-0.37,-1.85,-0.12,-94.93,-29.50,61.12,-12.3,22.9,116.0,65.24,2.56,0.000000,0.000000,0,3,7.57,0.00
2052981,-0.11,0.63,-1.05,-25.50,-16.50,27.06,-14.4,22.8,107.4,65.24,2.05,0.000000,0.000000,0,3,7.57,0.00
2053287,-2.34,-0.35,0.86,-33.31,2.12,56.25,-16.0,25.0,97.4,65.25,1.63,0.000000,0.000000,0,3,7.57,0.00
2053593,-1.07,-0.61,0.22,-5.31,-13.12,31.87,-18.4,26.5,84.9,65.26,1.43,0.000000,0.000000,0,3,7.57,0.00
2053899,0.05,-0.73,-0.83,-16.75,-18.43,35.06,-17.4,25.5,74.0,65.26,1.39,0.000000,0.000000,0,3,7.58,0.00
2054205,0.52,0.30,-0.20,-13.75,-5.93,31.93,-21.4,24.3,59.7,65.27,1.47,0.000000,0.000000,0,3,7.58,0.00
2054511,0.50,0.00,-0.07,-17.75,-14.31,23.25,-22.2,25.5,50.5,65.27,1.54,0.000000,0.000000,0,3,7.58,0.00
2054817,0.37,-0.05,0.27,5.12,-6.06,2.00,-21.8,27.8,46.8,65.27,1.57,0.000000,0.000000,0,3,7.57,0.00
2055123,0.27,0.23,0.11,9.06,-3.06,-4.75,-20.0,25.0,47.8,65.28,1.63,0.000000,0.000000,0,3,7.57,0.00
2055429,-0.17,0.37,0.17,11.37,3.43,-2.75,-20.8,22.4,50.8,65.28,1.71,0.000000,0.000000,0,3,7.57,0.00
2055735,0.15,-0.27,-0.52,-6.81,1.25,-8.50,-19.6,21.3,51.4,65.28,1.68,0.000000,0.000000,0,3,7.58,0.00
2056041,0.22,0.02,0.52,-16.25,2.18,-18.31,-18.1,27.0,54.7,65.28,1.62,0.000000,0.000000,0,3,7.58,0.00
2056347,0.28,-0.43,-0.47,6.31,-2.37,-11.12,-17.0,26.8,58.3,65.28,1.63,0.000000,0.000000,0,3,7.58,0.00
2056653,-0.38,0.50,0.20,2.93,3.93,-0.93,-16.9,25.6,62.3,65.29,1.63,0.000000,0.000000,0,3,7.57,0.00
2056959,-0.05,0.11,-0.25,8.18,-15.06,-3.00,-17.0,25.0,62.0,65.29,1.60,0.000000,0.000000,0,3,7.57,0.00
2057265,0.07,-0.22,0.00,-1.87,-3.25,1.25,-15.4,24.3,60.1,65.29,1.52,0.000000,0.000000,0,3,7.57,0.00
2057571,0.09,-0.07,-0.13,-4.18,-2.31,-1.31,-14.8,24.9,61.5,65.30,1.49,0.000000,0.000000,0,3,7.57,0.00
2057877,0.37,-0.22,-0.20,-2.18,-0.93,-3.18,-14.3,25.5,61.5,65.30,1.48,0.000000,0.000000,0,3,7.58,0.00
2058183,-0.07,0.20,-0.03,3.56,1.93,-2.25,-14.3,25.3,62.5,65.30,1.51,0.000000,0.000000,0,3,7.58,0.00
2058489,-0.05,-0.09,0.01,-3.68,-2.00,2.12,-14.3,25.3,62.1,65.31,1.55,0.000000,0.000000,0,3,7.58,0.00
2058795,0.13,0.12,-0.12,1.75,2.87,-1.93,-14.1,25.3,62.0,65.31,1.58,0.000000,0.000000,0,3,7.58,0.00
2059101,0.05,0.03,-0.07,0.18,-0.18,-0.50,-14.5,25.3,62.0,65.31,1.57,0.000000,0.000000,0,3,7.58,0.00
2059407,0.00,0.13,0.00,-0.93,0.50,-0.37,-14.8,25.5,62.3,65.32,1.62,0.000000,0.000000,0,3,7.58,0.00
2059713,0.09,0.11,-0.07,1.12,2.43,-1.50,-14.6,25.8,62.8,65.32,1.68,0.000000,0.000000,0,3,7.57,0.00
2060019,0.00,-0.01,-0.18,-1.81,-2.56,1.06,-14.6,25.9,62.9,65.32,1.67,0.000000,0.000000,0,3,7.57,0.00
2060325,0.11,0.11,-0.09,0.06,-2.12,0.93,-14.6,26.1,62.6,65.33,1.65,0.000000,0.000000,0,3,7.57,0.00
2060631,0.03,-0.07,-0.03,2.25,2.00,-2.18,-14.5,26.1,63.0,65.33,1.65,0.000000,0.000000,0,3,7.57,0.00
2060937,0.09,0.09,-0.17,1.12,0.37,-2.37,-14.3,25.8,63.8,65.33,1.67,0.000000,0.000000,0,3,7.58,0.00
2061243,0.07,-0.03,-0.15,2.68,0.18,0.00,-14.4,25.6,63.9,65.34,1.65,0.000000,0.000000,0,3,7.58,0.00
2061549,0.15,-0.19,0.20,-1.62,3.62,-1.75,-14.5,26.2,63.4,65.34,1.63,0.000000,0.000000,0,3,7.58,0.00
2061855,-0.15,0.20,-0.17,2.87,4.25,-3.00,-13.9,26.1,64.5,65.34,1.63,0.000000,0.000000,0,3,7.62,0.00
2062161,-0.03,-0.07,0.00,-1.12,-1.25,-2.06,-14.2,26.5,65.2,65.35,1.66,0.000000,0.000000,0,3,7.62,0.00
2062467,-0.15,-0.07,0.13,1.81,5.68,2.31,-14.2,26.6,65.6,65.35,1.69,0.000000,0.000000,0,3,7.62,0.00
2062773,0.07,-0.02,-0.19,2.68,1.25,-1.18,-14.3,26.4,66.2,65.35,1.72,0.000000,0.000000,0,3,7.57,0.00
2063079,-0.02,0.00,0.00,1.18,0.62,-3.00,-14.5,26.4,66.5,65.36,1.66,0.000000,0.000000,0,3,7.57,0.00
2063385,0.02,0.41,-0.05,2.12,3.43,-2.37,-14.1,26.5,67.1,65.36,1.58,0.000000,0.000000,0,3,7.57,0.00
2063691,-0.01,-0.07,-0.05,-1.06,1.37,-2.31,-14.2,26.8,67.7,65.37,1.58,0.000000,0.000000,0,3,7.57,0.00
2063997,-0.02,-0.05,0.00,-3.25,0.18,0.62,-14.2,27.2,68.2,65.37,1.61,0.000000,0.000000,0,3,7.58,0.00
2064303,0.07,0.00,-0.05,0.00,-0.93,0.56,-14.1,27.3,68.3,65.37,1.66,0.000000,0.000000,0,3,7.58,0.00
2064609,0.00,0.01,-0.03,1.37,1.06,-1.87,-14.3,27.2,68.5,65.38,1.67,0.000000,0.000000,0,3,7.58,0.00
2064915,0.07,0.19,-0.15,2.56,-0.25,-1.25,-14.2,26.9,69.0,65.38,1.73,0.000000,0.000000,0,3,7.57,0.00
2065221,1.37,-0.27,-0.30,3.56,15.37,-24.62,-14.5,27.2,71.1,65.38,1.74,0.000000,0.000000,0,3,7.57,0.00
2065527,0.28,-0.28,-0.56,18.68,56.62,-68.87,-15.4,29.3,88.9,65.38,1.98,0.000000,0.000000,0,3,7.57,0.00
2065833,0.23,-0.33,0.58,41.56,29.81,-36.25,-18.0,29.1,112.0,65.38,2.21,0.000000,0.000000,0,3,7.57,0.00
2066139,-0.18,0.19,0.36,36.00,-4.62,-7.81,-14.2,22.1,121.0,65.37,2.41,0.000000,0.000000,0,3,7.57,0.00
2066445,0.88,0.11,-1.53,-18.62,9.87,-61.25,-9.9,23.3,134.0,65.37,2.48,0.000000,0.000000,0,3,7.57,0.00
2066751,-0.05,0.45,-0.07,-1.43,2.56,-25.93,-12.6,25.3,146.5,65.36,2.62,0.000000,0.000000,0,3,7.57,0.00
2067057,-0.50,-3.28,0.07,-59.43,-20.06,-40.62,-10.6,28.4,148.2,65.36,2.49,0.000000,0.000000,0,3,7.57,0.00
2067363,-1.21,-0.11,0.46,-3.25,2.81,61.31,-17.2,20.1,144.2,65.36,2.16,0.000000,0.000000,0,3,7.57,0.00
2067669,0.75,1.13,-1.11,29.00,26.43,60.00,-14.6,18.6,130.8,65.36,1.83,0.000000,0.000000,0,3,7.57,0.00
2067975,0.45,1.29,-1.57,12.06,23.62,-5.43,-21.9,16.6,128.7,65.36,1.91,0.000000,0.000000,0,3,7.58,0.00
2068281,-1.90,2.13,-0.81,-37.37,-20.18,-9.37,-24.5,17.1,132.6,65.37,1.68,0.000000,0.000000,0,3,7.58,0.00
2068587,-0.40,-0.58,0.40,48.75,-16.62,-35.25,-22.9,10.6,132.4,65.37,1.37,0.000000,0.000000,0,3,7.58,0.00
2068893,-0.75,-0.77,0.63,15.56,22.87,16.25,-25.1,6.0,135.0,65.38,1.22,0.000000,0.000000,0,3,7.57,0.00
2069199,0.47,0.46,0.30,-7.68,-7.37,-15.43,-26.4,4.8,137.3,65.38,1.08,0.000000,0.000000,0,3,7.57,0.00
2069505,-0.20,-0.01,-0.20,-7.75,-8.93,7.06,-25.3,4.2,138.2,65.39,1.04,0.000000,0.000000,0,3,7.57,0.00
2069811,-0.40,-0.25,0.11,16.62,7.81,15.00,-26.0,5.0,135.6,65.40,0.99,0.000000,0.000000,0,3,7.57,0.00
2070117,0.83,0.22,0.07,-13.62,-10.43,-3.31,-24.2,4.3,133.5,65.40,0.97,0.000000,0.000000,0,3,7.57,0.00
2070423,-1.72,-1.07,2.18,-10.06,5.31,-39.25,-21.6,11.1,136.2,65.40,1.04,0.000000,0.000000,0,3,7.57,0.00
2070729,-0.31,0.00,-1.57,15.62,-12.62,19.12,-17.3,13.1,135.6,65.41,0.98,0.000000,0.000000,0,3,7.57,0.00
2071035,-2.38,-0.18,0.70,8.06,7.68,-34.50,-13.5,25.5,140.6,65.42,0.94,0.000000,0.000000,0,3,7.57,0.00
2071341,0.20,1.00,-3.10,-4.18,-89.93,39.43,1.2,21.3,127.2,65.42,0.95,0.000000,0.000000,0,3,7.57,0.00
2071647,0.49,-1.24,0.35,19.87,-114.87,29.62,17.4,26.9,102.0,65.43,1.05,0.000000,0.000000,0,3,7.57,0.00
2071953,0.03,0.76,0.07,445.81,28.62,480.87,21.3,-2.6,43.8,65.44,1.30,0.000000,0.000000,0,3,7.62,0.00
2072259,-1.04,-0.23,0.88,-10.75,40.93,23.00,4.1,7.5,20.7,65.44,1.54,0.000000,0.000000,0,3,7.62,0.00
2072565,0.63,-0.19,-0.83,-167.37,-33.50,-226.75,8.4,29.7,52.2,65.44,1.51,0.000000,0.000000,0,3,7.62,0.00
2072871,-0.40,-0.57,0.07,-35.43,40.06,-42.00,22.4,37.9,78.8,65.45,1.59,0.000000,0.000000,0,3,7.57,0.00
2073177,-0.81,-0.55,-0.66,-41.43,11.50,3.75,21.9,33.8,89.7,65.45,1.77,0.000000,0.000000,0,3,7.57,0.00
2073483,-2.36,2.77,0.98,-27.37,-75.56,-2.31,30.4,44.6,101.8,65.45,1.57,0.000000,0.000000,0,3,7.57,0.00
2073789,-4.28,1.90,2.89,76.75,151.75,60.43,32.7,53.5,101.6,65.46,1.57,0.000000,0.000000,0,3,7.57,0.00
2074095,-0.47,1.34,0.38,28.87,56.37,5.93,20.2,49.1,94.8,65.46,1.53,0.000000,0.000000,0,3,7.57,0.00
2074401,-1.51,0.80,0.60,24.31,17.87,67.93,9.5,45.5,88.5,65.46,1.50,0.000000,0.000000,0,3,7.57,0.00
2074707,-1.22,0.25,0.80,-7.75,2.62,60.68,0.9,46.6,73.9,65.47,1.49,0.000000,0.000000,0,3,7.57,0.00
2075013,0.33,1.49,-0.31,-18.31,-12.06,45.68,-5.8,52.6,55.3,65.47,1.52,0.000000,0.000000,0,3,7.58,0.00
2075319,-0.10,0.77,0.88,0.62,15.37,43.62,-14.3,57.9,42.3,65.48,1.67,0.000000,0.000000,0,3,7.58,0.00
2075625,-2.68,1.41,1.03,4.31,19.25,-50.81,-22.3,61.5,38.4,65.47,1.80,0.000000,0.000000,0,3,7.58,0.00
2075931,0.75,1.52,0.05,-8.50,-4.50,23.81,-20.3,62.0,38.3,65.48,1.60,0.000000,0.000000,0,3,7.57,0.00
2076237,-1.40,-2.04,-2.05,-79.50,11.12,15.06,-29.3,74.9,32.2,65.48,1.88,0.000000,0.000000,0,3,7.57,0.00
2076543,0.18,-0.07,0.00,12.62,43.12,-1.56,-25.9,86.0,31.1,65.47,1.98,0.000000,0.000000,0,3,7.57,0.00
2076849,-0.95,0.80,0.23,-2.93,-8.37,0.68,-26.6,87.9,33.8,65.47,1.95,0.000000,0.000000,0,3,7.57,0.00
2077155,0.23,0.73,0.00,-17.50,-1.87,23.25,-33.0,78.5,26.1,65.47,1.81,0.000000,0.000000,0,3,7.57,0.00
2077461,-0.57,-0.45,0.81,-10.43,38.68,21.87,-40.1,90.1,13.8,65.47,1.85,0.000000,0.000000,0,3,7.57,0.00
2077767,-1.22,0.09,1.13,-2.37,-21.25,-6.68,-40.2,92.6,18.6,65.47,1.85,0.000000,0.000000,0,3,7.57,0.00
2078073,-0.66,0.15,0.76,4.00,-10.31,5.06,-41.2,86.2,17.3,65.47,1.73,0.000000,0.000000,0,3,7.57,0.00
2078379,1.40,1.50,-2.04,-5.43,-61.50,-12.12,-35.7,71.1,12.6,65.47,1.50,0.000000,0.000000,0,3,7.57,0.00
2078685,-1.25,0.63,-0.38,-4.31,55.06,-0.93,-39.5,79.7,13.0,65.47,1.68,0.000000,0.000000,0,3,7.57,0.00
2078991,0.10,0.63,0.37,-29.00,-1.31,4.93,-38.8,92.1,8.1,65.47,1.78,0.000000,0.000000,0,3,7.58,0.00
2079297,0.07,-0.22,0.27,9.68,25.87,3.50,-41.1,98.7,6.2,65.47,1.95,0.000000,0.000000,0,3,7.58,0.00
2079603,-1.63,0.65,1.65,19.12,8.93,-4.12,-42.0,98.2,7.0,65.46,2.12,0.000000,0.000000,0,3,7.58,0.00
2079909,-0.45,0.35,0.55,21.43,-0.62,4.62,-41.6,93.3,9.7,65.46,2.40,0.000000,0.000000,0,3,7.57,0.00
2080215,0.05,2.20,-0.55,28.06,39.25,3.25,-40.0,86.1,17.0,65.45,2.30,0.000000,0.000000,0,3,7.57,0.00
2080521,0.13,0.13,0.13,-26.62,-37.12,-1.50,-41.4,95.5,17.1,65.45,1.86,0.000000,0.000000,0,3,7.57,0.00
2080827,0.18,-0.15,0.27,-17.37,-11.56,-2.81,-42.0,98.8,7.8,65.45,1.65,0.000000,0.000000,0,3,7.57,0.00
2081133,-0.17,0.10,0.22,1.68,14.06,0.06,-42.3,100.5,8.5,65.46,1.56,0.000000,0.000000,0,3,7.57,0.00
2081439,-0.03,0.35,0.10,9.87,3.06,-2.68,-41.7,99.5,12.6,65.46,1.56,0.000000,0.000000,0,3,7.57,0.00
2081745,-0.19,0.30,-0.00,-1.00,0.31,-0.43,-41.8,99.3,14.2,65.46,1.47,0.000000,0.000000,0,3,7.57,0.00
2082051,-0.05,0.00,0.22,-6.00,-2.37,0.31,-42.1,99.8,12.6,65.46,1.32,0.000000,0.000000,0,3,7.57,0.00
2082357,0.15,0.12,0.09,0.75,2.00,0.37,-42.3,100.3,12.0,65.47,1.19,0.000000,0.000000,0,3,7.57,0.00
2082663,0.11,0.18,0.00,3.31,2.56,0.50,-42.3,100.5,13.2,65.47,1.19,0.000000,0.000000,0,3,7.57,0.00
2082969,0.07,0.19,0.02,0.06,-0.12,0.18,-42.3,100.8,14.3,65.47,1.27,0.000000,0.000000,0,3,7.57,0.00
2083275,0.07,0.15,0.07,-0.43,-2.00,0.62,-42.4,100.9,14.2,65.48,1.34,0.000000,0.000000,0,3,7.57,0.00
2083581,0.03,0.22,0.09,-0.06,0.43,-0.62,-42.5,100.9,14.0,65.48,1.37,0.000000,0.000000,0,3,7.57,0.00
2083887,0.05,0.12,0.00,1.00,1.93,-0.25,-42.4,101.1,14.1,65.48,1.33,0.000000,0.000000,0,3,7.57,0.00
2084193,0.12,0.07,0.03,-0.06,1.00,0.87,-42.5,101.3,14.3,65.49,1.19,0.000000,0.000000,0,3,7.57,0.00
2084499,0.00,0.10,0.02,-0.18,-1.31,0.25,-42.6,101.2,14.5,65.49,1.07,0.000000,0.000000,0,3,7.57,0.00
2084805,0.05,-0.00,0.23,-5.43,-5.00,1.87,-42.7,101.0,13.3,65.50,1.03,0.000000,0.000000,0,3,7.57,0.00
2085111,0.25,0.13,-0.13,-16.43,-10.62,-3.81,-43.6,100.1,8.0,65.50,1.03,0.000000,0.000000,0,3,7.57,0.00
2085417,0.05,0.43,0.09,-13.00,0.31,-3.87,-43.4,102.8,7.5,65.51,1.10,0.000000,0.000000,0,3,7.57,0.00
2085723,-0.00,-1.09,0.25,-1.31,2.50,9.62,-43.3,106.9,7.2,65.51,1.35,0.000000,0.000000,0,3,7.57,0.00
2086029,0.50,0.41,0.76,-12.25,-20.37,0.00,-43.7,107.1,2.5,65.50,1.72,0.000000,0.000000,0,3,7.57,0.00
2086335,-1.23,0.40,0.11,-5.43,-47.93,-21.18,-47.2,102.4,345.3,65.50,1.93,0.000000,0.000000,0,3,7.57,0.00
2086641,1.46,1.75,-1.46,29.31,-6.68,-25.56,-37.6,85.8,343.6,65.50,1.83,0.000000,0.000000,0,3,7.57,0.00
2086947,0.37,1.72,0.05,-12.12,48.12,36.43,-38.3,89.6,343.3,65.50,1.84,0.000000,0.000000,0,3,7.57,0.00
2087253,-1.52,0.10,1.32,10.87,52.50,-12.75,-43.7,108.0,335.3,65.50,1.94,0.000000,0.000000,0,3,7.57,0.00
2087559,-0.60,0.56,1.52,30.25,33.00,6.93,-39.5,112.1,350.0,65.50,1.78,0.000000,0.000000,0,3,7.57,0.00
2087865,0.67,-0.75,-0.73,47.12,57.25,6.25,-38.2,108.5,6.6,65.50,1.72,0.000000,0.000000,0,3,7.57,0.00
2088171,0.70,1.90,-1.36,37.43,-8.87,-9.93,-38.8,102.6,12.5,65.50,1.74,0.000000,0.000000,0,3,7.57,0.00
2088477,-0.05,0.41,0.40,14.12,-52.37,-19.68,-33.6,85.5,20.6,65.50,1.63,0.000000,0.000000,0,3,7.57,0.00
2088783,-0.17,0.40,-1.36,-3.56,70.00,31.43,-38.6,87.6,24.0,65.50,1.66,0.000000,0.000000,0,3,7.57,0.00
2089089,-1.73,0.47,1.25,-37.56,-10.81,-8.06,-37.6,105.8,36.1,65.50,1.64,0.000000,0.000000,0,3,7.56,0.00
2089395,1.03,-0.60,-0.75,-11.25,-8.00,1.06,-37.8,108.8,34.7,65.51,1.52,0.000000,0.000000,0,3,7.56,0.00
2089701,0.11,0.25,0.63,-19.18,-13.81,-7.93,-38.6,111.0,31.6,65.51,1.55,0.000000,0.000000,0,3,7.56,0.00
2090007,0.76,0.37,-0.30,12.37,11.12,5.31,-38.5,110.6,26.1,65.51,1.51,0.000000,0.000000,0,3,7.57,0.00
2090313,-0.17,0.63,0.11,6.06,8.43,1.81,-38.3,110.5,31.1,65.52,1.31,0.000000,0.000000,0,3,7.57,0.00
2090619,0.33,0.00,-0.12,-2.37,0.06,1.06,-38.3,111.3,29.5,65.52,1.15,0.000000,0.000000,0,3,7.57,0.00
2090925,0.23,0.05,0.00,0.31,1.68,1.31,-38.4,111.8,30.2,65.53,1.15,0.000000,0.000000,0,3,7.57,0.00
2091231,0.10,0.12,0.00,-1.37,-2.87,0.68,-38.8,111.6,30.0,65.53,1.18,0.000000,0.000000,0,3,7.56,0.00
2091537,0.23,-0.07,-0.01,-2.93,-1.18,1.56,-39.3,111.7,28.3,65.54,1.21,0.000000,0.000000,0,3,7.56,0.00
2091843,0.17,0.13,0.11,2.43,0.43,0.18,-39.6,111.5,27.8,65.54,1.24,0.000000,0.000000,0,3,7.56,0.00
2092149,0.00,0.09,0.03,-0.87,-3.43,-0.50,-39.5,111.4,28.0,65.54,1.27,0.000000,0.000000,0,3,7.59,0.00
2092455,0.22,0.05,0.05,-2.75,-4.62,-1.31,-39.7,111.1,26.9,65.54,1.28,0.000000,0.000000,0,3,7.59,0.00
2092761,0.03,0.05,0.05,0.00,0.25,0.06,-39.7,111.0,26.5,65.55,1.35,0.000000,0.000000,0,3,7.59,0.00
2093067,0.19,0.07,0.00,-0.50,-0.31,-0.18,-39.6,111.1,26.5,65.55,1.51,0.000000,0.000000,0,3,7.58,0.00
2093373,0.15,0.15,0.00,-0.43,1.68,0.18,-39.5,111.3,27.1,65.55,1.54,0.000000,0.000000,0,3,7.58,0.00
2093679,0.22,0.17,0.00,0.93,-0.12,0.18,-39.5,111.6,27.5,65.55,1.54,0.000000,0.000000,0,3,7.58,0.00
2093985,0.12,0.11,0.00,-0.93,-1.62,-0.50,-39.6,111.5,27.4,65.55,1.57,0.000000,0.000000,0,3,7.58,0.00
2094291,0.22,0.10,0.02,-0.31,-2.68,-0.75,-39.6,111.1,27.0,65.55,1.57,0.000000,0.000000,0,3,7.57,0.00
2094597,0.13,0.07,0.05,-1.75,-2.50,-0.31,-39.6,111.0,26.5,65.55,1.65,0.000000,0.000000,0,3,7.57,0.00
2094903,0.13,0.09,0.00,0.25,1.06,0.75,-39.8,111.0,25.9,65.55,1.63,0.000000,0.000000,0,3,7.57,0.00
2095209,0.12,0.15,0.05,-0.56,-0.06,-0.18,-39.8,111.1,25.8,65.55,1.62,0.000000,0.000000,0,3,7.57,0.00
2095515,0.11,0.05,0.01,0.00,-0.68,0.31,-39.8,111.1,25.8,65.55,1.70,0.000000,0.000000,0,3,7.57,0.00
2095821,0.22,0.07,-0.01,-0.18,-1.31,0.18,-39.9,110.9,25.5,65.55,1.75,0.000000,0.000000,0,3,7.57,0.00
2096127,0.15,0.07,0.00,0.50,-0.87,1.12,-40.0,110.8,25.4,65.55,1.75,0.000000,0.000000,0,3,7.57,0.00
2096433,0.19,0.10,0.09,-0.06,0.43,0.81,-40.3,110.6,25.0,65.55,1.70,0.000000,0.000000,0,3,7.57,0.00
2096739,0.05,0.00,0.00,1.12,2.68,0.75,-40.5,110.8,25.1,65.55,1.70,0.000000,0.000000,0,3,7.57,0.00
2097045,0.18,0.01,0.05,-0.12,1.68,-0.25,-40.4,111.0,26.0,65.55,1.66,0.000000,0.000000,0,3,7.57,0.00
2097351,0.12,0.18,0.05,-0.06,-0.87,-0.56,-40.3,111.1,25.8,65.55,1.74,0.000000,0.000000,0,3,7.57,0.00
2097657,0.11,0.02,0.00,1.50,0.56,-0.87,-40.1,110.9,26.1,65.55,1.85,0.000000,0.000000,0,3,7.57,0.00
2097963,0.15,0.05,0.05,-2.18,-2.06,-0.87,-40.0,110.6,26.2,65.55,1.84,0.000000,0.000000,0,3,7.57,0.00
2098269,0.37,0.00,0.33,0.93,7.81,2.62,-40.1,111.1,26.1,65.55,1.77,0.000000,0.000000,0,3,7.61,0.00
2098575,0.19,0.37,-0.23,11.81,15.87,-2.00,-39.9,110.9,28.0,65.55,1.74,0.000000,0.000000,0,3,7.61,0.00
2098881,-0.09,0.25,-0.05,1.93,0.18,-1.06,-39.1,110.8,31.3,65.55,1.74,0.000000,0.000000,0,3,7.61,0.00
2099187,0.11,-0.00,0.00,-4.62,-1.00,-1.68,-39.0,111.1,30.9,65.55,1.69,0.000000,0.000000,0,3,7.57,0.00
2099493,0.23,0.02,0.05,0.31,1.25,1.12,-39.3,110.7,29.0,65.56,1.66,0.000000,0.000000,0,3,7.57,0.00
2099799,0.34,0.01,0.11,3.25,5.37,0.37,-39.2,110.5,30.1,65.56,1.66,0.000000,0.000000,0,3,7.57,0.00
2100105,0.03,0.19,0.02,-2.75,-3.12,-1.31,-38.9,110.9,30.3,65.56,1.70,0.000000,0.000000,0,3,7.57,0.00
2100411,0.13,0.00,0.07,-3.37,-4.31,-1.81,-38.9,110.8,28.8,65.56,1.76,0.000000,0.000000,0,3,7.57,0.00
2100717,0.07,0.18,0.02,1.62,3.18,-1.00,-38.6,110.8,28.9,65.56,1.82,0.000000,0.000000,0,3,7.57,0.00
2101023,0.09,0.20,-0.05,-0.56,-0.12,-2.31,-38.1,110.8,29.9,65.56,1.86,0.000000,0.000000,0,3,7.57,0.00
2101329,0.00,0.11,0.00,-5.06,-6.68,-4.00,-37.6,110.6,29.0,65.56,1.83,0.000000,0.000000,0,3,7.57,0.00
2101635,-0.07,0.41,0.07,-7.93,-14.93,-5.56,-37.5,110.4,25.8,65.56,1.79,0.000000,0.000000,0,3,7.57,0.00
2101941,0.75,0.40,-0.19,-9.18,-37.12,11.06,-38.7,109.3,18.7,65.56,1.74,0.000000,0.000000,0,3,7.57,0.00
2102247,1.00,-0.25,-0.56,-40.25,-11.12,-4.37,-44.6,111.8,359.8,65.56,1.83,0.000000,0.000000,0,3,7.56,0.00
2102553,-1.15,-1.30,0.98,-12.31,17.50,-10.25,-43.3,117.9,353.5,65.56,1.90,0.000000,0.000000,0,3,7.56,0.00
2102859,0.83,0.68,-0.00,22.68,-32.75,-24.56,-39.8,109.5,356.6,65.56,1.76,0.000000,0.000000,0,3,7.56,0.00
2103471,-3.41,3.04,1.60,-31.31,33.12,-26.37,-39.0,107.5,0.8,65.57,1.75,0.000000,0.000000,0,3,7.57,0.00
2103777,0.11,0.25,-0.54,12.37,10.18,10.06,-37.3,107.8,8.6,65.57,1.74,0.000000,0.000000,0,3,7.57,0.00
2104083,0.63,0.47,-0.40,-14.56,-4.37,7.87,-38.5,110.0,8.1,65.57,1.76,0.000000,0.000000,0,3,7.57,0.00
2104389,-2.75,1.48,0.50,6.50,-21.75,5.43,-43.1,113.0,355.6,65.57,1.92,0.000000,0.000000,0,3,7.57,0.00
2104695,0.38,0.80,0.98,3.93,5.56,-4.75,-38.3,108.3,353.1,65.57,1.84,0.000000,0.000000,0,3,7.57,0.00
2105001,-1.24,-0.05,-0.70,43.18,39.50,25.43,-40.2,109.0,347.9,65.57,1.88,0.000000,0.000000,0,3,7.57,0.00
2105307,0.88,1.05,0.68,32.31,49.12,17.12,-38.1,112.1,359.4,65.57,1.90,0.000000,0.000000,0,3,7.57,0.00
2105613,0.75,-5.46,-2.02,8.81,16.81,62.18,-42.0,116.5,356.8,65.58,1.91,0.000000,0.000000,0,3,7.57,0.00
2106225,0.03,-1.66,-0.98,-34.37,-2.25,0.12,-39.1,108.9,12.9,65.58,1.65,0.000000,0.000000,0,3,7.57,0.00
2106531,2.46,-0.55,-0.07,-41.12,-16.75,-17.37,-42.8,114.0,11.1,65.58,1.77,0.000000,0.000000,0,3,7.57,0.00
2106837,0.30,-1.63,-0.20,-38.43,-46.87,-5.18,-44.1,114.0,10.2,65.58,1.97,0.000000,0.000000,0,3,7.57,0.00
2107143,0.77,2.13,-0.31,-68.81,-73.18,-56.68,-47.0,112.0,10.0,65.58,2.05,0.000000,0.000000,0,3,7.57,0.00
2107449,1.72,0.51,-0.30,-31.56,-17.50,-16.18,-40.1,106.0,17.0,65.58,1.97,0.000000,0.000000,0,3,7.57,0.00
2107755,-6.03,9.14,0.43,56.81,33.50,32.87,-43.6,108.4,26.3,65.57,1.97,0.000000,0.000000,0,3,7.57,0.00
2108061,-0.10,-0.67,-0.57,-8.81,-1.56,-3.25,-42.3,108.3,20.2,65.57,1.94,0.000000,0.000000,0,3,7.57,0.00
2108367,3.14,-0.25,0.86,28.31,-1.56,-23.56,-43.7,102.9,18.8,65.57,1.94,0.000000,0.000000,0,3,7.57,0.00
2108673,0.69,0.34,-0.50,-33.43,7.18,-18.12,-40.4,100.8,25.8,65.57,1.87,0.000000,0.000000,0,3,7.57,0.00
2108979,-0.07,-0.30,1.32,-3.06,33.56,31.50,-40.3,113.3,14.3,65.57,1.67,0.000000,0.000000,0,3,7.57,0.00
2109591,-2.47,2.73,0.47,160.75,119.87,43.81,-47.6,120.5,4.7,65.57,1.62,0.000000,0.000000,0,3,7.56,0.00
2109897,0.35,0.91,-0.56,6.62,6.18,-35.81,-39.6,106.7,29.0,65.58,1.66,0.000000,0.000000,0,3,7.56,0.00
2110203,-3.70,3.31,0.34,90.68,71.81,43.87,-40.8,104.1,35.3,65.58,1.76,0.000000,0.000000,0,3,7.57,0.00
2110509,0.34,1.32,0.80,6.62,23.31,19.93,-44.8,104.8,38.0,65.58,1.73,0.000000,0.000000,0,3,7.57,0.00
2110815,-4.28,0.34,1.86,93.81,112.00,57.75,-43.3,122.8,40.5,65.58,1.86,0.000000,0.000000,0,3,7.57,0.00
2111121,1.26,0.60,1.63,-19.93,-41.75,-44.37,-38.6,120.1,37.6,65.58,1.61,0.000000,0.000000,0,3,7.57,0.00
2111427,-5.86,0.73,0.20,-18.62,-37.12,-32.00,-35.2,125.0,17.1,65.58,1.48,0.000000,0.000000,0,3,7.57,0.00
2111733,0.45,0.44,0.15,26.81,8.06,19.68,-39.0,121.6,8.3,65.58,1.44,0.000000,0.000000,0,3,7.57,0.00
2112039,1.63,-1.65,-0.63,-8.43,-8.43,3.06,-41.1,119.4,5.5,65.58,1.65,0.000000,0.000000,0,3,7.57,0.00
2112345,3.55,-0.41,-4.59,13.81,-20.50,-30.25,-44.0,116.5,9.4,65.58,2.02,0.000000,0.000000,0,3,7.57,0.00
2112651,2.66,0.91,0.05,-61.00,-32.87,-48.25,-38.1,108.9,18.3,65.58,2.05,0.000000,0.000000,0,3,7.57,0.00
2112957,-2.47,0.54,-0.76,48.12,54.75,38.93,-37.8,118.3,18.0,65.57,2.15,0.000000,0.000000,0,3,7.57,0.00
2113263,1.57,1.15,-0.52,28.31,20.62,7.68,-40.0,114.8,16.6,65.57,2.00,0.000000,0.000000,0,3,7.56,0.00
2113569,1.74,-3.56,-2.76,-24.12,-54.50,12.68,-42.1,114.4,13.1,65.57,2.26,0.000000,0.000000,0,3,7.56,0.00
2113875,0.83,0.20,1.35,-10.68,0.81,-23.50,-41.3,111.4,17.3,65.57,2.01,0.000000,0.000000,0,3,7.56,0.00
2114181,-1.08,0.81,-0.91,0.68,9.37,3.18,-39.1,114.5,20.8,65.57,1.69,0.000000,0.000000,0,3,7.56,0.00
2114793,-0.83,0.17,1.29,7.00,36.12,29.93,-39.5,114.4,22.6,65.58,1.81,0.000000,0.000000,0,3,7.57,0.00
2115099,0.73,1.48,-1.86,16.62,-61.81,-27.68,-42.2,115.9,17.8,65.57,2.26,0.000000,0.000000,0,3,7.57,0.00
2115405,-0.90,0.83,1.69,52.43,32.62,12.31,-37.5,102.3,20.7,65.57,1.88,0.000000,0.000000,0,3,7.57,0.00
2115711,-0.72,-3.30,-2.96,17.93,37.93,40.75,-40.8,108.0,16.0,65.57,1.84,0.000000,0.000000,0,3,7.57,0.00
2116017,1.27,0.91,-1.83,56.00,38.93,25.31,-41.4,110.3,26.5,65.57,1.89,0.000000,0.000000,0,3,7.57,0.00
2116629,0.61,-0.81,-0.01,-25.93,-25.25,-5.68,-41.1,113.1,37.3,65.57,2.01,0.000000,0.000000,0,3,7.61,0.00
2116935,0.91,0.01,0.66,-18.00,-53.18,-21.12,-42.6,107.3,29.5,65.57,1.92,0.000000,0.000000,0,3,7.61,0.00
2117241,1.63,1.46,-1.72,-50.68,-32.93,-33.81,-38.7,107.8,24.1,65.57,1.78,0.000000,0.000000,0,3,7.57,0.00
2117547,-1.44,-2.65,0.09,-33.75,3.68,16.37,-38.5,118.7,4.2,65.57,1.70,0.000000,0.000000,0,3,7.57,0.00
2117853,0.63,0.44,-2.21,15.56,-12.31,-16.37,-38.9,117.1,357.2,65.58,1.58,0.000000,0.000000,0,3,7.57,0.00
2118159,-0.11,0.88,0.72,38.62,34.12,18.25,-38.6,109.9,6.9,65.58,1.72,0.000000,0.000000,0,3,7.57,0.00
2118465,2.14,-6.23,-3.23,-59.56,-62.00,6.62,-39.2,113.6,0.6,65.58,1.81,0.000000,0.000000,0,3,7.57,0.00
2118771,-0.47,1.95,1.61,-3.31,-49.50,-21.25,-39.3,106.8,354.1,65.58,1.81,0.000000,0.000000,0,3,7.57,0.00
2119077,0.60,1.61,-0.12,-20.56,12.18,4.18,-39.1,103.4,345.6,65.58,1.70,0.000000,0.000000,0,3,7.57,0.00
2119383,-1.25,0.55,-0.02,4.37,44.06,10.81,-38.6,116.3,343.0,65.58,1.66,0.000000,0.000000,0,3,7.57,0.00
2119995,0.40,0.18,-0.57,24.37,15.06,15.25,-38.2,109.1,355.4,65.59,1.42,0.000000,0.000000,0,3,7.57,0.00
2120301,2.10,0.81,-0.98,-21.62,-9.87,-0.50,-39.1,108.5,356.0,65.59,1.50,0.000000,0.000000,0,3,7.57,0.00
2120607,0.51,-1.20,0.15,-6.37,24.62,16.18,-41.3,119.8,344.0,65.59,1.70,0.000000,0.000000,0,3,7.57,0.00
2120913,-0.54,-0.75,2.80,42.81,0.43,-9.87,-40.6,112.0,348.9,65.59,1.72,0.000000,0.000000,0,3,7.57,0.00
2121219,0.90,1.19,0.41,-0.43,14.75,-2.37,-38.1,107.7,4.0,65.59,1.83,0.000000,0.000000,0,3,7.57,0.00
2121525,-0.88,1.52,-1.37,80.12,84.06,28.12,-37.7,116.8,14.3,65.59,1.97,0.000000,0.000000,0,3,7.57,0.00
2122137,0.23,-0.76,-0.77,-34.25,-13.81,10.25,-39.0,109.1,22.2,65.59,1.79,0.000000,0.000000,0,3,7.57,0.00
2122443,1.33,0.37,-1.96,-31.18,-45.31,-22.00,-41.6,113.7,6.0,65.59,1.72,0.000000,0.000000,0,3,7.57,0.00
2122749,0.91,0.88,-0.55,-23.43,11.87,-9.00,-40.0,111.2,359.7,65.60,1.53,0.000000,0.000000,0,3,7.57,0.00
2123055,-3.70,1.33,1.15,-64.81,-59.25,-49.06,-35.1,120.8,350.5,65.60,1.61,0.000000,0.000000,0,3,7.57,0.00
2123361,0.33,0.74,-0.70,22.37,13.68,12.12,-39.5,117.4,339.8,65.60,1.57,0.000000,0.000000,0,3,7.57,0.00
2123667,-0.15,0.30,0.30,5.25,13.31,1.25,-40.0,112.1,346.1,65.61,1.48,0.000000,0.000000,0,3,7.57,0.00
2123973,-0.28,0.55,-0.05,22.43,50.62,4.68,-38.3,112.6,353.5,65.61,1.42,0.000000,0.000000,0,3,7.57,0.00
2124585,0.07,0.00,0.00,-20.87,-4.87,-7.12,-37.0,115.6,352.7,65.62,1.19,0.000000,0.000000,0,3,7.57,0.00
2124891,0.33,0.00,0.10,-9.43,-12.62,-0.25,-38.1,117.5,344.6,65.63,1.17,0.000000,0.000000,0,3,7.57,0.00
2125197,0.41,0.07,0.20,5.12,10.62,-6.50,-37.4,117.9,345.8,65.63,1.26,0.000000,0.000000,0,3,7.57,0.00
2125503,-0.11,0.70,0.18,-1.93,-3.18,1.06,-35.8,119.0,349.1,65.62,1.87,0.000000,0.000000,0,3,7.57,0.00
2126115,0.07,0.50,-0.05,16.31,9.87,2.06,-33.6,119.6,356.2,65.60,2.59,0.000000,0.000000,0,3,7.57,0.00
2126421,-0.20,-0.02,0.03,-13.31,-10.12,3.68,-33.5,120.1,354.3,65.59,2.80,0.000000,0.000000,0,3,7.56,0.00
2126727,-0.10,-0.00,0.11,-9.00,-8.75,-1.87,-36.1,121.0,341.7,65.58,2.82,0.000000,0.000000,0,3,7.56,0.00
2127033,0.12,0.00,0.11,-23.62,-39.50,-15.18,-37.8,120.1,330.0,65.57,3.11,0.000000,0.000000,0,3,7.56,0.00
2127645,0.13,-0.05,0.30,-32.37,-35.68,-14.18,-41.0,119.1,300.0,65.55,2.82,0.000000,0.000000,0,3,7.57,0.00
2127951,0.30,-0.20,-0.05,-23.43,-16.56,-10.43,-43.1,120.5,285.3,65.55,2.36,0.000000,0.000000,0,3,7.57,0.00
2128257,0.15,0.23,-0.05,-10.50,-17.62,-14.31,-42.5,119.8,280.5,65.54,2.33,0.000000,0.000000,0,3,7.57,0.00
2128563,-0.47,0.11,0.33,-22.12,-15.43,-12.56,-42.1,119.7,273.8,65.53,2.43,0.000000,0.000000,0,3,7.56,0.00
2129175,-0.67,0.55,0.22,-41.62,-22.75,-24.68,-43.6,122.6,243.7,65.51,2.64,0.000000,0.000000,0,3,7.56,0.00
2129481,-0.05,0.20,0.52,-19.50,-20.50,-22.68,-39.4,124.1,234.4,65.51,1.86,0.000000,0.000000,0,3,7.57,0.00
2130093,-0.10,-0.13,-0.33,11.81,35.62,12.75,-38.9,125.3,232.1,65.51,1.48,0.000000,0.000000,0,3,7.57,0.00
2130399,-0.46,-1.37,-0.85,-46.68,-16.62,-21.18,-36.9,130.6,227.1,65.51,1.64,0.000000,0.000000,0,3,7.57,0.00
2130705,1.82,-0.05,-1.85,12.12,-27.75,-37.75,-37.6,125.7,219.8,65.50,1.79,0.000000,0.000000,0,3,7.57,0.00
2131011,-0.18,0.63,1.47,-2.18,7.00,4.81,-36.5,117.5,221.5,65.50,1.80,0.000000,0.000000,0,3,7.57,0.00
2131317,-2.73,1.57,1.86,-0.62,20.18,12.31,-37.8,122.5,218.3,65.50,1.91,0.000000,0.000000,0,3,7.57,0.00
2131929,0.67,-4.46,-2.41,3.87,12.00,55.25,-44.7,119.0,212.6,65.49,1.97,0.000000,0.000000,0,3,7.57,0.00
2132235,-5.28,4.15,5.30,-9.87,41.43,-81.37,-38.6,114.8,221.8,65.49,2.33,0.000000,0.000000,0,3,7.57,0.00
2132541,0.17,-1.12,1.09,-28.06,-5.06,14.18,-28.8,127.5,215.5,65.48,2.64,0.000000,0.000000,0,3,7.57,0.00
2132847,-1.34,-0.07,2.24,21.37,5.06,-50.75,-34.3,133.5,198.1,65.47,2.43,0.000000,0.000000,0,3,7.57,0.00
2133153,0.68,0.69,0.18,24.93,12.87,4.12,-31.4,121.0,219.8,65.47,2.14,0.000000,0.000000,0,3,7.57,0.00
2133765,1.90,0.52,1.19,11.75,-25.75,-23.81,-34.4,117.6,225.6,65.46,2.29,0.000000,0.000000,0,3,7.57,0.00
2134071,0.98,-1.24,-1.01,-69.75,-36.18,-50.62,-32.0,128.0,213.5,65.46,2.14,0.000000,0.000000,0,3,7.57,0.00
2134377,2.64,0.86,-1.14,30.37,-3.31,33.81,-26.6,130.9,207.3,65.46,2.10,0.000000,0.000000,0,3,7.57,0.00
2134683,2.44,-0.10,-1.77,20.18,-10.50,4.37,-31.8,126.3,212.2,65.45,2.17,0.000000,0.000000,0,3,7.57,0.00
2134989,-0.07,0.27,0.65,22.75,62.81,23.75,-33.5,123.8,220.3,65.45,2.13,0.000000,0.000000,0,3,7.57,0.00
2135295,1.04,-0.91,0.09,7.43,18.12,10.50,-29.4,128.4,238.3,65.45,1.95,0.000000,0.000000,0,3,7.57,0.00
2135907,0.45,-0.74,0.91,-25.56,-15.81,-34.25,-26.7,119.7,234.8,65.46,1.58,0.000000,0.000000,0,3,7.56,0.00
2136213,-0.33,-0.33,0.49,-45.87,-13.25,8.25,-31.3,123.9,221.4,65.46,1.61,0.000000,0.000000,0,3,7.56,0.00
2136519,0.83,0.02,-0.00,-2.81,4.12,-10.87,-32.1,130.6,210.2,65.47,1.64,0.000000,0.000000,0,3,7.57,0.00
2136825,0.41,0.81,-1.12,23.43,33.37,16.37,-30.9,126.8,222.8,65.46,1.75,0.000000,0.000000,0,3,7.57,0.00
2137437,-1.19,-2.76,-1.48,-37.12,-65.93,-21.31,-32.1,137.3,226.3,65.47,1.77,0.000000,0.000000,0,3,7.57,0.00
2137743,-0.10,0.18,-0.88,45.93,-8.12,-40.12,-33.1,123.3,232.6,65.47,2.02,0.000000,0.000000,0,3,7.57,0.00
2138049,0.52,0.80,0.50,-7.31,-1.12,-5.87,-25.5,116.5,246.3,65.46,2.21,0.000000,0.000000,0,3,7.57,0.00
2138355,0.93,-2.72,-3.00,-69.68,-4.43,17.68,-27.3,131.1,237.0,65.46,2.01,0.000000,0.000000,0,3,7.57,0.00
2138661,-1.48,-0.88,2.81,2.75,11.06,28.87,-31.2,138.1,231.1,65.46,1.87,0.000000,0.000000,0,3,7.57,0.00
2138967,1.47,0.33,-2.26,1.56,-3.56,-3.68,-30.7,138.3,232.8,65.47,1.85,0.000000,0.000000,0,3,7.57,0.00
2139273,1.88,1.09,2.02,23.00,21.12,-17.75,-32.3,131.0,240.8,65.46,1.96,0.000000,0.000000,0,3,7.57,0.00
2139885,1.65,1.69,0.98,31.00,19.43,6.56,-28.1,127.0,262.5,65.46,1.62,0.000000,0.000000,0,3,7.57,0.00
2140191,1.97,-3.93,-4.34,-62.43,-64.93,-20.68,-28.4,126.9,260.1,65.47,1.66,0.000000,0.000000,0,3,7.57,0.00
2140497,1.22,0.85,1.84,-23.75,-13.43,-46.87,-28.0,128.5,253.2,65.47,1.70,0.000000,0.000000,0,3,7.56,0.00
2140803,-0.34,-0.12,0.81,-34.37,14.81,9.62,-25.1,133.8,250.3,65.47,1.84,0.000000,0.000000,0,3,7.56,0.00
2141415,-0.55,-2.23,0.63,6.87,-8.50,-11.18,-32.0,132.9,244.6,65.48,1.67,0.000000,0.000000,0,3,7.56,0.00
2141721,-1.67,0.95,0.18,53.06,48.93,68.75,-34.9,132.3,239.8,65.48,1.67,0.000000,0.000000,0,3,7.56,0.00
2142027,2.26,-0.09,0.31,-6.81,23.18,-15.75,-30.3,132.0,248.7,65.48,1.81,0.000000,0.000000,0,3,7.56,0.00
2142333,-4.90,3.45,1.25,69.62,69.68,101.75,-31.5,134.3,257.2,65.47,1.85,0.000000,0.000000,0,3,7.56,0.00
2142639,-0.75,1.32,0.12,12.93,25.68,16.25,-31.6,133.0,264.2,65.48,1.73,0.000000,0.000000,0,3,7.57,0.00
2142945,0.07,2.41,-1.77,11.18,-28.25,-38.06,-32.1,133.5,263.3,65.48,1.72,0.000000,0.000000,0,3,7.57,0.00
2144781,1.67,0.40,0.90,-2.00,-45.50,-31.12,-32.6,132.2,253.8,65.47,2.33,0.000000,0.000000,0,3,7.57,0.00
2145393,0.15,3.00,2.02,-6.81,10.75,-33.25,-34.0,123.8,264.5,65.47,1.79,0.000000,0.000000,0,3,7.57,0.00
2145699,0.86,-3.33,-3.64,-69.12,-21.68,-9.50,-28.5,130.1,266.3,65.47,1.76,0.000000,0.000000,0,3,7.56,0.00
2146005,2.52,0.58,1.61,-10.37,-14.18,-15.75,-30.6,133.1,264.0,65.47,1.69,0.000000,0.000000,0,3,7.56,0.00
2146311,0.34,-2.46,-3.51,-33.87,-53.50,-27.00,-31.0,134.2,258.3,65.47,1.75,0.000000,0.000000,0,3,7.56,0.00
2146923,-3.00,-2.13,-1.13,133.56,117.43,90.00,-23.9,116.3,283.0,65.48,1.53,0.000000,0.000000,0,3,7.56,0.00
2147229,0.75,2.41,-0.30,100.87,7.68,-7.56,-25.8,85.3,298.0,65.48,1.37,0.000000,0.000000,0,3,7.56,0.00
2147535,-9.48,-11.22,-6.07,80.62,-82.25,135.43,-30.3,72.3,289.1,65.49,1.36,0.000000,0.000000,0,3,7.56,0.00
2147841,1.03,-2.60,0.54,-21.62,153.18,191.93,-38.6,75.8,281.7,65.49,1.46,0.000000,0.000000,0,3,7.56,0.00
2148147,-1.54,0.52,-0.67,60.12,-10.37,-28.50,-39.3,68.1,276.5,65.50,1.61,0.000000,0.000000,0,3,7.56,0.00
2148453,-0.19,-0.43,-1.02,-7.75,104.50,-1.00,-43.8,72.6,287.2,65.50,1.81,0.000000,0.000000,0,3,7.56,0.00
2148759,-4.94,1.97,-2.52,13.43,-97.56,-57.75,-42.0,83.5,287.0,65.50,1.91,0.000000,0.000000,0,3,7.57,0.00
2149371,-3.21,2.30,-5.69,-77.93,-30.87,-36.37,-18.1,85.8,319.6,65.50,1.99,0.000000,0.000000,0,3,7.57,0.00
2149677,0.52,-4.46,0.91,64.18,194.37,118.62,-19.3,81.3,334.7,65.50,1.90,0.000000,0.000000,0,3,7.56,0.00
2149983,-2.53,-1.60,-3.61,93.56,9.50,115.93,-34.0,42.2,340.5,65.51,1.83,0.000000,0.000000,0,3,7.56,0.00
2150289,4.51,1.08,1.61,-107.06,165.75,251.56,-56.0,-37.4,276.8,65.51,1.66,0.000000,0.000000,0,3,7.56,0.00
2150595,-1.50,-0.88,-0.03,1.62,-29.12,12.75,-52.2,-74.9,234.0,65.52,1.77,0.000000,0.000000,0,3,7.56,0.00
2150901,1.46,-3.40,1.90,33.43,37.25,-47.31,-51.2,-73.6,238.2,65.52,1.82,0.000000,0.000000,0,3,7.56,0.00
2151513,0.18,-1.94,-1.29,-42.37,-2.87,36.75,-71.1,-31.3,283.3,65.52,2.05,0.000000,0.000000,0,3,7.56,0.00
2151819,-2.58,-2.11,2.05,48.06,23.81,-123.87,-59.8,-2.0,305.5,65.53,2.09,0.000000,0.000000,0,3,7.56,0.00
2152125,1.26,2.44,0.55,54.68,17.50,1.31,-66.5,9.4,329.8,65.53,2.13,0.000000,0.000000,0,3,7.56,0.00
2152431,-1.98,1.74,2.10,28.87,-6.37,-14.75,-55.5,-0.5,338.5,65.53,1.87,0.000000,0.000000,0,3,7.56,0.00
2153043,-0.40,-3.91,-1.75,-35.43,110.31,-68.50,-61.2,7.6,340.5,65.54,1.91,0.000000,0.000000,0,3,7.56,0.00
2153349,-0.83,3.17,-0.83,3.62,18.31,0.43,-63.8,11.5,353.8,65.54,1.89,0.000000,0.000000,0,3,7.56,0.00
2153655,-1.00,-3.36,-0.79,-110.12,54.50,63.00,-49.6,15.1,9.5,65.54,1.80,0.000000,0.000000,0,3,7.56,0.00
2153961,1.98,-0.20,0.68,-10.56,-18.62,0.81,-44.0,9.9,359.4,65.55,1.81,0.000000,0.000000,0,3,7.56,0.00
2154267,0.55,-1.46,0.20,13.31,-8.31,-32.75,-54.5,26.8,6.8,65.55,1.93,0.000000,0.000000,0,3,7.56,0.00
2154573,-2.96,1.17,0.05,45.31,-38.00,16.00,-55.7,23.2,15.2,65.55,1.94,0.000000,0.000000,0,3,7.56,0.00
2154879,1.98,-2.31,0.07,-42.50,32.31,46.50,-55.0,8.8,358.7,65.55,1.86,0.000000,0.000000,0,3,7.57,0.00
2155185,0.31,-1.00,2.02,47.68,-25.37,-47.87,-55.2,-0.7,352.1,65.55,1.88,0.000000,0.000000,0,3,7.57,0.00
2155491,2.04,1.16,-1.58,38.87,-26.31,-32.93,-56.3,12.5,8.9,65.55,1.92,0.000000,0.000000,0,3,7.57,0.00
2156103,2.81,-1.00,0.52,-9.06,1.18,54.75,-53.0,5.2,0.0,65.55,2.49,0.000000,0.000000,0,3,7.56,0.00
2156409,-1.08,0.28,1.25,-4.31,40.56,-45.06,-54.1,2.6,2.0,65.55,2.37,0.000000,0.000000,0,3,7.56,0.00
2156715,-1.29,2.08,-0.83,-31.75,30.75,-4.00,-56.1,11.6,9.8,65.55,2.15,0.000000,0.000000,0,3,7.57,0.00
2157021,-0.27,-4.07,-0.86,-75.37,-14.93,96.75,-59.0,10.9,359.9,65.55,2.00,0.000000,0.000000,0,3,7.57,0.00
2157327,-0.07,-0.30,0.88,2.37,-12.87,-6.06,-54.2,1.5,343.6,65.55,1.93,0.000000,0.000000,0,3,7.57,0.00
2157633,2.44,-1.21,0.56,44.81,-19.06,-36.43,-55.1,15.6,352.3,65.55,2.07,0.000000,0.000000,0,3,7.57,0.00
2157939,-0.76,1.88,0.19,24.50,-20.43,23.50,-57.7,15.8,0.3,65.55,2.10,0.000000,0.000000,0,3,7.57,0.00
2158245,2.56,-1.90,-0.07,-27.18,36.62,20.87,-58.6,2.6,350.7,65.54,2.55,0.000000,0.000000,0,3,7.57,0.00
2158551,0.10,-0.91,0.49,39.06,11.18,0.25,-57.7,1.8,346.2,65.53,2.71,0.000000,0.000000,0,3,7.57,0.00
2159163,-0.09,0.88,1.57,44.06,-47.68,18.18,-56.8,8.2,355.5,65.54,2.27,0.000000,0.000000,0,3,7.61,0.00
2159469,3.03,-0.90,1.01,-21.12,-4.87,75.31,-51.9,10.6,348.3,65.53,2.83,0.000000,0.000000,0,3,7.61,0.00
2159775,-0.66,-0.86,1.00,39.93,27.00,-26.18,-53.2,-6.8,338.7,65.52,2.64,0.000000,0.000000,0,3,7.57,0.00
2160081,2.47,-0.05,-2.57,-46.93,53.18,36.68,-59.7,4.0,345.3,65.52,2.39,0.000000,0.000000,0,3,7.57,0.00
2160387,-2.34,1.88,1.92,10.25,-31.93,15.06,-59.0,-1.3,341.1,65.52,2.42,0.000000,0.000000,0,3,7.57,0.00
2160693,1.28,-1.05,-0.63,-19.43,36.06,16.68,-64.7,-4.9,338.4,65.52,2.41,0.000000,0.000000,0,3,7.56,0.00
2160999,-1.34,0.76,1.57,31.62,29.56,-44.00,-63.0,-4.3,345.0,65.51,2.51,0.000000,0.000000,0,3,7.56,0.00
2161611,-3.28,-4.26,-0.68,3.37,8.25,-27.75,-56.1,-16.2,346.6,65.51,2.35,0.000000,0.000000,0,3,7.56,0.00
2161917,-1.78,-2.50,-2.50,-153.18,147.93,179.12,-54.7,-40.8,302.3,65.51,2.39,0.000000,0.000000,0,3,7.56,0.00
2162223,1.67,-0.34,0.83,42.62,82.56,36.00,-33.5,-43.7,250.9,65.51,2.44,0.000000,0.000000,0,3,7.56,0.00
2162529,-0.23,-0.51,0.30,4.81,33.12,24.12,-35.0,-47.7,230.0,65.50,2.98,0.000000,0.000000,0,3,7.56,0.00
2163141,-1.88,-2.22,-0.41,74.43,-30.00,-56.93,-53.3,-56.6,242.8,65.49,2.67,0.000000,0.000000,0,3,7.56,0.00
2163447,2.40,-0.60,-1.80,89.68,-0.81,-13.06,-68.6,-70.1,287.8,65.49,2.59,0.000000,0.000000,0,3,7.56,0.00
2163753,-3.25,-0.44,0.55,5.18,2.81,18.75,-63.6,-80.6,287.7,65.49,2.66,0.000000,0.000000,0,3,7.56,0.00
2164059,2.36,-2.55,0.69,-2.56,-66.87,-25.43,-60.8,-72.0,292.1,65.49,2.62,0.000000,0.000000,0,3,7.56,0.00
2164671,3.35,0.51,0.46,5.25,8.31,-22.93,-58.4,-51.4,315.1,65.45,3.71,0.000000,0.000000,0,3,7.56,0.00
2164977,-3.24,6.76,2.92,29.43,-0.62,21.75,-59.5,-50.1,327.8,65.45,2.87,0.000000,0.000000,0,3,7.56,0.00
2165589,-1.88,2.32,-0.60,2.43,104.56,28.62,-64.0,-61.6,325.8,65.42,4.23,0.000000,0.000000,0,3,7.56,0.00
2165895,1.12,0.03,0.75,13.87,-8.18,-42.62,-62.4,-48.1,329.5,65.41,3.71,0.000000,0.000000,0,3,7.56,0.00
2166201,-0.76,-4.30,1.07,-68.56,-14.31,-51.31,-58.1,-41.3,327.9,65.40,3.99,0.000000,0.000000,0,3,7.56,0.00
2166507,0.47,-1.28,-0.55,17.31,-10.87,8.37,-53.6,-44.0,321.0,65.38,4.08,0.000000,0.000000,0,3,7.56,0.00
2167119,0.25,-0.27,0.75,-19.75,-19.75,35.18,-52.2,-39.1,320.4,65.36,3.83,0.000000,0.000000,0,3,7.55,0.00
2167425,-1.27,-3.39,1.07,-17.18,9.18,-21.68,-45.3,-49.4,318.3,65.34,4.32,0.000000,0.000000,0,3,7.55,0.00
2168037,0.88,-0.11,0.07,8.18,-52.31,39.75,-49.4,-40.6,353.9,65.33,2.68,0.000000,0.000000,0,3,7.56,0.00
2168343,1.00,0.10,0.63,13.06,6.06,-29.62,-46.5,-38.5,355.6,65.33,2.36,0.000000,0.000000,0,3,7.56,0.00
2168955,-0.00,-1.88,0.80,33.93,-4.68,-37.93,-45.5,-41.3,11.1,65.33,1.91,0.000000,0.000000,0,3,7.56,0.00
2169261,0.69,0.27,-0.01,8.56,4.68,-19.25,-52.8,-44.7,25.0,65.32,2.11,0.000000,0.000000,0,3,7.56,0.00
2169873,0.81,0.68,-0.19,6.62,-9.56,-19.68,-56.0,-38.0,29.8,65.31,2.40,0.000000,0.000000,0,3,7.56,0.00
2170179,0.50,-0.63,0.12,-1.37,5.06,6.18,-56.5,-32.1,32.9,65.31,2.58,0.000000,0.000000,0,3,7.56,0.00
2170485,-0.37,-0.68,1.25,-7.06,14.18,-2.12,-59.6,-21.5,36.6,65.30,2.70,0.000000,0.000000,0,3,7.56,0.00
2170791,0.31,-0.10,0.25,-2.06,0.18,-8.93,-61.5,-23.1,36.8,65.29,2.76,0.000000,0.000000,0,3,7.56,0.00
2171097,0.11,0.15,0.07,3.37,-1.06,-2.25,-62.6,-20.0,39.2,65.29,2.64,0.000000,0.000000,0,3,7.56,0.00
2171403,0.10,-0.03,0.05,-0.81,-2.37,-2.18,-62.1,-18.0,40.1,65.29,2.63,0.000000,0.000000,0,3,7.56,0.00
2171709,0.20,-0.00,0.03,3.06,-3.25,1.37,-61.6,-17.1,40.1,65.28,2.76,0.000000,0.000000,0,3,7.56,0.00
2172015,-0.25,0.31,0.07,-1.43,-16.62,-30.06,-62.1,-10.8,42.3,65.28,2.72,0.000000,0.000000,0,3,7.56,0.00
2172627,0.91,0.20,1.05,5.31,-57.56,-26.12,-34.4,13.3,67.3,65.28,2.54,0.000000,0.000000,0,3,7.56,0.00
2172933,0.02,0.15,0.13,18.62,-16.50,14.37,-33.4,10.8,66.0,65.28,2.36,0.000000,0.000000,0,3,7.56,0.00
2173239,-0.40,-0.20,-0.05,-5.12,-11.00,23.37,-29.7,8.0,60.3,65.28,2.22,0.000000,0.000000,0,3,7.56,0.00
2173545,0.33,-0.05,-0.40,-11.00,-27.62,8.75,-21.6,4.9,50.3,65.28,2.05,0.000000,0.000000,0,3,7.56,0.00
2174157,-0.45,-1.48,-0.02,-4.12,-21.50,16.43,-4.1,2.2,41.4,65.29,2.01,0.000000,0.000000,0,3,7.56,0.00
2174463,-1.50,-0.95,0.49,47.56,94.25,59.87,-11.2,-13.6,29.3,65.29,2.05,0.000000,0.000000,0,3,7.56,0.00
2174769,-0.68,1.65,0.50,176.31,45.25,85.00,-1.0,-78.9,349.7,65.29,2.06,0.000000,0.000000,0,3,7.56,0.00
2175075,-1.41,-1.91,-1.07,-154.37,35.25,-76.75,6.6,-90.4,340.7,65.28,2.23,0.000000,0.000000,0,3,7.56,0.00
2175381,-1.51,-1.86,-0.01,-152.25,92.87,83.62,-21.0,-35.1,337.4,65.28,2.34,0.000000,0.000000,0,3,7.56,0.00
2175687,1.92,-2.14,0.85,82.37,82.12,114.25,-29.2,-59.5,292.6,65.29,2.26,0.000000,0.000000,0,3,7.56,0.00
2175993,-2.17,0.77,0.50,-24.37,-102.37,-95.56,-29.3,-62.8,305.5,65.29,2.07,0.000000,0.000000,0,3,7.56,0.00
2176605,-2.15,-1.16,-0.91,-15.62,-11.12,38.87,-50.9,-83.9,321.5,65.28,1.88,0.000000,0.000000,0,3,7.56,0.00
2176911,-0.11,0.60,1.53,-18.56,175.06,-33.37,-34.8,-83.3,306.8,65.29,1.82,0.000000,0.000000,0,3,7.56,0.00
2177523,-2.23,0.34,-0.20,20.31,-58.43,13.56,-57.1,-76.3,320.6,65.28,1.78,0.000000,0.000000,0,3,7.56,0.00
2177829,-0.13,-0.17,0.23,-0.12,-0.18,0.25,-54.1,-86.5,318.6,65.28,1.82,0.000000,0.000000,0,3,7.56,0.00
2178441,0.05,-0.18,0.13,-0.12,0.06,0.37,-54.5,-85.6,319.0,65.28,1.82,0.000000,0.000000,0,3,7.56,0.00
2178747,0.00,-0.09,0.02,0.00,0.00,-0.18,-54.6,-85.3,319.1,65.28,1.75,0.000000,0.000000,0,3,7.56,0.00
2179053,0.01,-0.11,0.05,0.00,0.25,0.18,-54.7,-85.2,319.2,65.28,1.75,0.000000,0.000000,0,3,7.56,0.00
2179359,0.00,-0.11,0.07,0.12,0.12,0.06,-54.7,-85.1,319.2,65.28,1.75,0.000000,0.000000,0,3,7.56,0.00
2179971,0.01,-0.07,0.00,0.06,0.06,0.00,-54.7,-85.2,319.2,65.28,1.64,0.000000,0.000000,0,3,7.56,0.00
2180277,0.05,-0.05,0.00,0.00,0.18,0.00,-54.8,-85.1,319.2,65.28,1.78,0.000000,0.000000,0,3,7.56,0.00
2180583,0.05,-0.13,0.11,-0.43,-0.37,-0.25,-54.8,-85.0,319.3,65.27,1.77,0.000000,0.000000,0,3,7.56,0.00
2180889,0.11,-0.10,0.00,0.00,0.00,0.31,-54.8,-85.0,319.3,65.27,1.66,0.000000,0.000000,0,3,7.56,0.00
2181501,0.05,-0.09,0.05,0.06,-0.06,0.25,-54.8,-85.0,319.3,65.28,1.55,0.000000,0.000000,0,3,7.56,0.00
2182113,0.09,0.00,0.13,0.00,-0.18,0.50,-54.8,-85.0,319.3,65.28,1.68,0.000000,0.000000,0,3,7.56,0.00
2182419,0.13,-0.36,0.70,0.00,0.56,0.43,-54.8,-85.0,319.3,65.27,1.72,0.000000,0.000000,0,3,7.56,0.00
2182725,-0.51,-0.12,0.79,19.25,44.25,-0.31,-54.8,-90.2,318.6,65.27,1.63,0.000000,0.000000,0,3,7.56,0.00
2183031,0.03,-0.05,0.41,-8.87,-12.06,-1.25,-53.8,-99.3,315.6,65.28,1.58,0.000000,0.000000,0,3,7.56,0.00
2183643,0.09,-0.36,0.22,4.12,4.62,-4.06,-54.3,-84.5,316.5,65.28,1.47,0.000000,0.000000,0,3,7.56,0.00
2183949,0.09,0.02,-0.52,-1.75,-2.25,2.93,-54.2,-84.4,316.0,65.28,1.49,0.000000,0.000000,0,3,7.56,0.00
2184561,-1.12,0.74,0.67,3.00,7.18,4.12,-55.0,-85.1,316.8,65.28,1.55,0.000000,0.000000,0,3,7.56,0.00
2184867,-0.31,0.98,0.05,-15.68,15.68,-9.25,-55.3,-89.2,314.6,65.28,1.59,0.000000,0.000000,0,3,7.56,0.00
2185173,0.60,0.50,0.41,-46.50,15.43,-6.50,-59.5,-86.8,307.4,65.28,1.70,0.000000,0.000000,0,3,7.56,0.00
2185479,0.66,0.93,-0.35,-35.93,17.56,6.43,-60.3,-83.3,295.7,65.28,1.84,0.000000,0.000000,0,3,7.56,0.00
2186091,-0.07,-0.57,0.07,-46.31,39.00,7.12,-57.2,-84.1,263.5,65.28,1.80,0.000000,0.000000,0,3,7.55,0.00
2186397,0.27,0.07,0.34,-44.68,20.56,-0.43,-57.6,-81.8,249.3,65.29,1.83,0.000000,0.000000,0,3,7.55,0.00
2186703,0.41,0.23,0.46,-47.00,40.43,1.31,-58.8,-81.8,234.3,65.29,1.75,0.000000,0.000000,0,3,7.55,0.00
2187009,0.22,-0.25,0.01,-33.87,20.31,9.00,-57.3,-84.3,216.3,65.29,1.73,0.000000,0.000000,0,3,7.56,0.00
2187621,0.75,-1.22,0.65,6.31,9.75,-0.25,-56.4,-87.5,200.7,65.30,1.69,0.000000,0.000000,0,3,7.56,0.00
2187927,-0.70,0.83,0.20,15.18,3.00,-17.62,-60.1,-96.2,205.5,65.30,1.84,0.000000,0.000000,0,3,7.55,0.00
2188233,0.25,0.00,0.81,4.06,-4.37,12.12,-58.7,-99.2,205.8,65.30,1.88,0.000000,0.000000,0,3,7.55,0.00
2188539,-1.45,-0.09,-0.30,-6.31,-20.06,1.37,-56.1,-92.1,204.1,65.30,1.99,0.000000,0.000000,0,3,7.55,0.00
2189151,0.23,0.37,0.34,-1.50,13.62,-11.68,-58.1,-89.2,203.8,65.30,2.19,0.000000,0.000000,0,3,7.56,0.00
2189457,-0.05,0.07,0.60,-6.00,-8.37,4.62,-58.2,-88.5,201.4,65.30,2.33,0.000000,0.000000,0,3,7.56,0.00
2189763,-0.41,0.05,-0.55,-1.06,-2.25,5.31,-57.5,-81.1,202.5,65.30,2.40,0.000000,0.000000,0,3,7.56,0.00
2190375,0.20,-0.22,0.55,-5.93,13.43,-4.62,-59.1,-88.5,203.5,65.29,2.37,0.000000,0.000000,0,3,7.56,0.00
2190681,-0.67,0.50,0.33,5.75,-8.62,-6.31,-58.6,-88.8,201.8,65.29,2.28,0.000000,0.000000,0,3,7.56,0.00
2190987,0.81,-0.46,-0.15,4.81,-1.18,3.00,-59.0,-87.5,204.5,65.29,2.17,0.000000,0.000000,0,3,7.56,0.00
2191293,-0.01,-1.08,0.63,-10.43,7.81,9.93,-56.8,-89.5,201.6,65.29,2.37,0.000000,0.000000,0,3,7.56,0.00
2191599,-0.27,-0.38,0.74,6.00,7.25,-5.37,-57.6,-89.6,201.5,65.29,2.45,0.000000,0.000000,0,3,7.56,0.00
2192211,1.69,-1.61,-0.17,13.31,-0.12,7.25,-58.0,-90.0,206.7,65.29,2.49,0.000000,0.000000,0,3,7.56,0.00
2192517,-1.95,2.00,-1.33,-10.25,-1.62,-8.37,-57.8,-88.1,207.4,65.29,2.33,0.000000,0.000000,0,3,7.56,0.00
2192823,2.23,-0.95,0.60,-4.06,5.81,0.75,-60.3,-89.4,208.9,65.29,2.08,0.000000,0.000000,0,3,7.56,0.00
2193129,-1.09,2.23,-0.47,4.93,-10.62,-5.25,-60.8,-87.3,210.6,65.29,1.98,0.000000,0.000000,0,3,7.55,0.00
2193741,-0.83,0.98,-0.11,-8.56,13.06,2.87,-59.3,-89.6,201.0,65.29,1.97,0.000000,0.000000,0,3,7.55,0.00
2194353,0.23,-0.36,-0.23,-11.06,2.68,-6.31,-60.6,-91.1,197.0,65.30,1.78,0.000000,0.000000,0,3,7.56,0.00
2194659,0.05,-0.85,0.63,-7.25,-8.18,11.06,-58.3,-88.8,193.7,65.30,1.92,0.000000,0.000000,0,3,7.56,0.00
2194965,-0.25,0.11,-0.33,7.18,14.12,-3.43,-58.3,-88.1,192.3,65.30,2.33,0.000000,0.000000,0,3,7.56,0.00
2195271,-1.35,1.16,0.10,7.75,-9.43,2.50,-57.0,-91.9,192.1,65.29,2.46,0.000000,0.000000,0,3,7.55,0.00
2195577,1.19,-0.93,0.37,6.68,-6.37,4.43,-57.0,-88.7,196.0,65.29,2.29,0.000000,0.000000,0,3,7.55,0.00
2196189,1.97,-1.33,0.45,10.25,6.87,-9.06,-60.1,-90.5,203.2,65.29,2.60,0.000000,0.000000,0,3,7.56,0.00
2196495,-0.91,0.11,-0.72,8.62,-1.68,-0.56,-60.6,-89.5,204.6,65.29,2.42,0.000000,0.000000,0,3,7.56,0.00
2196801,1.37,-0.79,0.30,-5.81,2.87,9.00,-58.5,-94.8,202.7,65.29,2.39,0.000000,0.000000,0,3,7.56,0.00
2197107,-1.04,1.30,-0.17,6.06,4.93,-4.93,-57.9,-90.0,201.4,65.29,2.13,0.000000,0.000000,0,3,7.55,0.00
2197413,0.79,-0.47,1.02,-9.62,-5.81,-3.87,-58.6,-91.0,199.0,65.29,1.98,0.000000,0.000000,0,3,7.55,0.00
2198025,-0.58,-0.83,-0.05,-14.75,0.43,6.62,-58.2,-88.1,196.6,65.29,2.26,0.000000,0.000000,0,3,7.55,0.00
2198331,0.97,-1.03,1.20,2.37,15.06,-0.62,-59.6,-91.1,196.7,65.29,2.26,0.000000,0.000000,0,3,7.55,0.00
2198943,1.85,-1.37,0.61,4.93,-0.37,4.68,-60.5,-87.3,202.5,65.29,2.33,0.000000,0.000000,0,3,7.55,0.00
2199249,-2.61,2.25,-1.05,-16.50,-1.87,4.06,-58.4,-84.9,199.8,65.29,2.38,0.000000,0.000000,0,3,7.56,0.00
2199555,2.20,-1.74,0.17,4.62,0.81,-2.37,-59.3,-87.8,199.6,65.29,2.20,0.000000,0.000000,0,3,7.56,0.00
2199861,-1.63,0.50,-0.54,13.25,-10.50,-4.81,-59.4,-84.0,203.1,65.29,2.02,0.000000,0.000000,0,3,7.56,0.00
2200167,1.54,-1.90,0.54,-0.12,-4.31,6.62,-58.8,-85.1,205.5,65.29,2.19,0.000000,0.000000,0,3,7.56,0.00
2200473,-1.03,1.98,-1.29,2.18,6.81,-8.56,-58.1,-82.4,203.9,65.28,2.23,0.000000,0.000000,0,3,7.56,0.00
2200779,1.88,-1.32,0.75,13.18,-5.81,2.81,-59.0,-88.2,207.2,65.29,2.20,0.000000,0.000000,0,3,7.56,0.00
2201391,0.28,-1.26,0.67,-9.81,-5.00,6.06,-57.7,-88.9,209.5,65.28,2.15,0.000000,0.000000,0,3,7.56,0.00
2201697,-0.45,0.00,0.15,2.56,-0.81,-5.68,-58.6,-83.5,209.7,65.29,1.90,0.000000,0.000000,0,3,7.56,0.00
2202309,0.56,-0.37,0.51,7.62,0.50,5.12,-59.8,-78.4,219.4,65.29,2.01,0.000000,0.000000,0,3,7.55,0.00
2202615,-1.09,0.38,0.54,-16.50,1.37,6.87,-58.1,-80.0,216.3,65.29,2.04,0.000000,0.000000,0,3,7.55,0.00
2202921,1.54,-0.65,0.49,2.12,15.93,-0.75,-59.1,-80.8,215.6,65.29,2.05,0.000000,0.000000,0,3,7.55,0.00
2203227,-1.75,0.77,-0.93,17.18,-10.93,-4.75,-60.0,-80.0,219.5,65.29,1.94,0.000000,0.000000,0,3,7.56,0.00
2203839,-0.95,0.86,0.28,6.06,-2.43,-12.12,-57.2,-83.4,216.6,65.30,1.78,0.000000,0.000000,0,3,7.56,0.00
2204145,1.44,-0.80,0.98,0.37,-2.00,-2.62,-58.9,-85.7,217.8,65.30,1.69,0.000000,0.000000,0,3,7.55,0.00
2204451,-0.91,-0.45,0.49,8.62,-4.25,3.06,-57.8,-81.1,219.3,65.30,1.60,0.000000,0.000000,0,3,7.55,0.00
2204757,-0.66,-0.33,0.67,-4.00,-5.68,4.75,-55.3,-81.4,218.0,65.30,1.73,0.000000,0.000000,0,3,7.55,0.00
2205063,-1.03,0.09,-0.05,18.93,10.81,-6.25,-55.6,-83.0,218.6,65.30,2.02,0.000000,0.000000,0,3,7.55,0.00
2205369,-0.66,0.43,0.36,10.25,-19.50,-8.37,-56.7,-85.6,223.3,65.29,2.42,0.000000,0.000000,0,3,7.56,0.00
2205981,-1.82,1.46,0.27,-7.37,-12.43,9.31,-56.8,-81.7,231.9,65.30,1.68,0.000000,0.000000,0,3,7.56,0.00
2206593,-2.03,0.51,-1.50,9.18,-2.87,-6.00,-58.5,-81.8,237.6,65.30,1.65,0.000000,0.000000,0,3,7.56,0.00
2206899,1.50,-1.20,0.25,0.81,-5.31,4.37,-58.5,-83.0,239.7,65.30,1.63,0.000000,0.000000,0,3,7.56,0.00
2207205,-0.28,0.45,0.63,1.00,4.12,-11.12,-59.4,-80.7,239.2,65.30,1.68,0.000000,0.000000,0,3,7.55,0.00
2207511,1.52,-1.11,0.86,-11.93,1.75,3.31,-59.1,-85.5,234.5,65.31,1.62,0.000000,0.000000,0,3,7.55,0.00
2207817,-0.20,-0.93,0.11,-1.75,11.68,6.87,-58.6,-84.0,232.5,65.31,1.71,0.000000,0.000000,0,3,7.55,0.00
2208123,-0.00,-1.00,0.27,-15.93,1.75,5.87,-55.9,-85.5,226.2,65.30,2.03,0.000000,0.000000,0,3,7.55,0.00
2208429,-0.63,-0.55,-0.02,7.25,5.68,-5.93,-58.1,-84.8,226.8,65.30,2.13,0.000000,0.000000,0,3,7.55,0.00
2209041,1.72,-1.90,0.40,16.50,7.93,6.56,-57.2,-87.1,234.0,65.29,2.33,0.000000,0.000000,0,3,7.55,0.00
2209347,-0.30,0.37,-1.39,-11.18,1.43,-15.62,-58.2,-85.1,234.5,65.28,2.31,0.000000,0.000000,0,3,7.55,0.00
2209959,-0.47,0.20,0.02,12.62,-5.31,8.31,-59.1,-87.0,240.0,65.29,1.90,0.000000,0.000000,0,3,7.55,0.00
2210265,-1.00,0.41,0.03,-4.62,-15.18,2.31,-56.6,-85.8,242.1,65.29,1.82,0.000000,0.000000,0,3,7.56,0.00
2210571,1.75,-0.41,0.97,-1.75,11.68,-0.87,-59.8,-83.3,245.9,65.29,1.93,0.000000,0.000000,0,3,7.56,0.00
2211183,1.24,-1.35,0.75,11.62,-3.37,9.87,-57.2,-85.4,246.0,65.28,1.95,0.000000,0.000000,0,3,7.56,0.00
2211489,-1.08,1.51,-0.03,10.75,-4.25,-14.31,-58.3,-82.5,248.8,65.29,1.92,0.000000,0.000000,0,3,7.56,0.00
2211795,2.00,-1.45,0.09,3.75,-6.18,-2.31,-59.5,-87.6,250.1,65.29,1.94,0.000000,0.000000,0,3,7.56,0.00
2212101,-1.23,-0.11,0.20,18.93,-7.25,-2.31,-59.3,-82.0,252.7,65.29,1.86,0.000000,0.000000,0,3,7.56,0.00
2212407,1.02,-1.04,1.07,10.06,-23.87,12.00,-57.6,-83.5,257.4,65.29,1.92,0.000000,0.000000,0,3,7.55,0.00
2213019,-0.63,-0.05,0.27,0.87,-7.50,-3.18,-60.0,-80.5,266.5,65.28,2.10,0.000000,0.000000,0,3,7.55,0.00
2213325,2.06,-1.13,0.27,7.37,6.81,8.68,-60.6,-81.8,268.3,65.28,2.18,0.000000,0.000000,0,3,7.61,0.00
2213631,-1.77,1.37,0.19,-19.25,4.06,5.06,-57.5,-80.6,262.7,65.28,2.13,0.000000,0.000000,0,3,7.61,0.00
2213937,1.97,-1.78,0.18,-2.25,12.12,-2.18,-58.1,-86.4,259.1,65.28,1.93,0.000000,0.000000,0,3,7.61,0.00
2214549,0.90,-1.36,0.51,3.75,-10.12,6.75,-57.5,-85.8,259.6,65.29,1.94,0.000000,0.000000,0,3,7.56,0.00
2214855,-0.22,1.12,0.95,8.50,1.75,-13.50,-58.6,-82.7,260.6,65.29,2.03,0.000000,0.000000,0,3,7.56,0.00
2215161,-0.30,-0.50,1.17,1.31,-12.18,2.87,-58.5,-86.0,260.9,65.28,2.10,0.000000,0.000000,0,3,7.56,0.00
2215773,-0.91,0.63,0.10,0.43,-7.93,-4.12,-57.9,-82.7,265.5,65.28,2.03,0.000000,0.000000,0,3,7.56,0.00
2216079,1.94,-1.09,0.76,-0.43,16.68,1.93,-59.0,-84.9,264.8,65.28,1.93,0.000000,0.000000,0,3,7.56,0.00
2216385,-2.89,1.63,-0.15,7.12,-9.43,-3.75,-58.1,-84.1,264.1,65.29,1.97,0.000000,0.000000,0,3,7.55,0.00
2216691,2.29,-2.22,0.56,3.75,-8.56,8.56,-57.4,-84.6,266.5,65.28,2.12,0.000000,0.000000,0,3,7.55,0.00
2217303,2.13,-1.35,0.46,-4.93,1.81,0.25,-59.1,-87.5,268.3,65.28,2.00,0.000000,0.000000,0,3,7.56,0.00
2217609,-0.81,1.23,-0.38,1.12,7.50,-4.75,-60.4,-85.9,269.3,65.29,1.76,0.000000,0.000000,0,3,7.56,0.00
2218221,1.15,0.83,0.76,-5.62,17.93,8.18,-59.4,-84.4,263.6,65.29,1.80,0.000000,0.000000,0,3,7.55,0.00
2218527,-2.71,0.69,-0.54,-8.93,-17.00,10.25,-57.7,-83.9,260.3,65.29,1.79,0.000000,0.000000,0,3,7.55,0.00
2218833,1.95,-2.48,0.50,0.06,0.37,-1.18,-56.8,-83.7,259.6,65.29,1.99,0.000000,0.000000,0,3,7.55,0.00
2219445,1.29,-1.23,0.07,-0.56,-10.00,-3.37,-57.4,-85.6,259.0,65.30,1.90,0.000000,0.000000,0,3,7.55,0.00
2219751,-1.61,1.21,0.30,12.25,-9.43,-18.93,-59.0,-77.9,263.6,65.30,1.85,0.000000,0.000000,0,3,7.55,0.00
2220057,2.06,-1.63,0.30,-3.93,-7.06,6.75,-59.5,-80.0,265.5,65.30,2.08,0.000000,0.000000,0,3,7.55,0.00
2220363,-0.30,0.73,0.44,11.87,7.43,-4.68,-58.5,-80.1,262.5,65.29,2.10,0.000000,0.000000,0,3,7.56,0.00
2220669,0.93,-1.72,0.43,13.37,-14.56,2.31,-57.8,-85.8,264.4,65.29,2.14,0.000000,0.000000,0,3,7.56,0.00
2221281,1.37,-1.95,0.49,18.43,-32.00,6.37,-55.5,-78.8,284.6,65.29,2.18,0.000000,0.000000,0,3,7.56,0.00
2221587,-2.30,0.46,0.09,43.00,-16.00,-4.68,-54.3,-74.0,297.2,65.29,2.13,0.000000,0.000000,0,3,7.56,0.00
2221893,0.00,-0.45,-0.51,57.93,-47.00,-5.43,-54.2,-80.3,313.7,65.29,2.10,0.000000,0.000000,0,3,7.56,0.00
2222505,1.00,-0.91,-0.10,68.75,-59.68,-2.00,-52.9,-83.1,5.3,65.29,2.12,0.000000,0.000000,0,3,7.56,0.00
2222811,0.54,-0.30,-0.02,60.43,-49.00,-10.06,-52.1,-81.0,30.8,65.29,2.03,0.000000,0.000000,0,3,7.56,0.00
2223423,-0.52,0.83,-0.55,23.56,-12.18,-9.68,-56.3,-87.8,62.0,65.29,1.70,0.000000,0.000000,0,3,7.56,0.00
2223729,-0.60,-0.66,-0.10,-2.43,-9.00,-3.25,-57.1,-83.0,66.0,65.29,1.74,0.000000,0.000000,0,3,7.56,0.00
2224035,-0.61,0.50,0.15,-1.81,-0.18,-1.81,-58.3,-81.8,66.6,65.29,1.72,0.000000,0.000000,0,3,7.56,0.00
2224341,0.43,0.54,0.05,-3.06,-4.37,2.25,-59.3,-82.8,67.2,65.29,1.64,0.000000,0.000000,0,3,7.56,0.00
2224647,0.09,-0.11,-0.05,1.25,1.75,0.93,-59.8,-82.2,67.7,65.29,1.56,0.000000,0.000000,0,3,7.56,0.00
2224953,0.09,0.07,-0.00,-0.56,-0.68,-0.50,-59.3,-82.9,67.3,65.29,1.53,0.000000,0.000000,0,3,7.56,0.00
2225259,0.15,0.05,-0.05,0.18,0.25,0.25,-59.2,-82.8,67.2,65.28,1.49,0.000000,0.000000,0,3,7.56,0.00
2225565,2.39,0.56,0.67,1.50,-24.50,-0.75,-59.0,-79.5,69.3,65.29,1.43,0.000000,0.000000,0,3,7.55,0.00
2225871,0.01,0.10,0.18,0.00,0.06,0.68,-59.0,-79.8,69.1,65.28,1.38,0.000000,0.000000,0,3,7.55,0.00
2226483,-0.05,0.00,-0.55,0.25,0.68,0.12,-59.1,-84.6,68.5,65.28,1.34,0.000000,0.000000,0,3,7.55,0.00
2227095,0.02,0.00,-0.00,0.18,0.12,-0.18,-59.1,-84.6,68.4,65.29,1.30,0.000000,0.000000,0,3,7.55,0.00
2227401,0.09,0.00,0.05,-0.06,0.12,0.00,-59.1,-84.6,68.4,65.29,1.42,0.000000,0.000000,0,3,7.56,0.00
2227707,0.07,0.00,0.09,0.06,0.00,0.00,-59.1,-84.6,68.4,65.28,1.45,0.000000,0.000000,0,3,7.56,0.00
2228013,0.05,-0.00,0.03,0.18,0.06,-0.12,-59.1,-84.6,68.4,65.28,1.49,0.000000,0.000000,0,3,7.56,0.00
2228319,0.09,-0.00,0.05,-0.06,-0.12,0.06,-59.1,-84.6,68.4,65.28,1.44,0.000000,0.000000,0,3,7.56,0.00
2228625,0.02,0.00,-0.05,0.00,-0.18,0.06,-59.1,-84.6,68.4,65.28,1.43,0.000000,0.000000,0,3,7.56,0.00
2228931,0.05,0.00,0.01,0.12,0.00,0.00,-59.1,-84.6,68.4,65.28,1.37,0.000000,0.000000,0,3,7.56,0.00
2229237,0.11,-0.00,0.01,0.06,-0.06,-0.06,-59.1,-84.6,68.4,65.28,1.37,0.000000,0.000000,0,3,7.56,0.00
2229543,0.07,0.00,0.05,-0.06,-0.12,0.31,-59.1,-84.6,68.4,65.28,1.46,0.000000,0.000000,0,3,7.55,0.00
2229849,0.07,-0.01,0.01,0.00,0.00,-0.18,-59.1,-84.6,68.4,65.28,1.33,0.000000,0.000000,0,3,7.55,0.00
2230461,0.09,-0.00,0.02,-0.06,-0.18,0.06,-59.1,-84.6,68.4,65.28,1.36,0.000000,0.000000,0,3,7.55,0.00
2230767,0.07,-0.01,0.00,-0.12,0.00,-0.12,-59.1,-84.6,68.4,65.28,1.34,0.000000,0.000000,0,3,7.55,0.00
2231073,0.05,-0.02,0.00,-0.12,-0.12,0.06,-59.1,-84.6,68.4,65.28,1.34,0.000000,0.000000,0,3,7.55,0.00
2231379,0.07,0.00,0.00,-0.12,0.12,0.06,-59.1,-84.6,68.4,65.28,1.30,0.000000,0.000000,0,3,7.55,0.00
2231685,0.09,-0.00,0.01,-0.06,0.00,-0.06,-59.1,-84.6,68.4,65.28,1.28,0.000000,0.000000,0,3,7.55,0.00
2231991,0.09,0.00,0.01,0.06,0.00,0.00,-59.1,-84.6,68.4,65.28,1.28,0.000000,0.000000,0,3,7.55,0.00
2232297,0.07,-0.00,0.02,-0.06,0.00,-0.25,-59.1,-84.6,68.4,65.28,1.26,0.000000,0.000000,0,3,7.55,0.00
2232603,0.05,-0.00,0.02,-0.06,0.12,0.12,-59.1,-84.6,68.4,65.29,1.27,0.000000,0.000000,0,3,7.55,0.00
2232909,0.09,0.00,0.01,-0.06,0.00,0.18,-59.1,-84.6,68.4,65.28,1.30,0.000000,0.000000,0,3,7.55,0.00
2233521,0.07,0.01,0.00,0.18,-0.06,-0.12,-59.1,-84.6,68.4,65.29,1.37,0.000000,0.000000,0,3,7.55,0.00
2233827,0.07,0.00,0.01,0.06,0.00,-0.06,-59.1,-84.6,68.4,65.28,1.38,0.000000,0.000000,0,3,7.55,0.00
2234133,0.05,0.00,0.00,-0.12,-0.12,0.12,-59.1,-84.6,68.4,65.29,1.37,0.000000,0.000000,0,3,7.55,0.00
2234439,0.09,0.00,0.03,-0.06,0.06,0.06,-59.1,-84.6,68.4,65.28,1.37,0.000000,0.000000,0,3,7.56,0.00
2234745,0.09,0.00,0.02,-0.06,0.00,0.18,-59.1,-84.6,68.4,65.28,1.37,0.000000,0.000000,0,3,7.56,0.00
2235051,0.07,-0.01,0.00,0.00,0.06,0.06,-59.1,-84.6,68.4,65.28,1.40,0.000000,0.000000,0,3,7.56,0.00
2235357,0.05,0.00,0.01,0.06,0.12,0.06,-59.1,-84.6,68.4,65.28,1.46,0.000000,0.000000,0,3,7.56,0.00
2235663,0.05,0.00,0.00,0.00,-0.12,0.06,-59.1,-84.6,68.4,65.28,1.38,0.000000,0.000000,0,3,7.55,0.00
2235969,0.07,0.00,0.01,-0.06,0.00,0.00,-59.1,-84.6,68.4,65.28,1.40,0.000000,0.000000,0,3,7.55,0.00
2236581,0.07,-0.00,0.00,0.06,0.00,-0.12,-59.1,-84.6,68.4,65.28,1.39,0.000000,0.000000,0,3,7.55,0.00
2236887,0.07,-0.00,0.00,0.00,0.06,-0.31,-59.1,-84.6,68.4,65.28,1.36,0.000000,0.000000,0,3,7.55,0.00
2237193,0.07,0.00,0.00,0.06,-0.12,0.00,-59.1,-84.6,68.4,65.28,1.40,0.000000,0.000000,0,3,7.55,0.00
2237499,0.07,0.00,0.01,-0.06,-0.06,0.06,-59.1,-84.6,68.4,65.28,1.35,0.000000,0.000000,0,3,7.55,0.00
2237805,0.07,0.00,0.02,0.00,0.12,0.18,-59.1,-84.6,68.4,65.28,1.17,0.000000,0.000000,0,3,7.55,0.00
2238111,0.07,0.00,0.01,0.00,-0.25,0.06,-59.1,-84.6,68.4,65.28,1.27,0.000000,0.000000,0,3,7.55,0.00
2238417,0.10,-0.01,0.00,0.06,0.00,-0.06,-59.1,-84.6,68.4,65.28,1.32,0.000000,0.000000,0,3,7.56,0.00
2238723,0.07,-0.00,0.00,0.06,0.12,0.06,-59.1,-84.6,68.4,65.28,1.30,0.000000,0.000000,0,3,7.56,0.00
2239029,0.07,0.00,-0.02,-0.06,-0.06,0.00,-59.1,-84.6,68.4,65.28,1.44,0.000000,0.000000,0,3,7.56,0.00
2239641,0.07,0.00,0.00,0.00,-0.12,0.00,-59.1,-84.6,68.4,65.28,1.41,0.000000,0.000000,0,3,7.55,0.00
2239947,0.07,0.00,0.00,0.00,0.12,-0.18,-59.1,-84.6,68.4,65.28,1.35,0.000000,0.000000,0,3,7.55,0.00
2240253,0.07,0.00,0.00,-0.06,-0.25,-0.12,-59.1,-84.6,68.4,65.28,1.35,0.000000,0.000000,0,3,7.55,0.00
2240559,0.07,0.00,0.01,0.12,-0.06,0.06,-59.1,-84.6,68.4,65.28,1.35,0.000000,0.000000,0,3,7.56,0.00
2240865,0.07,0.00,0.01,0.06,-0.06,-0.18,-59.1,-84.6,68.4,65.28,1.34,0.000000,0.000000,0,3,7.56,0.00
2241171,0.07,0.00,0.00,0.00,-0.06,0.06,-59.1,-84.6,68.4,65.28,1.34,0.000000,0.000000,0,3,7.56,0.00
2241477,0.09,0.00,0.00,0.06,0.31,0.12,-59.1,-84.6,68.4,65.28,1.30,0.000000,0.000000,0,3,7.55,0.00
2241783,0.09,-0.00,0.00,0.00,0.12,-0.18,-59.1,-84.6,68.4,65.28,1.25,0.000000,0.000000,0,3,7.55,0.00
2242089,0.07,0.00,0.02,0.18,0.12,0.00,-59.1,-84.6,68.4,65.28,1.23,0.000000,0.000000,0,3,7.55,0.00
2242395,0.05,0.00,0.00,-0.12,-0.06,-0.06,-59.1,-84.6,68.4,65.28,1.27,0.000000,0.000000,0,3,7.55,0.00
2242701,0.07,-0.00,0.02,0.12,-0.18,0.06,-59.1,-84.6,68.4,65.28,1.32,0.000000,0.000000,0,3,7.56,0.00
2243007,0.03,-0.00,0.00,0.00,-0.12,0.06,-59.1,-84.6,68.4,65.28,1.35,0.000000,0.000000,0,3,7.56,0.00
2243619,0.07,-0.00,0.00,0.06,0.12,-0.12,-59.1,-84.6,68.4,65.28,1.19,0.000000,0.000000,0,3,7.55,0.00
2243925,0.07,0.00,0.00,0.06,0.06,0.00,-59.1,-84.6,68.4,65.28,1.10,0.000000,0.000000,0,3,7.55,0.00
2244231,0.07,0.00,0.00,0.00,0.00,0.25,-59.1,-84.6,68.4,65.28,1.18,0.000000,0.000000,0,3,7.55,0.00
2244537,0.09,-0.00,0.00,0.12,-0.31,0.18,-59.1,-84.6,68.4,65.28,1.28,0.000000,0.000000,0,3,7.56,0.00
2244843,0.09,0.00,0.02,0.06,0.00,0.00,-59.1,-84.6,68.4,65.28,1.28,0.000000,0.000000,0,3,7.56,0.00
2245149,0.07,0.00,0.01,0.00,0.12,-0.12,-59.1,-84.6,68.4,65.28,1.28,0.000000,0.000000,0,3,7.56,0.00
2245455,0.09,0.00,0.00,-0.06,0.06,0.06,-59.1,-84.6,68.4,65.28,1.32,0.000000,0.000000,0,3,7.56,0.00
2245761,0.07,0.00,0.01,0.06,0.00,0.25,-59.1,-84.6,68.4,65.28,1.30,0.000000,0.000000,0,3,7.55,0.00
2246067,0.07,0.00,0.00,0.00,-0.06,0.06,-59.1,-84.6,68.4,65.28,1.19,0.000000,0.000000,0,3,7.55,0.00
2246373,0.07,0.00,0.00,0.06,0.00,0.00,-59.1,-84.6,68.4,65.28,1.24,0.000000,0.000000,0,3,7.55,0.00
2246679,0.09,0.00,0.00,0.06,-0.06,0.12,-59.1,-84.6,68.4,65.28,1.31,0.000000,0.000000,0,3,7.55,0.00
2246985,0.09,-0.02,0.00,-0.18,-0.12,0.12,-59.1,-84.6,68.4,65.28,1.30,0.000000,0.000000,0,3,7.55,0.00
2247291,0.07,0.00,0.01,0.00,0.00,0.18,-59.1,-84.6,68.4,65.28,1.27,0.000000,0.000000,0,3,7.55,0.00
2247597,0.07,-0.01,-0.72,-2.00,1.00,-2.31,-59.1,-84.5,68.5,65.29,1.20,0.000000,0.000000,0,3,7.55,0.00
2248209,0.07,0.07,-0.11,-0.68,-1.50,-0.62,-60.1,-82.0,69.5,65.29,1.17,0.000000,0.000000,0,3,7.55,0.00
2248515,0.03,-0.11,0.20,0.75,1.00,0.18,-60.1,-82.0,69.5,65.29,1.35,0.000000,0.000000,0,3,7.55,0.00
2249127,-0.27,-0.13,0.00,0.50,1.75,0.06,-59.5,-83.5,68.8,65.29,1.25,0.000000,0.000000,0,3,7.55,0.00
2249433,-0.11,0.11,0.11,-32.75,-31.31,38.00,-54.0,-80.8,62.5,65.29,1.08,0.000000,0.000000,0,3,7.55,0.00
2249739,-0.69,-0.25,-0.72,-29.56,16.12,32.56,-41.9,-89.3,48.9,65.29,0.90,0.000000,0.000000,0,3,7.56,0.00
2250045,1.15,-0.55,0.66,-41.68,-27.81,54.31,-26.7,-86.1,30.8,65.30,0.59,0.000000,0.000000,0,3,7.56,0.00
2250657,1.15,-0.56,-1.23,-24.43,21.68,5.87,-16.4,-80.8,14.3,65.31,1.19,0.000000,0.000000,0,3,7.55,0.00
2250963,0.55,0.27,-0.52,-21.56,0.31,-14.25,-15.9,-82.0,12.5,65.31,1.19,0.000000,0.000000,0,3,7.55,0.00
2251269,-0.34,-0.00,0.12,-7.18,-20.93,-1.62,-15.5,-83.2,13.7,65.31,1.39,0.000000,0.000000,0,3,7.55,0.00
2251575,-0.43,-0.55,0.07,3.06,13.06,-2.81,-14.4,-83.5,9.3,65.31,1.34,0.000000,0.000000,0,3,7.55,0.00
2252187,0.50,-0.45,-0.37,-6.18,-3.75,5.75,-14.0,-85.1,7.6,65.31,1.35,0.000000,0.000000,0,3,7.55,0.00
2252493,0.11,0.38,0.23,11.00,-11.06,7.62,-12.7,-84.1,8.9,65.31,1.41,0.000000,0.000000,0,3,7.55,0.00
2252799,-0.30,-0.70,-0.15,-6.25,-1.12,10.87,-9.0,-83.1,7.4,65.31,1.41,0.000000,0.000000,0,3,7.55,0.00
2253105,0.02,0.27,0.20,-0.43,-2.56,6.00,-8.4,-84.3,8.4,65.32,1.41,0.000000,0.000000,0,3,7.55,0.00
2253411,0.88,0.22,-0.77,2.75,-8.12,-0.37,-10.1,-84.0,9.6,65.32,1.45,0.000000,0.000000,0,3,7.55,0.00
2253717,0.00,-0.27,-0.33,-8.12,-2.68,-10.00,-10.9,-85.1,8.1,65.32,1.43,0.000000,0.000000,0,3,7.55,0.00
2254023,-0.45,-0.20,0.25,-2.68,7.06,3.12,-11.6,-85.6,7.1,65.32,1.44,0.000000,0.000000,0,3,7.55,0.00
2254329,-0.41,0.00,0.07,7.62,-2.87,9.56,-10.7,-85.8,6.6,65.32,1.47,0.000000,0.000000,0,3,7.55,0.00
2254635,0.37,0.09,0.00,2.25,2.37,-4.31,-10.5,-86.3,8.3,65.32,1.33,0.000000,0.000000,0,3,7.55,0.00
2254941,0.25,-0.10,-0.28,0.56,3.81,-0.81,-10.0,-86.0,8.7,65.32,1.26,0.000000,0.000000,0,3,7.55,0.00
2255247,-0.07,-0.25,0.00,0.18,6.87,3.25,-10.6,-85.5,7.0,65.33,1.31,0.000000,0.000000,0,3,7.55,0.00
2255553,0.11,0.46,0.11,-1.00,6.62,-3.06,-11.5,-85.8,6.3,65.33,1.30,0.000000,0.000000,0,3,7.55,0.00
2256165,-0.19,-0.27,0.07,-1.50,0.25,-0.56,-11.6,-85.5,4.9,65.34,1.19,0.000000,0.000000,0,3,7.55,0.00
2256471,-0.30,-0.12,0.45,-6.43,-4.87,0.81,-11.5,-84.8,5.4,65.34,1.08,0.000000,0.000000,0,3,7.55,0.00
2256777,0.03,0.56,-0.49,-9.12,-2.56,-5.68,-12.6,-82.0,8.9,65.35,1.05,0.000000,0.000000,0,3,7.55,0.00
2257083,0.38,0.00,-0.17,-6.37,-7.50,1.93,-12.8,-81.7,9.5,65.35,1.11,0.000000,0.000000,0,3,7.55,0.00
2257389,-0.23,0.33,-0.37,-17.93,-5.81,-0.18,-12.7,-77.9,8.4,65.35,1.10,0.000000,0.000000,0,3,7.55,0.00
2257695,0.52,0.37,0.37,-31.68,31.50,-6.18,-13.9,-74.1,5.2,65.36,1.09,0.000000,0.000000,0,3,7.55,0.00
2258001,0.31,0.51,-0.30,-14.18,16.18,-0.75,-15.5,-70.3,359.1,65.37,1.14,0.000000,0.000000,0,3,7.55,0.00
2258307,0.00,-0.55,0.07,14.62,-16.43,9.00,-15.8,-70.1,357.6,65.37,1.09,0.000000,0.000000,0,3,7.55,0.00
2258613,-0.00,0.09,0.05,12.31,-27.75,1.37,-15.8,-72.3,1.5,65.38,1.03,0.000000,0.000000,0,3,7.55,0.00
2259531,-0.95,-1.66,-1.88,81.56,-103.81,113.50,35.5,-108.5,297.8,65.38,1.29,0.000000,0.000000,0,3,7.55,0.00
2259837,0.22,0.43,-2.31,-35.75,-126.43,66.31,23.6,-161.8,226.3,65.39,1.21,0.000000,0.000000,0,3,7.55,0.00
2260143,0.27,-0.13,-1.32,-2.00,-8.81,36.62,13.9,-165.5,244.3,65.39,1.14,0.000000,0.000000,0,3,7.55,0.00
2260449,0.61,0.09,-0.19,-6.62,22.87,-2.25,20.1,-164.1,242.6,65.40,1.27,0.000000,0.000000,0,3,7.55,0.00
2260755,-0.28,-0.65,-0.77,-35.81,46.81,-10.62,28.2,-148.6,240.4,65.39,1.57,0.000000,0.000000,0,3,7.55,0.00
2261367,0.03,-0.45,0.88,6.25,-1.00,-46.62,39.8,-139.2,304.4,65.39,1.78,0.000000,0.000000,0,3,7.55,0.00
2261673,0.75,-1.54,1.75,52.56,-53.62,45.25,35.3,-145.9,303.2,65.39,1.89,0.000000,0.000000,0,3,7.55,0.00
2261979,-1.48,0.07,-0.05,-101.00,3.12,-72.56,24.1,-135.2,339.8,65.39,1.96,0.000000,0.000000,0,3,7.55,0.00
2262285,-0.98,0.93,-1.44,50.56,-43.56,10.93,4.1,-107.2,21.0,65.39,1.78,0.000000,0.000000,0,3,7.55,0.00
2262897,0.45,0.28,-0.30,-1.31,23.12,-16.87,26.1,-128.0,359.8,65.40,1.57,0.000000,0.000000,0,3,7.55,0.00
2263203,0.23,-0.07,-0.23,18.50,-9.31,64.81,37.3,-143.5,333.0,65.40,1.63,0.000000,0.000000,0,3,7.55,0.00
2263509,-1.17,1.65,0.86,12.18,68.43,29.00,45.7,-174.6,283.2,65.40,1.34,0.000000,0.000000,0,3,7.55,0.00
2263815,1.28,-0.38,-0.22,-37.56,-52.50,18.43,62.8,176.0,260.3,65.41,1.16,0.000000,0.000000,0,3,7.55,0.00
2264427,-0.67,0.15,-0.22,25.18,8.81,3.62,52.6,-171.3,272.4,65.42,1.15,0.000000,0.000000,0,3,7.55,0.00
2264733,0.93,-1.77,0.11,-2.12,-15.62,13.62,58.9,-163.0,269.5,65.42,1.46,0.000000,0.000000,0,3,7.55,0.00
2265039,-0.68,-0.11,1.13,10.06,6.68,-59.93,55.4,-161.9,268.6,65.41,1.74,0.000000,0.000000,0,3,7.55,0.00
2265651,0.41,0.74,-1.16,16.68,-4.50,5.37,32.0,-172.6,227.5,65.40,2.11,0.000000,0.000000,0,3,7.55,0.00
2265957,0.51,-0.12,0.12,7.06,14.56,29.25,36.0,-177.4,232.1,65.40,2.19,0.000000,0.000000,0,3,7.55,0.00
2266263,-1.01,0.52,-0.67,7.43,17.50,4.18,41.1,-179.6,238.9,65.40,2.03,0.000000,0.000000,0,3,7.55,0.00
2266569,-0.46,-0.17,0.77,-19.18,-9.00,-4.25,43.8,179.4,244.5,65.40,1.83,0.000000,0.000000,0,3,7.55,0.00
2267181,-0.72,-0.11,-0.23,3.18,47.87,0.43,58.0,178.1,248.2,65.41,1.72,0.000000,0.000000,0,3,7.55,0.00
2267793,0.12,0.36,-0.54,3.06,6.25,1.31,60.1,176.1,245.9,65.41,1.77,0.000000,0.000000,0,3,7.55,0.00
2268099,0.49,0.54,-0.11,9.93,13.43,8.31,61.0,173.9,243.6,65.41,1.79,0.000000,0.000000,0,3,7.55,0.00
2268405,-0.81,-0.02,-0.61,5.50,-28.87,15.31,61.2,172.8,241.9,65.41,1.79,0.000000,0.000000,0,3,7.55,0.00
2268711,0.07,-0.02,-0.77,9.12,-5.87,8.37,60.4,170.4,238.5,65.41,1.81,0.000000,0.000000,0,3,7.55,0.00
2269017,0.00,0.03,-0.28,1.37,-10.68,4.81,60.0,170.6,238.1,65.42,1.77,0.000000,0.000000,0,3,7.55,0.00
2269323,-0.86,0.43,0.10,-6.25,11.31,-13.37,60.0,173.6,240.6,65.42,1.68,0.000000,0.000000,0,3,7.55,0.00
2269629,0.30,0.25,-0.27,-2.00,-12.68,-5.18,57.8,176.3,242.6,65.42,1.60,0.000000,0.000000,0,3,7.55,0.00
2269935,-0.65,-0.15,-0.55,-2.62,17.81,1.18,59.6,176.6,243.3,65.43,1.54,0.000000,0.000000,0,3,7.55,0.00
2270547,-0.34,0.20,0.15,1.81,1.75,0.62,59.8,171.9,237.3,65.43,1.58,0.000000,0.000000,0,3,7.55,0.00
2270853,-0.55,0.17,0.00,0.43,3.06,-0.06,60.1,172.8,237.8,65.43,1.65,0.000000,0.000000,0,3,7.55,0.00
2271465,-0.81,0.31,0.07,9.12,-16.12,-2.25,60.8,170.6,235.5,65.44,1.57,0.000000,0.000000,0,3,7.55,0.00
2271771,0.69,0.35,-0.66,18.00,-7.37,5.56,56.5,165.3,228.1,65.44,1.58,0.000000,0.000000,0,3,7.55,0.00
2272077,-0.52,0.63,0.67,-1.06,-1.68,20.06,54.4,159.7,222.3,65.45,1.58,0.000000,0.000000,0,3,7.55,0.00
2272383,-0.07,-0.07,-1.08,-27.81,7.12,0.00,57.8,152.0,225.6,65.45,1.64,0.000000,0.000000,0,3,7.55,0.00
2272689,-0.10,0.28,0.23,-8.12,-1.93,3.43,57.3,155.1,232.5,65.45,1.56,0.000000,0.000000,0,3,7.55,0.00
2272995,-0.88,0.07,-0.37,-9.93,78.75,8.43,64.6,152.1,241.2,65.45,1.50,0.000000,0.000000,0,3,7.54,0.00
2273607,-0.01,0.23,-0.76,33.56,-117.18,-7.56,84.1,177.8,269.2,65.46,1.39,0.000000,0.000000,0,3,7.54,0.00
2273913,1.08,-0.55,-0.23,-3.56,-98.37,-38.62,54.9,175.0,259.8,65.46,1.61,0.000000,0.000000,0,3,7.54,0.00
2274525,-0.27,0.23,-0.33,-6.06,-63.93,-36.81,29.1,-178.5,256.0,65.47,1.48,0.000000,0.000000,0,3,7.54,0.00
2274831,0.22,-0.03,-1.04,16.68,62.62,8.81,32.4,176.9,251.8,65.47,1.67,0.000000,0.000000,0,3,7.55,0.00
2275137,0.00,-0.09,-0.43,0.31,65.31,7.06,45.6,168.7,228.7,65.46,1.96,0.000000,0.000000,0,3,7.55,0.00
2275749,-1.19,-0.03,0.17,-4.00,21.75,-16.87,45.8,177.6,242.8,65.47,1.76,0.000000,0.000000,0,3,7.55,0.00
2276055,0.37,-0.20,0.01,-0.56,-7.43,-3.93,46.0,178.0,242.4,65.47,1.78,0.000000,0.000000,0,3,7.55,0.00
2276361,-0.30,-0.02,-0.91,4.31,54.87,2.43,46.2,179.0,244.5,65.47,1.96,0.000000,0.000000,0,3,7.55,0.00
