tx_timestamp_ms,accel_x,accel_y,accel_z,gyro_x,gyro_y,gyro_z,roll,pitch,yaw,temperature,altitude,latitude,longitude,satellites,flags_raw,battery_voltage,gnss_alt
210126,-0.57,0.23,-0.88,5.75,-6.37,26.43,5.4,-6.7,154.0,36.98,1.73,43.222202,-0.051783,12,1,8.12,441.50
210430,-0.88,0.00,0.30,-9.93,0.68,-24.62,4.5,-6.8,156.8,36.99,1.73,43.222202,-0.051783,12,1,8.12,441.50
210736,-0.30,-0.15,0.07,-0.81,-7.87,-13.81,2.8,-6.7,163.0,37.00,1.67,43.222202,-0.051783,12,1,8.12,441.50
211042,-0.15,-0.22,-0.01,-4.75,-6.18,-3.50,3.1,-6.6,165.6,37.00,1.74,43.222202,-0.051783,12,1,8.12,441.50
211348,-0.27,-0.00,-0.15,-0.75,-2.37,-1.93,3.9,-6.6,167.1,37.01,1.76,43.222202,-0.051784,12,1,8.12,441.50
211654,-0.11,0.00,-0.13,-0.06,1.12,1.56,3.6,-6.2,167.2,37.01,1.78,43.222202,-0.051784,12,1,8.12,441.50
211960,-0.23,-0.13,0.03,-1.18,2.62,-0.18,2.6,-5.7,167.0,37.02,1.79,43.222202,-0.051784,12,1,8.12,441.50
212266,-0.18,-0.07,-0.05,-0.75,-2.12,-0.43,2.9,-5.8,166.6,37.03,1.81,43.222202,-0.051785,12,1,8.11,441.50
212572,-0.13,0.05,-0.11,-0.31,-1.25,-0.50,2.9,-5.5,166.6,37.03,1.80,43.222202,-0.051785,12,1,8.11,441.50
212878,-0.07,0.03,-0.17,1.37,-1.12,-0.06,3.0,-5.3,166.6,37.04,1.74,43.222202,-0.051785,12,1,8.11,441.50
213184,-0.05,0.01,-0.15,-0.37,-0.18,-0.56,3.1,-5.1,166.7,37.05,1.70,43.222202,-0.051785,12,1,8.11,441.50
213490,0.00,0.03,-0.11,-0.93,-0.43,-2.25,3.5,-5.0,167.3,37.05,1.67,43.222202,-0.051785,12,1,8.11,441.50
213796,-0.13,-0.35,-0.10,-5.93,-4.12,-8.62,3.6,-4.5,168.5,37.06,1.67,43.222202,-0.051785,12,1,8.11,441.50
214102,-0.28,-0.76,0.17,11.68,35.62,-55.56,-8.0,-4.8,176.5,37.07,1.63,43.222202,-0.051785,12,1,8.11,441.50
214408,-0.25,0.01,0.35,6.31,11.68,-32.43,-13.7,-3.5,188.9,37.07,1.59,43.222202,-0.051784,12,1,8.11,441.50
214714,0.27,-1.71,0.00,40.00,-6.12,-31.18,-10.3,-6.8,198.1,37.08,1.59,43.222202,-0.051784,12,1,8.11,441.50
215020,0.40,-0.31,-0.40,27.31,5.12,-45.00,-4.6,-12.5,211.2,37.09,1.67,43.222202,-0.051784,12,1,8.11,441.50
215326,1.26,2.01,-0.66,97.50,56.25,-44.43,-8.4,-17.0,231.1,37.08,2.68,43.222202,-0.051783,12,1,8.11,441.50
215632,0.33,1.79,-1.14,-36.62,-12.37,-45.93,-6.8,-14.2,252.5,37.09,2.25,43.222202,-0.051783,12,1,8.11,441.50
215938,1.15,0.97,0.05,-22.56,-12.31,-3.37,-8.3,-5.7,256.3,37.10,1.62,43.222202,-0.051783,12,1,8.11,441.50
216550,0.25,0.93,0.07,3.56,6.00,79.12,-6.5,-5.6,235.9,37.11,1.31,43.222209,-0.051785,12,1,8.11,441.39
216856,-1.67,-1.21,1.63,-11.06,14.62,72.00,-0.8,-3.5,209.6,37.12,1.16,43.222209,-0.051785,12,1,8.11,441.20
217162,0.20,0.44,0.46,-17.81,-11.62,0.18,1.9,-3.0,198.8,37.13,1.82,43.222209,-0.051798,12,1,8.11,441.29
217468,-1.04,1.10,-1.00,-7.75,15.81,18.37,-3.5,0.6,195.1,37.11,2.59,43.222209,-0.051798,12,1,8.11,441.20
218080,-0.35,0.44,-0.86,-5.81,3.43,25.93,-1.6,-3.6,175.1,37.11,2.85,43.222209,-0.051798,12,1,8.11,441.20
218692,0.86,-1.77,-1.25,8.25,-1.75,-37.12,-5.5,-9.0,186.8,37.10,2.30,43.222209,-0.051807,12,1,8.12,441.29
218998,-0.11,-1.59,0.40,39.25,-19.43,-33.25,-1.5,-14.2,198.4,37.11,1.76,43.222209,-0.051807,12,1,8.12,441.29
219304,-1.24,-1.25,1.51,-23.06,16.56,15.31,-0.9,-14.1,193.5,37.11,2.06,43.222202,-0.051817,12,1,8.12,441.29
219610,1.09,0.11,-0.05,-1.62,23.87,21.87,-2.0,-13.4,189.8,37.11,2.95,43.222202,-0.051817,12,1,8.12,441.29
219916,-0.55,0.45,0.75,-1.25,-17.81,65.50,1.8,-12.4,175.8,37.09,3.46,43.222202,-0.051817,12,1,8.12,441.29
220222,-1.12,-0.33,-0.86,-8.50,39.43,129.43,-0.6,-13.6,147.5,37.08,3.51,43.222202,-0.051827,12,1,8.12,441.39
220528,-3.00,1.49,1.63,-1.75,37.25,130.87,2.6,-11.5,104.3,37.08,2.92,43.222202,-0.051827,12,1,8.12,441.39
220834,-0.70,-1.04,-0.28,-5.18,8.31,84.62,0.5,-8.6,69.3,37.09,1.86,43.222202,-0.051827,12,1,8.12,441.39
221446,2.77,1.79,2.51,7.12,10.93,-12.12,-9.2,-3.6,56.4,37.12,1.52,43.222202,-0.051830,12,1,8.12,441.39
222058,0.27,1.26,-1.71,-7.87,-10.18,-45.12,-8.5,1.4,53.1,37.13,1.35,43.222202,-0.051830,12,1,8.12,441.39
222364,0.57,-0.11,0.70,38.25,5.18,-54.25,-8.2,-0.7,74.6,37.14,1.49,43.222209,-0.051834,12,1,8.11,441.50
222670,0.22,0.07,0.67,-14.93,4.12,-1.37,-10.2,0.4,81.6,37.14,1.60,43.222209,-0.051834,12,1,8.11,441.39
222976,0.67,-0.95,0.45,16.00,5.75,-1.43,-7.6,3.2,82.1,37.14,1.75,43.222209,-0.051834,12,1,8.11,441.50
223282,1.20,-0.37,-0.11,11.37,12.18,-13.43,-7.5,-1.0,85.4,37.15,1.86,43.222209,-0.051835,12,1,8.11,441.50
223588,0.79,-2.00,0.75,-12.50,36.37,7.12,-11.0,0.6,84.1,37.15,1.88,43.222209,-0.051835,12,1,8.11,441.50
223894,-3.54,0.77,0.83,-11.12,-45.50,23.12,-7.1,-0.0,76.3,37.16,1.89,43.222209,-0.051835,12,1,8.11,441.50
224200,1.50,1.82,-1.58,-2.93,20.81,6.43,-10.5,1.1,67.7,37.17,1.87,43.222209,-0.051835,12,1,8.11,441.39
224812,-1.09,0.83,-0.15,-12.00,7.50,7.56,-6.0,5.8,69.1,37.18,1.55,43.222209,-0.051838,12,1,8.11,441.50
225118,0.28,0.15,0.68,-5.06,-7.75,46.43,-5.1,6.2,60.6,37.19,1.48,43.222209,-0.051838,12,1,8.11,441.60
225424,-0.56,0.95,-1.02,11.18,7.87,26.87,-4.1,2.6,45.0,37.20,1.40,43.222202,-0.051836,12,1,8.12,441.60
225730,1.29,1.35,0.03,-20.56,-15.25,-2.06,-4.3,10.1,38.9,37.21,1.45,43.222202,-0.051836,12,1,8.12,441.50
226036,-1.16,-1.00,2.95,-7.81,-23.75,-53.68,-5.2,8.6,43.8,37.21,1.28,43.222202,-0.051836,12,1,8.12,441.50
226342,0.83,0.01,-2.31,21.18,22.62,-37.43,-5.2,7.8,54.2,37.22,1.36,43.222202,-0.051829,12,1,8.11,441.39
226648,1.38,0.55,0.00,14.37,-19.50,17.37,-4.6,4.7,59.5,37.23,1.31,43.222202,-0.051829,12,1,8.11,441.50
227260,-0.07,0.72,-0.12,-9.93,-22.68,-26.43,-2.0,5.3,58.0,37.25,1.30,43.222202,-0.051819,12,1,8.11,441.50
227566,-0.01,1.00,-0.34,-1.37,9.25,-72.87,0.7,5.8,71.4,37.25,1.39,43.222202,-0.051819,12,1,8.11,441.50
227872,2.03,-1.15,-2.02,-27.12,-5.50,-19.93,-1.1,9.6,87.0,37.26,1.35,43.222202,-0.051819,12,1,8.11,441.60
228178,0.70,-1.00,0.27,-1.25,-0.75,-14.31,0.0,10.8,93.6,37.27,1.31,43.222202,-0.051819,12,1,8.11,441.60
228484,0.50,-0.63,0.45,11.43,14.06,7.56,-1.5,7.5,94.3,37.28,1.31,43.222202,-0.051810,12,1,8.12,441.60
228790,0.11,-0.56,-0.17,13.62,5.43,17.31,-2.5,2.9,89.8,37.29,1.33,43.222202,-0.051810,12,1,8.12,441.50
229402,-0.20,0.20,-0.17,5.68,-0.75,-19.93,-6.8,0.0,89.1,37.31,1.35,43.222202,-0.051809,12,1,8.12,441.50
229708,0.05,0.51,-1.36,-1.93,-13.12,-23.12,-1.8,2.5,96.1,37.32,1.36,43.222202,-0.051809,12,1,8.12,441.50
230014,-0.19,0.07,-0.10,1.06,3.12,-24.25,-1.7,2.7,102.8,37.32,1.44,43.222202,-0.051809,12,1,8.12,441.39
230320,0.00,-0.07,0.54,-0.75,0.37,-6.81,-3.0,2.6,106.1,37.33,1.35,43.222202,-0.051809,12,1,8.11,441.29
230932,0.03,0.00,0.27,-7.62,-4.25,2.62,-3.5,4.0,108.7,37.35,1.37,43.222202,-0.051809,12,1,8.11,441.10
231238,-0.07,0.25,-0.22,0.81,-1.62,-6.50,-2.0,3.5,110.1,37.36,1.36,43.222202,-0.051809,12,1,8.11,441.10
231544,0.02,0.09,-0.45,3.37,-0.81,-4.00,-1.1,2.8,111.0,37.37,1.43,43.222202,-0.051808,12,1,8.11,441.10
231850,-0.00,0.11,-0.28,1.12,1.75,2.12,-1.0,2.6,110.9,37.38,1.41,43.222202,-0.051808,12,1,8.11,441.10
232156,-0.03,0.00,0.03,0.56,3.37,0.62,-1.1,2.6,110.8,37.38,1.52,43.222202,-0.051808,12,1,8.11,441.10
232462,0.17,0.17,0.00,1.43,-0.62,-1.06,-1.3,2.3,111.0,37.39,1.50,43.222202,-0.051807,12,1,8.12,441.20
232768,0.22,0.07,0.17,0.56,-0.81,0.18,-1.2,2.5,111.1,37.40,1.49,43.222202,-0.051807,12,1,8.12,441.10
233380,-0.01,0.05,-0.25,1.12,0.93,0.62,-1.5,2.5,110.5,37.42,1.50,43.222190,-0.051807,12,1,8.12,441.10
233686,-0.09,0.05,-0.13,2.18,1.81,-5.18,-1.2,2.6,110.6,37.42,1.47,43.222190,-0.051807,12,1,8.12,441.00
233992,-0.09,0.00,0.15,-2.06,0.68,-2.62,-1.2,2.7,111.3,37.43,1.42,43.222190,-0.051807,12,1,8.12,441.00
234298,0.07,0.02,-0.01,-1.31,-1.93,-1.43,-1.2,2.7,112.1,37.44,1.39,43.222190,-0.051807,12,1,8.12,441.00
234910,0.12,0.03,-0.00,1.68,1.12,-0.93,-1.3,2.6,112.8,37.46,1.37,43.222190,-0.051806,12,1,8.12,440.89
235216,0.02,0.01,0.07,0.31,0.06,-0.87,-1.3,2.4,112.7,37.46,1.34,43.222190,-0.051806,12,1,8.12,440.89
235522,-0.07,-0.05,-0.02,-0.87,1.43,-0.25,-1.3,2.5,112.6,37.47,1.30,43.222190,-0.051805,12,1,8.11,440.79
235828,0.05,0.01,-0.07,-1.06,-0.87,-2.12,-1.4,2.5,112.8,37.48,1.32,43.222190,-0.051805,12,1,8.11,440.79
236134,0.05,-0.03,0.13,0.00,-1.62,-2.75,-1.3,2.5,113.5,37.49,1.30,43.222190,-0.051805,12,1,8.11,440.79
236440,0.01,0.01,-0.07,0.00,1.18,1.37,-1.2,2.4,114.0,37.50,1.26,43.222190,-0.051805,12,1,8.12,440.79
236746,0.11,-0.02,-0.20,0.43,-1.43,-0.37,-1.1,2.3,113.8,37.51,1.26,43.222190,-0.051805,12,1,8.12,440.79
237358,0.03,-0.19,-0.01,-1.62,-1.00,-6.68,-1.0,2.0,115.9,37.52,1.34,43.222190,-0.051804,12,1,8.12,440.70
237664,0.17,-0.03,0.07,-3.62,1.18,-2.43,-0.9,2.2,117.1,37.53,1.31,43.222190,-0.051804,12,1,8.12,440.70
237970,0.15,-0.07,-0.11,0.18,-1.87,2.37,-0.9,2.1,117.3,37.54,1.30,43.222190,-0.051804,12,1,8.12,440.60
238276,0.15,-0.02,-0.05,2.68,-0.43,5.50,-1.0,2.0,116.4,37.55,1.47,43.222190,-0.051804,12,1,8.12,440.60
238582,-0.17,-0.19,0.07,2.50,2.37,10.37,-1.4,1.2,114.4,37.55,1.44,43.222190,-0.051804,12,1,8.10,440.60
239194,-0.10,0.23,-0.12,7.06,0.56,5.12,-1.6,-0.6,109.7,37.57,1.32,43.222190,-0.051804,12,1,8.10,440.60
239500,-0.22,-0.12,-0.27,3.00,1.62,9.87,-2.1,-2.2,107.2,37.58,1.28,43.222190,-0.051803,12,1,8.11,440.60
239806,-0.01,0.25,-0.40,-1.18,0.75,-6.12,-2.2,-2.8,106.5,37.59,1.21,43.222190,-0.051803,12,1,8.11,440.60
240112,0.11,0.23,-0.18,1.43,1.75,-7.06,-3.3,-2.9,108.7,37.60,1.19,43.222190,-0.051803,12,1,8.11,440.60
240724,0.12,-0.40,-0.41,0.18,-4.25,-19.37,-2.3,-2.7,117.4,37.62,1.16,43.222190,-0.051802,12,1,8.11,440.70
241030,0.15,0.02,-0.22,8.37,-6.50,-5.37,-3.0,-2.5,119.7,37.63,1.10,43.222190,-0.051802,12,1,8.11,440.60
241336,-0.02,0.03,-0.20,1.00,-1.43,1.56,-1.5,-3.7,119.0,37.64,1.11,43.222190,-0.051802,12,1,8.11,440.60
241642,-0.01,0.20,0.12,-3.00,3.81,-2.68,-0.8,-2.6,118.2,37.65,1.13,43.222190,-0.051800,12,1,8.11,440.60
241948,0.44,-0.55,0.66,-3.06,-2.93,-0.12,-1.5,-3.3,118.6,37.66,1.23,43.222190,-0.051800,12,1,8.11,440.60
242866,0.17,-0.22,0.00,1.18,2.18,3.43,-0.7,-4.6,117.8,37.68,1.19,43.222190,-0.051800,12,1,8.11,440.50
243172,-0.10,-0.18,0.31,-6.25,4.12,-1.25,-1.3,-3.9,117.6,37.69,1.16,43.222190,-0.051800,12,1,8.11,440.50
243478,-0.02,-0.00,-0.27,1.25,2.81,-0.68,-2.3,-3.4,118.3,37.70,1.13,43.222190,-0.051799,12,1,8.11,440.50
243784,0.07,0.05,-0.11,4.50,0.37,-0.81,-2.3,-3.6,118.5,37.71,1.18,43.222190,-0.051799,12,1,8.11,440.50
244090,0.05,-0.12,0.31,-0.06,-0.75,0.00,-2.0,-3.6,118.5,37.72,1.16,43.222190,-0.051799,12,1,8.11,440.50
244396,0.07,-0.35,0.41,-13.68,-12.25,-3.12,-1.9,-3.0,120.1,37.72,1.13,43.222190,-0.051799,12,1,8.11,440.50
245008,0.25,0.61,-1.33,-4.93,27.37,1.37,-6.7,0.1,124.1,37.74,1.16,43.222183,-0.051797,12,1,8.11,440.50
245314,0.12,-0.05,-0.22,-8.00,-32.75,-17.75,-5.6,3.8,125.9,37.75,1.23,43.222183,-0.051797,12,1,8.11,440.50
245620,0.30,0.10,-0.40,1.87,5.31,2.12,-4.3,5.6,127.2,37.76,1.28,43.222183,-0.051797,12,1,8.11,440.50
245926,0.12,-0.25,0.11,-1.50,-6.00,0.43,-3.5,6.8,126.6,37.76,1.26,43.222183,-0.051797,12,1,8.11,440.50
246538,0.07,0.13,-0.33,-7.37,7.31,0.93,-2.4,5.5,127.4,37.78,1.34,43.222183,-0.051797,12,1,8.10,440.50
247150,0.00,-0.12,0.03,3.06,0.37,-3.68,-1.9,6.1,127.5,37.79,1.28,43.222183,-0.051797,12,1,8.10,440.50
247456,-0.05,-0.60,0.56,2.06,4.06,-1.56,-2.3,6.1,128.0,37.80,1.35,43.222190,-0.051798,12,1,8.11,440.50
247762,0.10,0.07,0.05,2.06,-2.87,5.06,-1.4,3.8,127.8,37.81,1.30,43.222190,-0.051798,12,1,8.11,440.50
248068,-0.18,-0.27,0.36,8.62,-7.50,0.50,-0.5,4.1,127.3,37.82,1.30,43.222190,-0.051798,12,1,8.11,440.50
248374,-0.09,-0.11,-0.20,0.62,-2.18,-2.81,1.8,2.0,127.6,37.82,1.36,43.222190,-0.051798,12,1,8.11,440.50
248680,0.07,-0.15,0.23,-0.06,-5.68,0.12,4.1,1.7,127.8,37.83,1.30,43.222190,-0.051798,12,1,8.11,440.60
248986,0.18,-0.37,-0.02,0.68,19.50,-3.06,1.8,1.6,127.9,37.84,1.25,43.222190,-0.051798,12,1,8.11,440.60
249292,0.43,1.37,1.22,5.18,17.43,-6.50,-1.6,0.8,131.1,37.85,1.21,43.222190,-0.051798,12,1,8.11,440.60
249598,-0.83,0.83,0.60,26.06,-66.93,39.81,6.3,-4.9,123.0,37.86,1.13,43.222190,-0.051797,12,1,8.11,440.70
250210,0.72,-0.18,-0.11,-1.43,6.56,34.87,1.8,-6.3,99.8,37.88,1.21,43.222190,-0.051797,12,1,8.11,440.89
250516,0.86,0.75,0.41,-6.25,10.12,7.25,0.2,-1.7,92.1,37.89,1.25,43.222190,-0.051797,12,1,8.12,440.79
250822,-0.07,-0.07,0.07,-4.93,-10.81,-5.62,0.5,-1.4,92.8,37.90,1.19,43.222190,-0.051797,12,1,8.12,440.79
251128,-0.37,0.25,-0.07,-0.62,-5.87,-2.31,1.4,-1.0,94.2,37.90,1.19,43.222190,-0.051797,12,1,8.12,440.70
251740,0.12,0.18,-0.03,1.93,-3.00,6.75,1.8,-2.1,92.3,37.92,1.18,43.222190,-0.051796,12,1,8.11,440.70
252046,-0.13,-0.46,0.07,-2.50,0.81,-3.00,1.3,-1.8,91.1,37.93,1.14,43.222190,-0.051796,12,1,8.11,440.79
252352,-0.10,0.25,-0.33,2.75,-1.87,3.50,1.2,-2.5,91.3,37.94,1.12,43.222190,-0.051796,12,1,8.11,440.79
252658,0.20,0.17,0.03,2.25,-2.81,2.18,1.5,-2.5,89.5,37.95,1.18,43.222190,-0.051797,12,1,8.11,440.79
252964,0.11,0.15,-0.05,-0.62,-0.50,8.12,1.8,-3.0,87.8,37.96,1.18,43.222190,-0.051797,12,1,8.11,440.79
253270,-0.00,-0.12,0.23,-1.43,3.43,-4.12,1.7,-3.1,87.5,37.97,1.19,43.222190,-0.051797,12,1,8.11,440.79
253576,-0.20,0.17,-0.05,-2.06,-0.50,-2.56,1.6,-3.1,88.9,37.98,1.18,43.222190,-0.051798,12,1,8.11,440.79
253882,-0.30,0.19,0.00,-2.75,-2.37,-1.43,2.2,-2.6,89.8,37.98,1.15,43.222190,-0.051798,12,1,8.11,440.79
254188,-0.07,0.01,0.00,-0.50,-1.12,-2.18,2.6,-2.4,90.4,38.00,1.14,43.222190,-0.051798,12,1,8.11,440.79
254494,0.18,-0.02,-0.01,3.06,-2.37,-3.06,2.8,-2.6,91.1,38.01,1.11,43.222190,-0.051798,12,1,8.11,440.89
254800,0.01,0.12,0.00,0.00,-0.93,1.00,2.8,-3.1,91.7,38.01,1.12,43.222190,-0.051799,12,1,8.11,440.89
255412,0.15,0.30,0.15,0.25,-5.75,-3.18,4.1,-3.3,93.5,38.03,1.09,43.222190,-0.051799,12,1,8.11,441.00
255718,1.11,-0.40,0.22,-13.56,-51.31,-9.50,7.4,-2.9,93.2,38.04,1.09,43.222190,-0.051800,12,1,8.11,441.10
256024,0.58,-0.88,-1.45,-19.18,-14.56,16.75,9.3,-5.8,92.8,38.05,1.10,43.222190,-0.051800,12,1,8.11,441.10
256330,-0.07,0.20,-0.95,-1.62,34.62,20.18,9.3,-4.8,90.0,38.06,1.11,43.222190,-0.051800,12,1,8.11,441.10
256636,-0.38,0.00,-0.25,-5.50,1.31,1.56,5.6,-3.9,88.7,38.07,1.09,43.222190,-0.051799,12,1,8.11,441.10
256942,-0.17,-0.07,-0.11,2.56,3.62,-6.43,6.1,-3.5,88.6,38.08,1.09,43.222190,-0.051799,12,1,8.11,441.20
257248,0.30,-0.27,0.11,-4.68,0.37,1.68,6.0,-4.0,87.4,38.09,1.08,43.222190,-0.051799,12,1,8.11,441.20
257554,0.47,-0.15,-0.00,8.50,3.00,-3.68,3.6,-4.2,87.8,38.10,1.09,43.222190,-0.051799,12,1,8.12,441.20
257860,0.15,0.00,-0.40,2.12,0.18,-1.25,3.1,-4.1,88.6,38.11,1.08,43.222190,-0.051799,12,1,8.12,441.20
258166,0.07,-0.03,-0.13,-0.18,-0.75,-1.00,2.5,-4.2,88.6,38.12,1.06,43.222190,-0.051799,12,1,8.12,441.20
258778,-0.09,0.11,-0.07,2.81,2.31,0.00,2.5,-4.9,89.0,38.14,1.13,43.222190,-0.051799,12,1,8.11,441.20
259084,0.20,-0.07,-0.05,0.56,-0.56,1.56,2.6,-5.3,88.5,38.14,1.12,43.222190,-0.051799,12,1,8.11,441.20
259390,0.55,-0.05,1.25,-13.00,-0.62,-60.31,-1.7,-4.6,93.9,38.15,1.13,43.222190,-0.051799,12,1,8.11,441.20
259696,-0.98,-0.44,-0.20,-4.75,-24.43,-62.25,-3.0,-5.6,109.2,38.16,1.14,43.222190,-0.051800,12,1,8.11,441.20
260308,0.20,0.51,-0.30,10.68,13.31,-3.81,-1.8,4.6,124.0,38.18,1.17,43.222190,-0.051800,12,1,8.11,441.20
260614,0.09,0.15,-0.31,9.12,14.25,3.81,-2.1,4.1,127.3,38.19,1.18,43.222190,-0.051803,12,1,8.11,441.20
260920,0.20,-0.22,0.15,8.93,-2.43,-0.62,-2.6,2.3,127.2,38.20,1.11,43.222190,-0.051803,12,1,8.11,441.20
261226,0.00,0.02,-0.17,7.37,6.18,5.31,-1.5,1.3,127.5,38.21,1.06,43.222190,-0.051803,12,1,8.11,441.20
261838,0.19,-0.07,-0.09,2.06,-2.68,-2.50,-1.6,0.6,126.8,38.23,1.04,43.222190,-0.051804,12,1,8.11,441.29
262144,0.05,0.03,-0.23,-1.68,1.25,2.00,-0.9,0.3,127.3,38.24,1.04,43.222190,-0.051804,12,1,8.11,441.29
262450,-0.05,-0.05,0.23,1.62,-3.43,-1.50,-0.1,1.1,127.8,38.25,1.07,43.222190,-0.051804,12,1,8.11,441.39
263062,-0.11,0.11,-0.01,10.81,-2.62,0.00,0.1,-1.0,128.4,38.27,1.15,43.222190,-0.051805,12,1,8.11,441.39
263368,0.02,-0.13,0.31,-13.25,-25.25,-9.25,2.6,-0.4,129.1,38.27,1.17,43.222190,-0.051805,12,1,8.11,441.39
263674,0.44,0.40,-0.51,6.12,9.25,4.50,5.2,-1.1,129.8,38.28,1.13,43.222190,-0.051806,12,1,8.11,441.39
263980,0.07,-0.18,0.09,5.68,-5.06,0.06,5.4,-0.6,129.9,38.29,1.09,43.222190,-0.051806,12,1,8.11,441.39
264286,-0.07,-0.34,0.49,6.06,-2.12,-0.81,5.1,-1.1,129.8,38.30,1.09,43.222190,-0.051806,12,1,8.11,441.39
264592,-0.10,0.18,-0.20,-1.87,2.43,-1.81,4.8,-1.9,130.0,38.31,1.07,43.222190,-0.051806,12,1,8.11,441.39
264898,-0.01,0.00,0.00,-1.56,-13.56,-3.62,6.0,-0.4,130.4,38.32,1.06,43.222190,-0.051807,12,1,8.11,441.50
265204,0.09,-0.07,-0.11,-4.31,-8.50,-1.31,8.1,0.0,130.6,38.33,1.07,43.222190,-0.051807,12,1,8.11,441.39
265510,0.11,0.02,-0.07,-2.93,1.43,3.56,8.9,0.0,130.6,38.33,1.13,43.222190,-0.051807,12,1,8.11,441.39
265816,0.05,-0.02,0.07,7.62,-0.68,-2.06,9.2,-0.5,130.0,38.34,1.23,43.222190,-0.051807,12,1,8.11,441.39
266122,0.07,-0.02,-0.10,4.75,3.00,1.12,8.7,-1.7,130.2,38.35,1.19,43.222190,-0.051807,12,1,8.11,441.50
266428,-0.07,0.00,-0.09,1.00,5.06,3.87,7.1,-2.7,129.9,38.36,1.09,43.222190,-0.051807,12,1,8.11,441.60
267040,-0.10,-0.13,0.03,0.12,-7.43,-3.56,6.5,-4.6,129.6,38.38,1.06,43.222190,-0.051809,12,1,8.11,441.60
267346,0.00,0.00,-0.12,-5.93,-5.75,-0.50,7.2,-4.6,129.8,38.39,1.12,43.222190,-0.051809,12,1,8.11,441.70
267652,0.17,-0.10,-0.15,-9.87,2.81,-3.25,7.3,-3.5,129.8,38.39,1.10,43.222190,-0.051811,12,1,8.11,441.70
267958,0.00,0.02,-0.11,-2.00,5.12,2.00,6.6,-1.2,130.5,38.40,1.07,43.222190,-0.051811,12,1,8.11,441.70
268264,0.19,-0.07,-0.01,0.87,-1.50,-0.50,5.8,-0.4,130.3,38.41,1.09,43.222190,-0.051811,12,1,8.11,441.79
268570,0.00,0.00,-0.07,2.06,-4.25,-1.06,6.3,-0.5,130.6,38.42,1.14,43.222190,-0.051811,12,1,8.11,441.79
268876,0.18,-0.10,0.19,-3.31,-3.00,-1.06,6.3,-0.1,130.5,38.43,1.12,43.222190,-0.051812,12,1,8.11,441.79
269182,0.05,0.25,-0.33,5.75,3.93,5.12,5.5,-0.6,129.8,38.44,1.14,43.222190,-0.051812,12,1,8.11,441.79
269488,0.17,-0.22,0.19,4.18,6.81,1.56,6.8,0.3,129.9,38.45,1.13,43.222190,-0.051812,12,1,8.11,441.79
269794,-0.22,-0.07,0.12,-0.06,3.25,0.75,7.0,0.5,130.6,38.46,1.16,43.222190,-0.051812,12,1,8.11,441.79
270406,0.02,-0.25,-0.34,4.62,1.43,-0.50,6.1,0.2,130.5,38.47,1.18,43.222190,-0.051812,12,1,8.11,441.79
270712,0.07,0.17,-0.25,5.43,4.31,1.06,6.0,-0.8,130.6,38.48,1.19,43.222190,-0.051812,12,1,8.10,441.79
271018,0.00,-0.02,-0.17,2.18,-1.62,-0.93,4.7,-1.8,130.3,38.49,1.20,43.222190,-0.051812,12,1,8.10,441.79
271324,-0.03,0.19,-0.25,4.31,12.75,0.87,3.5,-3.0,130.5,38.50,1.21,43.222190,-0.051812,12,1,8.10,441.79
271630,0.07,0.15,-0.19,5.87,3.12,-5.50,3.4,-4.1,131.3,38.50,1.21,43.222190,-0.051812,12,1,8.10,441.79
271936,-0.10,0.00,-0.10,0.12,-2.93,-1.43,3.3,-4.9,132.1,38.51,1.21,43.222190,-0.051812,12,1,8.11,441.79
272242,0.03,0.00,-0.37,1.68,1.31,1.31,3.3,-5.2,131.8,38.52,1.19,43.222190,-0.051812,12,1,8.11,441.89
272854,0.13,-0.03,-0.07,1.43,-0.06,-2.12,3.3,-6.1,133.0,38.54,1.20,43.222190,-0.051813,12,1,8.11,441.89
273160,0.05,-0.09,-0.27,1.75,-0.06,-2.43,2.8,-6.6,133.8,38.55,1.15,43.222190,-0.051813,12,1,8.11,441.89
273466,-0.07,0.17,-0.25,0.68,3.75,5.75,1.3,-6.8,133.6,38.55,1.24,43.222190,-0.051813,12,1,8.11,441.70
273772,0.05,-0.19,0.11,-2.93,2.31,1.43,0.9,-6.1,132.6,38.56,1.26,43.222190,-0.051813,12,1,8.10,441.70
274078,0.25,-0.00,-0.35,1.68,-0.31,2.12,1.1,-6.3,132.0,38.57,1.29,43.222190,-0.051813,12,1,8.10,441.60
274384,-0.12,0.05,0.01,0.25,0.43,-2.81,1.6,-5.9,132.6,38.57,1.26,43.222190,-0.051813,12,1,8.10,441.50
274996,-0.07,-0.07,0.03,-1.18,-2.75,0.06,1.8,-6.5,132.7,38.59,1.25,43.222190,-0.051814,12,1,8.10,441.60
275302,0.03,0.00,0.00,0.18,-2.18,-0.56,1.6,-6.6,132.5,38.60,1.26,43.222190,-0.051814,12,1,8.10,441.50
275608,0.07,-0.00,-0.13,-2.18,0.87,-0.06,1.6,-6.5,132.6,38.61,1.27,43.222190,-0.051814,12,1,8.10,441.60
275914,-0.00,-0.01,0.03,-0.31,1.12,-0.18,1.5,-6.1,132.9,38.61,1.27,43.222190,-0.051812,12,1,8.11,441.60
276526,0.00,-0.09,-0.00,-1.50,-1.43,1.93,1.5,-6.0,132.4,38.62,1.26,43.222190,-0.051812,12,1,8.11,441.70
276832,0.00,-0.01,-0.09,-2.00,-1.00,-1.25,1.6,-5.6,132.2,38.63,1.24,43.222190,-0.051810,12,1,8.11,441.60
277138,0.13,-0.09,-0.11,-0.18,-0.25,-2.12,1.5,-5.5,132.5,38.64,1.31,43.222190,-0.051810,12,1,8.11,441.60
277444,0.11,-0.11,0.00,-0.18,0.93,0.06,1.1,-5.6,132.8,38.65,1.29,43.222190,-0.051810,12,1,8.11,441.60
277750,0.00,-0.09,-0.05,-2.18,-1.62,-0.93,1.0,-5.6,132.8,38.66,1.25,43.222190,-0.051809,12,1,8.11,441.60
278056,0.07,-0.03,-0.05,-1.12,-1.87,0.12,1.1,-5.5,132.9,38.66,1.34,43.222190,-0.051809,12,1,8.11,441.60
278362,0.00,-0.07,0.00,-1.00,-1.87,-1.87,1.2,-5.3,133.0,38.67,1.37,43.222190,-0.051809,12,1,8.11,441.60
278668,0.07,-0.00,-0.05,0.87,-0.93,-1.00,1.1,-5.5,133.1,38.67,1.44,43.222190,-0.051809,12,1,8.11,441.50
279280,0.00,-0.02,-0.12,0.00,0.12,-1.62,1.5,-5.3,133.1,38.68,1.53,43.222190,-0.051807,12,1,8.11,441.39
279586,0.05,-0.05,0.03,0.56,0.81,-1.12,1.1,-5.4,133.3,38.69,1.39,43.222190,-0.051807,12,1,8.11,441.39
279892,0.12,0.05,-0.27,1.25,1.56,-0.06,0.7,-5.5,133.4,38.70,1.36,43.222190,-0.051805,12,1,8.11,441.29
280504,-0.27,0.22,-0.15,2.68,3.00,-1.56,0.8,-5.8,133.9,38.71,1.36,43.222190,-0.051805,12,1,8.11,441.29
280810,-0.15,-0.09,0.30,-3.75,-1.75,0.31,0.6,-6.1,133.3,38.72,1.30,43.222190,-0.051804,12,1,8.11,441.20
281116,-0.33,0.31,-0.38,3.31,1.43,1.62,1.3,-8.2,133.6,38.73,1.26,43.222190,-0.051804,12,1,8.11,441.20
281422,0.17,-0.11,-0.33,-1.81,-0.81,-2.37,2.9,-6.7,132.1,38.73,1.26,43.222190,-0.051804,12,1,8.11,441.20
281728,0.03,0.20,-0.15,0.31,-8.87,-4.43,3.7,-6.5,132.8,38.75,1.23,43.222190,-0.051804,12,1,8.11,441.10
282034,0.07,0.01,-0.18,3.87,0.93,2.06,3.5,-5.8,132.8,38.75,1.23,43.222190,-0.051803,12,1,8.11,441.10
282340,0.15,-0.33,-0.09,0.93,2.18,-0.31,3.7,-6.0,132.4,38.76,1.22,43.222190,-0.051803,12,1,8.11,441.10
282646,-0.03,-0.00,-0.10,10.00,2.62,2.81,4.1,-5.7,132.8,38.77,1.25,43.222190,-0.051803,12,1,8.11,441.00
283258,0.20,-0.12,-0.05,0.62,3.31,3.18,4.3,-5.9,132.3,38.78,1.16,43.222190,-0.051803,12,1,8.11,441.00
283564,0.07,0.01,-0.15,0.06,-0.62,0.37,4.0,-6.2,132.0,38.79,1.19,43.222190,-0.051803,12,1,8.11,440.89
283870,0.07,0.02,-0.40,-1.56,3.50,1.18,4.1,-6.6,131.6,38.80,1.17,43.222190,-0.051802,12,1,8.11,440.89
284176,-0.10,0.00,-0.17,2.12,1.50,-1.06,3.6,-6.6,131.8,38.81,1.22,43.222190,-0.051802,12,1,8.11,440.89
284482,0.10,-0.15,-0.07,1.12,3.12,1.12,2.8,-6.5,131.6,38.81,1.21,43.222190,-0.051802,12,1,8.11,440.89
285094,-0.07,-0.15,-0.05,-3.62,1.12,-4.12,1.3,-5.9,132.5,38.83,1.22,43.222190,-0.051802,12,1,8.11,440.89
285400,0.36,-0.07,-0.88,2.56,8.50,4.06,0.8,-5.2,132.1,38.84,1.20,43.222190,-0.051802,12,1,8.11,440.79
285706,-0.09,0.05,-0.15,1.56,-4.75,-2.37,0.3,-3.7,130.5,38.84,1.27,43.222190,-0.051802,12,1,8.11,440.70
286012,0.45,0.15,0.18,-3.00,-15.56,4.68,-0.9,-3.1,130.0,38.85,1.34,43.222190,-0.051802,12,1,8.11,440.70
286318,-0.01,1.30,0.02,31.56,15.93,-23.62,-1.5,-6.5,134.7,38.86,1.30,43.222190,-0.051802,12,1,8.11,440.70
286930,1.11,-0.98,0.28,40.75,-28.56,-27.87,-3.1,-14.3,143.5,38.87,1.24,43.222190,-0.051802,12,1,8.10,440.79
287542,0.45,2.18,-2.97,31.75,7.37,11.81,-2.5,-15.5,145.0,38.88,1.34,43.222190,-0.051802,12,1,8.10,440.79
287848,0.74,1.14,-2.95,57.68,15.25,4.37,-3.1,-15.9,143.0,38.89,1.32,43.222190,-0.051801,12,1,8.10,440.70
288154,0.97,0.85,-2.34,57.93,28.87,24.62,-4.3,-18.4,142.5,38.90,1.23,43.222190,-0.051801,12,1,8.10,440.70
288460,0.49,-0.03,-0.86,-5.00,-18.62,2.18,-3.5,-19.1,140.6,38.91,1.16,43.222190,-0.051801,12,1,8.10,440.79
289072,-0.02,-0.20,-0.22,-8.56,-4.75,-6.81,-4.2,-19.4,137.3,38.92,1.21,43.222190,-0.051800,12,1,8.10,441.00
289378,-0.70,0.61,-0.81,4.37,13.37,-2.25,-4.1,-19.9,138.6,38.93,1.23,43.222190,-0.051800,12,1,8.10,441.20
289684,0.22,-1.25,1.75,-5.37,-7.31,-3.37,-3.0,-21.0,140.0,38.94,1.32,43.222190,-0.051800,12,1,8.10,441.29
289990,0.75,-0.07,1.71,38.37,-26.93,5.00,-2.3,-21.6,140.4,38.95,1.30,43.222190,-0.051801,12,1,8.10,441.39
290602,0.72,0.27,-0.93,-7.62,-14.12,6.00,-2.2,-23.8,137.5,38.96,1.27,43.222190,-0.051801,12,1,8.10,441.50
291214,0.15,0.55,0.11,-23.12,7.50,26.18,-3.8,-12.7,128.3,38.98,1.19,43.222190,-0.051801,12,1,8.11,441.50
291520,-1.27,0.55,-0.34,13.62,11.62,107.93,-1.5,-9.9,110.4,38.98,1.10,43.222190,-0.051801,12,1,8.11,441.60
291826,-1.65,-0.51,1.24,-5.37,-2.62,171.37,1.9,-13.6,70.6,38.99,1.14,43.222190,-0.051801,12,1,8.11,441.70
292132,-2.76,-0.18,1.26,-30.87,36.37,231.50,-0.7,-8.0,4.2,39.00,1.14,43.222190,-0.051801,12,1,8.11,441.60
292744,0.45,1.25,-0.18,-28.62,-3.31,64.00,-4.5,1.5,293.7,39.01,1.93,43.222190,-0.051801,12,1,8.11,441.60
293356,1.50,0.17,-0.56,3.06,0.25,33.62,-6.3,5.5,259.9,39.00,1.68,43.222202,-0.051797,12,1,8.10,441.50
293662,-0.35,-1.73,2.32,15.87,-41.43,-11.18,-2.5,2.1,257.6,39.01,1.08,43.222202,-0.051797,12,1,8.10,441.29
293968,0.15,0.33,-1.48,-18.87,0.50,-32.50,1.6,4.1,264.1,39.02,0.90,43.222202,-0.051805,12,1,8.10,441.10
294274,0.13,1.21,-1.22,5.50,11.50,-21.00,3.0,7.0,277.2,39.02,1.60,43.222202,-0.051805,12,1,8.10,441.10
294580,0.52,-0.33,0.11,-8.56,19.62,-17.31,-0.1,10.2,285.6,39.01,2.39,43.222202,-0.051805,12,1,8.10,440.89
294886,1.40,0.67,-0.20,23.37,8.62,-3.50,-3.9,8.9,288.5,39.00,2.81,43.222202,-0.051805,12,1,8.10,440.79
295192,0.15,-1.48,0.93,-16.62,-20.68,-17.50,-2.6,6.5,293.2,38.99,2.68,43.222202,-0.051813,12,1,8.10,440.70
295804,0.36,-0.15,-0.11,-10.93,2.25,-68.18,6.8,12.5,333.1,38.98,3.08,43.222202,-0.051813,12,1,8.10,440.79
296110,0.36,-0.28,-0.13,-19.37,16.62,-50.87,4.8,12.6,352.0,38.98,2.18,43.222209,-0.051823,12,1,8.11,440.79
296416,0.37,-0.19,0.55,2.93,3.37,-41.43,3.2,13.3,6.3,38.99,1.43,43.222209,-0.051823,12,1,8.11,440.70
296722,0.15,0.45,-0.28,10.87,7.37,-22.00,3.3,10.5,15.8,39.01,1.08,43.222209,-0.051823,12,1,8.11,440.79
297028,-0.47,0.20,-0.74,10.12,8.31,-5.18,0.8,6.6,19.1,39.01,1.08,43.222209,-0.051831,12,1,8.11,440.70
297334,-0.22,0.85,-0.07,-3.50,-0.87,-9.68,-0.9,7.6,21.6,39.02,1.17,43.222209,-0.051831,12,1,8.11,440.79
297640,-0.03,-0.10,-0.34,-10.06,-11.62,12.06,0.8,7.5,22.8,39.02,1.19,43.222209,-0.051831,12,1,8.11,440.89
297946,0.31,-0.23,-0.54,1.31,2.56,15.93,2.5,7.6,18.0,39.03,1.20,43.222209,-0.051834,12,1,8.10,440.89
298252,-0.11,-0.27,0.54,-4.06,-1.12,1.62,2.0,8.1,15.3,39.03,1.28,43.222209,-0.051834,12,1,8.10,440.79
298558,0.01,-0.13,-0.37,3.87,3.43,-2.18,2.7,9.5,14.6,39.04,1.28,43.222209,-0.051834,12,1,8.10,440.50
298864,0.27,-0.09,-0.02,-6.06,-9.06,3.12,3.1,10.8,14.2,39.04,1.32,43.222209,-0.051834,12,1,8.10,440.50
299170,-0.01,-0.20,0.00,-2.06,1.81,-8.50,4.2,11.1,16.0,39.05,1.33,43.222217,-0.051833,12,1,8.11,440.50
299782,-0.19,-0.07,0.01,-2.87,-2.00,-1.06,4.8,8.2,19.8,39.05,1.50,43.222217,-0.051833,12,1,8.11,440.29
300088,0.15,0.05,-0.02,0.25,5.37,-10.62,4.6,7.2,22.1,39.06,1.50,43.222217,-0.051832,12,1,8.10,440.29
300394,0.20,-0.03,0.03,0.18,-0.31,-5.37,4.4,7.3,24.3,39.06,1.43,43.222217,-0.051832,12,1,8.10,440.39
300700,0.40,0.11,-0.11,0.06,2.62,-19.68,5.4,8.2,27.2,39.07,1.32,43.222217,-0.051832,12,1,8.10,440.39
301006,0.57,0.02,0.00,-10.68,9.18,24.12,3.1,8.0,27.1,39.07,1.29,43.222217,-0.051832,12,1,8.11,440.39
301312,-0.86,-0.18,0.37,1.18,-31.75,35.81,1.4,7.2,15.2,39.08,1.23,43.222217,-0.051832,12,1,8.11,440.50
301618,-0.75,0.23,-0.22,-6.68,5.12,16.81,1.3,7.7,6.6,39.08,1.21,43.222217,-0.051832,12,1,8.11,440.60
301924,-0.55,-0.22,0.12,-5.81,13.06,-7.62,-1.5,11.6,7.0,39.09,1.24,43.222217,-0.051832,12,1,8.11,440.60
302230,-0.02,-0.66,0.22,10.12,1.50,-17.18,-1.8,11.6,10.8,39.09,1.24,43.222217,-0.051833,12,1,8.11,440.60
302536,-0.41,-0.07,0.01,-1.18,-0.18,-17.06,-1.1,10.7,15.1,39.10,1.25,43.222217,-0.051833,12,1,8.11,440.60
302842,0.37,-0.33,0.31,-4.62,-16.75,-15.00,0.1,11.8,19.8,39.11,1.30,43.222217,-0.051833,12,1,8.11,440.70
303148,-0.07,-0.22,0.37,3.75,1.25,-5.31,0.4,10.8,22.8,39.11,1.29,43.222217,-0.051833,12,1,8.11,440.70
303760,-0.11,0.25,-0.20,7.62,7.31,-23.00,0.9,6.2,33.5,39.13,1.22,43.222217,-0.051833,12,1,8.11,440.60
304066,-0.27,-0.56,0.15,15.31,-1.12,-1.68,0.6,6.2,35.6,39.13,1.27,43.222217,-0.051836,12,1,8.10,440.60
304372,-0.01,-0.54,0.11,1.93,-2.31,-26.75,1.3,4.8,40.1,39.14,1.30,43.222217,-0.051836,12,1,8.10,440.70
304678,-0.12,-0.30,0.63,13.81,8.12,-18.81,1.1,3.5,49.3,39.14,1.27,43.222217,-0.051836,12,1,8.10,440.79
304984,-0.13,-0.37,-0.66,11.62,10.18,14.31,3.3,0.0,49.3,39.15,1.21,43.222217,-0.051836,12,1,8.10,440.79
305290,-0.41,0.44,-0.40,-5.43,-0.81,30.31,1.6,-2.0,40.6,39.16,1.15,43.222217,-0.051840,12,1,8.10,440.79
305596,0.00,0.58,0.38,0.75,4.18,-6.12,0.5,-0.8,38.6,39.16,1.22,43.222217,-0.051840,12,1,8.10,441.00
306208,-0.40,-0.23,0.41,2.68,-11.56,-30.56,0.5,-3.0,54.0,39.18,1.16,43.222217,-0.051840,12,1,8.11,441.10
306514,0.63,-0.30,-0.63,-0.68,0.68,-35.12,0.3,-3.3,66.0,39.19,1.23,43.222217,-0.051840,12,1,8.11,441.10
306820,0.77,0.37,-1.22,5.06,12.37,-47.06,-0.5,-0.5,79.7,39.19,1.35,43.222217,-0.051840,12,1,8.11,441.20
307126,0.18,-0.85,-0.77,22.62,11.50,-42.43,-2.1,-1.5,90.5,39.20,1.25,43.222217,-0.051842,12,1,8.10,441.20
307432,0.69,-0.20,-0.34,16.12,-7.56,-53.31,-3.5,-5.0,106.5,39.21,1.24,43.222217,-0.051842,12,1,8.10,441.29
308044,0.07,0.65,-0.50,-3.18,8.56,-94.25,-3.7,-1.3,165.1,39.22,1.27,43.222217,-0.051846,12,1,8.11,441.39
308350,-0.02,-0.40,0.97,3.50,-18.93,-54.43,-3.5,-0.9,187.2,39.23,1.22,43.222217,-0.051846,12,1,8.11,441.50
308962,1.23,-0.11,-0.47,5.87,7.50,19.68,-5.1,-3.1,206.6,39.24,1.15,43.222217,-0.051846,12,1,8.11,441.60
309268,-0.47,0.20,-2.24,19.50,25.68,32.25,-3.5,-7.6,196.8,39.25,1.06,43.222209,-0.051854,12,1,8.10,441.60
309574,0.40,-0.07,-0.05,-7.31,-11.25,-2.31,-1.3,-6.0,194.9,39.25,1.11,43.222209,-0.051854,12,1,8.10,441.50
309880,0.11,0.88,-0.11,2.93,1.68,-5.43,-2.4,-4.3,199.1,39.26,1.14,43.222209,-0.051854,12,1,8.10,441.50
310186,-0.49,-0.72,-1.34,2.18,-5.75,3.56,-1.3,-4.4,199.7,39.27,1.03,43.222209,-0.051860,12,1,8.11,441.39
310492,0.45,0.07,0.10,-4.68,14.18,13.68,-3.9,-2.0,196.6,39.27,0.93,43.222209,-0.051860,12,1,8.11,441.39
310798,0.50,-0.34,0.22,14.06,-5.06,3.62,-5.2,-4.2,192.8,39.28,0.90,43.222209,-0.051860,12,1,8.11,441.29
311410,-0.91,0.09,-0.73,11.81,0.56,22.62,-1.1,-4.6,182.7,39.28,1.78,43.222209,-0.051869,12,1,8.10,441.29
311716,-0.20,0.22,-1.27,2.06,24.25,49.50,-3.9,-6.8,174.4,39.29,1.58,43.222209,-0.051869,12,1,8.10,441.29
312022,0.33,-0.51,0.27,-8.43,-2.43,38.12,-3.9,-4.8,160.0,39.29,1.36,43.222209,-0.051869,12,1,8.10,441.29
312634,-0.25,-0.41,-0.77,-11.25,-1.68,-28.68,-3.4,-4.6,159.5,39.30,1.28,43.222209,-0.051879,12,1,8.10,441.39
313246,0.27,0.45,-0.13,3.50,-11.50,-47.75,-3.1,-3.8,186.7,39.31,1.55,43.222209,-0.051881,12,1,8.10,441.39
313858,0.85,0.11,-0.69,20.37,-16.25,-33.06,-7.1,-6.0,209.5,39.32,1.23,43.222209,-0.051881,12,1,8.10,441.39
314164,-0.79,-0.43,-0.27,-7.93,1.18,-15.68,-3.1,-5.1,217.3,39.32,1.08,43.222209,-0.051884,12,1,8.11,441.29
314470,0.91,0.02,-0.11,6.87,-1.06,-12.68,-4.3,-4.3,222.1,39.33,1.02,43.222209,-0.051884,12,1,8.11,441.29
314776,0.85,-0.02,1.01,10.37,-8.62,5.50,-5.9,-6.0,223.2,39.34,0.99,43.222209,-0.051884,12,1,8.11,441.29
315082,-1.15,-0.81,2.53,-23.75,-47.43,0.93,-1.0,-3.6,219.0,39.34,0.89,43.222209,-0.051884,12,1,8.11,441.20
315388,-0.40,0.05,0.09,-7.56,0.68,-25.43,-3.4,-4.5,221.8,39.35,0.89,43.222209,-0.051888,12,1,8.11,441.20
316000,1.00,-0.40,-0.83,-0.25,22.37,12.62,-5.0,-2.5,226.6,39.36,0.86,43.222209,-0.051888,12,1,8.11,441.20
316306,-1.28,-1.53,1.88,1.87,-8.93,18.37,-6.3,-2.9,223.3,39.37,0.85,43.222217,-0.051899,12,1,8.10,441.20
316612,0.05,-0.19,-0.93,-16.50,1.68,-13.87,-6.0,-0.3,224.0,39.37,0.85,43.222217,-0.051899,12,1,8.10,441.10
316918,-1.86,-1.26,3.24,-42.12,2.00,-31.75,-3.2,3.0,229.2,39.38,0.80,43.222217,-0.051899,12,1,8.10,441.10
317530,-0.93,0.13,1.59,29.87,-9.93,42.43,-3.9,-2.6,223.6,39.39,0.87,43.222217,-0.051911,12,1,8.10,441.10
317836,-0.17,-0.47,-2.50,0.50,14.12,30.56,-2.3,-1.6,210.9,39.40,0.84,43.222217,-0.051911,12,1,8.10,441.10
318142,-0.61,0.31,-0.03,8.93,-4.87,5.43,1.3,-3.7,208.5,39.40,0.86,43.222217,-0.051935,12,1,8.10,441.10
318448,-0.68,-0.15,-0.50,-11.12,5.18,67.68,-0.0,-2.5,196.8,39.41,0.99,43.222217,-0.051935,12,1,8.10,441.10
318754,-0.09,-0.54,0.65,-5.25,-4.43,97.18,-0.2,-3.4,171.1,39.41,1.20,43.222217,-0.051935,12,1,8.10,441.00
319060,-1.34,0.72,0.86,-12.68,6.87,41.00,-0.6,-1.4,152.6,39.42,1.28,43.222217,-0.051935,12,1,8.10,440.89
319672,-0.67,0.22,-0.01,-11.43,6.62,12.68,-3.0,-4.9,140.0,39.42,1.63,43.222217,-0.051938,12,1,8.10,440.89
319978,-0.05,-0.12,0.55,-28.62,-8.25,-6.87,-2.1,-1.0,137.0,39.42,1.66,43.222217,-0.051938,12,1,8.10,440.79
320284,0.69,0.86,0.17,0.93,4.31,1.06,-4.7,3.8,136.8,39.42,1.62,43.222217,-0.051935,12,1,8.11,440.79
320590,0.37,0.05,-0.20,2.93,-4.87,3.00,-3.2,4.0,135.2,39.42,1.61,43.222217,-0.051935,12,1,8.11,440.79
320896,0.27,-0.00,-0.19,3.37,0.06,-6.37,-2.4,3.3,136.3,39.43,1.67,43.222217,-0.051935,12,1,8.11,440.79
321508,-0.19,-0.67,0.37,0.50,4.81,-39.12,-2.8,1.4,153.6,39.43,1.60,43.222217,-0.051938,12,1,8.10,441.00
321814,-0.25,0.20,-0.47,3.68,5.93,-40.56,-4.4,0.2,166.0,39.44,1.49,43.222217,-0.051938,12,1,8.10,441.10
322120,-0.61,1.01,-0.75,37.87,-11.18,-73.37,-0.3,0.0,181.6,39.44,1.45,43.222217,-0.051938,12,1,8.10,441.10
322732,-1.25,-0.61,0.50,-11.81,4.87,-33.25,-3.8,0.0,221.2,39.45,1.25,43.222217,-0.051947,12,1,8.10,441.29
323038,0.35,0.01,-1.29,10.93,-1.81,-20.56,-2.8,-0.8,229.5,39.46,1.09,43.222217,-0.051947,12,1,8.10,441.29
323344,0.05,-0.12,1.36,8.31,-5.37,8.00,-2.6,-3.7,232.7,39.46,1.07,43.222217,-0.051954,12,1,8.10,441.29
323650,-1.76,-0.81,2.00,-30.00,-28.50,7.25,0.8,-1.6,228.5,39.47,0.96,43.222217,-0.051954,12,1,8.10,441.20
323956,0.37,0.75,-0.30,0.43,1.43,9.93,-0.3,-0.8,225.8,39.47,0.98,43.222217,-0.051954,12,1,8.10,441.29
324568,1.37,-0.19,-0.93,9.93,4.06,19.12,-1.1,-2.4,220.0,39.48,1.11,43.222217,-0.051965,12,1,8.10,441.29
324874,-1.50,-0.00,-0.11,11.81,-11.81,19.12,1.3,-4.1,215.8,39.49,1.10,43.222217,-0.051965,12,1,8.10,441.20
325180,0.13,0.41,-1.50,-0.62,1.37,8.31,0.8,-1.7,210.8,39.49,1.11,43.222217,-0.051965,12,1,8.10,441.20
325486,-1.37,-0.18,0.25,9.87,11.50,3.56,0.8,-1.8,211.8,39.50,1.15,43.222217,-0.051980,12,1,8.11,441.29
325792,0.70,-0.09,-0.35,10.75,-11.12,1.18,-2.0,-3.8,212.1,39.50,1.16,43.222217,-0.051980,12,1,8.11,441.29
326098,-2.01,0.10,1.19,-7.56,-22.50,31.56,-1.1,-5.7,207.1,39.50,1.16,43.222217,-0.051980,12,1,8.11,441.29
326710,-1.36,0.20,0.12,-18.43,-8.06,-6.31,1.6,-3.6,206.0,39.51,1.18,43.222217,-0.051994,12,1,8.10,441.39
327016,0.44,-0.33,-0.25,6.43,8.93,8.43,-0.5,-4.5,205.7,39.52,1.29,43.222217,-0.051994,12,1,8.10,441.39
327322,-1.60,0.75,0.30,-9.56,-11.06,31.93,-1.3,-6.1,198.1,39.52,1.33,43.222209,-0.052009,12,1,8.10,441.50
327628,-0.36,0.20,-1.30,-0.75,-17.25,-6.06,0.9,-4.5,194.2,39.53,1.31,43.222209,-0.052009,12,1,8.10,441.50
327934,0.17,-0.40,-1.77,28.00,24.68,-12.62,0.4,-3.2,198.9,39.53,1.40,43.222209,-0.052009,12,1,8.10,441.50
328240,0.10,0.36,0.00,17.62,-0.31,20.75,-2.2,-4.5,200.0,39.53,1.31,43.222209,-0.052022,12,1,8.10,441.50
328546,-1.86,-0.15,0.45,-40.25,-25.75,28.87,0.3,-7.1,190.5,39.54,1.29,43.222209,-0.052022,12,1,8.10,441.50
328852,-0.27,0.98,0.52,-11.00,-30.75,-2.18,0.1,-3.0,186.9,39.54,1.33,43.222209,-0.052022,12,1,8.10,441.60
329158,-1.69,0.47,-0.68,36.00,31.93,-1.12,3.2,-4.1,188.4,39.54,1.38,43.222209,-0.052022,12,1,8.10,441.60
329464,0.86,0.55,-1.04,-14.43,-19.06,25.75,-1.1,-3.1,182.6,39.55,1.45,43.222202,-0.052035,12,1,8.11,441.60
329770,-2.25,0.09,1.07,0.56,-32.75,49.50,1.0,-6.1,173.0,39.55,1.33,43.222202,-0.052035,12,1,8.11,441.60
330076,-0.45,0.07,-1.25,-10.06,-2.18,4.37,0.8,-6.7,166.0,39.56,1.35,43.222202,-0.052035,12,1,8.11,441.70
330382,-0.67,-0.61,0.22,11.43,-13.25,-14.31,1.3,-4.6,170.5,39.56,1.45,43.222190,-0.052044,12,1,8.10,441.79
330688,0.93,0.10,0.81,-4.25,-5.56,-4.12,-2.3,-4.1,175.2,39.56,1.49,43.222190,-0.052044,12,1,8.10,441.79
330994,-1.37,0.50,-0.07,7.81,-14.93,46.06,-2.6,-9.0,169.5,39.56,1.45,43.222190,-0.052044,12,1,8.10,441.79
331300,-0.15,0.22,-1.49,-5.93,-7.31,4.43,2.5,-5.6,163.8,39.56,1.41,43.222183,-0.052053,12,1,8.10,441.79
331606,-1.45,-0.10,0.95,8.31,19.81,-15.18,-0.5,-2.0,169.1,39.57,1.45,43.222183,-0.052053,12,1,8.10,441.89
331912,0.73,0.30,-0.77,5.87,-2.00,20.31,-2.6,-3.6,166.3,39.57,1.48,43.222183,-0.052053,12,1,8.10,441.89
332218,-0.41,0.91,-0.98,32.37,-9.81,52.18,-2.0,-8.7,156.9,39.57,1.52,43.222183,-0.052053,12,1,8.10,441.89
332524,0.58,0.93,-1.98,3.43,-0.68,9.18,-0.1,-5.1,152.1,39.58,1.48,43.222175,-0.052061,12,1,8.10,442.00
332830,-0.98,-0.88,0.66,21.75,0.75,13.81,-3.1,-2.1,156.1,39.58,1.51,43.222175,-0.052061,12,1,8.10,442.00
333136,1.03,0.61,-0.70,-3.93,-14.18,19.37,-4.8,-3.0,152.9,39.58,1.50,43.222175,-0.052061,12,1,8.10,442.00
333442,-2.01,-0.18,1.42,3.81,4.68,27.81,-3.0,-6.0,146.0,39.59,1.44,43.222160,-0.052067,12,1,8.10,442.10
333748,0.01,1.34,-2.05,-2.18,-3.06,1.06,-2.6,-4.3,141.4,39.59,1.46,43.222160,-0.052067,12,1,8.10,442.20
334054,-0.50,0.19,2.13,-10.50,-0.93,-21.62,-1.5,-3.2,144.1,39.59,1.53,43.222160,-0.052067,12,1,8.10,442.10
334666,1.00,0.44,0.02,6.43,-4.93,20.06,-4.3,-6.1,147.8,39.60,1.50,43.222152,-0.052070,12,1,8.10,442.29
334972,-1.10,1.12,-0.63,2.68,8.43,33.43,-4.9,-7.3,138.1,39.60,1.42,43.222152,-0.052070,12,1,8.10,442.20
335278,-0.52,0.41,-0.90,-0.75,-3.37,2.50,0.6,-5.6,133.0,39.61,1.43,43.222152,-0.052070,12,1,8.10,442.29
335584,1.03,1.29,-0.91,-21.93,-27.56,-16.31,4.6,-3.6,137.5,39.61,1.58,43.222145,-0.052071,12,1,8.10,442.29
335890,0.00,0.15,-0.40,24.06,5.87,21.18,-0.1,-1.9,137.6,39.61,1.66,43.222145,-0.052071,12,1,8.10,442.29
336196,0.95,-0.00,-0.07,7.06,-2.93,41.50,-2.7,-6.0,127.7,39.62,1.67,43.222145,-0.052071,12,1,8.10,442.29
336502,-0.72,-0.63,0.37,-22.75,10.56,22.06,-6.3,-7.8,118.1,39.62,1.67,43.222145,-0.052069,12,1,8.10,442.29
336808,0.51,0.60,-1.80,-0.37,-5.43,-15.50,-4.1,-5.1,117.1,39.62,1.61,43.222145,-0.052069,12,1,8.10,442.29
337114,-0.20,0.74,0.66,-6.12,-8.56,-46.50,-3.3,-2.6,128.0,39.63,1.61,43.222145,-0.052069,12,1,8.10,442.39
337726,-0.50,0.55,-0.67,35.18,27.75,32.31,-6.2,-3.3,141.6,39.63,1.54,43.222133,-0.052067,12,1,8.10,442.39
338032,-0.56,0.46,-0.40,-14.25,-2.68,64.25,-4.2,-10.9,124.5,39.64,1.56,43.222133,-0.052067,12,1,8.10,442.39
338644,-0.30,-0.13,0.86,13.50,16.31,-5.37,-5.5,-8.3,114.6,39.64,1.69,43.222126,-0.052066,12,1,8.10,442.39
338950,0.25,0.28,-0.25,1.93,4.25,-1.93,-4.1,-8.8,114.0,39.65,1.63,43.222126,-0.052066,12,1,8.10,442.50
339256,0.38,0.20,-0.35,-6.37,1.50,-0.31,-4.1,-9.1,114.9,39.65,1.54,43.222126,-0.052066,12,1,8.10,442.60
339562,0.01,0.02,0.22,-3.06,3.00,-5.62,-4.0,-7.6,116.3,39.66,1.51,43.222126,-0.052063,12,1,8.10,442.60
339868,0.60,0.15,-0.35,-2.06,-2.12,-7.43,-5.1,-7.1,116.4,39.66,1.40,43.222126,-0.052063,12,1,8.10,442.70
340174,-0.45,0.20,-0.40,-12.06,33.12,-29.18,-6.8,-5.8,121.7,39.67,1.40,43.222126,-0.052063,12,1,8.10,442.70
340480,0.30,0.95,0.12,3.56,5.06,50.00,-15.1,-5.4,116.2,39.67,1.44,43.222126,-0.052062,12,1,8.10,442.79
340786,1.17,0.13,-0.46,-10.68,52.31,41.75,-28.6,-11.8,99.4,39.68,1.44,43.222126,-0.052062,12,1,8.10,442.89
341398,-1.12,0.54,-0.15,26.56,74.68,31.50,-50.8,-38.8,82.5,39.69,1.34,43.222126,-0.052062,12,1,8.10,443.00
341704,0.25,0.93,-1.04,-5.31,2.25,11.12,-53.7,-42.5,69.1,39.70,1.38,43.222126,-0.052062,12,1,8.10,443.10
342316,0.43,-0.34,0.36,0.00,-8.62,13.12,-50.3,-44.0,53.6,39.71,1.47,43.222126,-0.052062,12,1,8.10,443.20
342928,-0.25,-0.27,0.70,11.62,-36.31,-27.87,-41.8,-30.8,76.8,39.72,1.45,43.222126,-0.052062,12,1,8.10,443.20
343234,0.23,-0.52,0.81,-10.93,-14.37,-13.12,-34.9,-22.5,83.7,39.72,1.41,43.222126,-0.052062,12,1,8.10,443.20
343540,0.20,0.44,-0.56,-0.75,-12.68,-15.31,-35.7,-23.1,87.0,39.73,1.41,43.222126,-0.052060,12,1,8.10,443.20
343846,-0.01,-0.00,0.45,-15.87,-13.68,-4.43,-34.3,-22.1,89.0,39.73,1.42,43.222126,-0.052060,12,1,8.10,443.20
344458,0.27,0.15,0.20,15.81,14.56,4.12,-34.1,-24.0,93.3,39.75,1.40,43.222126,-0.052060,12,1,8.10,443.20
344764,0.15,-0.19,0.37,6.31,-2.12,-10.62,-35.4,-24.4,95.6,39.75,1.51,43.222126,-0.052060,12,1,8.10,443.20
345070,0.34,0.40,-0.72,8.00,-1.06,-15.31,-36.0,-24.1,101.0,39.75,1.57,43.222126,-0.052060,12,1,8.10,443.10
345376,0.28,0.38,-0.41,7.18,4.50,-0.75,-35.6,-22.4,106.1,39.76,1.58,43.222126,-0.052060,12,1,8.10,443.10
345988,0.11,0.10,-0.03,2.75,0.68,-0.37,-34.0,-22.2,109.1,39.77,1.57,43.222126,-0.052061,12,1,8.10,443.00
346294,0.43,0.05,-0.09,-7.25,2.87,3.81,-34.9,-21.6,108.5,39.77,1.57,43.222126,-0.052061,12,1,8.10,443.00
346906,0.11,-0.30,-0.15,-2.06,-6.37,0.00,-34.4,-22.7,107.7,39.79,1.41,43.222126,-0.052061,12,1,8.10,442.89
347212,0.05,0.44,-0.38,-10.43,7.75,12.75,-36.2,-23.6,106.6,39.79,1.52,43.222126,-0.052061,12,1,8.10,443.00
347518,0.68,-0.02,0.12,-21.12,0.25,15.93,-34.7,-23.7,99.1,39.80,1.46,43.222126,-0.052063,12,1,8.10,442.89
348130,-2.73,-0.25,0.70,20.62,-19.31,-43.00,-34.8,-20.0,111.0,39.81,1.41,43.222126,-0.052063,12,1,8.10,442.89
348436,-0.11,-0.40,-0.58,27.75,-6.56,-27.37,-32.8,-23.0,118.1,39.81,1.48,43.222126,-0.052062,12,1,8.10,443.00
349048,-0.93,-0.51,0.18,-25.12,18.93,33.06,-37.0,-19.6,115.3,39.82,1.47,43.222126,-0.052062,12,1,8.10,442.89
349354,0.15,0.98,-0.05,-10.62,0.81,25.87,-35.2,-22.0,101.8,39.83,1.39,43.222126,-0.052062,12,1,8.10,442.89
349660,0.15,0.65,-0.01,4.31,-9.93,-6.50,-32.7,-21.0,97.4,39.84,1.41,43.222126,-0.052060,12,1,8.10,442.89
350272,0.55,0.18,0.11,4.31,-10.68,-19.06,-32.1,-20.6,107.8,39.85,1.45,43.222126,-0.052060,12,1,8.10,442.89
350578,-0.61,-0.18,-0.52,9.81,-2.00,-10.81,-31.8,-19.8,113.0,39.85,1.51,43.222126,-0.052057,12,1,8.10,443.00
351190,0.95,-0.17,-1.03,1.87,-4.06,-0.93,-32.5,-20.9,115.6,39.86,1.53,43.222126,-0.052057,12,1,8.10,443.00
351496,-0.05,-0.27,0.18,2.31,-10.37,-7.31,-31.6,-21.1,114.3,39.87,1.45,43.222126,-0.052055,12,1,8.10,443.00
352108,0.67,0.12,-0.28,12.00,17.00,2.93,-28.0,-18.1,120.4,39.88,1.60,43.222126,-0.052055,12,1,8.10,443.10
352414,0.00,0.30,-0.27,1.25,2.62,5.93,-27.8,-17.5,120.9,39.88,1.56,43.222126,-0.052055,12,1,8.10,443.00
352720,0.20,0.00,-0.40,4.37,8.43,4.68,-27.3,-17.8,120.6,39.89,1.51,43.222126,-0.052053,12,1,8.10,443.10
353332,-0.11,-0.07,-0.11,-1.68,4.25,9.56,-27.1,-18.0,116.8,39.90,1.51,43.222126,-0.052053,12,1,8.10,443.10
353638,0.52,-0.15,0.45,3.75,3.12,-5.75,-26.6,-17.8,116.1,39.90,1.51,43.222126,-0.052051,12,1,8.10,443.20
354250,0.05,-0.07,-0.05,-7.75,-1.62,-1.50,-27.1,-18.8,120.6,39.91,1.44,43.222126,-0.052051,12,1,8.10,443.20
354556,0.00,-0.07,0.13,-3.37,-4.81,-3.62,-27.8,-17.9,121.5,39.92,1.46,43.222126,-0.052049,12,1,8.10,443.20
354862,0.11,0.20,-0.20,0.87,14.56,-1.50,-28.4,-18.0,121.6,39.93,1.48,43.222126,-0.052049,12,1,8.10,443.29
355474,-0.07,-0.05,-0.01,0.12,1.25,1.31,-28.1,-17.2,119.8,39.94,1.46,43.222126,-0.052049,12,1,8.10,443.29
355780,-0.19,0.11,-0.12,2.37,2.31,5.43,-27.8,-17.5,119.3,39.94,1.42,43.222118,-0.052048,12,1,8.10,443.39
356086,0.37,0.13,0.05,4.93,-1.12,4.18,-27.0,-17.4,118.3,39.95,1.45,43.222118,-0.052048,12,1,8.10,443.39
356392,0.03,-0.01,-0.09,1.93,8.50,0.43,-27.5,-17.9,117.1,39.95,1.45,43.222118,-0.052048,12,1,8.10,443.50
357004,0.27,-0.12,-0.03,-7.68,5.56,14.18,-28.5,-19.0,109.0,39.96,1.38,43.222118,-0.052048,12,1,8.10,443.60
357310,-0.07,-0.03,0.05,-24.12,3.87,16.62,-29.6,-19.2,103.6,39.97,1.43,43.222118,-0.052048,12,1,8.10,443.60
357922,-0.10,0.37,0.00,1.06,-6.75,-6.81,-29.5,-17.5,96.9,39.98,1.41,43.222118,-0.052047,12,1,8.10,443.60
358228,0.33,0.05,-0.28,15.75,2.87,-23.75,-30.2,-17.1,101.6,39.99,1.39,43.222118,-0.052047,12,1,8.10,443.70
358840,0.46,-0.20,0.47,2.00,-5.75,0.81,-34.1,-17.2,112.4,40.00,1.47,43.222118,-0.052045,12,1,8.10,443.60
359146,0.20,0.37,-0.35,5.62,18.93,8.68,-33.5,-16.1,112.6,40.00,1.43,43.222118,-0.052045,12,1,8.10,443.60
359452,-0.50,-0.70,0.25,-31.43,0.56,28.81,-34.1,-16.8,105.6,40.01,1.35,43.222118,-0.052045,12,1,8.10,443.70
360064,0.10,-0.10,-0.66,20.75,20.50,-2.75,-27.7,-8.9,96.6,40.02,1.51,43.222118,-0.052044,12,1,8.10,444.00
360370,0.75,-0.17,-0.10,3.37,-15.18,-12.25,-26.1,-10.5,101.0,40.02,1.62,43.222118,-0.052044,12,1,8.10,444.00
360676,-0.12,0.15,0.22,19.00,-33.56,-33.81,-20.3,-10.3,110.7,40.03,1.66,43.222118,-0.052042,12,1,8.10,443.79
360982,1.07,-0.54,-0.30,56.31,5.00,-34.75,-10.2,-10.5,122.3,40.03,1.70,43.222118,-0.052042,12,1,8.10,443.60
361594,-0.22,-0.37,0.31,3.25,-7.68,0.37,-18.1,-20.8,136.4,40.05,1.76,43.222118,-0.052045,12,1,8.10,443.20
361900,-0.23,-0.09,0.15,4.37,10.25,7.50,-17.1,-23.2,136.3,40.05,1.78,43.222118,-0.052045,12,1,8.10,443.10
362512,0.61,0.09,-1.07,21.31,7.56,7.00,-14.8,-26.3,133.5,40.06,1.84,43.222118,-0.052045,12,1,8.10,442.79
363124,-0.07,0.20,-0.54,-13.81,14.56,4.56,-16.0,-22.5,133.5,40.08,1.90,43.222118,-0.052047,12,1,8.10,442.70
363430,-0.28,-0.23,0.18,-16.25,5.31,-2.00,-18.7,-19.7,132.3,40.08,1.86,43.222118,-0.052047,12,1,8.10,442.60
363736,0.25,-0.55,0.17,6.87,12.12,1.12,-19.3,-17.6,131.0,40.09,1.87,43.222118,-0.052047,12,1,8.10,442.50
364042,-0.34,-0.23,0.20,2.62,13.31,4.50,-21.5,-19.5,129.1,40.09,1.89,43.222118,-0.052047,12,1,8.10,442.39
364348,0.50,-0.01,-0.31,-13.00,16.25,22.18,-21.3,-19.8,125.5,40.10,1.87,43.222118,-0.052047,12,1,8.10,442.29
364960,1.15,-0.63,0.66,8.81,-2.62,-4.06,-19.8,-16.6,122.8,40.11,1.87,43.222118,-0.052048,12,1,8.10,442.10
365266,-0.35,-0.25,0.54,-0.31,-2.56,3.87,-19.7,-17.8,124.8,40.12,1.87,43.222118,-0.052048,12,1,8.10,442.00
365572,-0.10,-0.09,-0.38,-1.12,23.50,10.06,-23.8,-19.1,122.5,40.12,1.98,43.222118,-0.052048,12,1,8.10,441.89
366184,0.41,0.34,-0.90,1.81,23.87,26.75,-31.5,-22.6,107.8,40.13,1.95,43.222118,-0.052047,12,1,8.09,441.60
366796,-0.35,-0.15,-0.70,-29.43,-7.12,-4.56,-38.6,-30.1,85.2,40.15,1.92,43.222118,-0.052048,12,1,8.10,441.20
367102,0.28,-0.11,1.08,9.12,-5.37,13.37,-36.6,-27.0,79.3,40.15,1.89,43.222118,-0.052048,12,1,8.10,441.00
367408,0.74,-0.07,-0.34,-18.18,-3.81,18.25,-34.3,-28.1,73.0,40.15,1.86,43.222118,-0.052048,12,1,8.10,440.89
367714,0.40,0.22,0.03,7.81,33.12,30.81,-31.7,-27.9,67.0,40.16,1.81,43.222118,-0.052049,12,1,8.10,440.70
368326,-0.49,0.38,0.61,-2.62,-36.18,-14.93,-29.6,-25.8,65.1,40.17,1.67,43.222118,-0.052049,12,1,8.10,440.60
368632,-0.12,0.00,-0.09,41.00,4.06,-30.87,-29.9,-27.4,73.1,40.18,1.60,43.222118,-0.052050,12,1,8.10,440.50
368938,0.34,-0.07,-0.35,5.25,-4.43,-22.00,-30.0,-27.8,88.5,40.19,1.53,43.222118,-0.052050,12,1,8.10,440.50
369244,-0.54,0.22,-0.25,9.37,-10.62,-7.12,-29.1,-25.0,94.2,40.19,1.54,43.222118,-0.052050,12,1,8.10,440.39
369856,-0.25,0.11,-0.58,20.00,-7.18,-8.12,-23.8,-22.1,100.8,40.20,1.61,43.222118,-0.052050,12,1,8.10,440.10
370162,0.74,0.25,0.63,-26.18,-33.18,-5.12,-20.0,-19.9,101.3,40.21,1.54,43.222118,-0.052050,12,1,8.10,440.00
370774,0.20,-0.45,0.00,12.37,3.25,-17.25,-19.8,-20.0,113.1,40.22,1.47,43.222118,-0.052053,12,1,8.09,439.70
371080,0.27,-0.07,0.11,-2.25,-1.93,-9.81,-20.0,-20.0,118.7,40.23,1.49,43.222118,-0.052053,12,1,8.09,439.50
371386,0.33,0.10,-0.45,-6.81,-0.37,4.31,-20.0,-20.8,118.0,40.23,1.49,43.222118,-0.052053,12,1,8.09,439.39
371998,0.34,-0.05,0.23,-2.25,3.31,-7.43,-20.5,-20.0,116.2,40.25,1.50,43.222118,-0.052056,12,1,8.10,439.29
372304,-0.05,0.15,0.00,6.43,3.00,-8.12,-21.0,-18.9,119.3,40.25,1.42,43.222118,-0.052056,12,1,8.10,439.20
372610,-0.11,0.00,0.01,0.93,-1.00,2.00,-20.8,-19.1,120.1,40.26,1.45,43.222118,-0.052056,12,1,8.10,439.10
372916,0.18,0.17,-0.22,-0.18,-4.18,-3.56,-20.8,-20.5,119.0,40.26,1.50,43.222126,-0.052057,12,1,8.10,439.10
373528,0.05,0.25,-0.54,-4.00,5.00,2.43,-20.2,-20.3,117.4,40.28,1.52,43.222126,-0.052057,12,1,8.10,438.89
373834,0.30,-0.44,0.17,-13.43,-0.50,6.81,-21.3,-19.8,115.6,40.28,1.51,43.222126,-0.052059,12,1,8.10,438.79
374446,0.05,0.05,0.00,2.37,-7.25,-1.25,-21.1,-20.2,117.1,40.29,1.57,43.222126,-0.052059,12,1,8.10,438.60
375058,0.20,0.01,-0.07,2.87,-1.68,-4.43,-20.8,-20.9,118.1,40.30,1.57,43.222126,-0.052060,12,1,8.10,438.50
375364,0.02,-0.05,0.00,1.87,-0.25,-0.68,-20.9,-21.4,119.2,40.31,1.57,43.222126,-0.052060,12,1,8.10,438.39
375670,0.15,-0.22,0.11,-2.68,3.50,1.06,-20.5,-21.3,119.0,40.31,1.48,43.222126,-0.052060,12,1,8.10,438.39
375976,0.28,-0.02,-0.05,-1.37,-0.18,1.43,-20.5,-20.8,118.3,40.32,1.42,43.222126,-0.052061,12,1,8.10,438.39
376588,0.11,-0.13,0.05,0.43,-2.00,-1.31,-19.8,-19.9,117.2,40.33,1.54,43.222126,-0.052061,12,1,8.10,438.29
376894,0.03,0.01,-0.05,3.75,1.06,-4.68,-20.1,-19.8,118.1,40.34,1.60,43.222126,-0.052062,12,1,8.09,438.29
377200,0.05,-0.05,-0.07,-1.18,1.75,0.06,-20.8,-20.0,118.6,40.34,1.58,43.222126,-0.052062,12,1,8.09,438.29
377506,0.40,-0.20,-0.11,-1.87,-6.81,-0.37,-20.7,-20.1,118.5,40.35,1.54,43.222126,-0.052062,12,1,8.09,438.20
378118,0.00,-0.15,-0.09,-1.56,0.37,5.56,-21.0,-19.3,118.3,40.36,1.50,43.222126,-0.052062,12,1,8.10,438.20
378730,0.05,-0.13,0.10,0.31,-1.87,-0.56,-20.5,-19.4,116.8,40.38,1.76,43.222126,-0.052064,12,1,8.10,438.10
379036,0.09,-0.01,-0.07,-1.25,2.75,0.68,-19.9,-18.9,116.9,40.38,1.67,43.222126,-0.052064,12,1,8.10,438.10
379342,0.25,-0.05,0.05,-3.31,1.00,4.00,-19.5,-18.0,116.1,40.38,1.68,43.222126,-0.052064,12,1,8.10,438.10
379648,-0.47,0.18,-0.37,-6.37,3.93,-0.62,-27.8,-20.1,110.9,40.39,1.73,43.222126,-0.052064,12,1,8.10,438.00
380260,-0.65,-0.23,-0.45,-14.37,53.93,-24.50,-31.5,5.7,122.6,40.40,1.64,43.222126,-0.052064,12,1,8.10,437.89
380566,1.00,0.02,-0.93,12.12,12.75,-50.68,-38.5,10.8,128.1,40.41,1.68,43.222126,-0.052064,12,1,8.10,437.79
380872,-0.15,-0.45,2.21,-41.50,-1.93,-23.00,-42.4,26.1,136.3,40.41,2.34,43.222126,-0.052065,12,1,8.10,437.70
381178,-0.91,0.25,1.41,34.31,10.25,10.43,-47.8,29.3,144.0,40.40,2.63,43.222126,-0.052065,12,1,8.10,437.60
381790,-0.75,0.18,-0.55,14.62,-11.37,6.25,-18.5,-3.1,152.6,40.37,3.14,43.222126,-0.052067,12,1,8.10,437.60
382096,0.00,0.35,-1.60,-48.62,-24.00,16.62,-14.2,-1.6,149.4,40.38,2.54,43.222126,-0.052067,12,1,8.10,437.60
382708,-0.35,-0.73,-0.31,2.31,-1.37,11.00,-9.9,3.5,140.7,40.39,1.81,43.222126,-0.052067,12,1,8.10,437.50
383014,0.81,0.22,-0.28,-1.37,2.00,-5.62,-11.8,3.1,141.8,40.40,1.70,43.222126,-0.052066,12,1,8.10,437.50
383320,0.07,0.68,-1.26,-2.81,8.43,17.50,-14.5,1.5,140.5,40.40,1.71,43.222126,-0.052066,12,1,8.10,437.50
383932,0.31,0.50,-0.01,-16.25,-2.25,-7.43,-2.3,7.6,125.8,40.41,1.49,43.222126,-0.052065,12,1,8.10,437.39
384238,0.25,0.18,0.11,21.62,-28.06,-29.62,-0.2,8.4,131.0,40.42,1.45,43.222126,-0.052065,12,1,8.10,437.39
384544,-0.22,-0.86,0.40,-3.62,6.00,-23.12,2.1,8.5,139.6,40.42,1.51,43.222126,-0.052065,12,1,8.10,437.39
384850,0.15,-0.46,-0.10,7.37,-2.06,-11.62,2.3,5.8,145.6,40.43,1.52,43.222126,-0.052066,12,1,8.10,437.39
385156,-0.17,-0.40,0.07,-1.50,-5.87,-14.06,1.6,4.6,148.5,40.44,1.49,43.222126,-0.052066,12,1,8.10,437.29
385462,0.05,-0.38,-0.31,-10.87,6.81,-15.12,0.6,4.9,152.0,40.44,1.46,43.222126,-0.052066,12,1,8.10,437.29
385768,0.05,-0.50,0.37,7.12,3.62,-5.93,-0.8,4.6,153.7,40.45,1.48,43.222126,-0.052066,12,1,8.10,437.29
386074,0.49,0.61,1.36,-3.12,32.87,14.50,-2.1,3.4,153.9,40.46,1.49,43.222126,-0.052065,12,1,8.09,437.29
386380,1.82,0.66,-2.09,43.06,78.12,36.18,-11.4,-1.8,148.5,40.46,1.46,43.222126,-0.052065,12,1,8.09,437.29
386686,1.33,-1.19,1.65,101.25,38.18,-31.75,-17.0,-23.1,158.4,40.47,1.46,43.222126,-0.052065,12,1,8.09,437.29
386992,-1.53,-2.46,-0.09,-21.37,4.12,-28.81,-30.6,-33.2,174.5,40.48,1.56,43.222126,-0.052065,12,1,8.10,437.20
387604,-0.35,0.41,0.18,45.06,9.68,-9.50,-34.6,-9.6,194.1,40.49,1.50,43.222126,-0.052065,12,1,8.10,437.00
388216,-0.05,-0.03,0.12,4.00,8.31,-1.50,-44.4,-19.3,213.1,40.50,1.33,43.222118,-0.052067,12,1,8.10,437.00
388522,0.57,-0.22,0.23,-50.81,-22.31,-1.62,-36.8,-17.5,211.4,40.50,1.32,43.222118,-0.052067,12,1,8.10,436.79
388828,0.47,0.00,0.33,-3.00,-4.18,-6.00,-38.7,-18.2,210.4,40.51,1.33,43.222118,-0.052070,12,1,8.10,436.79
389134,0.00,-0.34,0.81,13.68,-15.25,-5.62,-34.9,-15.2,214.3,40.52,1.34,43.222118,-0.052070,12,1,8.10,436.70
389440,0.55,0.83,-0.23,-3.56,-52.68,-11.18,-33.0,-11.9,219.9,40.52,1.61,43.222118,-0.052070,12,1,8.10,436.70
390052,0.66,-0.05,-0.75,-1.93,-81.68,38.18,-10.9,-3.2,216.2,40.54,1.34,43.222118,-0.052072,12,1,8.10,436.89
390358,1.08,0.86,-0.49,-50.75,-57.50,39.12,4.3,6.7,204.7,40.54,1.32,43.222118,-0.052072,12,1,8.10,436.79
390664,0.44,-1.36,1.17,-7.00,-44.62,71.75,6.6,21.3,182.8,40.54,1.60,43.222118,-0.052072,12,1,8.10,436.79
390970,-0.74,-0.95,0.86,-11.62,53.12,38.87,2.7,22.8,162.6,40.53,2.04,43.222118,-0.052070,12,1,8.09,436.79
391276,0.31,0.05,0.63,-8.06,30.81,87.25,-12.0,25.2,145.0,40.53,2.07,43.222118,-0.052070,12,1,8.09,436.70
391582,-0.15,-0.20,-0.50,68.43,-82.87,3.68,-13.2,21.4,128.8,40.53,1.97,43.222118,-0.052070,12,1,8.09,436.79
391888,-1.00,-1.38,-0.30,-23.50,58.93,56.06,-6.2,6.8,123.6,40.53,2.09,43.222118,-0.052071,12,1,8.10,436.79
392500,-0.50,-0.93,0.95,-31.06,0.62,-10.00,-3.3,9.5,116.8,40.54,1.96,43.222118,-0.052071,12,1,8.10,436.89
392806,-0.05,0.05,0.65,-5.18,38.43,-4.37,-6.5,15.1,116.5,40.54,1.98,43.222118,-0.052071,12,1,8.10,437.00
393418,0.30,-0.09,-0.35,-41.62,-12.18,-30.06,-6.1,15.4,117.5,40.54,2.13,43.222118,-0.052071,12,1,8.09,437.10
393724,0.98,0.11,0.03,8.56,-61.50,-59.18,11.8,19.3,126.3,40.54,2.17,43.222118,-0.052071,12,1,8.09,437.00
394030,0.12,0.20,-0.33,13.06,-8.25,6.18,16.9,17.7,128.1,40.55,2.02,43.222118,-0.052069,12,1,8.10,436.89
394336,0.45,0.66,-0.80,-15.25,22.75,-5.68,12.3,14.3,125.4,40.55,1.91,43.222118,-0.052069,12,1,8.10,437.00
394948,0.15,0.10,0.02,2.50,-15.68,5.93,-7.5,12.0,116.6,40.56,1.87,43.222118,-0.052065,12,1,8.10,436.70
395254,0.80,0.36,-0.36,-22.25,33.18,15.50,-10.3,11.5,116.1,40.56,1.88,43.222118,-0.052065,12,1,8.10,436.70
395560,0.05,-0.50,0.25,-24.37,4.75,8.18,-15.1,15.3,115.1,40.57,1.77,43.222118,-0.052065,12,1,8.10,436.60
395866,0.68,-0.17,-0.40,-5.81,-2.06,-1.50,-15.5,16.1,115.8,40.57,1.72,43.222118,-0.052065,12,1,8.10,436.60
396172,0.10,-0.34,0.33,13.06,-33.62,-15.12,-13.1,15.5,117.6,40.58,1.71,43.222118,-0.052061,12,1,8.09,436.60
396478,0.07,-0.83,0.79,-12.06,1.31,0.12,-4.8,15.3,116.5,40.58,1.77,43.222118,-0.052061,12,1,8.09,436.70
397090,0.12,0.07,-0.15,1.81,35.62,-0.12,-10.3,16.0,117.6,40.59,1.66,43.222118,-0.052059,12,1,8.10,436.60
397396,0.40,-0.01,0.02,6.75,2.18,1.62,-13.3,19.1,118.7,40.59,1.69,43.222118,-0.052059,12,1,8.10,436.60
397702,0.36,-0.11,-0.27,-8.18,-7.00,-0.06,-12.9,18.8,119.8,40.60,1.63,43.222118,-0.052059,12,1,8.10,436.50
398008,-0.10,-0.25,0.34,1.12,-11.93,-10.68,-11.9,17.7,120.1,40.61,1.65,43.222118,-0.052055,12,1,8.09,436.50
398620,1.54,0.22,-1.12,5.18,23.87,-16.87,-10.6,15.5,126.3,40.61,1.74,43.222118,-0.052055,12,1,8.09,436.60
399232,-0.69,0.28,0.07,-4.12,-12.87,-24.12,-11.9,9.1,160.6,40.62,1.66,43.222118,-0.052052,12,1,8.10,436.50
399538,1.21,-0.54,-0.60,-9.93,-1.50,30.06,-12.8,7.6,158.4,40.62,1.77,43.222118,-0.052052,12,1,8.10,436.39
399844,0.15,-0.70,-0.11,7.12,-45.93,-13.00,-11.3,-0.3,156.3,40.63,1.68,43.222118,-0.052052,12,1,8.10,436.50
400150,0.46,0.50,-1.58,-12.43,-3.37,6.25,-6.4,-2.1,155.0,40.63,1.71,43.222118,-0.052049,12,1,8.09,436.50
400456,0.56,-0.25,0.11,14.68,7.50,9.50,-4.4,-2.6,152.1,40.64,1.63,43.222118,-0.052049,12,1,8.09,436.50
400762,0.00,-0.81,0.44,-5.93,3.62,-8.50,-4.3,-2.0,151.5,40.64,1.63,43.222118,-0.052049,12,1,8.09,436.60
401068,0.79,-0.22,-0.66,-21.37,-2.93,-10.81,-3.1,-2.9,150.8,40.64,1.57,43.222110,-0.052048,12,1,8.10,436.60
401374,0.00,-0.34,-0.69,12.75,15.50,-31.68,-1.4,-3.2,154.5,40.65,1.50,43.222110,-0.052048,12,1,8.10,436.70
401986,0.61,-0.31,-0.66,32.25,8.12,19.37,-2.0,-1.2,153.5,40.65,2.02,43.222110,-0.052047,12,1,8.10,436.70
402598,0.36,-0.49,-0.44,-28.62,-1.37,-15.31,-4.6,-2.9,151.4,40.64,2.04,43.222110,-0.052047,12,1,8.10,436.70
402904,-0.22,-0.60,-0.40,-24.56,2.75,-15.68,-1.8,-0.1,152.3,40.65,1.96,43.222110,-0.052047,12,1,8.10,436.60
403210,0.02,-0.22,0.49,-0.87,-8.31,-1.62,-5.4,2.0,152.6,40.65,2.02,43.222110,-0.052045,12,1,8.10,436.50
403516,0.41,0.07,-0.03,5.68,7.56,2.93,-6.3,3.0,154.1,40.66,1.98,43.222110,-0.052045,12,1,8.10,436.29
403822,0.27,-0.20,-0.02,26.93,-16.56,-16.56,-5.8,3.3,156.2,40.66,1.92,43.222110,-0.052045,12,1,8.10,436.29
404128,0.45,-0.61,0.31,0.25,-4.12,-0.06,-4.2,3.3,156.5,40.66,1.88,43.222110,-0.052043,12,1,8.10,436.39
404434,0.33,-0.22,0.00,6.25,3.18,-6.68,-5.3,1.8,157.6,40.67,1.85,43.222110,-0.052043,12,1,8.10,436.39
404740,0.25,-0.05,-0.13,-0.56,-6.12,-6.62,-4.2,0.8,160.1,40.68,1.80,43.222110,-0.052043,12,1,8.10,436.39
405352,0.40,0.07,0.05,10.12,5.06,1.56,-1.8,0.6,157.0,40.68,1.77,43.222118,-0.052041,12,1,8.10,436.39
405658,0.02,-0.18,-0.09,4.93,1.12,3.06,-3.0,0.8,156.6,40.68,1.77,43.222118,-0.052041,12,1,8.10,436.29
405964,0.93,0.03,0.20,20.25,17.18,8.31,-4.8,0.0,156.1,40.69,1.77,43.222118,-0.052041,12,1,8.10,436.00
406270,-0.22,0.00,0.52,9.18,-13.00,-11.87,-10.0,1.5,154.8,40.69,1.73,43.222110,-0.052039,12,1,8.10,435.89
406576,0.03,-0.11,-0.25,-5.56,-6.00,0.68,-10.0,1.1,155.0,40.70,1.68,43.222110,-0.052039,12,1,8.10,436.00
407188,1.41,-0.57,0.03,16.06,-4.18,6.18,-9.5,0.6,154.4,40.71,1.69,43.222118,-0.052041,12,1,8.09,435.89
407494,0.49,-0.37,0.33,-5.81,-1.87,-2.18,-9.3,-1.0,154.3,40.71,1.68,43.222118,-0.052041,12,1,8.09,436.10
407800,0.27,0.22,0.11,11.18,-2.31,1.87,-8.4,-0.1,153.6,40.72,1.65,43.222118,-0.052041,12,1,8.09,436.20
408106,-0.43,-0.60,0.13,-19.00,-5.12,-4.56,-7.5,0.6,153.3,40.73,1.65,43.222118,-0.052043,12,1,8.09,436.29
408412,1.20,0.07,0.77,22.87,0.06,5.81,-7.5,2.0,154.0,40.73,1.64,43.222118,-0.052043,12,1,8.09,436.39
408718,-0.37,-0.36,-0.05,-9.81,-13.75,2.18,-7.3,-0.3,153.8,40.74,1.63,43.222118,-0.052043,12,1,8.09,436.60
409330,0.37,-0.17,-0.23,7.62,-4.93,3.12,-6.2,1.1,153.0,40.75,1.59,43.222126,-0.052043,12,1,8.10,436.60
409636,0.45,0.30,0.07,-7.18,-3.75,5.25,-6.3,-0.7,150.6,40.75,1.57,43.222126,-0.052043,12,1,8.10,436.70
409942,0.31,0.72,-0.90,-11.56,-5.87,-23.37,-6.3,0.7,151.5,40.76,1.57,43.222126,-0.052043,12,1,8.10,436.89
410248,0.15,0.13,0.05,11.87,-4.31,0.00,-7.1,4.3,154.2,40.76,1.52,43.222126,-0.052041,12,1,8.10,436.89
410554,0.12,0.20,-0.17,6.18,5.81,0.62,-7.3,4.5,154.1,40.77,1.52,43.222126,-0.052041,12,1,8.10,437.00
410860,0.02,0.11,-0.18,-13.68,-6.75,0.68,-7.3,3.6,154.3,40.77,1.57,43.222126,-0.052041,12,1,8.10,437.20
411472,0.13,-0.07,-0.11,10.37,3.43,-0.25,-6.3,4.0,153.8,40.78,1.61,43.222133,-0.052040,12,1,8.10,437.39
411778,-0.15,0.30,-0.20,10.25,-9.87,-19.37,-4.5,2.2,157.5,40.79,1.61,43.222133,-0.052040,12,1,8.10,437.50
412084,0.25,-0.20,-0.13,-15.37,9.06,-39.68,-5.5,0.8,168.5,40.80,1.63,43.222133,-0.052040,12,1,8.10,437.70
412390,0.00,0.03,-0.91,28.75,-23.50,-16.87,-4.0,4.1,178.1,40.80,1.60,43.222133,-0.052040,12,1,8.10,437.70
412696,0.63,-0.01,0.25,4.93,-7.06,-3.68,0.5,0.0,181.3,40.81,1.58,43.222133,-0.052040,12,1,8.10,437.60
413002,0.75,0.37,0.46,13.25,32.50,-32.50,-3.3,-3.6,185.0,40.81,1.60,43.222133,-0.052040,12,1,8.10,437.60
413308,-0.34,-0.35,-0.70,-18.68,-16.12,-8.81,-4.8,0.1,193.0,40.82,1.58,43.222133,-0.052040,12,1,8.10,437.60
413614,0.70,-0.19,0.07,-5.37,2.18,3.06,-2.8,1.5,193.5,40.82,1.57,43.222133,-0.052040,12,1,8.10,437.39
413920,0.11,-0.07,-0.03,-7.06,1.06,-2.06,-3.5,1.5,193.3,40.83,1.56,43.222133,-0.052040,12,1,8.10,437.39
414226,0.27,-0.00,-0.07,-0.12,3.75,-0.31,-4.0,2.3,193.5,40.83,1.55,43.222133,-0.052038,12,1,8.09,437.29
414532,-0.05,0.31,-0.05,8.93,3.31,12.81,-2.3,4.0,189.9,40.84,1.52,43.222133,-0.052038,12,1,8.09,437.29
414838,0.09,0.01,-0.07,-5.62,0.56,-5.75,-3.3,2.2,190.7,40.85,1.52,43.222133,-0.052038,12,1,8.09,437.29
415144,-0.18,-0.05,0.09,2.06,5.75,-14.37,-3.8,2.7,193.3,40.85,1.52,43.222133,-0.052035,12,1,8.09,437.39
415450,0.11,-0.05,0.00,3.37,-9.87,-2.18,-3.9,1.6,197.0,40.86,1.51,43.222133,-0.052035,12,1,8.09,437.29
416062,-0.54,0.65,0.22,23.31,5.81,14.81,-0.3,-3.6,191.3,40.87,1.50,43.222133,-0.052035,12,1,8.09,437.10
416368,0.61,-0.25,-0.60,22.00,17.31,12.56,-4.9,-8.8,188.5,40.87,1.52,43.222133,-0.052035,12,1,8.10,437.10
416674,0.43,-0.81,0.13,-4.62,8.00,5.43,-2.3,-8.5,186.0,40.88,1.51,43.222133,-0.052035,12,1,8.10,437.10
416980,0.55,0.09,-0.54,0.25,-5.93,0.62,-3.5,-5.4,183.0,40.89,1.52,43.222133,-0.052035,12,1,8.10,437.00
417286,-0.12,0.00,-0.34,-5.18,-8.43,-1.06,1.7,-3.2,183.0,40.89,1.51,43.222133,-0.052037,12,1,8.10,436.89
417592,-0.00,-0.41,0.15,-19.12,19.06,-26.12,0.3,-1.8,187.5,40.89,1.53,43.222133,-0.052037,12,1,8.10,436.79
417898,0.60,0.12,0.54,-22.06,0.00,-26.37,-1.1,-0.1,195.5,40.90,1.53,43.222133,-0.052037,12,1,8.10,436.89
418204,0.07,0.00,0.37,1.62,-1.62,-1.68,-1.7,-0.8,200.8,40.91,1.52,43.222133,-0.052036,12,1,8.09,437.10
418510,-0.61,-0.66,-0.61,2.56,-2.31,8.43,-0.6,0.9,204.0,40.91,1.51,43.222133,-0.052036,12,1,8.09,437.29
418816,0.22,0.05,-0.01,-2.68,-12.25,-14.81,1.3,1.1,204.8,40.92,1.49,43.222133,-0.052036,12,1,8.09,437.39
419122,0.27,1.39,0.00,8.25,5.87,30.25,0.9,0.8,205.1,40.92,1.50,43.222145,-0.052035,12,1,8.09,437.39
419428,0.51,0.44,0.03,4.18,7.12,-12.68,-0.5,0.0,207.0,40.93,1.50,43.222145,-0.052035,12,1,8.09,437.39
419734,-0.43,1.53,-0.27,-4.50,-14.06,3.43,1.7,1.8,210.0,40.93,1.50,43.222145,-0.052035,12,1,8.09,437.29
420040,0.52,0.33,0.11,7.31,6.50,-0.75,0.4,2.3,211.0,40.94,1.49,43.222145,-0.052035,12,1,8.09,437.10
420346,-0.11,-0.13,-0.19,-15.93,-0.62,2.75,1.6,2.5,210.3,40.95,1.50,43.222145,-0.052034,12,1,8.09,436.89
420652,0.83,1.03,-0.86,10.81,-6.43,-4.68,0.5,1.8,209.8,40.95,1.54,43.222145,-0.052034,12,1,8.09,436.70
420958,0.05,-0.25,0.20,0.12,4.87,2.50,0.3,2.0,209.0,40.96,1.52,43.222145,-0.052034,12,1,8.09,436.50
421264,0.02,0.00,0.01,-3.37,-2.68,5.18,0.7,1.5,208.5,40.96,1.52,43.222145,-0.052035,12,1,8.10,436.29
421570,0.07,-0.25,0.20,5.68,5.62,7.62,-0.6,0.0,206.8,40.97,1.51,43.222145,-0.052035,12,1,8.10,436.29
421876,0.61,0.61,0.09,2.37,8.93,-3.56,-1.6,0.8,205.5,40.97,1.51,43.222145,-0.052035,12,1,8.10,436.20
422182,0.00,-0.11,0.05,-6.00,4.50,-3.31,-1.9,1.4,205.7,40.98,1.49,43.222145,-0.052036,12,1,8.09,436.29
422488,0.28,0.11,0.07,3.93,-1.75,-0.43,-2.1,1.3,206.3,40.99,1.49,43.222145,-0.052036,12,1,8.09,436.29
422794,0.15,0.05,0.11,1.31,-0.68,2.37,-2.1,0.9,206.2,40.99,1.49,43.222145,-0.052036,12,1,8.09,436.29
423100,0.07,-0.02,-0.17,-7.87,-2.31,-3.12,-1.9,0.8,206.3,41.00,1.51,43.222145,-0.052036,12,1,8.09,436.29
423406,0.12,0.09,0.00,1.93,-0.37,-0.12,-2.0,1.5,207.0,41.00,1.52,43.222133,-0.052040,12,1,8.09,436.39
423712,-0.12,0.01,-0.00,1.93,-1.43,4.37,-1.5,1.8,207.0,41.01,1.51,43.222133,-0.052040,12,1,8.09,436.60
424018,0.34,-0.22,0.33,-4.25,1.68,1.37,-3.8,1.3,206.3,41.01,1.51,43.222133,-0.052040,12,1,8.09,436.70
424324,-0.07,0.02,-0.19,-3.62,-4.56,-4.68,-3.2,1.0,208.1,41.02,1.50,43.222133,-0.052044,12,1,8.09,436.79
424630,0.07,0.11,0.20,3.25,20.25,-8.87,-2.7,1.7,209.0,41.03,1.50,43.222133,-0.052044,12,1,8.09,436.89
424936,-0.10,-0.05,-0.30,1.06,-19.62,-2.06,-1.8,2.2,210.8,41.03,1.50,43.222133,-0.052044,12,1,8.09,437.10
425242,-0.00,0.68,0.07,15.37,5.81,-4.37,0.6,3.6,210.6,41.04,1.49,43.222133,-0.052047,12,1,8.09,437.10
425548,0.23,0.45,-0.20,-6.81,2.81,2.43,-0.2,3.8,210.0,41.04,1.51,43.222133,-0.052047,12,1,8.09,437.20
425854,-0.10,-0.25,0.31,11.68,-8.37,4.62,0.0,3.5,209.9,41.05,1.44,43.222133,-0.052047,12,1,8.09,437.39
426160,-0.01,-0.03,0.12,1.18,-0.56,-5.31,0.1,3.3,209.0,41.05,1.44,43.222133,-0.052047,12,1,8.09,437.50
426466,0.11,-0.01,1.09,38.00,67.56,-20.43,-4.0,3.2,209.6,41.06,1.46,43.222133,-0.052049,12,1,8.10,437.70
426772,-0.30,0.33,-0.28,-8.81,15.43,-0.93,-0.5,2.1,206.4,41.06,1.45,43.222133,-0.052049,12,1,8.10,437.89
427384,-0.52,-0.11,0.20,-1.56,-6.25,-3.62,2.1,2.0,206.5,41.07,1.50,43.222126,-0.052052,12,1,8.09,438.20
427690,0.40,0.76,-0.17,18.62,-2.06,0.25,1.8,2.3,204.5,41.08,1.51,43.222126,-0.052052,12,1,8.09,438.29
427996,0.27,0.17,-0.00,-1.62,-0.18,14.37,0.6,3.1,200.3,41.09,1.51,43.222126,-0.052052,12,1,8.09,438.39
428302,0.23,0.02,-0.03,-6.31,-0.75,5.12,-0.1,4.3,198.5,41.09,1.50,43.222126,-0.052052,12,1,8.09,438.50
428608,0.22,-0.03,0.28,1.25,13.06,-6.43,-1.4,4.1,198.8,41.10,1.49,43.222126,-0.052052,12,1,8.09,438.60
428914,-0.34,0.30,-0.17,-6.68,-2.25,8.18,0.6,5.1,197.3,41.10,1.48,43.222126,-0.052052,12,1,8.09,438.60
429220,0.55,0.15,0.25,3.87,9.50,12.31,-2.4,3.8,192.5,41.11,1.48,43.222126,-0.052054,12,1,8.09,438.60
429526,0.51,0.83,0.18,24.68,-17.81,8.93,-1.2,1.6,190.5,41.12,1.45,43.222126,-0.052054,12,1,8.09,438.70
429832,0.25,-0.73,-0.50,-9.62,-3.93,-18.68,1.6,0.1,190.6,41.12,1.44,43.222126,-0.052054,12,1,8.09,438.79
430138,0.05,-0.05,-0.27,-19.62,-14.68,5.37,4.3,4.8,198.3,41.12,1.45,43.222126,-0.052054,12,1,8.09,438.79
430444,-0.05,0.58,0.09,-0.12,-11.93,82.87,6.3,9.0,177.1,41.13,1.39,43.222126,-0.052056,12,1,8.08,438.89
430750,-0.05,0.01,0.30,12.68,-3.87,10.25,6.5,6.5,163.1,41.14,1.37,43.222126,-0.052056,12,1,8.08,439.00
431056,0.15,-0.25,-0.15,-0.81,10.18,-37.50,5.4,3.5,170.3,41.14,1.40,43.222126,-0.052056,12,1,8.08,439.00
431362,0.25,-0.45,0.35,-9.87,2.75,-60.43,3.3,3.0,182.8,41.15,1.40,43.222126,-0.052057,12,1,8.09,439.00
431668,-0.12,-0.09,0.43,-7.37,-3.93,-37.56,5.5,3.8,197.5,41.15,1.35,43.222126,-0.052057,12,1,8.09,438.89
431974,0.05,-0.07,-0.15,-10.00,8.37,20.68,4.3,4.9,198.6,41.16,1.31,43.222126,-0.052057,12,1,8.09,438.79
432280,0.36,0.30,-0.20,-2.06,6.62,-12.12,2.5,7.0,197.1,41.16,1.28,43.222118,-0.052057,12,1,8.09,438.70
432586,0.61,-0.23,-0.49,17.25,9.18,-6.37,1.0,4.1,201.2,41.17,1.29,43.222118,-0.052057,12,1,8.09,438.60
432892,0.13,-0.75,-0.85,-4.06,-9.12,53.37,3.8,1.6,194.6,41.18,1.27,43.222118,-0.052057,12,1,8.09,438.60
433198,-0.35,0.52,1.03,-16.31,-11.31,-2.56,7.2,9.5,187.0,41.18,1.23,43.222118,-0.052057,12,1,8.09,438.50
433504,-0.50,0.37,0.45,-0.56,-10.81,55.87,8.3,7.8,183.8,41.19,1.20,43.222118,-0.052058,12,1,8.10,438.39
433810,-0.11,0.20,0.20,23.00,-14.12,127.50,6.1,8.0,150.5,41.19,1.10,43.222118,-0.052058,12,1,8.10,438.29
434116,-0.00,-0.51,0.41,5.12,-5.12,11.93,6.8,4.5,129.6,41.20,1.05,43.222118,-0.052058,12,1,8.10,438.20
434422,-0.03,0.25,0.35,-12.87,-2.37,8.25,7.1,7.6,129.1,41.21,1.06,43.222118,-0.052061,12,1,8.09,438.10
434728,-0.13,0.22,-0.09,6.00,-3.93,51.56,7.3,7.8,118.5,41.21,1.01,43.222118,-0.052061,12,1,8.09,438.00
435034,0.25,0.10,-0.09,-1.75,-0.18,35.00,5.8,7.6,106.8,41.22,0.98,43.222118,-0.052061,12,1,8.09,438.00
435340,0.15,0.12,0.11,-1.56,-5.50,4.00,6.2,8.8,101.1,41.22,0.94,43.222118,-0.052062,12,1,8.09,437.89
435646,-0.31,0.28,-0.23,-13.81,-2.56,-45.81,8.9,10.4,105.8,41.22,0.94,43.222118,-0.052062,12,1,8.09,437.79
435952,0.18,0.34,-0.13,1.68,15.06,-2.31,8.6,9.8,116.5,41.23,0.96,43.222118,-0.052062,12,1,8.09,437.70
436258,0.47,-0.22,-0.45,9.68,-3.50,42.12,5.3,7.1,109.3,41.24,0.93,43.222118,-0.052062,12,1,8.09,437.70
436564,-0.40,0.25,0.15,-18.56,-24.12,-2.56,10.0,10.6,100.5,41.24,0.88,43.222118,-0.052062,12,1,8.09,437.60
436870,-0.56,0.20,0.30,12.93,-1.18,23.81,12.5,10.0,101.9,41.25,0.90,43.222118,-0.052062,12,1,8.09,437.50
437176,-0.11,0.00,0.15,-1.18,5.18,31.43,10.1,9.6,92.6,41.25,0.88,43.222118,-0.052062,12,1,8.09,437.50
437788,-0.56,0.54,-1.57,10.93,-22.06,26.18,8.6,11.1,69.1,41.26,0.81,43.222118,-0.052060,12,1,8.09,437.20
438094,-0.10,-0.67,-0.37,11.25,2.06,27.81,6.6,5.7,56.5,41.27,0.87,43.222118,-0.052060,12,1,8.09,437.00
438400,-0.03,-0.23,0.66,-12.81,-3.75,-19.37,6.4,7.6,57.1,41.27,0.90,43.222118,-0.052055,12,1,8.08,436.70
438706,-0.12,0.23,-1.01,11.31,1.93,-0.93,5.5,8.1,60.5,41.28,0.90,43.222118,-0.052055,12,1,8.08,436.39
439012,0.05,0.00,-0.13,-19.31,-10.87,53.06,5.2,8.4,51.5,41.28,0.85,43.222118,-0.052055,12,1,8.08,436.29
439318,0.47,0.07,0.75,15.68,6.31,33.06,3.3,9.1,37.2,41.29,0.84,43.222126,-0.052051,12,1,8.09,436.20
439624,-0.37,-0.43,1.52,39.37,-8.68,39.75,7.7,10.1,26.3,41.30,0.83,43.222126,-0.052051,12,1,8.09,436.00
439930,-0.51,-0.12,-0.93,-6.56,-0.93,5.31,6.6,7.7,13.6,41.30,0.85,43.222126,-0.052051,12,1,8.09,436.00
440236,0.00,0.44,0.11,-19.56,-0.62,39.06,4.1,11.3,6.6,41.31,0.88,43.222126,-0.052051,12,1,8.09,436.00
440542,-0.11,0.93,1.00,-13.43,-16.87,-16.62,4.9,14.7,3.6,41.31,0.91,43.222133,-0.052048,12,1,8.10,435.89
440848,-0.23,0.70,0.20,16.68,7.87,15.12,5.9,13.3,2.0,41.31,0.92,43.222133,-0.052048,12,1,8.10,435.79
441154,0.25,-0.46,-0.05,10.00,15.68,-23.37,2.8,6.6,5.5,41.32,0.98,43.222133,-0.052048,12,1,8.10,435.79
441460,0.88,-0.83,0.03,26.18,11.31,16.00,-0.3,4.3,5.3,41.33,0.99,43.222145,-0.052050,12,1,8.09,435.70
441766,0.83,-0.60,-1.54,-8.75,-2.12,-5.06,-1.3,4.1,358.9,41.33,0.97,43.222145,-0.052050,12,1,8.09,435.70
442072,-0.40,0.60,0.27,-30.00,-27.87,-75.31,5.3,11.5,13.6,41.33,1.00,43.222145,-0.052050,12,1,8.09,435.70
442378,-0.77,0.52,0.46,10.62,1.81,42.31,8.5,12.5,15.5,41.34,0.97,43.222152,-0.052051,12,1,8.09,435.60
442684,-0.61,-0.11,-0.75,17.62,15.43,-37.06,7.1,7.6,16.8,41.35,0.99,43.222152,-0.052051,12,1,8.09,435.60
442990,0.07,-0.75,0.70,15.37,2.12,36.18,3.4,4.8,18.7,41.35,0.99,43.222152,-0.052051,12,1,8.09,435.50
443296,-0.12,-0.86,-0.83,-7.12,-18.87,78.62,3.8,3.0,355.1,41.36,0.93,43.222152,-0.052051,12,1,8.09,435.39
443602,-0.09,0.45,0.25,5.31,-3.56,96.00,3.6,10.8,331.8,41.36,0.95,43.222160,-0.052048,12,1,8.09,435.39
443908,0.30,-0.22,0.20,-4.18,-16.00,52.18,1.2,8.2,304.8,41.37,0.96,43.222160,-0.052048,12,1,8.09,435.39
444214,0.55,1.23,0.47,-30.62,15.56,22.50,-0.3,14.7,297.7,41.37,1.01,43.222160,-0.052048,12,1,8.09,435.29
444520,0.72,1.04,1.05,12.31,-13.68,-2.00,-1.3,15.4,293.8,41.38,1.00,43.222167,-0.052051,12,1,8.09,435.29
444826,-0.25,0.67,-0.44,4.06,5.75,-84.81,3.5,11.8,304.8,41.38,1.00,43.222167,-0.052051,12,1,8.09,435.29
445132,0.88,-0.91,0.72,31.37,26.50,-89.62,-0.4,4.6,331.0,41.39,1.04,43.222167,-0.052051,12,1,8.09,435.29
445438,0.86,-0.67,0.07,-6.75,-0.81,-36.81,-1.4,4.9,347.1,41.39,0.97,43.222175,-0.052056,12,1,8.09,435.29
445744,0.03,0.54,0.23,-31.75,-12.56,-22.87,2.4,11.0,356.0,41.40,0.92,43.222175,-0.052056,12,1,8.09,435.29
446050,-0.38,1.42,1.80,-30.00,38.43,18.25,5.3,17.0,0.8,41.40,0.91,43.222175,-0.052056,12,1,8.09,435.20
446356,-0.37,1.09,-0.45,27.31,6.87,-77.87,4.5,13.8,14.8,41.41,0.95,43.222175,-0.052056,12,1,8.09,435.20
446662,0.31,-0.49,-0.60,17.37,22.00,-1.68,1.5,4.8,27.2,41.41,0.95,43.222183,-0.052059,12,1,8.09,435.10
446968,1.16,-0.81,-0.38,-3.31,8.18,-60.62,-3.6,3.1,34.0,41.42,0.94,43.222183,-0.052059,12,1,8.09,435.10
447274,1.12,-1.14,2.00,10.93,-2.00,32.56,-2.9,3.3,42.1,41.42,0.92,43.222183,-0.052059,12,1,8.09,435.10
447580,-0.51,-0.10,-1.16,-9.43,-14.00,33.37,4.4,5.6,29.3,41.43,0.87,43.222190,-0.052056,12,1,8.09,435.10
447886,-0.33,-0.05,-0.81,-8.18,14.75,-66.87,3.6,6.4,38.0,41.44,0.96,43.222190,-0.052056,12,1,8.09,435.10
448192,-0.03,0.09,1.51,-6.37,-11.62,23.81,3.5,9.4,46.5,41.44,0.97,43.222190,-0.052056,12,1,8.09,435.10
448498,-0.03,0.70,-1.37,10.31,9.06,-9.62,2.3,11.0,39.0,41.44,0.95,43.222202,-0.052049,12,1,8.09,434.89
448804,0.68,-0.25,0.46,31.75,24.31,-16.50,-0.8,5.6,49.9,41.45,1.01,43.222202,-0.052049,12,1,8.09,434.89
449110,0.50,-1.05,-0.75,-28.43,-22.50,-18.25,-1.3,0.4,54.8,41.45,0.99,43.222202,-0.052049,12,1,8.09,434.89
449416,-0.35,0.07,0.31,-2.25,-11.37,-31.81,3.3,7.3,59.0,41.46,0.98,43.222209,-0.052041,12,1,8.09,434.89
449722,0.57,-0.15,0.74,-14.37,4.06,-19.31,-0.1,7.2,65.3,41.47,1.01,43.222209,-0.052041,12,1,8.09,434.79
450028,0.17,0.66,-0.52,-4.56,9.50,-3.37,0.9,10.8,69.5,41.47,0.99,43.222209,-0.052041,12,1,8.09,434.79
450334,0.52,-0.61,1.23,20.62,-13.75,-14.06,-0.6,5.8,71.4,41.48,0.99,43.222209,-0.052041,12,1,8.09,434.79
450640,-0.09,0.00,-1.21,-5.43,-7.18,-1.43,1.8,6.1,71.1,41.48,0.98,43.222217,-0.052032,12,1,8.09,434.79
450946,0.09,-0.37,1.39,14.93,0.87,-27.50,1.8,6.0,75.6,41.48,1.01,43.222217,-0.052032,12,1,8.09,434.79
451252,0.20,-0.25,-0.30,-8.31,6.18,-26.06,0.6,5.6,81.8,41.49,1.02,43.222217,-0.052032,12,1,8.09,434.79
451558,1.01,-1.17,1.61,13.31,5.56,41.31,-2.5,2.7,80.8,41.50,1.04,43.222217,-0.052020,12,1,8.09,434.79
451864,-0.43,0.00,-1.88,5.50,-26.37,-33.62,3.2,5.6,76.0,41.50,1.01,43.222217,-0.052020,12,1,8.09,434.79
452170,-0.25,0.15,1.78,-15.81,12.50,-20.43,3.7,8.5,86.0,41.50,1.07,43.222217,-0.052020,12,1,8.09,434.79
452476,0.40,-0.10,-0.20,-1.18,3.62,-17.12,-0.3,7.3,88.8,41.51,1.07,43.222225,-0.052008,12,1,8.09,434.79
452782,0.52,0.15,0.35,7.25,-1.50,16.43,-1.1,7.8,87.5,41.51,1.03,43.222225,-0.052008,12,1,8.09,434.79
453088,0.98,-0.90,-0.47,27.62,4.18,-12.00,-3.1,2.0,81.1,41.52,1.04,43.222225,-0.052008,12,1,8.09,434.89
453394,-0.17,-0.30,-0.93,-22.56,-18.06,-42.56,1.8,4.6,92.6,41.53,1.08,43.222225,-0.052008,12,1,8.09,434.89
453700,-0.61,0.70,1.07,-3.56,5.06,-9.00,5.4,11.3,99.6,41.53,1.09,43.222225,-0.051995,12,1,8.09,434.89
454006,-0.72,0.00,-0.23,-1.00,-6.75,16.31,6.5,7.5,99.3,41.54,1.06,43.222225,-0.051995,12,1,8.09,434.79
454312,-0.75,0.19,0.45,0.37,9.43,-18.06,5.8,8.3,99.9,41.54,1.07,43.222225,-0.051995,12,1,8.09,434.89
454618,0.95,-0.35,-0.72,12.25,15.50,45.00,-2.3,4.6,96.0,41.55,1.09,43.222225,-0.051984,12,1,8.09,434.89
454924,0.35,-0.11,-1.20,-9.37,-24.37,-30.37,-0.3,5.6,90.6,41.55,1.07,43.222225,-0.051984,12,1,8.09,435.00
455230,-0.86,0.61,1.19,-8.00,-20.31,16.00,6.8,11.0,94.7,41.56,1.08,43.222225,-0.051984,12,1,8.09,435.00
455536,-0.27,0.50,0.27,9.81,12.31,3.25,4.3,10.4,85.8,41.56,1.08,43.222225,-0.051971,12,1,8.09,435.00
455842,-0.03,0.36,0.13,-1.75,7.62,-6.75,2.0,8.9,91.9,41.57,1.10,43.222225,-0.051971,12,1,8.09,435.10
456148,0.74,-0.37,-0.31,26.56,2.93,14.81,-1.7,4.5,86.8,41.57,1.07,43.222225,-0.051971,12,1,8.09,435.10
456454,-0.07,-0.05,-1.11,-32.93,-27.87,-9.50,2.0,5.9,86.8,41.58,1.06,43.222225,-0.051971,12,1,8.09,435.20
456760,-0.63,1.07,1.72,-17.56,5.68,28.75,6.5,13.8,85.5,41.58,1.07,43.222232,-0.051958,12,1,8.09,435.10
457066,-0.27,0.63,0.11,15.50,8.00,-14.56,3.8,11.1,82.4,41.59,1.07,43.222232,-0.051958,12,1,8.09,435.20
457372,0.55,-0.15,0.95,31.18,0.56,0.68,-0.6,6.2,83.8,41.59,1.08,43.222232,-0.051958,12,1,8.09,435.20
457678,0.22,-1.72,-2.57,1.93,-15.18,7.37,0.0,-3.8,74.1,41.60,1.04,43.222232,-0.051946,12,1,8.09,435.29
457984,-0.05,-0.15,0.07,-20.50,-8.62,-71.81,1.6,4.7,85.0,41.60,1.10,43.222232,-0.051946,12,1,8.09,435.29
458290,-0.03,0.05,-0.00,-1.62,4.50,16.43,2.1,7.0,93.1,41.60,1.11,43.222232,-0.051946,12,1,8.09,435.29
458596,-0.03,0.00,0.30,-6.75,6.81,-9.37,1.6,7.2,92.5,41.61,1.08,43.222232,-0.051930,12,1,8.09,435.39
458902,0.36,-0.20,0.97,0.00,5.43,19.37,-0.0,6.8,93.1,41.62,1.08,43.222232,-0.051930,12,1,8.09,435.39
459208,0.27,-0.02,-0.83,2.81,-17.31,-23.75,-0.0,6.0,91.3,41.62,1.08,43.222232,-0.051930,12,1,8.09,435.60
459514,0.22,-0.17,1.07,7.56,7.37,17.87,2.0,6.8,94.5,41.63,1.08,43.222232,-0.051916,12,1,8.09,435.60
459820,0.12,-0.07,-2.10,9.43,15.62,-42.62,0.5,4.6,96.5,41.63,1.10,43.222232,-0.051916,12,1,8.09,435.70
460126,0.97,-1.02,1.39,21.12,10.00,-23.50,-3.0,2.0,110.1,41.63,1.14,43.222232,-0.051916,12,1,8.09,435.79
460432,0.37,0.00,-1.21,-26.37,-27.75,35.62,-1.5,5.6,103.2,41.64,1.10,43.222232,-0.051916,12,1,8.09,435.79
460738,-0.44,0.90,1.11,-1.93,-5.81,-22.75,3.8,11.8,100.7,41.64,1.10,43.222232,-0.051901,12,1,8.09,435.79
461044,0.27,0.22,-0.56,12.50,16.43,0.93,0.9,8.0,101.6,41.65,1.13,43.222232,-0.051901,12,1,8.09,435.79
461350,0.41,-0.22,0.07,-2.37,14.06,-60.75,-1.4,5.4,113.8,41.66,1.14,43.222232,-0.051901,12,1,8.09,435.89
461656,0.91,-0.11,-0.86,-4.81,17.00,32.50,-4.0,5.3,119.0,41.66,1.12,43.222232,-0.051888,12,1,8.10,435.89
461962,0.22,0.25,-0.58,-24.87,-17.25,-28.68,-0.7,8.0,119.3,41.67,1.09,43.222232,-0.051888,12,1,8.10,436.00
462268,1.24,-0.37,0.38,27.87,30.12,-29.25,-4.0,6.8,123.7,41.67,1.13,43.222232,-0.051888,12,1,8.10,435.89
462574,-0.22,-0.01,0.07,-22.81,-18.68,-109.25,2.5,7.9,150.5,41.67,1.10,43.222225,-0.051873,12,1,8.09,435.89
462880,-0.28,-1.50,2.52,35.50,6.75,7.50,4.2,2.0,165.8,41.68,1.08,43.222225,-0.051873,12,1,8.09,435.89
463186,0.20,-0.55,-0.68,-11.37,14.12,-4.25,1.0,3.1,160.2,41.68,1.06,43.222225,-0.051873,12,1,8.09,435.89
463492,0.15,-0.61,0.61,-14.25,9.31,-45.87,0.3,4.3,174.0,41.69,1.12,43.222225,-0.051873,12,1,8.09,436.00
463798,-0.30,-0.22,-0.31,5.00,-2.50,-73.12,2.6,4.9,189.8,41.69,1.15,43.222225,-0.051865,12,1,8.09,436.10
464104,-0.07,-0.30,0.38,-4.31,30.56,-121.56,0.0,4.4,223.3,41.70,1.25,43.222225,-0.051865,12,1,8.09,436.20
464410,0.85,-0.81,-1.25,16.75,23.75,-40.25,-5.1,1.3,250.1,41.70,1.29,43.222225,-0.051865,12,1,8.09,436.29
464716,0.61,-0.61,-1.21,-4.06,-3.25,-0.50,-5.3,2.6,260.1,41.71,1.32,43.222217,-0.051859,12,1,8.09,436.50
465022,0.30,-0.40,-0.45,3.18,4.12,14.93,-4.0,4.5,260.1,41.71,1.37,43.222217,-0.051859,12,1,8.09,436.50
465328,0.19,-0.11,0.22,-25.18,-17.93,168.68,-2.3,5.8,238.3,41.72,1.42,43.222217,-0.051859,12,1,8.09,436.60
465634,0.33,0.28,-0.44,-15.68,-5.87,52.43,-3.5,8.3,201.0,41.72,1.44,43.222217,-0.051855,12,1,8.09,436.70
465940,0.66,0.41,0.54,18.12,7.62,50.12,-4.3,9.1,196.9,41.73,1.55,43.222217,-0.051855,12,1,8.09,436.70
466246,0.50,-0.58,-0.17,-0.18,-8.37,28.43,-3.7,3.9,182.9,41.73,1.55,43.222217,-0.051855,12,1,8.09,436.79
466552,0.46,0.27,-0.73,-21.50,10.50,-61.06,-3.7,9.0,205.5,41.73,1.64,43.222217,-0.051855,12,1,8.09,436.79
466858,0.49,1.05,0.07,-0.43,-14.81,23.93,-4.5,12.6,200.5,41.74,1.62,43.222209,-0.051845,12,1,8.09,436.79
467164,-1.14,-0.30,0.02,7.50,-33.81,84.68,3.6,5.7,190.1,41.74,1.62,43.222209,-0.051845,12,1,8.09,436.79
467470,0.07,0.25,-1.25,-0.75,21.12,26.62,-1.1,7.4,168.0,41.75,1.70,43.222209,-0.051845,12,1,8.09,437.00
467776,0.55,0.57,-0.30,-7.50,12.25,-3.43,-3.6,9.3,170.9,41.75,1.78,43.222209,-0.051837,12,1,8.09,437.00
468082,0.91,0.33,0.86,13.87,0.50,31.06,-5.3,8.5,166.0,41.75,1.75,43.222209,-0.051837,12,1,8.09,436.79
468388,0.13,-0.03,0.27,-2.37,-17.87,26.93,-1.6,6.0,156.6,41.76,1.68,43.222209,-0.051837,12,1,8.09,436.70
468694,-0.15,0.28,-0.12,1.43,0.81,-54.62,-0.5,7.0,164.4,41.77,1.68,43.222217,-0.051829,12,1,8.09,436.70
469000,-0.40,-0.05,-0.09,6.50,-1.43,-4.87,0.6,5.0,181.0,41.77,1.67,43.222217,-0.051829,12,1,8.09,436.70
469306,-0.15,-0.15,-0.12,3.31,6.50,-37.25,-0.8,4.5,185.5,41.77,1.63,43.222217,-0.051829,12,1,8.09,436.70
469612,0.15,-0.30,-0.27,-0.81,2.06,14.56,-1.5,4.4,193.2,41.78,1.59,43.222217,-0.051826,12,1,8.09,436.70
469918,-0.15,-0.11,0.30,6.62,-4.68,17.06,-1.0,2.8,189.0,41.78,1.55,43.222217,-0.051826,12,1,8.09,436.70
470530,-0.15,-0.25,-0.15,-1.87,1.06,0.68,-0.3,-0.2,185.6,41.79,1.55,43.222217,-0.051826,12,1,8.09,436.79
470836,-0.05,-0.03,-0.03,-0.50,-0.31,0.18,-0.5,-0.2,185.9,41.80,1.55,43.222217,-0.051826,12,1,8.09,436.89
471142,-0.18,-0.15,-0.02,0.25,-0.25,-0.50,-0.6,-0.2,186.0,41.80,1.54,43.222217,-0.051826,12,1,8.09,436.89
471448,-0.11,-0.03,0.05,-0.25,0.18,0.25,-0.6,-0.2,186.0,41.81,1.53,43.222217,-0.051826,12,1,8.09,436.89
471754,0.20,-0.01,-1.39,0.06,0.31,-0.06,-0.6,-0.1,186.0,41.81,1.52,43.222217,-0.051825,12,1,8.09,436.89
472060,-0.05,0.11,-0.07,0.56,-0.43,-0.56,-0.6,-0.1,186.0,41.82,1.51,43.222217,-0.051825,12,1,8.09,436.89
472366,-0.03,0.05,0.00,0.81,0.31,-0.06,-0.6,-0.1,186.0,41.82,1.51,43.222217,-0.051825,12,1,8.09,436.89
472978,-0.01,-0.03,0.05,0.25,-0.43,-0.31,-0.8,-0.1,186.0,41.83,1.52,43.222217,-0.051824,12,1,8.09,436.89
473284,0.11,0.03,0.07,1.12,0.87,-0.75,-0.8,-0.0,186.0,41.83,1.54,43.222217,-0.051824,12,1,8.09,436.89
473590,-0.11,-0.05,-0.11,-1.12,-0.31,-0.31,-0.8,0.0,186.0,41.84,1.56,43.222217,-0.051824,12,1,8.09,436.89
473896,-0.01,0.05,0.18,-0.25,-0.50,-0.37,-0.8,-0.0,186.0,41.84,1.60,43.222217,-0.051824,12,1,8.09,436.79
474202,-0.00,0.01,-0.02,0.06,0.06,-0.12,-0.9,0.0,186.0,41.85,1.63,43.222217,-0.051824,12,1,8.09,436.79
474508,-0.03,0.00,-0.00,-0.12,-0.12,-0.12,-0.9,0.0,186.0,41.85,1.66,43.222217,-0.051824,12,1,8.09,436.79
474814,-0.07,0.00,-0.02,-0.18,-0.12,-0.06,-0.9,0.0,186.0,41.86,1.69,43.222217,-0.051824,12,1,8.09,436.79
475120,-0.10,-0.34,0.13,-0.87,0.06,0.37,-0.9,0.0,186.0,41.86,1.69,43.222217,-0.051824,12,1,8.09,436.79
475426,0.01,0.11,0.17,0.56,0.12,-0.75,-0.9,0.0,186.0,41.87,1.66,43.222217,-0.051824,12,1,8.09,436.79
475732,0.41,-0.30,0.36,1.25,1.00,7.18,-1.0,-0.1,185.7,41.87,1.62,43.222217,-0.051823,12,1,8.08,436.79
476038,0.09,0.00,0.03,0.25,0.93,-0.18,-0.9,0.0,185.6,41.88,1.60,43.222217,-0.051823,12,1,8.08,436.79
476344,-0.11,0.01,0.00,-2.31,-0.75,-0.18,-1.1,-0.1,186.2,41.88,1.60,43.222217,-0.051823,12,1,8.08,436.79
476650,0.03,-0.07,0.05,-0.37,-0.25,-0.06,-1.0,-0.0,186.3,41.89,1.68,43.222217,-0.051823,12,1,8.08,436.79
476956,-0.09,0.00,-0.07,-0.93,-0.06,-0.37,-1.0,-0.1,186.3,41.89,1.68,43.222209,-0.051822,12,1,8.09,436.79
477262,-0.01,0.07,0.00,-0.75,-0.93,-0.25,-1.0,-0.0,186.3,41.90,1.71,43.222209,-0.051822,12,1,8.09,436.79
477568,-0.02,0.07,0.02,0.00,-0.06,0.18,-1.0,-0.0,186.3,41.90,1.71,43.222209,-0.051822,12,1,8.09,436.79
477874,-0.02,0.03,-0.01,0.06,-0.06,0.00,-1.0,-0.0,186.3,41.90,1.70,43.222217,-0.051822,12,1,8.09,436.89
478180,-0.03,0.03,-0.01,0.87,-0.06,0.00,-1.0,-0.1,186.3,41.91,1.69,43.222217,-0.051822,12,1,8.09,436.79
478486,-0.05,-0.02,-0.01,-0.12,-0.06,0.00,-1.0,-0.1,186.3,41.91,1.68,43.222217,-0.051822,12,1,8.09,436.79
479098,-0.00,0.00,-0.00,0.50,0.43,0.18,-1.0,-0.1,186.3,41.92,1.65,43.222209,-0.051821,12,1,8.09,436.79
479404,0.00,-0.02,0.00,0.12,0.00,0.18,-1.0,-0.1,186.3,41.93,1.68,43.222209,-0.051821,12,1,8.09,436.79
479710,0.07,0.07,0.12,0.00,-0.93,-1.25,-1.0,-0.1,186.3,41.93,1.71,43.222209,-0.051820,12,1,8.09,436.79
480016,0.03,-0.03,0.05,-0.68,0.18,0.56,-1.0,-0.1,186.3,41.93,1.72,43.222209,-0.051820,12,1,8.09,436.70
480322,-0.05,0.12,0.00,1.00,-0.12,-0.12,-1.0,-0.1,186.3,41.94,1.70,43.222209,-0.051820,12,1,8.09,436.70
480628,-0.22,0.00,0.17,-0.12,0.06,-0.18,-1.0,-0.0,186.2,41.94,1.69,43.222209,-0.051820,12,1,8.09,436.60
480934,-0.01,-0.00,-0.05,0.50,0.06,0.00,-1.1,-0.1,186.2,41.95,1.68,43.222217,-0.051820,12,1,8.09,436.60
481240,0.05,0.02,-0.01,-0.25,0.06,0.06,-1.1,-0.1,186.2,41.95,1.72,43.222217,-0.051820,12,1,8.09,436.60
481546,-0.02,0.00,0.00,0.06,0.18,0.25,-1.1,-0.1,186.2,41.96,1.73,43.222217,-0.051820,12,1,8.09,436.50
482158,0.00,0.00,-0.01,0.18,-0.18,0.12,-1.0,-0.1,186.2,41.97,1.76,43.222217,-0.051819,12,1,8.09,436.50
482464,-0.11,0.12,-0.11,-0.81,0.50,0.68,-1.1,-0.1,186.1,41.97,1.76,43.222217,-0.051819,12,1,8.09,436.50
482770,-0.11,-0.01,-0.01,0.06,0.00,0.06,-1.0,-0.1,186.1,41.97,1.76,43.222217,-0.051818,12,1,8.09,436.50
483076,0.03,0.22,0.05,1.81,-0.31,-1.18,-1.1,-0.1,186.1,41.98,1.76,43.222217,-0.051818,12,1,8.09,436.50
483382,-0.02,0.05,0.00,0.50,0.12,0.12,-1.1,-0.0,186.1,41.98,1.76,43.222217,-0.051818,12,1,8.09,436.50
483688,-0.05,-0.01,-0.00,0.37,0.18,-0.25,-1.1,-0.0,186.1,41.99,1.74,43.222217,-0.051818,12,1,8.09,436.50
483994,-0.02,-0.02,-0.00,0.06,0.00,-0.06,-1.1,-0.0,186.1,41.99,1.73,43.222217,-0.051818,12,1,8.09,436.50
484300,-0.00,-0.01,-0.00,0.18,0.31,-0.06,-1.1,-0.0,186.1,42.00,1.72,43.222217,-0.051818,12,1,8.09,436.50
484606,0.00,-0.01,-0.01,0.06,0.18,0.25,-1.1,-0.0,186.1,42.00,1.70,43.222217,-0.051818,12,1,8.09,436.50
485218,-0.00,0.00,0.00,0.18,0.06,0.18,-1.1,-0.0,186.1,42.01,1.65,43.222217,-0.051817,12,1,8.09,436.50
485524,-0.01,-0.00,0.00,0.00,0.06,-0.12,-1.1,-0.0,186.1,42.01,1.63,43.222217,-0.051817,12,1,8.09,436.50
485830,-0.01,-0.00,-0.02,0.18,0.31,-0.31,-1.1,-0.0,186.1,42.02,1.63,43.222217,-0.051817,12,1,8.09,436.50
486136,0.00,0.02,0.00,-0.12,-0.62,-0.12,-1.1,-0.1,186.1,42.02,1.62,43.222217,-0.051817,12,1,8.09,436.50
486442,-0.01,0.01,0.00,-0.18,-0.12,0.00,-1.1,-0.1,186.1,42.03,1.61,43.222217,-0.051817,12,1,8.09,436.50
486748,-0.02,-0.01,0.00,-0.06,0.31,0.25,-1.1,-0.0,186.1,42.03,1.61,43.222217,-0.051817,12,1,8.09,436.50
487054,-0.03,0.01,0.00,0.87,0.56,-0.31,-1.0,0.0,186.1,42.04,1.60,43.222217,-0.051817,12,1,8.09,436.50
487360,-0.00,-0.03,0.00,-0.50,-0.43,0.06,-1.0,0.0,186.1,42.04,1.61,43.222217,-0.051817,12,1,8.09,436.50
487666,-0.02,0.00,-0.05,-0.18,-0.18,0.06,-1.0,0.0,186.1,42.04,1.60,43.222217,-0.051817,12,1,8.09,436.50
487972,-0.01,0.07,0.00,-0.25,-0.25,0.00,-1.0,0.0,186.1,42.05,1.61,43.222217,-0.051816,12,1,8.09,436.50
488278,-0.05,0.03,0.00,-0.12,-0.18,-0.06,-1.0,0.0,186.1,42.05,1.60,43.222217,-0.051816,12,1,8.09,436.50
488584,-0.02,0.01,0.00,0.12,0.25,0.00,-1.0,0.0,186.1,42.06,1.60,43.222217,-0.051816,12,1,8.09,436.50
488890,-0.01,0.01,0.00,-0.12,0.00,0.00,-1.0,0.0,186.1,42.06,1.61,43.222217,-0.051816,12,1,8.09,436.50
489196,-0.00,0.00,-0.00,0.12,0.06,0.06,-1.0,0.0,186.1,42.06,1.60,43.222217,-0.051816,12,1,8.09,436.50
489808,-0.02,0.05,0.00,0.37,0.06,-0.18,-1.0,0.0,186.1,42.07,1.60,43.222217,-0.051816,12,1,8.09,436.39
490114,-0.01,0.00,-0.00,-0.25,-0.06,0.12,-1.0,0.0,186.1,42.07,1.60,43.222217,-0.051816,12,1,8.09,436.39
490420,-0.01,0.02,0.00,0.25,0.06,0.00,-1.0,0.0,186.1,42.08,1.61,43.222217,-0.051816,12,1,8.09,436.39
490726,-0.05,0.00,-0.00,-0.06,0.00,-0.06,-1.0,0.0,186.1,42.08,1.63,43.222217,-0.051816,12,1,8.09,436.39
491032,-0.00,0.05,0.01,0.43,0.12,-0.12,-1.0,0.0,186.1,42.09,1.65,43.222217,-0.051816,12,1,8.09,436.39
491338,-0.01,0.01,-0.00,0.12,-0.18,-0.12,-1.0,0.0,186.1,42.09,1.65,43.222217,-0.051816,12,1,8.09,436.39
491644,-0.07,0.00,0.00,0.00,0.12,0.25,-1.0,0.0,186.1,42.10,1.67,43.222217,-0.051816,12,1,8.09,436.39
491950,-0.05,0.00,-0.05,0.00,0.00,-0.31,-1.0,0.0,186.1,42.10,1.67,43.222217,-0.051816,12,1,8.09,436.39
492256,-0.03,0.00,-0.00,-0.06,-0.06,0.00,-1.0,0.0,186.1,42.11,1.67,43.222217,-0.051816,12,1,8.09,436.39
492562,-0.05,0.00,0.00,0.12,-0.18,-0.06,-1.0,0.0,186.1,42.11,1.68,43.222217,-0.051816,12,1,8.09,436.29
492868,-0.00,0.05,-0.00,0.06,0.00,0.12,-1.0,0.0,186.1,42.11,1.68,43.222217,-0.051816,12,1,8.09,436.29
493174,-0.02,0.02,0.00,0.06,0.18,0.06,-1.0,0.0,186.1,42.12,1.69,43.222217,-0.051816,12,1,8.09,436.29
493480,-0.02,0.02,-0.00,0.00,0.00,0.12,-1.0,0.0,186.1,42.12,1.70,43.222217,-0.051816,12,1,8.09,436.29
494092,-0.02,0.00,0.00,-0.12,0.00,-0.06,-1.0,0.0,186.1,42.13,1.72,43.222209,-0.051816,12,1,8.09,436.29
494398,-0.05,0.00,-0.01,-0.06,0.00,0.00,-1.0,0.0,186.1,42.13,1.75,43.222209,-0.051816,12,1,8.09,436.29
494704,0.00,0.03,0.00,0.18,0.25,-0.12,-1.0,0.0,186.1,42.14,1.78,43.222209,-0.051816,12,1,8.09,436.39
495010,-0.05,0.01,0.02,0.18,-0.12,0.18,-1.0,0.0,186.1,42.14,1.78,43.222209,-0.051816,12,1,8.09,436.39
495316,-0.02,0.01,0.00,0.00,0.06,-0.12,-1.0,0.0,186.1,42.15,1.76,43.222209,-0.051816,12,1,8.09,436.29
495622,-0.02,0.01,-0.01,0.06,0.06,0.00,-1.0,0.0,186.1,42.15,1.74,43.222209,-0.051816,12,1,8.09,436.29
495928,0.00,0.15,0.01,0.93,-0.06,-0.56,-1.0,0.0,186.1,42.15,1.73,43.222209,-0.051816,12,1,8.09,436.29
496234,-0.10,-0.05,-0.11,-0.18,0.25,0.25,-1.0,0.0,186.1,42.16,1.70,43.222209,-0.051816,12,1,8.09,436.29
496540,-0.01,0.05,-0.00,-0.43,-0.50,0.12,-1.0,0.0,186.1,42.16,1.70,43.222209,-0.051816,12,1,8.09,436.29
496846,-0.15,-0.11,0.00,-0.81,0.25,0.87,-0.9,0.0,186.1,42.17,1.71,43.222209,-0.051816,12,1,8.09,436.20
497458,-0.00,0.27,0.00,1.50,0.00,-0.56,-0.9,0.0,186.0,42.18,1.72,43.222209,-0.051817,12,1,8.09,436.20
497764,-0.03,0.00,-0.07,0.18,0.37,0.12,-0.9,0.0,186.0,42.18,1.72,43.222209,-0.051817,12,1,8.09,436.20
498070,0.05,0.00,-0.03,-1.12,-0.81,-0.43,-1.0,0.0,186.0,42.18,1.70,43.222209,-0.051817,12,1,8.09,436.20
498376,-0.05,0.07,-0.02,0.00,-0.43,-0.18,-1.0,0.0,186.0,42.19,1.69,43.222209,-0.051817,12,1,8.09,436.29
498682,-0.09,0.05,-0.07,0.12,-0.12,0.25,-0.9,0.0,186.1,42.19,1.68,43.222209,-0.051817,12,1,8.09,436.29
498988,-0.02,0.20,-0.10,0.81,-0.68,-0.50,-0.9,0.0,186.0,42.20,1.70,43.222209,-0.051817,12,1,8.08,436.29
499294,0.01,0.34,0.20,7.62,-0.56,-0.50,-0.9,0.0,186.0,42.20,1.69,43.222209,-0.051817,12,1,8.08,436.29
499600,-0.05,-0.00,-0.03,0.00,0.12,0.06,-0.9,0.0,186.0,42.20,1.70,43.222209,-0.051817,12,1,8.08,436.29
499906,-0.09,-0.12,-0.28,-0.37,0.50,-0.06,-0.8,0.0,186.1,42.21,1.69,43.222209,-0.051817,12,1,8.09,436.39
500212,-0.09,0.10,0.01,-1.06,-0.37,-0.43,-0.8,0.0,188.8,42.21,1.69,43.222209,-0.051817,12,1,8.09,436.39
500518,0.02,0.05,0.07,-1.43,-1.06,6.56,-1.0,-0.1,187.8,42.22,1.67,43.222209,-0.051817,12,1,8.09,436.39
500824,0.11,-0.41,-0.00,-1.50,-0.93,10.25,-1.0,0.0,184.6,42.22,1.67,43.222209,-0.051817,12,1,8.09,436.50
501436,-0.30,-0.07,-0.00,0.00,1.81,0.68,-1.0,0.0,181.6,42.23,1.69,43.222209,-0.051817,12,1,8.09,436.50
501742,-0.01,0.05,0.03,0.75,0.50,0.06,-1.0,0.0,181.6,42.23,1.70,43.222209,-0.051817,12,1,8.09,436.50
502048,0.27,-0.40,0.05,-3.18,-3.87,-1.62,-1.0,0.0,181.6,42.24,1.72,43.222209,-0.051817,12,1,8.09,436.50
502354,-0.15,-0.01,0.02,-0.06,0.00,1.25,-1.0,0.0,181.6,42.24,1.72,43.222209,-0.051817,12,1,8.09,436.50
502660,0.00,0.00,0.01,-0.06,-0.12,0.18,-1.0,0.0,181.6,42.24,1.74,43.222209,-0.051817,12,1,8.09,436.50
502966,-0.05,0.00,0.00,0.00,0.00,0.12,-1.0,0.0,181.6,42.25,1.73,43.222209,-0.051817,12,1,8.09,436.50
503272,-0.01,0.07,0.00,0.06,-0.12,0.00,-1.0,0.0,181.6,42.25,1.71,43.222209,-0.051817,12,1,8.09,436.50
503578,-0.03,0.00,0.00,-0.06,0.06,0.00,-1.0,0.0,181.6,42.26,1.69,43.222209,-0.051817,12,1,8.09,436.50
503884,-0.03,0.00,0.00,-0.18,0.00,0.18,-1.0,0.0,181.6,42.26,1.70,43.222209,-0.051817,12,1,8.09,436.50
504190,-0.02,-0.00,0.00,-0.12,0.00,0.31,-1.0,0.0,181.6,42.26,1.72,43.222209,-0.051818,12,1,8.09,436.50
504496,-0.01,0.07,0.00,0.06,0.00,0.00,-1.0,0.0,181.6,42.27,1.73,43.222209,-0.051818,12,1,8.09,436.50
504802,-0.03,0.01,-0.00,-0.18,-0.06,0.12,-1.0,0.0,181.6,42.27,1.72,43.222209,-0.051818,12,1,8.09,436.50
505108,0.12,-0.66,-0.05,-1.06,0.06,-1.25,-1.0,0.0,181.5,42.28,1.72,43.222209,-0.051818,12,1,8.09,436.50
505414,-0.09,-0.02,-0.01,0.00,0.18,0.75,-1.0,0.0,181.5,42.28,1.72,43.222209,-0.051818,12,1,8.09,436.50
506026,-0.01,-0.00,0.02,-0.06,-0.06,0.12,-1.0,0.0,181.5,42.29,1.77,43.222209,-0.051818,12,1,8.09,436.50
506332,-0.01,0.00,-0.00,-0.06,-0.12,0.06,-1.0,0.0,181.5,42.29,1.78,43.222209,-0.051818,12,1,8.09,436.50
506638,0.00,0.01,0.00,0.06,0.06,-0.12,-1.0,0.0,181.5,42.30,1.80,43.222209,-0.051818,12,1,8.09,436.50
506944,-0.03,0.00,0.00,0.12,-0.06,0.06,-1.0,0.0,181.5,42.30,1.80,43.222209,-0.051818,12,1,8.09,436.50
507250,-0.01,0.00,0.00,-0.06,-0.12,-0.25,-1.0,0.0,181.5,42.30,1.81,43.222209,-0.051819,12,1,8.09,436.50
507556,0.00,0.05,0.00,0.43,-0.18,-0.56,-1.0,0.0,181.5,42.31,1.78,43.222209,-0.051819,12,1,8.09,436.60
508168,-0.03,-0.01,-0.05,-0.18,0.56,0.93,-1.0,0.0,181.5,42.31,1.75,43.222209,-0.051819,12,1,8.09,436.60
508474,-0.03,-0.05,0.05,-0.31,0.62,0.37,-1.0,0.0,181.5,42.32,1.75,43.222209,-0.051819,12,1,8.09,436.60
510310,-0.00,0.00,0.02,1.00,0.37,-0.37,-1.0,0.0,183.9,42.34,1.61,43.222209,-0.051819,12,1,8.09,436.70
510922,-0.15,-0.43,-0.12,3.62,-0.50,1.87,-1.2,0.0,184.5,42.35,1.55,43.222209,-0.051819,12,1,8.09,436.70
511534,0.09,0.17,-0.11,-5.25,-3.50,-0.37,-1.1,-0.1,183.2,42.36,1.50,43.222209,-0.051819,12,1,8.09,436.70
511840,0.01,-0.00,0.03,-0.87,-0.62,0.00,-1.0,-0.0,183.2,42.37,1.47,43.222209,-0.051819,12,1,8.09,436.70
512452,0.00,-0.00,0.00,0.00,0.12,-0.43,-1.0,0.0,183.2,42.38,1.44,43.222209,-0.051820,12,1,8.08,436.79
512758,0.00,-0.00,-0.00,0.18,0.06,-0.06,-1.0,0.0,183.2,42.38,1.46,43.222209,-0.051820,12,1,8.08,436.79
513064,-0.00,-0.00,0.00,-0.06,-0.25,-0.12,-1.0,0.0,183.2,42.39,1.45,43.222209,-0.051820,12,1,8.09,436.79
513370,0.00,-0.02,-0.01,-0.12,-0.06,-0.12,-1.0,0.0,183.2,42.40,1.46,43.222209,-0.051820,12,1,8.09,436.79
513676,0.00,-0.00,-0.01,0.06,0.00,0.00,-1.0,0.0,183.2,42.40,1.48,43.222209,-0.051820,12,1,8.09,436.79
513982,0.00,0.00,-0.01,0.06,0.06,-0.06,-1.0,0.0,183.2,42.41,1.47,43.222209,-0.051820,12,1,8.09,436.79
514288,-0.00,-0.01,0.00,0.00,0.18,0.00,-1.0,0.0,183.2,42.41,1.47,43.222209,-0.051820,12,1,8.09,436.79
514594,-0.01,-0.00,-0.01,-0.06,0.00,-0.12,-1.0,0.0,183.2,42.41,1.48,43.222209,-0.051820,12,1,8.09,436.89
514900,-0.01,0.00,0.00,0.00,-0.06,0.00,-1.0,0.0,183.2,42.42,1.49,43.222209,-0.051820,12,1,8.09,436.89
515206,0.00,0.00,0.00,0.00,-0.18,0.06,-1.0,0.0,183.2,42.42,1.51,43.222209,-0.051820,12,1,8.09,436.89
515818,0.00,0.00,0.00,0.06,0.00,-0.18,-1.0,0.0,183.2,42.43,1.53,43.222209,-0.051820,12,1,8.09,436.89
516124,0.00,-0.01,0.00,0.00,0.25,0.00,-1.0,0.0,183.2,42.44,1.54,43.222209,-0.051821,12,1,8.08,436.89
516430,0.00,0.00,0.00,0.00,-0.06,0.06,-1.0,0.0,183.2,42.44,1.55,43.222209,-0.051821,12,1,8.08,437.00
516736,0.00,-0.00,0.00,0.06,-0.06,0.12,-1.0,0.0,183.2,42.44,1.57,43.222209,-0.051821,12,1,8.08,437.00
517042,0.00,-0.01,-0.00,-0.12,0.00,0.00,-1.0,0.0,183.2,42.45,1.57,43.222209,-0.051821,12,1,8.08,437.00
517348,-0.00,-0.02,-0.00,0.06,0.06,0.18,-1.0,0.0,183.2,42.45,1.58,43.222209,-0.051821,12,1,8.08,437.00
517654,-0.00,0.00,-0.00,0.00,0.06,0.06,-1.0,0.0,183.2,42.46,1.59,43.222209,-0.051821,12,1,8.08,437.00
517960,-0.00,-0.00,0.00,0.12,0.00,-0.06,-1.0,0.0,183.2,42.46,1.59,43.222209,-0.051821,12,1,8.08,437.00
518266,0.00,0.00,0.00,-0.06,0.06,-0.06,-1.0,0.0,183.2,42.47,1.60,43.222209,-0.051821,12,1,8.08,437.10
518572,-0.01,0.00,0.00,0.06,0.00,0.00,-1.0,0.0,183.2,42.47,1.61,43.222209,-0.051821,12,1,8.08,437.10
518878,0.00,0.00,0.00,-0.06,0.12,0.00,-1.0,0.0,183.2,42.47,1.62,43.222209,-0.051821,12,1,8.08,437.10
519184,-0.00,-0.00,0.00,0.06,0.12,0.12,-1.0,0.0,183.2,42.48,1.62,43.222209,-0.051821,12,1,8.08,437.10
519490,0.00,-0.00,-0.01,-0.06,-0.06,-0.12,-1.0,0.0,183.2,42.48,1.63,43.222209,-0.051821,12,1,8.08,437.10
520102,-0.02,-0.00,-0.00,-0.06,0.00,0.25,-1.0,0.0,183.2,42.49,1.63,43.222209,-0.051822,12,1,8.09,437.20
520408,0.00,0.00,-0.00,0.06,-0.12,0.00,-1.0,0.0,183.2,42.50,1.64,43.222209,-0.051822,12,1,8.09,437.20
520714,0.00,-0.01,0.00,0.06,-0.06,-0.06,-1.0,0.0,183.2,42.50,1.64,43.222209,-0.051822,12,1,8.09,437.20
521020,0.00,-0.00,-0.00,0.12,-0.06,0.00,-1.0,0.0,183.2,42.51,1.64,43.222209,-0.051822,12,1,8.09,437.20
521326,-0.01,-0.00,0.00,-0.06,0.00,-0.06,-1.0,0.0,183.2,42.51,1.64,43.222209,-0.051822,12,1,8.09,437.20
521632,-0.00,-0.00,0.00,0.00,0.06,-0.12,-1.0,0.0,183.2,42.51,1.65,43.222209,-0.051822,12,1,8.09,437.20
521938,-0.01,-0.00,0.01,0.06,0.06,-0.18,-1.0,0.0,183.2,42.51,1.65,43.222209,-0.051822,12,1,8.09,437.20
522244,0.00,0.00,-0.01,0.12,0.06,0.00,-1.0,0.0,183.2,42.52,1.64,43.222209,-0.051822,12,1,8.09,437.20
522856,0.00,-0.01,-0.02,-0.12,0.06,-0.18,-1.0,0.0,183.2,42.53,1.65,43.222209,-0.051822,12,1,8.09,437.20
523162,-0.00,-0.00,0.00,0.00,-0.06,0.06,-1.0,0.0,183.2,42.53,1.64,43.222209,-0.051823,12,1,8.09,437.20
523468,-0.00,-0.00,0.00,0.06,-0.06,-0.06,-1.0,0.0,183.2,42.54,1.64,43.222209,-0.051823,12,1,8.09,437.20
523774,0.00,-0.01,0.00,0.00,-0.06,0.00,-1.0,0.0,183.2,42.54,1.64,43.222209,-0.051823,12,1,8.09,437.20
524080,0.00,0.00,-0.00,0.06,0.06,0.12,-1.0,0.0,183.2,42.55,1.65,43.222209,-0.051823,12,1,8.09,437.20
524692,0.00,-0.01,0.01,-0.06,-0.06,0.12,-1.0,0.0,183.2,42.55,1.66,43.222209,-0.051823,12,1,8.09,437.20
524998,0.00,0.00,-0.00,0.06,0.00,0.06,-1.0,0.0,183.2,42.56,1.66,43.222209,-0.051823,12,1,8.09,437.20
525304,0.00,-0.01,0.00,0.06,0.00,-0.06,-1.0,0.0,183.2,42.56,1.67,43.222209,-0.051823,12,1,8.09,437.20
525610,-0.00,-0.01,0.00,0.06,0.06,0.18,-1.0,0.0,183.2,42.56,1.67,43.222209,-0.051823,12,1,8.09,437.20
525916,-0.00,-0.00,-0.02,0.12,-0.06,0.06,-1.0,0.0,183.2,42.57,1.67,43.222209,-0.051823,12,1,8.09,437.20
526222,-0.00,0.00,-0.03,0.00,0.12,-0.12,-1.0,0.0,183.2,42.57,1.67,43.222209,-0.051823,12,1,8.08,437.20
526528,-0.01,-0.01,0.00,0.06,0.25,0.00,-1.0,0.0,183.2,42.58,1.68,43.222209,-0.051823,12,1,8.08,437.20
526834,-0.00,0.00,0.00,-0.06,0.06,0.00,-1.0,0.0,183.2,42.58,1.68,43.222209,-0.051823,12,1,8.08,437.20
527140,-0.00,0.00,0.00,0.00,-0.06,0.06,-1.0,0.0,183.2,42.58,1.70,43.222209,-0.051823,12,1,8.08,437.20
527446,0.00,-0.00,0.00,0.12,-0.06,-0.12,-1.0,0.0,183.2,42.59,1.69,43.222209,-0.051824,12,1,8.08,437.20
527752,-0.00,-0.02,-0.00,0.06,-0.06,-0.06,-1.0,0.0,183.2,42.59,1.69,43.222209,-0.051824,12,1,8.08,437.29
528058,0.00,-0.01,0.00,0.00,0.00,-0.06,-1.0,0.0,183.2,42.60,1.69,43.222209,-0.051824,12,1,8.08,437.29
528364,0.00,-0.01,-0.01,-0.06,-0.12,-0.06,-1.0,0.0,183.2,42.60,1.70,43.222209,-0.051824,12,1,8.09,437.29
528670,0.00,-0.00,-0.00,0.00,-0.06,0.12,-1.0,0.0,183.2,42.60,1.70,43.222209,-0.051824,12,1,8.09,437.29
528976,-0.01,-0.00,0.00,-0.12,-0.12,-0.06,-1.0,0.0,183.2,42.61,1.69,43.222209,-0.051824,12,1,8.09,437.29
529282,-0.01,0.00,0.00,0.12,0.06,0.06,-1.0,0.0,183.2,42.61,1.69,43.222209,-0.051824,12,1,8.09,437.29
529588,0.12,0.11,0.05,0.18,-0.06,-0.12,-1.0,0.0,183.2,42.61,1.70,43.222209,-0.051824,12,1,8.09,437.29
530200,0.00,-0.01,0.00,-0.18,-0.12,-0.31,-1.0,0.0,183.3,42.62,1.69,43.222209,-0.051824,12,1,8.08,437.29
530506,-0.00,-0.02,0.00,-0.06,-0.06,-0.18,-1.0,0.0,183.3,42.63,1.69,43.222209,-0.051824,12,1,8.08,437.29
530812,0.00,0.00,0.00,0.12,0.12,0.12,-1.0,0.0,183.3,42.63,1.69,43.222209,-0.051824,12,1,8.08,437.29
531118,-0.00,-0.02,0.00,0.06,0.12,0.25,-1.0,0.0,183.3,42.63,1.70,43.222209,-0.051824,12,1,8.08,437.29
531424,-0.01,-0.00,-0.03,0.00,0.06,-0.06,-1.0,0.0,183.3,42.64,1.69,43.222209,-0.051824,12,1,8.08,437.29
531730,-0.00,0.00,0.00,-0.25,0.06,-0.06,-1.0,0.0,183.3,42.64,1.69,43.222209,-0.051824,12,1,8.08,437.39
532036,0.00,-0.00,0.00,-0.06,-0.06,-0.06,-1.0,0.0,183.3,42.64,1.69,43.222209,-0.051824,12,1,8.08,437.39
532342,-0.00,0.00,0.00,0.00,0.25,0.00,-1.0,0.0,183.3,42.65,1.69,43.222209,-0.051823,12,1,8.09,437.39
532648,-0.01,-0.00,0.00,0.06,-0.06,-0.06,-1.0,0.0,183.3,42.65,1.69,43.222209,-0.051823,12,1,8.09,437.50
532954,-0.00,0.00,-0.00,0.06,0.06,0.12,-1.0,0.0,183.3,42.65,1.69,43.222209,-0.051823,12,1,8.09,437.50
533260,0.00,0.00,0.00,0.00,0.06,0.06,-1.0,0.0,183.3,42.66,1.69,43.222209,-0.051823,12,1,8.08,437.50
533566,0.00,0.00,-0.00,-0.06,0.00,0.00,-1.0,0.0,183.3,42.66,1.70,43.222209,-0.051823,12,1,8.08,437.50
534178,-0.00,-0.01,0.00,0.00,0.12,0.00,-1.0,0.0,183.3,42.67,1.69,43.222209,-0.051823,12,1,8.08,437.50
534484,-0.00,-0.00,0.00,0.18,-0.06,-0.06,-1.0,0.0,183.3,42.67,1.70,43.222209,-0.051824,12,1,8.08,437.60
534790,0.00,-0.00,-0.00,-0.18,0.18,-0.06,-1.0,0.0,183.3,42.68,1.71,43.222209,-0.051824,12,1,8.08,437.60
535096,0.00,0.00,-0.01,-0.06,0.00,0.00,-1.0,0.0,183.3,42.68,1.70,43.222209,-0.051824,12,1,8.08,437.60
535402,-0.02,0.00,0.00,-0.06,0.12,0.18,-1.0,0.0,183.3,42.68,1.70,43.222209,-0.051824,12,1,8.08,437.60
535708,-0.01,-0.00,0.00,0.00,-0.12,-0.06,-1.0,0.0,183.3,42.69,1.70,43.222209,-0.051824,12,1,8.08,437.60
536014,-0.01,0.00,0.00,-0.06,-0.06,-0.06,-1.0,0.0,183.3,42.69,1.70,43.222209,-0.051824,12,1,8.08,437.60
536320,-0.02,0.00,0.00,0.00,0.06,0.06,-1.0,0.0,183.3,42.69,1.70,43.222209,-0.051824,12,1,8.09,437.60
536626,-0.00,0.00,0.00,0.00,-0.12,0.06,-1.0,0.0,183.3,42.70,1.70,43.222209,-0.051824,12,1,8.09,437.60
537238,0.00,-0.00,-0.01,0.06,-0.06,0.00,-1.0,0.0,183.3,42.70,1.71,43.222209,-0.051824,12,1,8.09,437.60
537544,-0.00,-0.00,-0.00,0.06,-0.25,-0.06,-1.0,0.0,183.3,42.71,1.71,43.222209,-0.051824,12,1,8.07,437.70
537850,0.00,-0.00,-0.00,0.18,0.25,0.00,-1.0,0.0,183.3,42.71,1.71,43.222209,-0.051824,12,1,8.07,437.70
538156,-0.00,-0.00,0.00,-0.06,0.00,0.06,-1.0,0.0,183.3,42.72,1.72,43.222209,-0.051824,12,1,8.07,437.70
538462,0.00,0.00,0.01,-0.06,-0.06,-0.06,-1.0,0.0,183.3,42.72,1.72,43.222209,-0.051824,12,1,8.09,437.70
538768,0.00,0.00,0.00,0.06,0.00,0.12,-1.0,0.0,183.3,42.72,1.71,43.222209,-0.051824,12,1,8.09,437.70
539074,0.00,-0.01,-0.00,0.00,-0.06,0.00,-1.0,0.0,183.3,42.73,1.71,43.222209,-0.051824,12,1,8.09,437.70
539380,0.00,0.00,0.00,-0.06,0.00,0.00,-1.0,0.0,183.3,42.73,1.72,43.222209,-0.051824,12,1,8.08,437.70
539686,0.00,0.00,0.02,0.06,0.06,0.18,-1.0,0.0,183.3,42.73,1.72,43.222209,-0.051824,12,1,8.08,437.70
539992,0.00,-0.01,-0.01,-0.12,-0.06,0.06,-1.0,0.0,183.3,42.74,1.72,43.222209,-0.051824,12,1,8.08,437.70
540298,-0.00,0.00,-0.01,-0.12,0.12,0.12,-1.0,0.0,183.3,42.74,1.72,43.222209,-0.051824,12,1,8.09,437.70
540604,0.00,0.00,-0.02,0.00,0.00,0.18,-1.0,0.0,183.3,42.74,1.72,43.222209,-0.051824,12,1,8.09,437.70
540910,0.00,-0.00,-0.00,-0.06,0.00,-0.06,-1.0,0.0,183.3,42.75,1.72,43.222209,-0.051824,12,1,8.09,437.70
541522,0.00,0.00,0.00,0.06,-0.12,0.06,-1.0,0.0,183.3,42.76,1.72,43.222209,-0.051824,12,1,8.09,437.70
542134,-0.00,0.00,0.00,0.00,0.18,-0.12,-1.0,0.0,183.3,42.76,1.73,43.222209,-0.051824,12,1,8.09,437.70
542440,0.00,-0.01,0.00,-0.06,0.12,-0.06,-1.0,0.0,183.3,42.76,1.74,43.222209,-0.051824,12,1,8.08,437.70
542746,0.00,-0.01,0.00,0.00,0.06,0.12,-1.0,0.0,183.3,42.77,1.73,43.222209,-0.051824,12,1,8.08,437.70
543052,-0.00,-0.00,-0.00,0.00,-0.06,-0.06,-1.0,0.0,183.3,42.77,1.74,43.222209,-0.051824,12,1,8.08,437.70
543358,0.00,0.00,0.00,0.06,-0.18,-0.12,-1.0,0.0,183.3,42.78,1.74,43.222209,-0.051824,12,1,8.08,437.70
543664,0.00,-0.00,0.00,-0.06,0.06,0.00,-1.0,0.0,183.3,42.78,1.73,43.222209,-0.051824,12,1,8.08,437.70
543970,-0.00,0.00,-0.00,0.00,-0.25,0.00,-1.0,0.0,183.3,42.78,1.73,43.222209,-0.051824,12,1,8.08,437.79
544276,-0.00,0.00,0.00,0.06,0.00,0.00,-1.0,0.0,183.3,42.79,1.73,43.222209,-0.051824,12,1,8.08,437.79
544582,0.00,-0.00,0.00,0.06,-0.06,-0.06,-1.0,0.0,183.3,42.79,1.73,43.222209,-0.051824,12,1,8.08,437.79
544888,0.00,-0.00,-0.01,0.00,0.18,0.18,-1.0,0.0,183.3,42.79,1.73,43.222209,-0.051824,12,1,8.08,437.79
545500,0.00,-0.01,0.00,0.06,-0.25,0.25,-1.0,0.0,183.3,42.80,1.73,43.222209,-0.051824,12,1,8.08,437.89
545806,0.00,-0.02,-0.00,0.06,0.12,0.12,-1.0,0.0,183.3,42.80,1.74,43.222209,-0.051824,12,1,8.08,437.89
546112,0.00,0.00,-0.01,0.06,-0.12,0.06,-1.0,0.0,183.3,42.81,1.74,43.222209,-0.051824,12,1,8.08,437.89
546418,0.00,-0.00,0.00,0.12,0.12,0.18,-1.0,0.0,183.3,42.81,1.74,43.222209,-0.051824,12,1,8.08,437.89
546724,0.00,0.00,0.00,-0.12,0.00,0.06,-1.0,0.0,183.3,42.81,1.73,43.222209,-0.051824,12,1,8.08,438.00
547336,-0.00,0.00,0.00,-0.06,0.12,0.06,-1.0,0.0,183.3,42.82,1.73,43.222209,-0.051824,12,1,8.08,438.00
547642,-0.01,-0.01,0.00,0.06,-0.12,0.06,-1.0,0.0,183.3,42.82,1.72,43.222209,-0.051824,12,1,8.09,438.00
547948,-0.00,-0.02,0.00,-0.06,0.18,0.00,-1.0,0.0,183.3,42.83,1.71,43.222209,-0.051824,12,1,8.09,438.10
548254,0.00,0.00,-0.00,0.12,0.00,0.12,-1.0,0.0,183.3,42.83,1.72,43.222209,-0.051824,12,1,8.09,438.10
548560,0.00,-0.00,-0.00,-0.06,-0.12,0.18,-1.0,0.0,183.3,42.83,1.71,43.222209,-0.051825,12,1,8.08,438.10
548866,-0.02,-0.01,0.01,0.06,0.00,0.12,-1.0,0.0,183.3,42.84,1.72,43.222209,-0.051825,12,1,8.08,438.10
549172,0.00,0.00,0.00,0.12,0.00,-0.12,-1.0,0.0,183.3,42.84,1.71,43.222209,-0.051825,12,1,8.08,438.10
549784,0.00,-0.00,0.00,0.06,0.06,-0.06,-1.0,0.0,183.3,42.85,1.71,43.222209,-0.051825,12,1,8.08,438.20
550090,-0.00,-0.00,0.00,0.00,0.25,0.12,-1.0,0.0,183.3,42.85,1.71,43.222209,-0.051825,12,1,8.08,438.20
550396,-0.00,-0.00,-0.00,0.00,0.12,0.00,-1.0,0.0,183.3,42.85,1.71,43.222209,-0.051825,12,1,8.09,438.20
550702,0.00,0.00,0.00,0.06,0.06,-0.06,-1.0,0.0,183.3,42.86,1.71,43.222209,-0.051825,12,1,8.09,438.29
551008,-0.01,0.00,-0.00,-0.06,0.06,0.00,-1.0,0.0,183.3,42.86,1.71,43.222209,-0.051825,12,1,8.09,438.29
551314,0.00,0.00,0.00,0.00,-0.06,0.18,-1.0,0.0,183.3,42.86,1.71,43.222209,-0.051825,12,1,8.09,438.29
551620,-0.02,0.00,0.01,0.00,0.06,-0.18,-1.0,0.0,183.3,42.87,1.72,43.222209,-0.051825,12,1,8.08,438.29
551926,-0.00,-0.02,0.00,-0.12,-0.12,-0.12,-1.0,0.0,183.3,42.87,1.72,43.222209,-0.051825,12,1,8.08,438.29
552232,0.00,0.00,-0.00,0.06,-0.25,-0.06,-1.0,0.0,183.3,42.87,1.71,43.222209,-0.051825,12,1,8.08,438.29
552844,0.00,0.00,0.00,0.12,-0.12,-0.06,-1.0,0.0,183.3,42.88,1.72,43.222209,-0.051825,12,1,8.08,438.39
553150,-0.01,-0.00,0.00,0.12,0.00,0.18,-1.0,0.0,183.3,42.88,1.73,43.222209,-0.051825,12,1,8.08,438.39
553456,-0.01,-0.01,0.00,-0.12,0.00,0.00,-1.0,0.0,183.3,42.89,1.72,43.222209,-0.051825,12,1,8.09,438.39
553762,0.00,-0.00,-0.01,0.06,0.06,0.37,-1.0,0.0,183.3,42.89,1.73,43.222209,-0.051825,12,1,8.09,438.39
554068,-0.00,-0.00,0.00,0.06,0.06,0.00,-1.0,0.0,183.3,42.89,1.72,43.222209,-0.051825,12,1,8.09,438.39
554374,-0.00,-0.01,0.00,0.06,0.00,0.06,-1.0,0.0,183.3,42.90,1.72,43.222209,-0.051825,12,1,8.09,438.50
554680,-0.00,0.00,0.00,0.06,-0.18,0.00,-1.0,0.0,183.3,42.90,1.72,43.222209,-0.051826,12,1,8.08,438.50
554986,-0.00,-0.01,0.00,0.12,0.00,0.06,-1.0,0.0,183.3,42.90,1.73,43.222209,-0.051826,12,1,8.08,438.50
555292,0.00,-0.01,-0.01,0.00,-0.12,-0.06,-1.0,0.0,183.3,42.91,1.73,43.222209,-0.051826,12,1,8.08,438.50
555904,-0.25,-0.51,-0.33,-3.43,8.68,1.87,-1.1,0.0,183.1,42.91,1.72,43.222209,-0.051826,12,1,8.08,438.50
556210,-0.11,0.09,0.07,0.06,-0.06,0.00,-1.0,0.0,183.0,42.92,1.72,43.222209,-0.051826,12,1,8.08,438.50
556516,0.01,-0.05,0.01,0.12,-0.12,0.25,-1.0,0.0,183.0,42.92,1.71,43.222209,-0.051826,12,1,8.08,438.50
556822,0.00,-0.00,0.01,-0.12,-0.12,0.00,-1.0,0.0,183.0,42.93,1.70,43.222209,-0.051826,12,1,8.08,438.60
557128,-0.03,0.02,0.00,0.00,0.06,-0.06,-1.0,0.0,183.0,42.93,1.71,43.222209,-0.051826,12,1,8.08,438.60
557434,-0.01,-0.00,0.00,0.06,0.06,0.06,-1.0,0.0,183.0,42.93,1.71,43.222209,-0.051826,12,1,8.08,438.60
557740,-0.00,-0.01,-0.02,-0.12,-0.12,0.00,-1.0,0.0,183.0,42.94,1.70,43.222209,-0.051826,12,1,8.08,438.60
558352,-0.01,-0.00,0.00,0.00,0.06,0.00,-1.0,0.0,183.0,42.94,1.69,43.222209,-0.051826,12,1,8.08,438.60
558658,-0.00,0.00,0.00,0.12,-0.12,-0.31,-1.0,0.0,183.0,42.94,1.70,43.222209,-0.051826,12,1,8.08,438.60
558964,0.00,-0.00,0.00,0.00,0.18,0.12,-1.0,0.0,183.0,42.95,1.70,43.222209,-0.051826,12,1,8.08,438.60
559270,0.00,0.00,0.01,0.00,-0.18,-0.06,-1.0,0.0,183.0,42.95,1.69,43.222209,-0.051826,12,1,8.08,438.60
559576,-0.00,-0.00,-0.00,0.00,0.00,0.00,-1.0,0.0,183.0,42.95,1.68,43.222209,-0.051827,12,1,8.08,438.70
559882,-0.01,0.00,0.00,0.06,-0.06,-0.25,-1.0,0.0,183.0,42.96,1.68,43.222209,-0.051827,12,1,8.08,438.70
560188,0.00,-0.00,0.00,0.18,-0.12,0.00,-1.0,0.0,183.0,42.96,1.68,43.222209,-0.051827,12,1,8.08,438.70
560494,0.00,-0.01,0.02,0.00,0.06,0.00,-1.0,0.0,183.0,42.96,1.67,43.222209,-0.051827,12,1,8.08,438.70
560800,-0.02,0.00,-0.02,0.12,-0.06,-0.12,-1.0,0.0,183.0,42.97,1.68,43.222209,-0.051827,12,1,8.08,438.70
561412,-0.00,-0.01,-0.02,-0.06,0.06,0.18,-1.0,0.0,183.0,42.97,1.68,43.222209,-0.051827,12,1,8.08,438.70
561718,-0.03,-0.02,0.00,0.00,0.06,0.06,-1.0,0.0,183.0,42.98,1.68,43.222209,-0.051827,12,1,8.08,438.70
562024,0.00,-0.01,-0.00,-0.12,0.00,-0.12,-1.0,0.0,183.0,42.98,1.68,43.222209,-0.051827,12,1,8.08,438.70
562330,0.00,0.00,-0.00,0.06,-0.12,0.06,-1.0,0.0,183.0,42.98,1.67,43.222209,-0.051827,12,1,8.08,438.70
562636,-0.02,-0.01,0.00,-0.06,0.12,-0.12,-1.0,0.0,183.0,42.99,1.67,43.222209,-0.051827,12,1,8.09,438.70
562942,-0.01,-0.03,0.00,0.12,-0.18,-0.18,-1.0,0.0,183.0,42.99,1.68,43.222209,-0.051827,12,1,8.09,438.70
563248,0.00,-0.01,0.00,0.00,-0.18,-0.12,-1.0,0.0,183.0,42.99,1.67,43.222209,-0.051827,12,1,8.09,438.70
563554,-0.00,-0.02,0.00,0.00,0.12,-0.37,-1.0,0.0,183.0,43.00,1.69,43.222209,-0.051827,12,1,8.09,438.70
564166,-0.02,-0.01,-0.00,-0.06,0.00,0.18,-1.0,0.0,183.0,43.00,1.68,43.222209,-0.051827,12,1,8.09,438.70
564472,-0.01,0.00,0.00,0.00,0.12,0.12,-1.0,0.0,183.0,43.00,1.68,43.222209,-0.051827,12,1,8.09,438.70
564778,-0.01,0.00,0.00,0.00,0.18,-0.12,-1.0,0.0,183.0,43.01,1.67,43.222209,-0.051828,12,1,8.09,438.70
565084,-0.00,0.00,-0.01,0.00,-0.18,0.12,-1.0,0.0,183.0,43.01,1.68,43.222209,-0.051828,12,1,8.09,438.70
565390,-0.00,0.00,0.00,0.00,-0.12,-0.12,-1.0,0.0,183.0,43.01,1.67,43.222209,-0.051828,12,1,8.09,438.70
565696,0.00,0.00,0.00,-0.06,-0.12,0.00,-1.0,0.0,183.0,43.02,1.68,43.222209,-0.051828,12,1,8.08,438.70
566308,-0.00,0.00,0.00,0.00,0.06,-0.18,-1.0,0.0,183.0,43.03,1.67,43.222209,-0.051828,12,1,8.08,438.70
566614,-0.01,-0.01,0.00,-0.12,-0.18,0.06,-1.0,0.0,183.0,43.03,1.66,43.222209,-0.051829,12,1,8.08,438.70
566920,-0.00,0.00,-0.01,0.00,-0.06,0.06,-1.0,0.0,183.0,43.03,1.66,43.222209,-0.051829,12,1,8.08,438.70
567226,-0.01,0.00,0.00,-0.06,0.00,0.06,-1.0,0.0,183.0,43.04,1.65,43.222209,-0.051829,12,1,8.08,438.70
567532,-0.00,-0.00,0.00,0.18,0.18,0.06,-1.0,0.0,183.0,43.04,1.65,43.222209,-0.051829,12,1,8.08,438.70
567838,-0.02,-0.00,-0.00,-0.06,-0.12,-0.18,-1.0,0.0,183.0,43.04,1.64,43.222209,-0.051829,12,1,8.08,438.70
568144,0.00,-0.00,0.00,-0.06,0.00,0.37,-1.0,0.0,183.0,43.04,1.65,43.222209,-0.051829,12,1,8.08,438.70
568450,-0.00,-0.00,-0.00,-0.06,0.06,0.18,-1.0,0.0,183.0,43.05,1.65,43.222209,-0.051829,12,1,8.08,438.70
569062,-0.00,-0.01,0.00,-0.06,-0.06,-0.06,-1.0,0.0,183.0,43.06,1.65,43.222209,-0.051829,12,1,8.08,438.60
569368,-0.00,-0.01,-0.02,-0.12,0.12,0.06,-1.0,0.0,183.0,43.06,1.66,43.222209,-0.051829,12,1,8.08,438.60
569674,-0.01,-0.00,-0.00,0.00,-0.25,-0.12,-1.0,0.0,183.0,43.06,1.65,43.222209,-0.051829,12,1,8.09,438.60
569980,-0.05,-0.03,0.00,-0.12,0.06,0.06,-1.0,0.0,183.0,43.06,1.64,43.222209,-0.051829,12,1,8.09,438.60
570286,-0.07,-0.07,-0.05,0.37,0.25,0.12,-1.0,0.0,183.0,43.07,1.64,43.222209,-0.051829,12,1,8.09,438.60
570592,0.01,0.05,0.10,-0.12,-1.68,0.06,-1.0,-0.0,183.0,43.07,1.65,43.222209,-0.051830,12,1,8.08,438.60
570898,0.11,-0.11,-1.45,-1.50,0.43,0.00,-1.0,-0.0,183.0,43.07,1.65,43.222209,-0.051830,12,1,8.08,438.60
571510,0.05,0.09,0.05,0.75,-0.18,-0.25,-0.9,0.0,183.1,43.08,1.62,43.222209,-0.051830,12,1,8.08,438.60
571816,-0.18,-0.20,-0.05,-0.31,0.75,0.06,-1.0,0.0,183.1,43.08,1.63,43.222209,-0.051830,12,1,8.08,438.60
572122,-0.05,-0.00,-0.00,0.00,0.18,0.12,-1.0,0.0,183.1,43.08,1.63,43.222209,-0.051830,12,1,8.08,438.60
572428,-0.01,0.01,-0.00,0.18,0.00,-0.25,-1.0,0.0,183.1,43.09,1.63,43.222209,-0.051830,12,1,8.08,438.60
572734,-0.13,-0.19,0.27,0.00,0.00,-0.25,-1.0,0.0,183.1,43.09,1.63,43.222209,-0.051830,12,1,8.08,438.60
573040,-0.07,-0.00,-0.09,-0.37,0.31,0.06,-1.0,0.0,183.1,43.10,1.62,43.222209,-0.051830,12,1,8.08,438.70
573346,0.01,0.07,0.00,-0.31,0.50,0.25,-0.9,0.0,183.1,43.10,1.61,43.222209,-0.051830,12,1,8.08,438.60
573652,0.03,-0.20,-0.40,0.06,0.18,-0.31,-0.9,0.0,183.1,43.10,1.62,43.222209,-0.051829,12,1,8.08,438.70
573958,-0.18,0.13,0.11,0.25,0.75,0.37,-0.9,0.0,183.1,43.11,1.61,43.222209,-0.051829,12,1,8.08,438.70
574570,0.07,0.11,0.07,0.87,-0.37,-0.18,-1.0,0.0,183.1,43.11,1.62,43.222209,-0.051829,12,1,8.08,438.70
574876,0.00,-0.00,-0.05,0.75,1.62,0.00,-1.0,0.0,183.1,43.11,1.61,43.222209,-0.051829,12,1,8.08,438.70
575182,-0.02,0.00,0.01,0.18,0.06,-0.18,-1.0,0.0,183.1,43.12,1.62,43.222209,-0.051829,12,1,8.08,438.70
575488,0.02,0.00,0.05,0.00,0.62,0.25,-1.0,0.0,183.1,43.12,1.63,43.222209,-0.051829,12,1,8.08,438.70
575794,0.11,0.15,0.00,0.37,-1.12,-0.12,-1.0,0.0,183.1,43.12,1.62,43.222209,-0.051829,12,1,8.08,438.70
576100,0.00,0.01,-0.11,0.31,-0.18,0.06,-1.0,0.0,183.1,43.13,1.63,43.222209,-0.051829,12,1,8.08,438.70
576406,-0.09,0.02,-0.10,0.56,0.62,0.00,-1.0,0.0,183.1,43.13,1.62,43.222209,-0.051829,12,1,8.08,438.70
576712,-0.01,-0.00,0.01,0.12,0.12,0.06,-1.0,0.0,183.1,43.13,1.63,43.222209,-0.051829,12,1,8.08,438.70
577018,0.01,-0.00,-0.00,-0.06,-0.31,-0.06,-1.0,0.0,183.1,43.14,1.62,43.222209,-0.051829,12,1,8.08,438.70
577630,-0.07,0.07,0.41,1.00,-0.31,0.00,-1.0,0.0,183.1,43.14,1.65,43.222209,-0.051829,12,1,8.08,438.70
577936,-0.00,-0.00,-0.05,-0.18,-0.12,-0.12,-1.0,0.0,183.1,43.15,1.65,43.222209,-0.051829,12,1,8.08,438.70
578548,-0.02,0.00,-0.09,0.18,-0.31,-0.06,-1.0,0.0,183.1,43.15,1.65,43.222209,-0.051829,12,1,8.08,438.70
578854,-0.05,0.01,0.00,0.18,0.06,0.12,-0.9,0.0,183.1,43.15,1.66,43.222209,-0.051829,12,1,8.08,438.70
579160,-0.07,-0.10,-0.19,0.37,-0.06,-0.25,-1.0,0.0,183.1,43.16,1.67,43.222209,-0.051829,12,1,8.08,438.70
579466,-0.51,-0.00,-0.54,1.18,3.56,0.37,-1.0,0.0,183.1,43.16,1.66,43.222209,-0.051829,12,1,8.08,438.70
579772,-0.10,-0.15,-0.11,0.18,-0.06,-0.06,-0.9,0.0,183.1,43.16,1.66,43.222209,-0.051829,12,1,8.08,438.70
580078,-0.09,0.02,0.09,0.37,0.00,-0.31,-0.9,0.0,183.1,43.17,1.66,43.222209,-0.051829,12,1,8.08,438.70
580690,-0.03,-0.02,0.00,0.06,-0.06,-0.06,-0.9,0.0,183.1,43.17,1.65,43.222209,-0.051828,12,1,8.08,438.70
580996,-0.02,-0.02,-0.01,0.00,-0.18,0.12,-0.9,0.0,183.1,43.18,1.65,43.222209,-0.051828,12,1,8.08,438.70
581302,-0.02,-0.01,0.00,0.00,-0.06,0.00,-0.9,0.0,183.1,43.18,1.65,43.222209,-0.051828,12,1,8.08,438.70
581608,-0.03,-0.01,0.00,-0.12,0.00,0.00,-0.9,0.0,183.1,43.18,1.66,43.222209,-0.051828,12,1,8.08,438.70
581914,-0.02,-0.02,0.00,0.06,-0.12,0.06,-0.9,0.0,183.1,43.18,1.66,43.222209,-0.051828,12,1,8.08,438.70
582220,-0.05,0.00,-0.00,0.12,-0.12,0.06,-0.9,0.0,183.1,43.19,1.67,43.222209,-0.051828,12,1,8.08,438.70
582526,-0.01,-0.03,0.00,0.00,0.06,-0.06,-0.9,0.0,183.1,43.19,1.67,43.222209,-0.051828,12,1,8.08,438.70
583138,-0.03,0.00,0.00,0.06,-0.12,0.12,-0.9,0.0,183.1,43.20,1.68,43.222209,-0.051828,12,1,8.08,438.70
583444,-0.03,-0.00,0.00,0.00,0.06,0.00,-0.9,0.0,183.1,43.20,1.68,43.222209,-0.051828,12,1,8.08,438.70
583750,-0.01,0.00,0.00,-0.12,-0.06,0.06,-0.9,0.0,183.1,43.21,1.68,43.222209,-0.051828,12,1,8.08,438.70
584056,-0.00,0.00,-0.01,0.06,0.06,-0.06,-0.9,0.0,183.1,43.21,1.68,43.222209,-0.051828,12,1,8.08,438.70
584362,-0.03,-0.01,-0.00,-0.12,-0.12,0.06,-0.9,0.0,183.1,43.21,1.67,43.222209,-0.051828,12,1,8.08,438.70
584668,-0.03,-0.01,0.00,-0.06,0.06,-0.06,-0.9,0.0,183.1,43.21,1.67,43.222209,-0.051828,12,1,8.08,438.70
584974,-0.03,-0.01,-0.00,0.00,-0.18,0.25,-0.9,0.0,183.1,43.22,1.67,43.222209,-0.051827,12,1,8.08,438.70
585280,-0.03,-0.02,0.01,0.00,0.00,-0.18,-0.9,0.0,183.1,43.22,1.66,43.222209,-0.051827,12,1,8.08,438.70
585586,-0.02,0.00,0.00,-0.06,0.06,-0.06,-0.9,0.0,183.1,43.22,1.66,43.222209,-0.051827,12,1,8.08,438.70
585892,-0.02,-0.00,0.00,0.06,0.00,-0.12,-0.9,0.0,183.1,43.23,1.66,43.222209,-0.051827,12,1,8.08,438.70
586504,-0.01,0.00,0.00,-0.12,-0.06,-0.25,-0.9,0.0,183.1,43.23,1.66,43.222209,-0.051827,12,1,8.08,438.70
586810,-0.02,0.00,0.00,-0.06,-0.06,0.00,-0.9,0.0,183.1,43.23,1.65,43.222209,-0.051827,12,1,8.08,438.70
587116,-0.03,-0.00,0.00,0.12,0.06,0.00,-0.9,0.0,183.1,43.24,1.66,43.222209,-0.051827,12,1,8.08,438.70
587422,-0.05,0.00,0.00,0.00,0.00,0.00,-0.9,0.0,183.1,43.24,1.65,43.222209,-0.051827,12,1,8.08,438.70
587728,-0.00,-0.00,-0.01,0.06,0.00,-0.06,-0.9,0.0,183.1,43.24,1.65,43.222209,-0.051827,12,1,8.08,438.70
588034,-0.03,-0.00,0.00,0.00,-0.12,0.18,-0.9,0.0,183.1,43.25,1.66,43.222209,-0.051826,12,1,8.08,438.60
588340,-0.02,-0.00,0.00,0.12,-0.06,-0.12,-0.9,0.0,183.1,43.25,1.66,43.222209,-0.051826,12,1,8.08,438.60
588952,-0.02,-0.01,-0.01,-0.18,0.12,-0.06,-0.9,0.0,183.1,43.26,1.66,43.222209,-0.051826,12,1,8.08,438.60
589258,-0.05,0.00,0.00,-0.06,0.12,-0.12,-0.9,0.0,183.1,43.26,1.66,43.222209,-0.051826,12,1,8.08,438.60
589564,-0.02,0.00,0.00,-0.12,0.00,-0.06,-0.9,0.0,183.1,43.26,1.65,43.222209,-0.051826,12,1,8.08,438.60
589870,-0.00,0.00,-0.03,-0.06,0.00,0.00,-0.9,0.0,183.1,43.26,1.65,43.222209,-0.051826,12,1,8.08,438.60
590176,-0.02,0.00,-0.00,0.00,-0.06,0.06,-0.9,0.0,183.1,43.27,1.63,43.222209,-0.051826,12,1,8.08,438.60
590788,0.02,-0.01,0.00,-0.25,-0.25,0.00,-0.9,0.0,183.1,43.28,1.62,43.222209,-0.051826,12,1,8.08,438.50
591094,-0.02,-0.01,0.00,-0.12,0.06,0.00,-0.9,0.0,183.1,43.28,1.64,43.222209,-0.051826,12,1,8.08,438.50
591400,-0.02,-0.01,0.00,0.00,0.06,-0.06,-0.9,0.0,183.1,43.28,1.65,43.222209,-0.051826,12,1,8.08,438.50
591706,-0.01,0.00,0.00,0.00,-0.12,0.06,-0.9,0.0,183.1,43.28,1.65,43.222209,-0.051826,12,1,8.08,438.50
592318,-0.03,-0.00,0.00,-0.06,0.06,0.31,-0.9,0.0,183.1,43.29,1.69,43.222209,-0.051826,12,1,8.08,438.50
592624,-0.02,0.00,-0.00,-0.12,0.06,-0.12,-0.9,0.0,183.1,43.29,1.69,43.222209,-0.051826,12,1,8.08,438.50
592930,-0.02,-0.02,0.00,0.06,0.06,-0.06,-0.9,0.0,183.1,43.29,1.69,43.222209,-0.051825,12,1,8.08,438.50
593236,-0.02,-0.02,-0.00,0.00,-0.12,0.00,-0.9,0.0,183.1,43.30,1.69,43.222209,-0.051825,12,1,8.08,438.50
593542,-0.01,0.00,0.00,0.00,0.25,0.00,-0.9,0.0,183.1,43.30,1.68,43.222209,-0.051825,12,1,8.08,438.50
593848,-0.01,-0.00,-0.00,0.12,0.06,-0.18,-0.9,0.0,183.1,43.30,1.66,43.222209,-0.051825,12,1,8.08,438.50
594154,-0.02,0.00,0.00,0.06,0.00,-0.06,-0.9,0.0,183.1,43.31,1.67,43.222209,-0.051825,12,1,8.08,438.50
594460,-0.02,-0.01,0.00,0.06,-0.18,-0.06,-0.9,0.0,183.1,43.31,1.68,43.222209,-0.051825,12,1,8.08,438.50
594766,-0.01,-0.01,0.00,0.00,-0.18,0.25,-0.9,0.0,183.1,43.31,1.68,43.222209,-0.051825,12,1,8.08,438.50
595378,-0.03,-0.01,0.00,0.00,0.12,0.12,-0.9,0.0,183.1,43.32,1.70,43.222209,-0.051825,12,1,8.08,438.50
595684,-0.03,-0.00,0.00,-0.06,-0.06,0.06,-0.9,0.0,183.1,43.32,1.69,43.222209,-0.051825,12,1,8.08,438.50
595990,-0.02,-0.00,-0.01,0.00,0.00,0.12,-0.9,0.0,183.1,43.32,1.70,43.222209,-0.051824,12,1,8.08,438.50
596296,-0.03,0.00,0.00,0.12,0.00,0.18,-0.9,0.0,183.1,43.33,1.70,43.222209,-0.051824,12,1,8.08,438.50
596602,-0.05,-0.00,-0.00,0.00,0.00,-0.12,-0.9,0.0,183.1,43.33,1.71,43.222209,-0.051824,12,1,8.08,438.50
596908,-0.02,0.00,0.00,0.00,-0.12,0.12,-0.9,0.0,183.1,43.33,1.72,43.222209,-0.051824,12,1,8.08,438.50
597214,-0.02,-0.00,0.00,0.06,0.25,-0.06,-0.9,0.0,183.1,43.34,1.71,43.222209,-0.051824,12,1,8.08,438.50
597520,-0.03,0.00,0.00,-0.12,-0.12,0.00,-0.9,0.0,183.1,43.34,1.71,43.222209,-0.051824,12,1,8.08,438.50
597826,-0.01,-0.00,0.00,-0.06,0.18,-0.12,-0.9,0.0,183.1,43.34,1.72,43.222209,-0.051824,12,1,8.08,438.50
598132,-0.02,-0.00,0.00,0.12,-0.06,-0.12,-0.9,0.0,183.1,43.35,1.71,43.222209,-0.051824,12,1,8.08,438.50
598744,-0.01,-0.01,0.00,0.06,0.06,0.00,-0.9,0.0,183.1,43.35,1.70,43.222209,-0.051824,12,1,8.08,438.50
599356,-0.03,0.00,0.00,-0.12,-0.06,0.18,-0.9,0.0,183.1,43.36,1.70,43.222209,-0.051824,12,1,8.08,438.50
599662,-0.00,0.00,-0.00,-0.12,0.06,-0.06,-0.9,0.0,183.1,43.36,1.70,43.222209,-0.051824,12,1,8.08,438.50
599968,-0.01,0.00,0.00,-0.06,0.00,0.18,-0.9,0.0,183.1,43.36,1.70,43.222209,-0.051824,12,1,8.08,438.50
600274,-0.05,-0.00,0.00,-0.06,-0.06,0.12,-0.9,0.0,183.1,43.37,1.71,43.222209,-0.051824,12,1,8.08,438.50
600886,-0.02,-0.00,0.00,0.00,-0.12,0.00,-0.9,0.0,183.1,43.37,1.69,43.222209,-0.051823,12,1,8.08,438.50
601192,-0.01,0.00,0.00,0.18,-0.18,-0.18,-0.9,0.0,183.1,43.38,1.69,43.222209,-0.051823,12,1,8.08,438.50
601498,-0.01,-0.01,-0.00,0.00,-0.06,0.06,-0.9,0.0,183.1,43.38,1.69,43.222209,-0.051823,12,1,8.08,438.60
601804,-0.02,0.00,-0.01,0.00,-0.12,0.12,-0.9,0.0,183.1,43.38,1.70,43.222209,-0.051823,12,1,8.08,438.60
602110,-0.03,-0.00,-0.00,-0.06,0.12,0.06,-0.9,0.0,183.1,43.38,1.69,43.222209,-0.051823,12,1,8.08,438.60
602416,-0.03,0.00,-0.02,0.06,0.06,0.12,-0.9,0.0,183.1,43.38,1.69,43.222209,-0.051823,12,1,8.08,438.60
602722,-0.05,-0.02,0.00,0.06,0.06,-0.06,-0.9,0.0,183.1,43.39,1.69,43.222209,-0.051823,12,1,8.08,438.60
603334,-0.01,0.00,0.00,-0.06,-0.06,0.00,-0.9,0.0,183.1,43.40,1.68,43.222209,-0.051823,12,1,8.08,438.70
603640,-0.05,-0.02,0.00,0.06,-0.06,-0.12,-0.9,0.0,183.1,43.40,1.68,43.222209,-0.051823,12,1,8.08,438.70
603946,-0.01,-0.00,0.00,0.00,-0.12,-0.12,-0.9,0.0,183.1,43.40,1.69,43.222209,-0.051822,12,1,8.08,438.70
604252,-0.05,-0.01,0.00,0.18,0.00,-0.12,-0.9,0.0,183.1,43.40,1.68,43.222209,-0.051822,12,1,8.08,438.70
604558,-0.02,0.00,0.00,0.00,0.12,0.00,-0.9,0.0,183.1,43.41,1.67,43.222209,-0.051822,12,1,8.08,438.70
604864,-0.02,0.00,-0.00,0.06,0.00,-0.12,-0.9,0.0,183.1,43.41,1.68,43.222209,-0.051822,12,1,8.08,438.70
605170,-0.03,0.00,-0.00,0.00,-0.12,0.06,-0.9,0.0,183.1,43.41,1.67,43.222209,-0.051822,12,1,8.08,438.70
605476,-0.02,0.00,0.00,0.18,0.00,-0.12,-0.9,0.0,183.1,43.41,1.66,43.222209,-0.051822,12,1,8.08,438.70
605782,-0.02,0.00,0.00,0.06,0.00,0.12,-0.9,0.0,183.1,43.42,1.67,43.222209,-0.051822,12,1,8.08,438.79
606088,-0.02,-0.01,0.00,0.12,-0.18,-0.06,-0.9,0.0,183.1,43.42,1.68,43.222209,-0.051822,12,1,8.08,438.79
606394,-0.01,0.00,0.00,0.00,-0.12,0.18,-0.9,0.0,183.1,43.42,1.69,43.222209,-0.051822,12,1,8.08,438.79
606700,-0.02,0.00,0.00,-0.12,0.00,0.12,-0.9,0.0,183.1,43.43,1.68,43.222209,-0.051822,12,1,8.08,438.79
607312,-0.03,-0.00,-0.03,0.00,0.00,0.00,-0.9,0.0,183.1,43.43,1.67,43.222209,-0.051822,12,1,8.08,438.89
607618,-0.01,-0.00,-0.00,-0.12,0.00,-0.06,-0.9,0.0,183.1,43.44,1.68,43.222209,-0.051822,12,1,8.08,438.89
607924,-0.02,0.00,-0.01,-0.06,0.06,0.12,-0.9,0.0,183.1,43.44,1.68,43.222209,-0.051822,12,1,8.08,438.89
608230,-0.05,-0.00,0.00,0.00,-0.12,0.00,-0.9,0.0,183.1,43.44,1.67,43.222209,-0.051822,12,1,8.08,438.89
608536,-0.01,0.00,0.00,-0.06,0.06,-0.06,-0.9,0.0,183.1,43.44,1.69,43.222209,-0.051822,12,1,8.08,438.89
608842,-0.03,-0.00,-0.00,0.00,-0.06,0.00,-0.9,0.0,183.1,43.45,1.69,43.222209,-0.051822,12,1,8.08,439.00
609454,-0.05,0.00,0.00,0.06,-0.06,0.06,-0.9,0.0,183.1,43.45,1.68,43.222209,-0.051821,12,1,8.08,439.00
609760,-0.02,-0.01,0.00,0.12,-0.12,0.06,-0.9,0.0,183.1,43.46,1.67,43.222209,-0.051821,12,1,8.08,439.00
610066,-0.03,-0.02,0.00,-0.06,0.00,-0.12,-0.9,0.0,183.1,43.46,1.67,43.222209,-0.051821,12,1,8.08,439.00
610372,-0.05,-0.01,0.00,0.00,-0.12,0.12,-0.9,0.0,183.1,43.46,1.67,43.222209,-0.051821,12,1,8.08,439.00
610678,-0.02,-0.02,0.00,0.12,-0.12,0.06,-0.9,0.0,183.1,43.47,1.67,43.222209,-0.051821,12,1,8.08,439.00
611290,-0.01,0.00,0.00,-0.06,0.18,0.00,-0.9,0.0,183.1,43.47,1.69,43.222209,-0.051821,12,1,8.08,439.00
611596,-0.02,0.00,-0.01,0.00,-0.25,-0.31,-0.9,0.0,183.1,43.47,1.68,43.222209,-0.051821,12,1,8.08,439.00
611902,-0.03,-0.01,0.00,-0.18,-0.06,-0.12,-0.9,0.0,183.1,43.48,1.69,43.222209,-0.051821,12,1,8.08,439.00
612208,-0.03,-0.00,0.00,-0.06,0.00,0.18,-0.9,0.0,183.1,43.48,1.70,43.222209,-0.051820,12,1,8.07,439.10
612514,-0.01,0.00,0.00,0.06,-0.06,-0.12,-0.9,0.0,183.1,43.48,1.69,43.222209,-0.051820,12,1,8.07,439.10
612820,-0.03,-0.00,0.00,0.00,-0.12,0.00,-0.9,0.0,183.1,43.48,1.67,43.222209,-0.051820,12,1,8.07,439.10
613126,-0.02,-0.00,-0.03,0.06,0.06,0.00,-0.9,0.0,183.1,43.49,1.67,43.222209,-0.051820,12,1,8.07,439.10
613432,-0.05,-0.01,0.00,0.12,-0.12,-0.06,-0.9,0.0,183.1,43.49,1.66,43.222209,-0.051820,12,1,8.07,439.10
614044,-0.05,-0.01,0.00,0.06,0.12,0.12,-0.9,0.0,183.1,43.50,1.67,43.222209,-0.051820,12,1,8.08,439.10
614350,-0.02,-0.01,0.00,0.06,0.06,0.06,-0.9,0.0,183.1,43.50,1.67,43.222209,-0.051820,12,1,8.08,439.10
614656,-0.02,-0.00,0.00,-0.06,0.06,0.00,-0.9,0.0,183.1,43.50,1.68,43.222209,-0.051820,12,1,8.08,439.10
614962,-0.02,-0.00,0.00,-0.06,0.12,-0.12,-0.9,0.0,183.1,43.50,1.68,43.222209,-0.051820,12,1,8.08,439.10
615574,-0.03,0.00,0.00,0.00,0.12,0.12,-0.9,0.0,183.1,43.51,1.65,43.222209,-0.051820,12,1,8.07,439.10
615880,-0.05,-0.00,0.01,0.12,-0.12,0.06,-0.9,0.0,183.1,43.51,1.65,43.222209,-0.051820,12,1,8.07,439.10
616186,-0.03,-0.00,0.00,-0.06,-0.18,-0.12,-0.9,0.0,183.1,43.52,1.65,43.222209,-0.051819,12,1,8.07,439.10
616492,-0.01,-0.00,-0.01,0.00,0.18,0.12,-0.9,0.0,183.1,43.52,1.67,43.222209,-0.051819,12,1,8.07,439.10
616798,-0.02,0.00,-0.00,0.00,-0.12,-0.31,-0.9,0.0,183.1,43.52,1.67,43.222209,-0.051819,12,1,8.07,439.10
617104,-0.02,0.00,0.00,0.06,-0.18,-0.12,-0.9,0.0,183.1,43.53,1.66,43.222209,-0.051819,12,1,8.08,439.10
617410,-0.03,-0.00,-0.00,0.12,0.00,0.12,-0.9,0.0,183.1,43.53,1.66,43.222209,-0.051819,12,1,8.08,439.10
617716,-0.01,0.00,0.01,0.06,-0.31,-0.06,-0.9,0.0,183.1,43.53,1.66,43.222209,-0.051819,12,1,8.08,439.10
618022,-0.02,-0.00,0.02,0.00,-0.12,0.00,-0.9,0.0,183.1,43.53,1.67,43.222209,-0.051819,12,1,8.08,439.10
618634,-0.03,-0.02,-0.00,0.06,-0.12,-0.06,-0.9,0.0,183.1,43.54,1.66,43.222209,-0.051819,12,1,8.08,439.10
618940,-0.01,-0.02,-0.00,0.00,0.25,-0.06,-0.9,0.0,183.1,43.54,1.66,43.222209,-0.051819,12,1,8.08,439.10
619246,-0.02,-0.00,-0.00,0.00,0.00,0.37,-0.9,0.0,183.1,43.54,1.66,43.222209,-0.051819,12,1,8.07,439.10
619552,-0.02,-0.01,-0.00,0.12,-0.06,-0.18,-0.9,0.0,183.1,43.55,1.66,43.222209,-0.051819,12,1,8.07,439.10
620164,-0.05,-0.00,0.00,-0.06,-0.06,-0.25,-0.9,0.0,183.1,43.55,1.66,43.222209,-0.051818,12,1,8.07,439.10
620470,-0.01,0.00,0.00,0.06,-0.12,0.06,-0.9,0.0,183.1,43.56,1.67,43.222209,-0.051818,12,1,8.07,439.10
620776,-0.00,-0.00,0.00,-0.06,0.06,-0.12,-0.9,0.0,183.1,43.56,1.66,43.222209,-0.051818,12,1,8.07,439.10
621082,-0.03,0.00,0.00,-0.06,0.06,0.00,-0.9,0.0,183.1,43.56,1.68,43.222209,-0.051818,12,1,8.08,439.10
621388,-0.01,0.00,0.00,0.06,-0.06,0.00,-0.9,0.0,183.1,43.56,1.69,43.222209,-0.051818,12,1,8.08,439.00
621694,-0.03,-0.00,-0.00,0.00,-0.12,0.18,-0.9,0.0,183.1,43.56,1.70,43.222209,-0.051818,12,1,8.08,439.00
622000,-0.02,-0.00,0.00,0.00,0.12,-0.06,-0.9,0.0,183.1,43.57,1.69,43.222209,-0.051818,12,1,8.08,439.00
622306,-0.01,-0.00,-0.00,-0.06,-0.12,0.06,-0.9,0.0,183.1,43.57,1.70,43.222209,-0.051817,12,1,8.08,439.00
622612,-0.05,-0.00,-0.00,-0.06,-0.18,0.00,-0.9,0.0,183.1,43.58,1.71,43.222209,-0.051817,12,1,8.08,439.00
622918,-0.00,0.00,0.00,0.12,0.00,-0.06,-0.9,0.0,183.1,43.58,1.71,43.222209,-0.051817,12,1,8.08,439.00
623530,-0.05,-0.02,0.01,-0.12,-0.06,0.00,-0.9,0.0,183.1,43.58,1.70,43.222209,-0.051817,12,1,8.08,438.89
623836,-0.01,-0.00,0.00,0.00,0.06,0.12,-0.9,0.0,183.1,43.59,1.70,43.222209,-0.051817,12,1,8.08,438.89
624142,-0.02,0.00,0.00,0.00,0.00,0.25,-0.9,0.0,183.1,43.59,1.70,43.222209,-0.051816,12,1,8.08,438.89
624448,-0.03,0.00,-0.00,0.12,-0.06,-0.12,-0.9,0.0,183.1,43.59,1.70,43.222209,-0.051816,12,1,8.08,438.89
624754,-0.01,0.00,-0.01,-0.06,-0.06,-0.06,-0.9,0.0,183.1,43.59,1.70,43.222209,-0.051816,12,1,8.08,438.89
625060,-0.01,-0.01,-0.00,0.06,0.00,0.00,-0.9,0.0,183.1,43.60,1.70,43.222209,-0.051816,12,1,8.08,438.89
625672,-0.01,-0.00,-0.02,-0.06,0.06,0.00,-0.9,0.0,183.1,43.60,1.69,43.222209,-0.051816,12,1,8.08,438.89
625978,-0.05,-0.01,0.00,0.12,-0.06,0.06,-0.9,0.0,183.1,43.61,1.67,43.222209,-0.051816,12,1,8.08,438.89
626284,-0.03,-0.00,0.00,-0.06,0.06,-0.18,-0.9,0.0,183.1,43.61,1.68,43.222209,-0.051815,12,1,8.08,438.89
626590,-0.01,-0.01,0.00,0.06,0.06,-0.12,-0.9,0.0,183.1,43.61,1.67,43.222209,-0.051815,12,1,8.08,438.89
626896,-0.02,-0.02,0.00,0.00,-0.25,0.00,-0.9,0.0,183.1,43.62,1.66,43.222209,-0.051815,12,1,8.08,438.89
627508,-0.01,-0.01,0.00,0.00,0.12,0.06,-0.9,0.0,183.1,43.62,1.68,43.222209,-0.051815,12,1,8.07,438.89
627814,-0.03,0.00,0.01,0.06,0.06,0.00,-0.9,0.0,183.1,43.62,1.67,43.222209,-0.051815,12,1,8.07,438.89
628120,-0.02,-0.02,-0.00,0.12,0.00,-0.37,-0.9,0.0,183.1,43.62,1.66,43.222209,-0.051815,12,1,8.07,438.89
628426,-0.00,-0.01,0.00,0.00,0.12,0.12,-0.9,0.0,183.1,43.63,1.65,43.222209,-0.051814,12,1,8.08,438.89
628732,-0.01,-0.01,0.02,0.06,0.12,-0.12,-0.9,0.0,183.1,43.63,1.64,43.222209,-0.051814,12,1,8.08,438.89
629038,-0.02,-0.01,0.00,0.06,0.06,0.00,-0.9,0.0,183.1,43.63,1.65,43.222209,-0.051814,12,1,8.08,438.89
629344,-0.00,0.00,0.00,0.00,0.06,-0.06,-0.9,0.0,183.1,43.64,1.65,43.222209,-0.051814,12,1,8.08,438.89
629650,-0.03,0.00,0.01,0.00,0.18,0.37,-0.9,0.0,183.1,43.64,1.65,43.222209,-0.051814,12,1,8.08,438.89
630262,-0.02,-0.01,0.00,-0.18,0.00,0.18,-0.9,0.0,183.1,43.64,1.65,43.222209,-0.051813,12,1,8.08,438.89
630568,-0.03,-0.00,-0.02,0.00,0.06,-0.12,-0.9,0.0,183.1,43.65,1.65,43.222209,-0.051813,12,1,8.08,439.00
630874,-0.03,0.00,-0.00,-0.06,0.12,0.00,-0.9,0.0,183.1,43.65,1.65,43.222209,-0.051813,12,1,8.08,439.00
631180,-0.02,-0.00,0.00,0.25,-0.18,-0.06,-0.9,0.0,183.1,43.65,1.64,43.222209,-0.051813,12,1,8.07,439.00
631486,-0.01,-0.00,0.00,0.06,0.00,0.00,-0.9,0.0,183.1,43.66,1.64,43.222209,-0.051813,12,1,8.07,439.00
632098,-0.03,-0.02,0.00,0.06,-0.12,0.06,-0.9,0.0,183.1,43.66,1.64,43.222209,-0.051813,12,1,8.07,439.10
632404,-0.02,-0.01,0.00,-0.06,-0.06,0.00,-0.9,0.0,183.1,43.66,1.65,43.222209,-0.051812,12,1,8.08,439.10
632710,-0.03,0.00,0.00,0.06,0.00,-0.06,-0.9,0.0,183.1,43.67,1.66,43.222209,-0.051812,12,1,8.08,439.10
633016,-0.01,-0.01,0.00,0.12,-0.12,0.25,-0.9,0.0,183.1,43.67,1.66,43.222209,-0.051812,12,1,8.08,439.10
633322,0.00,-0.02,0.00,0.06,-0.12,-0.06,-0.9,0.0,183.1,43.67,1.66,43.222209,-0.051811,12,1,8.07,439.10
633628,-0.03,-0.00,0.00,0.00,0.00,-0.18,-0.9,0.0,183.1,43.67,1.67,43.222209,-0.051811,12,1,8.07,439.10
634240,-0.01,-0.00,0.00,0.12,0.00,0.18,-0.9,0.0,183.1,43.68,1.66,43.222209,-0.051811,12,1,8.07,439.10
634546,-0.02,-0.00,0.00,-0.06,0.18,0.18,-0.9,0.0,183.1,43.68,1.66,43.222209,-0.051811,12,1,8.07,439.10
634852,-0.03,0.00,-0.00,0.06,0.00,0.00,-0.9,0.0,183.1,43.68,1.66,43.222209,-0.051811,12,1,8.07,439.10
635158,-0.01,-0.01,0.00,0.06,0.12,-0.06,-0.9,0.0,183.1,43.69,1.67,43.222209,-0.051811,12,1,8.07,439.10
635770,-0.05,-0.01,0.00,0.00,0.18,-0.25,-0.9,0.0,183.1,43.69,1.66,43.222209,-0.051810,12,1,8.07,439.20
636076,-0.02,-0.01,0.00,0.06,0.06,-0.06,-0.9,0.0,183.1,43.70,1.67,43.222209,-0.051810,12,1,8.07,439.10
636382,-0.02,0.00,0.00,-0.06,-0.25,0.12,-0.9,0.0,183.1,43.70,1.67,43.222209,-0.051810,12,1,8.08,439.10
636688,-0.02,0.00,0.00,-0.06,-0.12,0.00,-0.9,0.0,183.1,43.70,1.68,43.222209,-0.051810,12,1,8.08,439.20
636994,-0.05,-0.01,-0.02,0.00,-0.06,0.00,-0.9,0.0,183.1,43.71,1.69,43.222209,-0.051810,12,1,8.08,439.20
637300,-0.01,-0.00,0.00,0.00,-0.06,-0.06,-0.9,0.0,183.1,43.71,1.70,43.222209,-0.051809,12,1,8.08,439.20
637606,-0.03,-0.00,0.02,0.00,-0.18,-0.06,-0.9,0.0,183.1,43.71,1.69,43.222209,-0.051809,12,1,8.08,439.20
637912,-0.03,-0.01,0.00,0.06,0.06,0.12,-0.9,0.0,183.1,43.71,1.70,43.222209,-0.051809,12,1,8.08,439.20
638218,-0.02,-0.01,-0.00,0.06,-0.06,-0.12,-0.9,0.0,183.1,43.71,1.70,43.222209,-0.051809,12,1,8.08,439.20
638524,-0.03,0.00,0.01,0.00,-0.06,-0.18,-0.9,0.0,183.1,43.72,1.69,43.222209,-0.051809,12,1,8.08,439.20
638830,-0.00,-0.00,-0.00,0.00,0.25,0.06,-0.9,0.0,183.1,43.72,1.70,43.222209,-0.051809,12,1,8.08,439.20
639136,-0.02,-0.00,-0.00,-0.12,-0.06,0.18,-0.9,0.0,183.1,43.72,1.72,43.222209,-0.051809,12,1,8.08,439.20
639748,-0.02,-0.01,-0.01,0.00,0.12,-0.06,-0.9,0.0,183.1,43.73,1.71,43.222209,-0.051808,12,1,8.08,439.20
640054,-0.03,-0.01,-0.02,0.18,-0.12,0.06,-0.9,0.0,183.1,43.73,1.72,43.222209,-0.051808,12,1,8.08,439.20
640360,-0.01,-0.00,0.00,0.00,-0.12,-0.18,-0.9,0.0,183.1,43.73,1.72,43.222209,-0.051808,12,1,8.08,439.20
640666,-0.02,-0.00,0.00,0.00,-0.12,0.18,-0.9,0.0,183.1,43.74,1.71,43.222209,-0.051808,12,1,8.08,439.20
640972,-0.05,0.00,0.00,-0.06,-0.06,0.18,-0.9,0.0,183.1,43.74,1.70,43.222209,-0.051808,12,1,8.08,439.20
641278,-0.02,-0.01,0.00,0.00,-0.18,0.25,-0.9,0.0,183.1,43.74,1.69,43.222209,-0.051807,12,1,8.07,439.20
641584,-0.01,0.00,0.03,-0.06,-0.12,0.06,-0.9,0.0,183.1,43.74,1.69,43.222209,-0.051807,12,1,8.07,439.20
642196,-0.05,-0.00,-0.01,0.06,0.06,0.00,-0.9,0.0,183.1,43.75,1.69,43.222209,-0.051807,12,1,8.07,439.20
642502,-0.02,-0.02,0.00,-0.12,0.06,0.00,-0.9,0.0,183.1,43.75,1.70,43.222209,-0.051807,12,1,8.08,439.20
642808,-0.02,0.00,0.00,0.12,0.06,-0.06,-0.9,0.0,183.1,43.76,1.69,43.222209,-0.051807,12,1,8.08,439.29
643114,-0.02,0.00,0.00,-0.12,0.06,0.12,-0.9,0.0,183.1,43.76,1.71,43.222209,-0.051807,12,1,8.08,439.29
643420,-0.02,0.00,0.00,0.06,-0.06,-0.25,-0.9,0.0,183.1,43.76,1.71,43.222209,-0.051807,12,1,8.07,439.29
643726,-0.03,0.00,0.00,0.00,0.31,-0.06,-0.9,0.0,183.1,43.76,1.71,43.222209,-0.051807,12,1,8.07,439.29
644338,-0.01,-0.02,0.00,-0.18,-0.18,0.00,-0.9,0.0,183.1,43.77,1.72,43.222209,-0.051807,12,1,8.08,439.20
644644,-0.00,-0.01,0.01,0.06,0.06,0.06,-0.9,0.0,183.1,43.77,1.72,43.222209,-0.051807,12,1,8.08,439.29
644950,-0.01,0.00,0.00,0.00,0.00,-0.12,-0.9,0.0,183.1,43.77,1.73,43.222209,-0.051807,12,1,8.08,439.29
645256,-0.02,-0.00,0.00,0.06,0.06,-0.06,-0.9,0.0,183.1,43.78,1.74,43.222209,-0.051807,12,1,8.08,439.29
645562,-0.01,-0.00,-0.00,-0.06,-0.18,0.06,-0.9,0.0,183.1,43.78,1.75,43.222209,-0.051806,12,1,8.07,439.29
645868,-0.03,0.00,-0.01,0.00,0.12,-0.06,-0.9,0.0,183.1,43.78,1.73,43.222209,-0.051806,12,1,8.07,439.29
646174,-0.02,-0.02,-0.03,0.12,0.06,0.06,-0.9,0.0,183.1,43.79,1.72,43.222209,-0.051806,12,1,8.07,439.29
646480,-0.02,-0.00,0.00,0.18,0.06,-0.06,-0.9,0.0,183.1,43.79,1.72,43.222209,-0.051807,12,1,8.07,439.20
647092,-0.05,-0.00,0.01,0.12,0.18,-0.18,-0.9,0.0,183.1,43.79,1.72,43.222209,-0.051807,12,1,8.07,439.20
647398,-0.01,-0.01,0.01,-0.12,0.00,-0.12,-0.9,0.0,183.1,43.80,1.72,43.222209,-0.051807,12,1,8.07,439.20
647704,-0.02,0.00,-0.02,0.00,0.00,-0.12,-0.9,0.0,183.1,43.80,1.73,43.222209,-0.051807,12,1,8.07,439.20
648010,-0.05,-0.02,0.00,0.12,-0.25,0.12,-0.9,0.0,183.1,43.80,1.75,43.222209,-0.051807,12,1,8.07,439.20
648316,-0.01,0.01,-0.00,0.00,0.25,0.00,-0.9,0.0,183.1,43.80,1.73,43.222209,-0.051807,12,1,8.07,439.20
648928,-0.05,0.00,-0.00,0.00,-0.18,0.18,-0.9,0.0,183.1,43.81,1.74,43.222209,-0.051807,12,1,8.07,439.20
649234,-0.02,-0.00,0.00,0.00,0.00,0.12,-0.9,0.0,183.1,43.81,1.74,43.222209,-0.051807,12,1,8.07,439.20
649540,-0.01,-0.01,0.00,0.12,0.12,-0.12,-0.9,0.0,183.1,43.81,1.73,43.222209,-0.051807,12,1,8.08,439.20
649846,-0.03,-0.00,0.00,0.06,-0.12,-0.18,-0.9,0.0,183.1,43.82,1.73,43.222209,-0.051807,12,1,8.08,439.20
650152,-0.03,-0.00,0.01,0.00,-0.12,0.06,-0.9,0.0,183.1,43.82,1.73,43.222209,-0.051807,12,1,8.08,439.20
650458,-0.00,-0.00,0.01,-0.06,-0.06,0.06,-0.9,0.0,183.1,43.82,1.74,43.222209,-0.051807,12,1,8.07,439.20
650764,-0.03,-0.01,0.02,-0.06,0.06,0.06,-0.9,0.0,183.1,43.83,1.76,43.222209,-0.051807,12,1,8.07,439.20
651070,-0.02,-0.00,0.01,-0.06,-0.06,0.00,-0.9,0.0,183.1,43.83,1.74,43.222209,-0.051807,12,1,8.07,439.20
651376,-0.02,-0.00,-0.01,0.06,0.00,0.00,-0.9,0.0,183.1,43.83,1.74,43.222209,-0.051807,12,1,8.07,439.20
652294,-0.01,-0.02,0.00,0.06,0.12,0.06,-0.9,0.0,183.1,43.84,1.73,43.222209,-0.051807,12,1,8.07,439.20
652906,-0.05,-0.01,0.00,0.06,0.12,0.00,-0.9,0.0,183.1,43.84,1.73,43.222209,-0.051807,12,1,8.07,439.20
653212,-0.01,-0.00,0.01,0.00,-0.06,0.06,-0.9,0.0,183.1,43.85,1.73,43.222209,-0.051807,12,1,8.07,439.20
653518,-0.02,-0.00,0.00,0.06,-0.06,0.06,-0.9,0.0,183.1,43.85,1.72,43.222209,-0.051807,12,1,8.07,439.20
653824,-0.05,-0.01,-0.00,0.06,0.12,-0.12,-0.9,0.0,183.1,43.85,1.71,43.222209,-0.051807,12,1,8.07,439.20
654130,-0.03,-0.01,-0.00,0.00,-0.12,-0.12,-0.9,0.0,183.1,43.85,1.70,43.222209,-0.051807,12,1,8.07,439.20
654742,-0.01,-0.01,-0.01,0.12,-0.12,0.06,-0.9,0.0,183.1,43.86,1.68,43.222209,-0.051807,12,1,8.07,439.20
655048,-0.02,-0.00,0.00,-0.06,0.00,0.00,-0.9,0.0,183.1,43.86,1.67,43.222209,-0.051807,12,1,8.07,439.20
655354,-0.03,-0.02,0.00,-0.06,0.00,0.18,-0.9,0.0,183.1,43.87,1.69,43.222209,-0.051807,12,1,8.07,439.20
655660,-0.03,-0.01,0.00,-0.12,0.00,-0.06,-0.9,0.0,183.1,43.87,1.69,43.222209,-0.051807,12,1,8.07,439.20
655966,-0.03,-0.02,0.00,-0.06,0.00,0.12,-0.9,0.0,183.1,43.87,1.70,43.222209,-0.051807,12,1,8.07,439.20
656578,-0.01,-0.00,-0.00,0.12,-0.12,0.06,-0.9,0.0,183.1,43.87,1.72,43.222209,-0.051807,12,1,8.07,439.20
656884,-0.02,0.00,0.00,0.00,0.12,-0.12,-0.9,0.0,183.1,43.88,1.73,43.222209,-0.051807,12,1,8.07,439.20
657190,-0.02,-0.01,0.00,0.06,0.12,0.06,-0.9,0.0,183.1,43.88,1.72,43.222209,-0.051807,12,1,8.07,439.20
657496,-0.01,-0.00,-0.00,0.00,-0.06,-0.12,-0.9,0.0,183.1,43.88,1.72,43.222209,-0.051807,12,1,8.07,439.20
657802,-0.00,-0.00,0.00,-0.12,0.06,-0.12,-0.9,0.0,183.1,43.89,1.72,43.222209,-0.051807,12,1,8.07,439.20
658108,-0.03,-0.00,-0.01,0.12,-0.18,-0.12,-0.9,0.0,183.1,43.89,1.71,43.222209,-0.051807,12,1,8.07,439.20
658414,-0.03,-0.00,-0.00,-0.12,0.12,0.06,-0.9,0.0,183.1,43.89,1.70,43.222209,-0.051807,12,1,8.07,439.20
658720,-0.00,0.00,0.00,-0.12,0.06,0.06,-0.9,0.0,183.1,43.89,1.70,43.222209,-0.051807,12,1,8.07,439.20
659026,-0.01,-0.00,-0.00,-0.06,-0.31,0.00,-0.9,0.0,183.1,43.90,1.70,43.222209,-0.051807,12,1,8.07,439.20
659332,-0.03,-0.00,0.00,-0.12,-0.06,0.00,-0.9,0.0,183.1,43.90,1.70,43.222209,-0.051807,12,1,8.07,439.20
659944,-0.02,-0.00,-0.01,0.06,0.06,-0.12,-0.9,0.0,183.1,43.90,1.69,43.222209,-0.051807,12,1,8.08,439.20
660250,-0.01,-0.01,0.02,0.18,-0.06,0.06,-0.9,0.0,183.1,43.90,1.69,43.222209,-0.051807,12,1,8.08,439.20
660556,-0.03,-0.00,0.00,0.06,0.00,-0.18,-0.9,0.0,183.1,43.91,1.69,43.222209,-0.051807,12,1,8.07,439.20
660862,-0.03,-0.00,0.00,-0.12,0.00,0.06,-0.9,0.0,183.1,43.91,1.68,43.222209,-0.051807,12,1,8.07,439.20
661168,-0.00,-0.02,0.01,-0.18,-0.06,-0.06,-0.9,0.0,183.1,43.91,1.67,43.222209,-0.051807,12,1,8.07,439.20
661780,-0.02,-0.02,0.00,0.00,-0.12,-0.12,-0.9,0.0,183.1,43.92,1.68,43.222209,-0.051807,12,1,8.07,439.20
662086,-0.02,-0.01,0.00,0.00,0.00,-0.12,-0.9,0.0,183.1,43.92,1.68,43.222209,-0.051807,12,1,8.07,439.20
662392,-0.02,-0.02,0.00,-0.06,-0.06,0.18,-0.9,0.0,183.1,43.92,1.68,43.222209,-0.051807,12,1,8.07,439.20
662698,-0.03,-0.01,0.00,0.06,-0.12,0.18,-0.9,0.0,183.1,43.92,1.68,43.222209,-0.051807,12,1,8.07,439.20
663004,-0.02,-0.02,0.00,-0.06,0.12,0.00,-0.9,0.0,183.1,43.93,1.69,43.222209,-0.051807,12,1,8.07,439.20
663616,-0.03,-0.01,0.02,0.06,-0.12,0.12,-0.9,0.0,183.1,43.93,1.69,43.222209,-0.051807,12,1,8.07,439.20
663922,-0.03,0.00,-0.01,-0.06,0.12,0.12,-0.9,0.0,183.1,43.94,1.68,43.222209,-0.051807,12,1,8.07,439.20
664228,-0.03,-0.02,0.01,0.00,-0.12,0.06,-0.9,0.0,183.1,43.94,1.68,43.222209,-0.051807,12,1,8.07,439.20
664534,-0.03,0.00,0.01,0.00,-0.12,-0.18,-0.9,0.0,183.1,43.94,1.68,43.222209,-0.051807,12,1,8.08,439.20
664840,-0.01,-0.00,-0.00,0.00,0.00,0.06,-0.9,0.0,183.1,43.94,1.68,43.222209,-0.051807,12,1,8.08,439.20
665146,-0.03,0.00,0.01,0.12,-0.06,0.25,-0.9,0.0,183.1,43.94,1.68,43.222209,-0.051807,12,1,8.08,439.20
665452,-0.00,-0.00,-0.01,-0.12,0.00,0.12,-0.9,0.0,183.1,43.95,1.67,43.222209,-0.051807,12,1,8.08,439.20
665758,-0.03,0.00,-0.02,-0.12,-0.06,-0.06,-0.9,0.0,183.1,43.95,1.67,43.222209,-0.051807,12,1,8.07,439.20
666064,-0.03,0.00,0.00,0.00,0.06,0.25,-0.9,0.0,183.1,43.95,1.68,43.222209,-0.051807,12,1,8.07,439.20
666676,-0.02,-0.00,0.00,0.00,0.06,0.00,-0.9,0.0,183.1,43.96,1.70,43.222209,-0.051807,12,1,8.07,439.20
666982,-0.01,0.00,0.00,0.00,0.06,-0.18,-0.9,0.0,183.1,43.96,1.69,43.222209,-0.051807,12,1,8.07,439.20
667288,-0.03,-0.00,0.00,0.00,-0.06,0.00,-0.9,0.0,183.1,43.96,1.69,43.222209,-0.051807,12,1,8.07,439.20
667594,-0.02,-0.01,0.00,-0.12,0.12,0.12,-0.9,0.0,183.1,43.96,1.68,43.222209,-0.051807,12,1,8.07,439.20
667900,-0.02,0.00,0.00,0.06,0.12,-0.12,-0.9,0.0,183.1,43.97,1.69,43.222209,-0.051807,12,1,8.07,439.20
668512,-0.03,0.00,0.00,0.00,0.18,0.00,-0.9,0.0,183.1,43.97,1.68,43.222209,-0.051807,12,1,8.07,439.20
668818,-0.02,-0.00,-0.01,0.00,-0.06,-0.06,-0.9,0.0,183.1,43.97,1.68,43.222209,-0.051807,12,1,8.06,439.20
669124,-0.03,-0.01,-0.00,0.06,0.18,0.18,-0.9,0.0,183.1,43.98,1.68,43.222209,-0.051807,12,1,8.06,439.20
669430,-0.03,-0.00,-0.02,0.12,0.12,0.00,-0.9,0.0,183.1,43.98,1.68,43.222209,-0.051807,12,1,8.06,439.20
669736,-0.03,0.00,0.00,-0.06,0.12,0.18,-0.9,0.0,183.1,43.98,1.68,43.222209,-0.051807,12,1,8.07,439.20
670042,-0.01,-0.01,0.00,-0.06,0.00,-0.06,-0.9,0.0,183.1,43.99,1.67,43.222209,-0.051807,12,1,8.07,439.20
670654,-0.02,0.00,0.00,-0.06,-0.06,-0.06,-0.9,0.0,183.1,43.99,1.67,43.222209,-0.051807,12,1,8.07,439.20
670960,-0.02,-0.05,0.00,-0.12,0.06,0.00,-0.9,0.0,183.1,43.99,1.66,43.222209,-0.051807,12,1,8.07,439.20
671266,-0.01,-0.00,0.00,0.00,0.00,0.06,-0.9,0.0,183.1,43.99,1.66,43.222209,-0.051807,12,1,8.07,439.20
671572,-0.02,-0.00,-0.00,0.00,-0.06,0.06,-0.9,0.0,183.1,44.00,1.66,43.222209,-0.051807,12,1,8.07,439.20
671878,-0.00,-0.00,0.00,-0.06,0.06,0.12,-0.9,0.0,183.1,44.00,1.66,43.222209,-0.051807,12,1,8.07,439.20
672490,-0.03,-0.01,0.00,0.06,-0.06,0.00,-0.9,0.0,183.1,44.01,1.65,43.222209,-0.051807,12,1,8.07,439.20
672796,-0.01,0.00,0.00,0.12,0.12,0.06,-0.9,0.0,183.1,44.01,1.66,43.222209,-0.051807,12,1,8.07,439.20
673102,-0.05,-0.01,0.00,0.00,0.18,-0.12,-0.9,0.0,183.1,44.01,1.68,43.222209,-0.051807,12,1,8.07,439.20
673408,-0.02,-0.00,0.01,0.00,-0.12,0.06,-0.9,0.0,183.1,44.01,1.67,43.222209,-0.051807,12,1,8.07,439.20
674020,-0.02,0.00,0.00,0.06,0.06,0.00,-0.9,0.0,183.1,44.02,1.68,43.222209,-0.051807,12,1,8.07,439.10
674326,0.00,-0.00,0.00,-0.06,-0.12,-0.06,-0.9,0.0,183.1,44.02,1.68,43.222209,-0.051807,12,1,8.07,439.10
674632,-0.02,-0.00,-0.00,0.00,0.12,0.06,-0.9,0.0,183.1,44.02,1.69,43.222209,-0.051808,12,1,8.07,439.10
674938,-0.03,-0.01,0.00,-0.06,0.12,0.00,-0.9,0.0,183.1,44.02,1.69,43.222209,-0.051808,12,1,8.07,439.20
675244,-0.01,-0.01,0.00,0.00,0.12,0.31,-0.9,0.0,183.1,44.03,1.68,43.222209,-0.051808,12,1,8.07,439.20
675550,-0.05,-0.01,-0.00,0.00,0.06,0.06,-0.9,0.0,183.1,44.03,1.70,43.222209,-0.051808,12,1,8.07,439.20
675856,-0.01,-0.00,-0.01,0.00,0.00,-0.06,-0.9,0.0,183.1,44.03,1.70,43.222209,-0.051808,12,1,8.07,439.20
676162,-0.03,-0.01,0.00,-0.06,0.06,0.06,-0.9,0.0,183.1,44.03,1.70,43.222209,-0.051808,12,1,8.07,439.20
676774,-0.02,-0.01,0.00,-0.12,0.25,-0.12,-0.9,0.0,183.1,44.04,1.71,43.222209,-0.051808,12,1,8.07,439.20
677080,-0.02,-0.01,-0.01,-0.06,0.06,0.12,-0.9,0.0,183.1,44.04,1.71,43.222209,-0.051808,12,1,8.07,439.20
677386,-0.03,-0.00,-0.02,-0.06,0.06,-0.06,-0.9,0.0,183.1,44.04,1.73,43.222209,-0.051808,12,1,8.07,439.20
677692,-0.05,0.00,0.00,0.00,0.12,0.06,-0.9,0.0,183.1,44.05,1.72,43.222209,-0.051808,12,1,8.07,439.20
678304,-0.00,-0.00,-0.00,0.06,-0.06,-0.12,-0.9,0.0,183.1,44.05,1.71,43.222209,-0.051808,12,1,8.07,439.20
678610,-0.02,0.00,0.00,0.00,-0.06,0.00,-0.9,0.0,183.1,44.05,1.71,43.222209,-0.051808,12,1,8.07,439.20
678916,-0.05,-0.00,0.00,0.06,-0.12,0.12,-0.9,0.0,183.1,44.06,1.69,43.222209,-0.051809,12,1,8.07,439.20
679222,-0.01,0.00,0.00,-0.12,-0.12,-0.06,-0.9,0.0,183.1,44.06,1.71,43.222209,-0.051809,12,1,8.07,439.20
679528,-0.02,-0.01,0.01,-0.06,0.06,-0.06,-0.9,0.0,183.1,44.06,1.70,43.222209,-0.051809,12,1,8.07,439.20
679834,-0.01,-0.02,0.00,-0.06,-0.06,0.18,-0.9,0.0,183.1,44.07,1.70,43.222209,-0.051809,12,1,8.07,439.20
680140,-0.03,-0.00,-0.00,0.06,0.00,-0.12,-0.9,0.0,183.1,44.07,1.70,43.222209,-0.051809,12,1,8.07,439.20
680752,-0.02,0.00,0.00,-0.06,-0.12,0.06,-0.9,0.0,183.1,44.07,1.72,43.222209,-0.051809,12,1,8.07,439.20
681058,-0.00,-0.01,0.00,0.00,0.00,-0.12,-0.9,0.0,183.1,44.07,1.72,43.222209,-0.051809,12,1,8.07,439.20
681364,-0.03,0.00,0.00,0.00,-0.18,-0.12,-0.9,0.0,183.1,44.08,1.72,43.222209,-0.051809,12,1,8.07,439.20
681670,-0.02,-0.00,-0.02,0.06,-0.12,0.25,-0.9,0.0,183.1,44.08,1.73,43.222209,-0.051809,12,1,8.07,439.20
681976,-0.03,0.00,0.00,0.00,-0.06,0.00,-0.9,0.0,183.1,44.08,1.72,43.222209,-0.051809,12,1,8.07,439.20
682282,-0.02,-0.00,-0.00,0.06,0.12,0.06,-0.9,0.0,183.1,44.08,1.72,43.222209,-0.051809,12,1,8.07,439.20
682588,-0.02,-0.01,0.00,-0.06,0.06,-0.18,-0.9,0.0,183.1,44.09,1.70,43.222209,-0.051809,12,1,8.07,439.20
682894,-0.02,0.00,0.00,0.06,0.00,-0.06,-0.9,0.0,183.1,44.09,1.70,43.222209,-0.051810,12,1,8.07,439.20
683200,-0.03,-0.01,0.00,-0.12,0.18,-0.25,-0.9,0.0,183.1,44.09,1.70,43.222209,-0.051810,12,1,8.07,439.20
683506,-0.01,-0.00,0.00,-0.06,-0.06,0.00,-0.9,0.0,183.1,44.09,1.69,43.222209,-0.051810,12,1,8.07,439.20
683812,-0.00,0.00,0.01,-0.06,0.12,0.06,-0.9,0.0,183.1,44.10,1.69,43.222209,-0.051810,12,1,8.07,439.20
684424,-0.01,-0.00,0.00,-0.12,0.12,-0.06,-0.9,0.0,183.1,44.10,1.67,43.222209,-0.051810,12,1,8.07,439.20
684730,-0.01,-0.00,0.00,0.06,0.25,0.00,-0.9,0.0,183.1,44.10,1.67,43.222209,-0.051810,12,1,8.07,439.20
685036,-0.02,-0.01,0.01,0.00,0.12,0.18,-0.9,0.0,183.1,44.11,1.66,43.222209,-0.051810,12,1,8.07,439.10
685342,-0.03,0.00,0.02,0.00,0.18,-0.06,-0.9,0.0,183.1,44.11,1.67,43.222209,-0.051810,12,1,8.07,439.10
685648,-0.03,-0.00,0.00,0.00,-0.06,0.25,-0.9,0.0,183.1,44.11,1.68,43.222209,-0.051810,12,1,8.07,439.10
686260,-0.02,0.00,-0.00,0.00,0.12,0.31,-0.9,0.0,183.1,44.12,1.66,43.222209,-0.051811,12,1,8.06,439.10
686566,-0.02,0.00,-0.01,0.06,-0.12,-0.12,-0.9,0.0,183.1,44.12,1.64,43.222209,-0.051811,12,1,8.06,439.10
686872,-0.01,-0.01,0.01,0.00,-0.12,0.06,-0.9,0.0,183.1,44.12,1.63,43.222209,-0.051811,12,1,8.07,439.10
687178,-0.03,-0.00,-0.00,0.12,0.12,-0.06,-0.9,0.0,183.1,44.12,1.64,43.222209,-0.051811,12,1,8.07,439.10
687484,-0.03,0.00,0.00,0.06,0.06,-0.12,-0.9,0.0,183.1,44.12,1.63,43.222209,-0.051811,12,1,8.07,439.10
687790,-0.03,0.00,0.00,-0.06,0.00,0.06,-0.9,0.0,183.1,44.13,1.63,43.222209,-0.051811,12,1,8.07,439.10
688096,-0.02,0.00,0.00,-0.06,0.12,-0.12,-0.9,0.0,183.1,44.13,1.63,43.222209,-0.051811,12,1,8.07,439.10
688402,-0.03,0.00,0.02,0.06,0.00,0.12,-0.9,0.0,183.1,44.13,1.63,43.222209,-0.051811,12,1,8.07,439.10
689014,-0.05,0.00,-0.00,0.06,0.18,0.06,-0.9,0.0,183.1,44.14,1.63,43.222209,-0.051811,12,1,8.07,439.10
689320,-0.03,-0.02,0.00,0.06,-0.18,0.00,-0.9,0.0,183.1,44.14,1.63,43.222209,-0.051811,12,1,8.07,439.10
689626,-0.03,-0.00,-0.00,0.06,-0.06,0.12,-0.9,0.0,183.1,44.14,1.64,43.222209,-0.051811,12,1,8.07,439.10
689932,-0.03,-0.01,0.00,0.00,-0.06,-0.06,-0.9,0.0,183.1,44.14,1.64,43.222209,-0.051811,12,1,8.07,439.10
690238,-0.03,-0.00,0.00,-0.06,-0.12,-0.06,-0.9,0.0,183.1,44.15,1.64,43.222209,-0.051811,12,1,8.07,439.10
690544,-0.02,0.00,0.00,0.00,0.06,-0.18,-0.9,0.0,183.1,44.15,1.64,43.222209,-0.051811,12,1,8.07,439.10
691156,-0.00,-0.01,0.00,0.00,-0.06,0.00,-0.9,0.0,183.1,44.15,1.63,43.222209,-0.051812,12,1,8.07,439.10
691462,-0.05,0.00,-0.00,0.12,0.06,0.18,-0.9,0.0,183.1,44.16,1.62,43.222209,-0.051812,12,1,8.07,439.10
691768,-0.05,-0.00,-0.01,0.06,0.12,-0.06,-0.9,0.0,183.1,44.16,1.61,43.222209,-0.051812,12,1,8.07,439.10
692074,-0.03,-0.01,0.00,0.06,0.06,-0.12,-0.9,0.0,183.1,44.16,1.60,43.222209,-0.051812,12,1,8.07,439.10
692380,-0.03,-0.01,-0.00,0.06,-0.06,-0.12,-0.9,0.0,183.1,44.16,1.60,43.222209,-0.051812,12,1,8.07,439.10
692686,-0.01,0.01,0.00,-0.06,0.12,-0.25,-0.9,0.0,183.1,44.17,1.60,43.222209,-0.051812,12,1,8.07,439.10
693298,-0.05,-0.01,0.00,0.12,-0.12,-0.12,-0.9,0.0,183.1,44.17,1.60,43.222209,-0.051812,12,1,8.07,439.10
693604,-0.03,-0.01,0.02,0.06,0.00,0.00,-0.9,0.0,183.1,44.17,1.61,43.222209,-0.051812,12,1,8.07,439.10
693910,-0.01,0.00,0.01,-0.12,-0.06,-0.12,-0.9,0.0,183.1,44.18,1.61,43.222209,-0.051812,12,1,8.07,439.10
694216,-0.02,-0.01,0.00,0.00,-0.06,0.00,-0.9,0.0,183.1,44.18,1.62,43.222209,-0.051812,12,1,8.07,439.10
694522,-0.05,-0.01,-0.00,0.00,0.12,0.00,-0.9,0.0,183.1,44.18,1.63,43.222209,-0.051812,12,1,8.07,439.10
694828,-0.02,0.00,0.01,0.00,-0.06,-0.12,-0.9,0.0,183.1,44.18,1.63,43.222209,-0.051812,12,1,8.07,439.10
695134,-0.02,-0.01,-0.01,-0.06,0.06,0.00,-0.9,0.0,183.1,44.19,1.63,43.222209,-0.051812,12,1,8.07,439.10
695440,-0.05,-0.02,0.00,0.12,-0.12,0.00,-0.9,0.0,183.1,44.19,1.63,43.222209,-0.051812,12,1,8.07,439.10
696052,-0.01,-0.00,0.00,-0.06,0.00,-0.25,-0.9,0.0,183.1,44.19,1.65,43.222209,-0.051812,12,1,8.07,439.00
696358,-0.02,-0.01,0.00,-0.06,0.00,0.12,-0.9,0.0,183.1,44.20,1.64,43.222209,-0.051812,12,1,8.07,439.00
696664,-0.02,-0.02,0.00,-0.06,0.06,-0.06,-0.9,0.0,183.1,44.20,1.64,43.222209,-0.051812,12,1,8.07,439.00
697276,-0.02,-0.00,0.00,0.00,0.00,0.06,-0.9,0.0,183.1,44.20,1.63,43.222209,-0.051812,12,1,8.07,439.00
697582,-0.02,-0.01,-0.01,0.00,-0.06,-0.12,-0.9,0.0,183.1,44.21,1.62,43.222209,-0.051812,12,1,8.07,439.00
697888,-0.02,-0.01,-0.02,-0.06,-0.06,0.00,-0.9,0.0,183.1,44.21,1.63,43.222209,-0.051812,12,1,8.07,439.00
698194,-0.03,-0.01,0.00,0.00,0.00,-0.06,-0.9,0.0,183.1,44.21,1.62,43.222209,-0.051812,12,1,8.07,439.00
698806,-0.02,0.00,0.00,0.00,-0.06,-0.06,-0.9,0.0,183.1,44.21,1.62,43.222209,-0.051812,12,1,8.07,439.00
699112,-0.03,-0.00,0.00,0.12,-0.06,0.06,-0.9,0.0,183.1,44.22,1.61,43.222209,-0.051812,12,1,8.07,439.00
699418,-0.05,0.00,0.00,0.00,0.12,0.00,-0.9,0.0,183.1,44.22,1.60,43.222209,-0.051812,12,1,8.07,439.00
699724,-0.02,-0.00,0.01,0.06,0.12,0.00,-0.9,0.0,183.1,44.22,1.59,43.222209,-0.051812,12,1,8.07,439.00
700030,-0.00,0.00,0.00,0.12,-0.12,-0.06,-0.9,0.0,183.1,44.22,1.59,43.222209,-0.051813,12,1,8.07,439.00
700336,-0.02,0.00,-0.00,0.00,0.00,0.00,-0.9,0.0,183.1,44.23,1.60,43.222209,-0.051813,12,1,8.07,439.00
700642,-0.05,-0.02,0.05,0.00,-0.12,-0.12,-0.9,0.0,183.1,44.23,1.60,43.222209,-0.051813,12,1,8.07,439.00
701254,-0.01,0.00,-0.03,0.06,0.00,0.12,-0.9,0.0,183.1,44.23,1.60,43.222209,-0.051813,12,1,8.07,439.00
701560,-0.03,-0.01,0.00,0.06,0.06,-0.06,-0.9,0.0,183.1,44.24,1.61,43.222209,-0.051813,12,1,8.07,439.00
701866,-0.03,-0.00,0.00,0.00,0.12,0.06,-0.9,0.0,183.1,44.24,1.61,43.222217,-0.051813,12,1,8.07,439.00
702172,-0.00,-0.01,0.00,-0.12,-0.12,-0.06,-0.9,0.0,183.1,44.24,1.62,43.222217,-0.051813,12,1,8.07,439.00
702478,-0.02,-0.01,0.00,0.06,0.12,0.06,-0.9,0.0,183.1,44.24,1.62,43.222217,-0.051813,12,1,8.07,439.00
702784,-0.02,-0.01,0.02,0.00,-0.12,-0.06,-0.9,0.0,183.1,44.25,1.63,43.222217,-0.051813,12,1,8.07,439.00
703090,-0.03,-0.00,0.00,-0.06,0.18,-0.18,-0.9,0.0,183.1,44.25,1.63,43.222217,-0.051813,12,1,8.07,439.00
703396,-0.00,0.00,-0.01,-0.18,-0.12,0.06,-0.9,0.0,183.1,44.25,1.62,43.222217,-0.051813,12,1,8.07,439.00
704008,-0.02,-0.00,-0.01,0.00,0.12,-0.06,-0.9,0.0,183.1,44.26,1.62,43.222217,-0.051813,12,1,8.06,439.00
704314,-0.03,0.00,0.00,-0.06,0.06,0.06,-0.9,0.0,183.1,44.26,1.63,43.222217,-0.051813,12,1,8.06,438.89
704620,0.00,-0.01,-0.03,0.12,-0.18,-0.12,-0.9,0.0,183.1,44.26,1.64,43.222217,-0.051813,12,1,8.06,438.89
704926,-0.01,-0.02,-0.00,-0.06,0.00,0.18,-0.9,0.0,183.1,44.26,1.65,43.222217,-0.051813,12,1,8.07,438.89
705538,-0.03,0.00,-0.03,0.00,0.00,0.12,-0.9,0.0,183.1,44.27,1.65,43.222217,-0.051813,12,1,8.07,438.89
705844,-0.01,-0.01,0.00,-0.06,-0.06,-0.06,-0.9,0.0,183.1,44.27,1.64,43.222217,-0.051813,12,1,8.07,438.89
706456,-0.02,0.00,0.00,0.12,-0.06,0.00,-0.9,0.0,183.1,44.28,1.63,43.222217,-0.051813,12,1,8.07,438.89
706762,-0.01,-0.01,-0.00,0.00,-0.06,0.12,-0.9,0.0,183.1,44.28,1.65,43.222217,-0.051813,12,1,8.07,438.89
707068,-0.01,-0.00,0.00,0.12,0.18,-0.25,-0.9,0.0,183.1,44.28,1.65,43.222217,-0.051813,12,1,8.06,438.89
707374,-0.02,-0.02,0.00,-0.06,-0.12,0.25,-0.9,0.0,183.1,44.28,1.67,43.222217,-0.051813,12,1,8.06,438.89
707680,-0.05,-0.01,0.01,-0.06,0.00,0.18,-0.9,0.0,183.1,44.29,1.67,43.222217,-0.051813,12,1,8.06,438.89
707986,-0.01,-0.00,0.02,0.06,0.06,-0.18,-0.9,0.0,183.1,44.29,1.69,43.222217,-0.051813,12,1,8.07,438.89
708292,-0.02,-0.03,0.00,0.00,-0.12,0.00,-0.9,0.0,183.1,44.29,1.68,43.222217,-0.051813,12,1,8.07,438.89
708904,-0.00,0.00,0.00,0.06,0.00,0.06,-0.9,0.0,183.1,44.30,1.68,43.222217,-0.051813,12,1,8.07,438.79
709210,-0.01,-0.01,0.00,0.12,0.06,0.18,-0.9,0.0,183.1,44.30,1.67,43.222217,-0.051813,12,1,8.07,438.79
709516,-0.02,-0.02,-0.00,-0.06,0.12,-0.06,-0.9,0.0,183.1,44.30,1.67,43.222217,-0.051813,12,1,8.07,438.79
709822,-0.01,-0.00,-0.02,0.00,0.00,-0.06,-0.9,0.0,183.1,44.30,1.65,43.222217,-0.051813,12,1,8.07,438.79
710434,-0.02,-0.02,0.00,0.06,0.12,0.12,-0.9,0.0,183.1,44.31,1.65,43.222217,-0.051813,12,1,8.06,438.79
710740,-0.03,-0.01,0.00,0.06,-0.06,0.00,-0.9,0.0,183.1,44.31,1.65,43.222217,-0.051813,12,1,8.06,438.79
711046,-0.03,0.00,0.01,-0.12,0.06,0.06,-0.9,0.0,183.1,44.31,1.64,43.222217,-0.051813,12,1,8.06,438.79
711352,-0.05,-0.01,0.01,0.06,-0.06,0.00,-0.9,0.0,183.1,44.31,1.63,43.222217,-0.051813,12,1,8.06,438.70
711658,-0.05,-0.02,0.00,-0.06,0.00,-0.06,-0.9,0.0,183.1,44.31,1.63,43.222217,-0.051813,12,1,8.06,438.70
711964,-0.01,-0.00,0.00,0.00,0.00,-0.18,-0.9,0.0,183.1,44.32,1.62,43.222217,-0.051813,12,1,8.07,438.70
712270,-0.02,-0.01,0.00,0.12,-0.06,-0.12,-0.9,0.0,183.1,44.32,1.62,43.222217,-0.051813,12,1,8.07,438.70
712576,-0.00,-0.01,0.00,0.12,-0.06,-0.06,-0.9,0.0,183.1,44.32,1.61,43.222217,-0.051813,12,1,8.07,438.70
713188,-0.03,-0.00,0.00,-0.06,-0.06,0.18,-0.9,0.0,183.1,44.33,1.60,43.222217,-0.051813,12,1,8.07,438.70
713494,-0.03,-0.01,0.00,0.00,0.06,0.18,-0.9,0.0,183.1,44.33,1.63,43.222217,-0.051813,12,1,8.07,438.70
713800,-0.02,0.00,0.00,0.00,-0.12,0.18,-0.9,0.0,183.1,44.33,1.64,43.222217,-0.051813,12,1,8.07,438.70
714412,-0.03,-0.00,-0.00,-0.06,0.12,0.06,-0.9,0.0,183.1,44.34,1.63,43.222217,-0.051813,12,1,8.06,438.60
714718,-0.00,-0.03,-0.00,-0.06,-0.18,0.06,-0.9,0.0,183.1,44.34,1.63,43.222217,-0.051813,12,1,8.06,438.60
715024,-0.01,-0.00,0.00,-0.06,0.06,-0.12,-0.9,0.0,183.1,44.34,1.63,43.222217,-0.051813,12,1,8.06,438.60
715330,-0.03,-0.01,-0.01,0.18,-0.18,0.00,-0.9,0.0,183.1,44.35,1.62,43.222217,-0.051813,12,1,8.06,438.60
715636,-0.03,-0.01,-0.01,0.06,0.18,0.06,-0.9,0.0,183.1,44.35,1.62,43.222217,-0.051813,12,1,8.06,438.60
715942,-0.01,-0.00,0.00,-0.25,0.00,0.12,-0.9,0.0,183.1,44.35,1.63,43.222217,-0.051813,12,1,8.06,438.60
716248,-0.01,-0.00,0.00,-0.06,0.06,-0.06,-0.9,0.0,183.1,44.35,1.63,43.222217,-0.051813,12,1,8.07,438.60
716554,-0.02,-0.02,0.00,0.00,0.12,-0.25,-0.9,0.0,183.1,44.36,1.63,43.222217,-0.051813,12,1,8.07,438.60
716860,-0.00,-0.02,0.03,0.06,-0.12,-0.18,-0.9,0.0,183.1,44.36,1.62,43.222217,-0.051813,12,1,8.07,438.60
717472,-0.01,0.00,-0.02,0.18,0.00,0.06,-0.9,0.0,183.1,44.36,1.62,43.222217,-0.051813,12,1,8.06,438.60
717778,-0.01,0.00,-0.00,0.00,0.12,-0.06,-0.9,0.0,183.1,44.36,1.60,43.222217,-0.051813,12,1,8.06,438.60
718084,-0.02,0.00,-0.00,-0.06,-0.06,0.25,-0.9,0.0,183.1,44.37,1.58,43.222217,-0.051813,12,1,8.06,438.60
718390,-0.05,-0.03,0.00,-0.12,-0.18,-0.12,-0.9,0.0,183.1,44.37,1.58,43.222217,-0.051813,12,1,8.06,438.60
718696,-0.02,-0.01,0.00,0.00,0.18,-0.06,-0.9,0.0,183.1,44.37,1.57,43.222217,-0.051813,12,1,8.06,438.60
719308,-0.03,-0.02,0.00,0.00,0.18,0.00,-0.9,0.0,183.1,44.38,1.55,43.222217,-0.051813,12,1,8.07,438.60
719614,-0.02,-0.02,0.00,0.00,0.18,0.06,-0.9,0.0,183.1,44.38,1.56,43.222217,-0.051813,12,1,8.07,438.60
719920,-0.02,-0.00,0.00,0.00,-0.12,0.00,-0.9,0.0,183.1,44.38,1.56,43.222217,-0.051813,12,1,8.07,438.60
720226,-0.02,-0.02,0.00,0.06,0.12,0.06,-0.9,0.0,183.1,44.38,1.55,43.222217,-0.051813,12,1,8.07,438.60
720532,-0.05,0.00,0.00,0.06,-0.06,0.12,-0.9,0.0,183.1,44.38,1.55,43.222217,-0.051813,12,1,8.07,438.60
720838,-0.05,-0.00,0.00,-0.06,0.06,-0.06,-0.9,0.0,183.1,44.39,1.54,43.222217,-0.051813,12,1,8.07,438.60
721144,-0.05,-0.02,0.00,-0.06,0.06,-0.12,-0.9,0.0,183.1,44.39,1.54,43.222217,-0.051812,12,1,8.07,438.60
721756,-0.01,-0.00,0.00,0.00,0.00,0.00,-0.9,0.0,183.1,44.39,1.54,43.222217,-0.051812,12,1,8.07,438.60
722062,-0.03,0.00,0.00,0.12,-0.12,0.06,-0.9,0.0,183.1,44.40,1.56,43.222217,-0.051812,12,1,8.07,438.60
722368,-0.02,-0.00,0.00,-0.12,0.25,0.00,-0.9,0.0,183.1,44.40,1.56,43.222217,-0.051812,12,1,8.07,438.50
722674,-0.05,0.00,0.01,0.00,-0.06,0.06,-0.9,0.0,183.1,44.40,1.56,43.222217,-0.051812,12,1,8.07,438.60
722980,-0.03,-0.00,-0.00,0.12,0.12,0.06,-0.9,0.0,183.1,44.40,1.57,43.222217,-0.051812,12,1,8.07,438.50
723286,-0.05,0.00,0.00,0.12,0.06,0.00,-0.9,0.0,183.1,44.41,1.56,43.222217,-0.051812,12,1,8.06,438.50
723592,-0.02,-0.01,-0.01,-0.06,-0.18,0.12,-0.9,0.0,183.1,44.41,1.55,43.222217,-0.051812,12,1,8.06,438.50
723898,-0.05,-0.01,0.00,0.12,0.18,-0.06,-0.9,0.0,183.1,44.41,1.55,43.222217,-0.051812,12,1,8.06,438.50
724204,-0.03,-0.02,0.00,-0.06,0.18,-0.06,-0.9,0.0,183.1,44.41,1.56,43.222217,-0.051812,12,1,8.07,438.50
724816,-0.01,-0.02,0.01,-0.12,0.00,0.06,-0.9,0.0,183.1,44.42,1.57,43.222217,-0.051812,12,1,8.07,438.50
725122,-0.02,-0.00,0.02,-0.06,-0.12,-0.12,-0.9,0.0,183.1,44.42,1.57,43.222217,-0.051812,12,1,8.06,438.50
725428,-0.03,-0.01,0.03,0.06,-0.12,0.06,-0.9,0.0,183.1,44.43,1.58,43.222217,-0.051812,12,1,8.06,438.50
725734,-0.05,-0.01,0.00,-0.06,-0.18,-0.12,-0.9,0.0,183.1,44.43,1.57,43.222217,-0.051812,12,1,8.06,438.50
726040,-0.02,-0.01,0.00,-0.06,0.12,0.00,-0.9,0.0,183.1,44.43,1.57,43.222217,-0.051812,12,1,8.06,438.50
726346,-0.02,0.00,0.00,0.00,0.12,-0.12,-0.9,0.0,183.1,44.43,1.57,43.222217,-0.051812,12,1,8.06,438.50
726958,-0.05,0.01,-0.01,0.06,0.12,-0.18,-0.9,0.0,183.1,44.43,1.58,43.222217,-0.051812,12,1,8.06,438.39
727264,-0.05,0.00,0.00,0.06,0.12,-0.06,-0.9,0.0,183.1,44.44,1.58,43.222217,-0.051812,12,1,8.06,438.39
727570,-0.02,-0.00,-0.00,0.06,0.18,-0.06,-0.9,0.0,183.1,44.44,1.60,43.222217,-0.051812,12,1,8.06,438.39
727876,-0.03,0.00,0.00,-0.06,0.12,0.18,-0.9,0.0,183.1,44.44,1.60,43.222217,-0.051812,12,1,8.06,438.39
728182,-0.02,-0.00,0.00,0.06,0.18,0.00,-0.9,0.0,183.1,44.44,1.60,43.222217,-0.051812,12,1,8.07,438.39
728488,-0.03,-0.01,0.00,0.00,-0.12,0.00,-0.9,0.0,183.1,44.45,1.61,43.222217,-0.051812,12,1,8.07,438.39
728794,-0.01,-0.00,0.00,0.00,0.00,0.06,-0.9,0.0,183.1,44.45,1.61,43.222217,-0.051812,12,1,8.07,438.39
729100,-0.00,-0.01,0.00,0.00,0.06,0.00,-0.9,0.0,183.1,44.45,1.61,43.222217,-0.051812,12,1,8.07,438.29
729406,-0.03,-0.00,-0.01,0.00,0.00,0.06,-0.9,0.0,183.1,44.45,1.61,43.222217,-0.051812,12,1,8.06,438.29
729712,-0.02,0.00,0.00,0.12,0.25,0.12,-0.9,0.0,183.1,44.46,1.61,43.222217,-0.051812,12,1,8.06,438.29
730324,-0.03,-0.01,0.00,0.00,-0.12,0.00,-0.9,0.0,183.1,44.46,1.62,43.222217,-0.051812,12,1,8.07,438.29
730630,-0.03,-0.00,0.00,0.06,0.06,-0.12,-0.9,0.0,183.1,44.46,1.62,43.222217,-0.051812,12,1,8.07,438.29
730936,-0.05,-0.00,-0.00,0.00,0.12,-0.06,-0.9,0.0,183.1,44.47,1.62,43.222217,-0.051812,12,1,8.07,438.29
731242,-0.03,-0.00,0.00,0.12,0.00,-0.06,-0.9,0.0,183.1,44.47,1.61,43.222217,-0.051811,12,1,8.06,438.29
731548,-0.03,-0.02,0.00,0.00,-0.06,0.06,-0.9,0.0,183.1,44.47,1.62,43.222217,-0.051811,12,1,8.06,438.20
731854,-0.01,-0.00,0.02,0.12,0.25,-0.06,-0.9,0.0,183.1,44.47,1.61,43.222217,-0.051811,12,1,8.06,438.20
732466,-0.03,-0.01,0.00,0.00,-0.18,0.12,-0.9,0.0,183.1,44.48,1.63,43.222217,-0.051811,12,1,8.06,438.20
732772,-0.03,-0.01,-0.02,-0.06,0.06,0.00,-0.9,0.0,183.1,44.48,1.64,43.222217,-0.051811,12,1,8.06,438.20
733078,-0.00,-0.00,0.00,0.00,0.06,-0.12,-0.9,0.0,183.1,44.48,1.65,43.222217,-0.051811,12,1,8.06,438.20
733384,-0.02,-0.01,0.00,0.00,0.00,0.06,-0.9,0.0,183.1,44.49,1.65,43.222217,-0.051811,12,1,8.07,438.20
733690,-0.05,-0.01,0.00,0.00,-0.06,-0.18,-0.9,0.0,183.1,44.49,1.65,43.222217,-0.051811,12,1,8.07,438.10
733996,-0.03,-0.01,0.00,0.00,0.00,0.00,-0.9,0.0,183.1,44.49,1.66,43.222217,-0.051811,12,1,8.07,438.10
734302,-0.03,-0.00,0.00,0.18,-0.12,-0.06,-0.9,0.0,183.1,44.49,1.65,43.222217,-0.051811,12,1,8.06,438.10
734914,-0.02,-0.00,0.00,0.06,0.00,-0.25,-0.9,0.0,183.1,44.50,1.65,43.222217,-0.051811,12,1,8.06,438.10
735220,-0.02,-0.01,-0.00,-0.06,0.00,0.18,-0.9,0.0,183.1,44.50,1.66,43.222217,-0.051810,12,1,8.06,438.10
735526,-0.01,-0.01,0.00,0.18,0.06,0.12,-0.9,0.0,183.1,44.50,1.66,43.222217,-0.051810,12,1,8.06,438.10
735832,-0.01,-0.02,0.00,0.00,0.06,0.12,-0.9,0.0,183.1,44.50,1.68,43.222217,-0.051810,12,1,8.06,438.10
736138,-0.05,-0.02,0.00,0.06,-0.06,0.12,-0.9,0.0,183.1,44.50,1.68,43.222217,-0.051810,12,1,8.06,438.10
736750,-0.00,-0.02,-0.00,0.06,-0.12,0.18,-0.9,0.0,183.1,44.51,1.69,43.222217,-0.051810,12,1,8.06,438.10
737056,0.00,-0.00,0.00,0.00,0.06,0.00,-0.9,0.0,183.1,44.51,1.70,43.222217,-0.051810,12,1,8.06,438.10
737362,-0.01,-0.02,0.00,-0.12,-0.06,-0.31,-0.9,0.0,183.1,44.52,1.70,43.222217,-0.051810,12,1,8.06,438.10
737668,-0.01,-0.00,0.00,-0.12,0.00,-0.12,-0.9,0.0,183.1,44.52,1.70,43.222217,-0.051810,12,1,8.06,438.10
737974,-0.03,-0.00,-0.00,-0.06,0.06,0.06,-0.9,0.0,183.1,44.52,1.70,43.222217,-0.051810,12,1,8.06,438.10
738280,-0.03,-0.01,0.00,0.00,-0.18,0.12,-0.9,0.0,183.1,44.52,1.70,43.222217,-0.051810,12,1,8.06,438.10
738586,-0.02,0.00,-0.01,0.06,0.00,0.00,-0.9,0.0,183.1,44.52,1.70,43.222217,-0.051810,12,1,8.06,438.10
738892,-0.02,-0.02,-0.00,0.12,0.00,0.00,-0.9,0.0,183.1,44.53,1.71,43.222217,-0.051810,12,1,8.06,438.10
739504,-0.02,-0.00,0.00,-0.06,0.06,0.06,-0.9,0.0,183.1,44.53,1.70,43.222217,-0.051810,12,1,8.06,438.00
739810,-0.01,-0.01,0.01,-0.12,-0.06,0.00,-0.9,0.0,183.1,44.53,1.70,43.222217,-0.051810,12,1,8.06,438.00
740116,-0.05,-0.01,0.00,-0.06,0.06,0.00,-0.9,0.0,183.1,44.53,1.70,43.222217,-0.051810,12,1,8.06,438.00
740422,-0.01,-0.00,-0.00,-0.06,0.06,-0.25,-0.9,0.0,183.1,44.54,1.69,43.222217,-0.051810,12,1,8.06,438.00
740728,-0.01,0.00,0.01,0.12,0.06,-0.06,-0.9,0.0,183.1,44.54,1.70,43.222217,-0.051810,12,1,8.06,438.00
741034,-0.02,-0.01,-0.00,-0.12,-0.18,0.12,-0.9,0.0,183.1,44.54,1.69,43.222217,-0.051810,12,1,8.06,438.00
741340,-0.02,-0.02,0.00,0.06,0.18,0.25,-0.9,0.0,183.1,44.54,1.68,43.222217,-0.051810,12,1,8.07,438.00
741646,-0.02,0.00,0.00,0.00,-0.18,0.00,-0.9,0.0,183.1,44.54,1.67,43.222217,-0.051810,12,1,8.07,438.00
741952,-0.02,0.00,0.00,-0.12,0.12,0.06,-0.9,0.0,183.1,44.55,1.67,43.222217,-0.051810,12,1,8.07,438.00
742564,-0.03,-0.00,0.00,-0.06,0.00,0.00,-0.9,0.0,183.1,44.55,1.66,43.222217,-0.051810,12,1,8.06,438.00
742870,-0.03,-0.02,0.00,-0.18,-0.06,0.06,-0.9,0.0,183.1,44.55,1.65,43.222217,-0.051810,12,1,8.06,438.00
743176,-0.02,0.00,0.00,0.12,-0.18,-0.06,-0.9,0.0,183.1,44.56,1.65,43.222217,-0.051810,12,1,8.06,438.00
743482,-0.02,-0.02,0.00,0.00,-0.06,0.06,-0.9,0.0,183.1,44.56,1.64,43.222217,-0.051810,12,1,8.07,438.00
743788,-0.01,-0.00,0.00,-0.06,0.06,0.00,-0.9,0.0,183.1,44.56,1.64,43.222217,-0.051810,12,1,8.07,438.00
744094,-0.02,-0.01,0.00,0.00,0.00,0.18,-0.9,0.0,183.1,44.56,1.63,43.222217,-0.051810,12,1,8.07,438.00
744400,-0.02,-0.01,0.00,0.00,0.00,0.18,-0.9,0.0,183.1,44.57,1.63,43.222217,-0.051810,12,1,8.06,438.00
744706,-0.02,-0.00,-0.00,-0.06,-0.18,-0.06,-0.9,0.0,183.1,44.57,1.62,43.222217,-0.051810,12,1,8.06,438.00
745012,-0.03,-0.01,0.00,0.06,-0.06,-0.31,-0.9,0.0,183.1,44.57,1.61,43.222217,-0.051810,12,1,8.06,438.00
745624,-0.02,-0.00,0.01,-0.06,-0.12,0.00,-0.9,0.0,183.1,44.58,1.61,43.222217,-0.051809,12,1,8.06,437.89
745930,-0.01,-0.00,0.00,0.00,0.00,0.00,-0.9,0.0,183.1,44.58,1.60,43.222217,-0.051809,12,1,8.06,437.89
746236,-0.01,-0.03,0.00,-0.06,0.12,-0.18,-0.9,0.0,183.1,44.58,1.59,43.222217,-0.051809,12,1,8.06,437.89
746542,-0.02,0.00,0.00,0.06,0.00,0.00,-0.9,0.0,183.1,44.58,1.59,43.222217,-0.051809,12,1,8.06,437.89
746848,-0.02,-0.00,-0.01,0.06,0.12,0.06,-0.9,0.0,183.1,44.58,1.59,43.222217,-0.051809,12,1,8.06,437.89
747460,-0.01,-0.01,0.00,0.00,0.00,-0.06,-0.9,0.0,183.1,44.59,1.60,43.222217,-0.051809,12,1,8.06,437.89
747766,-0.05,-0.03,-0.01,0.00,0.00,0.00,-0.9,0.0,183.1,44.59,1.60,43.222217,-0.051809,12,1,8.06,437.89
748072,-0.03,-0.02,0.00,0.06,0.06,-0.06,-0.9,0.0,183.1,44.59,1.60,43.222217,-0.051809,12,1,8.06,437.89
748378,-0.02,0.00,0.01,-0.12,-0.06,-0.18,-0.9,0.0,183.1,44.59,1.61,43.222217,-0.051809,12,1,8.06,437.89
748684,-0.02,-0.00,0.00,0.06,-0.12,0.00,-0.9,0.0,183.1,44.60,1.62,43.222217,-0.051809,12,1,8.06,437.89
748990,-0.02,-0.02,0.03,-0.12,0.06,0.00,-0.9,0.0,183.1,44.60,1.62,43.222217,-0.051809,12,1,8.06,437.89
749296,-0.03,-0.02,0.00,-0.06,-0.06,-0.18,-0.9,0.0,183.1,44.60,1.62,43.222217,-0.051809,12,1,8.06,437.89
749602,-0.02,-0.01,0.00,0.00,0.12,-0.18,-0.9,0.0,183.1,44.60,1.63,43.222217,-0.051809,12,1,8.06,437.89
749908,-0.02,-0.00,0.01,-0.06,0.00,0.06,-0.9,0.0,183.1,44.61,1.62,43.222217,-0.051809,12,1,8.06,437.89
750214,-0.01,-0.00,0.00,0.06,-0.06,-0.12,-0.9,0.0,183.1,44.61,1.62,43.222217,-0.051809,12,1,8.06,437.89
750520,-0.02,0.00,-0.01,0.06,0.18,0.00,-0.9,0.0,183.1,44.61,1.61,43.222217,-0.051809,12,1,8.05,437.89
751132,-0.05,-0.01,0.00,-0.06,-0.06,-0.06,-0.9,0.0,183.1,44.62,1.60,43.222217,-0.051809,12,1,8.05,437.89
751438,-0.00,0.00,0.00,0.06,0.12,0.12,-0.9,0.0,183.1,44.62,1.60,43.222217,-0.051809,12,1,8.06,437.89
751744,-0.01,0.00,0.00,-0.06,0.12,0.00,-0.9,0.0,183.1,44.62,1.61,43.222217,-0.051809,12,1,8.06,437.89
752050,-0.01,-0.00,0.00,-0.12,0.25,0.00,-0.9,0.0,183.1,44.63,1.61,43.222217,-0.051809,12,1,8.06,437.89
752662,-0.02,-0.01,-0.01,0.06,-0.31,0.06,-0.9,0.0,183.1,44.63,1.60,43.222217,-0.051809,12,1,8.06,437.89
752968,-0.01,-0.01,0.00,0.00,0.06,0.00,-0.9,0.0,183.1,44.63,1.60,43.222217,-0.051809,12,1,8.06,437.89
753274,-0.01,-0.01,-0.00,-0.06,-0.06,0.06,-0.9,0.0,183.1,44.63,1.61,43.222217,-0.051809,12,1,8.06,437.89
753580,-0.01,-0.01,0.00,0.00,0.06,0.18,-0.9,0.0,183.1,44.64,1.61,43.222217,-0.051809,12,1,8.06,437.89
753886,-0.05,-0.01,0.00,0.18,0.06,0.06,-0.9,0.0,183.1,44.64,1.61,43.222217,-0.051809,12,1,8.06,438.00
754192,-0.03,0.00,0.00,0.12,0.12,-0.06,-0.9,0.0,183.1,44.64,1.61,43.222217,-0.051809,12,1,8.06,438.00
754498,-0.01,-0.00,0.01,0.00,0.06,-0.06,-0.9,0.0,183.1,44.64,1.60,43.222217,-0.051809,12,1,8.06,438.00
754804,-0.01,-0.01,0.00,0.06,-0.06,-0.06,-0.9,0.0,183.1,44.65,1.61,43.222217,-0.051809,12,1,8.06,438.00
755416,-0.03,-0.02,0.00,0.12,0.06,0.18,-0.9,0.0,183.1,44.65,1.61,43.222217,-0.051809,12,1,8.06,438.00
756028,-0.00,-0.01,-0.01,-0.31,-0.06,0.18,-0.9,0.0,183.1,44.65,1.60,43.222217,-0.051809,12,1,8.06,438.00
756334,-0.03,-0.00,0.00,0.00,0.12,0.12,-0.9,0.0,183.1,44.66,1.60,43.222217,-0.051809,12,1,8.06,438.00
756640,-0.03,-0.02,0.00,0.06,0.06,0.06,-0.9,0.0,183.1,44.66,1.59,43.222217,-0.051809,12,1,8.06,438.00
756946,-0.03,0.00,0.00,0.06,0.00,-0.12,-0.9,0.0,183.1,44.66,1.58,43.222217,-0.051809,12,1,8.06,438.00
757252,-0.02,-0.02,0.00,0.06,0.06,0.12,-0.9,0.0,183.1,44.66,1.58,43.222217,-0.051809,12,1,8.06,438.00
757558,-0.05,0.00,0.00,-0.06,0.12,-0.31,-0.9,0.0,183.1,44.67,1.58,43.222217,-0.051809,12,1,8.06,438.00
757864,-0.03,-0.01,0.01,-0.06,-0.06,0.00,-0.9,0.0,183.1,44.67,1.58,43.222217,-0.051809,12,1,8.06,438.00
758170,-0.02,0.00,0.00,0.06,0.00,0.00,-0.9,0.0,183.1,44.67,1.58,43.222217,-0.051809,12,1,8.06,438.00
758476,-0.01,-0.00,0.00,0.12,-0.18,0.00,-0.9,0.0,183.1,44.67,1.58,43.222217,-0.051809,12,1,8.06,438.00
758782,-0.03,0.00,0.00,-0.12,0.12,0.00,-0.9,0.0,183.1,44.68,1.58,43.222217,-0.051809,12,1,8.06,438.00
759088,-0.02,-0.02,0.00,0.12,0.12,0.06,-0.9,0.0,183.1,44.68,1.58,43.222217,-0.051809,12,1,8.06,438.10
759394,-0.03,-0.00,-0.00,0.00,-0.06,-0.12,-0.9,0.0,183.1,44.68,1.57,43.222217,-0.051809,12,1,8.06,438.10
759700,-0.01,-0.00,0.00,0.00,-0.06,0.18,-0.9,0.0,183.1,44.68,1.58,43.222217,-0.051808,12,1,8.06,438.10
760312,-0.02,-0.02,0.01,0.06,0.12,-0.12,-0.9,0.0,183.1,44.69,1.57,43.222217,-0.051808,12,1,8.06,438.10
760618,-0.02,0.00,-0.00,0.00,0.00,-0.06,-0.9,0.0,183.1,44.69,1.57,43.222217,-0.051808,12,1,8.06,438.10
760924,-0.05,-0.01,0.00,-0.06,0.06,0.18,-0.9,0.0,183.1,44.69,1.59,43.222217,-0.051808,12,1,8.06,438.10
761230,-0.01,-0.00,0.00,-0.06,-0.12,0.12,-0.9,0.0,183.1,44.69,1.60,43.222217,-0.051808,12,1,8.06,438.10
761842,-0.03,-0.00,-0.00,0.06,-0.06,-0.12,-0.9,0.0,183.1,44.70,1.61,43.222217,-0.051809,12,1,8.06,438.10
762148,-0.00,0.00,-0.00,0.12,-0.12,-0.06,-0.9,0.0,183.1,44.70,1.62,43.222217,-0.051809,12,1,8.06,438.10
762454,-0.03,-0.01,-0.00,0.00,-0.06,0.18,-0.9,0.0,183.1,44.70,1.63,43.222217,-0.051809,12,1,8.06,438.10
762760,-0.05,0.00,-0.00,0.00,-0.06,0.06,-0.9,0.0,183.1,44.70,1.62,43.222217,-0.051809,12,1,8.06,438.10
763066,-0.05,-0.00,0.00,0.00,0.00,-0.12,-0.9,0.0,183.1,44.71,1.62,43.222217,-0.051809,12,1,8.06,438.10
763372,-0.03,-0.00,0.02,-0.12,0.00,-0.18,-0.9,0.0,183.1,44.71,1.63,43.222217,-0.051809,12,1,8.06,438.10
763678,-0.05,-0.02,0.00,-0.06,0.06,-0.06,-0.9,0.0,183.1,44.71,1.63,43.222217,-0.051808,12,1,8.06,438.10
764290,-0.01,-0.00,0.00,0.06,0.00,0.12,-0.9,0.0,183.1,44.72,1.62,43.222217,-0.051808,12,1,8.06,438.20
764596,-0.02,0.00,-0.01,0.12,0.12,-0.12,-0.9,0.0,183.1,44.72,1.62,43.222217,-0.051808,12,1,8.06,438.20
765208,-0.02,-0.01,0.00,-0.06,-0.18,-0.06,-0.9,0.0,183.1,44.72,1.61,43.222217,-0.051808,12,1,8.06,438.20
765514,-0.01,-0.00,0.00,0.00,0.18,-0.12,-0.9,0.0,183.1,44.72,1.61,43.222217,-0.051808,12,1,8.06,438.20
765820,-0.03,0.00,0.00,0.06,-0.06,-0.06,-0.9,0.0,183.1,44.73,1.61,43.222217,-0.051808,12,1,8.06,438.20
766126,-0.01,-0.02,0.01,0.06,0.06,-0.12,-0.9,0.0,183.1,44.73,1.60,43.222217,-0.051808,12,1,8.06,438.10
766432,-0.02,-0.00,0.00,0.06,-0.06,-0.12,-0.9,0.0,183.1,44.73,1.60,43.222217,-0.051808,12,1,8.06,438.10
766738,-0.02,-0.01,0.00,-0.18,0.12,-0.06,-0.9,0.0,183.1,44.73,1.59,43.222217,-0.051808,12,1,8.06,438.20
767044,-0.05,-0.00,0.00,0.18,-0.06,-0.06,-0.9,0.0,183.1,44.74,1.59,43.222217,-0.051808,12,1,8.06,438.20
767350,-0.05,-0.00,0.00,-0.12,-0.06,0.00,-0.9,0.0,183.1,44.74,1.59,43.222217,-0.051808,12,1,8.06,438.20
767656,-0.02,0.00,0.00,0.00,-0.12,0.12,-0.9,0.0,183.1,44.74,1.58,43.222217,-0.051808,12,1,8.06,438.20
767962,-0.02,0.00,0.00,0.00,-0.18,0.06,-0.9,0.0,183.1,44.74,1.58,43.222217,-0.051808,12,1,8.06,438.20
768268,-0.05,0.00,0.00,0.00,-0.12,0.12,-0.9,0.0,183.1,44.74,1.58,43.222217,-0.051808,12,1,8.06,438.20
768574,-0.03,-0.02,0.00,-0.12,0.12,0.06,-0.9,0.0,183.1,44.75,1.57,43.222217,-0.051808,12,1,8.06,438.20
768880,-0.01,-0.01,0.00,-0.12,0.00,0.00,-0.9,0.0,183.1,44.75,1.57,43.222217,-0.051808,12,1,8.06,438.20
769186,-0.02,-0.02,0.00,-0.06,0.06,0.06,-0.9,0.0,183.1,44.75,1.58,43.222217,-0.051808,12,1,8.06,438.20
769492,-0.02,0.00,0.02,0.00,-0.06,0.00,-0.9,0.0,183.1,44.75,1.58,43.222217,-0.051808,12,1,8.06,438.20
769798,-0.02,-0.01,0.00,-0.06,0.06,0.06,-0.9,0.0,183.1,44.76,1.57,43.222217,-0.051808,12,1,8.06,438.20
770104,-0.02,0.00,-0.00,0.00,0.00,0.18,-0.9,0.0,183.1,44.76,1.57,43.222217,-0.051808,12,1,8.06,438.20
770410,-0.03,-0.00,-0.02,-0.06,-0.12,0.06,-0.9,0.0,183.1,44.76,1.56,43.222217,-0.051808,12,1,8.06,438.20
770716,-0.05,-0.01,-0.01,-0.06,0.00,0.18,-0.9,0.0,183.1,44.76,1.55,43.222217,-0.051808,12,1,8.06,438.20
771022,-0.03,0.00,-0.00,-0.06,0.06,-0.12,-0.9,0.0,183.1,44.77,1.55,43.222217,-0.051808,12,1,8.06,438.20
771328,-0.05,-0.02,0.00,0.00,-0.06,0.06,-0.9,0.0,183.1,44.77,1.56,43.222217,-0.051808,12,1,8.06,438.20
771634,-0.03,0.00,0.00,-0.18,0.06,-0.06,-0.9,0.0,183.1,44.77,1.54,43.222217,-0.051808,12,1,8.06,438.20
771940,-0.05,-0.01,-0.00,0.00,0.00,0.31,-0.9,0.0,183.1,44.77,1.54,43.222217,-0.051808,12,1,8.06,438.20
772552,-0.03,-0.01,0.00,0.00,0.00,-0.12,-0.9,0.0,183.1,44.77,1.53,43.222217,-0.051808,12,1,8.06,438.20
772858,-0.03,-0.02,-0.00,0.06,-0.06,-0.06,-0.9,0.0,183.1,44.78,1.55,43.222217,-0.051808,12,1,8.06,438.29
773164,-0.02,-0.00,0.00,0.00,-0.06,0.06,-0.9,0.0,183.1,44.78,1.55,43.222217,-0.051808,12,1,8.06,438.29
773470,-0.01,-0.00,0.00,0.12,0.00,0.06,-0.9,0.0,183.1,44.78,1.56,43.222217,-0.051808,12,1,8.06,438.20
773776,-0.01,-0.00,0.00,0.06,0.00,-0.12,-0.9,0.0,183.1,44.79,1.56,43.222217,-0.051808,12,1,8.06,438.20
774082,-0.01,-0.00,0.00,-0.06,0.25,0.12,-0.9,0.0,183.1,44.79,1.56,43.222217,-0.051808,12,1,8.06,438.20
774388,-0.03,-0.02,-0.00,0.06,0.18,0.00,-0.9,0.0,183.1,44.79,1.56,43.222217,-0.051808,12,1,8.06,438.20
774694,-0.02,-0.02,0.00,0.06,0.12,-0.06,-0.9,0.0,183.1,44.79,1.56,43.222217,-0.051809,12,1,8.07,438.20
775000,-0.05,-0.00,0.00,0.12,0.06,0.00,-0.9,0.0,183.1,44.79,1.56,43.222217,-0.051809,12,1,8.07,438.20
775306,-0.05,-0.01,0.00,0.06,-0.06,-0.06,-0.9,0.0,183.1,44.80,1.56,43.222217,-0.051809,12,1,8.07,438.20
775612,-0.02,0.00,0.00,0.06,-0.12,-0.25,-0.9,0.0,183.1,44.80,1.56,43.222217,-0.051809,12,1,8.06,438.20
775918,-0.02,-0.01,-0.00,0.00,0.06,0.12,-0.9,0.0,183.1,44.80,1.57,43.222217,-0.051809,12,1,8.06,438.20
776224,-0.05,-0.01,0.00,0.00,-0.06,0.18,-0.9,0.0,183.1,44.80,1.58,43.222217,-0.051809,12,1,8.06,438.20
776530,-0.05,-0.01,0.00,0.06,-0.25,-0.06,-0.9,0.0,183.1,44.80,1.56,43.222217,-0.051809,12,1,8.06,438.20
776836,-0.02,-0.01,-0.00,0.00,0.00,-0.18,-0.9,0.0,183.1,44.81,1.57,43.222217,-0.051809,12,1,8.06,438.20
777448,-0.02,-0.01,0.00,0.06,-0.18,0.12,-0.9,0.0,183.1,44.81,1.56,43.222217,-0.051809,12,1,8.06,438.29
777754,-0.01,-0.01,0.00,-0.06,-0.18,-0.12,-0.9,0.0,183.1,44.82,1.56,43.222217,-0.051809,12,1,8.06,438.20
778060,-0.05,-0.00,0.02,0.06,0.18,-0.06,-0.9,0.0,183.1,44.82,1.56,43.222217,-0.051809,12,1,8.06,438.20
778366,-0.03,-0.02,0.00,0.00,0.06,-0.31,-0.9,0.0,183.1,44.82,1.57,43.222217,-0.051809,12,1,8.06,438.20
778672,-0.03,-0.00,0.00,0.00,-0.06,0.00,-0.9,0.0,183.1,44.82,1.57,43.222217,-0.051809,12,1,8.06,438.20
778978,-0.02,-0.01,-0.00,0.06,0.00,-0.12,-0.9,0.0,183.1,44.82,1.56,43.222217,-0.051809,12,1,8.06,438.20
779284,-0.01,-0.00,-0.01,0.06,0.12,0.12,-0.9,0.0,183.1,44.83,1.56,43.222217,-0.051809,12,1,8.06,438.20
779590,-0.00,-0.03,0.00,0.06,0.06,0.18,-0.9,0.0,183.1,44.83,1.56,43.222217,-0.051809,12,1,8.06,438.20
779896,-0.05,0.00,0.00,0.00,0.18,-0.12,-0.9,0.0,183.1,44.83,1.55,43.222217,-0.051809,12,1,8.05,438.20
780202,-0.02,-0.00,-0.02,0.06,0.06,0.18,-0.9,0.0,183.1,44.83,1.54,43.222217,-0.051809,12,1,8.05,438.20
780508,-0.02,-0.00,0.01,0.00,0.00,0.00,-0.9,0.0,183.1,44.83,1.52,43.222217,-0.051809,12,1,8.05,438.20
780814,-0.01,-0.00,0.00,-0.06,0.18,-0.31,-0.9,0.0,183.1,44.84,1.50,43.222217,-0.051810,12,1,8.07,438.20
781120,-0.05,-0.02,0.00,-0.12,-0.06,0.18,-0.9,0.0,183.1,44.84,1.49,43.222217,-0.051810,12,1,8.07,438.20
781426,-0.03,-0.01,0.00,-0.06,0.18,0.00,-0.9,0.0,183.1,44.84,1.49,43.222217,-0.051810,12,1,8.07,438.20
781732,-0.03,0.00,0.01,0.00,-0.06,0.18,-0.9,0.0,183.1,44.84,1.51,43.222217,-0.051810,12,1,8.06,438.20
782038,-0.00,-0.00,0.00,0.06,0.06,0.00,-0.9,0.0,183.1,44.84,1.51,43.222217,-0.051810,12,1,8.06,438.20
782344,-0.03,-0.00,-0.01,0.00,-0.06,0.12,-0.9,0.0,183.1,44.85,1.52,43.222217,-0.051810,12,1,8.06,438.20
782650,-0.03,0.00,0.00,0.12,0.00,-0.18,-0.9,0.0,183.1,44.85,1.51,43.222217,-0.051810,12,1,8.06,438.20
782956,-0.01,-0.01,0.00,0.06,0.00,-0.06,-0.9,0.0,183.1,44.85,1.49,43.222217,-0.051810,12,1,8.06,438.20
783262,-0.03,-0.02,0.01,-0.06,-0.12,0.06,-0.9,0.0,183.1,44.85,1.48,43.222217,-0.051810,12,1,8.06,438.20
783568,-0.01,-0.01,0.01,-0.12,0.06,0.06,-0.9,0.0,183.1,44.86,1.47,43.222217,-0.051810,12,1,8.06,438.20
783874,-0.02,0.00,0.01,0.06,0.12,-0.06,-0.9,0.0,183.1,44.86,1.46,43.222217,-0.051810,12,1,8.05,438.20
784180,-0.00,-0.02,-0.00,-0.12,-0.18,0.06,-0.9,0.0,183.1,44.86,1.47,43.222217,-0.051810,12,1,8.05,438.20
784792,-0.03,-0.00,-0.00,-0.06,0.18,-0.25,-0.9,0.0,183.1,44.86,1.46,43.222217,-0.051810,12,1,8.06,438.20
785098,-0.05,-0.00,0.00,-0.12,-0.12,0.06,-0.9,0.0,183.1,44.87,1.45,43.222217,-0.051810,12,1,8.06,438.20
785404,-0.02,-0.00,0.00,-0.06,-0.25,-0.25,-0.9,0.0,183.1,44.87,1.46,43.222217,-0.051810,12,1,8.06,438.20
785710,-0.02,0.00,0.01,0.06,-0.18,-0.31,-0.9,0.0,183.1,44.87,1.47,43.222217,-0.051810,12,1,8.06,438.20
786016,-0.02,-0.01,0.00,0.06,0.12,-0.06,-0.9,0.0,183.1,44.87,1.47,43.222217,-0.051810,12,1,8.06,438.20
786322,-0.02,-0.01,0.00,0.00,0.06,0.12,-0.9,0.0,183.1,44.88,1.47,43.222217,-0.051810,12,1,8.06,438.20
786628,-0.02,0.00,-0.01,0.06,0.06,-0.06,-0.9,0.0,183.1,44.88,1.46,43.222217,-0.051810,12,1,8.06,438.20
786934,-0.02,-0.03,0.00,0.06,-0.06,0.00,-0.9,0.0,183.1,44.88,1.46,43.222217,-0.051810,12,1,8.06,438.20
787240,-0.03,-0.02,0.00,0.00,0.00,-0.06,-0.9,0.0,183.1,44.88,1.47,43.222217,-0.051810,12,1,8.06,438.20
787546,-0.02,-0.02,-0.00,-0.06,0.00,0.00,-0.9,0.0,183.1,44.88,1.47,43.222217,-0.051810,12,1,8.06,438.20
787852,-0.02,-0.02,0.00,0.06,0.18,0.06,-0.9,0.0,183.1,44.89,1.46,43.222217,-0.051810,12,1,8.06,438.20
788158,-0.02,-0.01,0.00,-0.06,-0.06,0.12,-0.9,0.0,183.1,44.89,1.47,43.222217,-0.051810,12,1,8.06,438.20
788464,-0.02,-0.02,0.00,0.00,-0.06,0.06,-0.9,0.0,183.1,44.89,1.46,43.222217,-0.051810,12,1,8.06,438.20
788770,-0.05,-0.03,0.00,-0.06,-0.12,-0.06,-0.9,0.0,183.1,44.89,1.46,43.222217,-0.051810,12,1,8.06,438.20
789076,-0.00,0.00,0.02,0.00,0.00,-0.12,-0.9,0.0,183.1,44.90,1.47,43.222217,-0.051810,12,1,8.06,438.20
789382,-0.02,-0.02,0.00,0.06,-0.12,0.00,-0.9,0.0,183.1,44.90,1.48,43.222217,-0.051810,12,1,8.06,438.20
789688,-0.02,-0.01,-0.01,-0.06,0.06,0.00,-0.9,0.0,183.1,44.90,1.48,43.222217,-0.051810,12,1,8.06,438.20
789994,0.00,0.00,0.00,0.06,0.12,0.00,-0.9,0.0,183.1,44.90,1.48,43.222217,-0.051810,12,1,8.06,438.20
790300,-0.03,-0.00,0.00,0.00,0.18,-0.06,-0.9,0.0,183.1,44.90,1.48,43.222217,-0.051810,12,1,8.06,438.20
790606,-0.02,-0.01,0.00,0.00,-0.06,0.00,-0.9,0.0,183.1,44.91,1.47,43.222217,-0.051810,12,1,8.06,438.20
790912,-0.02,-0.00,-0.00,0.00,0.00,0.06,-0.9,0.0,183.1,44.91,1.48,43.222217,-0.051810,12,1,8.05,438.20
791218,-0.02,-0.01,0.00,-0.06,-0.12,-0.18,-0.9,0.0,183.1,44.91,1.47,43.222217,-0.051810,12,1,8.05,438.20
791524,-0.03,-0.00,0.00,0.18,-0.12,0.00,-0.9,0.0,183.1,44.91,1.47,43.222217,-0.051810,12,1,8.05,438.20
791830,-0.02,-0.00,0.01,-0.06,-0.06,0.00,-0.9,0.0,183.1,44.91,1.48,43.222217,-0.051810,12,1,8.06,438.20
792136,-0.03,-0.02,0.00,0.00,0.06,-0.12,-0.9,0.0,183.1,44.91,1.47,43.222217,-0.051810,12,1,8.06,438.20
792442,-0.05,-0.00,0.01,0.12,0.12,-0.06,-0.9,0.0,183.1,44.92,1.46,43.222217,-0.051810,12,1,8.06,438.20
793054,-0.03,-0.02,0.00,0.12,0.06,0.12,-0.9,0.0,183.1,44.92,1.47,43.222217,-0.051811,12,1,8.05,438.20
793360,-0.03,-0.02,0.00,0.00,0.06,0.25,-0.9,0.0,183.1,44.92,1.46,43.222217,-0.051811,12,1,8.05,438.20
793666,-0.02,-0.03,0.00,0.06,-0.06,-0.12,-0.9,0.0,183.1,44.92,1.45,43.222217,-0.051811,12,1,8.05,438.20
793972,-0.01,-0.02,0.01,0.18,-0.06,-0.12,-0.9,0.0,183.1,44.93,1.45,43.222217,-0.051811,12,1,8.06,438.20
794278,-0.02,-0.02,0.00,0.00,-0.06,0.06,-0.9,0.0,183.1,44.93,1.45,43.222217,-0.051811,12,1,8.06,438.20
794584,-0.05,-0.01,-0.01,0.06,0.06,-0.06,-0.9,0.0,183.1,44.93,1.46,43.222217,-0.051811,12,1,8.06,438.20
795196,-0.03,-0.00,0.00,0.00,-0.12,0.25,-0.9,0.0,183.1,44.94,1.46,43.222217,-0.051811,12,1,8.06,438.20
795502,-0.03,-0.01,0.00,0.18,-0.12,0.06,-0.9,0.0,183.1,44.94,1.46,43.222217,-0.051811,12,1,8.06,438.20
795808,-0.05,-0.01,-0.00,0.06,-0.12,0.12,-0.9,0.0,183.1,44.94,1.45,43.222217,-0.051811,12,1,8.05,438.20
796114,-0.02,-0.02,0.01,-0.06,-0.18,-0.06,-0.9,0.0,183.1,44.94,1.45,43.222217,-0.051811,12,1,8.05,438.20
796420,-0.02,-0.00,0.00,0.00,-0.12,0.06,-0.9,0.0,183.1,44.94,1.44,43.222217,-0.051811,12,1,8.05,438.20
797032,-0.03,-0.02,0.00,0.00,0.00,0.00,-0.9,0.0,183.1,44.95,1.45,43.222217,-0.051811,12,1,8.06,438.20
797338,-0.02,-0.02,0.00,-0.06,-0.12,0.18,-0.9,0.0,183.1,44.95,1.45,43.222217,-0.051811,12,1,8.06,438.20
797644,-0.03,-0.00,0.02,0.00,0.00,0.06,-0.9,0.0,183.1,44.95,1.44,43.222217,-0.051811,12,1,8.06,438.20
797950,-0.05,-0.03,0.00,0.00,-0.12,-0.06,-0.9,0.0,183.1,44.96,1.45,43.222217,-0.051811,12,1,8.05,438.20
798256,-0.03,-0.01,0.00,-0.06,-0.12,0.06,-0.9,0.0,183.1,44.96,1.45,43.222217,-0.051811,12,1,8.05,438.20
798562,-0.03,-0.03,0.00,0.00,-0.18,0.31,-0.9,0.0,183.1,44.96,1.47,43.222217,-0.051811,12,1,8.05,438.20
798868,-0.03,-0.01,0.00,0.18,0.06,0.06,-0.9,0.0,183.1,44.96,1.46,43.222217,-0.051811,12,1,8.05,438.20
799174,-0.02,-0.00,-0.00,-0.12,0.06,-0.06,-0.9,0.0,183.1,44.96,1.47,43.222217,-0.051811,12,1,8.05,438.20
799480,-0.03,-0.00,-0.02,-0.12,-0.12,-0.12,-0.9,0.0,183.1,44.97,1.46,43.222217,-0.051811,12,1,8.05,438.20
799786,-0.03,-0.01,0.00,0.18,-0.25,-0.06,-0.9,0.0,183.1,44.97,1.47,43.222217,-0.051811,12,1,8.05,438.20
800092,-0.05,-0.02,0.00,-0.06,-0.06,0.06,-0.9,0.0,183.1,44.97,1.47,43.222217,-0.051812,12,1,8.05,438.20
800398,-0.02,-0.01,0.00,0.00,0.12,0.06,-0.9,0.0,183.1,44.97,1.46,43.222217,-0.051812,12,1,8.05,438.20
800704,-0.05,-0.01,0.00,0.06,-0.12,-0.06,-0.9,0.0,183.1,44.97,1.46,43.222217,-0.051812,12,1,8.05,438.20
801010,-0.01,-0.00,0.02,0.00,0.06,0.00,-0.9,0.0,183.1,44.98,1.45,43.222217,-0.051812,12,1,8.05,438.20
801316,-0.02,-0.01,0.00,0.12,-0.12,0.12,-0.9,0.0,183.1,44.98,1.45,43.222217,-0.051812,12,1,8.05,438.20
801622,-0.03,-0.02,0.00,0.06,0.06,0.06,-0.9,0.0,183.1,44.98,1.44,43.222217,-0.051812,12,1,8.05,438.20
801928,-0.03,-0.02,-0.00,0.06,0.00,-0.12,-0.9,0.0,183.1,44.98,1.43,43.222217,-0.051812,12,1,8.06,438.20
802234,-0.02,-0.02,0.00,0.06,0.06,0.12,-0.9,0.0,183.1,44.98,1.42,43.222217,-0.051812,12,1,8.06,438.20
802846,-0.03,-0.00,0.00,0.18,0.06,-0.06,-0.9,0.0,183.1,44.99,1.41,43.222217,-0.051812,12,1,8.06,438.20
803152,-0.03,-0.03,0.01,-0.06,-0.06,-0.06,-0.9,0.0,183.1,44.99,1.40,43.222217,-0.051812,12,1,8.06,438.20
803458,-0.03,-0.00,0.02,0.06,-0.06,0.00,-0.9,0.0,183.1,44.99,1.42,43.222217,-0.051812,12,1,8.06,438.20
803764,-0.03,-0.02,0.00,-0.12,0.12,0.06,-0.9,0.0,183.1,45.00,1.42,43.222217,-0.051812,12,1,8.06,438.20
804070,-0.01,-0.01,0.00,-0.06,0.06,-0.12,-0.9,0.0,183.1,45.00,1.42,43.222217,-0.051811,12,1,8.06,438.20
804376,-0.05,-0.01,0.00,0.06,-0.12,0.12,-0.9,0.0,183.1,45.00,1.41,43.222217,-0.051811,12,1,8.06,438.20
804682,-0.03,0.00,0.01,0.00,-0.06,0.06,-0.9,0.0,183.1,45.00,1.42,43.222217,-0.051811,12,1,8.06,438.20
804988,-0.03,-0.01,-0.00,-0.06,0.12,-0.25,-0.9,0.0,183.1,45.00,1.41,43.222217,-0.051811,12,1,8.05,438.20
805294,-0.02,-0.02,-0.01,0.06,0.06,0.18,-0.9,0.0,183.1,45.01,1.40,43.222217,-0.051811,12,1,8.05,438.20
805600,-0.02,-0.01,-0.00,0.00,-0.18,0.18,-0.9,0.0,183.1,45.01,1.40,43.222217,-0.051811,12,1,8.05,438.20
805906,-0.02,-0.02,0.00,0.00,0.00,0.00,-0.9,0.0,183.1,45.01,1.40,43.222217,-0.051811,12,1,8.05,438.20
806212,-0.05,-0.02,0.00,0.06,0.06,0.06,-0.9,0.0,183.1,45.02,1.41,43.222217,-0.051811,12,1,8.05,438.20
806518,-0.03,-0.01,0.00,-0.12,-0.06,0.06,-0.9,0.0,183.1,45.01,1.41,43.222217,-0.051811,12,1,8.05,438.20
806824,-0.03,-0.02,0.00,-0.06,0.00,-0.12,-0.9,0.0,183.1,45.02,1.43,43.222217,-0.051811,12,1,8.05,438.20
807130,-0.02,-0.01,0.00,-0.06,0.00,0.00,-0.9,0.0,183.1,45.02,1.43,43.222217,-0.051811,12,1,8.06,438.20
807436,-0.01,-0.01,-0.02,0.06,0.06,0.12,-0.9,0.0,183.1,45.02,1.44,43.222217,-0.051811,12,1,8.06,438.20
807742,-0.03,-0.01,0.00,0.06,-0.12,-0.06,-0.9,0.0,183.1,45.02,1.44,43.222217,-0.051811,12,1,8.06,438.20
808048,-0.03,-0.02,0.00,0.06,-0.06,-0.25,-0.9,0.0,183.1,45.03,1.44,43.222217,-0.051811,12,1,8.06,438.20
808354,-0.03,-0.01,0.01,0.06,0.12,0.00,-0.9,0.0,183.1,45.03,1.44,43.222217,-0.051811,12,1,8.06,438.20
808660,-0.03,-0.02,-0.00,0.00,0.18,0.12,-0.9,0.0,183.1,45.03,1.43,43.222217,-0.051811,12,1,8.06,438.20
809272,-0.02,-0.02,0.00,0.00,0.00,0.00,-0.9,0.0,183.1,45.03,1.44,43.222217,-0.051811,12,1,8.05,438.20
809578,-0.01,0.00,0.00,0.06,0.00,-0.06,-0.9,0.0,183.1,45.03,1.44,43.222217,-0.051811,12,1,8.05,438.20
809884,0.00,-0.02,-0.01,-0.06,0.06,-0.12,-0.9,0.0,183.1,45.04,1.44,43.222217,-0.051811,12,1,8.05,438.20
810190,-0.02,-0.01,0.01,0.00,0.06,0.06,-0.9,0.0,183.1,45.04,1.43,43.222217,-0.051811,12,1,8.06,438.20
810496,-0.05,-0.00,0.00,0.00,0.18,0.06,-0.9,0.0,183.1,45.04,1.44,43.222217,-0.051811,12,1,8.06,438.20
810802,-0.02,0.00,0.00,0.00,0.00,-0.18,-0.9,0.0,183.1,45.04,1.44,43.222217,-0.051811,12,1,8.06,438.20
811108,-0.02,-0.02,0.00,0.06,-0.06,-0.12,-0.9,0.0,183.1,45.04,1.44,43.222217,-0.051811,12,1,8.05,438.10
811414,-0.02,-0.02,0.00,0.00,0.06,-0.06,-0.9,0.0,183.1,45.05,1.44,43.222217,-0.051811,12,1,8.05,438.10
811720,-0.05,-0.02,0.00,0.00,0.00,-0.06,-0.9,0.0,183.1,45.05,1.43,43.222217,-0.051811,12,1,8.05,438.10
812026,-0.01,-0.00,0.00,0.00,-0.12,-0.06,-0.9,0.0,183.1,45.05,1.43,43.222217,-0.051812,12,1,8.05,438.10
812332,-0.03,-0.02,0.00,0.06,0.00,-0.06,-0.9,0.0,183.1,45.05,1.43,43.222217,-0.051812,12,1,8.05,438.10
812638,-0.01,-0.02,0.00,-0.06,0.00,0.06,-0.9,0.0,183.1,45.06,1.44,43.222217,-0.051812,12,1,8.05,438.10
812944,-0.00,-0.02,0.00,0.06,-0.12,0.00,-0.9,0.0,183.1,45.06,1.44,43.222217,-0.051812,12,1,8.05,438.00
813250,-0.03,-0.00,-0.01,-0.06,0.06,-0.18,-0.9,0.0,183.1,45.06,1.43,43.222217,-0.051812,12,1,8.05,438.00
813556,-0.05,-0.02,-0.00,0.00,-0.12,0.12,-0.9,0.0,183.1,45.06,1.44,43.222217,-0.051812,12,1,8.05,438.00
813862,-0.03,-0.01,0.00,-0.06,-0.06,0.00,-0.9,0.0,183.1,45.06,1.43,43.222217,-0.051812,12,1,8.05,438.00
814474,-0.03,-0.01,0.01,-0.06,-0.06,-0.18,-0.9,0.0,183.1,45.07,1.43,43.222217,-0.051812,12,1,8.05,438.00
814780,-0.03,-0.00,0.02,0.06,0.25,0.06,-0.9,0.0,183.1,45.07,1.42,43.222217,-0.051812,12,1,8.05,438.00
815086,-0.03,-0.02,0.00,0.12,-0.06,0.12,-0.9,0.0,183.1,45.07,1.42,43.222217,-0.051812,12,1,8.05,438.00
815392,-0.02,-0.02,0.00,0.06,-0.12,0.12,-0.9,0.0,183.1,45.07,1.43,43.222217,-0.051812,12,1,8.05,438.00
815698,-0.03,-0.02,0.01,-0.06,0.06,0.00,-0.9,0.0,183.1,45.08,1.43,43.222217,-0.051812,12,1,8.05,438.00
816004,-0.03,-0.01,0.00,0.12,0.00,0.00,-0.9,0.0,183.1,45.08,1.43,43.222217,-0.051813,12,1,8.05,438.00
816310,-0.03,-0.02,-0.00,0.00,0.25,-0.06,-0.9,0.0,183.1,45.08,1.43,43.222217,-0.051813,12,1,8.05,438.00
816616,-0.03,0.00,0.00,-0.06,0.06,0.00,-0.9,0.0,183.1,45.08,1.42,43.222217,-0.051813,12,1,8.05,438.00
816922,-0.05,-0.03,0.00,0.00,-0.12,0.12,-0.9,0.0,183.1,45.09,1.42,43.222217,-0.051813,12,1,8.05,438.00
817228,-0.01,-0.02,0.00,0.00,-0.06,-0.06,-0.9,0.0,183.1,45.09,1.42,43.222217,-0.051813,12,1,8.05,438.00
817534,-0.03,-0.01,0.00,-0.06,0.12,0.06,-0.9,0.0,183.1,45.09,1.42,43.222217,-0.051813,12,1,8.05,438.00
817840,-0.03,-0.02,0.00,0.00,0.18,0.00,-0.9,0.0,183.1,45.09,1.43,43.222217,-0.051813,12,1,8.05,438.00
818146,-0.03,-0.00,0.00,0.00,0.00,0.18,-0.9,0.0,183.1,45.09,1.43,43.222217,-0.051813,12,1,8.05,438.00
818452,-0.02,-0.02,0.00,-0.06,0.12,-0.18,-0.9,0.0,183.1,45.10,1.44,43.222217,-0.051813,12,1,8.05,438.00
818758,-0.01,-0.02,-0.00,0.06,0.00,0.12,-0.9,0.0,183.1,45.10,1.43,43.222217,-0.051813,12,1,8.05,438.00
819064,-0.02,-0.01,0.00,-0.06,0.12,-0.12,-0.9,0.0,183.1,45.10,1.43,43.222217,-0.051813,12,1,8.05,438.00
819370,-0.03,-0.02,0.01,0.00,0.06,-0.18,-0.9,0.0,183.1,45.10,1.43,43.222217,-0.051813,12,1,8.05,437.89
819676,-0.02,-0.03,-0.01,0.00,0.12,0.00,-0.9,0.0,183.1,45.10,1.43,43.222217,-0.051813,12,1,8.05,437.89
819982,-0.02,-0.01,-0.00,0.06,0.00,0.00,-0.9,0.0,183.1,45.11,1.43,43.222217,-0.051813,12,1,8.05,438.00
820288,-0.05,-0.02,0.00,0.00,0.12,-0.06,-0.9,0.0,183.1,45.11,1.43,43.222217,-0.051813,12,1,8.05,437.89
820594,-0.01,-0.01,0.01,0.00,0.00,0.18,-0.9,0.0,183.1,45.11,1.43,43.222217,-0.051813,12,1,8.05,437.89
820900,-0.01,-0.00,0.00,0.12,0.06,-0.18,-0.9,0.0,183.1,45.11,1.42,43.222217,-0.051813,12,1,8.05,438.00
821206,-0.01,-0.01,-0.00,0.12,-0.12,0.06,-0.9,0.0,183.1,45.11,1.43,43.222217,-0.051813,12,1,8.05,438.00
821818,-0.01,-0.05,-0.01,0.18,0.12,0.00,-0.9,0.0,183.1,45.12,1.42,43.222217,-0.051813,12,1,8.05,438.00
822124,-0.03,-0.02,-0.00,0.06,-0.18,0.25,-0.9,0.0,183.1,45.12,1.41,43.222217,-0.051813,12,1,8.05,438.00
822430,-0.03,-0.02,0.00,0.00,0.00,-0.12,-0.9,0.0,183.1,45.12,1.40,43.222217,-0.051813,12,1,8.05,438.00
822736,-0.03,-0.02,0.01,-0.06,0.00,0.00,-0.9,0.0,183.1,45.12,1.41,43.222217,-0.051813,12,1,8.05,438.00
823042,-0.00,0.00,0.00,0.00,0.12,0.06,-0.9,0.0,183.1,45.13,1.40,43.222217,-0.051813,12,1,8.05,438.00
823348,-0.01,-0.02,0.01,0.06,-0.06,-0.12,-0.9,0.0,183.1,45.13,1.41,43.222217,-0.051813,12,1,8.05,438.00
823654,-0.02,-0.01,0.01,0.18,-0.06,0.06,-0.9,0.0,183.1,45.13,1.42,43.222217,-0.051813,12,1,8.05,438.00
823960,-0.02,-0.03,0.00,0.06,0.00,0.25,-0.9,0.0,183.1,45.13,1.41,43.222217,-0.051813,12,1,8.05,438.00
824266,-0.03,-0.00,0.00,-0.06,0.06,-0.06,-0.9,0.0,183.1,45.14,1.41,43.222217,-0.051813,12,1,8.05,438.00
824572,-0.03,-0.02,0.00,0.00,0.06,-0.12,-0.9,0.0,183.1,45.14,1.41,43.222217,-0.051813,12,1,8.05,438.00
824878,-0.01,-0.02,0.02,0.00,-0.12,0.00,-0.9,0.0,183.1,45.14,1.41,43.222217,-0.051813,12,1,8.05,438.00
825490,-0.03,-0.01,-0.00,0.06,0.00,0.06,-0.9,0.0,183.1,45.14,1.41,43.222217,-0.051813,12,1,8.05,438.00
825796,-0.03,-0.02,-0.00,-0.12,-0.06,-0.06,-0.9,0.0,183.1,45.15,1.42,43.222217,-0.051813,12,1,8.05,438.00
826102,-0.01,-0.01,0.02,-0.06,0.00,0.06,-0.9,0.0,183.1,45.15,1.42,43.222217,-0.051814,12,1,8.05,438.00
826408,-0.03,-0.01,0.00,0.06,0.00,0.18,-0.9,0.0,183.1,45.15,1.42,43.222217,-0.051814,12,1,8.05,438.00
826714,-0.01,-0.02,0.00,0.12,0.18,0.06,-0.9,0.0,183.1,45.15,1.42,43.222217,-0.051814,12,1,8.05,438.00
827020,-0.05,-0.01,0.00,0.00,0.18,-0.06,-0.9,0.0,183.1,45.15,1.43,43.222217,-0.051814,12,1,8.05,438.00
827326,-0.03,-0.01,0.00,0.00,0.18,-0.12,-0.9,0.0,183.1,45.16,1.44,43.222217,-0.051814,12,1,8.05,438.00
827632,-0.03,-0.05,0.00,-0.06,-0.12,0.12,-0.9,0.0,183.1,45.16,1.43,43.222217,-0.051814,12,1,8.05,438.00
827938,-0.03,-0.00,-0.01,0.00,0.25,-0.12,-0.9,0.0,183.1,45.16,1.43,43.222217,-0.051814,12,1,8.05,438.10
828244,-0.02,-0.01,0.00,0.06,-0.06,-0.12,-0.9,0.0,183.1,45.16,1.43,43.222217,-0.051814,12,1,8.05,438.10
828550,-0.03,-0.00,0.00,0.18,0.06,0.00,-0.9,0.0,183.1,45.16,1.41,43.222217,-0.051814,12,1,8.05,438.10
828856,-0.03,-0.02,0.01,-0.12,0.25,-0.25,-0.9,0.0,183.1,45.17,1.41,43.222217,-0.051814,12,1,8.05,438.10
829162,-0.02,-0.02,0.00,-0.06,0.12,-0.06,-0.9,0.0,183.1,45.17,1.41,43.222217,-0.051814,12,1,8.05,438.10
829468,-0.05,-0.02,0.00,-0.06,0.18,-0.06,-0.9,0.0,183.1,45.17,1.42,43.222217,-0.051814,12,1,8.05,438.10
829774,-0.01,-0.00,0.00,-0.12,0.12,0.12,-0.9,0.0,183.1,45.17,1.41,43.222217,-0.051814,12,1,8.05,438.10
830080,-0.01,-0.00,0.01,0.00,-0.06,-0.06,-0.9,0.0,183.1,45.18,1.40,43.222217,-0.051814,12,1,8.05,438.10
830386,-0.05,-0.02,0.00,0.12,0.12,0.06,-0.9,0.0,183.1,45.18,1.40,43.222217,-0.051814,12,1,8.05,438.10
830692,-0.03,-0.03,-0.00,0.06,0.12,0.00,-0.9,0.0,183.1,45.18,1.39,43.222217,-0.051814,12,1,8.05,438.10
830998,-0.03,-0.02,0.00,0.06,0.12,0.12,-0.9,0.0,183.1,45.18,1.39,43.222217,-0.051814,12,1,8.05,438.10
831304,-0.05,-0.02,0.00,0.06,-0.12,-0.06,-0.9,0.0,183.1,45.18,1.39,43.222217,-0.051814,12,1,8.05,438.10
831610,-0.02,-0.00,0.00,0.00,0.00,0.00,-0.9,0.0,183.1,45.18,1.39,43.222217,-0.051814,12,1,8.05,438.10
831916,-0.00,-0.00,0.00,0.00,-0.06,-0.12,-0.9,0.0,183.1,45.19,1.39,43.222217,-0.051814,12,1,8.05,438.10
832222,-0.02,-0.03,0.02,-0.06,0.06,0.12,-0.9,0.0,183.1,45.19,1.38,43.222217,-0.051814,12,1,8.05,438.10
832528,-0.03,-0.03,0.00,-0.06,-0.12,0.06,-0.9,0.0,183.1,45.19,1.39,43.222217,-0.051814,12,1,8.05,438.10
832834,-0.02,-0.02,0.02,0.06,-0.06,0.06,-0.9,0.0,183.1,45.19,1.38,43.222217,-0.051814,12,1,8.05,438.10
833446,0.27,-0.70,0.19,-1.56,-2.00,-0.12,-0.9,0.0,183.1,45.20,1.39,43.222217,-0.051814,12,1,8.05,438.10
833752,0.11,0.20,-0.11,-20.25,4.37,26.93,-1.0,0.9,182.0,45.20,1.40,43.222217,-0.051814,12,1,8.05,438.10
834058,-0.03,-0.25,0.13,7.93,22.18,15.93,-1.3,5.4,177.4,45.20,1.39,43.222217,-0.051814,12,1,8.05,438.10
834670,0.40,-0.70,0.40,14.68,-2.37,4.06,-4.5,6.4,172.9,45.20,1.45,43.222217,-0.051815,12,1,8.05,438.20
834976,0.10,0.00,0.01,0.68,-1.06,-3.87,-4.3,6.8,171.3,45.21,1.46,43.222217,-0.051815,12,1,8.05,438.20
835282,-0.05,-0.10,0.20,-3.93,-3.00,-4.00,-4.5,6.5,171.0,45.21,1.46,43.222217,-0.051815,12,1,8.05,438.20
835588,0.75,0.23,0.79,17.12,-65.06,-35.56,-1.8,6.9,173.8,45.21,1.48,43.222217,-0.051815,12,1,8.05,438.20
835894,-0.61,0.11,0.00,26.25,-8.18,-37.12,2.3,7.1,177.0,45.21,1.53,43.222217,-0.051815,12,1,8.05,438.20
836200,-0.55,-0.55,-0.34,-5.12,66.81,138.62,-3.0,-1.6,177.1,45.21,1.49,43.222217,-0.051816,12,1,8.05,438.20
836506,0.81,0.41,-0.05,0.93,74.06,-11.68,-15.3,-3.2,158.8,45.22,1.54,43.222217,-0.051816,12,1,8.05,438.20
836812,1.65,-0.43,-0.45,-33.00,41.25,-7.25,-30.3,-16.5,153.7,45.22,1.77,43.222217,-0.051816,12,1,8.05,438.20
837118,-0.30,-1.02,-0.72,6.81,-5.12,-9.50,-23.1,-15.2,159.0,45.21,1.88,43.222217,-0.051816,12,1,8.05,438.20
837730,-0.80,-1.40,-0.83,-21.50,-8.25,27.31,-11.9,-2.5,152.8,45.21,1.67,43.222217,-0.051816,12,1,8.05,438.20
838036,0.38,-1.44,1.65,-4.68,-43.56,78.56,-9.1,-1.0,138.6,45.21,1.56,43.222217,-0.051816,12,1,8.05,438.29
838648,1.74,-0.40,-0.60,-11.50,-6.62,36.93,-9.5,-12.5,111.5,45.21,1.84,43.222217,-0.051816,12,1,8.05,438.50
838954,0.23,0.00,-1.00,-1.00,-2.31,1.43,-9.7,-12.5,105.2,45.21,1.69,43.222217,-0.051816,12,1,8.05,438.60
839260,-1.25,0.93,-0.50,-6.56,24.87,19.31,-8.5,-13.0,101.1,45.21,1.60,43.222217,-0.051819,12,1,8.05,438.60
839566,0.55,-0.17,-0.41,6.56,1.43,13.18,-8.9,-15.3,94.8,45.22,1.78,43.222217,-0.051819,12,1,8.05,438.60
839872,0.52,-0.05,0.00,-2.81,-1.62,-15.06,-8.3,-15.5,93.8,45.21,1.87,43.222217,-0.051819,12,1,8.05,438.60
840178,-0.05,0.25,-0.28,-2.31,-1.62,-2.31,-6.9,-15.0,96.4,45.21,1.86,43.222217,-0.051819,12,1,8.05,438.60
840790,0.00,0.18,0.17,-3.87,-2.25,5.75,-5.3,-12.0,95.2,45.21,1.95,43.222217,-0.051819,12,1,8.05,438.50
841096,0.07,0.27,0.19,-2.93,-3.50,8.25,-4.2,-11.8,93.3,45.21,2.00,43.222217,-0.051819,12,1,8.05,438.50
841402,-0.01,0.22,-0.18,6.87,-5.06,1.37,-3.0,-12.1,92.7,45.20,1.95,43.222217,-0.051820,12,1,8.05,438.39
841708,0.35,0.65,0.97,28.12,-0.06,-1.18,-1.2,-15.1,92.0,45.20,1.94,43.222217,-0.051820,12,1,8.05,438.39
842014,1.34,-0.23,0.00,26.87,-28.00,-1.25,-5.5,-21.1,92.0,45.20,2.04,43.222217,-0.051820,12,1,8.05,438.39
842626,0.51,-0.58,-0.15,34.31,6.31,12.37,-8.0,-34.7,90.1,45.19,2.26,43.222217,-0.051822,12,1,8.05,438.50
842932,0.73,-1.49,-0.30,-8.43,22.56,33.56,-8.3,-39.9,80.7,45.19,2.44,43.222217,-0.051822,12,1,8.05,438.50
843238,-0.22,0.98,0.44,-49.75,8.62,43.25,-5.0,-27.5,64.0,45.18,2.53,43.222217,-0.051827,12,1,8.05,438.50
843544,-0.75,1.00,-0.20,5.93,49.50,9.75,-3.1,-20.0,52.1,45.18,2.67,43.222217,-0.051827,12,1,8.05,438.39
843850,0.70,-0.35,0.70,-23.56,68.75,74.50,-5.3,-18.8,40.8,45.17,2.83,43.222217,-0.051827,12,1,8.05,438.39
844156,0.91,0.56,-0.57,8.00,2.00,-2.75,-6.6,-20.3,34.4,45.17,2.69,43.222217,-0.051827,12,1,8.05,438.39
844462,0.86,1.25,1.37,-31.62,6.81,-9.06,-2.0,-14.7,35.1,45.16,2.49,43.222217,-0.051835,12,1,8.04,438.29
844768,-0.11,-0.37,-1.15,0.18,4.31,-34.56,-6.2,-14.3,36.8,45.16,2.37,43.222217,-0.051835,12,1,8.04,438.39
845380,1.94,1.39,-0.81,5.75,-66.37,-48.18,-10.8,-14.6,66.6,45.16,2.29,43.222217,-0.051835,12,1,8.05,438.39
845686,-0.54,-0.15,0.13,8.12,-56.31,-53.25,-0.7,-14.8,84.3,45.15,2.24,43.222217,-0.051835,12,1,8.05,438.29
845992,-0.07,-0.23,0.20,-9.37,-9.62,-79.93,1.9,-18.7,101.3,45.15,2.28,43.222217,-0.051835,12,1,8.05,438.29
846298,-0.56,-0.00,-0.91,7.31,-34.87,-47.31,2.0,-17.9,115.8,45.15,2.24,43.222217,-0.051835,12,1,8.05,438.29
846910,-0.49,0.50,-0.30,-20.12,-3.68,-13.06,7.6,-23.9,136.6,45.15,2.13,43.222217,-0.051835,12,1,8.05,438.20
847216,-0.07,-1.11,1.10,-16.18,30.43,27.31,7.0,-22.6,128.5,45.15,2.16,43.222217,-0.051835,12,1,8.05,438.10
847522,0.61,-0.22,-0.27,-1.37,9.06,-2.12,5.8,-27.1,122.4,45.15,2.12,43.222217,-0.051834,12,1,8.05,438.20
847828,-0.28,1.01,-0.81,-21.56,59.75,38.50,3.1,-23.9,117.1,45.15,2.04,43.222217,-0.051834,12,1,8.05,438.20
848134,-1.09,-0.13,-0.61,-35.25,-12.37,8.81,-9.9,-9.1,102.8,45.15,2.06,43.222217,-0.051834,12,1,8.05,438.20
848440,-0.83,0.61,-0.85,-10.18,13.75,8.25,-10.1,3.5,102.5,45.15,2.08,43.222217,-0.051833,12,1,8.05,438.10
849052,1.29,-0.05,1.63,35.56,-21.25,-67.18,-7.0,7.0,122.0,45.15,2.04,43.222217,-0.051833,12,1,8.05,437.70
849358,0.88,0.38,0.30,16.12,-19.31,-42.37,-4.1,1.7,130.9,45.15,2.08,43.222217,-0.051832,12,1,8.05,437.60
849664,-0.34,0.31,-0.00,2.81,-15.18,-1.06,0.9,2.7,135.1,45.14,1.98,43.222217,-0.051832,12,1,8.05,437.50
849970,-0.34,0.15,0.07,15.50,11.68,-0.06,3.6,-2.8,135.2,45.14,1.78,43.222217,-0.051832,12,1,8.05,437.50
850276,0.00,-0.27,-0.07,-9.62,3.75,-0.12,4.0,-0.1,135.2,45.14,1.84,43.222217,-0.051832,12,1,8.05,437.50
850582,-0.12,0.07,0.00,2.68,0.68,-0.18,3.9,-1.5,135.2,45.14,1.90,43.222217,-0.051829,12,1,8.05,437.39
850888,-0.09,0.07,-0.00,1.68,0.43,-0.18,3.8,-1.3,135.2,45.13,1.87,43.222217,-0.051829,12,1,8.05,437.39
851194,-0.11,-0.02,-0.01,0.93,0.25,0.12,3.8,-1.2,135.2,45.13,2.00,43.222217,-0.051829,12,1,8.05,437.39
851500,0.11,0.00,-0.09,-4.37,0.25,-0.06,3.8,-1.0,135.2,45.12,2.13,43.222217,-0.051830,12,1,8.05,437.39
852112,-0.07,0.01,0.00,0.43,0.06,0.06,3.7,-1.1,135.2,45.10,2.19,43.222217,-0.051830,12,1,8.05,437.39
852418,-0.05,0.05,0.01,1.43,0.18,0.00,3.6,-1.2,135.2,45.10,2.06,43.222217,-0.051830,12,1,8.05,437.39
852724,-0.01,-0.05,0.00,-1.50,-0.06,0.12,3.6,-1.1,135.2,45.09,2.20,43.222217,-0.051830,12,1,8.05,437.29
853030,-0.05,-0.00,0.00,1.25,0.06,-0.06,3.6,-1.0,135.2,45.08,2.54,43.222217,-0.051830,12,1,8.05,437.39
853336,-0.13,-0.02,0.03,-10.31,4.93,0.06,3.5,0.1,135.3,45.06,2.64,43.222217,-0.051829,12,1,8.04,437.39
853642,-0.00,0.07,0.01,10.31,-0.50,0.31,3.6,-0.8,135.2,45.05,2.59,43.222217,-0.051829,12,1,8.04,437.39
853948,-0.05,-0.19,0.00,-23.68,9.75,0.25,3.3,0.5,132.5,45.04,2.73,43.222217,-0.051829,12,1,8.04,437.39
854254,1.12,-0.47,0.12,-9.56,-6.75,-56.12,1.0,3.3,134.5,45.02,3.22,43.222217,-0.051829,12,1,8.04,437.50
854560,-0.31,0.20,0.85,-9.93,-20.56,-21.12,1.5,4.0,138.0,45.01,3.12,43.222217,-0.051829,12,1,8.05,437.50
854866,-0.31,-0.61,1.12,-3.93,-1.25,-2.00,3.6,8.8,142.3,45.00,2.84,43.222217,-0.051829,12,1,8.05,437.60
855172,0.22,0.15,-0.69,20.43,8.25,-36.68,2.2,2.0,147.7,44.99,2.87,43.222217,-0.051829,12,1,8.05,437.70
855478,-0.23,0.22,-0.25,0.50,-11.12,-9.43,2.0,0.1,154.6,44.99,2.81,43.222217,-0.051828,12,1,8.05,437.79
855784,-0.10,-0.41,-0.55,8.50,-6.31,-1.93,2.8,-1.1,158.0,44.98,2.67,43.222217,-0.051828,12,1,8.05,437.79
856090,-0.07,0.00,-0.28,-17.12,-6.43,2.75,3.0,-3.3,158.9,44.99,2.39,43.222217,-0.051828,12,1,8.05,437.89
856396,-0.61,0.13,0.30,7.43,-2.06,11.68,4.5,1.1,158.3,44.99,2.16,43.222217,-0.051826,12,1,8.05,437.89
856702,0.55,-0.19,0.63,-34.18,18.50,7.50,1.6,5.7,158.3,44.99,2.01,43.222217,-0.051826,12,1,8.05,437.89
857008,0.40,-0.27,0.70,38.37,-6.56,-8.68,0.0,0.6,156.8,44.99,1.93,43.222217,-0.051826,12,1,8.05,437.89
857314,-0.41,-1.76,-0.79,-9.56,-39.93,-13.18,9.3,-6.0,159.2,44.99,1.78,43.222217,-0.051826,12,1,8.05,437.79
857620,0.65,-0.35,2.34,-10.37,-1.37,25.68,9.4,-5.1,154.4,44.99,1.69,43.222225,-0.051826,12,1,8.05,437.70
857926,-1.17,-0.19,-0.27,4.75,2.93,3.75,10.5,-2.6,153.7,44.99,1.73,43.222225,-0.051826,12,1,8.05,437.60
858232,-0.77,0.09,0.25,-16.43,26.68,12.56,8.9,-0.1,149.9,44.99,1.82,43.222225,-0.051826,12,1,8.05,437.50
858538,0.79,0.01,0.50,-7.87,8.31,16.25,0.9,2.0,147.3,44.99,1.84,43.222217,-0.051827,12,1,8.05,437.39
858844,0.00,-0.43,-0.40,-9.31,1.93,19.12,-0.4,3.8,144.7,44.99,1.73,43.222217,-0.051827,12,1,8.05,437.39
859150,-1.61,0.07,0.45,1.87,4.25,20.25,-1.0,1.6,138.8,44.99,1.76,43.222217,-0.051827,12,1,8.05,437.39
859456,0.13,0.03,-0.01,0.93,1.25,-0.18,-0.9,1.6,138.3,44.99,1.67,43.222217,-0.051827,12,1,8.05,437.39
859762,-0.15,-0.09,-0.05,0.18,2.25,0.25,-1.0,1.6,138.3,44.98,1.74,43.222217,-0.051827,12,1,8.05,437.29
860068,-0.22,0.37,-0.02,4.75,3.75,1.18,-2.2,0.6,138.1,44.97,1.82,43.222217,-0.051827,12,1,8.05,437.39
860374,0.36,-0.66,0.07,-18.25,-14.25,-2.31,-2.3,0.6,138.1,44.97,1.82,43.222217,-0.051827,12,1,8.05,437.39
860680,0.11,-0.15,0.01,0.68,3.06,0.43,-1.1,1.4,138.1,44.97,1.85,43.222217,-0.051827,12,1,8.05,437.39
860986,-0.05,0.00,0.01,-1.87,-1.68,0.00,-1.7,1.1,138.1,44.96,1.84,43.222217,-0.051827,12,1,8.05,437.39
861292,0.35,-0.20,-0.00,-7.06,-10.31,-1.00,-1.6,1.1,138.1,44.96,1.89,43.222217,-0.051827,12,1,8.05,437.29
861904,0.50,0.20,0.76,4.12,4.25,-0.62,-1.4,1.3,138.1,44.96,1.69,43.222217,-0.051827,12,1,8.05,437.20
862210,-0.09,-0.00,-0.01,-2.43,-3.37,-0.18,-1.3,1.4,138.1,44.97,1.59,43.222217,-0.051827,12,1,8.05,437.10
862516,0.00,-0.11,0.00,0.56,0.93,0.06,-1.3,1.4,138.1,44.97,1.48,43.222217,-0.051827,12,1,8.05,437.20
863128,-0.00,-0.01,0.00,-4.81,-5.31,-0.68,-2.0,1.0,136.1,44.97,1.37,43.222217,-0.051827,12,1,8.05,437.20
863434,0.07,0.09,0.00,6.75,8.50,0.93,-1.8,1.1,136.1,44.97,1.36,43.222217,-0.051828,12,1,8.05,437.20
863740,0.05,-0.50,-0.43,-10.68,-13.93,-35.31,-1.3,1.5,136.4,44.98,1.35,43.222217,-0.051828,12,1,8.05,437.20
864046,-0.28,0.27,0.00,-52.62,15.75,-6.25,0.4,4.1,139.4,44.98,1.33,43.222217,-0.051828,12,1,8.05,437.20
864352,-0.01,-0.38,-0.55,-3.87,4.93,-5.81,-3.7,5.7,141.9,44.98,1.32,43.222217,-0.051828,12,1,8.05,437.20
864658,-0.09,0.13,-0.58,8.75,3.00,-36.43,-2.3,3.1,148.5,44.98,1.36,43.222217,-0.051829,12,1,8.04,437.20
864964,-0.35,0.30,-0.27,7.50,5.06,-36.31,-1.8,2.0,161.6,44.98,1.46,43.222217,-0.051829,12,1,8.04,437.10
865270,0.02,0.40,0.30,-1.43,10.81,-7.00,-1.5,2.8,167.1,44.98,1.48,43.222217,-0.051829,12,1,8.04,437.00
865576,-0.31,0.02,-0.25,-8.25,-10.75,6.43,-1.1,3.9,166.9,44.98,1.43,43.222217,-0.051828,12,1,8.05,436.89
866188,0.03,-0.35,0.12,-9.62,-17.50,6.18,5.3,7.9,162.7,44.99,1.50,43.222217,-0.051828,12,1,8.05,436.60
866494,-0.11,-0.25,0.38,2.31,-8.75,9.37,7.5,6.8,160.8,44.99,1.50,43.222217,-0.051828,12,1,8.05,436.50
866800,0.74,0.40,-0.19,-14.62,1.43,-3.12,7.3,9.3,162.6,44.99,1.48,43.222217,-0.051828,12,1,8.05,436.39
867106,0.63,0.25,1.45,26.62,6.75,10.93,6.6,7.3,162.0,44.99,1.45,43.222217,-0.051828,12,1,8.05,436.39
867412,-0.19,-0.30,0.47,22.81,19.50,1.50,7.0,5.6,161.3,44.99,1.44,43.222217,-0.051828,12,1,8.05,436.29
868024,0.93,0.45,3.74,-32.87,-15.12,23.68,6.0,8.1,154.8,45.00,1.38,43.222217,-0.051829,12,1,8.04,436.29
868330,-0.43,0.55,-0.15,9.37,-9.25,4.31,1.5,5.9,152.0,45.00,1.44,43.222217,-0.051829,12,1,8.04,436.20
868636,0.02,-0.15,1.13,-2.56,-1.75,22.62,1.1,4.5,150.7,45.00,1.46,43.222217,-0.051828,12,1,8.05,436.20
868942,0.11,1.26,-0.05,-8.81,-28.75,-10.81,-1.0,2.5,151.9,45.00,1.43,43.222217,-0.051828,12,1,8.05,436.20
869248,-0.15,-0.20,0.93,7.87,2.87,13.50,-3.8,3.6,154.5,45.00,1.43,43.222217,-0.051828,12,1,8.05,436.20
869860,-0.52,-0.02,-0.33,-6.12,0.25,0.00,-2.1,1.6,153.3,45.00,1.53,43.222217,-0.051828,12,1,8.05,436.20
870166,-0.49,0.27,-0.00,1.31,4.00,10.68,-4.1,0.2,148.6,45.01,1.50,43.222217,-0.051828,12,1,8.05,436.10
870472,0.20,-0.12,0.37,11.37,0.25,1.25,-1.7,-1.0,147.0,45.01,1.49,43.222217,-0.051828,12,1,8.05,436.10
870778,-0.41,-1.95,0.20,-1.37,-6.18,1.50,-0.4,-3.6,144.4,45.01,1.53,43.222217,-0.051828,12,1,8.05,436.10
871084,-0.90,1.54,-1.38,-27.00,18.93,133.18,-2.5,-4.0,136.1,45.01,1.56,43.222217,-0.051828,12,1,8.05,436.00
871696,0.18,0.11,-0.12,12.31,-10.25,51.50,3.8,-4.8,127.6,45.02,1.52,43.222217,-0.051828,12,1,8.04,436.00
872002,0.07,0.22,-0.54,5.00,-7.56,-3.00,4.5,-5.9,127.0,45.02,1.53,43.222217,-0.051828,12,1,8.04,436.00
872308,-0.11,-0.13,0.03,0.87,3.62,7.68,4.1,-6.2,126.7,45.02,1.55,43.222217,-0.051828,12,1,8.04,435.89
872614,-0.72,-0.07,0.22,12.75,9.81,-16.37,3.0,-6.1,126.9,45.03,1.54,43.222217,-0.051828,12,1,8.04,435.89
872920,0.30,-0.05,-0.40,-0.75,4.18,-2.68,3.0,-7.3,127.6,45.03,1.54,43.222217,-0.051828,12,1,8.04,435.79
873226,-0.15,-0.27,0.07,-1.62,-3.81,3.75,2.4,-7.0,127.4,45.03,1.55,43.222217,-0.051828,12,1,8.04,435.79
873532,0.73,0.07,0.47,-1.00,-8.25,-6.68,3.3,-6.6,127.7,45.03,1.54,43.222217,-0.051828,12,1,8.04,435.70
873838,-0.40,0.34,-0.61,-0.06,4.12,12.68,2.5,-6.8,126.1,45.03,1.55,43.222217,-0.051828,12,1,8.04,435.70
874144,-0.27,0.33,0.12,7.68,10.06,-7.00,2.1,-6.5,127.6,45.04,1.56,43.222217,-0.051828,12,1,8.04,435.70
874450,-0.15,-0.13,-0.02,-0.62,1.31,3.06,2.3,-7.5,128.0,45.04,1.56,43.222217,-0.051828,12,1,8.04,435.70
874756,-0.45,-0.13,-0.25,-6.00,4.37,13.25,1.6,-7.6,127.4,45.04,1.57,43.222217,-0.051826,12,1,8.05,435.70
875368,-0.33,0.34,-0.00,-4.75,1.18,3.50,0.8,-2.3,124.2,45.05,1.58,43.222217,-0.051826,12,1,8.05,435.60
875674,-0.73,0.43,0.15,6.56,10.56,26.25,-0.3,-3.2,121.0,45.05,1.57,43.222217,-0.051825,12,1,8.05,435.50
875980,-0.02,0.37,0.02,3.12,7.62,31.06,-1.3,-5.1,113.5,45.05,1.56,43.222217,-0.051825,12,1,8.05,435.50
876286,-0.05,0.19,0.03,-17.12,9.87,62.87,-3.8,-4.7,100.2,45.05,1.54,43.222217,-0.051825,12,1,8.05,435.29
876592,-0.36,0.00,-0.36,4.25,0.56,34.62,-3.9,-5.1,84.8,45.05,1.53,43.222217,-0.051824,12,1,8.05,435.29
876898,0.13,0.00,-0.45,-6.75,-8.68,-21.00,-2.3,-3.4,83.3,45.06,1.55,43.222217,-0.051824,12,1,8.05,435.20
877204,-0.35,0.63,0.50,-2.75,9.18,-61.81,-1.8,-0.5,96.9,45.06,1.57,43.222217,-0.051824,12,1,8.05,435.20
877510,1.20,-0.70,0.11,16.06,12.25,-51.50,-2.2,-1.6,110.0,45.06,1.55,43.222217,-0.051824,12,1,8.05,435.10
877816,0.23,-0.22,-0.07,7.12,9.06,-33.43,-4.7,-0.5,121.6,45.06,1.51,43.222217,-0.051822,12,1,8.05,435.00
878428,1.02,0.07,0.47,2.06,-6.75,9.50,-6.7,-0.4,122.6,45.07,1.49,43.222217,-0.051822,12,1,8.05,434.89
878734,0.44,0.11,-0.90,-3.62,-7.43,-10.62,-4.1,0.8,124.0,45.07,1.49,43.222217,-0.051820,12,1,8.04,434.79
879040,0.11,0.28,0.73,-21.93,-6.56,14.18,-1.8,3.0,125.7,45.07,1.53,43.222217,-0.051820,12,1,8.04,435.10
879346,-1.42,0.00,-0.05,25.68,-13.62,36.12,0.1,6.1,113.9,45.08,1.51,43.222217,-0.051820,12,1,8.04,435.00
879652,0.25,0.34,1.84,-6.56,12.12,44.43,0.7,-3.4,101.0,45.08,1.56,43.222217,-0.051821,12,1,8.04,435.10
879958,1.65,0.91,-1.90,-21.43,18.31,4.18,-3.2,5.7,97.0,45.08,1.61,43.222217,-0.051821,12,1,8.04,435.10
880264,1.00,0.41,-0.70,0.43,-0.18,8.62,-1.9,4.5,96.0,45.08,1.63,43.222217,-0.051821,12,1,8.04,435.10
880570,-0.86,1.17,1.30,-12.25,2.31,22.68,0.6,7.5,87.5,45.09,1.60,43.222217,-0.051821,12,1,8.04,434.79
880876,-0.12,0.37,0.98,-9.81,-21.75,50.56,-3.1,7.3,76.8,45.09,1.61,43.222217,-0.051825,12,1,8.05,434.79
881182,-0.95,1.78,0.28,-4.68,3.75,51.68,0.6,8.3,57.3,45.09,1.57,43.222217,-0.051825,12,1,8.05,434.60
881488,0.13,1.65,0.41,-3.12,-0.31,31.56,-2.9,11.6,42.3,45.09,1.60,43.222217,-0.051825,12,1,8.05,434.50
881794,0.61,1.45,0.30,-18.68,-12.06,49.43,-3.2,10.6,32.8,45.10,1.56,43.222217,-0.051833,12,1,8.05,434.39
882100,-2.33,-0.46,0.34,54.00,15.75,23.87,-3.8,10.7,18.5,45.10,1.52,43.222217,-0.051833,12,1,8.05,434.29
882406,-1.27,1.35,0.43,-20.56,11.31,9.56,-1.8,10.0,15.0,45.10,1.47,43.222217,-0.051833,12,1,8.05,434.20
883018,0.30,0.86,0.68,-8.56,6.18,37.06,-3.0,9.1,359.3,45.11,1.49,43.222209,-0.051832,12,1,8.05,434.29
883324,1.16,0.81,-1.90,-0.25,2.62,54.31,-6.6,9.5,345.8,45.11,1.45,43.222209,-0.051832,12,1,8.05,434.29
883630,-0.27,0.75,0.63,-11.25,2.06,96.81,-9.1,5.5,322.5,45.11,1.41,43.222209,-0.051827,12,1,8.05,434.29
883936,-0.44,0.28,1.90,-6.31,-7.81,35.31,-10.6,1.8,304.1,45.11,1.35,43.222209,-0.051827,12,1,8.05,434.20
884242,-0.45,0.49,1.08,-3.87,0.25,22.93,-9.6,2.3,296.3,45.12,1.32,43.222209,-0.051827,12,1,8.05,434.00
884548,-0.11,0.88,-0.90,-6.31,-14.12,10.81,-8.0,2.5,291.5,45.12,1.30,43.222209,-0.051827,12,1,8.05,434.10
884854,0.27,0.35,-0.49,-6.25,-15.62,8.81,-6.5,1.4,287.5,45.12,1.33,43.222209,-0.051827,12,1,8.04,434.20
885160,0.83,-0.34,-0.49,0.37,-8.81,24.56,-5.6,1.5,283.0,45.12,1.41,43.222209,-0.051827,12,1,8.04,434.10
885466,0.95,0.02,0.20,-7.25,6.31,38.31,-5.1,3.8,273.6,45.13,1.43,43.222209,-0.051827,12,1,8.04,434.00
885772,0.74,-0.12,-0.11,-11.18,-20.37,33.81,-2.0,4.3,263.6,45.13,1.44,43.222209,-0.051830,12,1,8.04,433.89
886384,-0.44,1.05,0.47,-11.75,12.31,53.12,0.5,7.3,235.1,45.14,1.46,43.222209,-0.051830,12,1,8.04,434.00
886690,0.83,0.52,-0.45,0.56,5.87,25.93,-1.3,6.1,223.5,45.14,1.50,43.222209,-0.051836,12,1,8.05,434.10
886996,-0.61,0.13,1.54,6.68,-10.37,6.81,-0.7,5.3,221.5,45.14,1.50,43.222209,-0.051836,12,1,8.05,434.29
887302,-0.56,-0.01,-1.55,1.81,-12.81,34.18,2.1,2.6,215.0,45.14,1.47,43.222209,-0.051836,12,1,8.05,434.29
887608,-0.15,-1.03,0.43,28.06,-2.25,22.50,1.1,1.8,202.5,45.14,1.47,43.222209,-0.051836,12,1,8.05,434.29
887914,-1.49,-1.90,-0.90,-2.25,-1.93,-72.06,5.0,-4.9,210.0,45.15,1.48,43.222209,-0.051839,12,1,8.04,434.20
888220,-1.96,-1.88,1.14,3.68,-11.25,-99.31,2.8,-6.1,240.8,45.15,1.54,43.222209,-0.051839,12,1,8.04,434.00
888526,-0.63,-0.20,0.02,-31.93,13.31,-11.06,0.8,0.0,255.7,45.15,1.50,43.222209,-0.051839,12,1,8.04,434.10
888832,0.17,-0.02,-0.56,5.43,-1.87,-16.62,-1.8,4.5,255.5,45.16,1.47,43.222209,-0.051851,12,1,8.04,434.10
889138,0.57,-0.51,-0.49,8.18,13.56,-76.68,-4.8,1.8,270.0,45.16,1.51,43.222209,-0.051851,12,1,8.04,434.00
889444,1.01,-2.18,-0.07,9.81,15.87,-120.37,-7.0,-2.6,304.1,45.16,1.55,43.222209,-0.051851,12,1,8.04,434.00
890056,0.30,1.54,0.81,-11.25,-14.31,14.56,-6.0,7.6,315.1,45.16,1.44,43.222209,-0.051852,12,1,8.04,433.79
890362,-0.60,0.57,0.17,-7.62,-20.75,-5.37,-0.4,6.0,314.8,45.17,1.46,43.222209,-0.051852,12,1,8.04,433.79
890668,-0.27,-0.10,-0.20,10.00,24.56,36.31,0.0,5.0,315.6,45.17,1.51,43.222209,-0.051852,12,1,8.04,433.70
890974,1.76,-0.55,-0.85,16.68,3.37,59.12,-4.3,4.8,294.9,45.17,1.49,43.222209,-0.051849,12,1,8.04,433.60
891586,-0.09,-0.27,-0.09,2.00,-2.93,-45.75,-3.5,-1.2,290.0,45.17,1.55,43.222209,-0.051849,12,1,8.04,433.50
891892,1.26,-0.12,-0.81,-6.12,6.25,-67.81,-3.0,1.0,304.5,45.18,1.58,43.222209,-0.051842,12,1,8.03,433.39
892198,-0.03,-1.03,0.25,11.62,-10.25,-89.31,-0.0,2.2,329.9,45.18,1.55,43.222209,-0.051842,12,1,8.03,433.29
892504,0.47,-1.25,-0.81,-11.00,-5.68,-45.12,-0.8,-2.3,349.8,45.18,1.53,43.222209,-0.051842,12,1,8.03,433.20
893116,-0.95,-0.97,1.13,27.06,-21.06,-24.56,-1.6,0.4,18.1,45.19,1.51,43.222209,-0.051841,12,1,8.04,433.20
893422,-0.68,-0.74,-0.58,3.37,-21.12,86.00,-0.8,-2.3,9.4,45.19,1.48,43.222209,-0.051841,12,1,8.04,433.20
893728,0.05,0.45,-0.33,-15.81,37.25,7.12,-0.5,-1.8,352.6,45.19,1.52,43.222217,-0.051837,12,1,8.04,433.20
894340,-0.50,0.00,-0.55,-2.00,-19.50,-46.68,-1.9,2.9,5.9,45.20,1.59,43.222217,-0.051837,12,1,8.04,433.10
894646,-0.88,-0.25,-0.52,-21.31,14.18,-112.93,0.2,5.8,29.2,45.20,1.64,43.222217,-0.051837,12,1,8.04,433.10
894952,0.47,-1.75,0.49,47.75,51.31,-149.00,-10.8,-1.5,72.6,45.20,1.70,43.222209,-0.051833,12,1,8.04,433.00
895258,0.93,-0.76,0.35,38.37,-18.00,-103.37,-15.0,0.9,113.7,45.20,1.64,43.222209,-0.051833,12,1,8.04,433.10
895564,-0.46,-0.12,0.72,-9.12,-26.93,-71.43,-5.5,-0.2,132.8,45.21,1.59,43.222209,-0.051833,12,1,8.04,433.10
895870,0.79,0.50,-1.59,-7.06,-2.93,-35.18,-4.5,5.7,146.5,45.21,1.63,43.222217,-0.051832,12,1,8.04,433.10
896176,0.50,-0.03,0.03,-3.00,4.00,-30.31,-2.1,3.0,157.4,45.21,1.65,43.222217,-0.051832,12,1,8.04,433.00
896788,-0.35,0.74,2.06,25.06,-20.31,17.81,-4.4,5.4,157.6,45.22,1.57,43.222217,-0.051838,12,1,8.04,432.79
897094,0.43,0.70,-2.53,-16.31,-12.12,38.75,-4.0,4.3,148.2,45.22,1.57,43.222217,-0.051838,12,1,8.04,432.70
897400,-1.09,-0.20,3.39,21.62,3.12,-10.75,-1.5,3.1,148.3,45.22,1.61,43.222217,-0.051838,12,1,8.04,432.79
897706,0.93,0.15,-2.50,-14.56,9.87,-23.81,-6.6,2.1,151.6,45.22,1.64,43.222217,-0.051838,12,1,8.04,432.79
898012,0.41,0.44,1.75,6.06,-13.43,-2.81,-2.6,5.3,149.1,45.22,1.59,43.222217,-0.051850,12,1,8.04,432.89
898624,-1.98,-0.41,1.73,-6.50,-45.37,-8.31,-3.0,-0.9,145.6,45.23,1.58,43.222217,-0.051850,12,1,8.04,433.00
898930,0.73,-0.05,-0.85,-28.87,-13.12,-12.43,-4.6,1.8,157.1,45.24,1.62,43.222217,-0.051866,12,1,8.04,433.10
899236,-0.23,0.38,0.81,-7.93,3.00,-28.68,-2.4,4.2,155.5,45.24,1.55,43.222217,-0.051866,12,1,8.04,433.10
899542,1.07,0.28,-1.37,-2.81,-5.68,-8.50,-0.9,6.3,156.6,45.24,1.55,43.222217,-0.051866,12,1,8.04,433.20
899848,-0.75,-0.20,0.79,17.75,15.50,-15.75,-0.5,3.6,161.8,45.24,1.54,43.222217,-0.051883,12,1,8.04,433.29
900154,0.41,0.10,-1.21,-7.56,-8.68,7.31,-2.8,3.3,166.1,45.24,1.53,43.222217,-0.051883,12,1,8.04,433.10
900460,-1.47,0.41,0.46,-2.06,9.18,5.56,2.2,4.1,158.6,45.25,1.47,43.222217,-0.051883,12,1,8.04,432.89
900766,0.44,0.61,-0.93,-11.37,-8.93,-11.43,-1.6,6.3,158.0,45.25,1.51,43.222217,-0.051883,12,1,8.04,432.89
901072,-0.86,0.19,1.65,0.75,-11.12,12.43,-1.3,7.1,162.8,45.25,1.51,43.222217,-0.051900,12,1,8.04,432.79
901684,-0.45,-0.00,-0.27,35.31,2.12,15.06,-3.3,3.8,149.1,45.26,1.47,43.222217,-0.051900,12,1,8.04,432.70
902296,-1.37,-0.40,1.33,13.50,19.06,-13.37,-7.6,4.2,146.0,45.26,1.53,43.222217,-0.051914,12,1,8.04,432.60
902602,-0.37,-0.20,-0.07,-15.25,-17.25,8.06,-7.6,4.7,154.6,45.26,1.52,43.222217,-0.051914,12,1,8.04,432.60
902908,-0.57,1.47,0.23,-25.12,-6.75,11.50,-2.3,9.6,156.3,45.27,1.49,43.222209,-0.051943,12,1,8.04,432.70
903214,0.17,0.76,-0.88,16.56,-9.43,-27.87,-3.8,9.3,154.3,45.27,1.50,43.222209,-0.051943,12,1,8.04,432.70
903826,-0.33,0.09,-0.20,-0.81,-12.75,6.06,-3.2,6.5,162.5,45.27,1.51,43.222209,-0.051956,12,1,8.05,432.60
904132,-0.20,0.98,0.50,-21.18,9.25,7.00,-3.9,7.3,157.6,45.28,1.50,43.222209,-0.051956,12,1,8.05,432.50
904744,-1.50,-0.81,0.80,23.12,-3.87,-9.93,-0.9,4.8,157.3,45.28,1.50,43.222209,-0.051956,12,1,8.05,432.39
905050,0.20,0.65,-0.83,-19.93,6.50,11.75,-1.9,7.1,160.1,45.28,1.52,43.222209,-0.051968,12,1,8.04,432.39
905356,-1.09,-0.55,0.37,25.81,8.18,-14.31,-1.7,1.0,153.6,45.29,1.49,43.222209,-0.051968,12,1,8.04,432.39
905662,0.58,0.55,-0.75,-12.43,34.00,0.50,-5.1,3.6,154.8,45.29,1.53,43.222209,-0.051968,12,1,8.04,432.39
905968,-1.51,-0.00,3.67,0.81,-7.25,29.43,-6.8,5.3,154.6,45.29,1.50,43.222209,-0.051968,12,1,8.04,432.39
906274,0.81,0.36,-2.43,-5.31,13.81,-19.87,-4.8,4.0,157.3,45.30,1.49,43.222209,-0.051968,12,1,8.04,432.29
906886,0.33,0.95,-1.29,-10.43,5.62,35.68,-5.9,6.3,143.8,45.30,1.49,43.222202,-0.051982,12,1,8.04,432.29
907192,-1.19,-0.03,3.40,1.43,-6.93,26.75,-5.8,6.0,138.6,45.31,1.49,43.222202,-0.051982,12,1,8.04,432.29
907804,-1.19,0.35,2.33,-3.25,-19.00,24.06,-2.3,5.4,135.2,45.31,1.52,43.222202,-0.051982,12,1,8.04,432.29
908110,0.34,0.98,-1.85,2.25,1.81,-0.93,-3.0,6.0,132.5,45.31,1.54,43.222202,-0.051995,12,1,8.04,432.29
908416,0.75,1.05,0.30,-5.50,0.62,0.56,-3.3,6.3,135.0,45.31,1.53,43.222202,-0.051995,12,1,8.04,432.20
908722,-0.31,0.40,-2.29,12.75,25.06,-12.12,-0.6,0.5,137.8,45.31,1.49,43.222202,-0.051995,12,1,8.04,432.10
909028,-0.60,0.12,1.65,-5.56,-5.12,8.25,-1.6,-1.2,137.0,45.32,1.49,43.222190,-0.052009,12,1,8.04,432.10
909334,0.03,1.44,-1.36,-1.18,25.06,12.00,-2.6,4.1,133.6,45.32,1.48,43.222190,-0.052009,12,1,8.04,432.10
909946,-0.46,0.22,-1.02,21.93,10.00,-10.06,-4.9,2.2,132.8,45.32,1.43,43.222190,-0.052021,12,1,8.04,432.20
910252,0.45,0.07,0.11,4.81,-17.37,-7.12,-5.6,0.8,132.3,45.33,1.44,43.222190,-0.052021,12,1,8.04,432.20
910558,-1.13,0.36,-0.95,-27.12,-13.43,13.06,-0.7,4.6,134.5,45.33,1.41,43.222190,-0.052021,12,1,8.04,432.20
910864,0.31,0.79,-0.23,13.06,6.56,-3.50,-3.6,7.1,132.8,45.34,1.43,43.222190,-0.052021,12,1,8.04,432.20
911476,0.30,-0.60,-0.57,-8.25,-1.06,-5.43,-6.0,1.1,135.9,45.34,1.42,43.222183,-0.052031,12,1,8.04,432.20
911782,0.63,-0.09,1.88,-2.06,18.00,-28.06,-12.1,4.1,141.8,45.34,1.46,43.222183,-0.052031,12,1,8.04,432.20
912088,-0.30,0.25,-1.08,8.68,-12.56,18.62,-7.5,4.1,142.1,45.34,1.41,43.222175,-0.052039,12,1,8.04,432.10
912394,-0.15,0.20,0.91,-2.43,2.50,-39.31,-7.9,2.2,144.1,45.34,1.44,43.222175,-0.052039,12,1,8.04,432.10
913006,-1.03,-0.40,1.52,17.93,9.31,-145.50,-6.0,4.9,191.5,45.35,1.50,43.222167,-0.052042,12,1,8.04,432.00
913312,0.05,-0.15,-0.20,21.68,-2.25,-55.87,-9.0,6.4,226.7,45.35,1.50,43.222167,-0.052042,12,1,8.04,431.89
913618,-0.95,-0.86,0.55,6.25,-18.00,33.18,-5.1,2.9,226.5,45.36,1.38,43.222167,-0.052042,12,1,8.04,431.70
913924,-0.40,-0.31,-0.43,-10.12,36.12,8.87,-7.5,5.2,217.8,45.36,1.38,43.222160,-0.052046,12,1,8.04,431.70
914536,-0.05,0.40,0.72,-15.18,-10.00,-21.43,-9.8,10.6,231.3,45.36,1.47,43.222160,-0.052046,12,1,8.04,431.70
914842,0.40,0.50,-0.93,28.25,6.62,28.12,-10.6,10.0,228.9,45.36,1.47,43.222160,-0.052046,12,1,8.04,431.70
915148,-0.05,-0.65,0.74,6.81,-16.18,-13.56,-9.7,3.8,228.5,45.37,1.47,43.222152,-0.052046,12,1,8.04,431.79
915454,0.25,-0.15,-0.73,-20.06,24.87,-31.62,-9.8,5.3,234.4,45.37,1.49,43.222152,-0.052046,12,1,8.04,431.70
916066,0.00,-0.67,0.35,63.12,-24.37,47.43,-9.6,3.4,240.3,45.38,1.41,43.222145,-0.052043,12,1,8.04,431.79
916678,-0.01,0.05,-0.45,-22.43,28.68,-20.50,-7.8,7.3,257.7,45.38,1.42,43.222145,-0.052043,12,1,8.04,431.79
916984,0.56,0.30,0.22,3.50,6.68,2.62,-12.4,9.5,260.0,45.38,1.39,43.222133,-0.052042,12,1,8.04,431.89
917290,0.81,-0.18,-0.05,12.12,-13.12,-12.62,-13.2,6.1,257.6,45.39,1.34,43.222133,-0.052042,12,1,8.04,432.00
917596,-0.44,0.05,0.22,-3.18,-17.31,-15.06,-6.1,7.4,265.1,45.38,1.34,43.222133,-0.052042,12,1,8.04,432.10
917902,0.11,0.30,-0.55,-6.43,25.00,-21.18,-7.7,8.3,267.1,45.39,1.34,43.222133,-0.052042,12,1,8.04,432.20
918208,0.05,0.41,0.83,10.50,-13.37,-42.12,-8.3,10.3,279.2,45.39,1.35,43.222126,-0.052046,12,1,8.03,432.20
918514,0.02,0.15,0.35,6.56,20.50,18.00,-7.8,8.3,280.0,45.39,1.30,43.222126,-0.052046,12,1,8.03,432.20
919126,-0.18,0.28,1.46,-26.87,16.87,88.93,-7.2,10.0,276.7,45.40,1.33,43.222118,-0.052046,12,1,8.04,432.29
919432,1.41,0.27,-1.34,0.25,-1.06,63.12,-14.6,7.5,251.6,45.40,1.37,43.222118,-0.052046,12,1,8.04,432.60
919738,0.00,0.22,1.04,-54.37,-21.12,173.18,-9.6,8.9,218.5,45.41,1.44,43.222118,-0.052046,12,1,8.04,432.79
920044,0.93,0.19,-0.55,-30.81,-17.81,196.25,-13.6,6.2,155.3,45.41,1.48,43.222110,-0.052044,12,1,8.04,432.79
920656,0.00,0.46,1.04,32.81,-22.06,-34.06,-8.7,11.3,163.9,45.41,1.79,43.222110,-0.052044,12,1,8.04,433.00
920962,-0.97,-0.35,-1.50,6.00,-8.25,-16.06,-2.3,3.4,163.8,45.41,1.73,43.222110,-0.052044,12,1,8.04,433.10
921268,-0.34,-0.13,2.35,-20.81,19.37,-12.18,-7.9,7.2,173.3,45.41,1.80,43.222103,-0.052044,12,1,8.04,433.20
921574,0.58,0.85,-0.81,-2.12,2.06,2.75,-11.6,10.5,161.6,45.41,1.75,43.222103,-0.052044,12,1,8.04,433.10
921880,0.44,0.74,1.04,17.06,6.25,-101.62,-10.3,11.8,183.3,45.42,1.78,43.222103,-0.052044,12,1,8.04,433.10
922492,0.17,0.07,-2.69,25.68,14.50,-107.18,-7.1,5.3,214.1,45.42,1.75,43.222095,-0.052047,12,1,8.05,433.10
922798,-0.27,-0.97,3.74,-12.18,-5.43,-27.43,-9.2,5.1,237.9,45.42,1.78,43.222095,-0.052047,12,1,8.05,433.10
923104,0.23,0.05,-1.13,-11.43,-8.50,15.75,-8.3,6.7,226.4,45.43,1.66,43.222087,-0.052049,12,1,8.05,433.10
923410,-0.20,0.05,0.58,3.81,12.93,-80.87,-5.3,8.3,238.9,45.43,1.67,43.222087,-0.052049,12,1,8.05,433.00
923716,0.81,-0.03,-1.94,9.56,23.87,-60.81,-8.8,5.8,261.9,45.43,1.68,43.222087,-0.052049,12,1,8.05,432.89
924328,0.54,-0.45,0.28,2.00,13.18,0.31,-8.1,5.1,284.0,45.43,1.58,43.222068,-0.052052,12,1,8.04,432.79
924634,0.10,0.10,-0.11,0.93,-1.12,-12.06,-6.6,7.7,285.0,45.44,1.56,43.222068,-0.052052,12,1,8.04,432.79
924940,0.35,-0.66,1.02,9.12,3.93,-38.00,-8.3,5.3,294.0,45.44,1.57,43.222068,-0.052052,12,1,8.04,432.70
925246,0.11,0.23,-1.30,-12.81,-25.75,-30.81,-5.8,7.3,300.6,45.44,1.55,43.222061,-0.052053,12,1,8.04,432.70
925552,-0.69,-0.25,-0.34,26.62,21.50,-15.81,-2.0,5.8,306.8,45.44,1.56,43.222061,-0.052053,12,1,8.04,432.60
926164,0.41,0.00,0.65,13.12,29.43,-11.31,-9.5,6.1,292.8,45.45,1.53,43.222053,-0.052055,12,1,8.04,432.60
926470,0.97,0.40,-1.61,-5.31,-5.93,-38.75,-11.2,7.7,310.3,45.45,1.59,43.222053,-0.052055,12,1,8.04,432.70
926776,-0.88,0.54,1.97,-3.93,-13.00,49.68,-4.6,9.7,302.6,45.45,1.51,43.222053,-0.052055,12,1,8.04,432.79
927082,-0.18,-0.13,-1.35,6.06,6.62,-9.50,-5.0,4.6,297.9,45.46,1.51,43.222045,-0.052058,12,1,8.04,432.79
927388,-0.15,-0.43,0.98,-0.43,1.93,23.12,-7.3,3.7,293.2,45.46,1.53,43.222045,-0.052058,12,1,8.04,432.79
927694,0.77,0.36,-0.86,-14.75,7.00,-18.93,-10.1,7.0,297.4,45.46,1.53,43.222045,-0.052058,12,1,8.04,432.79
928000,0.00,0.61,-0.27,-3.56,-29.62,-12.75,-6.3,8.6,298.9,45.46,1.51,43.222045,-0.052058,12,1,8.04,432.79
928612,-0.41,-0.70,-0.07,2.00,24.25,28.50,-2.6,1.6,304.3,45.47,1.52,43.222038,-0.052059,12,1,8.03,432.79
928918,0.30,-0.81,0.03,1.00,-15.00,-33.56,-7.0,0.5,302.1,45.47,1.51,43.222038,-0.052059,12,1,8.03,432.79
929224,0.40,0.77,-1.52,-36.75,8.31,-12.93,-7.3,8.1,309.0,45.47,1.53,43.222030,-0.052062,12,1,8.04,432.79
929530,-0.50,1.10,2.75,12.06,-2.06,-13.31,-4.6,13.0,311.6,45.47,1.52,43.222030,-0.052062,12,1,8.04,432.89
929836,0.47,-0.54,-0.54,15.12,11.62,17.06,-7.4,3.3,313.6,45.48,1.52,43.222030,-0.052062,12,1,8.04,433.00
930142,-0.34,-0.68,2.14,4.50,-13.93,19.00,-4.5,2.1,304.8,45.48,1.48,43.222011,-0.052068,12,1,8.04,433.00
930448,-0.75,-0.68,-0.80,-11.12,6.06,49.68,-0.3,1.2,299.0,45.48,1.49,43.222011,-0.052068,12,1,8.04,433.00
930754,0.76,-0.70,0.12,-9.62,18.18,85.68,-8.6,2.1,275.3,45.49,1.54,43.222011,-0.052068,12,1,8.04,433.00
931366,2.57,0.79,-0.07,3.87,17.68,-62.50,-18.8,10.1,257.0,45.49,1.60,43.222003,-0.052076,12,1,8.04,433.00
931672,-0.31,0.15,0.57,32.62,-68.68,-40.25,-4.9,7.3,273.5,45.49,1.53,43.222003,-0.052076,12,1,8.04,433.00
931978,-3.07,-0.83,-0.51,9.18,-27.31,-55.00,10.5,0.6,286.4,45.50,1.51,43.222003,-0.052076,12,1,8.04,432.89
932284,-2.52,-1.39,0.91,-9.56,31.25,-28.25,7.4,-1.4,297.5,45.50,1.56,43.221996,-0.052077,12,1,8.04,433.00
932896,0.74,-0.97,2.07,7.87,-8.81,28.06,-11.3,1.0,280.5,45.50,1.54,43.221996,-0.052077,12,1,8.04,433.10
933202,1.48,0.07,-1.00,-18.43,8.43,-11.68,-13.0,4.6,277.7,45.50,1.57,43.221988,-0.052081,12,1,8.04,433.20
933508,0.10,-0.35,1.21,8.06,-31.37,-17.93,-7.7,5.5,283.8,45.51,1.58,43.221988,-0.052081,12,1,8.04,433.20
933814,-0.93,-0.05,0.03,-5.18,-29.00,43.81,-0.2,5.5,279.3,45.51,1.55,43.221988,-0.052081,12,1,8.04,433.20
934120,-2.36,-0.12,1.11,20.18,6.43,30.50,5.6,4.9,262.3,45.51,1.53,43.221981,-0.052086,12,1,8.04,433.29
934426,-0.75,-1.54,1.01,8.93,72.25,24.12,-2.3,-1.6,259.1,45.52,1.61,43.221981,-0.052086,12,1,8.04,433.29
934732,2.04,-0.83,2.36,-24.43,12.18,60.25,-18.7,1.7,247.3,45.52,1.65,43.221981,-0.052086,12,1,8.04,433.20
935038,2.05,1.04,-0.88,-51.75,8.93,3.93,-17.0,9.5,232.3,45.52,1.57,43.221981,-0.052086,12,1,8.04,433.29
935650,-2.80,0.81,0.66,28.50,-10.12,-1.18,7.6,11.5,237.1,45.52,1.61,43.221973,-0.052085,12,1,8.04,433.39
935956,-0.05,-1.09,1.17,39.37,52.75,-121.50,-6.3,0.3,256.3,45.53,1.70,43.221973,-0.052085,12,1,8.04,433.29
936262,-0.00,-0.36,-0.05,-20.56,-30.75,-44.31,-6.6,3.8,288.8,45.53,1.65,43.221973,-0.052089,12,1,8.04,433.29
936568,-1.19,0.35,1.75,1.43,1.62,33.81,-1.2,7.6,282.4,45.53,1.50,43.221973,-0.052089,12,1,8.04,433.20
937180,-1.01,0.22,4.51,5.25,-25.75,5.06,-4.5,9.4,294.5,45.53,1.60,43.221973,-0.052092,12,1,8.05,433.29
937486,-0.86,0.40,-2.91,4.31,-22.93,42.93,0.5,6.8,281.8,45.54,1.54,43.221973,-0.052092,12,1,8.05,433.20
937792,-0.40,-0.69,0.70,31.81,53.00,-28.31,-3.6,2.0,276.1,45.54,1.62,43.221973,-0.052092,12,1,8.05,433.20
938098,2.38,0.12,-3.07,-19.75,1.93,-75.31,-16.7,4.4,300.4,45.54,1.71,43.221973,-0.052092,12,1,8.05,433.10
938404,-0.37,1.01,3.07,-25.68,-31.00,37.87,-7.0,12.4,304.0,45.54,1.60,43.221958,-0.052096,12,1,8.04,433.10
939016,-0.34,0.37,3.38,52.56,51.75,-41.25,-5.3,8.0,293.9,45.55,1.65,43.221958,-0.052096,12,1,8.04,433.00
939322,0.83,-0.52,-4.80,-26.18,4.93,-49.18,-7.5,-0.1,309.8,45.55,1.66,43.221946,-0.052096,12,1,8.03,433.00
939628,0.05,0.19,2.08,-5.81,-30.81,-8.56,-7.1,7.1,318.4,45.55,1.67,43.221946,-0.052096,12,1,8.03,432.89
939934,-1.80,0.27,-2.59,-8.93,-26.50,64.18,5.7,6.1,303.2,45.56,1.62,43.221946,-0.052096,12,1,8.03,432.89
940240,-1.10,0.00,3.44,19.37,43.56,0.87,-1.6,7.2,293.3,45.56,1.72,43.221939,-0.052103,12,1,8.04,433.00
940546,1.17,-0.61,-1.86,-7.00,39.68,-9.06,-11.2,0.8,297.0,45.56,1.76,43.221939,-0.052103,12,1,8.04,433.00
940852,0.45,-0.15,1.63,3.00,-4.06,-73.06,-11.5,5.1,310.1,45.56,1.78,43.221939,-0.052103,12,1,8.04,433.10
941158,0.30,0.11,-0.44,-0.62,-23.62,21.87,-7.5,6.3,320.5,45.56,1.79,43.221939,-0.052103,12,1,8.04,433.20
941770,-0.07,0.07,-0.57,-0.18,-13.81,71.87,-6.3,6.4,277.2,45.57,1.80,43.221923,-0.052112,12,1,8.04,433.50
942076,-0.50,0.28,-1.58,-4.68,16.06,57.62,-5.0,8.8,261.5,45.57,1.90,43.221923,-0.052112,12,1,8.04,433.70
942382,0.27,-0.27,1.37,-8.18,-11.00,117.93,-12.4,7.8,239.4,45.58,1.99,43.221916,-0.052117,12,1,8.04,433.70
942688,0.81,-0.22,-2.01,-27.00,-12.37,108.50,-11.7,4.3,201.4,45.58,1.96,43.221916,-0.052117,12,1,8.04,433.79
942994,-0.01,-0.20,0.76,5.68,-13.87,32.50,-10.2,5.5,182.6,45.58,2.04,43.221916,-0.052117,12,1,8.04,433.79
943300,0.65,-0.15,-0.50,-13.75,28.06,-17.06,-13.4,4.8,179.6,45.58,2.13,43.221908,-0.052118,12,1,8.04,433.89
943606,0.50,-0.27,3.63,-4.56,19.81,6.31,-16.2,8.4,187.3,45.58,2.14,43.221908,-0.052118,12,1,8.04,433.89
943912,1.19,0.02,-1.76,-28.31,-16.25,39.56,-15.3,5.1,171.0,45.58,2.07,43.221908,-0.052118,12,1,8.04,434.00
944524,0.05,-0.15,0.70,14.43,0.25,-28.50,-12.0,7.1,181.3,45.59,2.15,43.221900,-0.052117,12,1,8.04,434.00
945136,-0.45,-0.33,2.21,-7.06,3.43,9.81,-10.5,6.9,197.1,45.59,2.11,43.221900,-0.052117,12,1,8.04,434.10
945442,0.83,0.17,-0.95,-18.18,11.93,47.81,-14.3,6.9,180.7,45.60,2.06,43.221889,-0.052120,12,1,8.03,434.00
945748,0.52,0.83,-0.33,-16.31,-7.31,-43.87,-12.8,10.5,181.0,45.60,2.08,43.221889,-0.052120,12,1,8.03,434.00
946054,-0.44,-0.74,-0.13,22.00,-9.93,24.81,-8.1,3.8,183.6,45.60,2.07,43.221889,-0.052120,12,1,8.03,434.00
946666,-0.31,0.27,-0.37,-4.37,-64.00,116.56,-7.3,6.3,163.6,45.60,2.03,43.221881,-0.052121,12,1,8.04,434.00
946972,-1.14,-0.10,-2.78,27.25,28.75,-99.93,0.0,2.5,164.1,45.61,2.12,43.221881,-0.052121,12,1,8.04,434.20
947278,0.30,0.00,1.38,-30.06,-13.81,-93.56,-10.1,5.3,199.3,45.61,2.27,43.221874,-0.052127,12,1,8.04,434.20
947584,-0.00,-0.61,0.12,30.31,15.06,36.18,-9.1,3.9,204.2,45.61,2.14,43.221874,-0.052127,12,1,8.04,434.00
947890,-0.05,-0.02,-0.65,-17.43,5.43,-9.00,-9.1,5.7,199.1,45.61,2.08,43.221874,-0.052127,12,1,8.04,434.00
948196,-0.19,-0.20,2.05,23.12,-17.56,5.12,-10.6,6.3,201.6,45.61,2.11,43.221874,-0.052127,12,1,8.04,434.10
948808,-0.55,-0.75,-1.20,-16.06,-11.68,-12.25,-5.6,0.3,209.6,45.62,2.11,43.221874,-0.052131,12,1,8.04,434.20
949114,-0.07,-0.02,0.51,-23.87,6.25,78.12,-8.5,7.1,201.6,45.62,2.09,43.221874,-0.052131,12,1,8.04,434.20
949420,0.03,1.29,-0.91,-11.06,10.75,1.25,-9.0,12.4,184.5,45.62,2.04,43.221866,-0.052134,12,1,8.04,434.20
950032,-0.25,-0.56,-0.22,-8.50,-15.50,6.68,-8.8,4.1,192.1,45.63,2.03,43.221866,-0.052134,12,1,8.04,434.20
950338,-0.50,0.28,0.01,-11.31,0.75,-27.81,-7.3,8.8,196.8,45.63,2.06,43.221866,-0.052134,12,1,8.04,434.20
950644,-0.15,0.60,0.17,-5.00,9.06,15.75,-9.2,10.2,197.8,45.63,2.05,43.221866,-0.052134,12,1,8.04,434.00
951256,0.25,-0.37,-0.01,-1.06,-5.18,-7.87,-11.1,5.5,194.7,45.64,2.04,43.221866,-0.052134,12,1,8.04,433.89
951562,-0.31,-0.09,-0.07,-5.25,-11.31,1.18,-8.2,7.1,196.3,45.64,2.04,43.221866,-0.052135,12,1,8.03,433.79
951868,-0.34,0.27,0.28,-8.25,1.87,-4.56,-8.3,9.4,194.6,45.64,2.04,43.221866,-0.052135,12,1,8.03,433.60
952174,0.10,0.18,-0.15,5.68,11.12,3.87,-10.0,9.1,196.2,45.64,2.04,43.221866,-0.052135,12,1,8.03,433.60
952480,0.13,-0.19,0.31,-0.81,-1.75,-1.25,-11.1,7.5,194.9,45.64,2.02,43.221866,-0.052134,12,1,8.04,433.50
952786,-0.20,0.03,0.25,3.93,-8.50,-5.87,-9.0,7.8,196.9,45.65,2.01,43.221866,-0.052134,12,1,8.04,433.50
953092,-0.23,-0.00,-0.17,3.25,5.00,-0.93,-8.3,6.6,197.3,45.65,2.02,43.221866,-0.052134,12,1,8.04,433.50
953704,0.03,-0.31,-0.12,-6.12,-4.68,-0.81,-9.8,4.6,196.1,45.65,2.04,43.221866,-0.052134,12,1,8.04,433.50
954010,-0.01,0.50,-0.10,-10.37,-2.68,-5.37,-9.2,8.5,196.8,45.65,2.05,43.221866,-0.052134,12,1,8.04,433.50
954316,-0.22,0.07,0.46,6.56,1.68,11.37,-9.0,7.1,196.3,45.66,2.05,43.221866,-0.052135,12,1,8.03,433.39
954622,0.12,-0.03,-0.23,9.68,-4.37,-7.87,-10.0,5.3,195.1,45.66,2.06,43.221866,-0.052135,12,1,8.03,433.39
955234,-0.01,0.07,0.07,-4.18,-0.81,-8.12,-9.5,6.1,198.0,45.67,2.08,43.221866,-0.052135,12,1,8.03,433.29
955540,-0.09,0.11,-0.09,2.43,-1.37,5.43,-8.9,6.4,198.8,45.67,2.08,43.221866,-0.052133,12,1,8.03,433.29
955846,0.10,-0.00,0.00,-2.50,6.31,5.87,-10.0,5.9,196.0,45.67,2.08,43.221866,-0.052133,12,1,8.03,433.20
956152,0.01,0.01,0.33,0.31,-7.06,-6.62,-10.0,6.4,197.4,45.67,2.09,43.221866,-0.052133,12,1,8.03,433.20
956458,-0.36,-0.10,0.11,-3.43,-2.37,12.31,-7.9,6.0,195.8,45.67,2.08,43.221866,-0.052133,12,1,8.04,433.29
956764,-0.01,0.25,0.23,-11.37,6.31,11.93,-9.2,7.9,192.1,45.67,2.09,43.221866,-0.052133,12,1,8.04,433.29
957376,-0.13,-0.15,0.07,-24.50,-19.56,47.93,-7.8,7.4,177.8,45.68,2.06,43.221866,-0.052132,12,1,8.04,433.29
957682,0.54,0.50,0.88,-24.62,-3.37,130.18,-12.6,11.3,143.5,45.68,2.02,43.221866,-0.052132,12,1,8.04,433.29
957988,0.22,0.25,0.27,26.93,-4.25,-74.25,-11.6,8.8,136.0,45.69,2.06,43.221866,-0.052132,12,1,8.04,433.29
958600,-0.00,0.15,-0.17,-14.93,-7.50,39.93,-9.2,7.1,157.6,45.69,2.08,43.221866,-0.052131,12,1,8.03,433.29
958906,0.01,0.28,0.63,-0.25,3.87,-14.75,-10.4,8.6,153.1,45.69,2.08,43.221866,-0.052131,12,1,8.03,433.20
959212,0.00,0.07,-0.27,5.25,-15.31,3.25,-9.4,6.8,155.4,45.69,2.13,43.221866,-0.052131,12,1,8.03,433.20
959824,-0.09,-0.01,-0.01,-15.87,5.37,-20.37,-8.7,6.0,160.2,45.70,2.16,43.221866,-0.052130,12,1,8.03,433.10
960130,0.17,0.19,0.77,5.56,12.75,4.81,-10.7,8.8,161.8,45.70,2.16,43.221866,-0.052130,12,1,8.03,433.10
960436,0.36,0.10,-0.01,5.87,2.31,-9.00,-11.3,8.1,165.5,45.70,2.15,43.221866,-0.052128,12,1,8.03,433.10
960742,-0.07,-0.30,0.36,9.56,-4.00,-27.25,-9.7,6.4,170.6,45.70,2.14,43.221866,-0.052128,12,1,8.03,433.00
961354,-0.10,-0.05,-0.00,-6.25,-3.25,6.62,-8.9,7.0,175.6,45.71,2.13,43.221866,-0.052128,12,1,8.03,432.89
961660,-0.09,0.11,0.17,-8.06,3.31,7.68,-9.3,8.3,172.9,45.71,2.13,43.221866,-0.052127,12,1,8.04,432.89
961966,0.03,0.44,0.25,-13.12,-1.00,17.75,-10.3,10.2,167.8,45.71,2.12,43.221866,-0.052127,12,1,8.04,432.89
962578,-0.28,-0.10,0.43,3.81,-6.68,18.87,-9.6,7.1,157.4,45.72,2.10,43.221866,-0.052126,12,1,8.04,432.89
963190,0.67,0.60,0.55,-15.37,-19.37,26.18,-14.1,10.3,161.0,45.72,2.14,43.221866,-0.052126,12,1,8.04,433.00
963496,-0.56,0.25,-0.00,-2.56,-13.43,35.75,-7.4,7.5,147.8,45.72,2.10,43.221866,-0.052124,12,1,8.04,433.00
963802,-0.34,-0.15,-0.91,-2.06,3.43,-39.06,-7.0,5.0,149.8,45.73,2.19,43.221866,-0.052124,12,1,8.04,433.10
964108,-0.10,0.40,0.51,4.43,4.12,5.06,-9.0,9.0,158.7,45.73,2.24,43.221866,-0.052124,12,1,8.04,433.10
964414,-0.91,-0.70,0.95,6.25,10.62,17.68,-6.6,4.9,154.5,45.73,2.18,43.221858,-0.052126,12,1,8.03,433.00
965026,-0.40,-0.73,1.42,-4.87,1.43,66.00,-9.0,4.0,153.1,45.74,2.17,43.221858,-0.052126,12,1,8.03,433.20
965332,-0.01,-0.15,-0.70,-5.18,0.68,-11.37,-9.2,4.5,143.3,45.74,2.15,43.221858,-0.052126,12,1,8.03,433.10
965638,0.07,0.54,-0.45,-20.43,12.37,-50.56,-9.7,9.3,157.1,45.74,2.22,43.221851,-0.052127,12,1,8.04,433.20
965944,-0.20,0.61,0.83,12.00,-23.31,57.56,-9.8,11.5,155.6,45.74,2.17,43.221851,-0.052127,12,1,8.04,433.10
966556,-0.40,-0.30,0.50,11.87,1.62,-27.00,-7.5,5.3,161.0,45.74,2.20,43.221843,-0.052128,12,1,8.03,433.20
966862,0.15,-0.09,-1.35,-3.00,0.87,28.75,-8.6,3.6,158.7,45.75,2.16,43.221843,-0.052128,12,1,8.03,433.20
967780,0.37,0.61,-1.50,29.00,5.43,-52.56,-10.4,7.4,166.6,45.75,2.14,43.221836,-0.052129,12,1,8.03,433.29
969616,-0.58,-1.50,1.80,29.68,-22.81,20.43,-9.0,2.5,152.8,45.77,2.12,43.221817,-0.052134,12,1,8.03,433.29
970228,0.12,0.56,-0.91,-3.87,31.62,-16.68,-9.3,9.5,122.7,45.78,2.09,43.221817,-0.052134,12,1,8.03,433.39
971146,-0.95,-2.19,3.66,17.37,-11.37,-33.06,-10.2,-1.1,135.7,45.79,2.02,43.221809,-0.052137,12,1,8.04,433.29
971758,-0.36,0.07,0.27,-12.12,7.81,-37.18,-8.1,7.4,141.3,45.79,2.07,43.221809,-0.052137,12,1,8.03,433.29
972370,1.24,0.86,-1.05,-5.68,-11.06,-40.81,-15.1,10.2,144.9,45.80,2.09,43.221809,-0.052137,12,1,8.03,433.20
972676,-1.00,-1.24,1.02,0.00,-33.06,57.87,-7.2,0.7,133.8,45.80,2.07,43.221801,-0.052140,12,1,8.03,433.20
972982,-0.05,0.37,-1.65,-34.00,24.56,-42.18,-7.6,6.3,132.3,45.81,2.18,43.221801,-0.052140,12,1,8.03,433.10
973594,0.20,0.67,-0.70,33.56,-11.75,-61.75,-10.3,9.5,128.3,45.81,2.18,43.221794,-0.052146,12,1,8.03,433.10
973900,-0.54,-2.70,1.44,34.56,0.00,-28.87,-9.3,-5.6,142.5,45.81,2.23,43.221794,-0.052146,12,1,8.03,433.10
974206,0.49,-0.28,-1.69,-33.37,-12.68,1.50,-11.5,2.5,143.6,45.82,2.27,43.221794,-0.052146,12,1,8.03,433.20
974512,-0.05,1.65,-1.08,-53.12,14.25,-44.25,-9.5,13.6,147.2,45.82,2.31,43.221778,-0.052152,12,1,8.03,433.20
975124,0.00,-0.67,0.07,31.31,-13.81,-16.87,-11.4,3.1,136.0,45.83,2.39,43.221778,-0.052152,12,1,8.03,433.00
975430,-0.55,-0.86,-0.00,10.18,-18.87,-31.37,-7.0,0.3,148.4,45.83,2.49,43.221778,-0.052152,12,1,8.03,433.00
976042,-0.69,0.19,1.86,-12.68,6.87,-11.43,-7.1,7.8,169.7,45.83,2.52,43.221767,-0.052157,12,1,8.03,432.89
976654,-0.30,0.36,2.11,27.75,16.62,17.31,-10.3,9.9,183.3,45.84,2.51,43.221759,-0.052163,12,1,8.03,432.70
976960,0.44,-0.22,-1.65,-1.25,-11.75,37.62,-11.9,3.1,166.3,45.84,2.49,43.221759,-0.052163,12,1,8.03,432.60
977266,0.10,-0.37,-0.93,-4.62,-0.25,-28.75,-10.4,3.5,167.6,45.84,2.56,43.221759,-0.052163,12,1,8.03,432.60
977572,-0.07,-0.15,0.20,4.87,2.25,14.56,-10.6,5.6,168.5,45.85,2.58,43.221752,-0.052168,12,1,8.03,432.50
978184,-0.31,-0.25,0.25,-0.37,10.50,11.75,-9.0,4.8,180.5,45.85,2.55,43.221752,-0.052168,12,1,8.03,432.50
978490,0.11,-0.50,-0.13,4.37,5.62,52.43,-12.1,2.8,166.5,45.85,2.51,43.221752,-0.052168,12,1,8.03,432.50
978796,0.58,0.27,-0.81,-24.93,5.00,-40.87,-13.3,6.2,168.3,45.86,2.57,43.221744,-0.052173,12,1,8.03,432.50
979102,-0.80,0.58,3.41,1.56,-21.12,57.75,-10.3,11.7,167.4,45.86,2.57,43.221744,-0.052173,12,1,8.03,432.50
979714,0.40,-0.86,1.12,27.06,-26.87,-39.93,-13.4,2.5,173.2,45.86,2.55,43.221736,-0.052175,12,1,8.03,432.60
980326,-0.79,0.98,-0.41,-19.81,13.62,-11.62,-5.7,10.3,174.8,45.87,2.51,43.221736,-0.052175,12,1,8.03,432.60
980632,0.15,0.67,0.72,17.56,-4.31,34.81,-11.5,10.1,172.6,45.87,2.52,43.221721,-0.052179,12,1,8.04,432.50
980938,0.70,-0.36,-0.57,24.68,8.56,-7.75,-13.0,2.8,166.7,45.87,2.50,43.221721,-0.052179,12,1,8.04,432.50
981244,-0.81,-2.03,2.41,28.37,-37.93,15.12,-9.0,-2.8,172.9,45.87,2.50,43.221721,-0.052179,12,1,8.04,432.50
981856,-0.83,0.79,1.72,-28.12,26.00,-28.56,-7.2,10.1,168.6,45.88,2.58,43.221714,-0.052183,12,1,8.04,432.60
982162,0.17,1.02,-0.44,-12.50,-4.18,52.31,-11.1,10.7,157.1,45.88,2.58,43.221714,-0.052183,12,1,8.04,432.39
982468,0.97,-0.07,-0.65,45.25,11.87,-29.37,-14.3,3.8,154.4,45.89,2.61,43.221714,-0.052183,12,1,8.04,432.39
982774,-0.22,-1.12,1.97,-6.31,-39.25,6.56,-11.0,0.3,166.0,45.89,2.66,43.221714,-0.052183,12,1,8.04,432.29
983386,-0.05,1.88,2.48,-19.43,32.12,-15.06,-10.0,15.5,157.8,45.89,2.78,43.221714,-0.052183,12,1,8.04,432.29
983692,0.45,0.25,-0.10,20.81,-4.62,16.75,-13.3,7.6,151.1,45.89,2.75,43.221702,-0.052188,12,1,8.04,432.20
984304,-0.11,-1.00,0.34,-17.68,-14.31,2.93,-10.5,-0.8,156.6,45.90,2.69,43.221702,-0.052188,12,1,8.04,432.29
984610,-0.35,0.93,-1.13,-41.81,-4.00,-64.87,-6.7,8.8,167.5,45.90,2.71,43.221694,-0.052194,12,1,8.03,432.29
985222,0.25,0.03,-1.71,10.75,21.43,1.06,-9.4,5.4,165.6,45.91,2.64,43.221694,-0.052194,12,1,8.03,432.10
985834,0.10,-0.05,-3.25,-32.56,24.62,37.00,-7.6,4.1,155.3,45.91,2.57,43.221687,-0.052200,12,1,8.03,432.29
986446,1.45,0.83,-2.30,18.93,-1.50,-51.00,-16.5,9.5,143.2,45.91,2.53,43.221687,-0.052200,12,1,8.03,432.39
986752,-0.20,-1.77,2.02,46.93,-20.06,-18.87,-12.7,0.0,162.1,45.92,2.53,43.221672,-0.052203,12,1,8.03,432.50
987058,-0.41,-1.50,-2.74,-10.75,-21.43,-26.12,-5.8,-3.4,164.1,45.92,2.50,43.221672,-0.052203,12,1,8.03,432.50
987364,-0.15,0.74,0.18,-50.43,16.00,-23.93,-9.3,10.6,175.0,45.92,2.59,43.221672,-0.052203,12,1,8.03,432.60
987976,0.63,0.75,-0.91,39.68,14.31,-37.06,-13.1,10.2,150.6,45.93,2.52,43.221664,-0.052206,12,1,8.04,432.60
988282,0.49,-1.66,1.63,7.62,-11.87,-18.93,-14.4,-0.5,160.5,45.93,2.57,43.221664,-0.052206,12,1,8.04,432.60
988894,0.27,0.90,3.78,8.81,6.06,3.18,-14.0,12.6,155.9,45.93,2.54,43.221656,-0.052212,12,1,8.03,432.60
989200,0.40,0.15,-1.79,-11.00,-22.37,-3.37,-10.8,5.6,144.7,45.93,2.43,43.221656,-0.052212,12,1,8.03,432.50
989506,0.50,-0.61,1.36,22.31,12.00,-48.50,-13.1,3.2,153.3,45.94,2.50,43.221656,-0.052212,12,1,8.03,432.60
990118,-0.46,-0.57,-0.55,-14.93,5.81,-51.43,-6.8,1.6,168.5,45.94,2.46,43.221645,-0.052216,12,1,8.03,432.79
990424,-0.23,0.90,-0.36,-6.00,2.00,-9.31,-7.6,9.3,180.0,45.94,2.48,43.221645,-0.052216,12,1,8.03,432.79
991036,0.54,-0.68,0.47,25.18,-12.50,-2.25,-11.9,1.7,174.0,45.95,2.42,43.221637,-0.052219,12,1,8.03,432.89
991342,0.07,0.00,-0.01,-28.31,11.00,2.75,-9.0,4.8,176.0,45.95,2.43,43.221637,-0.052219,12,1,8.03,432.89
991648,0.11,0.98,0.28,-17.37,-5.87,-13.68,-9.2,9.8,177.6,45.95,2.44,43.221637,-0.052219,12,1,8.03,433.00
992260,0.20,-0.75,-0.02,15.25,17.50,0.31,-9.7,1.0,174.4,45.96,2.42,43.221637,-0.052217,12,1,8.03,433.20
992872,-0.15,0.83,-0.30,-12.56,-8.31,-16.87,-7.6,9.2,180.4,45.96,2.44,43.221637,-0.052216,12,1,8.03,433.29
993484,0.05,-0.37,0.17,0.81,18.50,9.25,-9.3,3.6,176.3,45.97,2.45,43.221637,-0.052216,12,1,8.03,433.39
993790,0.46,0.00,0.27,-6.62,-0.06,-0.50,-11.3,5.5,176.9,45.97,2.46,43.221637,-0.052214,12,1,8.03,433.50
994402,0.01,0.28,-0.00,-0.37,10.31,-6.75,-8.7,6.8,176.2,45.97,2.45,43.221637,-0.052214,12,1,8.03,433.50
994708,0.10,-0.15,0.10,8.43,-3.50,10.37,-9.1,4.7,176.6,45.98,2.44,43.221637,-0.052214,12,1,8.03,433.50
995014,-0.01,-0.22,0.00,-2.31,-0.87,-9.31,-8.6,4.1,175.1,45.98,2.43,43.221637,-0.052214,12,1,8.03,433.60
995320,0.05,0.15,-0.01,-6.37,1.43,-0.37,-8.8,6.1,177.6,45.98,2.43,43.221637,-0.052214,12,1,8.03,433.70
995626,0.00,0.12,0.23,4.00,-0.25,-1.62,-8.9,6.2,177.1,45.98,2.43,43.221637,-0.052214,12,1,8.03,433.70
996238,0.07,0.00,0.03,-4.31,8.12,-7.62,-9.1,5.5,177.6,45.99,2.42,43.221637,-0.052216,12,1,8.03,433.70
996544,0.40,0.22,0.18,2.37,9.31,-24.93,-10.8,6.5,182.0,45.99,2.44,43.221637,-0.052216,12,1,8.03,433.70
997156,0.31,-0.30,1.15,0.93,2.50,-13.37,-11.8,4.5,199.1,45.99,2.45,43.221637,-0.052216,12,1,8.03,433.60
997462,0.33,0.17,-0.98,9.18,-23.56,-27.25,-10.0,5.0,204.3,45.99,2.46,43.221637,-0.052216,12,1,8.03,433.60
997768,-0.45,-0.76,-0.31,6.81,18.25,-60.18,-6.3,0.8,222.1,46.00,2.53,43.221637,-0.052224,12,1,8.03,433.70
998074,-0.05,-0.09,-0.63,29.93,-0.75,-23.00,-7.2,3.9,238.3,46.00,2.56,43.221637,-0.052224,12,1,8.03,433.60
998380,-0.15,-1.91,-0.60,27.12,4.00,-46.06,-7.0,-5.5,247.8,46.00,2.54,43.221637,-0.052224,12,1,8.03,433.50
998686,-0.56,-1.16,1.00,-18.93,-10.25,-6.12,-7.2,-0.9,257.8,46.00,2.56,43.221637,-0.052224,12,1,8.03,433.39
999298,-0.18,1.20,1.35,-9.12,16.62,-17.81,-8.5,11.5,262.9,46.01,2.60,43.221637,-0.052241,12,1,8.03,433.29
999604,0.20,-0.67,0.54,21.12,-7.37,50.12,-10.8,2.5,251.3,46.01,2.56,43.221637,-0.052241,12,1,8.03,433.20
999910,0.07,-0.79,-1.10,24.06,-0.93,-61.43,-8.2,0.2,258.0,46.01,2.61,43.221637,-0.052241,12,1,8.04,433.20
1000216,-1.23,-1.63,1.70,-12.56,-39.50,7.00,-4.3,-2.0,266.3,46.01,2.64,43.221637,-0.052241,12,1,8.04,433.29
1000522,-0.67,1.10,-1.57,-45.18,-0.62,31.68,-3.0,8.6,250.1,46.02,2.63,43.221637,-0.052241,12,1,8.04,433.29
1001134,0.81,0.17,-0.31,11.25,-30.25,97.56,-12.7,5.9,240.5,46.02,2.63,43.221645,-0.052254,12,1,8.03,433.20
1001440,-0.30,-0.25,-0.58,0.37,8.25,18.43,-7.0,2.6,217.8,46.03,2.60,43.221645,-0.052254,12,1,8.03,433.20
1002052,0.47,-0.63,0.07,-4.00,-10.87,62.18,-11.6,1.8,225.8,46.03,2.69,43.221645,-0.052262,12,1,8.03,433.20
1002358,-0.25,-0.47,-0.81,6.50,-6.81,29.93,-7.0,0.5,208.3,46.03,2.67,43.221645,-0.052262,12,1,8.03,433.20
1002664,0.20,-0.33,0.11,-3.37,6.87,-10.31,-9.7,1.3,208.8,46.03,2.75,43.221645,-0.052262,12,1,8.03,433.29
1002970,0.17,1.08,0.61,-54.31,-5.56,-2.68,-9.8,9.2,210.0,46.03,2.77,43.221656,-0.052272,12,1,8.03,433.29
1003276,0.50,0.80,0.72,13.31,8.06,55.12,-12.2,8.2,198.1,46.04,2.74,43.221656,-0.052272,12,1,8.03,433.29
1003888,0.37,-0.44,-1.94,-36.62,22.43,16.50,-8.3,-0.2,180.3,46.04,2.78,43.221656,-0.052273,12,1,8.03,433.29
1004194,-0.37,-0.19,0.68,-8.75,-7.62,-12.81,-7.5,3.5,180.4,46.04,2.82,43.221656,-0.052273,12,1,8.03,433.39
1004806,0.72,1.01,0.86,-18.75,36.37,24.68,-12.6,10.5,172.8,46.05,2.78,43.221664,-0.052273,12,1,8.03,433.29
1005112,0.25,0.45,0.70,2.31,-42.06,35.75,-11.1,6.2,159.2,46.05,2.74,43.221664,-0.052273,12,1,8.03,433.39
1005724,-1.01,-1.11,0.38,-8.68,-17.31,-33.87,-4.0,-2.1,181.7,46.05,2.79,43.221664,-0.052273,12,1,8.03,433.50
1006336,-0.54,0.28,-0.10,3.00,29.81,3.18,-5.3,5.1,182.0,46.05,2.78,43.221664,-0.052271,12,1,8.02,433.60
1006642,0.43,-0.49,0.40,9.81,7.31,37.00,-10.8,2.0,177.1,46.06,2.78,43.221664,-0.052271,12,1,8.02,433.60
1006948,-0.02,-0.20,-0.27,-4.18,-13.06,-5.68,-8.2,2.8,170.1,46.06,2.74,43.221664,-0.052270,12,1,8.03,433.79
1007254,-0.75,-0.15,0.07,0.43,-15.56,-28.12,-4.5,3.8,178.5,46.06,2.78,43.221664,-0.052270,12,1,8.03,433.89
1007866,0.37,-0.05,0.17,6.81,6.00,10.87,-10.5,4.1,174.5,46.07,2.79,43.221664,-0.052268,12,1,8.03,433.89
1008172,0.19,-0.22,0.19,-4.12,-6.56,-0.12,-9.7,3.4,172.0,46.07,2.78,43.221664,-0.052268,12,1,8.03,433.79
1008784,-0.41,-0.05,-0.44,0.56,-8.62,1.62,-6.2,4.3,179.5,46.07,2.80,43.221664,-0.052268,12,1,8.03,433.60
1009090,-0.22,0.20,-0.41,-5.43,1.50,8.50,-7.1,5.3,173.8,46.08,2.79,43.221664,-0.052266,12,1,8.03,433.60
1009396,0.27,0.05,0.15,3.75,5.43,-9.75,-10.0,4.9,174.8,46.08,2.80,43.221664,-0.052266,12,1,8.03,433.60
1010008,-0.23,-0.02,-0.81,10.06,-9.50,-30.81,-5.6,2.5,172.8,46.08,2.80,43.221664,-0.052265,12,1,8.03,433.60
1010314,-0.11,-0.22,0.46,1.50,10.00,-45.68,-7.1,2.1,191.2,46.08,2.88,43.221664,-0.052265,12,1,8.03,433.60
1010620,0.00,0.11,-0.36,-5.00,1.12,23.87,-7.5,3.6,193.0,46.09,2.86,43.221664,-0.052265,12,1,8.03,433.60
1010926,-0.10,0.05,0.00,-0.43,-5.75,5.62,-7.5,3.5,185.8,46.09,2.83,43.221664,-0.052265,12,1,8.03,433.50
1011538,-0.00,-0.05,0.13,-6.43,0.87,24.18,-8.4,3.6,185.5,46.09,2.86,43.221664,-0.052265,12,1,8.03,433.39
1011844,0.00,0.07,-0.02,1.00,-0.56,-10.06,-8.5,4.2,182.1,46.10,2.86,43.221664,-0.052265,12,1,8.03,433.29
1012150,0.00,-0.00,0.03,1.31,1.31,-13.62,-8.6,4.1,188.4,46.10,2.89,43.221664,-0.052265,12,1,8.03,433.29
1012456,0.01,0.07,-0.03,-1.25,0.06,14.12,-8.5,4.4,186.8,46.10,2.87,43.221664,-0.052265,12,1,8.03,433.20
1013068,-0.07,-0.00,-0.13,-1.81,0.25,0.37,-8.0,3.9,189.1,46.10,2.89,43.221664,-0.052265,12,1,8.03,433.20
1013374,-0.00,-0.10,0.07,2.18,-0.93,2.00,-8.2,3.7,189.4,46.10,2.89,43.221664,-0.052265,12,1,8.03,433.20
1013680,-0.11,-0.15,0.00,-2.31,-1.12,8.93,-7.8,3.5,187.6,46.11,2.88,43.221664,-0.052265,12,1,8.03,433.20
1014292,0.00,0.07,0.22,9.18,-7.25,-4.18,-8.6,4.7,185.8,46.11,2.90,43.221664,-0.052266,12,1,8.03,433.20
1014598,-0.30,-0.20,-0.05,3.87,1.43,-18.31,-6.8,3.2,190.3,46.12,2.91,43.221664,-0.052266,12,1,8.03,433.20
1014904,0.00,0.02,-0.34,-0.37,0.43,-20.00,-7.3,3.7,195.5,46.12,2.91,43.221664,-0.052266,12,1,8.03,433.20
1015516,-0.19,-0.35,-0.40,-9.93,-5.18,38.12,-6.8,1.1,194.0,46.12,2.86,43.221664,-0.052266,12,1,8.03,433.20
1015822,0.00,0.05,-0.07,2.18,19.12,-34.37,-8.6,3.0,192.6,46.12,2.88,43.221664,-0.052266,12,1,8.03,433.20
1016128,0.25,0.13,-0.15,-6.56,-4.00,-3.75,-10.2,3.5,200.7,46.12,2.92,43.221664,-0.052266,12,1,8.03,433.20
1016434,0.11,1.08,0.43,-28.00,0.18,23.12,-10.3,8.5,195.5,46.13,2.89,43.221664,-0.052266,12,1,8.03,433.20
1017046,-0.38,-1.24,0.28,24.87,-10.18,-15.50,-7.4,-2.1,196.9,46.13,2.89,43.221664,-0.052263,12,1,8.03,433.00
1017352,-0.02,-0.12,-0.46,-10.50,-2.68,-30.50,-8.8,2.6,202.1,46.13,2.92,43.221664,-0.052263,12,1,8.03,433.00
1017964,0.69,0.44,0.45,-28.62,7.31,65.50,-13.2,7.0,182.6,46.13,2.86,43.221664,-0.052260,12,1,8.03,432.89
1018270,0.18,0.40,0.00,2.87,-12.25,4.31,-10.3,6.8,174.5,46.14,2.89,43.221664,-0.052260,12,1,8.03,432.89
1018576,-0.52,-0.33,-0.09,10.81,-11.12,-9.68,-6.6,3.5,176.2,46.14,2.92,43.221664,-0.052260,12,1,8.03,432.89
1018882,-0.18,-0.40,0.19,0.00,9.25,0.56,-8.6,3.6,178.3,46.14,2.95,43.221664,-0.052260,12,1,8.03,432.89
1019494,0.09,0.09,0.27,1.50,-2.18,3.00,-9.9,6.0,176.5,46.14,2.95,43.221664,-0.052258,12,1,8.03,432.79
1019800,0.02,0.11,0.03,9.37,2.43,-19.37,-9.3,5.1,177.7,46.15,2.97,43.221664,-0.052258,12,1,8.03,432.79
1020106,-0.15,-0.15,-0.10,-1.00,-3.75,-4.25,-7.8,4.5,187.2,46.15,2.97,43.221664,-0.052258,12,1,8.03,432.79
1020412,-0.07,0.13,0.09,-9.31,1.93,31.56,-8.6,5.9,179.3,46.15,2.94,43.221664,-0.052258,12,1,8.03,432.79
1021024,0.05,-0.03,-0.07,0.62,-4.50,5.37,-9.2,5.3,177.5,46.16,2.94,43.221664,-0.052257,12,1,8.03,432.70
1021636,0.00,0.18,0.02,-1.50,0.93,3.31,-8.7,6.5,179.3,46.16,2.95,43.221664,-0.052257,12,1,8.03,432.70
1021942,0.00,0.00,0.17,1.81,2.12,-1.56,-9.0,5.8,178.5,46.16,2.95,43.221664,-0.052257,12,1,8.03,432.60
1022248,0.03,-0.07,-0.11,2.12,-1.43,2.87,-9.1,5.3,178.7,46.16,2.95,43.221664,-0.052257,12,1,8.03,432.60
1022860,-0.00,0.11,0.12,-3.37,1.87,0.37,-8.8,6.4,177.5,46.17,2.95,43.221664,-0.052257,12,1,8.03,432.60
1023166,0.03,0.15,0.03,0.81,0.62,-0.43,-9.0,6.6,177.6,46.17,2.95,43.221664,-0.052257,12,1,8.02,432.60
1023472,-0.00,0.03,-0.01,2.37,-3.50,-1.75,-8.8,6.0,178.0,46.17,2.95,43.221664,-0.052257,12,1,8.02,432.50
1023778,-0.25,-0.11,0.31,1.31,-4.06,4.81,-8.0,5.3,177.5,46.17,2.94,43.221664,-0.052257,12,1,8.02,432.50
1024390,-0.68,-1.36,0.85,0.87,8.12,106.25,-5.7,-0.9,150.0,46.18,2.92,43.221664,-0.052256,12,1,8.03,432.50
1024696,-0.30,-1.65,-0.55,-9.81,7.37,95.62,-6.8,-4.3,115.5,46.18,2.93,43.221664,-0.052256,12,1,8.03,432.50
1025308,1.97,-1.11,0.85,-52.93,-17.12,130.31,-20.2,-1.7,51.8,46.19,2.97,43.221672,-0.052255,12,1,8.03,432.60
1025920,0.90,0.33,0.37,15.56,-27.56,-4.62,-13.7,7.0,27.5,46.19,3.03,43.221672,-0.052255,12,1,8.03,432.70
1026226,-0.56,-1.34,0.57,24.06,-7.56,12.12,-6.6,-0.8,21.1,46.19,2.98,43.221672,-0.052255,12,1,8.03,432.60
1026532,-0.22,-0.60,-0.54,-10.56,2.93,-25.25,-7.1,1.7,23.3,46.19,3.01,43.221672,-0.052255,12,1,8.03,432.60
1026838,0.35,0.55,-0.34,-11.93,10.25,-21.25,-10.0,7.2,30.8,46.19,3.02,43.221672,-0.052255,12,1,8.03,432.70
1027144,-0.00,0.46,0.69,-3.81,-8.12,17.00,-9.3,7.9,30.7,46.19,2.98,43.221672,-0.052261,12,1,8.03,432.70
1027756,0.17,-0.19,0.19,2.62,2.37,1.93,-9.9,3.7,29.6,46.20,2.98,43.221672,-0.052261,12,1,8.03,432.70
1028062,0.15,-0.03,0.67,1.50,6.31,-21.25,-10.0,4.0,31.6,46.20,2.97,43.221672,-0.052260,12,1,8.03,432.70
1028368,0.41,0.00,-0.38,5.12,-16.93,32.31,-9.3,3.4,34.8,46.20,2.97,43.221672,-0.052260,12,1,8.03,432.79
1028674,-1.28,-0.56,0.00,26.93,-4.00,-42.25,-1.7,0.1,36.1,46.20,2.98,43.221672,-0.052260,12,1,8.03,432.89
1029286,0.70,0.81,0.49,-17.93,4.00,55.06,-12.1,7.8,40.8,46.21,3.02,43.221672,-0.052260,12,1,8.03,432.89
1029592,0.20,0.00,0.12,16.56,-13.50,-4.50,-9.5,3.9,32.0,46.21,3.00,43.221672,-0.052260,12,1,8.03,432.89
1029898,-0.46,-0.60,0.12,3.25,-6.93,-4.75,-6.0,1.5,34.7,46.21,3.04,43.221672,-0.052260,12,1,8.03,432.79
1030204,-0.28,0.00,-0.11,-7.00,2.93,-3.68,-6.8,4.2,35.5,46.21,3.05,43.221679,-0.052261,12,1,8.03,432.79
1030510,0.12,0.37,-0.30,-1.87,2.25,2.93,-8.5,5.6,36.8,46.22,3.06,43.221679,-0.052261,12,1,8.03,432.89
1030816,0.15,-0.09,0.12,4.37,1.06,23.43,-9.3,3.5,31.6,46.22,3.05,43.221679,-0.052261,12,1,8.03,432.89
1031122,0.23,0.00,-0.27,-4.81,3.18,-11.43,-9.2,3.8,31.1,46.22,3.07,43.221679,-0.052261,12,1,8.03,432.89
1031428,0.12,0.22,0.07,-2.00,-7.75,-3.06,-8.8,5.2,32.8,46.22,3.08,43.221679,-0.052261,12,1,8.03,432.89
1032040,-0.11,-0.11,-0.12,-2.37,5.50,3.25,-7.3,3.6,34.1,46.23,3.09,43.221679,-0.052261,12,1,8.03,432.89
1032346,0.22,0.00,0.07,-4.25,5.93,6.31,-9.2,4.3,32.5,46.23,3.09,43.221679,-0.052263,12,1,8.03,432.89
1032652,0.15,0.11,-0.00,-0.37,-4.31,-1.50,-8.8,4.6,31.3,46.23,3.09,43.221679,-0.052263,12,1,8.03,432.89
1032958,-0.11,0.05,-0.03,0.18,-3.87,-1.43,-7.4,4.5,31.9,46.23,3.11,43.221679,-0.052263,12,1,8.03,432.89
1033570,0.09,-0.03,0.03,-2.12,2.56,5.87,-8.2,4.0,30.9,46.24,3.14,43.221679,-0.052265,12,1,8.03,432.89
1033876,-0.11,0.01,-0.02,-4.81,-7.31,11.31,-7.0,4.8,29.3,46.24,3.12,43.221679,-0.052265,12,1,8.03,432.89
1034182,0.01,0.19,0.19,-5.81,7.56,18.00,-8.1,6.0,23.8,46.24,3.13,43.221679,-0.052266,12,1,8.03,432.79
1034488,0.25,0.07,-0.01,5.37,-5.68,-1.81,-8.8,5.5,21.8,46.24,3.13,43.221679,-0.052266,12,1,8.03,432.79
1035100,-0.22,-0.05,0.02,-4.87,4.81,5.25,-6.6,5.1,20.0,46.25,3.13,43.221679,-0.052267,12,1,8.02,432.79
1035406,0.20,0.25,0.07,-8.93,6.25,12.56,-8.8,6.8,17.0,46.25,3.14,43.221679,-0.052267,12,1,8.02,432.79
1035712,0.36,0.07,0.22,5.75,-3.87,1.56,-9.8,6.1,14.2,46.25,3.11,43.221679,-0.052267,12,1,8.02,432.79
1036018,-0.31,-0.28,-0.02,6.12,-14.18,-0.68,-6.2,4.1,14.3,46.25,3.09,43.221679,-0.052267,12,1,8.02,432.79
1036324,-0.27,-0.03,0.00,-9.06,8.06,-6.18,-6.5,5.3,15.5,46.25,3.12,43.221679,-0.052269,12,1,8.03,432.79
1036630,0.18,0.36,0.07,-2.87,6.50,9.43,-8.7,7.3,15.6,46.26,3.12,43.221679,-0.052269,12,1,8.03,432.79
1036936,0.22,-0.05,-0.03,6.00,-4.31,6.31,-9.1,5.4,12.5,46.26,3.10,43.221679,-0.052269,12,1,8.03,432.79
1037548,-0.11,-0.17,-0.27,0.62,-5.81,-12.81,-7.1,4.5,15.5,46.26,3.11,43.221679,-0.052270,12,1,8.02,432.89
1037854,-0.12,0.11,-0.33,-2.81,8.06,10.18,-7.0,5.9,15.0,46.26,3.11,43.221679,-0.052270,12,1,8.02,433.00
1038160,0.27,0.10,0.38,-9.18,2.93,5.18,-9.8,6.7,11.3,46.26,3.11,43.221679,-0.052270,12,1,8.02,433.00
1038466,0.07,0.18,0.70,4.00,7.00,32.75,-9.2,7.6,6.8,46.27,3.09,43.221679,-0.052270,12,1,8.02,433.00
1038772,0.23,0.12,0.40,3.00,-4.12,-40.62,-9.8,7.0,7.1,46.27,3.09,43.221679,-0.052270,12,1,8.02,433.00
1039078,-0.27,-0.58,-0.67,1.37,-30.12,-5.06,-4.5,2.8,14.8,46.27,3.09,43.221679,-0.052270,12,1,8.02,433.00
1039690,0.20,0.22,0.12,-5.50,18.87,-28.12,-8.6,6.8,8.1,46.28,3.13,43.221679,-0.052271,12,1,8.03,433.00
1039996,0.55,0.38,0.83,-9.00,5.25,44.75,-11.1,7.5,3.9,46.28,3.10,43.221679,-0.052271,12,1,8.03,433.10
1040302,-0.02,-0.51,-0.46,27.00,-10.81,18.18,-7.4,2.5,355.8,46.28,3.05,43.221679,-0.052270,12,1,8.02,433.10
1040608,0.30,-0.19,-0.05,-23.56,7.87,6.62,-9.0,3.5,350.4,46.28,3.10,43.221679,-0.052270,12,1,8.02,433.10
1040914,-0.12,0.41,0.09,2.18,-13.75,-25.75,-7.1,7.1,353.7,46.28,3.11,43.221679,-0.052270,12,1,8.02,433.10
1041526,0.19,-0.07,-0.01,4.12,8.75,20.37,-8.8,5.3,359.3,46.29,3.10,43.221679,-0.052271,12,1,8.03,433.10
1041832,0.35,-0.27,0.07,-1.62,4.62,3.56,-10.2,4.6,355.1,46.29,3.09,43.221679,-0.052271,12,1,8.03,433.00
1042444,-0.35,0.25,-0.01,-3.81,-8.50,-8.75,-6.5,7.5,357.5,46.29,3.09,43.221679,-0.052271,12,1,8.03,433.00
1042750,-0.25,0.11,0.75,6.06,11.56,0.62,-7.8,6.7,357.0,46.29,3.09,43.221679,-0.052271,12,1,8.03,433.10
1043056,1.76,0.37,-2.17,-13.00,-14.06,23.00,-14.4,5.5,1.8,46.30,3.11,43.221679,-0.052271,12,1,8.03,433.00
1043362,-0.50,0.03,-0.88,13.56,-43.75,10.00,-5.1,2.3,349.6,46.30,3.09,43.221679,-0.052272,12,1,8.03,433.20
1043974,1.05,0.55,0.38,-32.18,26.81,30.00,-13.0,6.0,3.8,46.30,3.28,43.221679,-0.052272,12,1,8.03,433.20
1044280,0.65,0.44,0.01,17.18,-9.93,-30.12,-11.4,4.1,357.8,46.30,3.23,43.221687,-0.052271,12,1,8.02,433.10
1044586,-0.37,-0.76,0.07,27.81,-16.62,-29.25,-6.3,-1.3,7.8,46.31,3.25,43.221687,-0.052271,12,1,8.02,433.10
1044892,-0.52,-0.56,-0.50,8.37,9.00,-83.62,-7.0,-1.2,25.0,46.31,3.32,43.221687,-0.052271,12,1,8.02,433.20
1045504,0.09,0.68,0.40,-14.12,6.62,67.37,-11.5,6.3,31.3,46.31,3.30,43.221679,-0.052272,12,1,8.02,433.10
1045810,0.20,-0.12,0.02,19.18,-5.25,-10.25,-11.7,2.0,22.6,46.31,3.30,43.221679,-0.052272,12,1,8.02,433.10
1046116,-0.09,-0.70,0.76,8.81,-0.93,-62.50,-10.1,-1.0,33.3,46.31,3.35,43.221679,-0.052272,12,1,8.02,433.20
1046728,-0.63,-0.22,-0.02,8.93,-18.37,29.31,-7.2,3.1,66.1,46.32,3.39,43.221679,-0.052272,12,1,8.03,433.20
1047034,-0.51,-0.77,-1.33,11.75,-9.43,12.87,-6.3,-0.3,57.8,46.32,3.38,43.221679,-0.052272,12,1,8.03,433.20
1047646,0.95,0.69,-0.88,-12.81,-8.43,23.18,-14.0,8.9,51.2,46.32,3.41,43.221687,-0.052272,12,1,8.02,433.10
1047952,0.01,-0.34,0.15,10.25,-21.93,26.37,-10.1,5.4,42.9,46.33,3.37,43.221687,-0.052272,12,1,8.02,433.10
1048258,-0.18,0.09,-0.50,-23.62,8.06,87.00,-8.1,7.1,26.1,46.33,3.33,43.221679,-0.052273,12,1,8.03,433.00
1048564,0.28,-0.30,0.67,-13.12,-2.68,19.93,-13.0,7.6,7.9,46.33,3.29,43.221679,-0.052273,12,1,8.03,432.89
1048870,0.09,-0.10,0.49,-19.00,-15.06,96.50,-11.0,9.3,354.0,46.33,3.24,43.221679,-0.052273,12,1,8.03,432.89
1049482,0.38,0.09,-0.00,9.06,1.56,-21.93,-12.4,9.5,333.8,46.34,3.23,43.221679,-0.052275,12,1,8.03,432.89
1049788,-0.05,-0.10,-0.03,-1.12,-11.50,16.87,-10.3,8.1,332.6,46.34,3.20,43.221679,-0.052275,12,1,8.03,432.89
1050400,-0.03,0.11,-0.15,-5.31,1.56,4.43,-9.8,9.1,333.6,46.34,3.17,43.221679,-0.052276,12,1,8.03,433.00
1050706,0.17,0.20,0.13,-0.93,7.56,8.00,-11.1,9.7,330.3,46.34,3.15,43.221679,-0.052276,12,1,8.03,433.00
1051318,-0.05,-0.05,-0.02,-1.37,-3.18,-1.56,-10.0,8.3,330.1,46.35,3.14,43.221679,-0.052277,12,1,8.03,433.00
1051624,-0.10,-0.00,-0.05,0.06,0.37,-2.75,-9.5,8.6,331.1,46.35,3.15,43.221679,-0.052277,12,1,8.03,433.00
1052236,0.03,0.00,0.07,1.00,3.62,-1.00,-10.8,8.8,330.8,46.35,3.16,43.221679,-0.052277,12,1,8.03,433.00
1052542,0.03,-0.01,0.09,-0.12,-0.06,4.06,-11.1,8.6,330.5,46.35,3.14,43.221679,-0.052277,12,1,8.02,433.00
1052848,0.18,0.00,0.05,-1.25,-3.56,-3.50,-11.3,8.8,330.3,46.36,3.13,43.221679,-0.052277,12,1,8.02,433.00
1053766,0.30,0.00,0.00,1.93,16.62,-9.00,-11.9,8.5,327.0,46.36,3.18,43.221679,-0.052277,12,1,8.02,433.00
1054072,-0.23,-0.25,0.25,1.18,-10.06,13.81,-9.5,8.1,330.7,46.37,3.17,43.221679,-0.052277,12,1,8.02,433.00
1054378,0.31,0.20,-0.12,-2.18,4.12,-13.68,-11.1,8.7,327.4,46.37,3.17,43.221679,-0.052277,12,1,8.03,433.10
1054990,-0.30,-0.05,-0.07,2.18,0.06,3.06,-8.2,7.5,334.2,46.37,3.17,43.221679,-0.052277,12,1,8.03,433.10
1055296,0.10,-0.09,-0.01,-2.43,7.06,3.25,-10.0,7.4,334.4,46.37,3.19,43.221679,-0.052278,12,1,8.03,433.10
1055602,0.19,0.00,0.09,-2.50,0.12,3.93,-10.8,8.0,332.4,46.37,3.19,43.221679,-0.052278,12,1,8.03,433.10
1055908,0.07,0.02,0.09,1.81,-2.56,-3.75,-10.3,8.2,333.3,46.38,3.20,43.221679,-0.052278,12,1,8.03,433.10
1056520,0.05,0.00,-0.09,1.12,0.93,6.12,-9.6,7.8,332.5,46.38,3.19,43.221679,-0.052278,12,1,8.02,433.20
1056826,-0.05,0.00,-0.07,-2.75,5.81,-1.50,-9.4,8.0,332.3,46.38,3.19,43.221679,-0.052278,12,1,8.02,433.20
1057132,0.05,-0.00,0.05,-2.25,-4.37,9.37,-10.0,8.1,330.2,46.38,3.20,43.221679,-0.052278,12,1,8.02,433.20
1057744,-0.01,-0.03,0.10,-0.18,-6.50,9.56,-9.8,8.2,329.5,46.39,3.21,43.221679,-0.052278,12,1,8.03,433.29
1058356,0.12,0.02,0.00,-0.25,2.00,15.25,-10.4,8.1,328.3,46.39,3.21,43.221679,-0.052279,12,1,8.02,433.29
1058662,0.30,-0.07,0.11,1.31,3.68,-3.43,-11.3,7.8,327.5,46.39,3.22,43.221679,-0.052279,12,1,8.02,433.39
1058968,0.00,0.07,0.13,-3.68,-5.93,-1.81,-10.0,8.5,327.6,46.39,3.22,43.221679,-0.052279,12,1,8.02,433.39
1059580,-0.01,-0.07,-0.15,2.93,2.31,2.68,-9.2,7.6,329.1,46.40,3.21,43.221679,-0.052280,12,1,8.02,433.39
1059886,-0.07,0.00,-0.01,-5.37,10.62,-11.43,-9.3,8.1,331.5,46.40,3.21,43.221679,-0.052280,12,1,8.02,433.50
1060192,0.27,0.19,-0.20,5.25,-3.75,-1.31,-10.6,8.6,333.1,46.40,3.21,43.221679,-0.052280,12,1,8.02,433.50
1060498,-0.17,-0.25,0.09,4.00,0.81,1.37,-9.1,6.8,333.3,46.40,3.21,43.221679,-0.052280,12,1,8.02,433.50
1061110,-0.11,0.15,0.07,-6.31,9.06,-0.75,-9.5,8.6,332.1,46.40,3.21,43.221679,-0.052280,12,1,8.02,433.50
1061722,0.22,0.07,-0.15,0.81,6.43,-9.25,-11.0,8.3,331.5,46.41,3.21,43.221679,-0.052280,12,1,8.02,433.60
1062028,-0.15,-0.22,0.12,2.43,-11.00,3.93,-9.5,7.2,332.1,46.41,3.21,43.221679,-0.052280,12,1,8.02,433.60
1062640,0.11,-0.07,0.00,-2.75,4.68,10.62,-10.5,7.3,326.3,46.41,3.20,43.221679,-0.052280,12,1,8.03,433.70
1062946,-0.22,-0.37,-0.00,-9.81,-3.00,29.50,-9.6,5.6,317.5,46.41,3.19,43.221679,-0.052280,12,1,8.03,433.70
1063558,-0.03,0.68,-0.60,-8.75,11.81,3.31,-9.0,10.7,316.9,46.42,3.22,43.221679,-0.052280,12,1,8.02,433.79
1063864,0.22,-0.18,0.31,13.87,-12.31,-11.56,-12.0,7.3,313.7,46.42,3.21,43.221679,-0.052280,12,1,8.02,433.79
1064170,-0.50,-0.40,-0.27,2.87,-1.12,-2.25,-7.7,6.1,319.6,46.42,3.19,43.221679,-0.052280,12,1,8.02,433.79
1064782,0.58,0.27,0.22,-5.31,-2.62,0.00,-13.3,9.5,320.6,46.43,3.21,43.221679,-0.052280,12,1,8.02,433.79
1065088,-0.45,-0.12,0.10,12.06,-21.50,-5.68,-8.3,7.6,320.3,46.43,3.18,43.221679,-0.052280,12,1,8.02,433.79
1065700,-0.10,-0.07,-0.02,-7.68,6.56,5.68,-10.0,7.8,323.5,46.43,3.22,43.221679,-0.052280,12,1,8.03,433.79
1066312,0.34,0.18,0.22,-1.43,-1.31,4.75,-12.6,9.2,321.0,46.44,3.21,43.221679,-0.052280,12,1,8.03,433.79
1066618,-0.20,-0.13,0.09,8.18,-9.00,-6.50,-10.0,7.7,321.5,46.44,3.20,43.221679,-0.052281,12,1,8.02,433.79
1066924,-0.15,-0.10,-0.07,-0.56,0.25,-4.68,-9.7,7.5,322.3,46.44,3.20,43.221679,-0.052281,12,1,8.02,433.89
1067230,-0.07,-0.02,0.12,1.75,1.68,6.12,-10.0,8.0,323.6,46.44,3.21,43.221679,-0.052281,12,1,8.02,433.89
1067842,0.28,0.00,0.07,6.37,1.56,-1.31,-12.0,8.3,325.6,46.44,3.21,43.221679,-0.052281,12,1,8.02,433.89
1068148,-0.02,0.07,-0.00,-1.93,-1.56,-10.00,-10.3,8.2,327.3,46.45,3.20,43.221679,-0.052281,12,1,8.02,433.89
1068760,0.46,0.13,0.10,1.00,26.75,-11.62,-12.5,8.5,325.2,46.45,3.24,43.221679,-0.052281,12,1,8.03,433.89
1069066,-0.20,0.02,0.05,-3.87,-11.81,19.50,-9.8,8.6,326.4,46.45,3.24,43.221679,-0.052281,12,1,8.03,433.89
1069678,-0.07,-0.05,0.05,-2.37,2.43,8.68,-10.2,8.1,324.5,46.46,3.24,43.221679,-0.052282,12,1,8.02,433.89
1069984,-0.00,0.00,0.07,1.00,-1.75,-6.68,-10.6,8.4,323.6,46.46,3.23,43.221679,-0.052282,12,1,8.02,433.89
1070290,-0.05,0.00,0.02,0.25,0.00,5.00,-10.3,8.3,323.8,46.46,3.22,43.221679,-0.052282,12,1,8.02,433.89
1070902,0.27,0.15,-0.03,1.75,0.87,1.56,-11.9,8.7,325.5,46.46,3.24,43.221679,-0.052282,12,1,8.03,433.89
1071514,-0.20,-0.01,-0.05,0.37,-1.25,0.43,-9.3,8.0,325.7,46.47,3.24,43.221679,-0.052282,12,1,8.02,433.89
1071820,-0.15,-0.05,0.09,-3.06,2.18,10.93,-9.8,8.1,323.6,46.47,3.23,43.221679,-0.052282,12,1,8.02,433.89
1072126,0.28,0.01,0.00,-0.93,5.06,8.00,-11.6,8.7,321.9,46.47,3.26,43.221679,-0.052282,12,1,8.02,433.89
1072432,0.17,0.19,0.15,-3.75,0.50,-6.81,-11.6,9.3,321.3,46.47,3.27,43.221679,-0.052282,12,1,8.02,433.89
1073044,-0.15,-0.20,-0.13,4.37,-1.56,-5.68,-9.7,7.5,323.3,46.47,3.26,43.221679,-0.052282,12,1,8.03,433.89
1073350,-0.11,-0.13,0.15,-4.81,4.06,-12.43,-10.2,8.0,326.8,46.48,3.27,43.221679,-0.052282,12,1,8.03,433.89
1073962,0.15,0.10,-0.01,3.06,0.62,-2.31,-11.3,9.1,326.2,46.48,3.26,43.221679,-0.052282,12,1,8.02,433.89
1074574,0.10,0.00,0.03,2.81,-5.56,-4.87,-11.5,8.6,328.5,46.48,3.28,43.221679,-0.052282,12,1,8.02,434.00
1074880,0.00,0.05,-0.00,-0.56,1.31,-2.87,-11.0,8.5,328.1,46.49,3.27,43.221679,-0.052282,12,1,8.02,434.00
1075186,-0.13,-0.09,0.11,0.43,-0.31,-3.00,-10.5,8.2,329.8,46.49,3.27,43.221679,-0.052282,12,1,8.02,434.00
1075492,0.09,-0.05,-0.49,7.18,-4.00,21.68,-10.6,7.3,327.3,46.49,3.27,43.221679,-0.052283,12,1,8.02,434.00
1076104,0.38,0.44,0.00,-5.25,12.93,-16.12,-12.7,10.3,330.0,46.49,3.31,43.221679,-0.052283,12,1,8.02,434.00
1076410,-0.27,-0.30,0.30,10.43,-11.43,12.25,-10.4,7.3,328.3,46.50,3.29,43.221679,-0.052283,12,1,8.02,434.00
1077022,-0.27,0.10,0.00,-10.18,-1.43,3.25,-9.6,8.6,331.2,46.50,3.30,43.221679,-0.052283,12,1,8.03,434.00
1077328,-0.15,-0.00,0.22,7.75,5.37,3.06,-10.6,8.5,330.1,46.50,3.33,43.221679,-0.052283,12,1,8.03,434.00
1077940,0.30,-0.55,0.35,-0.68,-4.87,9.56,-12.9,5.8,325.0,46.50,3.32,43.221679,-0.052283,12,1,8.02,434.00
1078552,-0.18,0.12,0.13,8.31,-8.06,0.68,-9.9,9.1,325.9,46.51,3.35,43.221679,-0.052284,12,1,8.02,434.00
1078858,-0.10,-0.23,0.02,4.18,6.50,3.06,-10.4,7.2,324.4,46.51,3.35,43.221679,-0.052284,12,1,8.02,434.00
1079164,0.36,-0.12,0.05,-3.87,5.12,-4.56,-12.4,7.5,325.7,46.51,3.37,43.221679,-0.052284,12,1,8.02,434.00
1079776,-0.72,-0.51,-0.05,11.25,-15.37,3.93,-7.0,5.2,326.1,46.51,3.35,43.221679,-0.052285,12,1,8.02,434.00
1080082,0.91,-0.40,3.23,4.81,41.37,-40.81,-14.7,5.7,333.3,46.52,3.42,43.221679,-0.052285,12,1,8.02,434.00
1080388,1.07,0.23,-1.32,-88.93,-78.81,242.62,-10.9,4.4,289.5,46.52,3.36,43.221679,-0.052285,12,1,8.02,434.20
1081000,-1.00,0.49,-1.12,-13.25,-14.25,-42.93,1.6,2.1,317.0,46.52,3.75,43.221679,-0.052283,12,1,8.02,434.50
1081306,-0.00,0.57,0.19,0.81,42.68,29.81,-5.1,3.5,310.2,46.52,3.79,43.221679,-0.052283,12,1,8.02,434.60
1081612,0.91,-0.23,-0.75,10.25,1.50,7.00,-9.8,-0.5,305.1,46.52,3.84,43.221679,-0.052281,12,1,8.02,434.50
1082224,-1.20,-0.70,2.09,-15.81,-0.56,83.50,-3.2,-6.6,303.1,46.53,3.88,43.221679,-0.052281,12,1,8.02,434.29
1082836,0.44,-0.18,0.33,33.25,-22.81,-36.87,-9.8,-2.3,274.0,46.53,3.89,43.221679,-0.052281,12,1,8.02,434.29
1083142,-0.80,-0.54,0.35,5.18,-23.81,-6.50,-4.2,-3.5,288.8,46.53,3.90,43.221679,-0.052281,12,1,8.02,434.29
1083754,0.46,0.36,0.15,-6.37,19.62,9.18,-10.9,1.0,282.8,46.53,3.89,43.221679,-0.052282,12,1,8.02,434.20
1084060,0.44,0.19,0.33,7.75,-8.12,-8.87,-10.8,-0.0,283.8,46.54,3.87,43.221679,-0.052282,12,1,8.02,434.10
1084366,0.07,-0.28,-0.07,21.37,5.93,15.37,-8.4,-2.7,289.1,46.54,3.87,43.221679,-0.052282,12,1,8.02,434.10
1084672,0.81,-0.95,-1.44,-4.25,26.37,-25.50,-11.4,-7.5,284.4,46.54,3.89,43.221679,-0.052283,12,1,8.02,434.10
1085284,-0.01,0.63,0.68,45.93,7.43,-24.06,-9.6,7.0,329.1,46.54,3.82,43.221679,-0.052283,12,1,8.02,434.00
1085896,-0.98,-1.07,-2.13,13.00,-3.06,21.62,-1.0,-3.7,300.2,46.55,3.62,43.221679,-0.052283,12,1,8.02,433.89
1086508,-0.54,1.22,-0.36,-7.37,6.56,-8.25,-5.1,8.4,286.8,46.55,3.63,43.221679,-0.052283,12,1,8.02,434.00
1086814,-0.70,0.45,-1.86,26.87,-9.93,55.87,-4.3,5.1,278.9,46.55,3.56,43.221694,-0.052279,12,1,8.02,433.89
1087120,-0.52,0.00,1.61,0.93,15.68,31.56,-7.7,3.3,276.0,46.55,3.55,43.221694,-0.052279,12,1,8.02,433.89
1087426,0.18,0.02,-1.20,7.75,-8.56,-32.50,-9.6,3.4,277.1,46.56,3.51,43.221694,-0.052279,12,1,8.02,433.79
1088038,-0.47,-0.40,-1.90,13.06,21.87,40.06,-5.5,1.0,271.0,46.56,3.42,43.221702,-0.052274,12,1,8.02,433.79
1088344,-0.13,0.17,1.90,-27.43,-2.12,-5.62,-11.1,4.0,263.9,46.56,3.43,43.221702,-0.052274,12,1,8.02,433.79
1088650,0.05,0.45,-2.59,-8.43,9.50,-68.37,-7.0,5.6,280.8,46.56,3.43,43.221721,-0.052273,12,1,8.02,433.89
1089262,0.81,-0.38,-1.02,4.68,28.81,53.25,-12.2,2.1,262.0,46.57,3.36,43.221721,-0.052273,12,1,8.02,433.89
1089874,0.20,0.17,-0.52,-15.25,-15.31,3.12,-9.1,5.0,261.0,46.57,3.38,43.221736,-0.052270,12,1,8.02,433.89
1090486,-0.13,0.40,0.54,1.06,20.50,4.93,-8.6,6.2,256.5,46.57,3.43,43.221736,-0.052270,12,1,8.02,434.10
1090792,-0.10,0.61,-1.50,-5.43,20.12,-42.81,-8.5,7.6,262.9,46.57,3.39,43.221752,-0.052270,12,1,8.02,434.10
1091098,0.41,0.33,1.98,1.87,-32.31,72.50,-14.3,7.0,255.2,46.58,3.37,43.221752,-0.052270,12,1,8.02,434.10
1091404,-0.66,-0.51,-3.28,19.37,-11.00,-58.37,-4.1,0.7,257.3,46.58,3.33,43.221752,-0.052270,12,1,8.02,434.10
1092016,0.60,0.45,-3.47,9.06,25.93,-13.43,-10.3,6.1,254.5,46.58,3.35,43.221759,-0.052269,12,1,8.02,434.00
1092628,0.07,0.19,-2.94,0.75,12.18,-15.75,-6.6,3.7,255.3,46.58,3.34,43.221759,-0.052269,12,1,8.02,434.20
1092934,-1.38,0.27,1.80,1.62,-16.68,4.81,-5.6,6.2,255.4,46.59,3.34,43.221778,-0.052269,12,1,8.02,434.10
1093240,1.25,0.93,-2.10,-10.06,29.18,-2.00,-12.8,8.9,263.2,46.59,3.39,43.221778,-0.052269,12,1,8.02,434.20
1093546,-0.93,0.95,2.79,4.93,-48.43,90.81,-7.6,10.0,249.1,46.59,3.30,43.221778,-0.052269,12,1,8.02,434.20
1094158,-0.76,0.40,2.00,-7.81,-51.25,0.31,-8.8,6.4,253.6,46.59,3.34,43.221794,-0.052266,12,1,8.02,434.20
1094464,-0.50,-0.05,-1.01,16.06,-0.31,-10.87,-5.0,4.4,265.0,46.60,3.34,43.221794,-0.052266,12,1,8.02,434.20
1095076,1.13,-0.07,0.69,21.25,32.25,9.87,-16.0,4.4,252.7,46.60,3.31,43.221809,-0.052263,12,1,8.02,434.29
1095382,-0.61,0.03,1.00,-9.12,-34.75,-11.56,-9.0,5.1,253.0,46.60,3.23,43.221809,-0.052263,12,1,8.02,434.29
1095688,-0.43,-0.25,-0.12,-0.06,-15.37,-16.93,-7.5,3.2,251.5,46.60,3.26,43.221824,-0.052258,12,1,8.03,434.29
1096300,0.47,0.28,1.09,6.00,32.68,18.87,-13.4,6.8,248.5,46.61,3.28,43.221824,-0.052258,12,1,8.03,434.39
1096606,1.01,0.09,1.16,21.87,-19.06,5.50,-18.0,5.3,246.8,46.61,3.24,43.221824,-0.052258,12,1,8.03,434.29
1097218,-1.38,0.22,-0.61,-20.37,-9.87,-35.75,-2.2,3.7,251.6,46.61,3.21,43.221836,-0.052254,12,1,8.02,434.39
1097830,0.58,0.75,1.13,-12.56,-2.18,-23.18,-14.3,9.1,252.3,46.61,3.22,43.221851,-0.052252,12,1,8.02,434.29
1098442,-0.91,0.46,1.38,3.18,-24.06,53.31,-8.0,7.7,249.1,46.62,3.15,43.221851,-0.052252,12,1,8.02,434.39
1099054,0.81,0.15,2.92,3.43,26.06,3.93,-17.6,7.8,245.1,46.62,3.22,43.221858,-0.052249,12,1,8.02,434.39
1099360,1.04,-0.03,-1.52,14.81,-10.31,-75.87,-14.4,5.1,257.2,46.62,3.17,43.221858,-0.052249,12,1,8.02,434.39
1099666,-1.12,-0.19,1.14,-5.18,-23.75,25.37,-6.0,5.1,262.0,46.62,3.14,43.221858,-0.052249,12,1,8.02,434.50
1100278,0.70,0.52,-0.86,4.06,18.18,-4.31,-12.7,7.2,257.2,46.63,3.21,43.221866,-0.052249,12,1,8.02,434.60
1100584,1.16,-0.30,1.92,1.31,13.81,-35.93,-17.5,5.5,266.8,46.63,3.19,43.221866,-0.052249,12,1,8.02,434.50
1100890,-0.81,-0.66,0.38,13.62,-35.25,-36.25,-7.1,2.1,269.4,46.63,3.12,43.221866,-0.052249,12,1,8.02,434.50
1101196,-1.48,-0.50,0.30,-4.37,-12.56,29.81,-2.9,2.5,273.6,46.64,3.14,43.221866,-0.052249,12,1,8.02,434.50
1101808,0.25,0.61,3.32,12.12,-7.50,-10.00,-15.8,8.6,278.0,46.64,3.20,43.221874,-0.052247,12,1,8.02,434.60
1102420,-1.61,0.07,-1.29,2.56,4.81,26.62,-1.1,5.7,284.7,46.64,3.13,43.221874,-0.052247,12,1,8.02,434.60
1102726,0.63,-0.20,1.01,-4.56,51.68,10.31,-15.2,5.5,280.3,46.64,3.22,43.221874,-0.052247,12,1,8.02,434.60
1103338,-0.09,-0.38,0.07,17.31,-31.31,-39.81,-10.1,4.5,280.7,46.65,3.20,43.221881,-0.052243,12,1,8.02,434.60
1103644,-1.10,-0.27,-0.13,-1.81,-17.62,1.25,-5.0,5.1,285.4,46.65,3.23,43.221881,-0.052243,12,1,8.02,434.60
1103950,-0.19,0.03,-0.07,-2.06,25.25,-6.12,-9.6,6.6,285.3,46.65,3.29,43.221889,-0.052242,12,1,8.02,434.60
1104256,0.79,0.17,0.02,-7.87,9.12,1.68,-14.6,7.3,286.1,46.65,3.32,43.221889,-0.052242,12,1,8.02,434.60
1104868,0.11,-0.20,-0.02,9.18,-2.06,-9.00,-11.6,5.6,284.3,46.66,3.30,43.221889,-0.052243,12,1,8.02,434.70
1105174,-0.40,-0.28,-0.03,-2.68,-9.12,-0.56,-9.1,5.3,284.1,46.66,3.29,43.221889,-0.052243,12,1,8.02,434.79
1105786,0.22,0.37,0.09,-5.43,-0.12,7.81,-12.4,8.4,283.1,46.66,3.30,43.221889,-0.052243,12,1,8.02,434.79
1106092,-0.00,-0.02,0.15,9.00,-4.12,-7.25,-11.5,6.6,282.7,46.66,3.28,43.221889,-0.052243,12,1,8.02,434.89
1106398,-0.18,-0.27,0.03,2.37,-2.12,4.93,-10.5,5.3,282.5,46.66,3.28,43.221889,-0.052243,12,1,8.02,434.89
1107010,0.15,0.27,-0.00,-6.00,1.25,-0.43,-12.1,7.9,280.8,46.67,3.28,43.221889,-0.052243,12,1,8.02,435.00
1107622,-0.03,-0.19,-0.00,2.93,-2.43,3.75,-11.3,5.7,279.3,46.67,3.29,43.221889,-0.052243,12,1,8.02,435.00
1107928,-0.01,-0.07,0.00,-5.56,-0.12,3.75,-11.3,6.2,279.3,46.68,3.30,43.221889,-0.052243,12,1,8.02,435.10
1108234,0.00,0.22,0.00,-6.00,1.62,0.75,-11.5,7.7,277.9,46.68,3.31,43.221889,-0.052243,12,1,8.02,435.10
1108846,-0.07,-0.12,0.02,2.68,2.06,0.25,-11.0,6.2,277.3,46.68,3.33,43.221889,-0.052243,12,1,8.02,435.20
1109152,0.03,-0.09,0.05,-2.81,-0.56,-2.31,-11.6,6.3,277.1,46.68,3.34,43.221889,-0.052243,12,1,8.02,435.20
1109458,-0.01,0.09,0.00,-2.31,-0.18,-0.12,-11.3,7.2,277.1,46.68,3.35,43.221889,-0.052243,12,1,8.02,435.20
1110070,0.12,0.05,-0.15,0.37,-2.43,4.18,-12.0,7.0,277.3,46.69,3.34,43.221889,-0.052244,12,1,8.02,435.20
1110376,-0.13,-0.17,0.02,1.62,-2.18,-1.75,-11.0,6.5,276.7,46.69,3.34,43.221889,-0.052244,12,1,8.02,435.20
1110988,0.15,0.12,0.00,-2.06,1.25,3.87,-12.2,8.0,275.0,46.69,3.35,43.221889,-0.052244,12,1,8.02,435.20
1111600,-0.05,-0.05,0.02,1.81,-0.75,3.37,-11.5,6.8,273.8,46.70,3.30,43.221889,-0.052244,12,1,8.02,435.29
1111906,0.07,-0.11,-0.00,-3.68,3.31,1.43,-11.8,6.7,274.4,46.70,3.29,43.221889,-0.052243,12,1,8.02,435.29
1112212,0.10,0.18,0.07,-4.37,-2.37,-7.56,-12.0,8.1,274.3,46.70,3.30,43.221889,-0.052243,12,1,8.02,435.29
1112518,-0.12,0.20,0.01,1.62,-2.56,5.06,-10.9,8.1,273.8,46.70,3.30,43.221889,-0.052243,12,1,8.02,435.29
1113130,0.05,-0.09,0.22,5.37,5.12,-24.68,-12.5,6.3,278.2,46.71,3.34,43.221889,-0.052243,12,1,8.02,435.29
1113436,0.55,-0.51,0.36,35.68,11.93,-68.50,-14.8,4.2,293.0,46.71,3.37,43.221889,-0.052243,12,1,8.02,435.29
1114048,-1.29,-1.63,0.47,32.43,5.68,-92.75,-5.5,-2.6,329.7,46.71,3.35,43.221889,-0.052243,12,1,8.02,435.29
1114354,0.67,-1.72,-1.12,52.12,-11.50,-140.12,-13.3,-5.5,8.5,46.71,3.44,43.221889,-0.052243,12,1,8.02,435.39
1115272,-3.72,-2.50,3.00,25.87,-35.18,-12.00,2.2,-6.0,85.3,46.72,3.50,43.221881,-0.052235,12,1,8.02,435.39
1115884,-1.94,-0.63,5.48,-5.06,29.50,57.62,-8.8,5.9,87.6,46.72,3.60,43.221866,-0.052237,12,1,8.02,435.29
1116190,2.64,-0.30,-0.58,16.93,53.00,-17.62,-24.9,3.2,84.1,46.72,3.55,43.221866,-0.052237,12,1,8.02,435.20
1116496,0.05,-1.39,0.46,-15.31,-68.00,14.06,-13.4,-2.0,81.3,46.72,3.46,43.221866,-0.052237,12,1,8.02,435.20
1116802,-1.74,-0.80,-0.98,-6.25,-1.00,-26.12,-1.0,0.5,83.6,46.73,3.52,43.221866,-0.052237,12,1,8.02,435.29
1117108,-1.09,-0.73,0.00,2.37,38.56,6.68,-6.2,1.8,85.6,46.73,3.59,43.221851,-0.052239,12,1,8.02,435.20
1117414,1.00,-0.93,1.91,13.50,5.00,14.56,-18.4,2.1,90.7,46.73,3.58,43.221851,-0.052239,12,1,8.02,435.20
1117720,-0.46,-0.63,-2.36,-17.62,-39.43,21.62,-7.1,0.7,74.6,46.73,3.45,43.221851,-0.052239,12,1,8.02,435.20
1118332,0.05,-0.46,-0.95,19.37,-2.06,10.25,-11.1,2.6,78.6,46.73,3.57,43.221851,-0.052239,12,1,8.02,435.29
1118638,-0.63,-0.18,0.97,-8.93,-14.25,-35.31,-7.6,4.7,93.6,46.74,3.57,43.221851,-0.052239,12,1,8.02,435.39
1118944,-0.49,-1.19,-2.71,15.12,-17.00,-13.62,-6.0,-2.0,79.5,46.74,3.53,43.221843,-0.052242,12,1,8.02,435.39
1119250,-1.02,-1.05,2.20,-18.18,21.68,29.00,-7.8,1.1,85.5,46.74,3.61,43.221843,-0.052242,12,1,8.02,435.39
1119862,-0.50,-0.70,4.03,7.81,-80.25,-12.12,-12.5,4.0,85.8,46.74,3.59,43.221843,-0.052242,12,1,8.02,435.39
1120168,-2.17,-0.95,-2.47,-16.93,-13.06,-45.43,3.1,-0.6,78.6,46.75,3.58,43.221824,-0.052243,12,1,8.02,435.29
1120474,0.33,0.03,1.78,-11.06,66.25,9.37,-14.0,6.3,87.8,46.75,3.77,43.221824,-0.052243,12,1,8.02,435.39
1120780,1.73,-0.18,0.22,11.00,-20.12,-3.43,-21.0,3.8,82.1,46.75,3.68,43.221824,-0.052243,12,1,8.02,435.39
1121392,-0.25,-0.91,-0.25,-13.25,-20.68,-2.62,-9.1,-0.5,92.3,46.75,3.72,43.221817,-0.052245,12,1,8.02,435.39
1121698,-0.25,0.44,1.75,-10.12,12.12,0.00,-10.3,6.3,92.6,46.75,3.76,43.221817,-0.052245,12,1,8.02,435.29
1122004,0.19,0.54,-1.96,-9.00,10.00,-41.18,-9.6,6.6,100.2,46.75,3.74,43.221801,-0.052246,12,1,8.02,435.10
1122310,0.09,0.91,1.25,7.87,-4.56,35.00,-11.8,9.7,101.0,46.76,3.73,43.221801,-0.052246,12,1,8.02,435.20
1122616,-0.30,-0.33,-1.97,6.31,-2.31,-20.87,-7.4,2.8,96.4,46.76,3.69,43.221801,-0.052246,12,1,8.02,435.20
1123228,1.21,0.40,-0.60,-17.06,23.93,-22.93,-17.4,7.5,89.6,46.76,3.69,43.221794,-0.052251,12,1,8.02,435.10
1123840,0.57,-0.66,-2.11,-11.12,-15.62,2.56,-12.2,0.3,75.0,46.76,3.61,43.221794,-0.052251,12,1,8.02,435.20
1124146,-0.37,-0.63,1.39,-12.81,8.75,-39.50,-10.6,2.6,80.6,46.77,3.72,43.221786,-0.052251,12,1,8.01,435.20
1124452,0.55,0.25,-0.70,-1.37,19.68,-18.18,-14.3,5.9,80.5,46.77,3.72,43.221786,-0.052251,12,1,8.01,435.10
1124758,0.37,-0.15,0.86,27.62,-12.37,-24.50,-13.8,5.6,99.8,46.77,3.74,43.221786,-0.052251,12,1,8.01,435.20
1125064,0.67,-0.01,-2.72,-33.62,28.06,-5.93,-11.8,2.6,89.6,46.77,3.70,43.221767,-0.052250,12,1,8.02,435.10
1125370,-0.17,0.07,1.72,3.00,-13.56,-43.56,-12.5,6.6,95.4,46.77,3.76,43.221767,-0.052250,12,1,8.02,435.10
1125676,0.81,0.49,-3.00,-25.93,39.93,-32.81,-12.3,7.1,101.5,46.78,3.76,43.221767,-0.052250,12,1,8.02,435.00
1126288,0.51,-0.18,-3.71,20.87,10.00,-17.75,-9.8,3.0,103.6,46.78,3.75,43.221752,-0.052253,12,1,8.02,434.89
1126594,-0.85,-1.24,3.02,-16.43,9.56,8.37,-11.0,1.8,105.2,46.78,3.78,43.221752,-0.052253,12,1,8.02,435.00
1126900,1.48,1.28,-2.28,-18.37,40.56,-20.18,-17.6,11.6,101.0,46.78,3.75,43.221752,-0.052253,12,1,8.02,434.89
1127818,-2.44,-1.70,7.80,-14.62,-24.87,-63.18,-8.7,1.9,108.8,46.79,3.84,43.221744,-0.052254,12,1,8.02,434.89
1128430,-0.54,-0.45,2.25,24.43,4.00,-33.43,-12.0,7.6,125.8,46.79,3.83,43.221729,-0.052256,12,1,8.02,434.70
1128736,1.13,0.33,-3.48,-8.56,-4.00,9.87,-13.7,6.4,120.3,46.79,3.80,43.221729,-0.052256,12,1,8.02,434.70
1129042,-1.10,-0.22,3.47,-16.31,-5.43,16.50,-10.3,8.9,118.7,46.79,3.78,43.221721,-0.052260,12,1,8.02,434.70
1129348,2.21,0.98,-2.90,-0.25,39.81,-10.50,-20.6,9.5,106.2,46.80,3.81,43.221721,-0.052260,12,1,8.02,434.70
1129654,-0.36,-1.48,3.47,63.37,-35.43,-24.93,-16.1,3.7,125.8,46.80,3.80,43.221721,-0.052260,12,1,8.02,434.60
1130266,-0.85,0.17,2.26,4.31,2.50,-4.37,-9.0,7.9,114.8,46.80,3.81,43.221702,-0.052264,12,1,8.02,434.70
1130572,0.38,0.54,-0.90,-7.56,19.43,18.68,-12.4,8.1,113.5,46.80,3.85,43.221702,-0.052264,12,1,8.02,434.50
1130878,0.44,0.09,2.22,24.75,-18.43,10.12,-15.6,6.2,111.0,46.80,3.88,43.221702,-0.052264,12,1,8.02,434.60
1131490,0.13,-0.83,0.33,31.81,8.00,-35.31,-11.3,-2.1,116.9,46.81,3.96,43.221702,-0.052264,12,1,8.02,434.60
1131796,-0.02,-0.83,-0.18,14.75,-15.31,-88.25,-10.1,-3.2,139.8,46.81,4.02,43.221702,-0.052264,12,1,8.02,434.60
1132102,-0.05,-0.20,-0.49,7.00,-8.87,-78.12,-9.2,-0.1,168.8,46.81,4.10,43.221694,-0.052268,12,1,8.01,434.60
1132714,-0.27,-0.66,-0.22,-25.56,-2.31,12.00,-8.7,-3.8,191.8,46.81,4.06,43.221694,-0.052268,12,1,8.01,434.60
1133020,-0.15,0.68,0.52,-0.81,-7.06,-16.37,-8.7,4.5,196.5,46.82,4.07,43.221694,-0.052268,12,1,8.01,434.60
1133326,-0.47,-1.02,2.05,23.93,14.50,-60.12,-9.1,-1.8,203.4,46.82,4.07,43.221679,-0.052272,12,1,8.02,434.60
1133632,0.61,-0.27,0.51,-26.12,-11.68,37.81,-12.0,1.8,209.9,46.82,4.08,43.221679,-0.052272,12,1,8.02,434.50
1133938,-0.55,0.28,-0.40,15.81,1.56,25.12,-6.1,3.5,193.1,46.82,4.03,43.221679,-0.052272,12,1,8.02,434.60
1134244,0.28,0.00,1.14,-19.37,17.12,-8.93,-11.4,3.1,195.5,46.82,4.13,43.221672,-0.052276,12,1,8.02,434.50
1134856,-0.56,-0.11,0.25,2.12,-18.00,-5.93,-6.4,2.0,197.3,46.83,4.16,43.221672,-0.052276,12,1,8.02,434.50
1135162,-0.05,-0.19,-0.11,1.43,9.50,-5.06,-8.0,1.3,199.1,46.83,4.18,43.221672,-0.052273,12,1,8.02,434.39
1135774,0.18,0.18,-0.00,-2.43,0.56,4.81,-9.8,3.5,199.0,46.83,4.21,43.221672,-0.052273,12,1,8.02,434.29
1136080,0.09,-0.02,-0.30,6.18,-3.81,-2.06,-9.1,2.6,200.3,46.84,4.21,43.221672,-0.052271,12,1,8.01,434.29
1136386,0.00,-0.11,-0.30,1.12,2.18,2.50,-8.8,2.0,201.0,46.84,4.21,43.221672,-0.052271,12,1,8.01,434.20
1136692,0.10,-0.03,-0.13,-1.43,1.37,0.87,-9.4,2.5,201.6,46.84,4.22,43.221672,-0.052271,12,1,8.01,434.20
1136998,0.00,0.10,-0.05,-0.56,-3.62,-2.00,-9.0,2.8,200.9,46.84,4.21,43.221672,-0.052271,12,1,8.01,434.10
1137304,-0.43,0.09,0.15,-1.56,-11.12,9.31,-6.8,2.8,200.0,46.84,4.20,43.221672,-0.052269,12,1,8.02,434.10
1137610,0.15,0.25,-0.10,17.75,-10.37,-1.06,-5.8,0.1,198.9,46.84,4.20,43.221672,-0.052269,12,1,8.02,434.10
1137916,-0.22,-0.45,-0.45,-3.75,5.31,16.68,-6.6,-0.7,199.2,46.85,4.20,43.221672,-0.052269,12,1,8.02,434.20
1138222,0.00,-0.49,-1.12,-8.06,4.25,24.12,-8.0,-0.3,191.1,46.85,4.20,43.221672,-0.052268,12,1,8.02,434.20
1138528,0.76,-0.15,0.75,-33.31,16.75,83.75,-13.8,2.8,174.0,46.85,4.19,43.221672,-0.052268,12,1,8.02,434.20
1138834,1.65,-0.63,0.61,-14.25,3.18,124.06,-18.8,0.0,139.0,46.85,4.13,43.221672,-0.052268,12,1,8.02,434.10
1139446,0.27,-1.02,-1.30,-3.37,28.81,59.62,-7.6,-5.1,68.8,46.86,4.21,43.221672,-0.052267,12,1,8.01,434.20
1140058,0.34,-0.76,-0.10,-29.25,15.18,-26.93,-10.0,-2.2,21.8,46.86,4.35,43.221672,-0.052267,12,1,8.01,434.29
1140364,1.04,-0.15,-0.44,-14.68,11.25,38.75,-14.4,3.6,21.0,46.86,4.39,43.221672,-0.052262,12,1,8.02,434.20
1140670,0.66,-0.27,1.28,-25.18,-24.62,45.00,-14.3,4.5,5.2,46.86,4.26,43.221672,-0.052262,12,1,8.02,434.00
1140976,-0.15,0.28,0.05,15.75,13.06,-36.25,-10.0,6.6,0.6,46.87,4.17,43.221672,-0.052262,12,1,8.02,433.89
1141588,-0.50,-0.40,-0.20,2.75,-8.37,-1.37,-8.1,3.9,9.0,46.87,4.08,43.221679,-0.052270,12,1,8.02,433.89
1141894,0.07,-0.10,0.22,-9.93,3.75,-20.18,-11.1,5.5,9.3,46.87,4.07,43.221679,-0.052270,12,1,8.02,433.79
1142200,0.00,0.50,0.20,-4.56,-1.43,-0.87,-10.8,8.5,12.4,46.87,4.05,43.221679,-0.052274,12,1,8.01,433.89
1142506,-0.25,-0.20,-0.00,12.43,-6.18,8.56,-9.3,5.1,11.1,46.87,4.01,43.221679,-0.052274,12,1,8.01,433.89
1142812,0.17,-0.17,0.07,-6.68,12.81,-7.18,-11.5,5.0,10.0,46.88,4.03,43.221679,-0.052274,12,1,8.01,433.89
1143118,0.05,0.20,-0.00,-0.87,-6.62,-1.75,-11.0,6.9,11.3,46.88,4.02,43.221679,-0.052274,12,1,8.01,433.89
1143424,0.00,0.18,0.80,-5.25,12.06,-24.75,-11.6,7.8,14.3,46.88,4.02,43.221679,-0.052277,12,1,8.02,433.79
1144036,0.79,-0.11,0.20,25.87,6.68,-26.56,-15.1,5.8,27.1,46.88,4.03,43.221679,-0.052277,12,1,8.02,433.89
1144342,0.52,-0.22,0.38,4.12,15.31,-20.68,-14.3,4.8,36.7,46.89,3.99,43.221679,-0.052279,12,1,8.02,434.00
1144648,-0.13,-0.79,0.05,30.37,-34.31,-16.50,-11.1,1.0,38.8,46.89,3.95,43.221679,-0.052279,12,1,8.02,434.00
1144954,-0.55,-1.59,-0.60,25.68,13.31,-139.31,-7.3,-3.0,70.6,46.89,4.00,43.221679,-0.052279,12,1,8.02,434.00
1145260,0.27,-1.61,-0.33,17.12,2.56,-31.75,-12.0,-3.1,97.5,46.89,4.01,43.221679,-0.052272,12,1,8.01,434.00
1145566,-1.16,-1.88,-0.46,10.50,-32.81,-45.06,-5.3,-4.4,104.3,46.89,3.91,43.221679,-0.052272,12,1,8.01,434.10
1146178,-0.35,-0.07,0.55,-5.50,7.12,-13.81,-11.0,6.0,136.0,46.90,3.95,43.221672,-0.052268,12,1,8.02,434.10
1146484,0.50,0.72,-0.36,-0.50,5.81,-18.81,-13.5,10.0,147.7,46.90,3.94,43.221672,-0.052268,12,1,8.02,434.10
1146790,0.45,0.19,0.20,17.18,3.68,-4.87,-14.3,6.8,149.0,46.90,3.92,43.221672,-0.052268,12,1,8.02,434.20
1147402,-0.30,-0.43,-0.69,-13.00,6.75,-15.87,-8.5,2.5,161.8,46.90,3.97,43.221672,-0.052268,12,1,8.02,434.20
1147708,-0.31,-0.10,0.76,6.12,3.43,11.81,-10.6,4.8,158.3,46.90,3.98,43.221672,-0.052268,12,1,8.02,434.20
1148014,-0.15,-0.11,-0.27,-7.56,0.06,3.43,-10.1,5.0,160.4,46.91,3.97,43.221672,-0.052268,12,1,8.02,434.20
1148626,0.88,0.02,-0.50,-6.00,-4.62,-3.93,-16.5,6.1,146.8,46.91,3.93,43.221672,-0.052268,12,1,8.02,434.29
1148932,-0.49,0.38,-0.30,21.68,-36.00,25.87,-8.5,7.2,148.2,46.91,3.94,43.221672,-0.052268,12,1,8.02,434.39
1149238,-1.75,-0.76,-0.13,-2.37,-5.06,-37.56,-2.0,2.0,149.8,46.91,3.96,43.221679,-0.052267,12,1,8.02,434.39
1149850,0.68,0.11,0.79,6.81,9.25,-14.56,-16.7,7.6,151.6,46.92,3.99,43.221679,-0.052267,12,1,8.02,434.50
1150156,0.11,0.03,0.01,10.00,-32.81,9.00,-12.0,5.8,151.3,46.92,3.95,43.221679,-0.052267,12,1,8.02,434.50
1150462,-0.97,-0.45,-0.15,11.93,-7.93,-13.68,-6.1,3.1,153.9,46.92,3.94,43.221679,-0.052267,12,1,8.02,434.50
1150768,-0.37,-0.65,-0.38,-0.06,8.56,17.06,-9.0,2.5,154.7,46.92,3.98,43.221679,-0.052267,12,1,8.02,434.50
1151380,0.55,0.00,1.50,-3.12,-14.56,-46.62,-16.8,7.4,146.5,46.93,3.95,43.221679,-0.052266,12,1,8.02,434.50
1151686,1.26,1.63,0.05,-37.00,13.87,32.18,-17.6,15.0,149.4,46.93,3.96,43.221679,-0.052266,12,1,8.02,434.60
1152298,1.41,0.45,0.90,57.43,-7.81,-48.50,-20.1,9.4,164.1,46.93,3.99,43.221679,-0.052265,12,1,8.01,434.70
1152604,0.25,-1.26,-0.25,18.00,-4.56,-101.68,-13.9,0.2,185.2,46.93,4.02,43.221679,-0.052265,12,1,8.01,434.70
1152910,-0.22,-1.35,-0.05,32.12,-21.31,-43.93,-11.0,-1.3,204.2,46.93,4.09,43.221679,-0.052265,12,1,8.01,434.70
1153216,-0.63,-0.98,-0.31,-7.56,-6.87,-34.68,-8.0,1.0,221.2,46.94,4.10,43.221679,-0.052265,12,1,8.01,434.70
1153828,0.49,0.50,0.46,8.93,18.56,-5.50,-15.0,8.7,213.1,46.94,4.12,43.221679,-0.052271,12,1,8.02,434.60
1154134,0.65,-0.05,0.11,1.68,-0.25,12.37,-15.3,6.1,215.5,46.94,4.12,43.221679,-0.052271,12,1,8.02,434.60
1154440,-0.17,-0.41,-0.05,8.75,-12.75,5.87,-11.5,4.5,214.3,46.94,4.08,43.221679,-0.052271,12,1,8.02,434.60
1154746,-0.43,-0.36,-0.11,-5.25,-2.87,-2.87,-10.0,5.3,217.9,46.95,4.11,43.221679,-0.052271,12,1,8.02,434.60
1155052,-0.13,0.07,0.07,-3.68,4.50,3.93,-11.5,7.0,214.6,46.95,4.15,43.221679,-0.052271,12,1,8.02,434.70
1155664,-0.27,-0.15,0.07,6.00,-11.31,16.56,-10.5,5.9,201.9,46.95,4.08,43.221679,-0.052268,12,1,8.01,434.70
1155970,-0.57,-0.33,-0.15,-4.81,-8.93,30.50,-8.8,5.5,196.1,46.95,4.06,43.221679,-0.052268,12,1,8.01,434.79
1156276,0.68,0.18,0.36,-18.81,31.06,43.00,-15.6,8.1,183.9,46.95,4.07,43.221679,-0.052268,12,1,8.02,434.79
1156888,0.35,0.22,0.03,-3.31,-19.00,14.25,-13.6,7.4,177.0,46.96,4.02,43.221679,-0.052268,12,1,8.02,434.79
1157194,-1.25,-0.31,0.45,18.62,-30.25,-24.56,-5.8,5.3,182.8,46.96,4.02,43.221679,-0.052268,12,1,8.02,434.79
1157500,-1.17,-0.50,-0.19,3.75,-8.62,-3.50,-5.5,4.1,186.3,46.96,4.05,43.221679,-0.052263,12,1,8.01,434.79
1157806,0.20,0.15,0.28,-16.93,32.93,-1.43,-13.0,7.8,185.7,46.96,4.08,43.221679,-0.052263,12,1,8.01,434.89
1158112,0.81,0.43,0.28,-5.56,11.68,6.37,-16.4,9.0,181.4,46.96,4.05,43.221679,-0.052263,12,1,8.01,434.89
1158418,0.22,0.12,0.47,2.18,-9.00,-3.75,-13.6,7.5,181.6,46.97,4.00,43.221679,-0.052263,12,1,8.02,434.89
1158724,-0.25,-0.44,-0.05,24.87,-12.00,-19.43,-10.3,4.3,188.7,46.97,4.01,43.221679,-0.052263,12,1,8.02,434.89
1159336,0.22,1.33,0.34,-34.62,51.37,-42.56,-12.4,13.7,214.7,46.97,4.08,43.221679,-0.052262,12,1,8.01,434.89
1159642,0.45,0.31,0.46,36.75,-28.12,-19.06,-14.9,8.5,215.9,46.97,4.01,43.221679,-0.052262,12,1,8.01,434.89
1159948,-0.81,-0.93,0.00,15.00,-20.37,5.56,-7.3,2.5,225.8,46.97,3.99,43.221679,-0.052262,12,1,8.01,435.00
1160560,0.33,0.07,0.86,-28.93,50.06,38.75,-14.8,8.0,205.3,46.98,4.08,43.221679,-0.052263,12,1,8.01,435.00
1160866,1.76,0.30,1.08,-18.31,2.87,36.06,-22.3,9.3,191.4,46.98,4.08,43.221679,-0.052263,12,1,8.01,435.00
1161172,0.46,0.11,-0.36,-0.18,-32.68,76.75,-13.8,6.8,178.3,46.98,4.00,43.221679,-0.052263,12,1,8.01,435.10
1161478,-0.95,-0.65,-1.49,-3.50,-4.50,-10.68,-5.5,2.3,169.3,46.98,4.00,43.221679,-0.052264,12,1,8.02,435.10
1162090,0.02,3.26,-0.50,-16.43,19.62,68.31,-8.9,22.7,171.6,46.99,4.11,43.221679,-0.052264,12,1,8.02,435.10
1162396,0.15,0.11,0.67,48.12,1.93,-0.43,-13.8,8.2,157.0,46.99,4.04,43.221679,-0.052261,12,1,8.01,435.10
1162702,0.07,-0.75,-0.22,9.31,-14.75,-7.18,-11.6,2.8,168.3,46.99,4.09,43.221679,-0.052261,12,1,8.01,435.10
1163008,-0.88,-0.13,0.03,-14.12,-16.43,-26.12,-7.0,5.9,169.7,46.99,4.08,43.221679,-0.052261,12,1,8.01,435.10
1163620,0.09,0.50,0.12,11.18,9.93,3.56,-12.1,8.6,170.6,46.99,4.12,43.221679,-0.052260,12,1,8.02,435.20
1163926,0.41,-0.88,0.40,20.00,16.87,-10.31,-14.9,2.3,170.3,47.00,4.11,43.221679,-0.052260,12,1,8.02,435.20
1164232,0.27,-0.40,-0.05,-2.25,-23.93,35.62,-12.7,3.6,167.9,47.00,4.11,43.221679,-0.052260,12,1,8.02,435.20
1164538,-0.37,0.18,0.09,-21.81,6.81,-37.06,-9.4,7.6,172.4,47.00,4.13,43.221679,-0.052261,12,1,8.02,435.20
1165150,-0.01,-0.18,0.25,8.25,19.62,-11.06,-11.9,6.0,175.1,47.00,4.16,43.221679,-0.052261,12,1,8.02,435.20
1165456,0.58,-0.30,-0.22,4.81,9.18,-14.81,-14.6,4.8,177.1,47.01,4.16,43.221679,-0.052260,12,1,8.01,435.20
1165762,-0.18,-0.61,0.19,2.18,-24.06,24.68,-11.2,3.6,173.6,47.01,4.13,43.221679,-0.052260,12,1,8.01,435.29
1166374,0.10,0.83,0.50,17.37,-9.12,11.87,-12.6,11.0,174.0,47.01,4.17,43.221679,-0.052259,12,1,8.01,435.29
1166680,-0.30,-0.81,0.07,15.12,5.62,4.50,-10.8,3.3,172.3,47.01,4.14,43.221679,-0.052259,12,1,8.01,435.29
1166986,0.23,0.02,0.15,-19.93,-0.62,-1.06,-13.0,6.5,172.7,47.02,4.17,43.221679,-0.052259,12,1,8.01,435.29
1167598,-0.63,-0.19,0.86,-1.25,-5.37,-18.87,-9.6,6.6,171.9,47.02,4.15,43.221679,-0.052259,12,1,8.01,435.29
1167904,0.54,1.10,0.38,-10.00,35.56,-22.93,-14.1,12.1,180.0,47.02,4.19,43.221679,-0.052259,12,1,8.01,435.29
1168516,-0.25,-0.49,-0.12,-24.81,6.37,5.93,-10.0,3.8,178.5,47.02,4.18,43.221679,-0.052258,12,1,8.02,435.39
1168822,0.03,0.61,0.11,-13.31,-1.81,-1.25,-11.8,9.3,173.1,47.02,4.20,43.221679,-0.052258,12,1,8.02,435.39
1169128,-0.40,0.54,0.90,-7.06,-12.31,40.56,-10.5,9.8,167.3,47.03,4.17,43.221679,-0.052258,12,1,8.02,435.39
1169740,1.12,0.45,0.12,25.75,18.93,-63.43,-17.3,8.1,184.3,47.03,4.25,43.221679,-0.052258,12,1,8.02,435.50
1170046,0.45,-1.76,1.50,66.43,-31.56,-37.75,-16.3,-2.0,201.7,47.03,4.20,43.221679,-0.052258,12,1,8.02,435.50
1170352,-0.05,-2.33,-0.50,0.37,-18.62,-30.43,-11.6,-6.1,221.4,47.03,4.22,43.221679,-0.052258,12,1,8.02,435.50
1170658,-0.22,-0.57,0.30,-40.50,9.31,-31.50,-12.1,3.3,224.2,47.04,4.28,43.221679,-0.052256,12,1,8.02,435.50
1170964,1.00,1.44,-0.05,-7.43,23.37,-1.43,-16.3,13.7,233.0,47.04,4.37,43.221679,-0.052256,12,1,8.02,435.50
1171576,-0.61,-0.95,-0.00,8.43,-33.12,-3.75,-9.4,1.5,241.3,47.04,4.41,43.221679,-0.052256,12,1,8.01,435.50
1171882,-0.65,-0.30,-0.01,-8.25,9.87,-12.31,-9.1,5.1,237.8,47.04,4.44,43.221679,-0.052256,12,1,8.01,435.39
1172188,0.33,0.41,0.20,-16.00,16.81,8.18,-14.0,9.4,236.5,47.04,4.45,43.221679,-0.052256,12,1,8.01,435.39
1172494,0.83,0.30,0.51,-6.25,16.12,15.06,-17.3,9.0,230.0,47.05,4.38,43.221679,-0.052258,12,1,8.01,435.39
1172800,0.30,0.25,0.00,-6.18,-8.25,5.43,-14.1,8.3,227.6,47.05,4.33,43.221679,-0.052258,12,1,8.01,435.50
1173412,-0.66,-0.56,-0.09,11.68,-8.18,-17.00,-9.3,4.8,231.3,47.05,4.33,43.221679,-0.052258,12,1,8.01,435.39
1173718,-0.19,-0.02,-0.02,-13.81,4.93,24.37,-11.2,6.9,230.3,47.05,4.36,43.221679,-0.052255,12,1,8.02,435.39
1174024,0.12,0.37,0.15,-5.62,12.25,-7.25,-13.3,9.3,227.0,47.06,4.34,43.221679,-0.052255,12,1,8.02,435.39
1174330,0.34,0.07,0.31,6.25,0.37,18.25,-15.0,7.7,223.6,47.06,4.33,43.221679,-0.052255,12,1,8.02,435.39
1174636,-0.02,-0.05,0.13,-3.06,-10.50,-0.68,-12.8,7.1,224.1,47.06,4.32,43.221679,-0.052255,12,1,8.02,435.29
1174942,-0.15,0.12,-0.30,6.62,4.93,-14.81,-11.3,7.3,226.1,47.06,4.34,43.221679,-0.052255,12,1,8.02,435.29
1175554,0.05,0.22,0.40,-23.50,21.18,-16.12,-13.5,8.4,228.1,47.06,4.37,43.221679,-0.052255,12,1,8.01,435.29
1175860,0.10,0.22,0.57,9.43,-9.06,8.93,-14.2,8.1,222.8,47.07,4.37,43.221679,-0.052255,12,1,8.01,435.29
1176472,-0.00,-0.07,0.00,5.75,1.37,4.37,-11.8,6.3,223.0,47.07,4.38,43.221679,-0.052255,12,1,8.01,435.20
1176778,-0.58,-0.37,-0.22,-6.50,-5.31,-1.75,-9.4,5.1,218.8,47.07,4.34,43.221679,-0.052255,12,1,8.01,435.20
1177084,0.19,0.00,0.37,-3.93,15.75,13.12,-14.1,6.6,213.5,47.07,4.35,43.221679,-0.052255,12,1,8.01,435.20
1177390,0.50,0.47,0.07,-15.31,-3.31,3.50,-14.8,9.5,215.0,47.08,4.30,43.221679,-0.052255,12,1,8.01,435.20
1177696,0.22,0.22,-0.01,6.87,2.62,2.62,-13.6,8.0,209.6,47.08,4.25,43.221679,-0.052255,12,1,8.01,435.20
1178002,-0.15,-0.40,0.19,9.12,-10.12,-3.43,-11.9,5.1,211.0,47.08,4.25,43.221679,-0.052255,12,1,8.01,435.20
1178614,-0.23,0.07,0.05,-7.93,4.06,4.62,-11.2,7.3,209.5,47.08,4.25,43.221672,-0.052255,12,1,8.02,435.10
1178920,0.17,0.22,0.13,-3.00,6.56,2.87,-13.3,8.4,208.6,47.08,4.25,43.221672,-0.052255,12,1,8.02,435.10
1179226,0.15,0.10,0.12,4.75,0.18,-3.12,-13.6,7.6,208.0,47.09,4.25,43.221672,-0.052255,12,1,8.02,435.10
1179838,-0.18,-0.17,-0.05,1.62,-3.00,-1.31,-11.4,6.1,210.5,47.09,4.28,43.221672,-0.052255,12,1,8.01,435.10
1180144,-0.13,-0.03,-0.12,-4.18,2.56,-1.18,-11.3,6.8,211.1,47.09,4.25,43.221672,-0.052255,12,1,8.01,435.10
1180450,0.09,0.17,0.10,-0.87,8.50,-0.18,-13.0,7.9,211.2,47.09,4.25,43.221672,-0.052255,12,1,8.01,435.00
1180756,0.12,0.05,0.00,3.37,-2.25,0.18,-13.3,7.3,211.2,47.10,4.25,43.221672,-0.052254,12,1,8.01,435.00
1181062,0.00,-0.15,0.13,1.25,-1.25,-4.12,-12.8,6.5,212.1,47.10,4.27,43.221672,-0.052254,12,1,8.01,435.00
1181674,-0.15,-0.05,0.03,-1.31,0.25,2.31,-11.7,7.0,212.5,47.10,4.28,43.221672,-0.052255,12,1,8.01,435.00
1181980,0.02,0.07,0.07,-2.31,3.43,-1.75,-12.4,7.4,211.3,47.10,4.26,43.221672,-0.052255,12,1,8.01,435.00
1182286,0.15,0.00,0.05,2.56,-1.37,2.25,-13.1,7.3,210.6,47.10,4.23,43.221672,-0.052255,12,1,8.01,435.00
1182592,-0.07,-0.05,0.01,-0.56,-3.81,1.87,-12.0,6.8,211.0,47.10,4.22,43.221672,-0.052255,12,1,8.01,435.00
1182898,-0.05,0.00,0.07,-1.56,2.18,-4.25,-12.0,7.2,211.5,47.11,4.24,43.221672,-0.052255,12,1,8.01,435.00
1183204,-0.01,0.00,0.07,3.31,-1.31,4.12,-12.1,7.0,210.3,47.11,4.21,43.221672,-0.052255,12,1,8.01,435.00
1183816,0.01,0.11,0.07,-2.68,0.93,-3.06,-12.3,7.5,211.0,47.11,4.20,43.221672,-0.052254,12,1,8.02,434.89
1184122,-0.00,0.22,-0.07,-4.56,-6.87,6.68,-11.9,8.0,210.8,47.11,4.20,43.221672,-0.052254,12,1,8.02,434.89
1184428,0.18,0.17,-0.09,11.12,21.12,-28.93,-12.8,7.6,214.8,47.12,4.22,43.221672,-0.052254,12,1,8.02,434.89
1184734,-0.07,-0.68,0.19,23.56,-19.43,31.18,-12.6,3.5,215.5,47.12,4.22,43.221672,-0.052254,12,1,8.01,434.89
1185346,0.20,0.85,0.07,-8.87,-3.00,6.31,-12.9,10.6,212.5,47.12,4.21,43.221672,-0.052254,12,1,8.01,434.89
1185652,-0.11,0.02,0.11,9.81,-3.18,-5.18,-11.0,7.5,217.2,47.12,4.17,43.221672,-0.052254,12,1,8.01,434.89
1186264,0.00,-0.28,-0.02,-10.56,5.62,-6.43,-11.8,5.5,219.8,47.13,4.15,43.221672,-0.052254,12,1,8.01,434.89
1186570,0.27,0.27,0.28,-2.50,0.00,14.18,-13.2,8.1,218.5,47.13,4.13,43.221672,-0.052254,12,1,8.01,434.79
1187182,0.10,0.63,0.11,-9.50,4.56,18.56,-12.1,10.3,215.1,47.13,4.13,43.221672,-0.052254,12,1,8.01,434.79
1187488,0.61,-0.10,-0.00,15.06,17.43,-1.87,-15.0,6.8,215.6,47.14,4.12,43.221672,-0.052254,12,1,8.01,434.79
1187794,0.41,-1.19,-0.18,-4.18,-29.06,69.43,-14.0,-0.2,200.9,47.14,4.10,43.221672,-0.052254,12,1,8.01,434.79
1188406,-1.59,0.43,0.10,-27.31,-14.75,5.68,-4.0,9.9,193.8,47.14,4.18,43.221672,-0.052254,12,1,8.01,435.00
1188712,0.40,1.66,1.27,-17.87,43.56,17.62,-14.6,15.7,188.2,47.14,4.22,43.221672,-0.052254,12,1,8.01,434.89
1189018,1.00,-0.11,1.12,50.93,0.12,-3.06,-19.3,7.0,184.7,47.14,4.17,43.221672,-0.052254,12,1,8.01,435.00
1189324,0.23,-1.11,0.05,10.12,-22.56,-9.06,-13.6,1.3,191.1,47.14,4.14,43.221672,-0.052254,12,1,8.01,435.00
1189630,-0.70,-0.02,0.10,-16.00,-11.12,-29.18,-8.4,6.8,196.7,47.15,4.17,43.221672,-0.052256,12,1,8.01,435.00
1189936,-0.31,0.83,0.05,-17.06,10.06,3.31,-9.8,11.2,201.0,47.15,4.19,43.221672,-0.052256,12,1,8.01,435.00
1190242,0.45,0.05,0.23,14.25,13.06,19.75,-14.5,7.2,194.6,47.15,4.17,43.221672,-0.052256,12,1,8.01,435.00
1190854,0.03,0.47,-0.30,-23.87,-20.75,8.06,-11.5,9.0,186.3,47.15,4.13,43.221672,-0.052256,12,1,8.01,435.00
1191160,0.15,0.46,0.37,9.06,13.00,-19.25,-12.5,9.3,185.9,47.16,4.16,43.221672,-0.052256,12,1,8.01,435.00
1191466,-0.40,-0.22,-0.07,5.62,-4.87,3.43,-10.0,5.9,188.6,47.16,4.13,43.221672,-0.052256,12,1,8.01,435.00
1192078,0.28,-0.27,-0.23,-0.37,18.75,-25.87,-13.2,5.5,195.0,47.16,4.13,43.221672,-0.052255,12,1,8.01,435.00
1192384,0.27,0.61,0.17,-26.50,-9.68,-47.25,-12.8,11.0,206.4,47.16,4.14,43.221672,-0.052255,12,1,8.01,435.10
1192690,-0.00,0.17,0.40,18.25,-4.93,41.12,-12.6,7.5,194.8,47.17,4.09,43.221672,-0.052255,12,1,8.01,435.10
1192996,-0.55,-1.16,0.15,34.25,-14.31,-39.81,-8.8,1.1,208.2,47.17,4.13,43.221672,-0.052255,12,1,8.01,435.10
1193302,-0.27,-0.88,-0.15,-5.68,-0.50,-1.75,-10.1,2.3,208.7,47.17,4.13,43.221672,-0.052255,12,1,8.01,435.10
1193914,0.50,0.86,-0.03,0.12,-6.31,30.50,-14.1,11.0,207.3,47.17,4.13,43.221672,-0.052257,12,1,8.01,435.20
1194220,-0.23,-0.70,0.20,18.93,1.87,-4.31,-11.0,3.6,203.4,47.17,4.08,43.221672,-0.052257,12,1,8.01,435.20
1194526,-0.11,-0.25,-0.15,-14.06,-18.56,39.00,-10.6,5.0,201.2,47.17,4.12,43.221672,-0.052257,12,1,8.01,435.20
1194832,-0.33,0.01,-0.54,-1.93,0.06,5.43,-9.4,6.3,191.6,47.18,4.11,43.221672,-0.052256,12,1,8.01,435.20
1195138,-0.22,0.25,0.22,-17.75,14.12,12.68,-11.1,8.6,190.6,47.18,4.17,43.221672,-0.052256,12,1,8.01,435.20
1195750,-0.05,-0.44,0.25,25.18,-16.87,-2.93,-12.3,4.6,189.8,47.18,4.15,43.221672,-0.052254,12,1,8.01,435.20
1196056,-0.63,-0.49,-0.30,-3.87,-26.00,7.37,-7.9,4.0,192.4,47.19,4.15,43.221672,-0.052254,12,1,8.01,435.20
1196362,-0.61,-0.22,0.25,-1.12,24.00,9.93,-9.5,5.1,183.6,47.19,4.18,43.221672,-0.052254,12,1,8.01,435.20
1196974,-0.17,0.34,0.31,0.87,-31.56,101.06,-10.8,4.8,167.1,47.19,4.17,43.221672,-0.052254,12,1,8.01,435.20
1197280,-0.31,-0.36,-0.37,49.75,-2.75,-59.81,-7.6,-3.5,156.9,47.19,4.20,43.221672,-0.052254,12,1,8.01,435.29
1197586,0.51,-1.86,-0.37,38.25,-30.06,-154.37,-10.8,-11.4,199.4,47.19,4.34,43.221672,-0.052254,12,1,8.01,435.39
1197892,-0.83,-1.20,-0.77,-23.93,-20.18,-8.25,-4.6,-7.2,218.8,47.20,4.32,43.221672,-0.052253,12,1,8.01,435.39
1198504,-1.37,0.07,-0.70,2.56,2.87,-15.31,-1.0,1.6,287.2,47.20,4.43,43.221672,-0.052253,12,1,8.01,435.39
1198810,0.25,0.28,0.98,3.87,30.31,29.75,-10.3,1.1,275.5,47.20,4.39,43.221672,-0.052253,12,1,8.01,435.39
1199116,0.30,-0.30,0.91,-18.25,-0.37,30.81,-13.1,1.5,264.7,47.20,4.39,43.221672,-0.052253,12,1,8.01,435.39
1199422,0.25,-0.07,-0.02,8.75,-2.12,20.25,-12.3,4.0,265.8,47.20,4.46,43.221672,-0.052253,12,1,8.01,435.50
1199728,0.15,0.05,-0.55,1.31,-5.18,3.25,-11.2,2.0,261.6,47.20,4.50,43.221672,-0.052253,12,1,8.01,435.50
1200034,0.01,-0.20,0.98,14.00,4.81,-10.06,-12.1,-0.3,261.6,47.21,4.56,43.221672,-0.052253,12,1,8.01,435.50
1200646,0.30,0.00,0.15,-28.00,-2.81,55.68,-13.2,0.1,248.2,47.21,4.66,43.221672,-0.052253,12,1,8.01,435.60
1200952,0.00,0.54,0.63,-3.50,1.50,49.25,-11.7,3.3,236.3,47.21,4.69,43.221672,-0.052256,12,1,8.01,435.60
1201258,-0.37,-0.20,0.07,6.50,-18.50,35.37,-8.8,-1.1,220.7,47.21,4.69,43.221672,-0.052256,12,1,8.01,435.50
1201564,-0.37,-0.45,-0.34,8.87,2.43,-36.06,-7.3,-2.7,221.5,47.21,4.72,43.221672,-0.052256,12,1,8.01,435.60
1201870,0.01,-0.10,0.00,-13.25,1.68,-4.75,-9.9,-1.0,230.0,47.22,4.75,43.221672,-0.052260,12,1,8.01,435.60
1202176,0.23,0.88,0.55,-24.50,2.18,66.87,-11.1,3.3,219.0,47.22,4.71,43.221672,-0.052260,12,1,8.01,435.60
1202482,0.45,0.25,0.18,12.18,3.75,27.00,-12.1,-1.1,201.6,47.22,4.69,43.221672,-0.052260,12,1,8.01,435.60
1202788,0.00,-0.20,-0.20,-2.93,-20.25,-57.18,-9.8,-3.1,208.8,47.22,4.74,43.221672,-0.052262,12,1,8.01,435.60
1203094,-1.10,0.57,0.10,-3.43,-13.06,-28.18,-4.3,0.9,223.9,47.22,4.77,43.221672,-0.052262,12,1,8.01,435.60
1203706,0.46,-0.01,-0.50,-9.43,14.06,1.93,-11.1,-2.6,223.1,47.23,4.73,43.221672,-0.052262,12,1,8.01,435.50
1204012,0.27,0.40,2.23,-7.00,7.00,25.62,-12.6,-0.3,220.5,47.23,4.70,43.221672,-0.052262,12,1,8.01,435.50
1204318,0.40,-0.72,-1.94,-6.87,-14.25,55.31,-10.8,-4.6,204.2,47.23,4.69,43.221672,-0.052262,12,1,8.01,435.50
1204930,0.01,-0.44,-0.98,25.62,-2.43,-47.93,-8.4,-2.2,201.9,47.24,4.77,43.221664,-0.052263,12,1,8.01,435.60
1205236,0.11,-0.33,1.76,-18.12,9.62,23.06,-11.4,-1.7,209.1,47.24,4.76,43.221664,-0.052263,12,1,8.01,435.60
1205542,0.09,-0.37,-1.30,-3.18,-11.18,56.43,-8.7,-3.0,189.8,47.24,4.67,43.221664,-0.052263,12,1,8.01,435.70
1205848,0.25,-0.47,1.21,16.43,15.62,-76.50,-10.6,-4.2,198.0,47.24,4.74,43.221645,-0.052266,12,1,8.01,435.79
1206154,0.77,-1.12,-0.36,-5.81,-5.50,37.56,-12.8,-5.8,204.7,47.24,4.76,43.221645,-0.052266,12,1,8.01,435.70
1206766,-0.74,-1.01,-0.20,37.12,-23.12,13.25,-5.3,-5.8,182.7,47.25,4.72,43.221637,-0.052268,12,1,8.01,435.79
1207072,0.00,-1.57,-0.13,-8.56,4.68,-64.56,-8.5,-8.2,196.6,47.25,4.82,43.221637,-0.052268,12,1,8.01,435.89
1207378,-0.01,1.22,0.44,-56.31,-3.68,23.56,-8.6,5.5,200.1,47.25,4.82,43.221637,-0.052268,12,1,8.01,435.79
1207684,-0.20,1.00,-0.05,15.06,-3.00,-12.06,-7.6,3.6,196.0,47.25,4.78,43.221637,-0.052268,12,1,8.01,435.79
1208296,0.40,0.22,1.44,-22.81,21.31,-79.62,-12.9,-1.1,198.0,47.26,4.87,43.221637,-0.052271,12,1,8.01,435.89
1208602,0.27,1.36,0.13,19.37,2.75,-123.50,-12.0,7.0,235.5,47.26,4.96,43.221637,-0.052271,12,1,8.01,436.00
1208908,0.20,0.15,-1.00,23.87,-2.06,52.43,-10.8,1.5,250.8,47.26,4.98,43.221637,-0.052270,12,1,8.01,436.00
1209214,0.19,-1.29,0.81,16.31,21.18,50.37,-13.0,-6.8,231.4,47.26,5.00,43.221637,-0.052270,12,1,8.01,436.00
1209520,0.61,-1.38,-0.83,1.56,5.25,-8.75,-12.6,-7.6,225.3,47.26,5.14,43.221637,-0.052270,12,1,8.01,436.10
1209826,-0.09,0.30,0.20,-32.12,-0.81,-15.56,-10.1,-0.1,227.7,47.26,5.29,43.221630,-0.052273,12,1,8.01,436.10
1210132,-0.37,1.37,-0.45,-5.00,-11.06,-16.93,-7.5,4.3,231.7,47.27,5.36,43.221630,-0.052273,12,1,8.01,436.10
1210438,-0.56,0.25,0.85,12.06,21.56,23.18,-9.6,0.0,232.7,47.27,5.41,43.221630,-0.052273,12,1,8.01,436.10
1210744,0.83,-0.86,-0.12,9.18,18.62,13.18,-15.9,-7.3,220.9,47.27,5.45,43.221630,-0.052273,12,1,8.01,436.10
1211356,-0.75,0.50,0.09,-28.81,-13.31,146.62,-4.5,4.4,259.3,47.27,5.34,43.221630,-0.052275,12,1,8.01,436.20
1211662,-0.22,0.93,0.22,20.62,2.31,32.25,-8.9,4.8,212.8,47.28,5.21,43.221630,-0.052275,12,1,8.01,436.20
1211968,0.33,-0.40,-0.20,20.62,8.00,17.93,-10.0,-2.8,216.1,47.28,5.27,43.221630,-0.052275,12,1,8.01,436.29
1212274,0.23,-0.56,-0.40,-31.68,-7.12,64.81,-8.7,-3.1,205.9,47.28,5.25,43.221630,-0.052275,12,1,8.01,436.29
1212886,1.24,0.37,-0.25,-4.37,-4.31,31.12,-12.8,0.6,151.1,47.28,5.15,43.221637,-0.052276,12,1,8.01,436.29
1213192,1.10,0.20,0.31,3.25,-15.87,-14.93,-12.0,-0.0,150.6,47.28,5.21,43.221637,-0.052276,12,1,8.01,436.29
1213498,-0.17,0.07,-0.01,11.18,-9.87,-71.56,-5.6,-1.1,160.4,47.28,5.17,43.221637,-0.052276,12,1,8.01,436.20
1213804,0.00,0.00,-0.33,-57.37,-10.68,-196.12,-5.5,0.3,203.3,47.28,5.26,43.221637,-0.052276,12,1,8.01,436.20
1214110,-0.86,0.12,1.73,84.25,83.43,-204.56,-0.2,0.6,259.1,47.29,5.30,43.221637,-0.052276,12,1,8.01,436.10
1214722,1.05,1.30,0.76,5.25,1.18,-185.31,-10.1,6.2,9.1,47.29,5.31,43.221637,-0.052276,12,1,8.01,436.10
1215028,0.25,-0.22,1.32,-29.37,-34.25,-163.37,-7.0,-0.5,56.7,47.29,5.24,43.221630,-0.052280,12,1,8.01,436.20
1215334,-0.30,-0.02,1.38,42.75,64.06,-177.12,-4.0,-0.8,105.1,47.29,5.26,43.221630,-0.052280,12,1,8.01,436.29
1215640,-0.91,-0.85,0.02,31.81,-28.68,-138.06,-2.0,-5.0,147.8,47.30,5.32,43.221630,-0.052280,12,1,8.01,436.50
1215946,0.79,0.90,-0.70,12.56,-3.25,-164.50,-10.0,3.2,199.1,47.30,5.53,43.221630,-0.052281,12,1,8.01,436.79
1216252,0.47,-0.34,-0.35,-15.68,-23.31,-164.12,-8.3,-0.3,247.4,47.30,5.70,43.221630,-0.052281,12,1,8.01,437.10
1216558,-0.66,-0.11,0.65,38.43,45.31,-166.31,-2.3,-0.2,295.3,47.30,5.89,43.221630,-0.052281,12,1,8.01,437.29
1216864,-1.15,-1.05,0.55,34.56,-37.50,-110.75,-1.0,-5.5,335.5,47.30,6.04,43.221630,-0.052280,12,1,8.01,437.60
1217476,0.85,-1.22,0.37,-17.50,6.43,-60.75,-9.8,-5.5,36.3,47.31,6.89,43.221630,-0.052280,12,1,8.01,438.10
1217782,0.49,0.15,0.85,27.43,8.06,-21.06,-8.1,-0.1,48.3,47.31,7.08,43.221630,-0.052280,12,1,8.01,438.50
1218088,-0.11,0.51,1.00,-23.25,-20.25,-1.87,-6.2,2.5,52.1,47.32,7.39,43.221630,-0.052282,12,1,8.00,439.00
1218394,0.11,-0.20,0.65,-6.25,-0.56,14.56,-6.2,0.0,49.3,47.31,7.72,43.221630,-0.052282,12,1,8.00,439.50
1219006,-0.10,0.35,0.34,-13.18,-9.00,38.93,-4.4,2.0,32.1,47.32,8.52,43.221630,-0.052282,12,1,8.01,440.79
1219312,-0.23,-0.40,0.57,2.00,2.62,52.18,-4.6,-2.0,17.5,47.32,9.09,43.221630,-0.052282,12,1,8.01,441.89
1219618,-0.18,-0.15,0.81,17.00,-4.12,77.62,-4.1,-2.1,358.7,47.32,9.74,43.221630,-0.052282,12,1,8.01,442.89
1219924,-0.11,-0.68,-0.61,-17.81,7.00,92.81,-2.4,-3.2,334.5,47.32,10.53,43.221630,-0.052280,12,3,8.01,443.60
1220536,-0.76,0.22,2.27,-20.06,-2.31,123.12,-2.6,3.6,266.0,47.33,12.34,43.221630,-0.052280,12,3,8.01,446.10
1220842,-0.17,0.27,1.60,-3.75,14.56,114.62,-6.8,4.2,229.4,47.33,13.33,43.221630,-0.052280,12,3,8.01,447.39
1221148,0.03,0.52,1.12,-4.12,0.00,103.87,-9.8,2.6,198.3,47.33,14.36,43.221630,-0.052280,12,3,8.01,448.29
1221454,0.40,-0.40,-0.46,-9.81,2.68,65.12,-10.6,-2.1,172.2,47.33,15.53,43.221630,-0.052280,12,3,8.01,450.20
1222066,0.02,-0.27,0.07,-1.43,-1.00,-17.37,-8.3,-3.1,156.0,47.34,18.03,43.221630,-0.052280,12,3,8.01,452.70
1222372,0.00,-0.68,-0.18,-0.87,0.62,-58.18,-7.9,-3.3,167.9,47.34,19.34,43.221630,-0.052280,12,3,8.01,454.60
1222678,-0.07,0.02,0.52,14.00,-3.43,-76.25,-8.1,-0.8,188.2,47.34,20.64,43.221630,-0.052280,12,3,8.01,456.00
1222984,-0.05,0.22,0.38,-0.12,-9.81,-93.50,-6.7,1.5,216.2,47.34,21.96,43.221630,-0.052283,12,3,8.01,457.39
1223596,-0.88,-0.33,0.63,19.12,0.43,-81.18,-0.6,-0.9,269.0,47.35,24.66,43.221630,-0.052283,12,3,8.01,460.29
1224514,-0.60,-0.44,0.25,-5.25,3.62,-19.75,-2.0,-1.3,308.2,47.35,28.94,43.221630,-0.052286,12,3,8.01,465.20
1224820,-0.02,0.07,-0.31,-5.68,-5.06,8.50,-3.7,1.1,310.2,47.35,30.34,43.221630,-0.052286,12,3,8.01,466.70
1225126,0.25,0.47,0.25,-13.00,13.18,22.25,-5.5,3.5,305.8,47.35,31.75,43.221630,-0.052288,12,3,8.01,467.60
1225738,0.61,0.34,0.07,-9.37,-3.43,73.81,-8.5,3.2,275.0,47.36,34.59,43.221630,-0.052288,12,3,8.01,471.10
1226044,0.67,0.05,0.17,-4.68,5.06,77.81,-9.6,1.6,252.6,47.36,36.01,43.221630,-0.052286,12,3,8.00,472.10
1226350,0.22,0.02,-0.27,-11.18,-4.87,75.43,-7.9,1.0,229.8,47.36,37.44,43.221630,-0.052286,12,3,8.00,474.10
1226656,-0.15,0.09,0.09,-15.43,-8.18,54.50,-7.0,0.6,210.0,47.37,38.88,43.221630,-0.052286,12,3,8.00,475.60
1227268,-0.45,0.73,-0.02,-4.56,-1.12,-10.87,-5.9,3.0,195.7,47.37,41.72,43.221630,-0.052286,12,3,8.01,478.60
1227574,0.00,0.19,-0.65,0.12,-1.18,-43.81,-6.7,1.5,204.1,47.37,43.13,43.221630,-0.052286,12,3,8.01,479.60
1228186,0.07,0.13,-0.00,5.62,0.12,-74.81,-6.7,2.1,242.2,47.37,45.94,43.221630,-0.052287,12,3,8.00,482.50
1228492,0.31,0.20,-0.05,7.50,1.25,-70.93,-7.1,2.1,263.6,47.37,47.39,43.221630,-0.052287,12,3,8.00,484.50
1228798,0.12,0.13,0.36,6.18,5.68,-60.68,-6.1,2.1,284.2,47.38,48.82,43.221630,-0.052287,12,3,8.00,485.89
1229410,0.15,-0.12,0.25,4.37,0.06,-16.00,-5.5,0.8,306.6,47.38,51.74,43.221630,-0.052287,12,3,8.00,488.79
1229716,-0.09,-0.36,0.20,-0.31,3.25,3.81,-4.9,-0.1,307.5,47.38,53.18,43.221630,-0.052287,12,3,8.00,490.29
1230634,-0.25,-0.01,0.05,-8.62,3.31,51.56,-4.5,1.2,276.8,47.39,57.55,43.221630,-0.052289,12,3,8.01,495.29
1230940,0.09,0.13,-0.22,-8.50,-0.12,60.06,-5.6,2.1,260.1,47.39,58.98,43.221630,-0.052289,12,3,8.01,496.29
1231246,0.27,0.20,-0.45,-4.75,5.37,53.56,-7.6,2.0,243.4,47.39,60.41,43.221630,-0.052289,12,3,8.01,498.29
1231552,0.23,0.15,-0.11,-3.12,3.81,44.25,-8.5,1.5,228.1,47.39,61.83,43.221630,-0.052289,12,3,8.01,499.79
1232470,0.00,0.00,0.09,1.12,0.37,-10.31,-8.1,-0.2,212.0,47.40,66.15,43.221630,-0.052289,12,3,8.00,504.29
1233082,-0.17,0.07,0.37,6.37,0.31,-53.06,-7.1,0.1,231.1,47.40,69.01,43.221630,-0.052289,12,3,8.00,506.70
1233694,0.17,-0.11,-0.40,7.43,-1.18,-67.25,-6.1,0.6,269.9,47.41,71.92,43.221630,-0.052289,12,3,8.00,510.20
1234306,0.19,-0.05,-0.37,3.43,-4.31,-36.25,-4.8,1.2,302.2,47.41,74.86,43.221630,-0.052290,12,3,8.01,513.09
1234612,0.11,-0.02,-0.13,2.12,-0.93,-11.62,-4.3,1.3,309.8,47.41,76.29,43.221630,-0.052290,12,3,8.01,515.09
1234918,-0.17,-0.13,-0.15,-2.56,0.43,11.12,-3.7,1.3,309.0,47.41,77.76,43.221630,-0.052290,12,3,8.01,516.59
1235530,-0.07,0.05,-0.02,-5.50,0.75,48.18,-4.5,2.3,289.8,47.42,80.68,43.221630,-0.052289,12,3,8.00,519.59
1235836,-0.23,0.12,0.25,-6.18,-1.37,63.06,-5.5,2.8,272.5,47.42,82.12,43.221630,-0.052289,12,3,8.00,521.20
1236142,0.12,0.20,0.00,-6.25,2.12,65.93,-6.8,2.6,254.0,47.42,83.57,43.221630,-0.052289,12,3,8.01,522.20
1236754,-0.02,0.00,0.27,-2.75,-0.43,37.43,-7.6,0.3,220.5,47.43,86.43,43.221630,-0.052289,12,3,8.01,525.59
1237060,-0.00,-0.28,-0.37,1.12,-0.62,10.87,-7.2,-0.6,213.5,47.43,87.89,43.221630,-0.052289,12,3,8.01,527.09
1237672,0.10,-0.03,-0.11,2.43,1.81,-37.00,-8.1,-0.2,223.3,47.43,90.79,43.221630,-0.052289,12,3,8.01,530.09
1237978,0.30,-0.11,-0.31,2.00,2.06,-50.00,-8.1,0.5,236.5,47.43,92.20,43.221630,-0.052289,12,3,8.01,531.59
1238284,0.17,0.13,0.25,5.25,-2.31,-51.06,-7.5,1.7,251.6,47.43,93.66,43.221630,-0.052292,12,3,8.00,533.09
1238590,0.01,0.12,0.20,4.00,-5.00,-47.12,-6.0,2.1,266.8,47.44,95.08,43.221630,-0.052292,12,3,8.00,534.59
1239202,-0.35,-0.01,0.33,4.68,-1.68,-22.43,-3.6,1.5,287.9,47.44,98.06,43.221630,-0.052292,12,3,8.01,537.09
1239508,-0.31,-0.05,0.23,1.75,-1.37,-9.37,-3.6,1.0,292.5,47.44,99.52,43.221630,-0.052292,12,3,8.01,539.09
1240120,-0.20,-0.12,0.45,-0.87,1.06,23.12,-4.6,0.7,288.0,47.45,102.49,43.221630,-0.052292,12,3,8.00,542.29
1240732,0.09,-0.11,-0.05,-4.50,3.31,45.18,-6.3,0.5,266.0,47.45,105.47,43.221630,-0.052292,12,3,8.00,545.90
1241038,0.15,-0.05,-0.34,-4.00,-0.12,51.62,-6.8,0.6,251.5,47.45,106.95,43.221630,-0.052292,12,3,8.00,546.90
1241344,0.31,-0.10,-1.46,-6.62,2.43,44.31,-7.3,0.1,237.6,47.45,108.41,43.221630,-0.052294,12,3,8.00,549.00
1241650,0.30,-0.03,-2.39,-3.12,-0.43,38.50,-7.4,0.1,224.3,47.46,109.87,43.221630,-0.052294,12,3,8.00,549.90
1242262,0.11,0.02,-0.75,-2.18,0.75,14.06,-7.5,0.1,208.8,47.46,112.54,43.221630,-0.052295,12,3,8.01,552.70
1242874,0.12,0.05,0.28,1.00,2.06,-13.18,-7.5,0.4,208.6,47.46,114.72,43.221630,-0.052295,12,3,8.01,554.40
1243180,0.23,-0.00,-1.90,2.68,-0.62,-24.81,-6.8,0.3,214.3,47.47,115.75,43.221630,-0.052295,12,3,8.00,555.00
1243486,0.40,0.05,-2.48,2.93,0.87,-34.31,-7.2,0.8,223.5,47.47,116.74,43.221630,-0.052295,12,3,8.00,556.20
1244098,0.07,0.33,0.56,4.31,-0.87,-40.56,-6.9,2.5,246.7,47.47,118.40,43.221630,-0.052295,12,3,8.00,557.40
1244710,-0.30,0.19,2.47,6.00,0.12,-34.75,-5.7,1.6,270.1,47.47,119.61,43.221630,-0.052294,12,3,8.01,558.40
1245016,-0.28,-0.22,2.26,8.62,-1.43,-26.25,-5.5,0.0,279.8,47.47,120.25,43.221630,-0.052294,12,3,8.01,558.90
1245322,-0.05,-0.30,1.92,4.75,-1.00,-18.00,-5.3,-0.4,286.3,47.48,120.99,43.221630,-0.052294,12,3,8.01,560.20
1245934,-0.22,-0.25,1.13,-0.50,-1.12,6.12,-4.8,-0.5,289.5,47.48,122.75,43.221630,-0.052294,12,3,8.01,562.20
1246240,-0.02,-0.07,-0.65,-3.18,0.68,15.68,-4.5,0.3,285.6,47.48,123.81,43.221630,-0.052296,12,3,8.00,564.00
1246852,0.25,0.18,-2.51,-3.31,3.00,28.56,-5.3,1.8,271.2,47.49,126.19,43.221630,-0.052296,12,3,8.00,566.79
1247158,0.33,0.19,-2.16,-5.18,2.87,30.87,-6.3,2.0,262.5,47.49,127.35,43.221630,-0.052296,12,3,8.00,567.59
1247770,0.37,0.02,-1.58,-1.62,1.75,30.31,-7.8,0.7,243.6,47.49,129.35,43.221630,-0.052296,12,3,8.00,569.50
1248382,0.41,-0.20,-1.61,-0.25,0.50,14.31,-7.6,-0.6,230.3,47.50,130.89,43.221630,-0.052296,12,3,8.00,570.40
1248688,0.22,-0.15,-0.58,-2.31,0.00,6.43,-7.3,-0.5,227.3,47.50,131.47,43.221630,-0.052296,12,3,8.00,570.59
1249300,0.00,0.22,0.00,-3.00,-2.62,-8.81,-6.5,1.3,227.8,47.50,132.19,43.221630,-0.052296,12,3,8.00,570.70
1249606,-0.12,0.30,0.00,-2.31,-2.62,-17.00,-5.6,2.0,231.7,47.51,132.43,43.221630,-0.052296,12,3,8.00,570.70
1250218,-0.23,0.20,-0.20,3.00,-2.12,-29.06,-4.5,1.8,245.4,47.51,132.78,43.221630,-0.052296,12,3,8.01,570.79
1250524,-0.22,0.11,-0.07,4.12,-0.50,-32.00,-4.6,1.1,254.1,47.51,132.90,43.221630,-0.052296,12,3,8.01,570.79
1251136,-0.01,-0.17,-0.02,4.68,2.68,-24.93,-5.7,-0.3,271.8,47.51,133.08,43.221630,-0.052296,12,3,8.01,570.90
1251442,0.20,-0.27,-0.03,3.75,3.12,-19.68,-6.8,-0.6,278.6,47.51,133.14,43.221630,-0.052294,12,3,8.01,570.90
1252054,0.27,-0.11,0.10,0.62,1.18,-8.00,-7.5,0.0,287.3,47.52,133.20,43.221630,-0.052294,12,3,8.01,571.00
1252666,0.19,-0.02,0.00,-2.00,-0.68,3.87,-6.8,0.5,288.3,47.52,133.24,43.221630,-0.052294,12,3,8.00,571.00
1252972,0.00,0.07,0.22,-2.12,-3.37,10.62,-6.2,0.8,286.1,47.52,133.26,43.221630,-0.052294,12,3,8.00,571.09
1253278,-0.03,0.11,0.10,-2.56,-1.75,14.25,-5.6,1.2,282.6,47.52,133.27,43.221630,-0.052295,12,3,8.00,571.09
1253890,-0.15,0.17,-0.07,-2.68,-2.06,22.43,-5.0,1.5,271.5,47.53,133.28,43.221630,-0.052295,12,3,8.00,571.20
1254196,-0.13,0.15,-0.09,-2.56,-0.12,24.87,-5.2,1.5,264.1,47.53,133.30,43.221630,-0.052295,12,3,8.00,571.20
1254808,-0.02,0.01,-0.02,-1.31,0.25,23.00,-5.9,0.9,249.1,47.53,133.33,43.221630,-0.052293,12,3,8.00,571.29
1255114,0.00,0.00,-0.00,-0.43,2.06,16.50,-6.3,0.5,243.3,47.54,133.35,43.221630,-0.052293,12,3,8.00,571.29
1255420,0.01,0.00,0.07,-0.37,1.43,9.31,-6.8,0.1,239.3,47.54,133.36,43.221630,-0.052293,12,3,8.00,571.40
1256032,0.18,-0.07,0.05,0.81,1.87,-6.06,-7.3,0.0,238.3,47.54,133.36,43.221630,-0.052293,12,3,8.00,571.40
1256644,0.11,0.03,0.00,1.06,-0.87,-20.50,-6.9,0.7,246.3,47.54,133.36,43.221630,-0.052293,12,3,8.00,571.29
1256950,0.00,0.11,0.00,2.37,-1.00,-27.18,-6.1,1.1,253.7,47.55,133.38,43.221630,-0.052293,12,3,8.00,571.29
1257256,-0.10,0.11,0.07,2.50,-2.56,-28.75,-5.5,1.2,261.8,47.55,133.38,43.221622,-0.052293,12,3,8.00,571.20
1257868,-0.18,-0.07,0.11,3.06,0.12,-21.25,-4.8,0.6,277.4,47.55,133.38,43.221622,-0.052293,12,3,8.00,571.20
1258174,-0.07,-0.09,-0.22,2.25,0.56,-15.50,-5.1,0.3,283.0,47.55,133.39,43.221622,-0.052293,12,3,8.00,571.29
1258786,0.03,-0.07,-0.07,0.81,1.56,-4.25,-5.9,0.3,289.0,47.56,133.40,43.221622,-0.052294,12,3,8.01,571.29
1259092,0.10,-0.03,0.00,-1.37,0.93,2.18,-6.4,0.4,289.2,47.56,133.40,43.221622,-0.052294,12,3,8.01,571.29
1259398,0.19,-0.05,-0.17,-1.50,1.31,8.62,-6.7,0.5,287.5,47.56,133.39,43.221622,-0.052294,12,3,8.00,571.20
1260316,0.11,-0.00,-0.05,-3.37,-0.62,24.68,-6.5,0.9,271.8,47.57,133.40,43.221622,-0.052294,12,3,8.00,571.20
1260622,0.07,0.05,-0.10,-4.43,-1.56,29.06,-6.5,1.3,263.6,47.57,133.39,43.221622,-0.052294,12,3,8.00,571.20
1260928,0.05,0.19,-0.09,-4.50,0.18,29.18,-6.6,1.5,254.6,47.57,133.39,43.221622,-0.052294,12,3,8.00,571.20
1261540,0.05,0.07,0.13,-2.93,-0.50,20.06,-6.9,1.3,239.2,47.57,133.39,43.221622,-0.052294,12,3,8.01,571.20
1261846,0.19,-0.01,-0.19,-0.75,1.56,10.18,-7.0,0.9,234.8,47.58,133.38,43.221622,-0.052294,12,3,8.01,571.20
1262152,0.11,0.05,-0.13,1.62,-0.81,0.00,-7.0,0.8,233.3,47.58,133.37,43.221622,-0.052294,12,3,8.01,571.20
1262458,0.03,0.03,0.00,0.25,0.06,-10.81,-7.0,0.7,235.0,47.58,133.38,43.221622,-0.052294,12,3,8.00,571.20
1263070,0.00,0.07,0.01,2.93,-1.12,-25.75,-6.6,0.9,246.4,47.58,133.34,43.221622,-0.052294,12,3,8.00,571.09
1263376,0.05,0.01,-0.13,2.12,0.06,-30.25,-6.4,0.9,255.3,47.58,133.32,43.221622,-0.052295,12,3,8.00,571.09
1263682,-0.00,0.01,-0.13,3.93,0.06,-28.50,-6.1,0.6,263.8,47.59,133.31,43.221622,-0.052295,12,3,8.00,571.09
1264294,-0.01,-0.03,-0.00,1.12,-0.06,-18.68,-5.9,0.6,277.8,47.59,133.30,43.221622,-0.052295,12,3,8.00,571.00
1264906,-0.01,0.00,0.11,0.62,0.18,-7.31,-5.8,0.7,285.3,47.60,133.28,43.221622,-0.052295,12,3,8.01,571.00
1265212,0.00,-0.01,0.20,-1.25,0.18,-1.50,-5.8,0.7,286.5,47.60,133.26,43.221622,-0.052295,12,3,8.01,570.90
1265518,0.01,-0.03,0.05,0.18,0.93,5.18,-6.0,0.8,285.9,47.60,133.25,43.221614,-0.052295,12,3,8.00,570.90
1266130,0.03,0.00,0.05,-2.37,0.18,16.62,-6.4,0.9,279.1,47.60,133.25,43.221614,-0.052295,12,3,8.00,570.90
1266436,0.02,0.05,0.09,-1.75,0.25,21.75,-6.5,0.9,273.5,47.60,133.25,43.221614,-0.052295,12,3,8.00,571.00
1267048,0.05,0.03,-0.12,-3.18,-1.25,26.81,-6.5,0.9,258.3,47.61,133.26,43.221614,-0.052295,12,3,8.00,571.00
1267354,0.05,0.07,-0.07,-2.87,-0.37,22.50,-6.5,1.1,250.9,47.61,133.29,43.221614,-0.052295,12,3,8.00,570.90
1267660,0.05,0.09,-0.20,-2.62,-0.18,17.56,-6.5,1.1,245.1,47.61,133.30,43.221614,-0.052295,12,3,8.00,571.00
1268272,0.07,0.09,-0.05,-1.12,0.25,2.81,-6.7,1.2,238.9,47.62,133.30,43.221614,-0.052295,12,3,8.00,570.90
1268884,0.05,0.09,0.17,2.06,0.18,-11.25,-6.8,1.0,241.5,47.62,133.26,43.221614,-0.052295,12,3,8.01,570.79
1269190,0.07,0.02,0.17,1.93,0.25,-19.06,-6.8,1.0,246.3,47.62,133.24,43.221614,-0.052295,12,3,8.01,570.79
1269496,0.07,0.05,-0.00,2.81,-0.31,-22.93,-6.6,1.0,252.5,47.62,133.22,43.221614,-0.052295,12,3,8.01,570.79
1269802,0.02,0.10,-0.05,2.50,-0.12,-24.00,-6.4,1.2,259.7,47.63,133.20,43.221614,-0.052295,12,3,8.01,570.70
1270414,-0.01,0.02,0.18,2.00,-0.18,-15.25,-5.9,1.2,271.5,47.63,133.17,43.221614,-0.052295,12,3,7.99,570.59
1270720,-0.03,0.05,-0.10,1.12,0.18,-10.06,-5.6,1.3,275.3,47.63,133.13,43.221614,-0.052295,12,3,7.99,570.59
1271026,0.00,0.05,0.07,0.37,-0.12,-4.56,-5.6,1.3,277.3,47.63,133.12,43.221614,-0.052295,12,3,7.99,570.59
1271332,-0.00,0.11,-0.05,0.31,0.37,0.93,-5.8,1.3,277.9,47.63,133.12,43.221614,-0.052295,12,3,7.99,570.59
1272250,0.11,0.02,-0.15,-0.75,1.18,15.43,-6.4,1.0,270.3,47.64,133.10,43.221614,-0.052295,12,3,8.00,570.59
1272556,0.10,0.05,0.00,-1.68,0.93,18.56,-6.5,0.8,265.1,47.64,133.09,43.221614,-0.052296,12,3,8.00,570.59
1272862,0.11,-0.02,-0.01,-1.93,-0.68,19.75,-6.8,0.6,259.5,47.64,133.09,43.221614,-0.052296,12,3,8.00,570.59
1273474,0.05,-0.00,0.20,-2.56,-0.06,13.68,-6.9,0.4,249.4,47.64,133.11,43.221614,-0.052296,12,3,7.99,570.59
1273780,0.05,0.00,0.19,-2.62,-0.81,7.75,-6.8,0.5,246.0,47.65,133.11,43.221614,-0.052296,12,3,7.99,570.59
1274086,0.07,0.09,-0.13,-0.87,-0.18,0.00,-6.8,1.1,245.0,47.65,133.11,43.221614,-0.052296,12,3,7.99,570.59
1274392,0.00,0.20,-0.02,-2.43,-0.56,-9.00,-6.5,1.8,246.3,47.65,133.10,43.221614,-0.052296,12,3,7.99,570.59
1275004,-0.02,0.25,-0.07,1.68,0.87,-17.93,-6.0,2.1,255.0,47.65,133.11,43.221614,-0.052295,12,3,8.00,570.59
1275616,0.07,0.05,-0.19,2.68,1.31,-12.37,-6.2,1.5,264.8,47.66,133.15,43.221614,-0.052295,12,3,8.00,570.70
1275922,0.07,0.05,-0.02,2.12,2.31,-7.31,-6.5,1.1,267.7,47.66,133.17,43.221614,-0.052295,12,3,8.00,570.59
1276534,0.15,-0.15,0.01,1.18,1.00,2.81,-7.1,0.1,268.7,47.67,133.13,43.221614,-0.052294,12,3,8.01,570.59
1276840,0.09,-0.10,-0.00,-0.25,0.25,7.18,-7.0,0.0,267.2,47.67,133.12,43.221614,-0.052294,12,3,8.01,570.59
1277452,0.07,-0.05,-0.02,-2.43,-0.25,14.50,-6.6,0.4,260.4,47.67,133.10,43.221614,-0.052295,12,3,8.00,570.59
1277758,0.00,0.03,0.00,-2.93,-0.50,15.75,-6.3,0.8,255.7,47.67,133.09,43.221614,-0.052295,12,3,8.00,570.59
1278064,0.05,0.10,0.01,-3.31,-0.75,13.81,-6.5,1.2,251.4,47.67,133.09,43.221614,-0.052295,12,3,8.00,570.59
1278676,0.03,0.17,-0.19,-1.56,-0.50,6.81,-6.4,1.7,245.3,47.68,133.09,43.221614,-0.052295,12,3,8.01,570.70
1278982,0.02,0.15,0.11,-0.62,0.43,2.18,-6.6,1.5,244.0,47.68,133.11,43.221614,-0.052295,12,3,8.01,570.70
1279288,-0.00,0.15,0.05,1.81,0.93,-4.43,-6.6,1.2,244.3,47.68,133.11,43.221614,-0.052295,12,3,8.01,570.70
1279594,0.03,0.05,-0.10,1.93,-0.50,-9.43,-6.5,1.0,246.3,47.68,133.11,43.221614,-0.052294,12,3,8.00,570.70
1280512,-0.02,-0.01,0.00,1.62,-1.12,-13.87,-6.3,0.3,259.3,47.69,133.11,43.221614,-0.052294,12,3,8.00,570.70
1281124,0.02,-0.07,0.00,1.25,0.62,-8.00,-6.0,0.5,265.9,47.69,133.11,43.221614,-0.052294,12,3,8.00,570.70
1281736,0.05,0.00,-0.22,-0.31,0.62,0.18,-6.1,0.8,268.2,47.70,133.12,43.221614,-0.052294,12,3,8.00,570.79
1282042,0.09,0.07,-0.09,-1.00,1.68,3.12,-6.3,1.1,267.8,47.70,133.12,43.221614,-0.052294,12,3,8.00,570.79
1282348,0.02,0.01,0.11,-1.68,-0.18,7.87,-6.5,1.1,266.0,47.70,133.12,43.221614,-0.052294,12,3,8.00,570.79
1282654,0.09,0.11,0.03,-1.06,-0.37,11.06,-6.6,1.3,263.3,47.70,133.11,43.221614,-0.052293,12,3,8.00,570.79
1283266,0.03,0.10,-0.05,-1.75,-1.06,12.56,-6.5,1.1,255.8,47.70,133.10,43.221614,-0.052293,12,3,8.00,570.70
1283572,0.00,0.05,0.10,-0.50,-1.06,12.12,-6.2,1.0,252.0,47.71,133.10,43.221614,-0.052294,12,3,8.00,570.70
1284184,-0.01,0.05,-0.15,-0.50,-0.81,5.87,-5.9,0.5,246.4,47.71,133.09,43.221614,-0.052294,12,3,8.00,570.70
1284796,-0.05,-0.05,0.07,0.06,1.06,-1.50,-6.1,0.3,245.1,47.71,133.08,43.221614,-0.052295,12,3,8.00,570.70
1285102,0.03,-0.03,0.01,0.12,0.87,-4.62,-6.5,0.4,246.1,47.72,133.08,43.221614,-0.052295,12,3,8.00,570.70
1285714,0.18,0.07,-0.01,-0.43,0.87,-8.18,-7.1,0.8,250.1,47.72,133.07,43.221614,-0.052295,12,3,8.00,570.59
1286020,0.17,0.03,-0.00,-0.37,0.37,-8.31,-7.3,0.9,252.4,47.72,133.06,43.221614,-0.052295,12,3,8.00,570.59
1286326,0.11,0.15,0.05,1.06,-0.50,-7.25,-7.0,1.2,254.8,47.72,133.05,43.221614,-0.052295,12,3,8.00,570.59
1286632,0.09,0.12,0.00,-0.43,-0.87,-6.68,-6.7,1.3,257.0,47.72,133.04,43.221614,-0.052293,12,3,8.00,570.59
1286938,0.01,0.05,0.19,0.87,-1.31,-4.50,-6.4,1.2,258.6,47.73,133.03,43.221614,-0.052293,12,3,8.00,570.59
1287550,-0.05,0.07,-0.10,0.31,-1.25,1.00,-5.8,1.1,259.8,47.73,133.03,43.221614,-0.052293,12,3,8.00,570.59
1288162,-0.05,0.02,-0.01,-0.43,0.43,7.50,-5.8,0.9,257.3,47.73,133.06,43.221614,-0.052293,12,3,8.00,570.59
1288774,-0.01,0.00,0.12,-0.93,0.93,10.43,-6.1,0.7,251.8,47.74,133.07,43.221614,-0.052293,12,3,8.00,570.59
1289386,0.13,-0.02,0.12,-0.56,1.18,8.37,-7.0,0.5,245.8,47.74,133.07,43.221614,-0.052293,12,3,8.00,570.59
1289998,0.18,-0.02,-0.25,-0.18,-0.68,-0.87,-7.1,0.4,243.5,47.75,133.08,43.221614,-0.052292,12,3,8.00,570.70
1290304,0.10,0.00,-0.00,1.06,-0.81,-6.25,-6.8,0.5,244.7,47.75,133.09,43.221614,-0.052292,12,3,8.00,570.70
1290916,-0.01,0.00,0.09,1.75,-0.62,-14.12,-6.1,0.6,250.8,47.75,133.10,43.221614,-0.052292,12,3,8.00,570.70
1291222,-0.01,-0.00,-0.05,2.68,-0.50,-15.87,-5.6,0.6,255.5,47.75,133.10,43.221614,-0.052292,12,3,8.00,570.70
1291528,-0.02,-0.07,-0.11,1.62,-1.00,-15.50,-5.5,0.4,260.0,47.75,133.10,43.221614,-0.052292,12,3,8.00,570.70
1292140,-0.05,-0.05,-0.11,0.31,0.87,-9.43,-5.5,0.4,267.7,47.76,133.11,43.221614,-0.052292,12,3,8.00,570.70
1292446,0.01,-0.03,-0.09,-0.56,1.31,-5.50,-5.8,0.6,270.0,47.76,133.11,43.221614,-0.052292,12,3,8.00,570.70
1293364,0.05,0.01,0.12,-0.50,-0.12,6.75,-6.4,0.8,269.4,47.76,133.08,43.221614,-0.052292,12,3,8.00,570.59
1293670,0.05,0.03,0.11,-1.93,-0.50,10.31,-6.3,1.0,266.7,47.77,133.07,43.221614,-0.052291,12,3,8.00,570.50
1294282,0.01,0.10,-0.01,-2.43,-0.25,16.37,-6.0,1.3,258.7,47.77,133.04,43.221614,-0.052291,12,3,8.00,570.50
1294588,0.00,0.13,-0.07,-2.25,0.18,17.87,-6.1,1.2,253.5,47.77,133.03,43.221614,-0.052291,12,3,8.00,570.50
1295200,0.01,0.07,-0.07,-0.93,0.25,14.75,-6.5,0.9,243.3,47.77,133.03,43.221614,-0.052290,12,3,8.00,570.50
1295506,0.02,0.01,0.12,0.00,1.68,10.31,-6.6,0.6,239.3,47.77,133.04,43.221614,-0.052290,12,3,8.00,570.50
1295812,0.09,-0.01,0.01,-0.31,-0.81,6.43,-6.8,0.3,236.9,47.78,133.03,43.221614,-0.052290,12,3,8.00,570.50
1296118,0.11,-0.02,0.05,0.12,0.75,0.81,-7.1,0.1,236.0,47.78,133.03,43.221614,-0.052290,12,3,8.00,570.50
1297036,0.17,0.01,0.05,0.56,-0.12,-16.43,-7.0,0.8,243.3,47.78,133.04,43.221614,-0.052289,12,3,8.00,570.50
1297342,0.05,0.19,0.03,1.18,0.18,-19.12,-6.7,1.3,248.3,47.79,133.03,43.221614,-0.052289,12,3,8.00,570.50
1297648,0.03,0.17,-0.12,1.37,-1.81,-18.75,-6.3,1.5,254.3,47.79,133.03,43.221614,-0.052288,12,3,7.99,570.50
1298260,-0.01,0.18,0.02,1.12,0.37,-15.12,-5.9,1.4,264.8,47.79,133.04,43.221614,-0.052288,12,3,7.99,570.50
1298566,0.00,0.11,0.00,2.06,-0.75,-10.31,-6.0,1.2,268.6,47.79,133.05,43.221614,-0.052288,12,3,7.99,570.50
1299178,-0.03,0.01,0.13,0.87,0.50,-3.00,-6.0,0.6,272.5,47.80,133.02,43.221614,-0.052287,12,3,8.00,570.50
1299484,0.07,-0.03,0.05,1.62,-0.62,2.12,-6.3,0.4,272.8,47.80,133.01,43.221614,-0.052287,12,3,8.00,570.50
1299790,0.13,-0.11,-0.25,-0.37,1.25,5.43,-6.3,0.1,271.6,47.80,133.01,43.221614,-0.052288,12,3,8.00,570.50
1300402,0.03,-0.07,0.03,-0.87,-1.00,13.06,-6.3,0.0,266.0,47.81,133.01,43.221614,-0.052288,12,3,8.00,570.59
1301014,-0.01,-0.03,0.00,-3.18,-0.87,17.75,-6.0,0.3,256.8,47.81,132.98,43.221614,-0.052288,12,3,8.00,570.59
1301320,0.07,0.00,0.05,-2.18,0.12,18.31,-6.3,0.6,251.6,47.81,132.99,43.221614,-0.052288,12,3,8.00,570.59
1301932,0.09,0.10,-0.11,-1.68,-1.00,13.62,-6.7,0.9,242.1,47.82,132.99,43.221614,-0.052289,12,3,7.99,570.59
1302544,0.15,0.07,-0.17,-1.18,1.18,1.50,-7.0,0.8,237.4,47.82,132.99,43.221614,-0.052289,12,3,7.99,570.59
1302850,0.09,0.02,-0.07,1.43,-1.06,-2.81,-7.1,0.6,237.8,47.82,133.00,43.221614,-0.052288,12,3,8.00,570.70
1303156,0.11,0.01,0.00,1.93,0.75,-9.43,-6.9,0.5,239.8,47.82,132.99,43.221614,-0.052288,12,3,8.00,570.59
1303768,0.03,0.00,-0.10,2.37,-2.43,-17.00,-6.3,0.3,248.0,47.83,133.00,43.221614,-0.052288,12,3,8.00,570.70
1304074,0.00,-0.02,0.00,2.18,0.18,-19.62,-5.9,0.2,253.6,47.83,132.99,43.221614,-0.052288,12,3,8.00,570.70
1304686,-0.11,-0.02,0.13,2.18,-0.56,-16.18,-5.7,0.1,264.5,47.83,133.00,43.221614,-0.052288,12,3,8.00,570.79
1305298,-0.01,-0.07,0.03,1.75,0.43,-10.37,-5.8,0.1,272.6,47.84,133.01,43.221614,-0.052289,12,3,8.00,571.00
1305910,2.69,1.47,-9.18,-58.12,47.25,-67.00,-14.3,9.6,285.3,47.84,133.07,43.221614,-0.052290,12,3,7.99,571.20
1306522,0.55,4.73,-6.76,208.87,307.68,-137.56,5.1,33.8,26.6,47.80,134.50,43.221614,-0.052290,12,3,7.99,569.20
1306828,2.38,3.48,-5.92,124.31,-120.00,-365.75,-22.8,30.6,112.1,47.76,137.09,43.221614,-0.052290,12,3,8.00,567.00
1307134,1.34,-2.22,-6.28,-126.93,-8.56,-608.18,-14.6,-24.1,237.9,47.63,140.22,43.221614,-0.052290,12,3,8.00,564.09
1307746,1.58,4.84,-4.11,264.43,-178.50,-1461.37,20.7,0.0,109.3,47.36,140.24,43.221614,-0.052287,12,3,8.00,556.09
1308052,4.30,4.23,-4.55,66.06,-184.68,2030.37,-1.3,26.5,235.0,47.20,139.42,43.221614,-0.052287,12,3,8.00,551.40
1308664,19.13,13.80,0.45,451.68,-141.68,2029.68,-14.3,-6.1,349.2,46.89,132.11,43.221614,-0.052287,12,3,8.00,540.70
1309276,9.85,16.93,2.28,-29.50,415.12,2029.68,-24.8,50.1,148.3,46.62,121.01,43.221614,-0.052277,12,3,8.00,531.00
1309582,24.29,17.19,30.81,-36.12,442.43,2029.68,11.4,25.9,40.4,46.49,115.52,43.221614,-0.052277,12,3,8.00,523.29
1310194,18.73,20.20,15.55,-258.00,-152.56,2029.68,20.1,146.3,344.3,46.50,93.61,43.221614,-0.052260,12,3,8.00,513.79
1310806,14.42,3.11,18.19,231.68,-82.50,2029.68,0.3,-137.2,228.9,46.50,84.95,43.221614,-0.052249,12,3,8.00,507.60
1311418,19.05,9.86,19.52,251.87,-60.93,2029.68,-44.9,166.8,126.2,46.44,81.71,43.221614,-0.052249,12,3,8.00,503.50
1311724,9.69,5.07,17.59,-0.43,82.18,2029.68,8.8,-149.7,207.3,46.39,81.45,43.221614,-0.052249,12,3,8.00,500.89
1312336,12.98,12.52,20.35,261.50,-69.43,2029.68,-24.0,145.2,71.7,46.28,78.71,43.221607,-0.052233,12,3,7.99,497.79
1312948,2.90,8.68,15.81,-4.31,-171.50,2029.68,58.0,-173.8,321.2,46.21,74.83,43.221614,-0.052202,12,3,8.00,493.29
1313254,17.45,9.43,17.86,39.56,-173.31,2029.68,-43.1,154.8,142.9,46.17,72.84,43.221614,-0.052202,12,3,8.00,491.29
1313866,2.21,11.13,17.05,48.25,-9.37,2029.68,48.6,150.6,285.9,46.08,69.29,43.221607,-0.052153,12,3,8.00,487.50
1314478,13.81,5.78,17.82,142.12,94.81,2029.68,-10.6,-139.2,207.6,46.03,64.29,43.221607,-0.052153,12,3,8.00,484.20
1314784,5.67,6.00,19.22,314.37,2.18,2029.68,36.2,-167.3,301.5,46.02,60.87,43.221607,-0.052153,12,3,8.00,482.70
1315396,16.31,4.73,20.13,243.93,61.81,2029.68,-34.8,-144.4,108.5,45.99,57.24,43.221630,-0.052093,12,3,8.00,479.00
1316008,16.38,14.68,18.03,232.12,43.81,2029.68,-27.0,136.4,190.5,45.92,55.01,43.221645,-0.052030,12,3,8.00,475.10
1316620,3.36,15.31,17.87,187.81,270.43,2029.68,42.2,155.6,274.5,45.86,50.98,43.221645,-0.052030,12,3,8.00,471.20
1316926,14.07,13.56,19.62,107.50,-151.50,2029.68,-13.1,141.1,57.3,45.83,49.58,43.221656,-0.051977,12,3,7.99,468.70
1317844,9.93,15.63,16.63,-131.06,23.50,2029.68,-11.6,136.2,72.5,45.71,45.33,43.221664,-0.051933,12,3,8.00,462.79
1318456,-0.30,6.07,15.10,-55.87,-98.62,2029.68,55.1,-172.5,317.2,45.64,41.66,43.221664,-0.051933,12,3,8.00,458.70
1318762,14.72,18.94,17.39,232.06,92.37,2029.68,-15.1,124.0,198.5,45.61,39.39,43.221664,-0.051933,12,3,8.00,456.79
1319374,1.42,11.34,17.25,87.87,194.87,2029.68,47.1,-178.4,297.9,45.57,34.19,43.221687,-0.051899,12,3,7.99,453.20
1319986,10.68,5.86,17.89,52.93,114.37,2029.68,-14.9,-152.3,204.3,45.51,31.24,43.221694,-0.051854,12,3,8.00,449.39
1320598,6.84,13.60,14.97,-186.75,31.18,2029.68,5.1,141.9,66.8,45.43,28.33,43.221694,-0.051854,12,3,8.00,445.89
1320904,14.30,5.96,21.32,258.93,45.68,2029.68,-26.3,-148.3,196.5,45.40,25.70,43.221702,-0.051817,12,3,8.00,444.00
1321516,8.03,19.79,17.61,94.25,218.62,2029.68,2.1,119.6,250.4,45.34,21.87,43.221702,-0.051817,12,3,8.00,439.29
1322128,0.05,9.67,17.54,68.56,239.56,2029.68,51.3,-172.8,316.6,45.28,18.42,43.221714,-0.051782,12,3,8.00,435.79
1322740,15.14,6.78,21.81,154.37,184.25,2029.68,-29.2,-149.9,208.2,45.21,15.32,43.221714,-0.051782,12,3,8.00,432.89
1323352,-6.75,-3.70,-2.34,475.06,-716.43,-555.00,51.5,-84.3,312.3,45.14,11.15,43.221729,-0.051749,12,3,8.00,428.70
1323658,32.90,24.25,-12.01,-135.56,-243.93,-216.18,-51.0,58.8,221.0,45.12,9.61,43.221729,-0.051749,12,3,8.00,427.20
1323964,14.23,10.00,5.25,180.06,-264.56,70.37,-57.6,109.8,175.8,45.10,8.34,43.221736,-0.051710,12,3,7.94,427.20
1324270,15.68,10.69,1.96,-12.81,13.75,-28.25,-62.0,89.1,175.0,45.10,7.41,43.221736,-0.051710,12,3,7.94,427.60
1324882,0.57,-0.43,-0.55,-0.25,0.06,0.06,42.1,-71.8,90.9,45.08,6.04,43.221736,-0.051710,12,3,7.94,428.29
1325494,0.13,-0.09,-0.12,0.06,0.00,0.31,46.1,-74.5,88.1,45.07,5.20,43.221736,-0.051711,12,3,7.94,428.89
1325800,0.10,-0.09,-0.11,-0.06,0.00,-0.06,46.3,-74.6,88.0,45.06,4.92,43.221736,-0.051711,12,3,7.94,429.29
1326106,0.10,-0.07,-0.10,0.00,-0.06,-0.25,46.4,-74.7,87.8,45.06,4.70,43.221736,-0.051710,12,3,7.93,429.50
1326718,0.07,-0.05,-0.07,-0.06,-0.37,0.06,46.6,-74.8,87.7,45.06,4.31,43.221736,-0.051710,12,3,7.93,429.50
1327330,0.05,-0.07,-0.09,0.00,0.25,-0.18,46.6,-74.8,87.7,45.06,4.00,43.221736,-0.051710,12,3,7.93,429.29
1327942,0.05,-0.05,-0.09,0.06,-0.06,-0.06,46.6,-74.8,87.7,45.06,3.79,43.221744,-0.051711,12,3,7.93,429.39
1328248,0.07,-0.07,-0.07,0.00,0.06,0.12,46.6,-74.8,87.7,45.06,3.70,43.221744,-0.051711,12,3,7.93,429.39
1328554,0.07,-0.05,-0.07,0.06,0.06,0.06,46.6,-74.8,87.7,45.06,3.67,43.221744,-0.051711,12,3,7.93,429.39
1329166,0.07,-0.02,-0.03,0.06,0.12,-0.18,46.6,-74.8,87.7,45.07,3.56,43.221744,-0.051710,12,3,7.93,429.50
1329472,0.07,-0.03,-0.05,0.00,0.00,0.06,46.6,-74.8,87.7,45.07,3.53,43.221744,-0.051710,12,3,7.93,429.60
1330084,0.05,-0.07,-0.03,0.00,0.06,0.12,46.6,-74.8,87.7,45.07,3.44,43.221744,-0.051710,12,3,7.93,429.89
1330696,0.07,-0.02,-0.10,0.12,0.06,0.00,46.6,-74.8,87.7,45.07,3.38,43.221744,-0.051710,12,3,7.93,430.00
1331002,0.10,-0.05,-0.05,0.00,0.06,-0.12,46.6,-74.8,87.7,45.08,3.31,43.221752,-0.051709,12,3,7.93,430.10
1331614,0.07,-0.05,-0.07,-0.06,0.06,-0.12,46.6,-74.8,87.7,45.08,3.30,43.221752,-0.051709,12,3,7.93,430.50
1331920,0.07,-0.03,-0.07,0.06,-0.18,0.06,46.6,-74.8,87.7,45.08,3.29,43.221752,-0.051709,12,3,7.93,430.89
1332226,0.07,-0.03,-0.05,0.00,0.12,-0.18,46.6,-74.8,87.7,45.09,3.24,43.221752,-0.051709,12,3,7.93,431.10
1332838,0.07,-0.02,-0.09,0.06,0.12,0.12,46.6,-74.8,87.7,45.10,3.24,43.221752,-0.051709,12,3,7.93,431.39
1333144,0.07,-0.05,-0.07,0.06,0.06,-0.12,46.6,-74.8,87.7,45.10,3.23,43.221752,-0.051709,12,3,7.93,431.50
1333756,0.09,-0.05,-0.05,-0.06,-0.25,-0.06,46.6,-74.8,87.7,45.10,3.19,43.221752,-0.051709,12,3,7.93,431.70
1334062,0.07,-0.05,-0.05,0.06,0.00,0.06,46.6,-74.8,87.7,45.11,3.17,43.221759,-0.051709,12,3,7.93,431.79
1334674,0.09,-0.05,-0.05,0.00,0.06,0.06,46.6,-74.8,87.7,45.11,3.18,43.221759,-0.051709,12,3,7.93,432.00
1335286,0.07,-0.05,-0.05,0.12,-0.12,-0.12,46.6,-74.8,87.7,45.12,3.11,43.221759,-0.051709,12,3,7.93,432.10
1335592,0.07,-0.05,-0.05,0.06,0.06,0.00,46.6,-74.8,87.7,45.13,3.11,43.221759,-0.051709,12,3,7.93,432.10
1336204,0.07,-0.05,-0.05,0.00,0.06,0.12,46.6,-74.8,87.7,45.14,3.12,43.221759,-0.051709,12,3,7.93,432.20
1336510,0.07,-0.05,-0.07,0.18,0.12,0.00,46.6,-74.8,87.7,45.14,3.12,43.221759,-0.051709,12,3,7.93,432.20
1336816,0.07,-0.05,-0.07,0.00,0.18,0.25,46.6,-74.8,87.7,45.14,3.10,43.221759,-0.051709,12,3,7.93,432.20
1337428,0.07,-0.05,-0.07,-0.06,0.12,-0.37,46.6,-74.8,87.7,45.15,3.05,43.221759,-0.051709,12,3,7.93,432.20
1337734,0.07,-0.05,-0.05,0.06,0.06,0.18,46.6,-74.8,87.7,45.15,3.07,43.221759,-0.051709,12,3,7.93,432.20
1338346,0.07,-0.03,-0.05,0.00,0.25,0.25,46.6,-74.8,87.7,45.16,3.09,43.221759,-0.051709,12,3,7.94,432.20
1338958,0.05,-0.05,-0.09,0.06,-0.06,-0.06,46.6,-74.8,87.7,45.17,3.08,43.221759,-0.051709,12,3,7.94,432.29
1339264,0.07,-0.05,-0.05,-0.12,0.00,-0.06,46.6,-74.8,87.7,45.17,3.06,43.221759,-0.051709,12,3,7.93,432.29
1339570,0.07,-0.05,-0.10,0.00,0.12,0.12,46.6,-74.8,87.7,45.18,3.04,43.221759,-0.051709,12,3,7.93,432.29
1339876,0.07,-0.07,-0.07,0.06,0.12,0.06,46.6,-74.8,87.7,45.18,3.03,43.221759,-0.051709,12,3,7.93,432.29
1340488,0.07,-0.05,-0.07,0.06,-0.06,-0.18,46.6,-74.8,87.7,45.19,2.99,43.221759,-0.051708,12,3,7.93,432.29
1341100,0.09,-0.03,-0.05,0.00,0.12,0.18,46.6,-74.8,87.7,45.20,2.98,43.221759,-0.051709,12,3,7.94,432.29
1341406,0.07,-0.05,-0.05,0.06,-0.06,-0.06,46.6,-74.8,87.7,45.20,2.98,43.221759,-0.051709,12,3,7.94,432.29
1341712,0.07,-0.05,-0.02,-0.06,0.31,0.18,46.6,-74.8,87.7,45.21,2.97,43.221759,-0.051709,12,3,7.94,432.39
1342324,0.09,-0.05,-0.07,-0.06,0.00,0.06,46.6,-74.8,87.7,45.22,2.98,43.221759,-0.051709,12,3,7.93,432.39
1342936,0.07,-0.05,-0.07,-0.06,-0.06,0.18,46.6,-74.8,87.7,45.23,2.97,43.221759,-0.051709,12,3,7.93,432.39
1343242,0.10,-0.05,-0.07,-0.12,0.18,0.18,46.6,-74.8,87.7,45.23,2.96,43.221759,-0.051709,12,3,7.94,432.39
1343548,0.10,-0.05,-0.07,0.00,0.06,0.12,46.6,-74.8,87.7,45.24,2.95,43.221759,-0.051709,12,3,7.94,432.39
1344160,0.09,-0.07,-0.05,-0.06,0.18,-0.06,46.6,-74.8,87.7,45.24,2.93,43.221759,-0.051709,12,3,7.93,432.39
1344772,0.10,-0.02,-0.09,-0.06,-0.25,0.00,46.6,-74.8,87.7,45.25,2.89,43.221759,-0.051709,12,3,7.93,432.39
1345078,0.07,-0.05,-0.07,0.00,0.06,0.06,46.6,-74.8,87.7,45.26,2.85,43.221759,-0.051709,12,3,7.93,432.39
1345690,0.07,-0.07,-0.07,-0.06,0.00,0.25,46.6,-74.8,87.7,45.27,2.90,43.221759,-0.051709,12,3,7.93,432.39
1345996,0.07,-0.05,-0.09,0.06,0.00,0.12,46.6,-74.8,87.7,45.28,2.89,43.221759,-0.051709,12,3,7.93,432.39
1346302,0.07,-0.03,-0.09,-0.12,0.00,0.06,46.6,-74.8,87.7,45.28,2.88,43.221759,-0.051709,12,3,7.93,432.39
1346914,0.09,-0.03,-0.07,0.12,-0.12,0.00,46.6,-74.8,87.7,45.29,2.91,43.221759,-0.051709,12,3,7.93,432.50
1347526,0.09,-0.05,-0.05,0.18,-0.06,0.18,46.6,-74.8,87.7,45.30,2.89,43.221759,-0.051709,12,3,7.93,432.50
1347832,0.07,-0.07,-0.05,0.00,-0.18,0.18,46.6,-74.8,87.7,45.31,2.89,43.221759,-0.051709,12,3,7.93,432.60
1348138,0.07,-0.05,-0.05,0.06,0.00,-0.06,46.6,-74.8,87.7,45.31,2.90,43.221759,-0.051709,12,3,7.93,432.60
1348750,0.09,-0.05,-0.10,0.12,0.06,0.12,46.6,-74.8,87.7,45.32,2.83,43.221759,-0.051709,12,3,7.93,432.60
1349362,0.09,-0.05,-0.07,-0.12,0.00,-0.18,46.6,-74.8,87.7,45.33,2.83,43.221759,-0.051709,12,3,7.91,432.70
1349668,0.09,-0.05,-0.05,0.00,0.00,0.18,46.6,-74.8,87.7,45.34,2.84,43.221759,-0.051709,12,3,7.91,432.70
1349974,0.07,-0.07,-0.05,-0.18,0.12,0.00,46.6,-74.8,87.7,45.34,2.92,43.221759,-0.051709,12,3,7.91,432.70
1350280,0.07,-0.07,-0.05,-0.18,0.06,0.12,46.6,-74.8,87.7,45.34,2.89,43.221759,-0.051709,12,3,7.93,432.70
1351198,0.11,-0.07,-0.07,-0.12,0.00,0.62,46.6,-74.8,87.7,45.36,2.83,43.221759,-0.051709,12,3,7.93,432.70
1351810,0.09,-0.05,-0.05,0.00,-0.12,0.18,46.6,-74.8,87.7,45.37,2.79,43.221759,-0.051709,12,3,7.93,432.70
1353340,0.09,-0.05,-0.05,0.12,0.00,-0.06,46.6,-74.8,87.7,45.40,2.82,43.221759,-0.051709,12,3,7.92,432.79
1354258,0.07,-0.07,-0.05,0.06,0.00,0.25,46.6,-74.8,87.7,45.42,2.74,43.221759,-0.051709,12,3,7.92,432.79
1354870,0.10,-0.05,-0.10,0.00,-0.12,0.00,46.6,-74.8,87.7,45.43,2.71,43.221759,-0.051709,12,3,7.92,432.79
1355482,0.09,-0.05,-0.05,0.00,0.00,0.06,46.6,-74.8,87.7,45.45,2.67,43.221759,-0.051709,12,3,7.92,432.89
1355788,0.05,-0.07,-0.05,0.12,0.06,0.12,46.6,-74.8,87.7,45.45,2.66,43.221759,-0.051709,12,3,7.92,432.89
1356400,0.07,-0.05,-0.05,0.12,0.12,-0.06,46.6,-74.8,87.7,45.46,2.73,43.221759,-0.051709,12,3,7.92,432.89
1356706,0.05,-0.07,-0.05,0.06,-0.18,0.12,46.6,-74.8,87.7,45.47,2.70,43.221759,-0.051709,12,3,7.92,432.89
1357012,0.07,-0.03,-0.10,0.00,-0.06,0.06,46.6,-74.8,87.7,45.48,2.69,43.221759,-0.051709,12,3,7.92,432.89
1357624,0.07,-0.05,-0.07,0.06,0.18,0.18,46.6,-74.8,87.7,45.49,2.69,43.221752,-0.051709,12,3,7.92,433.00
1358236,0.09,-0.03,-0.05,0.00,-0.06,0.00,46.6,-74.8,87.7,45.50,2.68,43.221752,-0.051709,12,3,7.92,433.00
1358542,0.07,-0.07,-0.10,0.00,0.00,0.12,46.6,-74.8,87.7,45.51,2.72,43.221752,-0.051709,12,3,7.92,432.89
1358848,0.10,-0.07,-0.02,0.00,-0.12,0.06,46.6,-74.8,87.7,45.52,2.72,43.221752,-0.051709,12,3,7.92,432.89
1359460,0.10,-0.05,-0.03,-0.12,-0.12,-0.12,46.6,-74.8,87.7,45.53,2.74,43.221752,-0.051710,12,3,7.92,432.89
1360378,0.09,-0.05,-0.11,0.06,0.00,-0.06,46.6,-74.8,87.7,45.55,2.72,43.221752,-0.051710,12,3,7.92,433.00
1360684,0.09,-0.03,-0.07,0.12,0.25,0.00,46.6,-74.8,87.7,45.56,2.73,43.221752,-0.051710,12,3,7.92,433.00
1361296,0.05,-0.05,-0.07,0.00,0.12,-0.18,46.6,-74.8,87.7,45.57,2.74,43.221752,-0.051710,12,3,7.92,433.00
1361602,0.07,-0.07,-0.03,0.00,-0.06,-0.12,46.6,-74.8,87.7,45.57,2.88,43.221752,-0.051710,12,3,7.92,433.00
1362214,0.09,-0.07,-0.07,-0.06,0.06,0.12,46.6,-74.8,87.7,45.58,2.79,43.221752,-0.051710,12,3,7.92,433.00
1362520,0.07,-0.07,-0.07,0.06,0.00,0.18,46.6,-74.8,87.7,45.59,2.74,43.221752,-0.051710,12,3,7.92,433.00
1362826,0.09,-0.05,-0.07,0.00,0.00,0.06,46.6,-74.8,87.7,45.60,2.82,43.221752,-0.051710,12,3,7.92,433.00
1363132,0.07,-0.07,-0.09,0.18,0.18,-0.06,46.6,-74.8,87.7,45.60,2.81,43.221752,-0.051710,12,3,7.92,433.10
1363744,0.09,-0.05,-0.05,-0.18,0.00,0.18,46.6,-74.8,87.7,45.61,2.76,43.221752,-0.051710,12,3,7.92,433.00
1364356,0.10,-0.02,-0.07,0.12,-0.06,-0.75,46.6,-74.8,87.7,45.62,2.67,43.221752,-0.051710,12,3,7.92,433.00
1364662,0.09,-0.07,-0.10,0.06,0.06,-0.18,46.6,-74.8,87.7,45.63,2.65,43.221752,-0.051710,12,3,7.92,433.00
1365274,0.10,-0.05,-0.05,0.00,0.06,-0.18,46.6,-74.8,87.7,45.64,2.74,43.221752,-0.051710,12,3,7.92,433.00
1365580,0.09,-0.05,-0.05,0.06,0.00,0.25,46.6,-74.8,87.7,45.65,2.82,43.221752,-0.051710,12,3,7.92,433.10
1365886,0.07,-0.05,-0.07,-0.12,0.12,-0.12,46.6,-74.8,87.7,45.65,2.85,43.221752,-0.051710,12,3,7.92,433.00
1366498,0.10,-0.07,-0.07,0.00,0.00,0.00,46.6,-74.8,87.7,45.67,2.79,43.221752,-0.051710,12,3,7.91,433.00
1366804,0.07,-0.05,-0.07,0.00,-0.25,0.00,46.6,-74.8,87.7,45.67,2.74,43.221752,-0.051710,12,3,7.91,433.00
1367416,0.10,-0.05,-0.07,0.00,0.18,0.12,46.6,-74.8,87.7,45.68,2.73,43.221752,-0.051710,12,3,7.92,433.00
1367722,0.10,-0.05,-0.05,0.12,0.00,-0.12,46.6,-74.8,87.7,45.69,2.81,43.221752,-0.051710,12,3,7.92,433.00
1368334,0.07,-0.05,-0.07,-0.06,-0.12,0.00,46.6,-74.8,87.7,45.70,2.72,43.221752,-0.051710,12,3,7.92,433.00
1368946,0.07,-0.07,-0.07,-0.06,-0.18,0.12,46.6,-74.8,87.7,45.71,2.77,43.221752,-0.051710,12,3,7.92,433.00
1369252,0.07,-0.02,-0.07,0.00,-0.18,0.25,46.6,-74.8,87.7,45.72,2.80,43.221752,-0.051710,12,3,7.92,433.00
1369558,0.09,-0.05,-0.07,0.00,0.18,-0.06,46.6,-74.8,87.7,45.73,2.79,43.221752,-0.051710,12,3,7.92,433.00
1370170,0.09,-0.07,-0.07,-0.18,0.12,0.06,46.6,-74.8,87.7,45.74,2.76,43.221752,-0.051710,12,3,7.92,433.00
1370476,0.09,-0.05,-0.09,0.00,0.18,-0.25,46.6,-74.8,87.7,45.75,2.82,43.221752,-0.051710,12,3,7.92,432.89
1371088,0.07,-0.07,-0.02,-0.06,0.06,-0.06,46.6,-74.8,87.7,45.75,2.80,43.221752,-0.051710,12,3,7.92,432.89
1371394,0.09,-0.07,-0.07,0.00,0.06,0.06,46.6,-74.8,87.7,45.76,2.75,43.221752,-0.051710,12,3,7.92,432.89
1372006,0.09,-0.05,-0.07,-0.06,-0.06,0.00,46.6,-74.8,87.7,45.77,2.74,43.221752,-0.051710,12,3,7.92,432.89
1372618,0.09,-0.07,-0.05,-0.06,0.00,0.18,46.6,-74.8,87.7,45.79,2.72,43.221752,-0.051709,12,3,7.92,432.79
1372924,0.09,-0.07,-0.09,-0.06,0.06,0.06,46.6,-74.8,87.7,45.79,2.72,43.221752,-0.051709,12,3,7.92,432.79
1373536,0.11,-0.07,-0.05,-0.06,-0.18,0.12,46.6,-74.8,87.7,45.81,2.78,43.221752,-0.051709,12,3,7.91,432.79
1373842,0.10,-0.05,-0.05,0.12,0.00,0.06,46.6,-74.8,87.7,45.81,2.77,43.221752,-0.051709,12,3,7.91,432.79
1374148,0.07,-0.05,-0.07,0.00,0.00,0.00,46.6,-74.8,87.7,45.82,2.75,43.221752,-0.051709,12,3,7.91,432.79
1374760,0.10,-0.07,-0.07,-0.12,-0.06,0.25,46.6,-74.8,87.7,45.83,2.73,43.221752,-0.051709,12,3,7.92,432.79
1375372,0.09,-0.07,-0.07,-0.12,0.00,0.31,46.6,-74.8,87.7,45.84,2.71,43.221752,-0.051709,12,3,7.92,432.70
1376290,0.07,-0.07,-0.05,-0.06,0.06,0.18,46.5,-74.9,87.8,45.86,2.71,43.221752,-0.051709,12,3,7.92,432.70
1376902,0.11,-0.09,-0.07,0.12,0.00,0.18,46.5,-74.9,87.8,45.87,2.84,43.221752,-0.051709,12,3,7.92,432.70
1377514,0.10,-0.09,-0.05,0.00,0.12,-0.37,46.5,-74.9,87.8,45.88,2.77,43.221752,-0.051709,12,3,7.91,432.70
1378126,0.10,-0.07,-0.05,0.06,-0.06,-0.56,46.6,-74.9,87.8,45.89,2.70,43.221752,-0.051709,12,3,7.91,432.70
1378738,0.09,-0.07,-0.09,0.06,-0.12,-0.18,46.6,-74.8,87.7,45.90,2.72,43.221752,-0.051708,12,3,7.91,432.79
1379044,0.10,-0.05,-0.03,0.00,0.00,0.06,46.6,-74.8,87.7,45.91,2.70,43.221752,-0.051708,12,3,7.91,432.79
1379656,0.09,-0.05,-0.07,0.12,-0.06,-0.06,46.6,-74.8,87.7,45.92,2.77,43.221752,-0.051708,12,3,7.92,432.79
1379962,0.07,-0.07,-0.07,0.00,0.31,0.25,46.6,-74.8,87.7,45.92,2.80,43.221752,-0.051708,12,3,7.92,432.79
1380574,0.10,-0.05,-0.09,-0.06,-0.25,0.12,46.6,-74.8,87.7,45.94,2.75,43.221752,-0.051708,12,3,7.91,432.79
1381186,0.09,-0.07,-0.05,-0.12,0.37,-0.12,46.6,-74.8,87.7,45.95,2.74,43.221752,-0.051708,12,3,7.91,432.79
1381492,0.10,-0.07,-0.07,0.12,0.25,-0.06,46.6,-74.8,87.7,45.95,2.75,43.221752,-0.051708,12,3,7.91,432.79
1382104,0.09,-0.05,-0.07,0.06,-0.06,-0.06,46.6,-74.8,87.7,45.97,2.69,43.221752,-0.051708,12,3,7.91,432.79
1382410,0.09,-0.07,-0.07,0.00,0.06,-0.06,46.6,-74.8,87.7,45.97,2.72,43.221752,-0.051708,12,3,7.91,432.79
1382716,0.10,-0.07,-0.05,-0.06,-0.12,-0.06,46.6,-74.8,87.7,45.98,2.75,43.221752,-0.051708,12,3,7.91,432.79
1383328,0.09,-0.05,-0.10,0.00,0.12,0.12,46.6,-74.8,87.7,45.99,2.73,43.221752,-0.051708,12,3,7.91,432.79
1383634,0.07,-0.07,-0.07,0.00,0.12,-0.06,46.6,-74.8,87.7,45.99,2.74,43.221752,-0.051708,12,3,7.92,432.79
1383940,0.09,-0.07,-0.07,-0.06,-0.12,0.00,46.6,-74.8,87.7,46.00,2.82,43.221752,-0.051708,12,3,7.92,432.79
1384858,0.09,-0.07,-0.05,0.12,0.06,0.06,46.6,-74.8,87.7,46.02,2.71,43.221752,-0.051708,12,3,7.92,432.79
1385164,0.07,-0.07,-0.07,-0.12,-0.12,-0.06,46.6,-74.8,87.7,46.02,2.68,43.221752,-0.051708,12,3,7.92,432.70
1385470,0.09,-0.07,-0.07,-0.06,0.00,-0.06,46.6,-74.8,87.7,46.03,2.73,43.221752,-0.051708,12,3,7.92,432.70
1386082,0.11,-0.05,-0.07,-0.06,0.06,0.06,46.6,-74.8,87.7,46.04,2.67,43.221752,-0.051708,12,3,7.91,432.70
1386694,0.07,-0.07,-0.09,-0.06,0.00,-0.12,46.6,-74.8,87.7,46.05,2.85,43.221752,-0.051708,12,3,7.91,432.60
1387000,0.09,-0.07,-0.07,0.00,-0.06,0.06,46.6,-74.8,87.7,46.05,2.74,43.221752,-0.051708,12,3,7.91,432.60
1387612,0.10,-0.05,-0.05,0.00,0.06,0.18,46.6,-74.8,87.7,46.07,2.67,43.221752,-0.051708,12,3,7.91,432.60
1387918,0.09,-0.05,-0.07,0.00,-0.12,0.06,46.6,-74.8,87.7,46.08,2.69,43.221752,-0.051708,12,3,7.91,432.60
1388530,0.07,-0.05,-0.07,-0.06,0.18,-0.18,46.6,-74.8,87.7,46.09,2.66,43.221752,-0.051708,12,3,7.91,432.50
1388836,0.10,-0.05,-0.07,0.06,-0.18,0.06,46.6,-74.8,87.7,46.09,2.65,43.221752,-0.051708,12,3,7.91,432.50
1389448,0.09,-0.05,-0.05,0.00,-0.12,-0.06,46.6,-74.8,87.7,46.10,2.64,43.221752,-0.051708,12,3,7.91,432.50
1390060,0.10,-0.07,-0.05,-0.12,0.06,-0.12,46.6,-74.8,87.7,46.12,2.60,43.221752,-0.051709,12,3,7.92,432.50
1390366,0.10,-0.05,-0.05,0.00,0.00,-0.12,46.6,-74.8,87.7,46.13,2.63,43.221752,-0.051709,12,3,7.92,432.50
1390672,0.07,-0.07,-0.09,-0.06,0.12,-0.06,46.6,-74.8,87.7,46.13,2.63,43.221752,-0.051709,12,3,7.91,432.39
1391284,0.09,-0.05,-0.07,-0.06,0.00,0.06,46.6,-74.8,87.7,46.15,2.65,43.221752,-0.051709,12,3,7.91,432.39
1391896,0.10,-0.05,-0.07,-0.12,0.12,-0.25,46.6,-74.8,87.7,46.16,2.69,43.221752,-0.051709,12,3,7.91,432.39
1392202,0.10,-0.07,-0.07,0.00,-0.06,0.00,46.6,-74.8,87.7,46.16,2.67,43.221752,-0.051709,12,3,7.91,432.50
1392814,0.10,-0.07,-0.07,0.00,-0.18,0.00,46.6,-74.8,87.7,46.18,2.64,43.221752,-0.051709,12,3,7.91,432.50
1393426,0.07,-0.07,-0.05,-0.12,0.06,-0.06,46.6,-74.8,87.7,46.19,2.63,43.221752,-0.051709,12,3,7.91,432.50
1393732,0.07,-0.07,-0.07,0.00,-0.06,0.12,46.6,-74.8,87.7,46.20,2.63,43.221752,-0.051709,12,3,7.90,432.50
1394038,0.09,-0.05,-0.09,-0.06,0.00,0.18,46.6,-74.8,87.7,46.20,2.64,43.221752,-0.051709,12,3,7.90,432.50
1394344,0.10,-0.05,-0.05,0.06,-0.06,0.18,46.6,-74.8,87.7,46.21,2.63,43.221752,-0.051709,12,3,7.90,432.50
1394956,0.07,-0.07,-0.05,0.00,0.06,0.12,46.6,-74.8,87.7,46.22,2.61,43.221752,-0.051709,12,3,7.91,432.50
1395262,0.07,-0.07,-0.11,0.06,0.06,-0.06,46.6,-74.8,87.7,46.23,2.60,43.221752,-0.051709,12,3,7.91,432.50
1395874,0.09,-0.07,-0.05,0.06,0.00,0.25,46.6,-74.8,87.7,46.24,2.62,43.221752,-0.051710,12,3,7.91,432.50
1396180,0.10,-0.07,-0.07,0.00,0.06,0.12,46.6,-74.8,87.7,46.25,2.70,43.221752,-0.051710,12,3,7.91,432.50
1396792,0.11,-0.07,-0.02,-0.12,0.12,0.12,46.6,-74.8,87.7,46.26,2.66,43.221752,-0.051710,12,3,7.92,432.60
1397404,0.09,-0.10,-0.07,0.00,0.25,-0.12,46.6,-74.8,87.7,46.28,2.62,43.221752,-0.051710,12,3,7.92,432.60
1397710,0.09,-0.07,-0.07,0.00,-0.06,-0.12,46.6,-74.8,87.7,46.28,2.62,43.221752,-0.051710,12,3,7.91,432.60
1398322,0.09,-0.07,-0.10,0.06,-0.12,-0.06,46.6,-74.8,87.7,46.29,2.74,43.221752,-0.051710,12,3,7.91,432.70
1398628,0.10,-0.07,-0.07,0.06,0.00,0.00,46.6,-74.8,87.7,46.30,2.76,43.221752,-0.051710,12,3,7.91,432.70
1399240,0.07,-0.07,-0.07,-0.12,0.06,0.00,46.6,-74.8,87.7,46.31,2.73,43.221752,-0.051710,12,3,7.91,432.79
1399546,0.07,-0.07,-0.05,-0.06,0.18,0.00,46.6,-74.8,87.7,46.32,2.68,43.221752,-0.051710,12,3,7.91,432.79
1400158,0.09,-0.07,-0.05,0.12,0.00,0.06,46.6,-74.8,87.7,46.33,2.63,43.221752,-0.051710,12,3,7.91,432.89
1400464,0.09,-0.09,-0.07,-0.06,0.00,-0.18,46.6,-74.8,87.7,46.34,2.62,43.221752,-0.051710,12,3,7.91,432.89
1401076,0.10,-0.05,-0.07,-0.06,0.18,-0.06,46.6,-74.8,87.7,46.35,2.61,43.221752,-0.051710,12,3,7.91,432.89
1401688,0.09,-0.05,-0.07,0.00,-0.12,0.00,46.6,-74.8,87.7,46.36,2.62,43.221752,-0.051710,12,3,7.90,433.00
1401994,0.10,-0.07,-0.05,0.00,0.00,0.37,46.6,-74.8,87.7,46.37,2.61,43.221752,-0.051710,12,3,7.90,433.00
1402300,0.10,-0.05,-0.07,0.06,0.18,-0.06,46.6,-74.8,87.7,46.38,2.59,43.221752,-0.051710,12,3,7.90,433.00
1402606,0.09,-0.05,-0.07,-0.12,0.00,-0.18,46.6,-74.8,87.7,46.39,2.57,43.221752,-0.051710,12,3,7.90,433.10
1403218,0.09,-0.07,-0.10,0.12,-0.12,-0.12,46.6,-74.8,87.7,46.40,2.60,43.221752,-0.051710,12,3,7.91,433.10
1403830,0.11,-0.07,-0.07,0.00,0.12,0.18,46.6,-74.8,87.7,46.41,2.63,43.221752,-0.051710,12,3,7.91,433.20
1404136,0.07,-0.07,-0.07,-0.06,0.18,0.00,46.6,-74.8,87.7,46.42,2.64,43.221752,-0.051710,12,3,7.91,433.20
1404748,0.11,-0.05,-0.09,0.12,0.06,-0.06,46.6,-74.8,87.7,46.44,2.62,43.221752,-0.051710,12,3,7.91,433.20
1405360,0.10,-0.07,-0.07,-0.12,0.00,-0.12,46.6,-74.8,87.7,46.45,2.63,43.221752,-0.051710,12,3,7.91,433.29
1405666,0.11,-0.09,-0.07,0.06,-0.12,0.00,46.6,-74.8,87.7,46.46,2.63,43.221752,-0.051710,12,3,7.91,433.29
1405972,0.07,-0.07,-0.09,-0.06,0.00,0.00,46.6,-74.8,87.7,46.46,2.62,43.221752,-0.051710,12,3,7.90,433.29
1406584,0.09,-0.05,-0.10,-0.12,-0.12,0.25,46.6,-74.8,87.7,46.47,2.64,43.221752,-0.051710,12,3,7.90,433.39
1406890,0.09,-0.09,-0.11,-0.06,-0.06,0.31,46.6,-74.8,87.7,46.48,2.62,43.221752,-0.051710,12,3,7.90,433.39
1407502,0.10,-0.07,-0.07,0.06,0.06,-0.25,46.6,-74.8,87.7,46.50,2.60,43.221752,-0.051710,12,3,7.90,433.39
1407808,0.10,-0.05,-0.07,-0.06,-0.06,-0.18,46.6,-74.8,87.7,46.50,2.60,43.221752,-0.051710,12,3,7.90,433.39
1408420,0.11,-0.07,-0.07,0.00,0.00,-0.12,46.6,-74.8,87.7,46.51,2.63,43.221752,-0.051710,12,3,7.90,433.50
1408726,0.07,-0.10,-0.07,0.12,-0.06,0.12,46.6,-74.8,87.7,46.52,2.61,43.221752,-0.051710,12,3,7.90,433.50
1409338,0.09,-0.07,-0.09,-0.06,-0.06,0.06,46.6,-74.8,87.7,46.54,2.63,43.221752,-0.051710,12,3,7.90,433.50
1409644,0.10,-0.07,-0.05,0.06,0.12,0.25,46.6,-74.8,87.7,46.54,2.63,43.221752,-0.051710,12,3,7.90,433.50
1410256,0.09,-0.07,-0.10,-0.06,-0.06,0.31,46.6,-74.8,87.7,46.55,2.57,43.221752,-0.051710,12,3,7.91,433.50
1410868,0.09,-0.05,-0.07,0.06,0.00,-0.37,46.6,-74.8,87.7,46.57,2.59,43.221752,-0.051710,12,3,7.91,433.60
1411174,0.07,-0.07,-0.07,-0.06,0.06,0.06,46.6,-74.8,87.7,46.57,2.63,43.221752,-0.051710,12,3,7.91,433.50
1411480,0.10,-0.07,-0.05,-0.12,0.06,-0.06,46.6,-74.8,87.7,46.58,2.61,43.221752,-0.051710,12,3,7.91,433.60
1412092,0.07,-0.07,-0.09,0.06,0.06,0.06,46.6,-74.8,87.7,46.60,2.59,43.221752,-0.051710,12,3,7.91,433.60
1412398,0.07,-0.07,-0.05,-0.06,-0.06,-0.06,46.6,-74.8,87.7,46.60,2.60,43.221752,-0.051710,12,3,7.91,433.60
1413010,0.07,-0.09,-0.05,0.00,0.06,-0.06,46.6,-74.8,87.7,46.61,2.61,43.221752,-0.051710,12,3,7.91,433.60
1413622,0.07,-0.07,-0.05,0.06,0.00,0.18,46.6,-74.8,87.7,46.63,2.59,43.221752,-0.051710,12,3,7.91,433.60
1413928,0.09,-0.09,-0.05,0.06,0.06,-0.18,46.6,-74.8,87.7,46.64,2.62,43.221752,-0.051710,12,3,7.91,433.60
1414540,0.07,-0.07,-0.07,0.00,0.00,0.00,46.6,-74.8,87.7,46.65,2.56,43.221752,-0.051710,12,3,7.91,433.70
1414846,0.10,-0.07,-0.07,0.06,-0.06,-0.06,46.6,-74.8,87.7,46.65,2.59,43.221752,-0.051710,12,3,7.91,433.70
1415458,0.09,-0.05,-0.07,0.00,0.25,-0.12,46.6,-74.8,87.7,46.67,2.63,43.221752,-0.051710,12,3,7.91,433.70
1415764,0.09,-0.05,-0.05,0.06,0.00,0.18,46.6,-74.8,87.7,46.67,2.63,43.221752,-0.051710,12,3,7.91,433.70
1416070,0.07,-0.09,-0.05,0.06,0.25,-0.31,46.6,-74.8,87.7,46.68,2.63,43.221752,-0.051710,12,3,7.91,433.70
1416988,0.07,-0.07,-0.07,0.00,0.12,-0.12,46.6,-74.8,87.7,46.70,2.59,43.221752,-0.051710,12,3,7.90,433.70
1417600,0.09,-0.10,-0.10,0.06,0.00,-0.06,46.6,-74.8,87.7,46.71,2.61,43.221752,-0.051710,12,3,7.90,433.70
1417906,0.10,-0.07,-0.07,0.00,0.06,0.18,46.6,-74.8,87.7,46.72,2.59,43.221752,-0.051711,12,3,7.91,433.70
1418212,0.07,-0.07,-0.07,-0.06,0.00,0.06,46.6,-74.8,87.7,46.72,2.62,43.221752,-0.051711,12,3,7.91,433.79
1418824,0.11,-0.09,-0.07,0.00,0.00,0.31,46.6,-74.8,87.7,46.74,2.61,43.221759,-0.051711,12,3,7.90,433.79
1419130,0.07,-0.07,-0.05,0.12,-0.12,0.06,46.6,-74.8,87.7,46.74,2.52,43.221759,-0.051711,12,3,7.90,433.79
1419742,0.07,-0.09,-0.05,-0.12,0.06,0.25,46.6,-74.8,87.7,46.76,2.58,43.221759,-0.051711,12,3,7.90,433.79
1420048,0.07,-0.07,-0.07,0.00,-0.25,0.18,46.6,-74.8,87.7,46.76,2.65,43.221759,-0.051711,12,3,7.91,433.79
1420660,0.09,-0.07,-0.05,0.00,0.37,-0.06,46.6,-74.8,87.7,46.77,2.67,43.221759,-0.051711,12,3,7.91,433.70
1421272,0.07,-0.05,-0.05,0.00,0.00,0.00,46.6,-74.8,87.7,46.78,2.64,43.221759,-0.051711,12,3,7.91,433.70
1421578,0.07,-0.05,-0.03,0.06,0.12,0.12,46.6,-74.8,87.7,46.79,2.65,43.221759,-0.051711,12,3,7.91,433.70
1422190,0.09,-0.07,-0.03,0.00,0.06,0.00,46.6,-74.8,87.7,46.80,2.66,43.221759,-0.051711,12,3,7.90,433.70
1422496,0.10,-0.05,-0.07,0.00,0.12,-0.06,46.6,-74.8,87.7,46.81,2.65,43.221759,-0.051711,12,3,7.90,433.70
1422802,0.09,-0.07,-0.07,0.00,0.06,0.12,46.6,-74.8,87.7,46.81,2.66,43.221759,-0.051711,12,3,7.90,433.70
1423414,0.11,-0.07,-0.07,-0.06,0.06,-0.06,46.6,-74.8,87.7,46.83,2.62,43.221759,-0.051711,12,3,7.90,433.70
1424026,0.10,-0.09,-0.07,0.06,-0.18,0.06,46.6,-74.8,87.7,46.84,2.61,43.221752,-0.051711,12,3,7.90,433.60
1424332,0.10,-0.07,-0.09,0.06,0.06,0.00,46.6,-74.8,87.7,46.85,2.63,43.221752,-0.051711,12,3,7.90,433.60
1425250,0.09,-0.05,-0.05,-0.06,0.06,0.00,46.6,-74.8,87.7,46.86,2.61,43.221752,-0.051711,12,3,7.91,433.60
1425556,0.09,-0.05,-0.05,-0.12,0.00,-0.06,46.6,-74.8,87.7,46.87,2.59,43.221752,-0.051711,12,3,7.91,433.60
1426168,0.10,-0.10,-0.07,0.00,-0.12,0.31,46.6,-74.8,87.7,46.88,2.61,43.221752,-0.051711,12,3,7.91,433.60
1426474,0.09,-0.07,-0.05,0.12,-0.12,0.00,46.6,-74.8,87.7,46.89,2.63,43.221752,-0.051711,12,3,7.91,433.60
1427086,0.09,-0.07,-0.10,-0.06,-0.06,0.00,46.6,-74.8,87.7,46.90,2.62,43.221752,-0.051711,12,3,7.90,433.60
1427392,0.07,-0.07,-0.07,0.12,-0.12,0.12,46.6,-74.8,87.7,46.90,2.63,43.221752,-0.051711,12,3,7.90,433.60
1428004,0.07,-0.07,-0.05,0.06,0.18,0.06,46.6,-74.8,87.7,46.92,2.63,43.221752,-0.051711,12,3,7.90,433.60
1428616,0.11,-0.07,-0.05,0.12,0.00,-0.12,46.6,-74.8,87.7,46.93,2.59,43.221752,-0.051711,12,3,7.90,433.60
1429228,0.10,-0.09,-0.07,-0.06,0.25,-0.12,46.6,-74.8,87.7,46.94,2.59,43.221752,-0.051711,12,3,7.90,433.60
1429840,0.09,-0.07,-0.05,-0.12,0.06,0.00,46.6,-74.8,87.7,46.95,2.62,43.221752,-0.051711,12,3,7.90,433.60
1430146,0.09,-0.07,-0.07,0.00,-0.12,-0.25,46.6,-74.8,87.7,46.96,2.60,43.221752,-0.051711,12,3,7.90,433.60
1430452,0.09,-0.03,-0.07,0.06,0.18,-0.12,46.6,-74.8,87.7,46.97,2.63,43.221752,-0.051711,12,3,7.90,433.60
1431064,0.09,-0.07,-0.05,-0.06,0.06,0.00,46.6,-74.8,87.7,46.98,2.65,43.221752,-0.051711,12,3,7.90,433.50
1431370,0.10,-0.07,-0.05,0.12,0.06,0.06,46.6,-74.8,87.7,46.98,2.65,43.221752,-0.051711,12,3,7.90,433.50
1431676,0.11,-0.07,-0.07,-0.12,0.06,-0.12,46.6,-74.8,87.7,46.99,2.66,43.221752,-0.051711,12,3,7.90,433.50
1432288,0.07,-0.07,-0.10,-0.12,0.06,-0.06,46.6,-74.8,87.7,47.00,2.64,43.221752,-0.051711,12,3,7.90,433.50
1432900,0.07,-0.07,-0.09,0.00,0.12,-0.12,46.6,-74.8,87.7,47.01,2.60,43.221752,-0.051711,12,3,7.90,433.50
1433206,0.09,-0.05,-0.05,0.06,-0.06,0.06,46.6,-74.8,87.7,47.02,2.62,43.221752,-0.051711,12,3,7.90,433.50
1433818,0.09,-0.09,-0.07,0.12,0.06,-0.06,46.6,-74.8,87.7,47.03,2.63,43.221752,-0.051711,12,3,7.90,433.50
1434430,0.10,-0.07,-0.05,-0.06,-0.12,-0.18,46.6,-74.8,87.7,47.04,2.61,43.221752,-0.051711,12,3,7.89,433.50
1434736,0.07,-0.07,-0.11,-0.12,0.18,-0.12,46.6,-74.8,87.7,47.05,2.61,43.221752,-0.051711,12,3,7.89,433.50
1435042,0.10,-0.07,-0.07,0.06,0.00,0.25,46.6,-74.8,87.7,47.05,2.63,43.221752,-0.051711,12,3,7.89,433.50
1435654,0.09,-0.07,-0.05,0.00,0.00,-0.12,46.6,-74.8,87.7,47.07,2.62,43.221752,-0.051711,12,3,7.89,433.39
1435960,0.07,-0.07,-0.05,0.06,0.18,0.00,46.6,-74.8,87.7,47.07,2.65,43.221752,-0.051711,12,3,7.89,433.39
1436572,0.10,-0.07,-0.05,-0.06,0.12,0.00,46.6,-74.8,87.7,47.08,2.64,43.221752,-0.051711,12,3,7.90,433.39
1436878,0.10,-0.05,-0.09,0.00,-0.12,0.12,46.6,-74.8,87.7,47.09,2.60,43.221752,-0.051711,12,3,7.90,433.39
1437490,0.09,-0.09,-0.07,0.00,0.06,-0.06,46.6,-74.8,87.7,47.10,2.61,43.221752,-0.051711,12,3,7.89,433.39
1437796,0.11,-0.07,-0.05,0.06,0.00,0.00,46.6,-74.8,87.7,47.11,2.59,43.221752,-0.051711,12,3,7.89,433.29
1438408,0.09,-0.09,-0.07,0.00,-0.18,-0.12,46.6,-74.8,87.7,47.12,2.61,43.221752,-0.051712,12,3,7.89,433.29
1438714,0.09,-0.05,-0.05,0.00,0.00,-0.12,46.6,-74.8,87.7,47.12,2.62,43.221752,-0.051712,12,3,7.89,433.29
1439020,0.09,-0.09,-0.05,-0.06,0.12,-0.06,46.6,-74.8,87.7,47.13,2.61,43.221752,-0.051712,12,3,7.90,433.29
1439632,0.09,-0.07,-0.07,0.06,-0.06,-0.18,46.6,-74.8,87.7,47.14,2.61,43.221752,-0.051712,12,3,7.90,433.29
1439938,0.09,-0.07,-0.09,0.18,0.00,0.06,46.6,-74.8,87.7,47.15,2.61,43.221752,-0.051712,12,3,7.90,433.29
1440550,0.10,-0.07,-0.09,0.00,0.06,0.00,46.6,-74.8,87.7,47.16,2.60,43.221752,-0.051712,12,3,7.89,433.29
1441162,0.09,-0.07,-0.05,-0.06,0.12,0.00,46.6,-74.8,87.7,47.17,2.63,43.221752,-0.051712,12,3,7.89,433.29
1441468,0.11,-0.05,-0.07,0.00,-0.06,0.12,46.6,-74.8,87.7,47.18,2.61,43.221752,-0.051712,12,3,7.89,433.29
1442080,0.09,-0.09,-0.07,0.00,0.18,-0.31,46.6,-74.8,87.7,47.19,2.59,43.221752,-0.051712,12,3,7.89,433.29
1442386,0.09,-0.07,-0.03,-0.06,0.18,-0.31,46.6,-74.8,87.7,47.20,2.57,43.221752,-0.051712,12,3,7.89,433.20
1442998,0.10,-0.07,-0.05,0.00,-0.12,0.06,46.6,-74.8,87.7,47.21,2.58,43.221752,-0.051712,12,3,7.89,433.29
1443304,0.07,-0.09,-0.05,0.00,-0.18,0.18,46.6,-74.8,87.7,47.22,2.59,43.221752,-0.051712,12,3,7.88,433.20
1443610,0.09,-0.09,-0.07,-0.06,0.12,0.00,46.6,-74.8,87.7,47.22,2.59,43.221752,-0.051712,12,3,7.88,433.29
1444222,0.07,-0.05,-0.07,0.12,0.18,0.00,46.6,-74.8,87.7,47.24,2.58,43.221752,-0.051712,12,3,7.89,433.29
1444528,0.09,-0.07,-0.05,0.00,0.00,0.06,46.6,-74.8,87.7,47.24,2.59,43.221752,-0.051712,12,3,7.89,433.29
1445140,0.10,-0.09,-0.05,0.06,-0.06,0.18,46.6,-74.8,87.7,47.26,2.56,43.221752,-0.051712,12,3,7.89,433.29
1445752,0.09,-0.07,-0.05,0.00,0.00,-0.12,46.6,-74.8,87.7,47.27,2.58,43.221752,-0.051712,12,3,7.89,433.29
1446058,0.11,-0.09,-0.05,0.12,0.00,0.06,46.6,-74.8,87.7,47.28,2.60,43.221752,-0.051712,12,3,7.89,433.29
1446670,0.11,-0.09,-0.05,0.00,0.00,0.00,46.6,-74.8,87.7,47.29,2.61,43.221752,-0.051712,12,3,7.89,433.29
1446976,0.10,-0.07,-0.03,0.06,0.06,-0.18,46.6,-74.8,87.7,47.29,2.60,43.221752,-0.051712,12,3,7.89,433.29
1447282,0.07,-0.05,-0.02,0.00,-0.06,0.18,46.6,-74.8,87.7,47.30,2.59,43.221752,-0.051712,12,3,7.89,433.29
1447894,0.11,-0.09,-0.07,0.00,0.00,0.00,46.6,-74.8,87.7,47.31,2.59,43.221752,-0.051712,12,3,7.89,433.29
1448200,0.09,-0.07,-0.05,0.12,0.12,0.00,46.6,-74.8,87.7,47.32,2.60,43.221752,-0.051711,12,3,7.89,433.29
1448812,0.10,-0.07,-0.03,0.00,-0.06,0.25,46.6,-74.8,87.7,47.33,2.60,43.221752,-0.051711,12,3,7.89,433.29
1449424,0.07,-0.07,-0.05,-0.06,0.00,0.00,46.6,-74.8,87.7,47.34,2.63,43.221752,-0.051711,12,3,7.89,433.29
1449730,0.07,-0.07,-0.09,0.12,0.18,0.12,46.6,-74.8,87.7,47.35,2.64,43.221752,-0.051711,12,3,7.89,433.29
1450342,0.09,-0.07,-0.09,-0.06,0.06,0.12,46.6,-74.8,87.7,47.36,2.61,43.221752,-0.051711,12,3,7.89,433.29
1450648,0.09,-0.05,-0.03,-0.06,0.06,-0.06,46.6,-74.8,87.7,47.37,2.61,43.221752,-0.051711,12,3,7.89,433.29
1451260,0.09,-0.07,-0.05,0.00,0.06,0.18,46.6,-74.8,87.7,47.38,2.60,43.221752,-0.051711,12,3,7.89,433.29
1451566,0.11,-0.07,-0.07,0.00,0.06,-0.25,46.6,-74.8,87.7,47.39,2.59,43.221752,-0.051711,12,3,7.89,433.29
1451872,0.10,-0.09,-0.07,0.00,0.12,-0.06,46.6,-74.8,87.7,47.40,2.60,43.221752,-0.051711,12,3,7.89,433.29
1452484,0.09,-0.10,-0.07,-0.06,0.06,0.06,46.6,-74.8,87.7,47.41,2.61,43.221752,-0.051711,12,3,7.87,433.20
1453096,0.09,-0.07,-0.07,0.12,0.00,0.06,46.6,-74.8,87.7,47.42,2.59,43.221752,-0.051711,12,3,7.87,433.20
1453402,0.09,-0.09,-0.07,0.00,-0.06,0.06,46.6,-74.8,87.7,47.43,2.61,43.221752,-0.051710,12,3,7.89,433.20
1454014,0.07,-0.05,-0.05,0.00,-0.25,0.12,46.6,-74.8,87.7,47.44,2.62,43.221752,-0.051710,12,3,7.89,433.29
1454626,0.10,-0.05,-0.07,-0.06,0.00,0.06,46.6,-74.8,87.7,47.45,2.60,43.221752,-0.051710,12,3,7.88,433.20
1454932,0.09,-0.09,-0.02,0.06,-0.06,-0.18,46.6,-74.8,87.7,47.46,2.61,43.221752,-0.051710,12,3,7.88,433.20
1455238,0.10,-0.07,-0.07,-0.06,0.00,-0.18,46.6,-74.8,87.7,47.46,2.60,43.221752,-0.051710,12,3,7.89,433.20
1455850,0.09,-0.07,-0.05,0.12,0.18,0.06,46.6,-74.8,87.7,47.48,2.63,43.221752,-0.051710,12,3,7.89,433.10
1456156,0.09,-0.07,-0.07,0.06,0.12,0.18,46.6,-74.8,87.7,47.48,2.62,43.221752,-0.051710,12,3,7.89,433.10
1456462,0.09,-0.05,-0.05,0.00,-0.06,-0.18,46.6,-74.8,87.7,47.49,2.59,43.221752,-0.051711,12,3,7.89,433.10
1457074,0.10,-0.07,-0.05,0.06,-0.06,-0.06,46.6,-74.8,87.7,47.50,2.59,43.221752,-0.051711,12,3,7.89,433.10
1457686,0.11,-0.07,-0.05,-0.06,0.00,-0.12,46.6,-74.8,87.7,47.51,2.59,43.221752,-0.051710,12,3,7.89,433.10
1458298,0.11,-0.07,-0.07,-0.06,-0.06,0.18,46.6,-74.8,87.7,47.53,2.52,43.221752,-0.051710,12,3,7.89,433.00
1458604,0.09,-0.07,-0.07,0.00,0.12,-0.25,46.6,-74.8,87.7,47.53,2.55,43.221752,-0.051710,12,3,7.89,433.00
1458910,0.07,-0.09,-0.05,0.00,-0.06,-0.12,46.6,-74.8,87.7,47.54,2.60,43.221752,-0.051710,12,3,7.89,433.00
1459522,0.10,-0.07,-0.03,0.00,-0.18,-0.06,46.6,-74.8,87.7,47.55,2.66,43.221752,-0.051710,12,3,7.89,433.00
1459828,0.09,-0.07,-0.05,0.00,-0.12,0.00,46.6,-74.8,87.7,47.55,2.70,43.221752,-0.051710,12,3,7.89,433.00
1460440,0.07,-0.07,-0.09,-0.18,0.12,-0.06,46.6,-74.8,87.7,47.56,2.69,43.221752,-0.051710,12,3,7.88,433.00
1460746,0.09,-0.10,-0.05,0.00,-0.25,-0.18,46.6,-74.8,87.7,47.57,2.66,43.221752,-0.051710,12,3,7.88,433.00
1461358,0.11,-0.07,-0.07,-0.06,0.18,-0.06,46.6,-74.8,87.7,47.58,2.65,43.221752,-0.051710,12,3,7.88,433.00
1461664,0.10,-0.07,-0.07,0.06,0.12,0.06,46.6,-74.8,87.7,47.58,2.65,43.221752,-0.051710,12,3,7.88,433.00
1462276,0.07,-0.03,-0.05,-0.18,-0.06,0.25,46.6,-74.8,87.7,47.60,2.65,43.221752,-0.051711,12,3,7.88,433.00
1462888,0.09,-0.10,-0.09,0.06,0.06,0.12,46.6,-74.8,87.7,47.61,2.65,43.221752,-0.051711,12,3,7.88,433.00
1463194,0.07,-0.09,-0.05,-0.06,-0.06,0.00,46.6,-74.8,87.7,47.61,2.65,43.221752,-0.051711,12,3,7.88,433.00
1463500,0.09,-0.05,-0.07,0.06,-0.12,0.37,46.6,-74.8,87.7,47.62,2.65,43.221752,-0.051711,12,3,7.89,433.00
1463806,0.11,-0.09,-0.09,0.00,-0.12,0.18,46.6,-74.8,87.7,47.62,2.62,43.221752,-0.051711,12,3,7.89,433.00
1464418,0.10,-0.07,-0.07,0.00,0.12,0.18,46.6,-74.8,87.7,47.64,2.62,43.221752,-0.051711,12,3,7.89,433.00
1465030,0.07,-0.05,-0.07,0.00,0.00,0.00,46.6,-74.8,87.7,47.65,2.63,43.221752,-0.051711,12,3,7.89,433.10
1465336,0.07,-0.07,-0.05,-0.06,0.00,0.00,46.6,-74.8,87.7,47.66,2.62,43.221752,-0.051711,12,3,7.89,433.00
1465948,0.09,-0.09,-0.07,0.06,-0.12,0.18,46.6,-74.8,87.7,47.67,2.63,43.221752,-0.051711,12,3,7.89,433.00
1466560,0.09,-0.07,-0.03,0.06,-0.06,-0.06,46.6,-74.8,87.7,47.68,2.64,43.221752,-0.051711,12,3,7.89,433.00
1466866,0.07,-0.07,-0.05,0.00,-0.06,-0.06,46.6,-74.8,87.7,47.69,2.61,43.221752,-0.051711,12,3,7.89,433.00
1467172,0.09,-0.07,-0.07,0.12,-0.12,0.25,46.6,-74.8,87.7,47.69,2.64,43.221752,-0.051711,12,3,7.89,433.00
1467478,0.10,-0.07,-0.07,0.00,0.25,0.00,46.6,-74.8,87.7,47.70,2.65,43.221752,-0.051711,12,3,7.87,433.00
1468090,0.07,-0.07,-0.07,-0.06,0.06,0.00,46.6,-74.8,87.7,47.71,2.64,43.221752,-0.051711,12,3,7.87,433.00
1468702,0.09,-0.05,-0.05,-0.06,-0.25,0.06,46.6,-74.8,87.7,47.72,2.64,43.221752,-0.051712,12,3,7.89,433.00
1469008,0.07,-0.07,-0.07,0.12,-0.12,0.06,46.6,-74.8,87.7,47.73,2.65,43.221752,-0.051712,12,3,7.89,433.00
1469620,0.10,-0.07,-0.07,0.06,0.12,-0.06,46.6,-74.8,87.7,47.74,2.66,43.221752,-0.051712,12,3,7.87,433.00
1470232,0.10,-0.07,-0.07,0.00,-0.06,0.12,46.6,-74.8,87.7,47.75,2.66,43.221752,-0.051712,12,3,7.87,433.00
1470538,0.09,-0.05,-0.05,0.00,0.12,0.37,46.6,-74.8,87.7,47.76,2.66,43.221752,-0.051712,12,3,7.89,433.00
1470844,0.09,-0.07,-0.07,0.00,0.18,-0.06,46.6,-74.8,87.7,47.76,2.69,43.221752,-0.051712,12,3,7.89,433.10
1471456,0.09,-0.07,-0.05,-0.06,-0.12,-0.12,46.6,-74.8,87.7,47.77,2.65,43.221752,-0.051712,12,3,7.88,433.10
1472068,0.10,-0.10,-0.05,0.00,0.00,-0.12,46.6,-74.8,87.7,47.79,2.62,43.221752,-0.051712,12,3,7.88,433.10
1472374,0.10,-0.09,-0.05,0.00,0.12,0.12,46.6,-74.8,87.7,47.79,2.61,43.221752,-0.051712,12,3,7.89,433.10
1472986,0.11,-0.07,-0.07,0.00,0.00,0.00,46.6,-74.8,87.7,47.81,2.60,43.221752,-0.051712,12,3,7.89,433.10
1473598,0.10,-0.07,-0.07,0.00,-0.12,0.18,46.6,-74.8,87.7,47.81,2.61,43.221752,-0.051711,12,3,7.89,433.20
1473904,0.09,-0.09,-0.07,0.00,0.00,-0.12,46.6,-74.8,87.7,47.82,2.63,43.221752,-0.051711,12,3,7.89,433.20
1474516,0.07,-0.07,-0.07,0.06,0.06,0.25,46.6,-74.8,87.7,47.83,2.62,43.221752,-0.051711,12,3,7.88,433.20
1474822,0.09,-0.09,-0.05,-0.06,0.18,0.12,46.6,-74.8,87.7,47.84,2.64,43.221752,-0.051711,12,3,7.88,433.20
1475434,0.09,-0.07,-0.09,0.00,0.00,-0.12,46.6,-74.8,87.7,47.85,2.60,43.221752,-0.051711,12,3,7.88,433.20
1475740,0.09,-0.07,-0.10,0.00,0.00,-0.18,46.6,-74.8,87.7,47.86,2.61,43.221752,-0.051711,12,3,7.88,433.29
1476352,0.09,-0.09,-0.05,-0.12,-0.06,-0.18,46.6,-74.8,87.7,47.87,2.63,43.221752,-0.051711,12,3,7.88,433.29
1476658,0.07,-0.07,-0.07,0.00,0.25,0.06,46.6,-74.8,87.7,47.87,2.61,43.221752,-0.051711,12,3,7.89,433.29
1477270,0.11,-0.10,-0.07,0.06,-0.06,0.06,46.6,-74.8,87.7,47.89,2.58,43.221752,-0.051711,12,3,7.89,433.29
1477882,0.09,-0.07,-0.09,0.00,0.06,-0.12,46.6,-74.8,87.7,47.90,2.58,43.221752,-0.051711,12,3,7.89,433.29
1478494,0.10,-0.07,-0.02,-0.12,-0.37,0.18,46.6,-74.8,87.7,47.91,2.52,43.221752,-0.051711,12,3,7.88,433.39
1478800,0.09,-0.05,-0.07,0.06,0.12,-0.12,46.6,-74.8,87.7,47.92,2.55,43.221752,-0.051711,12,3,7.88,433.39
1479412,0.09,-0.07,-0.07,-0.12,0.12,-0.06,46.6,-74.8,87.7,47.93,2.58,43.221752,-0.051711,12,3,7.89,433.39
1480024,0.07,-0.05,-0.02,-0.06,0.06,0.25,46.6,-74.8,87.7,47.94,2.59,43.221752,-0.051711,12,3,7.89,433.39
1480330,0.07,-0.07,-0.05,-0.06,0.00,0.00,46.6,-74.8,87.7,47.95,2.60,43.221752,-0.051711,12,3,7.89,433.39
1480942,0.10,-0.07,-0.07,0.00,0.00,-0.06,46.6,-74.8,87.7,47.96,2.61,43.221752,-0.051710,12,3,7.88,433.39
1481554,0.09,-0.07,-0.07,0.06,0.12,-0.06,46.6,-74.8,87.7,47.98,2.62,43.221752,-0.051710,12,3,7.88,433.39
1481860,0.07,-0.07,-0.07,0.00,-0.18,0.00,46.6,-74.8,87.7,47.98,2.62,43.221752,-0.051710,12,3,7.88,433.50
1482472,0.10,-0.07,-0.07,-0.12,0.00,0.12,46.6,-74.8,87.7,47.99,2.62,43.221752,-0.051710,12,3,7.87,433.50
1482778,0.10,-0.07,-0.05,0.00,-0.06,-0.12,46.6,-74.8,87.7,48.00,2.62,43.221752,-0.051710,12,3,7.87,433.50
1483084,0.07,-0.07,-0.07,0.25,0.00,0.00,46.6,-74.8,87.7,48.01,2.62,43.221752,-0.051710,12,3,7.87,433.50
1483696,0.09,-0.09,-0.07,-0.06,-0.06,0.12,46.6,-74.8,87.7,48.02,2.61,43.221752,-0.051710,12,3,7.89,433.50
1484002,0.11,-0.07,-0.05,-0.06,-0.06,-0.37,46.6,-74.8,87.7,48.02,2.62,43.221752,-0.051710,12,3,7.89,433.50
1484614,0.10,-0.05,-0.10,0.06,-0.06,-0.18,46.6,-74.8,87.7,48.04,2.62,43.221752,-0.051710,12,3,7.89,433.50
1485226,0.09,-0.05,-0.07,-0.06,0.06,0.12,46.6,-74.8,87.7,48.05,2.58,43.221752,-0.051710,12,3,7.89,433.50
1485532,0.09,-0.07,-0.03,0.00,-0.12,-0.06,46.6,-74.8,87.7,48.06,2.61,43.221752,-0.051709,12,3,7.89,433.50
1485838,0.07,-0.09,-0.07,0.06,-0.06,0.06,46.6,-74.8,87.7,48.06,2.63,43.221752,-0.051709,12,3,7.89,433.50
1486450,0.10,-0.09,-0.07,0.00,0.12,0.12,46.6,-74.8,87.7,48.08,2.63,43.221752,-0.051709,12,3,7.89,433.50
1486756,0.10,-0.07,-0.05,0.00,0.12,0.00,46.6,-74.8,87.7,48.08,2.63,43.221752,-0.051709,12,3,7.89,433.50
1487368,0.11,-0.10,-0.10,-0.06,-0.12,0.18,46.6,-74.8,87.7,48.09,2.64,43.221752,-0.051709,12,3,7.89,433.50
1487674,0.11,-0.09,-0.05,0.06,-0.12,0.12,46.6,-74.8,87.7,48.10,2.66,43.221752,-0.051709,12,3,7.89,433.50
1487980,0.10,-0.07,-0.05,-0.12,-0.12,-0.25,46.6,-74.8,87.7,48.10,2.65,43.221752,-0.051709,12,3,7.89,433.60
1488592,0.09,-0.07,-0.05,0.00,0.18,-0.18,46.6,-74.8,87.7,48.12,2.65,43.221752,-0.051709,12,3,7.89,433.60
1489204,0.09,-0.07,-0.05,-0.06,0.06,0.12,46.6,-74.8,87.7,48.13,2.64,43.221752,-0.051709,12,3,7.89,433.60
1489816,0.10,-0.05,-0.07,0.00,-0.31,-0.12,46.6,-74.8,87.7,48.14,2.66,43.221752,-0.051709,12,3,7.88,433.60
1490122,0.10,-0.07,-0.05,0.00,-0.18,0.00,46.6,-74.8,87.7,48.14,2.67,43.221752,-0.051709,12,3,7.88,433.60
1490428,0.11,-0.07,-0.07,-0.12,-0.12,-0.12,46.6,-74.8,87.7,48.15,2.66,43.221752,-0.051709,12,3,7.88,433.60
1490734,0.10,-0.07,-0.09,-0.06,-0.12,0.00,46.6,-74.8,87.7,48.16,2.66,43.221752,-0.051709,12,3,7.89,433.60
1491346,0.10,-0.09,-0.05,-0.06,0.06,0.06,46.6,-74.8,87.7,48.17,2.68,43.221752,-0.051709,12,3,7.89,433.60
1491958,0.09,-0.07,-0.05,0.12,0.00,0.06,46.6,-74.8,87.7,48.18,2.66,43.221752,-0.051709,12,3,7.88,433.60
1492264,0.09,-0.05,-0.05,0.06,0.00,-0.06,46.6,-74.8,87.7,48.19,2.65,43.221752,-0.051709,12,3,7.88,433.60
1492570,0.07,-0.05,-0.05,-0.06,-0.06,0.06,46.6,-74.8,87.7,48.19,2.66,43.221752,-0.051709,12,3,7.89,433.60
1493182,0.11,-0.09,-0.10,-0.06,0.00,0.00,46.6,-74.8,87.7,48.21,2.65,43.221752,-0.051709,12,3,7.89,433.60
1493794,0.07,-0.07,-0.05,-0.06,0.00,-0.06,46.6,-74.8,87.7,48.22,2.65,43.221752,-0.051709,12,3,7.88,433.70
1494100,0.10,-0.09,-0.07,0.00,0.18,0.00,46.6,-74.8,87.7,48.23,2.66,43.221752,-0.051709,12,3,7.88,433.60
1494406,0.09,-0.09,-0.09,0.06,-0.06,0.00,46.6,-74.8,87.7,48.23,2.65,43.221752,-0.051709,12,3,7.88,433.60
1495018,0.09,-0.07,-0.05,-0.18,-0.18,-0.06,46.6,-74.8,87.7,48.24,2.65,43.221752,-0.051709,12,3,7.88,433.70
1495324,0.10,-0.07,-0.07,0.00,0.18,-0.18,46.6,-74.8,87.7,48.25,2.65,43.221752,-0.051709,12,3,7.88,433.60
1495936,0.10,-0.07,-0.03,0.06,0.12,-0.37,46.6,-74.8,87.7,48.26,2.66,43.221759,-0.051708,12,3,7.89,433.60
1496242,0.10,-0.07,-0.07,0.18,-0.06,-0.06,46.6,-74.8,87.7,48.27,2.66,43.221759,-0.051708,12,3,7.89,433.60
1496548,0.11,-0.07,-0.07,0.06,0.00,0.06,46.6,-74.8,87.7,48.27,2.66,43.221759,-0.051708,12,3,7.89,433.60
1497466,0.09,-0.05,-0.03,-0.06,-0.12,0.06,46.6,-74.8,87.7,48.29,2.68,43.221759,-0.051708,12,3,7.89,433.60
1497772,0.10,-0.10,-0.05,-0.12,-0.18,-0.12,46.6,-74.8,87.7,48.30,2.67,43.221759,-0.051708,12,3,7.89,433.60
1498078,0.09,-0.07,-0.07,-0.06,-0.06,-0.25,46.6,-74.8,87.7,48.30,2.64,43.221759,-0.051708,12,3,7.89,433.60
1498690,0.11,-0.07,-0.05,0.12,0.06,0.18,46.6,-74.8,87.7,48.31,2.66,43.221759,-0.051708,12,3,7.89,433.50
1498996,0.11,-0.07,-0.05,0.06,0.12,-0.12,46.6,-74.8,87.7,48.32,2.67,43.221759,-0.051708,12,3,7.89,433.50
1499302,0.09,-0.10,-0.05,0.12,0.12,0.06,46.6,-74.8,87.7,48.32,2.68,43.221759,-0.051708,12,3,7.89,433.50
1499608,0.11,-0.10,-0.05,0.06,-0.06,-0.06,46.6,-74.8,87.7,48.33,2.67,43.221759,-0.051708,12,3,7.89,433.50
1500220,0.09,-0.05,-0.07,-0.06,0.18,0.12,46.6,-74.8,87.7,48.34,2.66,43.221759,-0.051708,12,3,7.89,433.50
1500832,0.09,-0.09,-0.03,-0.12,0.00,0.06,46.6,-74.8,87.7,48.35,2.68,43.221759,-0.051708,12,3,7.88,433.50
1501138,0.09,-0.07,-0.05,0.12,-0.18,0.25,46.6,-74.8,87.7,48.36,2.69,43.221759,-0.051708,12,3,7.88,433.50
1501750,0.09,-0.10,-0.07,-0.12,0.00,-0.06,46.6,-74.8,87.7,48.37,2.65,43.221759,-0.051707,12,3,7.88,433.50
1502362,0.11,-0.10,-0.09,0.00,-0.12,-0.25,46.6,-74.8,87.7,48.38,2.67,43.221759,-0.051707,12,3,7.88,433.50
1502668,0.09,-0.07,-0.07,-0.12,-0.06,0.18,46.6,-74.8,87.7,48.38,2.66,43.221759,-0.051707,12,3,7.89,433.50
1503280,0.09,-0.07,-0.07,0.06,0.12,0.12,46.6,-74.8,87.7,48.40,2.63,43.221759,-0.051707,12,3,7.89,433.50
1503586,0.09,-0.07,-0.05,-0.06,0.06,0.37,46.6,-74.8,87.7,48.40,2.65,43.221759,-0.051707,12,3,7.89,433.50
1503892,0.09,-0.07,-0.05,-0.06,0.06,0.18,46.6,-74.8,87.7,48.41,2.66,43.221759,-0.051707,12,3,7.89,433.50
1504504,0.09,-0.10,-0.09,0.00,0.06,0.12,46.6,-74.8,87.7,48.42,2.67,43.221759,-0.051707,12,3,7.89,433.50
1504810,0.09,-0.07,-0.07,0.00,0.12,0.06,46.6,-74.8,87.7,48.42,2.67,43.221759,-0.051707,12,3,7.89,433.50
1505422,0.10,-0.10,-0.07,0.06,0.06,-0.06,46.6,-74.8,87.7,48.43,2.69,43.221759,-0.051707,12,3,7.89,433.50
1506034,0.09,-0.07,-0.03,0.00,-0.06,0.06,46.6,-74.8,87.7,48.44,2.66,43.221759,-0.051707,12,3,7.89,433.50
1506340,0.07,-0.07,-0.05,-0.18,-0.12,0.06,46.6,-74.8,87.7,48.45,2.66,43.221759,-0.051707,12,3,7.89,433.50
1506952,0.09,-0.10,-0.09,0.06,-0.25,0.06,46.6,-74.8,87.7,48.46,2.66,43.221759,-0.051707,12,3,7.88,433.50
1507258,0.10,-0.07,-0.09,0.00,-0.06,0.00,46.6,-74.8,87.7,48.46,2.66,43.221759,-0.051707,12,3,7.88,433.50
1507564,0.10,-0.09,-0.07,-0.12,0.00,0.06,46.6,-74.8,87.7,48.47,2.65,43.221759,-0.051707,12,3,7.88,433.60
1508176,0.07,-0.09,-0.05,0.12,0.12,-0.18,46.6,-74.8,87.7,48.48,2.63,43.221759,-0.051707,12,3,7.88,433.60
1508482,0.11,-0.05,-0.05,0.06,0.06,0.06,46.6,-74.8,87.7,48.48,2.65,43.221759,-0.051707,12,3,7.88,433.60
1509094,0.09,-0.09,-0.07,0.00,0.00,-0.18,46.6,-74.8,87.7,48.50,2.62,43.221759,-0.051707,12,3,7.88,433.60
1509400,0.11,-0.10,-0.05,0.06,0.12,-0.06,46.6,-74.8,87.7,48.50,2.62,43.221759,-0.051707,12,3,7.88,433.60
1510012,0.07,-0.10,-0.05,-0.12,-0.06,0.25,46.6,-74.8,87.7,48.51,2.63,43.221759,-0.051706,12,3,7.88,433.70
1510624,0.11,-0.09,-0.07,0.00,0.12,0.00,46.6,-74.8,87.7,48.52,2.63,43.221759,-0.051706,12,3,7.88,433.70
1510930,0.10,-0.09,-0.10,0.00,-0.06,-0.12,46.6,-74.8,87.7,48.53,2.60,43.221759,-0.051706,12,3,7.88,433.70
1511542,0.11,-0.09,-0.07,-0.06,0.18,0.12,46.6,-74.8,87.7,48.54,2.60,43.221759,-0.051706,12,3,7.88,433.70
1511848,0.09,-0.07,-0.07,-0.18,0.12,-0.06,46.6,-74.8,87.7,48.55,2.61,43.221759,-0.051706,12,3,7.88,433.70
1512154,0.09,-0.05,-0.07,0.18,0.00,-0.18,46.6,-74.8,87.7,48.55,2.62,43.221759,-0.051706,12,3,7.88,433.70
1512766,0.09,-0.09,-0.07,0.00,-0.06,0.00,46.6,-74.8,87.7,48.56,2.71,43.221759,-0.051706,12,3,7.89,433.70
1513072,0.10,-0.09,-0.07,0.00,0.06,0.12,46.6,-74.8,87.7,48.57,2.69,43.221759,-0.051706,12,3,7.89,433.70
1513684,0.07,-0.07,-0.07,-0.06,0.00,-0.06,46.6,-74.8,87.7,48.57,2.65,43.221759,-0.051706,12,3,7.89,433.70
1514296,0.09,-0.09,-0.07,-0.06,-0.18,0.00,46.6,-74.8,87.7,48.58,2.64,43.221759,-0.051705,12,3,7.88,433.60
1514602,0.10,-0.07,-0.03,0.25,0.00,0.00,46.6,-74.8,87.7,48.59,2.64,43.221759,-0.051705,12,3,7.88,433.60
1514908,0.09,-0.09,-0.02,-0.06,0.18,0.00,46.6,-74.8,87.7,48.59,2.64,43.221752,-0.051705,12,3,7.87,433.60
1515214,0.11,-0.07,-0.07,0.00,0.12,0.06,46.6,-74.8,87.7,48.60,2.62,43.221752,-0.051705,12,3,7.87,433.60
1515826,0.07,-0.09,-0.07,0.06,0.12,-0.25,46.6,-74.8,87.7,48.61,2.62,43.221752,-0.051705,12,3,7.88,433.60
1516438,0.10,-0.10,-0.07,-0.06,0.18,0.12,46.6,-74.8,87.7,48.62,2.62,43.221752,-0.051705,12,3,7.88,433.60
1516744,0.10,-0.09,-0.05,0.12,0.00,0.31,46.6,-74.8,87.7,48.62,2.61,43.221752,-0.051705,12,3,7.88,433.60
1517050,0.07,-0.10,-0.05,-0.12,-0.12,-0.06,46.6,-74.8,87.7,48.63,2.58,43.221752,-0.051706,12,3,7.88,433.60
1517662,0.09,-0.09,-0.05,0.00,0.00,-0.18,46.6,-74.8,87.7,48.64,2.59,43.221752,-0.051706,12,3,7.88,433.60
1518274,0.11,-0.09,-0.05,-0.06,0.06,-0.31,46.6,-74.8,87.7,48.65,2.60,43.221752,-0.051706,12,3,7.89,433.60
1518580,0.07,-0.10,-0.05,0.06,0.12,-0.06,46.6,-74.8,87.7,48.66,2.60,43.221752,-0.051706,12,3,7.89,433.60
1518886,0.07,-0.10,-0.03,0.06,0.18,0.12,46.6,-74.8,87.7,48.66,2.61,43.221752,-0.051706,12,3,7.88,433.60
1519498,0.11,-0.09,-0.09,0.06,-0.06,0.00,46.6,-74.8,87.7,48.67,2.61,43.221752,-0.051706,12,3,7.88,433.60
1520416,0.09,-0.10,-0.05,0.12,0.18,-0.18,46.6,-74.8,87.7,48.69,2.60,43.221752,-0.051706,12,3,7.88,433.60
1520722,0.09,-0.09,-0.05,-0.06,0.00,-0.06,46.6,-74.8,87.7,48.69,2.58,43.221752,-0.051706,12,3,7.88,433.60
1521334,0.10,-0.09,-0.05,-0.06,-0.06,-0.12,46.6,-74.8,87.7,48.70,2.59,43.221752,-0.051706,12,3,7.88,433.60
1521946,0.09,-0.10,-0.10,0.06,0.06,0.00,46.6,-74.8,87.7,48.71,2.60,43.221752,-0.051706,12,3,7.87,433.60
1522558,0.09,-0.09,-0.07,0.00,-0.12,0.06,46.6,-74.8,87.7,48.72,2.57,43.221752,-0.051706,12,3,7.87,433.60
1522864,0.09,-0.10,-0.07,0.06,0.00,0.06,46.6,-74.8,87.7,48.73,2.55,43.221752,-0.051705,12,3,7.88,433.60
1523170,0.10,-0.07,-0.05,0.00,-0.18,-0.18,46.6,-74.8,87.7,48.73,2.55,43.221752,-0.051705,12,3,7.88,433.60
1523476,0.11,-0.07,-0.07,0.00,-0.06,-0.12,46.6,-74.8,87.7,48.74,2.57,43.221752,-0.051705,12,3,7.88,433.70
1524088,0.11,-0.07,-0.05,-0.06,-0.18,0.00,46.6,-74.8,87.7,48.75,2.54,43.221752,-0.051705,12,3,7.88,433.70
1524394,0.11,-0.09,-0.05,-0.06,-0.06,0.06,46.6,-74.8,87.7,48.75,2.55,43.221752,-0.051705,12,3,7.88,433.70
1524700,0.09,-0.07,-0.07,-0.06,0.06,-0.25,46.6,-74.8,87.7,48.76,2.55,43.221752,-0.051705,12,3,7.88,433.70
1525312,0.09,-0.09,-0.05,-0.06,0.00,0.00,46.6,-74.8,87.7,48.77,2.59,43.221752,-0.051705,12,3,7.88,433.70
1525618,0.10,-0.07,-0.05,0.00,0.00,-0.12,46.6,-74.8,87.7,48.77,2.61,43.221752,-0.051705,12,3,7.88,433.70
1526536,0.10,-0.09,-0.05,0.12,0.00,-0.12,46.6,-74.8,87.7,48.79,2.55,43.221752,-0.051705,12,3,7.88,433.70
1526842,0.09,-0.09,-0.05,0.00,-0.06,-0.06,46.6,-74.8,87.7,48.79,2.57,43.221752,-0.051705,12,3,7.88,433.70
1527148,0.07,-0.07,-0.07,-0.06,0.18,-0.18,46.6,-74.8,87.7,48.80,2.57,43.221752,-0.051705,12,3,7.88,433.70
1527760,0.10,-0.10,-0.07,0.06,0.18,-0.18,46.6,-74.8,87.7,48.81,2.56,43.221752,-0.051705,12,3,7.88,433.79
1528066,0.09,-0.09,-0.05,0.06,-0.06,0.12,46.6,-74.8,87.7,48.81,2.58,43.221752,-0.051705,12,3,7.87,433.79
1528372,0.10,-0.07,-0.05,0.06,-0.06,-0.06,46.6,-74.8,87.7,48.82,2.58,43.221752,-0.051705,12,3,7.87,433.79
1528678,0.09,-0.07,-0.02,-0.06,0.00,-0.06,46.6,-74.8,87.7,48.82,2.56,43.221752,-0.051705,12,3,7.87,433.79
1529290,0.10,-0.10,-0.05,0.06,-0.06,0.12,46.6,-74.8,87.7,48.83,2.56,43.221752,-0.051704,12,3,7.87,433.79
1529596,0.11,-0.10,-0.05,-0.06,-0.06,0.06,46.6,-74.8,87.7,48.84,2.54,43.221752,-0.051704,12,3,7.87,433.79
1530208,0.10,-0.10,-0.05,-0.06,0.12,-0.18,46.6,-74.8,87.7,48.85,2.54,43.221752,-0.051704,12,3,7.88,433.79
1530514,0.10,-0.09,-0.05,-0.06,0.00,0.06,46.6,-74.8,87.7,48.85,2.54,43.221752,-0.051704,12,3,7.88,433.79
1531126,0.07,-0.10,-0.05,0.06,0.06,0.00,46.6,-74.8,87.7,48.86,2.48,43.221752,-0.051704,12,3,7.86,433.79
1531432,0.09,-0.09,-0.05,0.00,0.12,0.18,46.6,-74.8,87.7,48.87,2.46,43.221752,-0.051704,12,3,7.86,433.79
1531738,0.07,-0.07,-0.05,-0.12,-0.25,0.12,46.6,-74.8,87.7,48.87,2.51,43.221752,-0.051704,12,3,7.86,433.79
1532044,0.07,-0.07,-0.05,-0.06,-0.06,0.12,46.6,-74.8,87.7,48.88,2.56,43.221752,-0.051704,12,3,7.86,433.79
1532350,0.09,-0.10,-0.05,-0.06,-0.12,0.00,46.6,-74.8,87.7,48.88,2.55,43.221752,-0.051704,12,3,7.86,433.70
1532962,0.10,-0.10,-0.05,0.06,0.06,0.00,46.6,-74.8,87.7,48.89,2.55,43.221752,-0.051704,12,3,7.88,433.70
1533268,0.07,-0.11,-0.05,0.00,-0.06,0.00,46.6,-74.8,87.7,48.89,2.55,43.221752,-0.051704,12,3,7.88,433.70
1533574,0.11,-0.07,-0.07,-0.06,0.12,0.18,46.6,-74.8,87.7,48.90,2.53,43.221752,-0.051704,12,3,7.88,433.70
1534186,0.07,-0.09,-0.05,-0.06,0.12,-0.18,46.6,-74.8,87.7,48.91,2.53,43.221752,-0.051704,12,3,7.89,433.70
1534798,0.07,-0.09,-0.05,0.00,0.25,0.00,46.6,-74.8,87.7,48.92,2.52,43.221752,-0.051704,12,3,7.89,433.70
1535104,0.07,-0.11,-0.05,-0.12,0.12,0.12,46.6,-74.8,87.7,48.92,2.53,43.221752,-0.051704,12,3,7.87,433.70
1535410,0.10,-0.10,-0.07,-0.06,-0.06,-0.12,46.6,-74.8,87.7,48.93,2.53,43.221752,-0.051704,12,3,7.87,433.70
1536022,0.07,-0.10,-0.09,0.06,0.06,-0.12,46.6,-74.8,87.7,48.93,2.56,43.221752,-0.051704,12,3,7.88,433.60
1536328,0.10,-0.07,-0.07,0.06,-0.18,0.06,46.6,-74.8,87.7,48.94,2.50,43.221752,-0.051704,12,3,7.88,433.60
1536634,0.10,-0.09,-0.07,0.12,-0.25,0.12,46.6,-74.8,87.7,48.94,2.53,43.221752,-0.051704,12,3,7.88,433.60
1536940,0.09,-0.07,-0.05,0.12,0.00,-0.12,46.6,-74.8,87.7,48.95,2.53,43.221752,-0.051704,12,3,7.88,433.60
1537552,0.09,-0.09,-0.07,-0.06,0.06,0.00,46.6,-74.8,87.7,48.95,2.56,43.221752,-0.051704,12,3,7.89,433.60
1537858,0.11,-0.07,-0.03,0.06,-0.12,0.12,46.6,-74.8,87.7,48.96,2.54,43.221752,-0.051704,12,3,7.89,433.60
1538470,0.10,-0.07,-0.07,0.06,0.00,-0.06,46.6,-74.8,87.7,48.97,2.59,43.221752,-0.051704,12,3,7.88,433.60
1539082,0.07,-0.09,-0.07,-0.06,-0.06,0.25,46.6,-74.8,87.7,48.97,2.60,43.221752,-0.051704,12,3,7.88,433.60
1539388,0.10,-0.05,-0.09,0.06,0.06,-0.06,46.6,-74.8,87.7,48.98,2.60,43.221752,-0.051704,12,3,7.88,433.60
1539694,0.10,-0.09,-0.07,0.00,-0.12,0.00,46.6,-74.8,87.7,48.98,2.57,43.221752,-0.051704,12,3,7.88,433.60
1540306,0.10,-0.07,-0.05,-0.12,0.06,0.18,46.6,-74.8,87.7,48.99,2.55,43.221752,-0.051704,12,3,7.86,433.60
1540612,0.10,-0.09,-0.05,0.00,0.06,0.06,46.6,-74.8,87.7,49.00,2.55,43.221752,-0.051704,12,3,7.86,433.60
1540918,0.10,-0.07,-0.02,-0.06,0.12,0.06,46.6,-74.8,87.7,49.00,2.55,43.221752,-0.051704,12,3,7.86,433.60
1541224,0.09,-0.07,-0.07,-0.06,0.06,0.06,46.6,-74.8,87.7,49.00,2.55,43.221752,-0.051704,12,3,7.88,433.60
1541836,0.09,-0.07,-0.09,0.06,-0.06,-0.06,46.6,-74.8,87.7,49.02,2.57,43.221752,-0.051704,12,3,7.88,433.60
1542142,0.10,-0.07,-0.03,-0.06,0.12,0.00,46.6,-74.8,87.7,49.02,2.59,43.221752,-0.051704,12,3,7.87,433.70
1542754,0.11,-0.07,-0.05,-0.06,-0.18,-0.18,46.6,-74.8,87.7,49.03,2.57,43.221752,-0.051704,12,3,7.87,433.70
1543366,0.11,-0.09,-0.07,0.06,-0.12,0.00,46.6,-74.8,87.7,49.04,2.52,43.221752,-0.051704,12,3,7.88,433.70
1543672,0.11,-0.07,-0.03,0.00,0.12,0.12,46.6,-74.8,87.7,49.04,2.53,43.221752,-0.051704,12,3,7.88,433.70
1543978,0.11,-0.09,-0.09,0.06,-0.18,-0.12,46.6,-74.8,87.7,49.05,2.54,43.221752,-0.051704,12,3,7.88,433.70
1544284,0.07,-0.10,-0.05,-0.06,-0.06,-0.12,46.6,-74.8,87.7,49.05,2.55,43.221752,-0.051705,12,3,7.88,433.70
1544896,0.09,-0.11,-0.10,0.00,0.00,0.25,46.6,-74.8,87.7,49.06,2.52,43.221752,-0.051705,12,3,7.88,433.79
1545202,0.10,-0.10,-0.07,0.00,-0.12,-0.06,46.6,-74.8,87.7,49.06,2.53,43.221752,-0.051705,12,3,7.88,433.79
1545508,0.09,-0.10,-0.07,0.12,-0.12,0.00,46.6,-74.8,87.7,49.06,2.54,43.221752,-0.051705,12,3,7.88,433.79
1546120,0.11,-0.07,-0.05,0.00,-0.06,0.18,46.6,-74.8,87.7,49.08,2.53,43.221752,-0.051705,12,3,7.88,433.79
1546426,0.10,-0.10,-0.02,0.00,-0.06,0.31,46.6,-74.8,87.7,49.08,2.51,43.221752,-0.051705,12,3,7.88,433.79
1547038,0.09,-0.07,-0.07,0.06,-0.12,0.06,46.6,-74.8,87.7,49.09,2.48,43.221752,-0.051705,12,3,7.88,433.79
1547344,0.11,-0.10,-0.05,0.00,0.12,0.25,46.6,-74.8,87.7,49.10,2.51,43.221752,-0.051706,12,3,7.88,433.89
1547956,0.09,-0.07,-0.07,-0.12,-0.06,0.00,46.6,-74.8,87.7,49.10,2.57,43.221752,-0.051706,12,3,7.88,433.89
1548262,0.10,-0.10,-0.09,-0.06,0.12,0.00,46.6,-74.8,87.7,49.11,2.57,43.221752,-0.051706,12,3,7.87,433.89
1548568,0.09,-0.09,-0.07,0.00,-0.12,0.00,46.6,-74.8,87.7,49.11,2.55,43.221752,-0.051706,12,3,7.87,433.89
1548874,0.10,-0.07,-0.05,-0.18,0.31,-0.18,46.6,-74.8,87.7,49.11,2.59,43.221752,-0.051706,12,3,7.87,433.89
1549180,0.10,-0.10,-0.03,-0.18,-0.12,0.18,46.6,-74.8,87.7,49.12,2.59,43.221752,-0.051706,12,3,7.87,433.89
1549486,0.09,-0.05,-0.01,0.00,0.25,-0.43,46.6,-74.9,87.8,49.12,2.60,43.221752,-0.051706,12,3,7.87,433.89
1550404,0.09,-0.11,-0.05,-0.06,-0.06,0.18,46.6,-74.8,87.7,49.14,2.57,43.221752,-0.051706,12,3,7.88,433.89
1550710,0.09,-0.09,-0.09,0.00,0.00,0.00,46.6,-74.8,87.7,49.14,2.56,43.221752,-0.051706,12,3,7.88,433.89
1551016,0.09,-0.09,-0.03,0.00,0.12,-0.06,46.6,-74.8,87.7,49.14,2.65,43.221752,-0.051706,12,3,7.88,434.00
1551628,0.11,-0.09,-0.05,0.12,0.06,0.06,46.6,-74.8,87.7,49.15,2.61,43.221752,-0.051706,12,3,7.88,434.00
1551934,0.11,-0.09,-0.05,-0.06,0.00,0.18,46.6,-74.8,87.7,49.15,2.60,43.221752,-0.051706,12,3,7.88,434.00
1552240,0.09,-0.09,-0.07,-0.06,0.00,0.12,46.6,-74.8,87.7,49.16,2.58,43.221752,-0.051706,12,3,7.88,433.89
1552546,0.09,-0.07,-0.03,0.06,0.00,-0.25,46.6,-74.8,87.7,49.16,2.57,43.221752,-0.051706,12,3,7.88,433.89
1553158,0.11,-0.10,-0.07,0.00,-0.12,0.18,46.6,-74.8,87.7,49.17,2.60,43.221752,-0.051706,12,3,7.87,433.89
1553464,0.09,-0.05,-0.07,0.00,-0.12,0.00,46.6,-74.8,87.7,49.17,2.57,43.221752,-0.051706,12,3,7.87,433.89
1554076,0.10,-0.09,-0.07,-0.06,0.00,-0.06,46.6,-74.8,87.7,49.18,2.61,43.221752,-0.051706,12,3,7.87,433.89
1554382,0.10,-0.09,-0.05,0.06,-0.18,0.25,46.6,-74.8,87.7,49.18,2.59,43.221752,-0.051706,12,3,7.87,433.89
1554688,0.09,-0.09,-0.03,-0.06,0.06,-0.12,46.6,-74.8,87.7,49.19,2.59,43.221752,-0.051706,12,3,7.87,433.79
1555300,0.09,-0.07,-0.07,0.06,0.06,-0.18,46.6,-74.8,87.7,49.19,2.54,43.221752,-0.051706,12,3,7.87,433.79
1555606,0.07,-0.09,-0.05,0.00,0.18,0.12,46.6,-74.8,87.7,49.20,2.54,43.221752,-0.051706,12,3,7.87,433.79
1555912,0.09,-0.07,-0.03,0.12,0.00,0.00,46.6,-74.8,87.7,49.20,2.54,43.221752,-0.051706,12,3,7.87,433.79
1556218,0.11,-0.10,-0.05,0.06,-0.12,0.06,46.6,-74.8,87.7,49.21,2.54,43.221752,-0.051706,12,3,7.87,433.79
1556830,0.09,-0.09,-0.07,-0.12,-0.06,0.00,46.6,-74.8,87.7,49.21,2.51,43.221752,-0.051706,12,3,7.87,433.79
1557136,0.09,-0.09,-0.05,-0.06,0.12,-0.31,46.6,-74.8,87.7,49.22,2.48,43.221752,-0.051706,12,3,7.87,433.70
1557748,0.09,-0.09,-0.02,0.00,-0.12,0.00,46.6,-74.8,87.7,49.23,2.52,43.221752,-0.051706,12,3,7.88,433.70
1558360,0.10,-0.11,-0.07,0.06,0.12,0.12,46.6,-74.8,87.7,49.24,2.52,43.221752,-0.051706,12,3,7.88,433.70
1558666,0.07,-0.09,-0.05,0.06,0.00,-0.12,46.6,-74.8,87.7,49.24,2.53,43.221752,-0.051706,12,3,7.88,433.70
1558972,0.07,-0.07,-0.05,0.12,0.00,0.00,46.6,-74.8,87.7,49.24,2.54,43.221752,-0.051706,12,3,7.88,433.70
1559278,0.10,-0.09,-0.05,0.12,0.00,0.00,46.6,-74.8,87.7,49.25,2.50,43.221752,-0.051706,12,3,7.88,433.60
1559890,0.11,-0.09,-0.05,-0.06,0.00,0.00,46.6,-74.8,87.7,49.26,2.49,43.221752,-0.051706,12,3,7.88,433.60
1560196,0.09,-0.11,-0.05,0.12,0.12,-0.12,46.6,-74.8,87.7,49.26,2.51,43.221752,-0.051706,12,3,7.88,433.60
1560502,0.11,-0.10,-0.07,0.06,-0.06,-0.18,46.6,-74.8,87.7,49.27,2.49,43.221752,-0.051706,12,3,7.88,433.60
1560808,0.11,-0.07,-0.05,-0.12,0.12,-0.12,46.6,-74.8,87.7,49.27,2.44,43.221752,-0.051706,12,3,7.88,433.60
1561420,0.11,-0.09,-0.07,0.06,0.06,0.00,46.6,-74.8,87.7,49.28,2.48,43.221752,-0.051706,12,3,7.87,433.60
1562032,0.05,-0.09,-0.02,-0.06,-0.18,0.00,46.6,-74.8,87.7,49.29,2.48,43.221752,-0.051706,12,3,7.87,433.60
1562338,0.09,-0.09,-0.05,-0.12,-0.06,-0.12,46.6,-74.8,87.7,49.30,2.47,43.221752,-0.051706,12,3,7.87,433.60
1562644,0.09,-0.07,-0.07,0.06,0.12,0.18,46.6,-74.8,87.7,49.30,2.50,43.221752,-0.051706,12,3,7.87,433.60
1563256,0.09,-0.10,-0.02,0.12,-0.37,0.12,46.6,-74.8,87.7,49.31,2.47,43.221752,-0.051706,12,3,7.88,433.60
1563562,0.09,-0.09,-0.03,0.12,-0.12,0.18,46.6,-74.8,87.7,49.31,2.49,43.221752,-0.051706,12,3,7.88,433.50
1564174,0.10,-0.09,-0.07,0.12,-0.12,-0.06,46.6,-74.8,87.7,49.32,2.51,43.221752,-0.051706,12,3,7.88,433.50
1564480,0.09,-0.07,-0.05,0.00,0.00,0.00,46.6,-74.8,87.7,49.33,2.50,43.221752,-0.051706,12,3,7.86,433.50
1564786,0.11,-0.09,-0.07,0.12,-0.06,-0.18,46.6,-74.8,87.7,49.33,2.48,43.221752,-0.051706,12,3,7.86,433.50
1565092,0.09,-0.07,-0.07,0.00,0.06,-0.37,46.6,-74.8,87.7,49.34,2.47,43.221752,-0.051706,12,3,7.86,433.50
1565704,0.07,-0.07,-0.07,-0.12,0.06,0.00,46.6,-74.8,87.7,49.35,2.49,43.221752,-0.051706,12,3,7.88,433.50
1566316,0.09,-0.09,-0.07,0.06,-0.06,0.18,46.6,-74.8,87.7,49.36,2.48,43.221752,-0.051705,12,3,7.88,433.50
1566928,0.09,-0.09,-0.03,-0.06,0.00,0.31,46.6,-74.8,87.7,49.36,2.44,43.221752,-0.051705,12,3,7.88,433.50
1567234,0.10,-0.07,-0.05,0.00,0.06,-0.06,46.6,-74.8,87.7,49.37,2.46,43.221752,-0.051705,12,3,7.88,433.50
1567540,0.09,-0.09,-0.10,0.00,0.25,-0.06,46.6,-74.8,87.7,49.37,2.48,43.221752,-0.051705,12,3,7.89,433.50
1568152,0.10,-0.10,-0.07,0.06,0.00,-0.06,46.6,-74.8,87.7,49.38,2.48,43.221752,-0.051705,12,3,7.89,433.39
1568458,0.10,-0.09,-0.07,-0.18,-0.18,-0.06,46.6,-74.8,87.7,49.39,2.49,43.221752,-0.051705,12,3,7.88,433.39
1568764,0.09,-0.07,-0.01,-0.06,-0.12,0.18,46.6,-74.8,87.7,49.39,2.50,43.221752,-0.051705,12,3,7.88,433.39
1569070,0.07,-0.09,-0.05,0.00,0.00,-0.12,46.6,-74.8,87.7,49.40,2.51,43.221752,-0.051705,12,3,7.88,433.39
1569682,0.11,-0.11,-0.05,0.06,-0.12,-0.12,46.6,-74.8,87.7,49.41,2.46,43.221752,-0.051705,12,3,7.88,433.39
1570294,0.10,-0.07,-0.05,0.00,-0.25,0.00,46.6,-74.8,87.7,49.42,2.43,43.221752,-0.051705,12,3,7.88,433.39
1570600,0.09,-0.09,-0.05,-0.06,0.00,-0.06,46.6,-74.8,87.7,49.42,2.46,43.221752,-0.051705,12,3,7.88,433.39
1570906,0.09,-0.07,-0.07,0.00,-0.06,0.18,46.6,-74.8,87.7,49.43,2.49,43.221752,-0.051705,12,3,7.88,433.29
1571518,0.09,-0.07,-0.07,-0.06,0.12,0.06,46.6,-74.8,87.7,49.44,2.49,43.221752,-0.051705,12,3,7.88,433.29
1572130,0.11,-0.09,-0.05,0.06,0.06,0.12,46.6,-74.8,87.7,49.44,2.54,43.221752,-0.051705,12,3,7.88,433.29
1572436,0.07,-0.10,-0.07,0.06,0.12,0.12,46.6,-74.8,87.7,49.45,2.56,43.221752,-0.051705,12,3,7.88,433.29
1572742,0.10,-0.07,-0.07,0.00,-0.06,0.06,46.6,-74.8,87.7,49.45,2.58,43.221752,-0.051705,12,3,7.88,433.29
1573354,0.10,-0.07,-0.05,0.00,0.12,0.00,46.6,-74.8,87.7,49.46,2.55,43.221752,-0.051705,12,3,7.88,433.29
1573660,0.07,-0.07,-0.10,-0.12,-0.06,0.00,46.6,-74.8,87.7,49.46,2.54,43.221752,-0.051705,12,3,7.88,433.29
1574272,0.09,-0.10,-0.05,-0.06,-0.12,-0.06,46.6,-74.8,87.7,49.47,2.52,43.221752,-0.051705,12,3,7.88,433.29
1574578,0.10,-0.05,-0.05,0.00,0.12,0.18,46.6,-74.8,87.7,49.48,2.51,43.221752,-0.051705,12,3,7.88,433.29
1574884,0.07,-0.11,-0.05,0.00,-0.12,0.12,46.6,-74.8,87.7,49.48,2.49,43.221752,-0.051705,12,3,7.88,433.29
1575496,0.10,-0.07,-0.03,0.12,-0.18,-0.06,46.6,-74.8,87.7,49.49,2.49,43.221752,-0.051705,12,3,7.87,433.29
1575802,0.10,-0.07,-0.03,-0.06,0.00,0.18,46.6,-74.8,87.7,49.49,2.48,43.221752,-0.051705,12,3,7.87,433.29
1576108,0.10,-0.10,-0.02,-0.12,0.00,0.06,46.6,-74.8,87.7,49.50,2.49,43.221752,-0.051705,12,3,7.87,433.29
1576414,0.09,-0.09,-0.05,-0.12,-0.12,0.06,46.6,-74.8,87.7,49.50,2.50,43.221752,-0.051705,12,3,7.87,433.29
1577026,0.09,-0.09,-0.05,0.06,-0.06,-0.12,46.6,-74.8,87.7,49.51,2.50,43.221752,-0.051705,12,3,7.87,433.29
1577332,0.09,-0.07,-0.03,0.00,-0.06,-0.12,46.6,-74.8,87.7,49.51,2.50,43.221752,-0.051705,12,3,7.87,433.39
1577944,0.07,-0.07,-0.07,0.00,-0.18,-0.18,46.6,-74.8,87.7,49.52,2.48,43.221752,-0.051705,12,3,7.87,433.39
1578556,0.09,-0.09,-0.05,0.06,-0.06,0.06,46.6,-74.8,87.7,49.53,2.51,43.221752,-0.051705,12,3,7.88,433.39
1578862,0.09,-0.09,-0.03,0.06,0.06,0.00,46.6,-74.8,87.7,49.53,2.50,43.221752,-0.051705,12,3,7.88,433.39
1579168,0.07,-0.07,-0.07,0.06,0.12,0.06,46.6,-74.8,87.7,49.54,2.50,43.221752,-0.051705,12,3,7.88,433.50
1579780,0.10,-0.07,-0.05,0.00,0.06,-0.12,46.6,-74.8,87.7,49.55,2.49,43.221752,-0.051704,12,3,7.88,433.50
1580086,0.09,-0.07,-0.07,0.12,-0.06,0.00,46.6,-74.8,87.7,49.55,2.48,43.221752,-0.051704,12,3,7.88,433.50
1580392,0.09,-0.07,-0.07,0.06,0.12,-0.06,46.6,-74.8,87.7,49.56,2.47,43.221752,-0.051704,12,3,7.88,433.50
1581004,0.09,-0.09,-0.05,0.00,-0.06,0.00,46.6,-74.8,87.7,49.57,2.49,43.221752,-0.051704,12,3,7.88,433.50
1581310,0.07,-0.07,-0.02,0.06,-0.06,-0.06,46.6,-74.8,87.7,49.57,2.51,43.221752,-0.051704,12,3,7.88,433.50
1581616,0.10,-0.07,-0.02,-0.06,-0.12,-0.06,46.6,-74.8,87.7,49.57,2.58,43.221752,-0.051705,12,3,7.87,433.50
1582228,0.07,-0.09,-0.07,0.06,0.12,0.06,46.6,-74.8,87.7,49.58,2.54,43.221752,-0.051705,12,3,7.87,433.50
1582840,0.11,-0.07,-0.05,-0.06,-0.06,0.06,46.6,-74.8,87.7,49.59,2.55,43.221752,-0.051705,12,3,7.87,433.50
1583146,0.07,-0.10,-0.05,0.06,0.00,-0.06,46.6,-74.8,87.7,49.59,2.54,43.221752,-0.051705,12,3,7.87,433.50
1583452,0.10,-0.09,-0.02,0.06,0.00,0.12,46.6,-74.8,87.7,49.59,2.54,43.221752,-0.051705,12,3,7.88,433.50
1583758,0.09,-0.07,-0.05,0.06,0.12,0.06,46.6,-74.8,87.7,49.60,2.56,43.221752,-0.051705,12,3,7.88,433.50
1584370,0.09,-0.09,-0.01,0.06,0.06,0.06,46.6,-74.8,87.7,49.61,2.60,43.221752,-0.051705,12,3,7.88,433.60
1584676,0.07,-0.11,-0.05,0.12,0.00,-0.06,46.6,-74.8,87.7,49.61,2.57,43.221752,-0.051705,12,3,7.88,433.60
1584982,0.10,-0.07,-0.05,0.12,-0.12,-0.31,46.6,-74.8,87.7,49.61,2.58,43.221752,-0.051705,12,3,7.88,433.60
1585288,0.09,-0.10,-0.05,0.06,0.18,0.06,46.6,-74.8,87.7,49.61,2.56,43.221752,-0.051705,12,3,7.88,433.60
1586206,0.09,-0.09,-0.03,0.18,0.06,-0.12,46.6,-74.8,87.7,49.63,2.55,43.221752,-0.051705,12,3,7.88,433.60
1586512,0.09,-0.07,-0.05,0.00,-0.12,-0.06,46.6,-74.8,87.7,49.63,2.56,43.221752,-0.051705,12,3,7.87,433.60
1586818,0.07,-0.10,-0.05,-0.12,0.18,0.00,46.6,-74.8,87.7,49.63,2.60,43.221752,-0.051705,12,3,7.87,433.60
1587430,0.10,-0.09,-0.05,0.00,0.00,0.18,46.6,-74.8,87.7,49.64,2.59,43.221752,-0.051705,12,3,7.87,433.70
1587736,0.09,-0.10,-0.05,0.06,-0.06,0.00,46.6,-74.8,87.7,49.64,2.60,43.221752,-0.051705,12,3,7.87,433.70
1588042,0.09,-0.09,-0.07,-0.12,0.12,-0.06,46.6,-74.8,87.7,49.65,2.61,43.221752,-0.051705,12,3,7.87,433.70
1588348,0.09,-0.09,-0.05,-0.06,0.06,0.00,46.6,-74.8,87.7,49.65,2.61,43.221752,-0.051705,12,3,7.87,433.70
1588960,0.10,-0.09,-0.05,0.00,0.00,0.12,46.6,-74.8,87.7,49.66,2.61,43.221752,-0.051704,12,3,7.87,433.70
1589266,0.09,-0.10,-0.05,-0.12,-0.31,0.12,46.6,-74.8,87.7,49.66,2.63,43.221752,-0.051704,12,3,7.87,433.70
1589572,0.09,-0.09,-0.05,0.00,0.06,-0.06,46.6,-74.8,87.7,49.67,2.62,43.221752,-0.051704,12,3,7.87,433.70
1590184,0.10,-0.10,-0.05,0.06,0.06,0.06,46.6,-74.8,87.7,49.67,2.61,43.221752,-0.051704,12,3,7.87,433.60
1590796,0.10,-0.10,-0.05,0.00,-0.18,-0.25,46.6,-74.8,87.7,49.68,2.59,43.221752,-0.051705,12,3,7.87,433.60
1591102,0.10,-0.09,-0.05,-0.06,-0.12,-0.12,46.6,-74.8,87.7,49.68,2.59,43.221752,-0.051705,12,3,7.87,433.60
1591408,0.10,-0.07,-0.05,0.00,0.00,0.06,46.6,-74.8,87.7,49.69,2.58,43.221752,-0.051705,12,3,7.87,433.70
1591714,0.10,-0.11,-0.07,0.06,-0.06,0.00,46.6,-74.8,87.7,49.69,2.55,43.221752,-0.051705,12,3,7.86,433.70
1592326,0.10,-0.09,-0.01,0.06,0.18,-0.25,46.6,-74.8,87.7,49.70,2.61,43.221752,-0.051705,12,3,7.86,433.70
1592632,0.10,-0.07,-0.02,0.06,-0.12,0.00,46.6,-74.8,87.7,49.70,2.69,43.221752,-0.051705,12,3,7.88,433.70
1593244,0.09,-0.07,-0.07,0.06,0.00,-0.06,46.6,-74.8,87.7,49.71,2.60,43.221752,-0.051705,12,3,7.88,433.70
1593550,0.10,-0.10,-0.07,0.00,0.06,-0.37,46.6,-74.8,87.7,49.71,2.56,43.221752,-0.051705,12,3,7.86,433.79
1593856,0.10,-0.11,-0.03,0.00,0.06,-0.18,46.6,-74.8,87.7,49.71,2.54,43.221752,-0.051705,12,3,7.86,433.79
1594468,0.10,-0.07,-0.02,-0.06,0.00,-0.18,46.6,-74.8,87.7,49.72,2.60,43.221752,-0.051705,12,3,7.86,433.70
1594774,0.07,-0.09,-0.05,-0.06,0.12,-0.06,46.6,-74.8,87.7,49.72,2.64,43.221752,-0.051705,12,3,7.87,433.70
1595080,0.10,-0.07,-0.02,0.00,-0.06,0.18,46.6,-74.8,87.7,49.72,2.67,43.221752,-0.051705,12,3,7.87,433.79
1595692,0.09,-0.09,-0.05,-0.06,-0.18,-0.06,46.6,-74.8,87.7,49.73,2.64,43.221752,-0.051705,12,3,7.86,433.79
1595998,0.09,-0.09,-0.05,-0.06,0.12,0.06,46.6,-74.8,87.7,49.73,2.63,43.221752,-0.051705,12,3,7.86,433.79
1596610,0.09,-0.10,-0.05,0.12,-0.06,-0.25,46.6,-74.8,87.7,49.74,2.59,43.221752,-0.051705,12,3,7.87,433.89
1596916,0.10,-0.09,-0.07,-0.18,-0.06,0.00,46.6,-74.8,87.7,49.75,2.63,43.221752,-0.051705,12,3,7.87,433.89
1597222,0.09,-0.10,-0.07,0.06,0.00,-0.25,46.6,-74.8,87.7,49.75,2.61,43.221752,-0.051705,12,3,7.87,433.89
1597834,0.10,-0.07,-0.07,-0.06,0.06,0.00,46.6,-74.8,87.7,49.75,2.57,43.221752,-0.051705,12,3,7.87,433.89
1598140,0.09,-0.11,-0.05,0.00,-0.06,0.06,46.6,-74.8,87.7,49.76,2.57,43.221752,-0.051705,12,3,7.87,433.89
1598752,0.11,-0.09,-0.03,-0.12,0.12,0.06,46.6,-74.8,87.7,49.76,2.56,43.221752,-0.051705,12,3,7.88,433.89
1599058,0.09,-0.09,-0.05,0.06,0.25,0.25,46.6,-74.8,87.7,49.77,2.55,43.221752,-0.051705,12,3,7.88,433.89
1599364,0.07,-0.09,-0.07,0.00,0.12,-0.06,46.6,-74.8,87.7,49.77,2.56,43.221752,-0.051705,12,3,7.88,433.89
1599976,0.09,-0.11,-0.02,0.00,0.18,-0.06,46.6,-74.8,87.7,49.77,2.54,43.221752,-0.051705,12,3,7.87,433.89
1600282,0.09,-0.09,-0.03,-0.12,-0.18,-0.06,46.6,-74.8,87.7,49.78,2.54,43.221752,-0.051705,12,3,7.87,433.89
1600588,0.09,-0.10,-0.05,0.06,0.06,0.06,46.6,-74.8,87.7,49.78,2.54,43.221752,-0.051705,12,3,7.87,433.89
1600894,0.10,-0.10,-0.05,0.12,0.12,-0.18,46.6,-74.8,87.7,49.78,2.54,43.221752,-0.051705,12,3,7.87,433.89
1601506,0.10,-0.10,-0.07,0.06,0.00,0.06,46.6,-74.8,87.7,49.79,2.55,43.221752,-0.051705,12,3,7.87,434.00
1601812,0.11,-0.07,-0.07,0.00,-0.18,0.06,46.6,-74.8,87.7,49.80,2.51,43.221752,-0.051705,12,3,7.87,434.00
1602424,0.09,-0.10,-0.07,0.06,-0.18,0.18,46.6,-74.8,87.7,49.80,2.50,43.221752,-0.051705,12,3,7.87,434.10
1603036,0.11,-0.09,-0.05,-0.12,0.06,0.06,46.6,-74.8,87.7,49.81,2.51,43.221752,-0.051705,12,3,7.87,434.10
1603342,0.09,-0.07,-0.05,0.00,-0.06,0.12,46.6,-74.8,87.7,49.81,2.51,43.221752,-0.051705,12,3,7.87,434.20
1603648,0.07,-0.09,-0.05,0.06,0.00,0.18,46.6,-74.8,87.7,49.82,2.51,43.221752,-0.051705,12,3,7.86,434.20
1603954,0.11,-0.10,-0.05,0.00,0.00,0.06,46.6,-74.8,87.7,49.82,2.50,43.221752,-0.051705,12,3,7.86,434.20
1604566,0.11,-0.10,-0.05,0.06,-0.18,-0.12,46.6,-74.8,87.7,49.83,2.50,43.221752,-0.051705,12,3,7.86,434.20
1604872,0.07,-0.09,-0.07,0.06,0.06,0.00,46.6,-74.8,87.7,49.84,2.53,43.221752,-0.051705,12,3,7.88,434.20
1605178,0.07,-0.07,-0.03,-0.06,-0.12,-0.18,46.6,-74.8,87.7,49.84,2.57,43.221752,-0.051705,12,3,7.88,434.20
1605484,0.07,-0.11,-0.07,0.06,0.00,0.00,46.6,-74.8,87.7,49.84,2.56,43.221752,-0.051705,12,3,7.88,434.29
1606096,0.07,-0.10,-0.05,0.06,0.12,-0.06,46.6,-74.8,87.7,49.85,2.52,43.221752,-0.051705,12,3,7.88,434.29
1606708,0.09,-0.07,-0.03,-0.06,0.06,0.06,46.6,-74.8,87.7,49.85,2.54,43.221752,-0.051704,12,3,7.88,434.29
1607014,0.09,-0.07,-0.02,-0.06,-0.12,-0.06,46.6,-74.8,87.7,49.86,2.53,43.221752,-0.051704,12,3,7.88,434.29
1607626,0.09,-0.07,-0.03,0.00,0.00,-0.12,46.6,-74.8,87.7,49.86,2.54,43.221752,-0.051704,12,3,7.88,434.29
1607932,0.10,-0.07,-0.05,0.00,0.06,-0.06,46.6,-74.8,87.7,49.86,2.56,43.221752,-0.051704,12,3,7.86,434.29
1608544,0.11,-0.10,-0.05,0.06,-0.06,0.12,46.6,-74.8,87.7,49.87,2.54,43.221752,-0.051704,12,3,7.86,434.29
1608850,0.05,-0.09,-0.09,0.18,-0.06,0.06,46.6,-74.8,87.7,49.88,2.57,43.221752,-0.051704,12,3,7.87,434.20
1609156,0.10,-0.05,-0.03,0.06,-0.18,0.06,46.6,-74.8,87.7,49.88,2.55,43.221752,-0.051704,12,3,7.87,434.20
1609768,0.09,-0.09,-0.05,0.00,-0.06,-0.25,46.6,-74.8,87.7,49.89,2.59,43.221752,-0.051704,12,3,7.87,434.20
1610074,0.09,-0.09,-0.05,0.00,0.00,-0.12,46.6,-74.8,87.7,49.89,2.58,43.221752,-0.051704,12,3,7.87,434.20
1610686,0.10,-0.09,-0.07,0.00,-0.12,0.00,46.6,-74.8,87.7,49.90,2.56,43.221752,-0.051704,12,3,7.88,434.20
1611298,0.10,-0.07,-0.07,0.06,-0.06,0.18,46.6,-74.8,87.7,49.91,2.55,43.221752,-0.051704,12,3,7.88,434.20
1611604,0.10,-0.07,-0.05,-0.06,0.06,-0.06,46.6,-74.8,87.7,49.91,2.54,43.221752,-0.051704,12,3,7.88,434.20
1611910,0.07,-0.07,-0.05,0.00,0.18,-0.18,46.6,-74.8,87.7,49.91,2.50,43.221752,-0.051704,12,3,7.88,434.20
1612216,0.09,-0.07,-0.05,0.00,-0.12,0.00,46.6,-74.8,87.7,49.92,2.51,43.221752,-0.051704,12,3,7.88,434.10
1612828,0.09,-0.07,-0.03,0.00,-0.12,0.00,46.6,-74.8,87.7,49.92,2.56,43.221752,-0.051704,12,3,7.87,434.10
1613134,0.10,-0.07,-0.09,0.06,0.06,0.00,46.6,-74.8,87.7,49.93,2.56,43.221752,-0.051704,12,3,7.87,434.10
1613440,0.11,-0.09,-0.05,0.00,0.00,-0.06,46.6,-74.8,87.7,49.93,2.54,43.221752,-0.051704,12,3,7.87,434.10
1614052,0.11,-0.07,-0.03,-0.06,-0.06,-0.12,46.6,-74.8,87.7,49.94,2.52,43.221752,-0.051704,12,3,7.87,434.10
1614358,0.07,-0.07,-0.07,0.06,-0.12,-0.06,46.6,-74.8,87.7,49.94,2.54,43.221752,-0.051704,12,3,7.87,434.10
1614970,0.09,-0.10,-0.01,-0.06,0.18,0.06,46.6,-74.8,87.7,49.95,2.53,43.221752,-0.051704,12,3,7.87,434.10
1615276,0.10,-0.09,-0.03,0.06,0.06,0.12,46.6,-74.8,87.7,49.95,2.51,43.221752,-0.051704,12,3,7.87,434.10
1615582,0.07,-0.11,-0.05,-0.06,-0.06,0.12,46.6,-74.8,87.7,49.96,2.49,43.221752,-0.051704,12,3,7.87,434.10
1615888,0.09,-0.09,-0.05,0.00,0.06,0.12,46.6,-74.8,87.7,49.96,2.50,43.221752,-0.051704,12,3,7.87,434.10
1616500,0.09,-0.09,-0.07,0.00,0.00,-0.06,46.6,-74.8,87.7,49.97,2.50,43.221752,-0.051704,12,3,7.87,434.10
1616806,0.10,-0.10,-0.07,0.06,-0.06,0.25,46.6,-74.8,87.7,49.97,2.49,43.221752,-0.051704,12,3,7.88,434.10
1617418,0.09,-0.07,-0.05,-0.12,-0.12,0.00,46.6,-74.8,87.7,49.98,2.47,43.221752,-0.051704,12,3,7.88,434.10
1618030,0.10,-0.10,-0.02,0.00,0.00,0.06,46.6,-74.8,87.7,49.99,2.44,43.221752,-0.051704,12,3,7.87,434.10
1618642,0.09,-0.07,-0.05,-0.06,0.12,0.18,46.6,-74.8,87.7,50.00,2.44,43.221752,-0.051704,12,3,7.87,434.10
1618948,0.07,-0.07,-0.09,0.00,-0.18,0.00,46.6,-74.8,87.7,50.00,2.43,43.221752,-0.051704,12,3,7.87,434.10
1619254,0.10,-0.07,-0.05,0.00,0.06,-0.12,46.6,-74.8,87.7,50.01,2.44,43.221752,-0.051704,12,3,7.87,434.10
1619560,0.11,-0.10,-0.07,-0.06,0.06,0.06,46.6,-74.8,87.7,50.01,2.46,43.221752,-0.051704,12,3,7.87,434.10
1620172,0.09,-0.09,-0.05,0.12,0.25,-0.12,46.6,-74.8,87.7,50.02,2.38,43.221752,-0.051704,12,3,7.87,434.10
1620478,0.10,-0.07,-0.07,0.06,0.00,0.00,46.6,-74.8,87.7,50.02,2.38,43.221752,-0.051704,12,3,7.87,434.10
1620784,0.10,-0.10,-0.05,0.00,-0.12,-0.12,46.6,-74.8,87.7,50.03,2.40,43.221752,-0.051704,12,3,7.86,434.10
1621090,0.09,-0.07,-0.05,-0.06,-0.12,0.12,46.6,-74.8,87.7,50.03,2.47,43.221752,-0.051704,12,3,7.86,434.10
1621702,0.11,-0.07,-0.07,-0.06,0.06,-0.06,46.6,-74.8,87.7,50.04,2.52,43.221752,-0.051704,12,3,7.86,434.10
1622008,0.07,-0.07,-0.07,-0.06,-0.12,-0.12,46.6,-74.8,87.7,50.04,2.52,43.221752,-0.051704,12,3,7.87,434.10
1622620,0.09,-0.11,-0.05,0.06,0.25,-0.18,46.6,-74.8,87.7,50.05,2.50,43.221752,-0.051704,12,3,7.87,434.10
1622926,0.09,-0.09,-0.07,0.12,-0.12,-0.18,46.6,-74.8,87.7,50.05,2.48,43.221752,-0.051704,12,3,7.88,434.10
1623538,0.09,-0.09,-0.07,0.00,0.12,0.06,46.6,-74.8,87.7,50.06,2.45,43.221752,-0.051704,12,3,7.88,434.10
1623844,0.09,-0.11,-0.02,-0.06,0.00,-0.18,46.6,-74.8,87.7,50.06,2.45,43.221752,-0.051704,12,3,7.88,434.10
1624150,0.09,-0.09,-0.05,0.00,-0.06,0.25,46.6,-74.8,87.7,50.07,2.46,43.221752,-0.051704,12,3,7.88,434.10
1624456,0.07,-0.07,-0.07,0.06,0.12,0.12,46.6,-74.8,87.7,50.07,2.44,43.221752,-0.051704,12,3,7.88,434.10
1625068,0.10,-0.11,-0.05,0.12,-0.06,-0.18,46.6,-74.8,87.7,50.08,2.45,43.221752,-0.051704,12,3,7.88,434.10
1625374,0.09,-0.11,-0.10,-0.12,-0.06,0.00,46.6,-74.8,87.7,50.08,2.44,43.221752,-0.051704,12,3,7.88,434.10
1625680,0.07,-0.07,-0.05,0.06,0.06,0.18,46.6,-74.8,87.7,50.09,2.45,43.221752,-0.051704,12,3,7.88,434.10
1626292,0.11,-0.10,-0.05,-0.06,0.12,0.12,46.6,-74.8,87.7,50.10,2.48,43.221752,-0.051704,12,3,7.87,434.10
1626904,0.11,-0.11,-0.05,0.06,-0.06,0.06,46.6,-74.8,87.7,50.10,2.45,43.221752,-0.051704,12,3,7.86,434.10
1627210,0.09,-0.09,-0.05,-0.06,-0.12,-0.06,46.6,-74.8,87.7,50.11,2.53,43.221752,-0.051704,12,3,7.86,434.10
1627516,0.11,-0.07,-0.09,-0.06,-0.12,0.18,46.6,-74.8,87.7,50.11,2.56,43.221752,-0.051704,12,3,7.86,434.10
1627822,0.11,-0.11,-0.05,0.12,0.06,-0.68,46.6,-74.9,87.8,50.11,2.51,43.221752,-0.051704,12,3,7.86,434.10
1628434,0.09,-0.11,-0.07,-0.06,0.00,0.00,46.6,-74.9,87.8,50.12,2.56,43.221752,-0.051704,12,3,7.87,434.10
1628740,0.10,-0.11,-0.05,0.00,0.06,0.06,46.6,-74.9,87.8,50.12,2.65,43.221752,-0.051704,12,3,7.87,434.10
1629046,0.11,-0.10,-0.05,0.06,-0.18,0.00,46.6,-74.9,87.8,50.12,2.68,43.221752,-0.051703,12,3,7.87,434.20
1629352,0.10,-0.10,-0.03,-0.06,0.25,-0.06,46.6,-74.9,87.8,50.13,2.64,43.221752,-0.051703,12,3,7.87,434.20
1630270,0.11,-0.07,-0.07,0.12,-0.06,-0.06,46.6,-74.9,87.8,50.14,2.55,43.221752,-0.051703,12,3,7.86,434.20
1630576,0.07,-0.09,-0.07,-0.06,0.06,0.06,46.6,-74.9,87.8,50.14,2.55,43.221752,-0.051703,12,3,7.86,434.10
1630882,0.07,-0.07,-0.02,0.00,0.00,-0.18,46.6,-74.9,87.8,50.14,2.57,43.221752,-0.051703,12,3,7.85,434.20
1631494,0.10,-0.09,-0.07,-0.06,0.00,-0.06,46.6,-74.9,87.8,50.15,2.54,43.221752,-0.051703,12,3,7.85,434.20
1632106,0.11,-0.11,-0.05,-0.06,0.06,0.37,46.6,-74.9,87.8,50.16,2.54,43.221752,-0.051704,12,3,7.84,434.20
1632412,0.11,-0.09,-0.05,-0.06,-0.06,-0.06,46.6,-74.9,87.8,50.16,2.57,43.221752,-0.051704,12,3,7.84,434.20
1632718,0.09,-0.11,-0.03,-0.06,-0.12,-0.18,46.6,-74.9,87.8,50.16,2.56,43.221752,-0.051704,12,3,7.84,434.20
1633024,0.10,-0.07,-0.07,0.00,-0.12,0.12,46.6,-74.9,87.8,50.17,2.52,43.221752,-0.051704,12,3,7.85,434.20
1633636,0.09,-0.09,-0.05,0.18,-0.18,0.00,46.6,-74.9,87.8,50.17,2.50,43.221752,-0.051704,12,3,7.85,434.20
1633942,0.10,-0.09,-0.07,-0.12,-0.18,0.12,46.6,-74.9,87.8,50.18,2.49,43.221752,-0.051703,12,3,7.83,434.20
1634554,0.10,-0.11,-0.05,0.06,0.06,-0.06,46.6,-74.9,87.8,50.18,2.47,43.221752,-0.051703,12,3,7.83,434.29
1634860,0.09,-0.09,-0.05,0.18,-0.12,0.06,46.6,-74.9,87.8,50.19,2.50,43.221752,-0.051703,12,3,7.83,434.29
1635166,0.11,-0.09,-0.01,0.06,-0.12,0.18,46.6,-74.9,87.8,50.19,2.50,43.221752,-0.051703,12,3,7.84,434.29
1635778,0.10,-0.12,-0.05,0.06,0.00,0.18,46.6,-74.9,87.8,50.20,2.50,43.221752,-0.051703,12,3,7.84,434.29
1636084,0.09,-0.09,-0.07,0.06,-0.06,-0.06,46.6,-74.9,87.8,50.20,2.51,43.221752,-0.051703,12,3,7.83,434.29
1636390,0.09,-0.09,-0.05,-0.06,0.06,0.06,46.6,-74.9,87.8,50.21,2.50,43.221752,-0.051703,12,3,7.83,434.29
1636696,0.11,-0.11,-0.07,0.18,-0.06,0.00,46.6,-74.9,87.8,50.21,2.48,43.221752,-0.051703,12,3,7.83,434.29
1637308,0.10,-0.07,-0.07,-0.12,0.00,0.00,46.6,-74.9,87.8,50.22,2.53,43.221752,-0.051703,12,3,7.84,434.39
1637614,0.10,-0.07,-0.05,-0.06,0.06,0.18,46.6,-74.9,87.8,50.22,2.52,43.221752,-0.051703,12,3,7.84,434.39
1638226,0.09,-0.11,-0.05,-0.06,0.06,0.06,46.6,-74.9,87.8,50.23,2.54,43.221752,-0.051703,12,3,7.84,434.39
1638838,0.11,-0.09,-0.07,0.00,0.06,0.00,46.6,-74.9,87.8,50.24,2.54,43.221752,-0.051703,12,3,7.84,434.39
1639144,0.09,-0.09,-0.07,0.12,0.06,-0.18,46.6,-74.9,87.8,50.24,2.56,43.221752,-0.051703,12,3,7.83,434.39
1639450,0.11,-0.11,-0.10,0.12,0.06,0.00,46.6,-74.9,87.8,50.24,2.55,43.221752,-0.051703,12,3,7.83,434.39
1639756,0.10,-0.07,-0.07,0.00,0.00,-0.18,46.6,-74.9,87.8,50.25,2.54,43.221752,-0.051703,12,3,7.83,434.39
1640368,0.11,-0.11,-0.05,-0.06,0.12,-0.12,46.6,-74.9,87.8,50.26,2.54,43.221752,-0.051703,12,3,7.83,434.39
1640674,0.10,-0.09,-0.05,0.12,-0.12,-0.06,46.6,-74.9,87.8,50.26,2.54,43.221752,-0.051703,12,3,7.83,434.39
1640980,0.11,-0.09,-0.05,0.00,-0.06,0.00,46.6,-74.9,87.8,50.26,2.51,43.221752,-0.051703,12,3,7.84,434.50
1641286,0.09,-0.10,-0.01,0.00,0.06,0.25,46.6,-74.9,87.8,50.27,2.53,43.221752,-0.051703,12,3,7.84,434.50
1641898,0.09,-0.11,-0.07,0.12,0.12,0.06,46.6,-74.9,87.8,50.28,2.53,43.221752,-0.051703,12,3,7.84,434.50
1642204,0.11,-0.10,-0.03,0.06,-0.12,-0.18,46.6,-74.9,87.8,50.28,2.50,43.221752,-0.051703,12,3,7.84,434.50
1642510,0.10,-0.11,-0.05,-0.06,0.00,0.06,46.6,-74.9,87.8,50.28,2.51,43.221752,-0.051703,12,3,7.84,434.50
1643122,0.11,-0.09,-0.05,0.00,0.00,-0.12,46.6,-74.9,87.8,50.29,2.56,43.221752,-0.051703,12,3,7.84,434.50
1643428,0.07,-0.11,-0.03,-0.06,-0.06,-0.06,46.6,-74.9,87.8,50.30,2.57,43.221752,-0.051703,12,3,7.84,434.50
1644040,0.10,-0.09,-0.03,0.06,0.18,-0.06,46.6,-74.9,87.8,50.30,2.55,43.221752,-0.051703,12,3,7.85,434.50
1644346,0.10,-0.11,-0.03,0.00,0.00,0.06,46.6,-74.9,87.8,50.31,2.54,43.221752,-0.051703,12,3,7.85,434.50
1644652,0.09,-0.11,-0.07,0.00,-0.06,-0.25,46.6,-74.9,87.8,50.31,2.54,43.221752,-0.051703,12,3,7.85,434.50
1644958,0.09,-0.07,-0.07,0.12,0.06,-0.25,46.6,-74.9,87.8,50.32,2.53,43.221752,-0.051703,12,3,7.85,434.50
1645570,0.10,-0.09,-0.07,-0.12,-0.06,0.18,46.6,-74.9,87.8,50.32,2.54,43.221752,-0.051703,12,3,7.85,434.50
1645876,0.10,-0.11,-0.05,-0.06,-0.18,0.00,46.6,-74.9,87.8,50.33,2.53,43.221752,-0.051703,12,3,7.85,434.50
1646488,0.10,-0.11,-0.05,-0.06,0.00,0.18,46.6,-74.9,87.8,50.33,2.64,43.221752,-0.051703,12,3,7.84,434.50
1646794,0.10,-0.09,-0.03,0.00,-0.18,0.06,46.6,-74.9,87.8,50.34,2.58,43.221752,-0.051703,12,3,7.84,434.50
1647406,0.07,-0.10,-0.07,0.06,-0.12,0.12,46.6,-74.9,87.8,50.34,2.60,43.221752,-0.051703,12,3,7.84,434.50
1647712,0.10,-0.09,-0.07,0.00,0.00,0.12,46.6,-74.9,87.8,50.34,2.61,43.221752,-0.051703,12,3,7.84,434.50
1648018,0.10,-0.10,-0.07,0.00,-0.06,-0.06,46.6,-74.9,87.8,50.34,2.63,43.221752,-0.051703,12,3,7.84,434.50
1648630,0.07,-0.10,-0.03,-0.06,0.06,0.00,46.6,-74.9,87.8,50.35,2.63,43.221752,-0.051703,12,3,7.83,434.50
1648936,0.07,-0.10,-0.05,0.18,0.06,0.12,46.6,-74.9,87.8,50.35,2.63,43.221752,-0.051703,12,3,7.83,434.50
1649242,0.10,-0.10,-0.05,0.06,0.12,-0.12,46.6,-74.9,87.8,50.36,2.62,43.221752,-0.051703,12,3,7.84,434.50
1649548,0.09,-0.09,-0.05,-0.06,0.06,0.06,46.6,-74.9,87.8,50.36,2.61,43.221752,-0.051703,12,3,7.84,434.50
1650160,0.10,-0.11,-0.09,0.00,-0.06,0.00,46.6,-74.9,87.8,50.37,2.59,43.221752,-0.051703,12,3,7.84,434.39
1650772,0.10,-0.09,-0.09,0.00,0.06,0.00,46.6,-74.9,87.8,50.37,2.61,43.221752,-0.051703,12,3,7.84,434.39
1651078,0.09,-0.11,-0.05,0.12,0.31,-0.12,46.6,-74.9,87.8,50.38,2.61,43.221752,-0.051703,12,3,7.84,434.39
1651690,0.10,-0.11,-0.02,-0.18,0.18,-0.12,46.6,-74.9,87.8,50.38,2.65,43.221752,-0.051703,12,3,7.84,434.39
1652302,0.07,-0.09,-0.07,0.00,-0.06,0.18,46.6,-74.9,87.8,50.39,2.64,43.221752,-0.051703,12,3,7.85,434.39
1652608,0.10,-0.10,-0.01,-0.06,0.06,0.18,46.6,-74.9,87.8,50.39,2.64,43.221752,-0.051703,12,3,7.85,434.29
1652914,0.10,-0.10,-0.09,-0.12,-0.12,0.12,46.6,-74.9,87.8,50.40,2.64,43.221752,-0.051703,12,3,7.85,434.29
1653526,0.10,-0.09,-0.02,-0.06,0.12,0.06,46.6,-74.9,87.8,50.40,2.65,43.221752,-0.051703,12,3,7.84,434.29
1653832,0.10,-0.10,-0.02,-0.06,0.00,-0.06,46.6,-74.9,87.8,50.40,2.68,43.221752,-0.051703,12,3,7.84,434.29
1654138,0.09,-0.10,-0.07,0.00,0.06,0.06,46.6,-74.9,87.8,50.40,2.70,43.221752,-0.051703,12,3,7.83,434.29
1654750,0.10,-0.09,-0.09,0.00,0.12,0.00,46.6,-74.9,87.8,50.41,2.69,43.221752,-0.051703,12,3,7.83,434.29
1655056,0.09,-0.09,-0.07,0.18,-0.12,0.12,46.6,-74.9,87.8,50.41,2.66,43.221752,-0.051703,12,3,7.83,434.29
1655668,0.10,-0.10,-0.07,0.06,-0.06,0.00,46.6,-74.9,87.8,50.42,2.66,43.221752,-0.051703,12,3,7.84,434.29
1655974,0.09,-0.12,-0.05,0.00,-0.18,0.18,46.6,-74.9,87.8,50.42,2.64,43.221752,-0.051703,12,3,7.84,434.29
1656280,0.11,-0.09,-0.09,-0.06,0.25,0.06,46.6,-74.9,87.8,50.42,2.62,43.221752,-0.051703,12,3,7.84,434.20
1656892,0.09,-0.11,-0.07,0.06,0.00,0.31,46.6,-74.9,87.8,50.43,2.64,43.221752,-0.051703,12,3,7.84,434.20
1657198,0.07,-0.10,-0.05,0.12,0.18,-0.06,46.6,-74.9,87.8,50.44,2.64,43.221752,-0.051703,12,3,7.84,434.20
1657504,0.10,-0.11,-0.05,0.06,-0.18,0.43,46.6,-74.9,87.8,50.44,2.64,43.221752,-0.051703,12,3,7.84,434.20
1658116,0.10,-0.11,-0.07,-0.06,-0.06,-0.12,46.6,-74.9,87.8,50.44,2.64,43.221752,-0.051703,12,3,7.84,434.10
1658728,0.10,-0.10,-0.05,0.06,0.12,0.06,46.6,-74.9,87.8,50.45,2.66,43.221752,-0.051703,12,3,7.84,434.10
1659340,0.11,-0.09,-0.05,0.00,0.00,0.00,46.6,-74.9,87.8,50.46,2.65,43.221752,-0.051703,12,3,7.83,434.10
1659646,0.09,-0.12,-0.05,0.06,0.06,-0.06,46.6,-74.9,87.8,50.46,2.63,43.221752,-0.051703,12,3,7.83,434.00
1659952,0.09,-0.10,-0.07,0.00,-0.06,0.00,46.6,-74.9,87.8,50.47,2.66,43.221752,-0.051703,12,3,7.83,434.00
1660564,0.07,-0.11,-0.07,0.06,0.00,-0.06,46.6,-74.9,87.8,50.47,2.67,43.221752,-0.051703,12,3,7.84,434.00
1660870,0.09,-0.11,-0.03,0.00,0.06,-0.06,46.6,-74.9,87.8,50.48,2.66,43.221752,-0.051703,12,3,7.84,433.89
1661482,0.10,-0.10,-0.05,0.00,0.00,-0.06,46.6,-74.9,87.8,50.48,2.69,43.221752,-0.051703,12,3,7.84,433.89
1661788,0.07,-0.10,-0.09,0.06,0.00,-0.25,46.6,-74.9,87.8,50.49,2.68,43.221752,-0.051703,12,3,7.84,433.89
1662400,0.07,-0.10,-0.03,0.06,-0.31,0.00,46.6,-74.9,87.8,50.49,2.67,43.221752,-0.051703,12,3,7.84,433.79
1663012,0.10,-0.11,-0.05,-0.06,0.12,-0.12,46.6,-74.9,87.8,50.50,2.67,43.221752,-0.051703,12,3,7.84,433.79
1663318,0.10,-0.10,-0.03,0.00,-0.18,0.06,46.6,-74.9,87.8,50.50,2.67,43.221752,-0.051703,12,3,7.84,433.79
1663624,0.09,-0.09,-0.02,0.06,0.06,-0.12,46.6,-74.9,87.8,50.51,2.68,43.221752,-0.051703,12,3,7.84,433.79
1664236,0.10,-0.10,-0.05,0.06,-0.12,0.12,46.6,-74.9,87.8,50.52,2.67,43.221752,-0.051703,12,3,7.84,433.79
1664542,0.11,-0.11,-0.07,0.00,-0.12,0.18,46.6,-74.9,87.8,50.52,2.64,43.221752,-0.051703,12,3,7.84,433.79
1665154,0.09,-0.13,-0.05,-0.06,0.12,-0.12,46.6,-74.9,87.8,50.53,2.67,43.221752,-0.051703,12,3,7.84,433.70
1665460,0.11,-0.09,-0.05,0.12,-0.18,0.31,46.6,-74.9,87.8,50.53,2.64,43.221752,-0.051703,12,3,7.84,433.70
1665766,0.11,-0.09,-0.07,0.06,-0.06,-0.06,46.6,-74.9,87.8,50.54,2.64,43.221752,-0.051703,12,3,7.84,433.70
1666378,0.11,-0.09,-0.03,0.00,-0.12,0.12,46.6,-74.9,87.8,50.54,2.67,43.221752,-0.051703,12,3,7.83,433.60
1666990,0.11,-0.11,-0.07,-0.06,-0.06,-0.06,46.6,-74.9,87.8,50.55,2.67,43.221752,-0.051703,12,3,7.83,433.60
1667296,0.10,-0.09,-0.03,-0.06,0.06,-0.12,46.6,-74.9,87.8,50.55,2.67,43.221752,-0.051703,12,3,7.84,433.60
1667602,0.11,-0.10,-0.05,0.06,-0.06,-0.25,46.6,-74.9,87.8,50.56,2.66,43.221752,-0.051703,12,3,7.84,433.50
1668214,0.07,-0.10,-0.07,-0.06,-0.12,0.00,46.6,-74.9,87.8,50.57,2.66,43.221752,-0.051703,12,3,7.84,433.50
1668826,0.11,-0.09,-0.05,-0.06,0.00,0.00,46.6,-74.9,87.8,50.57,2.66,43.221752,-0.051703,12,3,7.83,433.50
1669744,0.10,-0.09,-0.02,0.06,0.00,-0.06,46.6,-74.9,87.8,50.58,2.69,43.221752,-0.051703,12,3,7.84,433.50
1670050,0.07,-0.09,-0.07,0.00,0.06,-0.18,46.6,-74.9,87.8,50.59,2.69,43.221752,-0.051703,12,3,7.84,433.50
1670356,0.09,-0.09,-0.05,-0.06,-0.25,0.12,46.6,-74.9,87.8,50.59,2.70,43.221752,-0.051703,12,3,7.83,433.50
1670968,0.10,-0.09,-0.05,-0.06,0.06,0.00,46.6,-74.9,87.8,50.60,2.68,43.221752,-0.051703,12,3,7.83,433.39
1671274,0.07,-0.10,-0.02,-0.06,0.00,-0.06,46.6,-74.9,87.8,50.60,2.68,43.221752,-0.051703,12,3,7.83,433.50
1671580,0.10,-0.11,-0.05,-0.18,0.00,-0.18,46.6,-74.9,87.8,50.60,2.68,43.221752,-0.051703,12,3,7.83,433.50
1672192,0.11,-0.10,-0.01,0.12,-0.31,0.12,46.6,-74.9,87.8,50.61,2.69,43.221752,-0.051703,12,3,7.83,433.50
1672498,0.11,-0.11,-0.03,0.06,0.00,-0.18,46.6,-74.9,87.8,50.62,2.69,43.221752,-0.051703,12,3,7.83,433.50
1673110,0.10,-0.09,-0.10,0.00,-0.12,-0.06,46.6,-74.9,87.8,50.62,2.69,43.221752,-0.051703,12,3,7.83,433.50
1673416,0.09,-0.07,-0.05,-0.06,-0.06,0.06,46.6,-74.9,87.8,50.63,2.69,43.221752,-0.051703,12,3,7.83,433.50
1674028,0.09,-0.07,-0.02,-0.06,0.12,-0.06,46.6,-74.9,87.8,50.64,2.70,43.221752,-0.051703,12,3,7.83,433.39
1674640,0.09,-0.09,-0.07,-0.12,0.18,-0.12,46.6,-74.9,87.8,50.64,2.70,43.221752,-0.051703,12,3,7.83,433.50
1674946,0.10,-0.10,-0.03,0.06,-0.06,0.25,46.6,-74.9,87.8,50.65,2.70,43.221752,-0.051703,12,3,7.83,433.50
1675252,0.11,-0.11,-0.05,-0.06,-0.06,-0.12,46.6,-74.9,87.8,50.65,2.67,43.221752,-0.051703,12,3,7.83,433.50
1675864,0.10,-0.09,-0.05,0.00,-0.18,0.12,46.6,-74.9,87.8,50.66,2.69,43.221752,-0.051703,12,3,7.84,433.50
1676170,0.07,-0.11,-0.05,0.00,0.06,-0.06,46.6,-74.9,87.8,50.67,2.70,43.221752,-0.051703,12,3,7.84,433.50
1676476,0.10,-0.11,-0.07,0.00,0.00,0.06,46.6,-74.9,87.8,50.67,2.67,43.221752,-0.051703,12,3,7.83,433.50
1677088,0.09,-0.11,-0.05,0.00,0.12,0.00,46.6,-74.9,87.8,50.68,2.64,43.221752,-0.051703,12,3,7.83,433.60
1678006,0.07,-0.09,-0.05,0.00,-0.06,0.00,46.6,-74.9,87.8,50.69,2.75,43.221752,-0.051704,12,3,7.83,433.60
1678312,0.07,-0.09,-0.07,0.00,0.18,-0.12,46.6,-74.9,87.8,50.70,2.73,43.221752,-0.051704,12,3,7.83,433.70
1678618,0.10,-0.10,-0.07,0.06,0.12,0.18,46.6,-74.9,87.8,50.70,2.71,43.221752,-0.051704,12,3,7.84,433.70
1679230,0.09,-0.11,-0.07,0.00,0.06,0.18,46.6,-74.9,87.8,50.71,2.79,43.221752,-0.051704,12,3,7.84,433.70
1679536,0.11,-0.11,-0.07,-0.06,0.06,-0.06,46.6,-74.9,87.8,50.71,2.77,43.221752,-0.051703,12,3,7.83,433.70
1680148,0.09,-0.11,-0.02,0.06,-0.25,-0.12,46.6,-74.9,87.8,50.72,2.75,43.221752,-0.051703,12,3,7.83,433.79
1680454,0.10,-0.09,-0.05,-0.06,0.00,0.12,46.6,-74.9,87.8,50.72,2.74,43.221752,-0.051703,12,3,7.84,433.79
1680760,0.11,-0.09,-0.07,0.00,-0.18,0.06,46.6,-74.9,87.8,50.73,2.75,43.221752,-0.051703,12,3,7.84,433.79
1681372,0.10,-0.09,-0.05,-0.06,-0.06,0.00,46.6,-74.9,87.8,50.74,2.78,43.221752,-0.051704,12,3,7.83,433.79
1681678,0.11,-0.11,-0.05,-0.12,-0.12,0.12,46.6,-74.9,87.8,50.74,2.77,43.221752,-0.051704,12,3,7.83,433.79
1682290,0.09,-0.09,-0.07,0.12,0.12,0.37,46.6,-74.9,87.8,50.74,2.76,43.221752,-0.051704,12,3,7.83,433.79
1682902,0.10,-0.09,-0.05,-0.12,0.12,-0.12,46.6,-74.9,87.8,50.75,2.73,43.221752,-0.051703,12,3,7.82,433.79
1683208,0.09,-0.11,-0.05,0.06,-0.06,0.18,46.6,-74.9,87.8,50.76,2.72,43.221752,-0.051703,12,3,7.82,433.79
1683820,0.10,-0.09,-0.05,0.12,0.00,0.00,46.6,-74.9,87.8,50.77,2.71,43.221752,-0.051703,12,3,7.83,433.89
1684126,0.10,-0.11,-0.05,0.12,0.12,0.12,46.6,-74.9,87.8,50.77,2.71,43.221752,-0.051703,12,3,7.83,433.79
1684738,0.10,-0.10,-0.05,0.00,-0.12,0.06,46.6,-74.9,87.8,50.77,2.76,43.221752,-0.051703,12,3,7.83,433.79
1685044,0.09,-0.10,-0.07,0.00,0.00,0.12,46.6,-74.9,87.8,50.78,2.76,43.221752,-0.051703,12,3,7.83,433.79
1685350,0.09,-0.11,-0.05,0.00,-0.12,0.06,46.6,-74.9,87.8,50.78,2.77,43.221752,-0.051703,12,3,7.83,433.89
1685962,0.10,-0.10,-0.03,0.00,-0.12,0.00,46.6,-74.9,87.8,50.79,2.81,43.221752,-0.051704,12,3,7.82,433.89
1686268,0.10,-0.07,-0.05,0.00,0.06,-0.18,46.6,-74.9,87.8,50.79,2.81,43.221752,-0.051704,12,3,7.82,433.89
1686880,0.07,-0.09,-0.07,0.06,0.06,0.00,46.6,-74.9,87.8,50.80,2.84,43.221752,-0.051703,12,3,7.83,433.89
1687492,0.10,-0.09,-0.05,0.00,-0.12,-0.12,46.6,-74.9,87.8,50.81,2.82,43.221752,-0.051703,12,3,7.83,433.89
1687798,0.10,-0.09,-0.05,0.00,-0.06,-0.25,46.6,-74.9,87.8,50.81,2.81,43.221752,-0.051703,12,3,7.83,434.00
1688104,0.11,-0.09,-0.05,0.00,-0.12,-0.12,46.6,-74.9,87.8,50.82,2.81,43.221752,-0.051703,12,3,7.83,434.00
1688410,0.10,-0.10,-0.05,0.06,0.06,-0.12,46.6,-74.9,87.8,50.82,2.81,43.221752,-0.051703,12,3,7.83,434.00
1689022,0.09,-0.07,-0.05,0.12,-0.06,-0.12,46.6,-74.9,87.8,50.83,2.79,43.221752,-0.051704,12,3,7.82,434.00
1689634,0.07,-0.10,-0.09,0.06,0.00,-0.12,46.6,-74.9,87.8,50.83,2.82,43.221752,-0.051704,12,3,7.81,434.10
1689940,0.09,-0.11,-0.05,0.00,0.00,-0.06,46.6,-74.9,87.8,50.84,2.82,43.221752,-0.051704,12,3,7.81,434.10
1690552,0.10,-0.09,-0.07,0.06,0.06,-0.18,46.6,-74.9,87.8,50.84,2.80,43.221752,-0.051704,12,3,7.81,434.10
1691164,0.07,-0.10,-0.03,0.00,0.00,0.00,46.6,-74.9,87.8,50.85,2.81,43.221752,-0.051704,12,3,7.81,434.10
1691470,0.10,-0.10,-0.05,0.00,0.00,0.06,46.6,-74.9,87.8,50.85,2.81,43.221752,-0.051704,12,3,7.81,434.10
1691776,0.09,-0.11,-0.03,-0.06,0.06,-0.12,46.6,-74.9,87.8,50.86,2.84,43.221752,-0.051704,12,3,7.81,434.10
1692082,0.11,-0.11,-0.07,0.00,0.00,-0.12,46.6,-74.9,87.8,50.86,2.82,43.221752,-0.051704,12,3,7.81,434.10
1692694,0.11,-0.07,-0.09,-0.18,0.00,0.06,46.6,-74.9,87.8,50.87,2.83,43.221752,-0.051704,12,3,7.80,434.10
1693000,0.09,-0.10,-0.07,-0.06,-0.12,-0.06,46.6,-74.9,87.8,50.87,2.82,43.221752,-0.051704,12,3,7.80,434.10
1693612,0.11,-0.09,-0.07,0.00,0.18,0.12,46.6,-74.9,87.8,50.88,2.85,43.221752,-0.051704,12,3,7.81,434.10
1693918,0.10,-0.11,-0.05,0.06,0.12,-0.12,46.6,-74.9,87.8,50.88,2.85,43.221752,-0.051704,12,3,7.81,434.10
1694530,0.10,-0.10,-0.05,0.12,0.00,0.06,46.6,-74.9,87.8,50.89,2.87,43.221752,-0.051704,12,3,7.80,434.20
1695142,0.10,-0.10,-0.05,-0.18,-0.12,0.12,46.6,-74.9,87.8,50.90,2.89,43.221752,-0.051704,12,3,7.80,434.10
1695448,0.09,-0.09,-0.07,0.00,-0.06,0.00,46.6,-74.9,87.8,50.90,2.89,43.221752,-0.051704,12,3,7.80,434.10
1695754,0.09,-0.10,-0.05,-0.12,0.00,0.00,46.6,-74.9,87.8,50.90,2.89,43.221752,-0.051704,12,3,7.81,434.10
1696366,0.11,-0.10,-0.07,-0.06,-0.25,-0.06,46.6,-74.9,87.8,50.91,2.90,43.221752,-0.051704,12,3,7.81,434.10
1696672,0.09,-0.11,-0.03,-0.12,0.06,0.00,46.6,-74.9,87.8,50.91,2.89,43.221752,-0.051704,12,3,7.81,434.10
1697284,0.09,-0.11,-0.02,0.00,0.12,0.00,46.6,-74.9,87.8,50.92,2.90,43.221752,-0.051704,12,3,7.81,434.10
1697896,0.11,-0.11,-0.03,0.12,-0.12,0.06,46.6,-74.9,87.8,50.93,2.94,43.221752,-0.051704,12,3,7.79,434.10
1698202,0.09,-0.10,-0.03,0.00,0.00,0.06,46.6,-74.9,87.8,50.93,2.94,43.221752,-0.051704,12,3,7.79,434.10
1698814,0.11,-0.07,-0.09,-0.06,0.25,-0.18,46.6,-74.9,87.8,50.94,2.92,43.221752,-0.051704,12,3,7.80,434.10
1699120,0.10,-0.10,-0.07,-0.06,0.12,0.12,46.6,-74.9,87.8,50.94,2.95,43.221752,-0.051704,12,3,7.80,434.20
1699426,0.11,-0.09,-0.05,0.00,-0.18,0.18,46.6,-74.9,87.8,50.94,2.99,43.221752,-0.051704,12,3,7.80,434.20
1700038,0.09,-0.10,-0.05,0.12,-0.06,0.00,46.6,-74.9,87.8,50.95,2.92,43.221752,-0.051704,12,3,7.80,434.20
1700344,0.11,-0.10,-0.02,0.18,0.00,-0.18,46.6,-74.9,87.8,50.95,2.92,43.221752,-0.051704,12,3,7.80,434.20
1700956,0.10,-0.10,-0.07,0.18,0.00,-0.12,46.6,-74.9,87.8,50.96,2.93,43.221752,-0.051704,12,3,7.80,434.20
1701262,0.07,-0.11,-0.07,-0.06,-0.06,0.12,46.6,-74.9,87.8,50.96,2.92,43.221752,-0.051704,12,3,7.80,434.20
1701874,0.11,-0.10,-0.07,-0.06,0.06,0.12,46.6,-74.9,87.8,50.97,2.90,43.221752,-0.051704,12,3,7.81,434.20
1702180,0.10,-0.11,-0.03,0.06,0.12,-0.12,46.6,-74.9,87.8,50.97,2.90,43.221752,-0.051704,12,3,7.81,434.10
1702792,0.09,-0.09,-0.05,0.12,0.25,0.18,46.6,-74.9,87.8,50.98,2.91,43.221752,-0.051705,12,3,7.82,434.10
1703404,0.07,-0.10,-0.02,0.12,0.06,0.00,46.6,-74.9,87.8,50.98,2.99,43.221752,-0.051705,12,3,7.82,434.10
1703710,0.12,-0.10,-0.09,0.12,-0.12,-0.12,46.6,-74.9,87.8,50.99,3.00,43.221752,-0.051705,12,3,7.80,434.10
1704016,0.09,-0.11,-0.10,0.06,0.12,0.12,46.6,-74.9,87.8,50.99,3.01,43.221752,-0.051705,12,3,7.80,434.10
1704628,0.10,-0.09,-0.07,-0.06,-0.06,0.06,46.6,-74.9,87.8,50.99,3.01,43.221752,-0.051705,12,3,7.80,434.10
1704934,0.09,-0.10,-0.05,-0.12,-0.06,-0.12,46.6,-74.9,87.8,50.99,3.04,43.221752,-0.051705,12,3,7.80,434.10
1705546,0.10,-0.12,-0.05,-0.06,-0.12,-0.18,46.6,-74.9,87.8,51.00,3.04,43.221752,-0.051705,12,3,7.80,434.10
1705852,0.07,-0.11,-0.05,0.00,0.12,-0.12,46.6,-74.9,87.8,51.00,3.02,43.221752,-0.051705,12,3,7.80,434.10
1706464,0.11,-0.10,-0.07,0.00,0.06,0.00,46.6,-74.9,87.8,51.01,3.02,43.221752,-0.051705,12,3,7.80,434.10
1707076,0.07,-0.11,-0.07,0.00,0.00,0.06,46.6,-74.9,87.8,51.01,3.02,43.221752,-0.051705,12,3,7.81,434.10
1707382,0.09,-0.11,-0.07,0.06,-0.12,-0.06,46.6,-74.9,87.8,51.01,3.03,43.221752,-0.051705,12,3,7.81,434.10
1707688,0.10,-0.10,-0.03,-0.06,-0.12,0.06,46.6,-74.9,87.8,51.02,3.04,43.221752,-0.051705,12,3,7.81,434.10
1708300,0.07,-0.11,-0.05,0.00,0.18,-0.18,46.6,-74.9,87.8,51.02,3.04,43.221752,-0.051705,12,3,7.81,434.10
1708606,0.10,-0.09,-0.07,0.00,0.00,-0.12,46.6,-74.9,87.8,51.03,3.04,43.221752,-0.051705,12,3,7.81,434.10
1709218,0.11,-0.11,-0.03,0.06,-0.18,0.31,46.6,-74.9,87.8,51.03,3.04,43.221752,-0.051704,12,3,7.81,434.00
1709524,0.10,-0.10,-0.02,0.00,-0.06,0.06,46.6,-74.9,87.8,51.03,3.03,43.221752,-0.051704,12,3,7.81,434.00
1710136,0.09,-0.07,-0.05,0.00,-0.06,0.06,46.6,-74.9,87.8,51.04,3.02,43.221752,-0.051704,12,3,7.81,434.00
1710442,0.07,-0.11,-0.07,0.00,-0.06,-0.37,46.6,-74.9,87.8,51.04,3.03,43.221752,-0.051704,12,3,7.81,434.00
1711054,0.11,-0.07,-0.07,0.00,0.00,0.12,46.6,-74.9,87.8,51.05,3.02,43.221752,-0.051704,12,3,7.81,434.00
1711360,0.11,-0.10,-0.05,-0.06,0.00,-0.18,46.6,-74.9,87.8,51.05,3.01,43.221752,-0.051704,12,3,7.81,434.00
1711972,0.10,-0.07,-0.01,0.06,0.00,0.12,46.6,-74.9,87.8,51.06,3.01,43.221752,-0.051704,12,3,7.79,434.00
1712278,0.11,-0.11,-0.07,0.00,0.00,0.06,46.6,-74.9,87.8,51.06,3.02,43.221752,-0.051704,12,3,7.79,434.00
1712890,0.11,-0.11,-0.07,0.00,0.06,-0.06,46.6,-74.9,87.8,51.06,3.02,43.221752,-0.051704,12,3,7.80,434.00
1713502,0.10,-0.09,-0.05,-0.06,0.00,0.12,46.6,-74.9,87.8,51.07,3.02,43.221752,-0.051704,12,3,7.80,433.89
1713808,0.09,-0.11,-0.07,-0.06,0.06,0.00,46.6,-74.9,87.8,51.07,3.00,43.221752,-0.051704,12,3,7.79,433.89
1714420,0.10,-0.12,-0.05,0.12,-0.12,0.00,46.6,-74.9,87.8,51.08,2.99,43.221752,-0.051704,12,3,7.79,433.89
1714726,0.09,-0.10,-0.03,-0.06,0.00,0.00,46.6,-74.9,87.8,51.08,2.99,43.221752,-0.051704,12,3,7.79,433.89
1715338,0.10,-0.10,-0.09,0.06,0.12,-0.12,46.6,-74.9,87.8,51.09,3.01,43.221752,-0.051704,12,3,7.79,433.89
1715950,0.10,-0.10,-0.05,0.06,-0.06,-0.12,46.6,-74.9,87.8,51.09,3.00,43.221752,-0.051704,12,3,7.80,433.89
1716256,0.10,-0.07,-0.05,0.12,0.12,0.12,46.6,-74.9,87.8,51.10,3.02,43.221752,-0.051704,12,3,7.80,433.89
1716562,0.11,-0.07,-0.07,0.00,-0.18,0.18,46.6,-74.9,87.8,51.10,3.03,43.221752,-0.051704,12,3,7.80,433.89
1717174,0.09,-0.11,-0.05,0.06,0.06,0.00,46.6,-74.9,87.8,51.11,3.01,43.221752,-0.051704,12,3,7.83,433.89
1717480,0.11,-0.10,-0.07,-0.06,0.00,-0.12,46.6,-74.9,87.8,51.11,3.01,43.221752,-0.051704,12,3,7.83,433.89
1718092,0.11,-0.10,-0.05,0.06,0.06,0.00,46.6,-74.9,87.8,51.12,2.99,43.221752,-0.051704,12,3,7.82,433.89
1718398,0.10,-0.11,-0.07,0.12,0.00,0.00,46.6,-74.9,87.8,51.12,3.02,43.221752,-0.051704,12,3,7.82,433.89
1719010,0.10,-0.11,-0.05,-0.06,0.06,-0.06,46.6,-74.9,87.8,51.13,3.00,43.221752,-0.051704,12,3,7.82,433.89
1719622,0.11,-0.11,-0.05,0.00,0.00,-0.12,46.6,-74.9,87.8,51.13,3.05,43.221752,-0.051704,12,3,7.82,433.89
1719928,0.11,-0.10,-0.07,0.12,-0.06,0.00,46.6,-74.9,87.8,51.13,3.05,43.221752,-0.051704,12,3,7.82,433.89
1720540,0.11,-0.10,-0.07,-0.12,-0.12,0.00,46.6,-74.9,87.8,51.14,3.07,43.221752,-0.051704,12,3,7.82,433.89
1720846,0.10,-0.11,-0.05,0.00,0.06,0.06,46.6,-74.9,87.8,51.14,3.07,43.221752,-0.051704,12,3,7.83,433.89
1721152,0.11,-0.10,-0.05,0.06,-0.06,-0.12,46.6,-74.9,87.8,51.14,3.07,43.221752,-0.051704,12,3,7.83,433.89
1721764,0.11,-0.07,-0.10,-0.06,0.00,0.18,46.6,-74.9,87.8,51.15,3.04,43.221752,-0.051704,12,3,7.83,434.00
1722070,0.11,-0.07,-0.07,0.00,0.00,-0.18,46.6,-74.9,87.8,51.15,3.04,43.221752,-0.051704,12,3,7.83,434.00
1722682,0.09,-0.10,-0.05,0.00,0.18,-0.06,46.6,-74.9,87.8,51.16,3.02,43.221752,-0.051704,12,3,7.83,434.00
1722988,0.11,-0.10,-0.05,-0.12,0.18,-0.06,46.6,-74.9,87.8,51.16,3.00,43.221752,-0.051704,12,3,7.82,434.00
1723600,0.07,-0.11,-0.07,0.00,0.18,0.18,46.6,-74.9,87.8,51.17,3.00,43.221752,-0.051704,12,3,7.82,434.00
1723906,0.11,-0.09,-0.07,0.00,-0.06,0.18,46.6,-74.9,87.8,51.17,3.02,43.221752,-0.051704,12,3,7.82,434.00
1724518,0.10,-0.09,-0.07,0.06,0.18,0.00,46.6,-74.9,87.8,51.18,3.03,43.221752,-0.051704,12,3,7.82,434.00
1724824,0.11,-0.11,-0.03,0.12,0.06,-0.12,46.6,-74.9,87.8,51.18,3.04,43.221752,-0.051704,12,3,7.82,434.10
1725436,0.10,-0.10,-0.05,0.06,-0.06,-0.06,46.6,-74.9,87.8,51.19,3.05,43.221752,-0.051704,12,3,7.82,434.10
1725742,0.11,-0.10,-0.00,0.00,0.12,0.12,46.6,-74.9,87.8,51.19,3.06,43.221752,-0.051704,12,3,7.82,434.10
1726048,0.10,-0.09,-0.03,-0.06,-0.06,0.06,46.6,-74.9,87.8,51.19,3.05,43.221752,-0.051704,12,3,7.83,434.10
1726660,0.09,-0.10,-0.05,0.00,0.06,-0.25,46.6,-74.9,87.8,51.20,3.03,43.221752,-0.051704,12,3,7.83,434.10
1727272,0.07,-0.09,-0.03,0.06,-0.18,-0.06,46.6,-74.9,87.8,51.21,3.05,43.221752,-0.051704,12,3,7.83,434.10
1727884,0.09,-0.11,-0.05,0.00,-0.12,0.12,46.6,-74.9,87.8,51.22,3.03,43.221752,-0.051704,12,3,7.82,434.10
1728190,0.09,-0.11,-0.02,0.00,0.18,-0.06,46.6,-74.9,87.8,51.22,3.03,43.221752,-0.051704,12,3,7.82,434.10
1728496,0.10,-0.10,-0.07,0.06,0.00,0.12,46.6,-74.9,87.8,51.22,3.06,43.221752,-0.051704,12,3,7.82,434.20
1729108,0.11,-0.11,-0.10,-0.06,0.06,-0.18,46.6,-74.9,87.8,51.23,3.06,43.221752,-0.051704,12,3,7.82,434.20
1729414,0.10,-0.10,-0.07,0.06,0.06,0.18,46.6,-74.9,87.8,51.23,3.02,43.221752,-0.051704,12,3,7.82,434.20
1729720,0.10,-0.11,-0.05,-0.12,0.06,0.12,46.6,-74.9,87.8,51.23,3.00,43.221752,-0.051704,12,3,7.82,434.20
1730332,0.11,-0.10,-0.07,0.06,0.00,0.06,46.6,-74.9,87.8,51.24,3.05,43.221752,-0.051704,12,3,7.83,434.20
1730638,0.10,-0.09,-0.05,0.06,-0.31,0.06,46.6,-74.9,87.8,51.24,3.03,43.221752,-0.051704,12,3,7.83,434.20
1730944,0.10,-0.10,-0.07,0.12,0.12,-0.12,46.6,-74.9,87.8,51.25,3.03,43.221752,-0.051704,12,3,7.82,434.20
1731556,0.09,-0.11,-0.02,-0.06,0.12,-0.12,46.6,-74.9,87.8,51.25,3.05,43.221752,-0.051704,12,3,7.82,434.20
1732168,0.07,-0.10,-0.07,-0.06,0.18,0.00,46.6,-74.9,87.8,51.26,3.02,43.221752,-0.051704,12,3,7.83,434.20
1734004,0.09,-0.09,-0.05,0.00,-0.06,0.31,46.6,-74.9,87.8,51.28,3.11,43.221752,-0.051704,12,3,7.92,434.29
1734922,0.10,-0.10,-0.03,0.06,-0.06,-0.12,46.6,-74.9,87.8,51.30,2.96,43.221752,-0.051704,12,3,7.92,434.39
1735534,0.10,-0.13,-0.07,0.06,-0.18,-0.12,46.6,-74.9,87.8,51.31,2.95,43.221752,-0.051704,12,3,7.92,434.39
1735840,0.07,-0.11,-0.09,-0.18,0.12,0.00,46.6,-74.9,87.8,51.31,2.94,43.221752,-0.051704,12,3,7.92,434.39
1736146,0.09,-0.10,-0.05,0.06,0.00,0.06,46.6,-74.9,87.8,51.32,2.91,43.221752,-0.051704,12,3,7.92,434.39
1737064,0.11,-0.10,-0.05,0.00,0.06,-0.12,46.6,-74.9,87.8,51.34,2.91,43.221752,-0.051704,12,3,7.92,434.39
1737370,0.10,-0.11,-0.03,0.00,0.12,-0.06,46.6,-74.9,87.8,51.34,2.91,43.221752,-0.051704,12,3,7.92,434.39
1737982,0.10,-0.10,-0.10,-0.06,0.00,0.25,46.6,-74.9,87.8,51.35,2.93,43.221752,-0.051704,12,3,7.92,434.39
1738288,0.10,-0.10,-0.07,0.00,0.12,0.06,46.6,-74.9,87.8,51.35,2.94,43.221752,-0.051704,12,3,7.92,434.39
1738900,0.05,-0.10,-0.05,0.06,0.00,0.06,46.6,-74.9,87.8,51.36,2.99,43.221752,-0.051704,12,3,7.92,434.29
1739206,0.11,-0.10,-0.02,0.06,-0.06,0.06,46.6,-74.9,87.8,51.36,3.02,43.221752,-0.051704,12,3,7.92,434.39
1739512,0.09,-0.10,-0.02,0.06,0.12,-0.06,46.6,-74.9,87.8,51.37,3.05,43.221752,-0.051704,12,3,7.92,434.39
1740124,0.07,-0.11,-0.05,-0.06,0.00,0.12,46.6,-74.9,87.8,51.37,3.04,43.221752,-0.051704,12,3,7.92,434.39
1740430,0.09,-0.09,-0.05,0.00,0.06,-0.18,46.6,-74.9,87.8,51.38,3.04,43.221752,-0.051704,12,3,7.92,434.39
1740736,0.07,-0.11,-0.07,0.00,0.06,0.06,46.6,-74.9,87.8,51.38,3.06,43.221752,-0.051704,12,3,7.92,434.39
1741654,0.11,-0.09,-0.05,0.00,0.18,0.00,46.6,-74.9,87.8,51.40,3.08,43.221752,-0.051704,12,3,7.92,434.39
1742266,0.09,-0.11,-0.03,0.12,0.00,0.18,46.6,-74.9,87.8,51.40,3.11,43.221752,-0.051704,12,3,7.92,434.39
1742572,0.10,-0.10,-0.03,0.06,0.06,0.06,46.6,-74.9,87.8,51.41,3.10,43.221752,-0.051704,12,3,7.92,434.29
1742878,0.11,-0.10,-0.01,0.06,0.12,0.18,46.6,-74.9,87.8,51.41,3.09,43.221752,-0.051704,12,3,7.92,434.29
1743490,0.07,-0.09,-0.07,0.12,-0.06,0.00,46.6,-74.9,87.8,51.41,3.11,43.221752,-0.051704,12,3,7.91,434.29
1744102,0.09,-0.10,-0.03,-0.06,0.00,-0.06,46.6,-74.9,87.8,51.42,3.12,43.221752,-0.051704,12,3,7.91,434.39
1744408,0.09,-0.11,-0.03,0.00,0.06,-0.06,46.6,-74.9,87.8,51.43,3.12,43.221752,-0.051704,12,3,7.91,434.39
1745020,0.10,-0.10,-0.07,0.12,0.06,-0.18,46.6,-74.9,87.8,51.43,3.13,43.221752,-0.051704,12,3,7.92,434.39
1745632,0.12,-0.11,-0.07,0.06,0.00,0.12,46.6,-74.9,87.8,51.44,3.12,43.221752,-0.051704,12,3,7.92,434.39
1745938,0.11,-0.10,-0.03,0.12,0.00,0.00,46.6,-74.9,87.8,51.44,3.13,43.221752,-0.051704,12,3,7.92,434.39
1746550,0.11,-0.11,-0.09,0.06,-0.06,0.06,46.6,-74.9,87.8,51.45,3.15,43.221752,-0.051704,12,3,7.92,434.39
1746856,0.07,-0.11,-0.05,-0.06,-0.06,0.00,46.6,-74.9,87.8,51.45,3.17,43.221752,-0.051704,12,3,7.92,434.39
1747162,0.11,-0.09,-0.07,0.06,-0.06,-0.12,46.6,-74.9,87.8,51.45,3.18,43.221752,-0.051704,12,3,7.91,434.39
1747774,0.10,-0.10,-0.03,0.12,-0.18,0.00,46.6,-74.9,87.8,51.46,3.19,43.221752,-0.051704,12,3,7.91,434.39
1748080,0.10,-0.10,-0.05,-0.12,-0.25,0.12,46.6,-74.9,87.8,51.46,3.19,43.221752,-0.051705,12,3,7.92,434.39
1748692,0.09,-0.11,-0.02,0.25,-0.18,-0.12,46.6,-74.9,87.8,51.47,3.21,43.221752,-0.051705,12,3,7.92,434.39
1748998,0.10,-0.10,-0.05,-0.06,-0.06,0.00,46.6,-74.9,87.8,51.47,3.21,43.221752,-0.051705,12,3,7.92,434.39
1749610,0.11,-0.10,-0.05,0.00,0.00,0.18,46.6,-74.9,87.8,51.48,3.21,43.221752,-0.051705,12,3,7.92,434.39
1750222,0.10,-0.10,-0.05,0.06,0.00,-0.12,46.6,-74.9,87.8,51.48,3.21,43.221752,-0.051705,12,3,7.92,434.39
1750528,0.10,-0.10,-0.07,0.00,-0.06,0.18,46.6,-74.9,87.8,51.49,3.21,43.221752,-0.051705,12,3,7.92,434.39
1750834,0.09,-0.10,-0.02,0.00,0.00,-0.06,46.6,-74.9,87.8,51.49,3.22,43.221752,-0.051705,12,3,7.92,434.39
1751140,0.10,-0.11,-0.01,0.00,0.00,0.06,46.6,-74.9,87.8,51.49,3.21,43.221752,-0.051705,12,3,7.91,434.39
1751752,0.10,-0.11,-0.03,-0.12,0.00,0.06,46.6,-74.9,87.8,51.50,3.21,43.221752,-0.051705,12,3,7.91,434.39
1752364,0.07,-0.09,-0.07,0.00,0.00,0.06,46.6,-74.9,87.8,51.50,3.24,43.221752,-0.051705,12,3,7.92,434.39
1752670,0.09,-0.10,-0.05,0.06,0.00,0.06,46.6,-74.9,87.8,51.51,3.21,43.221752,-0.051705,12,3,7.92,434.39
1752976,0.09,-0.10,-0.05,-0.06,0.12,-0.06,46.6,-74.9,87.8,51.51,3.22,43.221752,-0.051705,12,3,7.92,434.39
1753588,0.07,-0.09,-0.03,-0.06,0.00,0.12,46.6,-74.9,87.8,51.51,3.25,43.221752,-0.051705,12,3,7.92,434.50
1754200,0.09,-0.11,-0.07,-0.06,-0.06,-0.18,46.6,-74.9,87.8,51.52,3.25,43.221752,-0.051705,12,3,7.92,434.50
1754506,0.09,-0.11,-0.05,-0.06,0.18,-0.06,46.6,-74.9,87.8,51.52,3.24,43.221752,-0.051705,12,3,7.92,434.50
1754812,0.10,-0.11,-0.07,-0.12,-0.12,-0.06,46.6,-74.9,87.8,51.52,3.25,43.221752,-0.051705,12,3,7.92,434.50
1755424,0.09,-0.10,-0.07,-0.06,-0.06,-0.43,46.6,-74.9,87.8,51.53,3.24,43.221752,-0.051705,12,3,7.92,434.50
1755730,0.10,-0.10,-0.03,0.00,-0.06,0.18,46.6,-74.9,87.8,51.53,3.25,43.221752,-0.051705,12,3,7.92,434.50
1756342,0.09,-0.10,-0.02,0.00,0.12,0.12,46.6,-74.9,87.8,51.54,3.22,43.221759,-0.051705,12,3,7.92,434.50
1756648,0.09,-0.09,-0.03,0.00,-0.06,-0.12,46.6,-74.9,87.8,51.54,3.27,43.221759,-0.051705,12,3,7.92,434.50
1757260,0.11,-0.10,-0.05,0.12,-0.31,-0.12,46.6,-74.9,87.8,51.54,3.29,43.221752,-0.051706,12,3,7.91,434.50
1757872,0.11,-0.09,-0.07,-0.06,-0.18,0.18,46.6,-74.9,87.8,51.55,3.28,43.221752,-0.051706,12,3,7.91,434.50
1758484,0.09,-0.10,-0.07,0.06,0.00,-0.31,46.6,-74.9,87.8,51.56,3.28,43.221759,-0.051706,12,3,7.92,434.50
1759096,0.10,-0.10,-0.05,0.06,0.06,0.12,46.6,-74.9,87.8,51.56,3.32,43.221759,-0.051706,12,3,7.92,434.60
1759402,0.07,-0.11,-0.05,-0.06,0.12,-0.18,46.6,-74.9,87.8,51.56,3.38,43.221759,-0.051706,12,3,7.92,434.60
1760014,0.09,-0.11,-0.02,0.00,-0.06,0.06,46.6,-74.9,87.8,51.57,3.35,43.221759,-0.051706,12,3,7.92,434.60
1760320,0.10,-0.07,-0.07,-0.06,-0.18,0.12,46.6,-74.9,87.8,51.57,3.36,43.221759,-0.051706,12,3,7.92,434.60
1760626,0.11,-0.11,-0.05,0.00,0.12,-0.12,46.6,-74.9,87.8,51.57,3.31,43.221759,-0.051706,12,3,7.92,434.60
1761238,0.09,-0.11,-0.03,0.06,0.00,-0.06,46.6,-74.9,87.8,51.58,3.34,43.221759,-0.051706,12,3,7.92,434.60
1761544,0.10,-0.11,-0.05,-0.06,0.12,-0.06,46.6,-74.9,87.8,51.58,3.33,43.221759,-0.051706,12,3,7.92,434.60
1762156,0.10,-0.10,-0.03,-0.12,0.06,-0.18,46.6,-74.9,87.8,51.58,3.37,43.221759,-0.051706,12,3,7.92,434.60
1762768,0.09,-0.10,-0.05,0.06,0.06,0.00,46.6,-74.9,87.8,51.59,3.37,43.221759,-0.051706,12,3,7.92,434.60
1763074,0.09,-0.09,-0.07,0.06,0.12,-0.18,46.6,-74.9,87.8,51.59,3.39,43.221759,-0.051706,12,3,7.92,434.60
1763686,0.07,-0.10,-0.07,0.06,0.00,-0.12,46.6,-74.9,87.8,51.59,3.38,43.221759,-0.051706,12,3,7.91,434.60
1764298,0.09,-0.11,-0.05,-0.06,0.12,0.12,46.6,-74.9,87.8,51.60,3.37,43.221759,-0.051706,12,3,7.91,434.60
1764604,0.07,-0.10,-0.05,0.00,0.00,-0.18,46.6,-74.9,87.8,51.60,3.38,43.221759,-0.051706,12,3,7.91,434.60
1764910,0.09,-0.10,-0.03,-0.06,0.06,-0.12,46.6,-74.9,87.8,51.60,3.38,43.221759,-0.051706,12,3,7.91,434.60
1765522,0.11,-0.11,-0.05,0.00,0.18,0.00,46.6,-74.9,87.8,51.61,3.38,43.221759,-0.051706,12,3,7.91,434.60
1766134,0.11,-0.10,-0.05,0.06,0.06,0.18,46.6,-74.9,87.8,51.61,3.37,43.221759,-0.051706,12,3,7.91,434.60
1766440,0.11,-0.10,-0.05,0.00,-0.18,0.00,46.6,-74.9,87.8,51.62,3.37,43.221759,-0.051706,12,3,7.92,434.60
1766746,0.10,-0.11,-0.05,0.06,-0.12,0.00,46.6,-74.9,87.8,51.62,3.34,43.221759,-0.051706,12,3,7.92,434.60
1767358,0.07,-0.12,-0.07,0.00,-0.12,0.18,46.6,-74.9,87.8,51.63,3.38,43.221759,-0.051706,12,3,7.91,434.60
1767970,0.09,-0.10,-0.05,-0.06,0.00,0.12,46.6,-74.9,87.8,51.63,3.37,43.221759,-0.051706,12,3,7.91,434.60
1768276,0.11,-0.10,-0.05,0.12,-0.06,-0.12,46.6,-74.9,87.8,51.63,3.39,43.221759,-0.051706,12,3,7.91,434.60
1768582,0.10,-0.10,-0.05,-0.12,0.12,0.00,46.6,-74.9,87.8,51.63,3.40,43.221759,-0.051706,12,3,7.91,434.60
1769194,0.11,-0.11,-0.05,0.00,-0.18,0.12,46.6,-74.9,87.8,51.64,3.41,43.221759,-0.051706,12,3,7.91,434.70
1769500,0.11,-0.11,-0.05,0.00,0.00,0.06,46.6,-74.9,87.8,51.64,3.39,43.221759,-0.051706,12,3,7.91,434.70
1770112,0.07,-0.09,-0.05,-0.06,0.00,0.06,46.6,-74.9,87.8,51.65,3.38,43.221759,-0.051706,12,3,7.91,434.70
1770418,0.09,-0.05,-0.01,0.06,-0.18,0.25,46.6,-74.9,87.8,51.65,3.40,43.221759,-0.051706,12,3,7.92,434.70
1771030,0.09,-0.10,-0.02,0.00,-0.18,0.00,46.6,-74.9,87.8,51.66,3.40,43.221759,-0.051706,12,3,7.92,434.70
1771336,0.10,-0.11,-0.05,0.00,-0.06,0.00,46.6,-74.9,87.8,51.66,3.40,43.221759,-0.051706,12,3,7.92,434.70
1771948,0.10,-0.11,-0.07,-0.06,0.00,0.00,46.6,-74.9,87.8,51.66,3.40,43.221759,-0.051706,12,3,7.92,434.70
1772254,0.07,-0.13,-0.07,0.06,-0.12,0.25,46.6,-74.9,87.8,51.67,3.40,43.221759,-0.051706,12,3,7.91,434.70
1772866,0.09,-0.11,-0.03,-0.06,-0.18,0.31,46.6,-74.9,87.8,51.67,3.40,43.221759,-0.051706,12,3,7.91,434.60
1773172,0.07,-0.10,-0.02,-0.12,0.25,0.00,46.6,-74.9,87.8,51.68,3.41,43.221759,-0.051706,12,3,7.91,434.70
1773478,0.09,-0.09,-0.10,0.43,-1.00,1.12,46.6,-74.9,87.7,51.68,3.43,43.221759,-0.051706,12,3,7.92,434.70
1774090,1.08,0.55,-0.10,-201.62,89.37,-20.87,35.8,-34.1,101.7,51.68,3.46,43.221759,-0.051706,12,3,7.92,434.70
1774702,1.35,1.03,1.23,128.56,9.37,-84.43,-1.4,13.0,160.6,51.69,3.43,43.221759,-0.051707,12,3,7.91,434.79
1775008,0.90,0.93,-2.95,106.56,-27.75,-25.31,-2.3,14.3,168.1,51.70,3.48,43.221759,-0.051707,12,3,7.91,435.00
1775314,-0.19,-1.25,0.76,-31.62,-4.62,43.12,3.3,2.0,164.9,51.70,3.65,43.221759,-0.051706,12,3,7.91,435.20
1775926,0.57,0.57,-0.70,21.18,2.56,71.31,0.3,10.1,127.3,51.69,4.15,43.221759,-0.051706,12,3,7.91,435.50
1776232,0.30,-0.57,-1.13,29.37,-35.18,75.75,2.1,2.6,106.0,51.69,4.39,43.221759,-0.051706,12,3,7.91,435.50
1776538,-0.43,-0.47,0.17,-20.81,5.06,95.31,6.0,2.6,80.5,51.69,4.58,43.221759,-0.051705,12,3,7.91,435.60
1776844,-0.03,-0.36,-0.74,-19.37,1.25,94.43,3.1,4.8,54.1,51.68,4.56,43.221759,-0.051705,12,3,7.91,435.60
1777150,-0.15,-0.07,0.30,-3.62,-10.31,77.81,4.4,6.1,28.0,51.69,4.56,43.221759,-0.051705,12,3,7.91,435.60
1777762,-0.05,0.30,0.76,-26.81,-60.50,29.62,1.3,8.1,353.2,51.69,4.46,43.221759,-0.051704,12,3,7.92,435.70
1778068,-0.37,0.61,0.40,25.68,52.93,30.50,4.8,8.5,345.5,51.69,4.38,43.221759,-0.051704,12,3,7.92,435.70
1778374,1.38,-0.45,0.43,20.12,24.81,20.18,-7.3,2.9,338.6,51.69,4.28,43.221759,-0.051706,12,3,7.92,435.60
1778680,-0.37,-0.83,1.83,-25.00,-80.18,9.25,4.2,2.7,335.2,51.70,4.22,43.221759,-0.051706,12,3,7.92,435.60
1779292,1.42,-0.19,1.80,30.12,109.37,30.93,-8.5,5.3,323.3,51.70,4.51,43.221759,-0.051706,12,3,7.92,435.60
1779598,0.09,-1.82,-0.05,-76.68,-75.50,147.81,-2.1,-6.0,290.2,51.69,4.53,43.221759,-0.051706,12,3,7.92,435.70
1779904,1.73,2.91,0.31,-60.25,60.00,129.25,-12.3,26.0,251.3,51.69,4.38,43.221759,-0.051706,12,3,7.92,435.70
1780210,2.41,-0.02,1.25,50.00,-96.43,132.18,-23.8,6.1,215.8,51.69,4.39,43.221759,-0.051706,12,3,7.92,435.79
1780516,-1.79,0.37,-0.23,-49.81,-36.37,71.87,7.6,7.2,185.8,51.69,4.38,43.221759,-0.051708,12,3,7.91,435.70
1781128,2.31,-1.35,0.83,32.56,-41.50,31.68,-23.3,-4.3,153.5,51.68,5.06,43.221759,-0.051708,12,3,7.91,435.79
1781434,-0.25,-0.75,0.63,-81.43,-46.68,-30.81,-4.6,-0.3,143.8,51.67,4.99,43.221767,-0.051709,12,3,7.91,435.89
1781740,-0.91,0.90,-0.00,-6.75,20.18,-40.18,0.6,9.0,154.0,51.66,5.33,43.221767,-0.051709,12,3,7.91,435.79
1782046,0.88,-0.49,0.54,41.00,41.43,-52.93,-11.2,1.5,151.9,51.64,5.81,43.221767,-0.051709,12,3,7.91,435.79
1782658,-0.00,0.46,0.18,-2.25,1.43,-28.06,-2.0,9.2,164.1,51.63,5.33,43.221767,-0.051711,12,3,7.91,436.00
1782964,3.09,3.05,-0.17,122.68,23.18,48.06,-5.8,1.6,160.7,51.62,5.24,43.221767,-0.051711,12,3,7.91,436.10
1783270,-2.02,-3.84,-3.38,277.06,-312.18,60.56,1.3,9.5,150.1,51.61,5.33,43.221767,-0.051711,12,3,7.91,436.20
1783882,-0.44,0.60,-0.93,32.87,-72.43,132.50,42.2,-17.8,110.0,51.59,5.59,43.221767,-0.051712,12,3,7.92,436.29
1784188,-2.02,0.01,-0.11,18.93,-43.18,99.06,59.3,-11.6,95.1,51.59,5.81,43.221767,-0.051712,12,3,7.92,436.39
1784800,-0.12,-0.02,-0.37,-1.62,8.75,-24.56,7.2,-65.5,165.8,51.56,6.11,43.221767,-0.051713,12,3,7.90,436.50
1785106,0.07,-0.02,-0.35,-1.06,2.37,15.43,10.8,-69.5,158.8,51.56,6.04,43.221767,-0.051713,12,3,7.90,436.50
1785412,0.28,0.19,-0.00,-8.43,-8.68,8.12,11.8,-62.0,156.2,51.56,5.88,43.221767,-0.051713,12,3,7.91,436.50
1785718,0.12,0.00,-0.27,1.00,-5.31,0.18,10.3,-64.6,159.5,51.56,5.76,43.221767,-0.051713,12,3,7.91,436.60
1786024,0.07,-0.30,-0.07,-1.06,0.62,0.62,10.6,-64.5,160.0,51.56,5.59,43.221767,-0.051713,12,3,7.91,436.70
1786636,-0.55,-0.31,0.30,36.50,22.12,-3.12,21.0,-63.7,136.6,51.56,5.28,43.221767,-0.051714,12,3,7.91,436.70
1787248,0.38,-0.65,0.43,12.50,-7.18,-0.68,36.5,-66.2,106.0,51.56,5.07,43.221767,-0.051714,12,3,7.91,436.70
1787554,0.85,0.15,-0.20,-0.93,-2.75,9.81,37.6,-66.8,104.3,51.57,5.04,43.221767,-0.051715,12,3,7.90,436.70
1787860,-0.05,-0.20,-0.90,14.50,-32.00,-15.50,40.0,-65.5,102.1,51.57,5.02,43.221767,-0.051715,12,3,7.90,436.70
