tx_timestamp_ms,accel_x,accel_y,accel_z,gyro_x,gyro_y,gyro_z,roll,pitch,yaw,temperature,altitude,latitude,longitude,satellites,flags_raw,battery_voltage
52006,0.12,-0.00,0.12,-0.06,0.06,-0.12,-3.1,-172.1,222.6,38.70,-60.52,0.000000,0.000000,0,1,7.40
52205,0.12,-0.00,0.11,0.00,-0.06,-0.12,-3.1,-172.1,222.6,38.72,-61.39,0.000000,0.000000,0,1,7.40
52307,0.12,0.00,0.10,0.18,0.06,-0.12,-3.1,-172.1,222.6,38.73,-61.86,0.000000,0.000000,0,1,7.46
52409,0.11,0.00,0.07,0.00,0.12,-0.12,-3.1,-172.1,222.6,38.74,-62.33,0.000000,0.000000,0,1,7.46
52511,0.11,0.01,0.10,0.00,0.00,-0.12,-3.1,-172.1,222.6,38.75,-62.77,0.000000,0.000000,0,1,7.46
52613,0.10,0.00,0.07,0.06,0.12,-0.12,-3.1,-172.1,222.6,38.76,-63.11,0.000000,0.000000,0,1,7.46
52715,0.11,0.00,0.10,-0.12,0.12,0.06,-3.1,-172.1,222.6,38.76,-63.41,0.000000,0.000000,0,1,7.46
52817,0.12,0.00,0.11,-0.06,0.06,-0.12,-3.1,-172.1,222.6,38.77,-63.65,0.000000,0.000000,0,1,7.46
52919,0.11,0.01,0.11,0.00,-0.06,0.00,-3.1,-172.1,222.6,38.77,-63.95,0.000000,0.000000,0,1,7.46
53021,0.11,0.00,0.11,0.00,0.18,0.06,-3.1,-172.1,222.6,38.78,-64.26,0.000000,0.000000,0,1,7.46
53123,0.11,0.00,0.11,-0.06,0.25,0.12,-3.1,-172.1,222.6,38.79,-64.59,0.000000,0.000000,0,1,7.46
53226,0.10,0.00,0.10,0.00,0.00,0.18,-3.1,-172.1,222.6,38.80,-64.91,0.000000,0.000000,0,1,7.46
53429,0.11,0.00,0.11,0.00,-0.18,0.18,-3.1,-172.1,222.6,38.81,-65.62,0.000000,0.000000,0,1,7.46
53531,0.11,0.01,0.11,-0.12,-0.12,0.12,-3.1,-172.1,222.6,38.82,-66.00,0.000000,0.000000,0,1,7.46
53735,0.11,0.00,0.11,0.00,-0.31,0.00,-3.1,-172.1,222.6,38.84,-66.86,0.000000,0.000000,0,1,7.46
53939,0.11,0.00,0.11,0.18,0.00,0.00,-3.1,-172.1,222.6,38.86,-67.71,0.000000,0.000000,0,1,7.46
54143,0.11,0.00,0.11,0.00,0.00,0.00,-3.1,-172.1,222.6,38.88,-68.47,0.000000,0.000000,0,1,7.46
54347,0.10,0.00,0.10,-0.06,-0.18,-0.06,-3.1,-172.1,222.6,38.90,-69.39,0.000000,0.000000,0,1,7.39
54449,0.13,-0.01,0.11,0.06,0.12,-0.12,-3.1,-172.1,222.6,38.91,-69.81,0.000000,0.000000,0,1,7.39
54653,0.12,0.00,0.09,-0.12,0.06,-0.06,-3.1,-172.1,222.6,38.94,-70.64,0.000000,0.000000,0,1,7.39
54857,0.11,0.00,0.10,0.00,0.12,0.00,-3.1,-172.1,222.6,38.96,-71.48,0.000000,0.000000,0,1,7.39
55061,0.11,-0.01,0.07,0.00,-0.12,-0.06,-3.1,-172.1,222.6,38.98,-72.49,0.000000,0.000000,0,1,7.39
55265,0.09,-0.00,0.09,-0.12,0.12,-0.12,-3.1,-172.1,222.6,39.00,-73.44,0.000000,0.000000,0,1,7.49
55367,0.11,0.00,0.07,-0.06,0.25,0.00,-3.1,-172.1,222.6,39.02,-73.88,0.000000,0.000000,0,1,7.49
55571,0.11,0.00,0.11,0.06,0.00,0.06,-3.1,-172.1,222.6,39.04,-74.89,0.000000,0.000000,0,1,7.49
55775,0.10,-0.00,0.11,-0.06,0.00,-0.06,-3.1,-172.1,222.6,39.07,-76.02,0.000000,0.000000,0,1,7.49
55979,0.11,0.00,0.11,-0.06,-0.06,0.00,-3.1,-172.1,222.6,39.10,-77.15,0.000000,0.000000,0,1,7.49
56183,0.11,-0.00,0.10,0.00,0.00,-0.06,-3.1,-172.1,222.6,39.12,-78.23,0.000000,0.000000,0,1,7.49
56285,0.12,-0.00,0.10,-0.06,-0.18,-0.18,-3.1,-172.1,222.6,39.14,-78.81,0.000000,0.000000,0,1,7.45
56489,0.12,-0.03,0.11,0.00,0.06,-0.06,-3.1,-172.1,222.6,39.17,-79.97,0.000000,0.000000,0,1,7.45
56693,0.11,0.00,0.11,0.06,0.25,-0.06,-3.1,-172.1,222.6,39.19,-81.11,0.000000,0.000000,0,1,7.45
56897,0.11,0.00,0.11,-0.12,0.31,0.12,-3.1,-172.1,222.6,39.22,-82.24,0.000000,0.000000,0,1,7.45
57101,0.10,-0.00,0.10,0.00,0.00,-0.06,-3.1,-172.1,222.6,39.25,-83.32,0.000000,0.000000,0,1,7.45
57203,0.11,0.00,0.11,0.06,-0.12,-0.06,-3.1,-172.1,222.6,39.26,-83.86,0.000000,0.000000,0,1,7.45
57407,0.11,0.00,0.10,-0.06,0.12,0.00,-3.1,-172.1,222.6,39.29,-85.07,0.000000,0.000000,0,1,7.45
57611,0.10,-0.00,0.10,-0.06,0.00,-0.06,-3.1,-172.1,222.6,39.32,-86.17,0.000000,0.000000,0,1,7.45
57815,0.11,0.00,0.07,-0.12,0.00,0.06,-3.1,-172.1,222.6,39.34,-87.27,0.000000,0.000000,0,1,7.45
58019,0.12,-0.02,0.10,0.12,0.00,0.12,-3.1,-172.1,222.6,39.37,-88.26,0.000000,0.000000,0,1,7.45
58121,0.07,-0.02,0.11,0.00,0.18,0.12,-3.1,-172.1,222.6,39.38,-88.82,0.000000,0.000000,0,1,7.45
58325,0.11,-0.01,0.11,0.06,-0.18,0.00,-3.1,-172.1,222.6,39.41,-89.96,0.000000,0.000000,0,1,7.45
58529,0.12,0.00,0.13,0.12,-0.18,0.12,-3.1,-172.1,222.6,39.44,-91.22,0.000000,0.000000,0,1,7.45
58733,0.11,0.00,0.11,-0.06,-0.06,0.00,-3.1,-172.1,222.6,39.47,-92.37,0.000000,0.000000,0,1,7.45
58937,0.11,-0.02,0.11,0.00,0.25,-0.06,-3.1,-172.1,222.6,39.49,-93.70,0.000000,0.000000,0,1,7.45
59039,0.13,0.00,0.12,0.06,0.06,-0.06,-3.1,-172.1,222.6,39.51,-94.39,0.000000,0.000000,0,1,7.45
59243,0.11,0.00,0.11,-0.06,0.00,-0.18,-3.1,-172.1,222.6,39.54,-95.70,0.000000,0.000000,0,1,7.45
59447,0.10,-0.02,0.12,0.06,0.25,0.00,-3.1,-172.1,222.6,39.57,-96.93,0.000000,0.000000,0,1,7.40
59651,0.11,0.00,0.12,0.06,-0.25,0.00,-3.1,-172.1,222.6,39.60,-97.96,0.000000,0.000000,0,1,7.40
59855,0.11,-0.00,0.12,0.06,-0.18,0.00,-3.1,-172.1,222.6,39.62,-98.91,0.000000,0.000000,0,1,7.40
59957,0.10,0.00,0.13,-0.12,0.00,-0.06,-3.1,-172.1,222.6,39.63,-99.53,0.000000,0.000000,0,1,7.40
60161,0.11,-0.01,0.10,-0.12,-0.31,0.12,-3.1,-172.1,222.6,39.66,-100.85,0.000000,0.000000,0,1,7.40
60365,0.12,-0.00,0.11,0.00,-0.06,-0.06,-3.1,-172.1,222.6,39.69,-102.19,0.000000,0.000000,0,1,7.38
60467,0.11,0.00,0.07,0.06,0.00,-0.12,-3.1,-172.1,222.6,39.71,-102.91,0.000000,0.000000,0,1,7.38
60773,0.11,-0.00,0.05,0.00,0.18,0.12,-3.1,-172.1,222.6,39.75,-104.91,0.000000,0.000000,0,1,7.38
60875,0.12,-0.02,0.11,0.06,-0.18,0.12,-3.1,-172.1,222.6,39.77,-105.42,0.000000,0.000000,0,1,7.38
61079,0.11,-0.01,0.11,-0.06,0.00,-0.12,-3.1,-172.1,222.6,39.79,-106.27,0.000000,0.000000,0,1,7.38
61283,0.11,-0.00,0.07,0.00,0.06,0.06,-3.1,-172.1,222.6,39.81,-107.07,0.000000,0.000000,0,1,7.38
61385,0.11,-0.01,0.07,0.06,0.00,-0.06,-3.1,-172.1,222.6,39.82,-107.45,0.000000,0.000000,0,1,7.42
61691,0.11,-0.00,0.10,-0.06,0.06,0.00,-3.1,-172.1,222.6,39.85,-108.79,0.000000,0.000000,0,1,7.42
61793,0.11,-0.02,0.11,0.12,-0.06,0.12,-3.1,-172.1,222.6,39.87,-109.25,0.000000,0.000000,0,1,7.42
61997,0.10,0.00,0.11,0.12,0.00,0.18,-3.1,-172.1,222.6,39.89,-110.37,0.000000,0.000000,0,1,7.42
62201,0.13,-0.00,0.11,-0.06,-0.12,0.06,-3.1,-172.1,222.6,39.92,-111.50,0.000000,0.000000,0,1,7.42
62303,0.11,0.00,0.11,-0.06,0.06,0.12,-3.1,-172.1,222.6,39.93,-112.09,0.000000,0.000000,0,1,7.42
62609,0.12,-0.01,0.11,0.06,0.00,-0.12,-3.1,-172.1,222.6,39.97,-113.92,0.000000,0.000000,0,1,7.45
62711,0.12,-0.01,0.09,-0.06,0.18,0.12,-3.1,-172.1,222.6,39.99,-114.59,0.000000,0.000000,0,1,7.45
62915,0.11,-0.00,0.11,-0.06,-0.12,-0.06,-3.1,-172.1,222.6,40.01,-115.75,0.000000,0.000000,0,1,7.45
63119,0.11,-0.02,0.11,-0.06,0.00,-0.06,-3.1,-172.1,222.6,40.05,-116.90,0.000000,0.000000,0,1,7.45
63221,0.10,-0.01,0.11,0.06,0.06,0.06,-3.1,-172.1,222.6,40.06,-117.49,0.000000,0.000000,0,1,7.45
63527,0.11,-0.02,0.11,0.06,0.12,0.06,-3.1,-172.1,222.6,40.10,-119.46,0.000000,0.000000,0,1,7.43
63629,0.11,-0.00,0.09,0.12,-0.12,0.06,-3.1,-172.1,222.6,40.11,-120.09,0.000000,0.000000,0,1,7.43
63833,0.12,-0.00,0.09,0.06,0.00,0.18,-3.1,-172.1,222.6,40.14,-121.38,0.000000,0.000000,0,1,7.43
64037,0.10,-0.01,0.11,-0.06,-0.18,0.00,-3.1,-172.1,222.6,40.17,-122.20,0.000000,0.000000,0,1,7.43
64139,0.11,-0.00,0.11,0.18,-0.12,0.31,-3.1,-172.1,222.6,40.18,-122.55,0.000000,0.000000,0,1,7.43
64343,0.11,-0.01,0.11,0.06,0.00,0.06,-3.1,-172.1,222.6,40.20,-123.34,0.000000,0.000000,0,1,7.41
64547,0.09,-0.01,0.10,0.12,0.06,0.12,-3.1,-172.1,222.6,40.22,-124.31,0.000000,0.000000,0,1,7.41
64751,0.10,-0.02,0.11,0.06,-0.06,0.06,-3.1,-172.1,222.6,40.24,-125.42,0.000000,0.000000,0,1,7.41
64955,0.11,-0.02,0.13,0.06,0.06,0.06,-3.1,-172.1,222.6,40.26,-126.52,0.000000,0.000000,0,1,7.41
65057,0.09,-0.02,0.11,0.06,0.06,0.06,-3.1,-172.1,222.6,40.27,-126.99,0.000000,0.000000,0,1,7.41
65261,0.11,-0.01,0.10,-0.06,0.06,0.00,-3.1,-172.1,222.6,40.29,-128.02,0.000000,0.000000,0,1,7.41
65465,0.10,-0.02,0.09,-0.06,0.06,0.00,-3.1,-172.1,222.6,40.32,-128.93,0.000000,0.000000,0,1,7.45
65669,0.11,-0.01,0.10,0.06,0.00,0.12,-3.1,-172.1,222.6,40.34,-129.51,0.000000,0.000000,0,1,7.45
65873,0.12,-0.00,0.09,0.00,0.25,-0.25,-3.1,-172.1,222.6,40.35,-130.23,0.000000,0.000000,0,1,7.45
65975,0.11,-0.00,0.10,-0.06,0.00,-0.12,-3.1,-172.1,222.6,40.36,-130.70,0.000000,0.000000,0,1,7.45
66179,0.13,-0.00,0.12,0.06,0.00,0.06,-3.1,-172.1,222.6,40.39,-131.77,0.000000,0.000000,0,1,7.45
66383,0.12,-0.00,0.07,0.06,-0.18,0.00,-3.1,-172.1,222.6,40.41,-132.86,0.000000,0.000000,0,1,7.34
66587,0.11,-0.01,0.09,0.06,0.06,-0.06,-3.1,-172.1,222.6,40.43,-133.75,0.000000,0.000000,0,1,7.34
66791,0.13,-0.00,0.07,-0.12,-0.25,0.06,-3.1,-172.1,222.6,40.45,-134.70,0.000000,0.000000,0,1,7.34
66893,0.11,-0.02,0.10,-0.06,0.06,-0.06,-3.1,-172.1,222.6,40.46,-135.24,0.000000,0.000000,0,1,7.34
67097,0.12,-0.02,0.10,-0.06,-0.18,0.00,-3.1,-172.1,222.6,40.49,-136.31,0.000000,0.000000,0,1,7.34
67301,0.10,-0.01,0.07,-0.06,-0.25,0.12,-3.1,-172.1,222.6,40.51,-137.57,0.000000,0.000000,0,1,7.34
67505,0.12,0.00,0.11,0.00,0.06,0.06,-3.1,-172.1,222.6,40.54,-138.50,0.000000,0.000000,0,1,7.46
67709,0.11,-0.02,0.11,0.12,0.12,-0.06,-3.1,-172.1,222.6,40.56,-139.48,0.000000,0.000000,0,1,7.46
67811,0.11,-0.00,0.11,0.06,-0.06,0.00,-3.1,-172.1,222.6,40.57,-140.03,0.000000,0.000000,0,1,7.46
68015,0.11,-0.02,0.11,0.00,0.25,0.06,-3.1,-172.1,222.6,40.60,-141.06,0.000000,0.000000,0,1,7.46
68219,0.13,-0.01,0.12,-0.12,-0.18,0.18,-3.1,-172.1,222.6,40.62,-142.08,0.000000,0.000000,0,1,7.46
68423,0.12,-0.01,0.11,0.06,0.12,0.00,-3.1,-172.1,222.6,40.65,-143.09,0.000000,0.000000,0,1,7.35
68627,0.11,0.00,0.11,0.00,-0.12,0.25,-3.1,-172.1,222.6,40.67,-143.98,0.000000,0.000000,0,1,7.35
68729,0.12,0.00,0.11,0.00,0.06,0.06,-3.1,-172.1,222.6,40.68,-144.39,0.000000,0.000000,0,1,7.35
68933,0.11,-0.02,0.10,0.12,0.06,0.06,-3.1,-172.1,222.6,40.70,-145.21,0.000000,0.000000,0,1,7.35
69137,0.11,0.00,0.10,0.12,0.18,0.06,-3.1,-172.1,222.6,40.72,-146.14,0.000000,0.000000,0,1,7.35
69341,0.11,-0.01,0.11,0.06,0.06,0.06,-3.1,-172.1,222.6,40.74,-147.06,0.000000,0.000000,0,1,7.35
69545,0.11,-0.02,0.07,0.18,-0.18,0.18,-3.1,-172.1,222.6,40.76,-147.98,0.000000,0.000000,0,1,7.41
69647,0.10,-0.02,0.07,-0.12,-0.06,0.06,-3.1,-172.1,222.6,40.77,-148.40,0.000000,0.000000,0,1,7.41
69851,0.11,-0.01,0.11,0.00,-0.18,0.06,-3.1,-172.1,222.6,40.79,-149.35,0.000000,0.000000,0,1,7.41
70055,0.11,-0.02,0.11,0.12,0.18,-0.06,-3.1,-172.1,222.6,40.81,-150.30,0.000000,0.000000,0,1,7.41
70259,0.12,-0.01,0.11,0.12,-0.18,0.00,-3.1,-172.1,222.6,40.84,-151.29,0.000000,0.000000,0,1,7.41
70463,0.12,-0.02,0.11,0.00,0.18,0.06,-3.1,-172.1,222.6,40.86,-152.22,0.000000,0.000000,0,1,7.40
70565,0.12,0.00,0.11,0.12,0.25,-0.06,-3.1,-172.1,222.6,40.87,-152.71,0.000000,0.000000,0,1,7.40
70769,0.12,-0.02,0.11,-0.18,-0.18,-0.06,-3.1,-172.1,222.6,40.89,-153.69,0.000000,0.000000,0,1,7.40
70973,0.09,-0.01,0.09,-0.06,0.00,0.06,-3.1,-172.1,222.6,40.92,-154.69,0.000000,0.000000,0,1,7.40
71177,0.09,-0.02,0.10,0.00,0.12,-0.06,-3.1,-172.1,222.6,40.94,-155.69,0.000000,0.000000,0,1,7.40
71381,0.13,-0.00,0.09,-0.12,-0.06,0.00,-3.1,-172.1,222.6,40.96,-156.76,0.000000,0.000000,0,1,7.40
71585,0.09,-0.01,0.09,0.00,-0.12,-0.06,-3.1,-172.1,222.6,40.99,-157.85,0.000000,0.000000,0,1,7.37
71687,0.12,-0.02,0.07,0.06,-0.12,-0.06,-3.1,-172.1,222.6,41.00,-158.37,0.000000,0.000000,0,1,7.37
71891,0.13,-0.01,0.10,-0.12,0.12,0.12,-3.1,-172.1,222.6,41.02,-159.32,0.000000,0.000000,0,1,7.37
72095,0.12,-0.00,0.09,0.06,-0.18,0.00,-3.1,-172.1,222.6,41.05,-160.23,0.000000,0.000000,0,1,7.37
72299,0.11,-0.01,0.09,0.00,0.06,0.00,-3.1,-172.1,222.6,41.07,-161.24,0.000000,0.000000,0,1,7.37
72503,0.11,-0.01,0.07,-0.06,0.31,0.12,-3.1,-172.1,222.6,41.09,-162.36,0.000000,0.000000,0,1,7.41
72605,0.11,-0.00,0.09,-0.12,0.12,0.06,-3.1,-172.1,222.6,41.11,-162.88,0.000000,0.000000,0,1,7.41
72809,0.13,-0.01,0.07,0.00,-0.12,-0.06,-3.1,-172.1,222.6,41.13,-164.02,0.000000,0.000000,0,1,7.41
73013,0.11,-0.02,0.09,0.00,-0.12,0.00,-3.1,-172.1,222.6,41.16,-165.15,0.000000,0.000000,0,1,7.41
73217,0.11,-0.02,0.11,0.06,0.18,-0.18,-3.1,-172.1,222.6,41.18,-166.14,0.000000,0.000000,0,1,7.41
73422,0.10,-0.03,0.11,0.00,-0.06,0.00,-3.1,-172.1,222.6,41.20,-167.20,0.000000,0.000000,0,1,7.37
73523,0.11,-0.02,0.11,0.00,0.18,0.06,-3.1,-172.1,222.6,41.22,-167.69,0.000000,0.000000,0,1,7.37
73727,0.11,-0.01,0.11,-0.06,-0.06,-0.12,-3.1,-172.1,222.6,41.24,-168.81,0.000000,0.000000,0,1,7.37
73931,0.11,-0.02,0.10,0.00,0.12,0.12,-3.1,-172.1,222.6,41.26,-169.81,0.000000,0.000000,0,1,7.37
74135,0.13,-0.00,0.10,0.18,-0.06,0.00,-3.1,-172.1,222.6,41.28,-170.71,0.000000,0.000000,0,1,7.37
74339,0.11,0.00,0.11,0.12,-0.12,-0.06,-3.1,-172.1,222.6,41.30,-171.54,0.000000,0.000000,0,1,7.37
74441,0.10,-0.01,0.11,0.18,-0.18,-0.06,-3.1,-172.1,222.6,41.32,-171.95,0.000000,0.000000,0,1,7.39
74645,0.12,-0.02,0.11,-0.06,-0.31,-0.12,-3.1,-172.1,222.6,41.33,-172.78,0.000000,0.000000,0,1,7.39
74849,0.10,-0.02,0.07,0.06,-0.06,-0.06,-3.1,-172.1,222.6,41.35,-173.64,0.000000,0.000000,0,1,7.39
75053,0.11,-0.01,0.07,-0.06,0.18,0.00,-3.1,-172.1,222.6,41.37,-174.47,0.000000,0.000000,0,1,7.39
75257,0.11,-0.02,0.09,-0.12,-0.06,0.00,-3.1,-172.1,222.6,41.39,-175.33,0.000000,0.000000,0,1,7.39
75359,0.11,-0.00,0.07,0.06,-0.06,0.18,-3.1,-172.1,222.6,41.40,-175.81,0.000000,0.000000,0,1,7.39
75563,0.11,-0.01,0.11,0.00,-0.25,0.00,-3.1,-172.1,222.6,41.42,-176.86,0.000000,0.000000,0,1,7.43
75767,0.11,-0.02,0.09,0.06,-0.12,0.00,-3.1,-172.1,222.6,41.44,-177.60,0.000000,0.000000,0,1,7.43
75971,0.10,-0.00,0.10,0.12,-0.06,-0.06,-3.1,-172.1,222.6,41.46,-178.41,0.000000,0.000000,0,1,7.43
76175,0.12,-0.02,0.11,-0.06,-0.12,-0.06,-3.1,-172.1,222.6,41.48,-179.28,0.000000,0.000000,0,1,7.43
76277,0.12,-0.02,0.11,0.12,0.00,-0.12,-3.1,-172.1,222.6,41.49,-179.71,0.000000,0.000000,0,1,7.43
76481,0.11,-0.03,0.10,0.12,0.06,0.00,-3.1,-172.1,222.6,41.51,-180.57,0.000000,0.000000,0,1,7.41
76685,0.11,-0.00,0.11,0.06,-0.12,0.12,-3.1,-172.1,222.6,41.53,-181.61,0.000000,0.000000,0,1,7.41
76787,0.10,-0.02,0.10,0.06,-0.12,-0.18,-3.1,-172.1,222.6,41.55,-182.17,0.000000,0.000000,0,1,7.41
77093,0.10,-0.02,0.10,-0.06,-0.06,0.06,-3.1,-172.1,222.6,41.58,-183.64,0.000000,0.000000,0,1,7.41
77195,0.10,-0.01,0.10,0.00,-0.06,-0.12,-3.1,-172.1,222.6,41.59,-184.13,0.000000,0.000000,0,1,7.41
77399,0.11,-0.02,0.11,0.06,-0.06,0.00,-3.1,-172.1,222.6,41.62,-185.22,0.000000,0.000000,0,1,7.41
77603,0.12,-0.01,0.09,0.06,0.06,0.00,-3.1,-172.1,222.6,41.64,-186.42,0.000000,0.000000,0,1,7.46
77705,0.12,-0.02,0.11,0.25,-0.18,-0.12,-3.1,-172.1,222.6,41.66,-187.07,0.000000,0.000000,0,1,7.46
78011,0.11,-0.00,0.07,0.12,0.06,-0.12,-3.1,-172.1,222.6,41.69,-188.64,0.000000,0.000000,0,1,7.46
78113,0.11,-0.02,0.11,-0.25,-0.25,-0.12,-3.1,-172.1,222.6,41.70,-189.16,0.000000,0.000000,0,1,7.46
78317,0.11,-0.02,0.07,-0.06,0.06,-0.12,-3.1,-172.1,222.6,41.73,-190.29,0.000000,0.000000,0,1,7.46
78521,0.12,-0.02,0.07,0.00,0.12,0.06,-3.1,-172.1,222.6,41.75,-191.37,0.000000,0.000000,0,1,7.36
78623,0.12,-0.05,0.11,-0.06,-0.12,-0.12,-3.1,-172.1,222.6,41.76,-191.75,0.000000,0.000000,0,1,7.36
78929,0.11,-0.01,0.11,-0.06,-0.06,0.06,-3.1,-172.1,222.6,41.80,-193.11,0.000000,0.000000,0,1,7.36
79031,0.10,-0.01,0.11,0.00,-0.18,-0.06,-3.1,-172.1,222.6,41.81,-193.57,0.000000,0.000000,0,1,7.36
79235,0.11,-0.02,0.11,0.00,-0.18,-0.06,-3.1,-172.1,222.6,41.83,-194.38,0.000000,0.000000,0,1,7.36
79439,0.10,-0.02,0.09,0.00,0.00,0.06,-3.1,-172.1,222.6,41.84,-195.23,0.000000,0.000000,0,1,7.36
79541,0.12,0.00,0.11,0.00,-0.12,-0.12,-3.1,-172.1,222.6,41.85,-195.66,0.000000,0.000000,0,1,7.45
79847,0.12,-0.02,0.09,0.18,0.18,0.06,-3.1,-172.1,222.6,41.88,-196.83,0.000000,0.000000,0,1,7.45
79949,0.10,-0.03,0.11,0.00,0.00,-0.12,-3.1,-172.1,222.6,41.89,-197.28,0.000000,0.000000,0,1,7.45
80153,0.13,-0.03,0.11,0.12,0.06,0.06,-3.1,-172.1,222.6,41.91,-198.24,0.000000,0.000000,0,1,7.45
80357,0.13,-0.00,0.05,0.00,0.12,0.06,-3.1,-172.1,222.6,41.94,-199.43,0.000000,0.000000,0,1,7.45
80459,0.12,-0.02,0.09,-0.06,-0.06,0.00,-3.1,-172.1,222.6,41.95,-199.95,0.000000,0.000000,0,1,7.45
80765,0.11,-0.03,0.11,0.00,0.06,0.06,-3.1,-172.1,222.6,41.99,-201.71,0.000000,0.000000,0,1,7.38
80867,0.11,-0.01,0.09,-0.12,0.18,-0.06,-3.1,-172.1,222.6,42.00,-202.12,0.000000,0.000000,0,1,7.38
81071,0.11,-0.02,0.10,-0.18,0.00,-0.18,-3.1,-172.1,222.6,42.02,-203.00,0.000000,0.000000,0,1,7.38
81275,0.11,-0.00,0.07,-0.06,-0.06,0.12,-3.1,-172.1,222.6,42.04,-203.96,0.000000,0.000000,0,1,7.38
81377,0.12,-0.02,0.09,0.12,0.25,-0.06,-3.1,-172.1,222.6,42.05,-204.46,0.000000,0.000000,0,1,7.38
81581,0.11,-0.01,0.09,0.06,0.06,0.12,-3.1,-172.1,222.6,42.08,-205.45,0.000000,0.000000,0,1,7.49
81785,0.11,-0.02,0.07,0.06,0.12,0.06,-3.1,-172.1,222.6,42.10,-206.45,0.000000,0.000000,0,1,7.49
81989,0.10,-0.03,0.10,0.12,0.06,-0.25,-3.1,-172.1,222.6,42.12,-207.34,0.000000,0.000000,0,1,7.49
82193,0.11,-0.05,0.11,0.00,0.18,-0.06,-3.1,-172.1,222.6,42.14,-208.28,0.000000,0.000000,0,1,7.49
82295,0.10,-0.03,0.10,0.06,0.00,-0.43,-3.1,-172.1,222.6,42.15,-208.75,0.000000,0.000000,0,1,7.49
82499,0.11,-0.02,0.10,0.06,0.00,-0.12,-3.1,-172.1,222.6,42.18,-209.95,0.000000,0.000000,0,1,7.49
82703,0.11,-0.01,0.07,0.18,0.12,-0.06,-3.1,-172.1,222.6,42.21,-211.16,0.000000,0.000000,0,1,7.40
82907,0.15,0.00,0.12,-0.06,-0.31,0.50,-3.1,-172.1,222.6,42.23,-212.34,0.000000,0.000000,0,1,7.40
83111,0.13,-0.01,0.11,0.00,0.06,-0.12,-3.1,-172.1,222.6,42.25,-212.90,0.000000,0.000000,0,1,7.40
83213,0.12,-0.01,0.10,-0.25,0.06,-0.06,-3.1,-172.1,222.6,42.26,-213.27,0.000000,0.000000,0,1,7.40
83417,0.11,-0.02,0.11,-0.18,0.18,0.06,-3.1,-172.1,222.6,42.28,-214.23,0.000000,0.000000,0,1,7.40
83621,0.11,-0.01,0.09,0.12,-0.12,0.37,-3.1,-172.1,222.6,42.30,-215.36,0.000000,0.000000,0,1,7.43
83825,0.11,-0.02,0.10,0.00,-0.06,0.43,-3.1,-172.1,222.6,42.33,-216.46,0.000000,0.000000,0,1,7.43
84029,0.12,0.00,0.07,0.06,0.00,0.31,-3.1,-172.1,222.6,42.35,-217.35,0.000000,0.000000,0,1,7.43
84131,0.11,-0.03,0.11,0.06,-0.56,0.18,-3.1,-172.1,222.6,42.36,-217.87,0.000000,0.000000,0,1,7.43
84335,0.12,-0.03,0.10,0.00,0.25,-0.25,-3.1,-172.1,222.6,42.39,-219.03,0.000000,0.000000,0,1,7.43
84539,0.11,-0.05,0.07,0.12,-0.12,0.43,-3.1,-172.1,222.6,42.41,-220.47,0.000000,0.000000,0,1,7.36
84743,0.12,-0.01,0.09,0.00,0.06,0.06,-3.1,-172.1,222.6,42.44,-221.77,0.000000,0.000000,0,1,7.36
84947,0.12,-0.03,0.11,0.06,-0.06,0.50,-3.1,-172.1,222.6,42.46,-222.21,0.000000,0.000000,0,1,7.36
85049,0.12,-0.01,0.13,-0.06,0.25,-0.18,-3.1,-172.1,222.6,42.47,-222.52,0.000000,0.000000,0,1,7.36
85253,0.12,-0.05,0.10,0.12,-0.50,0.18,-3.1,-172.1,222.6,42.49,-223.02,0.000000,0.000000,0,1,7.36
85457,0.15,-0.01,0.11,-0.31,0.18,-0.81,-3.1,-172.1,222.6,42.50,-223.78,0.000000,0.000000,0,1,7.36
85661,0.11,-0.05,0.11,0.12,0.18,-0.18,-3.1,-172.1,222.5,42.53,-225.38,0.000000,0.000000,0,1,7.47
85865,0.10,-0.00,0.11,-0.12,-0.50,0.18,-3.1,-172.1,222.5,42.56,-227.22,0.000000,0.000000,0,1,7.47
85967,2.18,-1.65,0.81,-6.06,-0.75,4.43,-3.1,-172.2,222.6,42.58,-227.94,0.000000,0.000000,0,1,7.47
86171,0.27,-0.15,0.25,7.56,6.18,-31.18,-3.2,-172.3,222.8,42.61,-229.12,0.000000,0.000000,0,1,7.47
86375,-0.00,-0.27,-0.07,-8.06,0.06,2.18,-3.0,-172.1,222.0,42.63,-230.17,0.000000,0.000000,0,1,7.47
86579,0.49,-0.25,-0.75,-32.93,32.06,60.68,-14.5,-172.7,244.1,42.66,-231.08,0.000000,0.000000,0,1,7.41
86783,-0.54,0.45,-0.22,-103.25,70.62,-13.56,-3.0,175.1,243.5,42.67,-231.68,0.000000,0.000000,0,1,7.41
86885,0.76,-1.52,1.54,71.93,-55.68,9.25,-4.5,171.5,240.1,42.68,-232.09,0.000000,0.000000,0,1,7.41
87089,-0.56,-3.94,-0.13,48.87,1.75,-108.50,-11.3,-173.3,239.1,42.70,-232.85,0.000000,0.000000,0,1,7.41
87293,2.06,5.57,4.42,-29.18,26.81,85.93,-8.1,178.3,243.6,42.72,-233.94,0.000000,0.000000,0,1,7.41
87497,-3.02,0.30,1.09,-21.25,-404.06,63.06,-36.5,176.9,247.3,42.74,-234.95,0.000000,0.000000,0,1,7.41
87701,-0.61,0.09,1.25,-43.87,-221.12,-9.31,-81.0,60.7,136.5,42.75,-235.67,0.000000,0.000000,0,1,7.45
87803,1.57,-0.95,-0.22,45.25,-257.37,11.37,-60.5,14.1,138.7,42.75,-236.10,0.000000,0.000000,0,1,7.45
88007,1.17,0.05,0.58,15.18,-84.62,-38.87,-18.9,12.1,246.5,42.77,-236.89,0.000000,0.000000,0,1,7.45
88211,-0.97,-0.20,-0.75,-64.62,99.18,38.93,-31.8,14.5,254.4,42.78,-237.57,0.000000,0.000000,0,1,7.45
88415,-0.72,-0.01,-0.74,-5.50,6.62,14.12,-32.4,9.3,253.5,42.80,-238.38,0.000000,0.000000,0,1,7.45
88619,0.88,-0.07,0.46,32.50,-28.00,-13.18,-28.0,8.6,254.1,42.83,-239.32,0.000000,0.000000,0,1,7.46
88721,1.75,-0.70,0.12,-17.12,-51.25,-8.25,-21.7,8.1,253.5,42.83,-239.54,0.000000,0.000000,0,1,7.46
88925,0.44,-0.28,-0.13,2.93,-8.18,2.06,-21.0,7.5,252.8,42.85,-239.98,0.000000,0.000000,0,1,7.46
89129,0.27,-0.31,-0.13,0.18,-14.31,2.06,-22.3,8.1,252.4,42.87,-240.72,0.000000,0.000000,0,1,7.46
89333,0.20,-0.17,-0.10,5.81,29.18,3.31,-23.8,9.0,252.2,42.89,-241.59,0.000000,0.000000,0,1,7.46
89537,0.02,-0.30,-0.50,-34.62,48.75,28.31,-38.7,20.0,246.5,42.91,-241.90,0.000000,0.000000,0,1,7.46
89639,-0.03,-0.07,0.15,-5.62,-32.68,-3.37,-38.8,20.5,246.0,42.91,-242.14,0.000000,0.000000,0,1,7.41
89843,0.45,-0.30,0.11,-12.68,-74.81,-14.93,-34.9,17.3,247.3,42.92,-242.19,0.000000,0.000000,0,1,7.41
90047,0.01,0.01,0.30,37.93,10.50,-1.00,-24.0,15.9,249.5,42.93,-242.22,0.000000,0.000000,0,1,7.41
90251,0.15,-0.18,-0.27,-19.00,-16.87,12.31,-24.3,16.6,249.3,42.94,-242.19,0.000000,0.000000,0,1,7.41
90455,0.80,-0.27,-0.31,-3.37,-23.43,-8.56,-22.0,15.0,249.4,42.95,-243.33,0.000000,0.000000,0,1,7.41
90557,0.19,-0.12,-0.07,0.06,2.12,0.31,-21.4,14.6,249.0,42.97,-243.80,0.000000,0.000000,0,1,7.41
90761,-0.03,-0.10,-0.43,-6.06,9.18,2.75,-23.2,15.0,249.5,42.98,-244.50,0.000000,0.000000,0,1,7.41
90965,0.17,-0.15,-0.09,4.31,12.06,-3.81,-26.2,16.6,250.9,43.00,-245.48,0.000000,0.000000,0,1,7.41
91169,0.05,-0.13,-0.05,7.75,10.43,-4.56,-27.8,17.1,251.3,43.03,-246.65,0.000000,0.000000,0,1,7.41
91373,0.09,-0.12,-0.12,2.18,6.00,-1.81,-28.3,17.2,251.3,43.05,-247.29,0.000000,0.000000,0,1,7.41
91475,0.20,-0.11,-0.13,-2.93,-0.12,-1.06,-28.6,17.2,251.4,43.05,-247.47,0.000000,0.000000,0,1,7.41
91679,0.05,-0.22,-0.05,17.06,38.75,-33.06,-32.9,18.6,253.6,43.07,-248.75,0.000000,0.000000,0,1,7.48
91883,-0.05,-0.31,-0.54,22.50,84.00,-43.18,-64.4,47.0,158.3,43.10,-250.21,0.000000,0.000000,0,1,7.48
92087,-0.05,-1.27,0.15,-118.31,-36.06,45.00,-69.3,34.1,165.9,43.13,-251.76,0.000000,0.000000,0,1,7.48
92291,4.94,0.45,1.47,343.93,963.00,324.56,-21.1,159.3,298.4,43.15,-252.28,0.000000,0.000000,0,1,7.48
92393,1.32,-3.86,-0.63,9.87,-6.25,-84.75,-11.1,164.2,286.3,43.15,-249.66,0.000000,0.000000,0,1,7.48
92597,0.22,-0.22,0.28,1.56,-0.18,0.18,-11.0,164.2,286.3,43.11,-245.64,0.000000,0.000000,0,1,7.48
92801,0.12,0.15,0.46,-0.62,-0.06,0.68,-10.8,164.2,286.3,43.08,-243.44,0.000000,0.000000,0,1,7.37
93005,0.31,-0.09,0.27,-0.68,0.12,0.25,-10.8,164.3,286.4,43.06,-242.46,0.000000,0.000000,0,1,7.37
93209,0.30,-0.02,0.27,-0.18,0.00,0.12,-10.6,164.3,286.4,43.06,-242.15,0.000000,0.000000,0,1,7.37
93311,0.27,-0.07,0.28,-0.25,0.12,0.06,-10.6,164.3,286.4,43.06,-242.17,0.000000,0.000000,0,1,7.37
93515,0.15,-0.22,0.25,0.43,0.18,-0.12,-10.5,164.4,286.4,43.07,-242.43,0.000000,0.000000,0,1,7.37
93719,0.09,-0.17,0.20,0.18,0.12,-0.12,-10.4,164.5,286.4,43.08,-242.77,0.000000,0.000000,0,1,7.42
93923,0.12,-0.11,0.22,-0.06,-0.06,0.00,-10.3,164.5,286.4,43.09,-243.28,0.000000,0.000000,0,1,7.42
94127,0.13,-0.05,0.22,-0.18,0.06,0.12,-10.3,164.5,286.4,43.11,-243.92,0.000000,0.000000,0,1,7.42
94229,0.15,-0.05,0.23,-0.12,-0.25,0.18,-10.3,164.5,286.4,43.11,-244.28,0.000000,0.000000,0,1,7.42
94433,0.12,-0.15,0.20,0.18,0.06,0.06,-10.3,164.5,286.4,43.13,-244.98,0.000000,0.000000,0,1,7.42
94637,0.13,-0.11,0.18,0.06,-0.06,0.00,-10.3,164.5,286.4,43.15,-245.72,0.000000,0.000000,0,1,7.33
94841,0.13,-0.11,0.20,0.00,-0.06,0.00,-10.3,164.5,286.4,43.16,-246.48,0.000000,0.000000,0,1,7.33
95045,0.15,-0.07,0.20,-0.12,0.12,0.00,-10.3,164.5,286.4,43.18,-247.24,0.000000,0.000000,0,1,7.33
95249,0.15,-0.11,0.17,-0.06,-0.06,-0.06,-10.3,164.5,286.4,43.20,-248.03,0.000000,0.000000,0,1,7.33
95351,0.12,-0.11,0.20,0.06,0.00,-0.06,-10.3,164.5,286.4,43.21,-248.42,0.000000,0.000000,0,1,7.33
95555,0.11,-0.10,0.20,0.06,-0.12,0.12,-10.3,164.5,286.4,43.22,-249.18,0.000000,0.000000,0,1,7.33
95759,0.13,-0.09,0.20,0.00,0.06,-0.06,-10.3,164.5,286.4,43.24,-249.99,0.000000,0.000000,0,1,7.35
95963,0.15,-0.09,0.18,0.00,0.00,0.00,-10.3,164.5,286.4,43.26,-250.80,0.000000,0.000000,0,1,7.35
96167,0.13,0.00,0.18,0.37,0.00,-0.50,-10.3,164.5,286.4,43.28,-251.61,0.000000,0.000000,0,1,7.35
96269,0.22,-0.15,0.20,0.12,0.00,-0.18,-10.3,164.5,286.4,43.29,-252.03,0.000000,0.000000,0,1,7.35
96473,0.17,-0.05,0.23,-0.12,0.06,0.00,-10.2,164.5,286.4,43.30,-252.85,0.000000,0.000000,0,1,7.35
96677,0.11,-0.07,0.23,-0.06,0.25,0.06,-10.1,164.5,286.4,43.32,-253.67,0.000000,0.000000,0,1,7.36
96881,0.10,-0.07,0.22,-0.12,-0.12,0.12,-10.1,164.5,286.4,43.34,-254.44,0.000000,0.000000,0,1,7.36
97085,0.07,-0.07,0.25,0.06,0.06,0.00,-10.1,164.5,286.4,43.36,-255.23,0.000000,0.000000,0,1,7.36
97187,0.11,-0.07,0.22,0.00,0.12,-0.06,-10.1,164.5,286.4,43.36,-255.59,0.000000,0.000000,0,1,7.36
97391,0.11,-0.07,0.22,0.06,-0.06,-0.06,-10.1,164.5,286.4,43.38,-256.43,0.000000,0.000000,0,1,7.36
97595,0.10,-0.07,0.23,-0.12,-0.18,0.06,-10.1,164.5,286.4,43.40,-257.28,0.000000,0.000000,0,1,7.36
97697,0.11,-0.07,0.22,-0.06,0.00,0.12,-10.1,164.5,286.4,43.41,-257.73,0.000000,0.000000,0,1,7.37
97901,0.11,-0.07,0.23,0.00,-0.06,0.12,-10.1,164.5,286.4,43.43,-258.57,0.000000,0.000000,0,1,7.37
98105,0.11,-0.09,0.22,-0.06,0.12,-0.06,-10.1,164.5,286.4,43.45,-259.46,0.000000,0.000000,0,1,7.37
98309,0.10,-0.09,0.22,0.00,0.25,0.12,-10.1,164.5,286.4,43.47,-260.33,0.000000,0.000000,0,1,7.37
98513,0.05,-0.00,0.22,-0.25,-0.06,0.00,-10.1,164.5,286.4,43.49,-261.22,0.000000,0.000000,0,1,7.37
98615,0.10,-0.05,0.23,-0.18,-0.06,0.00,-10.1,164.5,286.4,43.50,-261.63,0.000000,0.000000,0,1,7.37
98921,0.11,-0.07,0.22,-0.12,0.06,-0.06,-10.1,164.5,286.4,43.53,-262.92,0.000000,0.000000,0,1,7.35
99023,0.11,-0.11,0.22,0.06,-0.12,0.00,-10.1,164.5,286.4,43.54,-263.32,0.000000,0.000000,0,1,7.35
99227,0.13,-0.05,0.22,-0.06,-0.25,0.00,-10.1,164.5,286.4,43.56,-264.16,0.000000,0.000000,0,1,7.35
99431,0.12,-0.05,0.22,0.00,-0.06,0.06,-10.1,164.5,286.4,43.57,-264.91,0.000000,0.000000,0,1,7.35
99635,0.11,-0.07,0.22,0.06,0.00,0.06,-10.1,164.5,286.4,43.59,-265.69,0.000000,0.000000,0,1,7.35
99839,0.11,-0.07,0.25,0.12,0.00,-0.06,-10.1,164.5,286.4,43.61,-266.49,0.000000,0.000000,0,1,7.36
100043,0.12,-0.07,0.22,0.06,0.06,0.06,-10.1,164.5,286.4,43.63,-267.36,0.000000,0.000000,0,1,7.36
100145,0.10,-0.09,0.20,0.06,0.00,-0.06,-10.1,164.5,286.4,43.64,-267.81,0.000000,0.000000,0,1,7.36
100349,0.09,-0.07,0.20,0.00,0.00,0.00,-10.1,164.5,286.4,43.66,-268.72,0.000000,0.000000,0,1,7.36
100553,0.11,-0.07,0.22,0.06,-0.18,-0.06,-10.1,164.5,286.4,43.68,-269.57,0.000000,0.000000,0,1,7.36
100757,0.10,-0.07,0.20,-0.06,-0.12,0.00,-10.1,164.5,286.4,43.70,-270.43,0.000000,0.000000,0,1,7.32
100961,0.11,-0.09,0.20,0.00,0.12,0.00,-10.1,164.5,286.4,43.72,-271.23,0.000000,0.000000,0,1,7.32
101165,0.11,-0.07,0.20,-0.12,0.06,0.06,-10.1,164.5,286.4,43.73,-272.03,0.000000,0.000000,0,1,7.32
101369,0.12,-0.09,0.22,0.12,0.06,0.00,-10.1,164.5,286.4,43.75,-272.87,0.000000,0.000000,0,1,7.32
101471,0.12,-0.09,0.22,-0.06,-0.06,0.06,-10.1,164.5,286.4,43.76,-273.29,0.000000,0.000000,0,1,7.32
101777,0.11,-0.07,0.20,0.06,0.06,-0.12,-10.1,164.5,286.4,43.79,-274.50,0.000000,0.000000,0,1,7.37
101879,0.11,-0.05,0.22,0.00,0.06,0.00,-10.1,164.5,286.4,43.80,-274.88,0.000000,0.000000,0,1,7.37
102083,0.11,-0.05,0.23,-0.18,0.18,0.06,-10.1,164.5,286.4,43.81,-275.68,0.000000,0.000000,0,1,7.37
102287,0.11,-0.07,0.22,-0.06,0.06,0.06,-10.1,164.5,286.4,43.83,-276.48,0.000000,0.000000,0,1,7.37
102491,0.11,-0.07,0.22,0.12,0.18,-0.12,-10.1,164.5,286.4,43.85,-277.27,0.000000,0.000000,0,1,7.37
102695,0.10,-0.07,0.22,0.00,-0.06,0.00,-10.1,164.5,286.4,43.86,-277.99,0.000000,0.000000,0,1,7.37
102899,0.10,-0.09,0.22,0.06,0.06,-0.06,-10.1,164.5,286.4,43.88,-278.76,0.000000,0.000000,0,1,7.35
103103,0.11,-0.05,0.25,-0.06,0.00,0.12,-10.1,164.5,286.4,43.90,-279.58,0.000000,0.000000,0,1,7.35
103205,0.10,-0.07,0.20,-0.12,-0.06,0.12,-10.1,164.5,286.4,43.91,-280.04,0.000000,0.000000,0,1,7.35
103409,0.11,-0.07,0.22,0.06,0.12,0.06,-10.1,164.5,286.4,43.93,-280.85,0.000000,0.000000,0,1,7.35
103613,0.11,-0.05,0.19,0.06,0.18,0.12,-10.1,164.5,286.4,43.95,-281.72,0.000000,0.000000,0,1,7.35
103817,0.07,-0.01,0.22,-0.18,0.06,0.00,-10.1,164.5,286.4,43.97,-282.73,0.000000,0.000000,0,1,7.41
104021,0.05,-0.05,0.23,0.00,-0.12,-0.18,-10.1,164.5,286.4,43.99,-283.72,0.000000,0.000000,0,1,7.41
104225,0.09,-0.07,0.19,0.25,-0.12,0.18,-10.1,164.5,286.4,44.01,-284.54,0.000000,0.000000,0,1,7.41
104429,0.12,-0.11,0.18,0.31,0.12,0.00,-10.1,164.5,286.4,44.03,-285.26,0.000000,0.000000,0,1,7.41
104531,0.11,-0.05,0.22,-0.25,0.06,-0.06,-10.1,164.5,286.4,44.04,-285.65,0.000000,0.000000,0,1,7.41
104837,0.11,-0.09,0.22,-0.12,0.18,0.06,-10.1,164.5,286.4,44.06,-286.82,0.000000,0.000000,0,1,7.39
104939,0.11,-0.05,0.17,-0.06,-0.12,0.12,-10.1,164.5,286.4,44.07,-287.24,0.000000,0.000000,0,1,7.39
105143,0.10,-0.07,0.22,-0.06,-0.06,0.18,-10.1,164.5,286.4,44.09,-288.08,0.000000,0.000000,0,1,7.39
105347,0.11,-0.07,0.22,-0.06,-0.06,0.00,-10.1,164.5,286.4,44.11,-288.95,0.000000,0.000000,0,1,7.39
105551,0.11,-0.05,0.22,-0.18,-0.18,-0.12,-10.1,164.5,286.4,44.13,-289.78,0.000000,0.000000,0,1,7.39
105755,0.05,-0.05,0.25,-0.12,-0.06,0.00,-10.1,164.5,286.4,44.14,-290.62,0.000000,0.000000,0,1,7.35
105959,0.10,-0.09,0.23,0.06,0.00,0.06,-10.1,164.5,286.4,44.17,-291.45,0.000000,0.000000,0,1,7.35
106163,0.11,-0.07,0.22,0.06,0.18,-0.06,-10.1,164.5,286.4,44.19,-292.34,0.000000,0.000000,0,1,7.35
106265,0.11,-0.05,0.22,-0.18,0.06,0.00,-10.1,164.5,286.4,44.19,-292.78,0.000000,0.000000,0,1,7.35
106469,0.09,-0.05,0.23,0.00,0.06,0.00,-10.1,164.5,286.4,44.21,-293.73,0.000000,0.000000,0,1,7.35
106775,0.12,-0.12,0.25,0.06,0.06,-0.06,-10.1,164.5,286.4,44.25,-295.19,0.000000,0.000000,0,1,7.36
106877,0.12,-0.07,0.19,-0.06,0.12,0.00,-10.1,164.5,286.4,44.26,-295.74,0.000000,0.000000,0,1,7.36
107081,0.10,-0.09,0.23,0.06,-0.06,-0.06,-10.1,164.5,286.4,44.28,-296.82,0.000000,0.000000,0,1,7.36
107285,0.11,-0.10,0.22,-0.12,-0.06,0.12,-10.1,164.5,286.4,44.30,-297.87,0.000000,0.000000,0,1,7.36
107489,0.12,-0.07,0.22,0.06,0.18,0.00,-10.1,164.5,286.4,44.32,-298.89,0.000000,0.000000,0,1,7.36
107693,0.10,-0.05,0.20,0.18,0.06,0.00,-10.1,164.5,286.4,44.35,-299.88,0.000000,0.000000,0,1,7.36
107897,0.20,0.73,0.75,-2.06,-0.06,0.18,-10.0,164.3,286.4,44.37,-300.92,0.000000,0.000000,0,1,7.38
108101,0.03,-0.17,0.18,0.56,0.12,-0.12,-10.0,164.3,286.4,44.39,-301.94,0.000000,0.000000,0,1,7.38
108203,-0.25,-0.02,0.33,-0.31,0.00,-0.12,-10.0,164.3,286.5,44.41,-302.45,0.000000,0.000000,0,1,7.38
108407,0.13,-0.00,0.38,-0.43,0.06,-0.37,-10.0,164.3,286.4,44.42,-303.47,0.000000,0.000000,0,1,7.38
108611,0.22,-0.03,0.10,0.43,0.12,-0.06,-10.0,164.3,286.4,44.45,-304.52,0.000000,0.000000,0,1,7.38
108815,0.22,-0.28,0.18,0.31,0.00,-0.25,-10.0,164.3,286.5,44.47,-305.45,0.000000,0.000000,0,1,7.33
109019,0.07,-0.00,0.19,0.06,0.06,0.00,-10.0,164.3,286.4,44.49,-306.41,0.000000,0.000000,0,1,7.33
109223,0.15,-0.09,0.31,0.00,0.12,-0.31,-10.0,164.3,286.4,44.51,-307.37,0.000000,0.000000,0,1,7.33
109427,0.01,-0.05,0.25,0.06,0.12,0.12,-10.0,164.3,286.4,44.53,-308.34,0.000000,0.000000,0,1,7.33
109529,0.07,-0.02,0.25,0.12,0.00,-0.06,-10.0,164.3,286.4,44.54,-308.81,0.000000,0.000000,0,1,7.33
109835,0.11,-0.11,0.15,-0.12,-0.06,0.43,-9.9,164.3,286.4,44.57,-310.31,0.000000,0.000000,0,1,7.32
109937,0.09,-0.15,0.15,0.18,0.18,-0.81,-9.9,164.4,286.4,44.59,-310.81,0.000000,0.000000,0,1,7.32
110141,0.09,-0.17,0.23,0.00,-0.06,0.25,-9.9,164.4,286.4,44.61,-311.80,0.000000,0.000000,0,1,7.32
110345,0.05,0.07,0.28,-0.37,0.00,-0.12,-9.9,164.4,286.4,44.63,-312.73,0.000000,0.000000,0,1,7.32
110549,0.07,-0.11,0.23,-0.06,0.00,-0.25,-9.9,164.4,286.4,44.65,-313.64,0.000000,0.000000,0,1,7.32
110753,0.10,-0.05,0.27,0.06,0.18,-0.06,-9.9,164.4,286.4,44.67,-314.58,0.000000,0.000000,0,1,7.32
110957,0.07,-0.03,0.22,-0.06,-0.18,-0.18,-9.9,164.4,286.4,44.69,-315.57,0.000000,0.000000,0,1,7.35
111161,0.07,-0.02,0.25,0.06,-0.18,0.12,-9.9,164.4,286.4,44.71,-316.70,0.000000,0.000000,0,1,7.35
111263,0.13,-0.09,0.23,-0.06,-0.25,0.12,-9.9,164.4,286.4,44.72,-317.21,0.000000,0.000000,0,1,7.35
111467,0.03,-0.05,0.25,-0.12,0.00,0.06,-9.9,164.4,286.4,44.74,-318.22,0.000000,0.000000,0,1,7.35
111773,0.11,-0.10,0.22,0.06,0.12,-0.06,-9.9,164.4,286.4,44.77,-319.54,0.000000,0.000000,0,1,7.35
111977,0.03,-0.05,0.25,-0.25,0.06,0.12,-9.9,164.4,286.4,44.79,-320.40,0.000000,0.000000,0,1,7.36
112079,0.09,-0.07,0.22,0.00,-0.06,0.06,-9.9,164.4,286.4,44.80,-320.85,0.000000,0.000000,0,1,7.36
112283,0.10,-0.05,0.22,0.00,0.06,0.12,-9.9,164.4,286.4,44.83,-321.74,0.000000,0.000000,0,1,7.36
112487,0.10,-0.07,0.20,0.06,-0.12,0.06,-9.9,164.4,286.4,44.84,-322.62,0.000000,0.000000,0,1,7.36
112691,0.09,-0.09,0.23,0.00,0.06,0.06,-9.9,164.4,286.4,44.86,-323.49,0.000000,0.000000,0,1,7.36
112895,0.10,-0.05,0.22,0.00,0.06,-0.06,-9.9,164.4,286.4,44.88,-324.45,0.000000,0.000000,0,1,7.32
113099,0.07,-0.07,0.20,0.18,0.06,-0.06,-9.9,164.4,286.4,44.90,-325.38,0.000000,0.000000,0,1,7.32
113303,0.10,-0.03,0.27,0.00,0.00,0.12,-9.9,164.4,286.4,44.92,-326.31,0.000000,0.000000,0,1,7.32
113405,0.11,-0.07,0.25,0.06,-0.12,0.12,-9.9,164.4,286.4,44.93,-326.74,0.000000,0.000000,0,1,7.32
113711,0.09,-0.07,0.27,0.06,-0.06,-0.12,-9.9,164.4,286.4,44.96,-327.98,0.000000,0.000000,0,1,7.32
113814,0.07,-0.05,0.25,0.00,-0.25,0.06,-9.9,164.4,286.4,44.97,-328.36,0.000000,0.000000,0,1,7.40
114017,0.10,-0.07,0.22,0.00,-0.06,0.18,-9.9,164.4,286.4,44.99,-329.22,0.000000,0.000000,0,1,7.40
114221,0.10,-0.07,0.25,0.00,0.06,0.00,-9.9,164.4,286.4,45.00,-329.99,0.000000,0.000000,0,1,7.40
114425,0.07,-0.07,0.20,0.00,-0.12,-0.06,-9.9,164.4,286.4,45.02,-330.77,0.000000,0.000000,0,1,7.40
114629,0.09,-0.05,0.25,0.00,0.12,-0.06,-9.9,164.4,286.4,45.04,-331.57,0.000000,0.000000,0,1,7.40
114833,0.07,-0.63,-1.54,12.00,5.00,5.68,-10.1,164.2,286.3,45.05,-332.43,0.000000,0.000000,0,1,7.36
115037,4.78,0.77,1.37,93.56,-35.56,-66.75,-13.1,164.6,282.3,45.06,-331.42,0.000000,0.000000,0,1,7.36
115139,0.83,0.81,-0.27,-73.75,122.43,26.37,-3.5,165.2,285.4,45.07,-333.45,0.000000,0.000000,0,1,7.36
115343,0.00,-0.93,0.30,-206.12,155.18,32.56,26.1,124.1,46.5,45.12,-338.47,0.000000,0.000000,0,1,7.36
115547,-0.40,-0.34,0.27,-73.68,-2.93,107.75,42.2,89.7,38.6,45.19,-343.07,0.000000,0.000000,0,1,7.36
115751,-0.58,-0.45,0.43,-36.56,4.43,53.87,55.5,71.5,116.9,45.24,-345.83,0.000000,0.000000,0,1,7.36
115955,0.23,3.13,0.72,182.81,-7.50,-35.37,56.0,73.3,113.1,45.28,-347.26,0.000000,0.000000,0,1,7.37
116159,-0.31,-0.69,-0.37,-43.50,62.68,50.50,49.5,74.5,111.3,45.30,-348.12,0.000000,0.000000,0,1,7.37
116363,-0.60,-0.41,-0.55,-6.56,3.06,61.62,59.5,75.2,97.4,45.33,-350.88,0.000000,0.000000,0,1,7.37
116567,-0.36,-0.34,0.43,35.87,9.75,-18.43,62.0,84.1,87.6,45.37,-352.25,0.000000,0.000000,0,1,7.37
116771,-1.16,-0.56,0.17,-14.25,-16.00,30.56,63.0,82.8,85.1,45.36,-347.38,0.000000,0.000000,0,1,7.37
116975,-1.33,-0.51,-0.07,-19.68,1.81,-2.00,63.0,76.3,83.2,45.25,-333.70,0.000000,0.000000,0,1,7.44
117077,0.00,-0.11,0.00,-6.12,15.00,-11.75,63.3,78.6,84.6,45.19,-332.31,0.000000,0.000000,0,1,7.44
117281,-0.88,-0.47,-0.05,5.81,9.31,-7.25,63.8,79.3,82.8,45.15,-328.89,0.000000,0.000000,0,1,7.44
117485,-0.30,-0.19,-0.20,-15.25,10.06,-30.50,60.3,78.0,85.0,45.06,-319.82,0.000000,0.000000,0,1,7.44
117689,-0.40,-0.34,0.20,12.00,10.31,8.31,58.6,78.8,87.3,45.01,-321.49,0.000000,0.000000,0,1,7.44
117893,0.66,-0.02,0.58,17.00,-1.75,-17.00,58.8,78.4,82.6,45.01,-319.66,0.000000,0.000000,0,1,7.37
118097,1.25,0.36,0.00,6.25,2.50,-9.81,58.4,77.5,80.4,44.95,-315.96,0.000000,0.000000,0,1,7.37
118301,-0.52,-0.34,0.11,-20.18,-22.75,-13.68,56.6,82.0,85.3,44.90,-310.69,0.000000,0.000000,0,1,7.37
118403,-0.35,-0.25,-0.05,10.25,-8.75,-2.00,56.8,84.0,86.2,44.89,-313.55,0.000000,0.000000,0,1,7.37
118709,-0.22,-0.07,0.12,5.25,15.31,11.50,57.1,81.1,82.2,45.00,-319.54,0.000000,0.000000,0,1,7.37
118811,0.03,-0.61,-0.11,-8.87,3.00,-19.37,56.5,79.1,82.4,44.99,-317.69,0.000000,0.000000,0,1,7.37
119015,-0.54,-0.27,0.03,-10.81,-14.25,-7.68,56.3,83.1,86.1,44.96,-315.39,0.000000,0.000000,0,1,7.45
119219,0.10,0.00,0.22,5.56,-6.87,4.68,57.1,87.0,85.0,45.00,-322.83,0.000000,0.000000,0,1,7.45
119423,0.15,0.07,0.37,2.87,16.43,-2.18,57.1,84.1,81.6,45.06,-324.11,0.000000,0.000000,0,1,7.45
119627,-0.34,0.13,0.15,-5.62,-5.87,-5.87,56.5,80.5,81.2,45.05,-320.84,0.000000,0.000000,0,1,7.45
119831,-0.22,-0.20,0.38,0.43,-20.18,-6.00,54.4,86.0,87.5,45.03,-320.57,0.000000,0.000000,0,1,7.45
120035,-0.05,0.23,0.19,16.18,13.75,9.93,55.0,87.9,86.0,45.09,-328.02,0.000000,0.000000,0,1,7.40
120137,-0.17,-0.50,-0.51,2.50,34.00,18.12,54.5,84.9,85.2,45.12,-328.32,0.000000,0.000000,0,1,7.40
120341,0.02,0.31,0.10,-8.62,-5.87,-11.37,54.1,81.1,84.5,45.12,-325.31,0.000000,0.000000,0,1,7.40
120545,-0.15,-0.27,0.00,-7.18,-11.62,-6.87,49.2,81.1,94.5,45.10,-325.50,0.000000,0.000000,0,1,7.40
120749,0.38,0.31,0.60,14.75,-4.50,1.75,47.7,84.0,95.6,45.16,-333.18,0.000000,0.000000,0,1,7.40
120953,0.05,-0.11,0.19,11.62,-6.56,6.18,49.6,81.1,90.0,45.21,-332.54,0.000000,0.000000,0,1,7.38
121157,0.00,0.35,0.72,-6.00,-29.93,-15.18,49.3,82.0,91.8,45.19,-330.83,0.000000,0.000000,0,1,7.38
121361,-0.40,-0.40,0.11,6.43,-11.31,0.18,47.9,82.5,97.0,45.20,-335.52,0.000000,0.000000,0,1,7.38
121463,-0.45,-0.44,-0.25,-3.50,6.31,-0.12,48.3,83.5,96.7,45.24,-339.18,0.000000,0.000000,0,1,7.38
121769,-0.07,-0.76,-0.50,-6.31,-34.06,-42.18,46.9,83.6,97.6,45.27,-335.62,0.000000,0.000000,0,1,7.38
121973,-0.50,-0.70,0.00,106.18,-116.50,-17.62,41.5,99.7,13.5,45.28,-341.30,0.000000,0.000000,0,1,7.45
122075,-0.18,0.58,2.24,45.81,-92.93,-29.00,35.4,119.3,17.8,45.32,-345.06,0.000000,0.000000,0,1,7.45
122279,0.38,0.50,0.45,150.56,-107.37,-1.06,20.3,147.6,278.9,45.41,-351.43,0.000000,0.000000,0,1,7.45
122483,0.44,0.55,-0.22,119.93,-81.81,12.56,6.6,166.3,281.0,45.47,-355.95,0.000000,0.000000,0,1,7.45
122687,-0.35,-0.37,0.22,-3.68,-17.81,-39.31,0.0,171.6,278.2,45.53,-358.61,0.000000,0.000000,0,1,7.45
122891,-0.11,-0.03,0.68,-59.06,-6.18,-96.87,-2.1,171.5,270.8,45.56,-361.16,0.000000,0.000000,0,1,7.45
123095,-0.05,0.01,0.93,-36.12,40.50,-47.31,0.3,167.9,269.6,45.60,-364.03,0.000000,0.000000,0,1,7.33
123299,0.00,-0.10,0.13,0.12,0.00,-0.06,2.0,167.1,267.8,45.64,-366.30,0.000000,0.000000,0,1,7.33
123401,-0.05,-0.09,0.15,0.06,0.12,-0.18,2.0,167.1,267.8,45.65,-366.98,0.000000,0.000000,0,1,7.33
123707,-0.11,-0.11,0.17,-0.06,-0.06,0.12,1.9,167.2,267.8,45.69,-369.09,0.000000,0.000000,0,1,7.33
123809,-0.07,-0.11,0.15,0.12,0.18,-0.18,1.9,167.2,267.8,45.70,-369.68,0.000000,0.000000,0,1,7.33
124013,-0.40,0.27,0.25,-1.06,-0.56,1.00,1.9,167.2,267.8,45.72,-370.88,0.000000,0.000000,0,1,7.41
124217,-0.36,0.22,0.11,-1.18,0.00,-1.06,1.8,167.1,268.0,45.74,-372.06,0.000000,0.000000,0,1,7.41
124421,0.00,-0.05,0.11,-0.31,0.06,-0.06,1.8,167.1,268.0,45.76,-372.81,0.000000,0.000000,0,1,7.41
124625,0.00,-0.02,0.12,-0.25,0.18,-0.12,1.8,167.1,268.0,45.77,-373.28,0.000000,0.000000,0,1,7.41
124829,0.03,-0.12,0.11,0.12,0.18,-0.06,1.8,167.2,268.0,45.78,-374.41,0.000000,0.000000,0,1,7.41
125033,0.00,-0.11,0.10,0.25,0.06,-0.06,1.8,167.2,268.0,45.81,-375.25,0.000000,0.000000,0,1,7.38
125135,0.01,-0.11,0.11,0.12,0.00,0.12,1.8,167.2,268.0,45.81,-375.39,0.000000,0.000000,0,1,7.38
125339,-0.01,-0.09,0.11,-0.12,-0.06,0.00,1.8,167.2,268.0,45.82,-375.85,0.000000,0.000000,0,1,7.38
125543,-0.00,-0.05,0.12,-0.18,-0.06,0.06,1.8,167.2,268.0,45.84,-376.76,0.000000,0.000000,0,1,7.38
125747,-0.05,-0.05,0.11,-0.12,-0.06,-0.18,1.8,167.2,268.0,45.86,-377.54,0.000000,0.000000,0,1,7.38
125951,-0.02,-0.10,0.07,0.18,0.06,0.06,1.8,167.2,268.0,45.87,-378.02,0.000000,0.000000,0,1,7.32
126155,-0.05,-0.07,0.11,-0.25,0.00,0.06,1.8,167.2,268.0,45.89,-378.74,0.000000,0.000000,0,1,7.32
126359,-0.03,-0.07,0.09,0.06,0.00,0.12,1.8,167.2,268.0,45.90,-379.01,0.000000,0.000000,0,1,7.32
126461,-0.00,-0.07,0.10,-0.25,-0.06,-0.06,1.8,167.2,268.0,45.90,-378.95,0.000000,0.000000,0,1,7.32
126767,0.00,-0.09,0.10,-0.06,0.06,0.00,1.8,167.2,268.0,45.91,-379.34,0.000000,0.000000,0,1,7.32
126869,0.00,-0.07,0.09,-0.06,0.00,-0.12,1.8,167.2,268.0,45.92,-379.82,0.000000,0.000000,0,1,7.32
127073,0.00,-0.09,0.10,0.06,0.06,0.06,1.8,167.2,268.0,45.94,-381.06,0.000000,0.000000,0,1,7.37
127277,0.00,-0.07,0.07,0.06,0.00,-0.12,1.8,167.2,268.0,45.96,-382.33,0.000000,0.000000,0,1,7.37
127481,-0.00,-0.07,0.11,0.18,-0.06,0.12,1.8,167.2,268.0,45.98,-383.35,0.000000,0.000000,0,1,7.37
127685,0.00,-0.07,0.11,0.06,-0.12,0.12,1.8,167.2,268.0,46.00,-384.46,0.000000,0.000000,0,1,7.37
127889,0.00,-0.07,0.10,0.00,0.00,0.12,1.8,167.2,268.0,46.02,-385.52,0.000000,0.000000,0,1,7.37
128093,-0.01,-0.07,0.07,0.12,0.06,0.06,1.8,167.2,268.0,46.04,-386.48,0.000000,0.000000,0,1,7.36
128195,-0.00,-0.10,0.11,0.00,0.06,-0.06,1.8,167.2,268.0,46.05,-387.13,0.000000,0.000000,0,1,7.36
128399,-0.01,-0.07,0.11,0.00,0.06,0.00,1.8,167.2,268.0,46.08,-388.57,0.000000,0.000000,0,1,7.36
128705,-0.00,-0.07,0.11,0.06,-0.12,0.00,1.8,167.2,268.0,46.11,-389.78,0.000000,0.000000,0,1,7.36
128807,0.00,-0.07,0.11,-0.06,0.00,0.00,1.8,167.2,268.0,46.11,-389.80,0.000000,0.000000,0,1,7.36
129011,0.00,-0.07,0.12,0.06,0.00,0.06,1.8,167.2,268.0,46.12,-389.66,0.000000,0.000000,0,1,7.40
129215,0.00,-0.07,0.07,0.00,-0.12,0.12,1.8,167.2,268.0,46.13,-389.68,0.000000,0.000000,0,1,7.40
129419,-0.00,-0.07,0.07,0.00,0.00,0.12,1.8,167.2,268.0,46.14,-390.40,0.000000,0.000000,0,1,7.40
129623,0.00,-0.07,0.09,-0.06,-0.12,0.00,1.8,167.2,268.0,46.16,-391.46,0.000000,0.000000,0,1,7.40
129827,-0.00,-0.07,0.09,0.00,-0.06,-0.06,1.8,167.2,268.0,46.17,-392.19,0.000000,0.000000,0,1,7.40
130031,0.00,-0.09,0.09,0.06,-0.18,-0.12,1.8,167.2,268.0,46.19,-392.80,0.000000,0.000000,0,1,7.42
130133,0.00,-0.09,0.11,0.06,-0.06,-0.12,1.8,167.2,268.0,46.20,-393.22,0.000000,0.000000,0,1,7.42
130337,0.00,-0.07,0.11,-0.06,0.00,0.12,1.8,167.2,268.0,46.21,-393.79,0.000000,0.000000,0,1,7.42
130541,0.00,-0.07,0.09,0.06,-0.06,0.00,1.8,167.2,268.0,46.22,-394.59,0.000000,0.000000,0,1,7.42
130745,0.00,-0.07,0.11,0.00,-0.12,0.06,1.8,167.2,268.0,46.24,-395.23,0.000000,0.000000,0,1,7.42
130949,-0.00,-0.07,0.10,-0.06,-0.06,0.12,1.8,167.2,268.0,46.25,-395.93,0.000000,0.000000,0,1,7.42
131153,0.00,-0.09,0.10,0.06,0.06,0.00,1.8,167.2,268.0,46.27,-396.63,0.000000,0.000000,0,1,7.39
131357,-0.00,-0.09,0.07,-0.12,-0.06,0.06,1.8,167.2,268.0,46.28,-397.40,0.000000,0.000000,0,1,7.39
131459,0.00,-0.07,0.10,-0.12,-0.06,-0.06,1.8,167.2,268.0,46.29,-397.80,0.000000,0.000000,0,1,7.39
131765,0.00,-0.09,0.09,-0.06,0.00,-0.06,1.8,167.2,268.0,46.31,-398.78,0.000000,0.000000,0,1,7.39
131867,0.00,-0.05,0.07,-0.06,0.00,0.06,1.8,167.2,268.0,46.32,-399.29,0.000000,0.000000,0,1,7.39
132071,0.00,-0.09,0.10,-0.12,-0.06,0.00,1.8,167.2,268.0,46.34,-400.19,0.000000,0.000000,0,1,7.39
132275,0.00,-0.07,0.05,-0.12,-0.06,0.00,1.8,167.2,268.0,46.35,-400.89,0.000000,0.000000,0,1,7.39
132479,0.00,-0.07,0.07,0.00,-0.12,0.12,1.8,167.2,268.0,46.37,-401.84,0.000000,0.000000,0,1,7.39
132683,0.00,-0.07,0.09,-0.06,-0.12,0.12,1.8,167.2,268.0,46.39,-402.56,0.000000,0.000000,0,1,7.39
132887,0.00,-0.07,0.07,-0.06,0.12,-0.06,1.8,167.2,268.0,46.40,-403.13,0.000000,0.000000,0,1,7.39
133091,0.00,-0.10,0.09,0.00,-0.06,0.00,1.8,167.2,268.0,46.41,-403.75,0.000000,0.000000,0,1,7.32
133295,0.00,-0.07,0.10,0.00,0.00,0.06,1.8,167.2,268.0,46.42,-403.83,0.000000,0.000000,0,1,7.32
133397,-0.00,-0.07,0.11,0.06,0.00,0.00,1.8,167.2,268.0,46.42,-403.66,0.000000,0.000000,0,1,7.32
133703,0.00,-0.09,0.11,0.00,-0.18,-0.06,1.8,167.2,268.0,46.44,-404.75,0.000000,0.000000,0,1,7.32
133805,0.00,-0.09,0.11,-0.06,-0.25,0.12,1.8,167.2,268.0,46.45,-405.01,0.000000,0.000000,0,1,7.32
134010,0.00,-0.07,0.10,-0.12,-0.06,0.06,1.8,167.2,268.0,46.46,-405.11,0.000000,0.000000,0,1,7.34
134213,0.00,-0.09,0.10,0.12,0.06,-0.06,1.8,167.2,268.0,46.47,-405.77,0.000000,0.000000,0,1,7.34
134417,0.00,-0.07,0.11,0.00,-0.18,0.06,1.8,167.2,268.0,46.48,-406.67,0.000000,0.000000,0,1,7.34
134621,0.00,-0.09,0.11,0.18,-0.06,0.06,1.8,167.2,268.0,46.49,-407.17,0.000000,0.000000,0,1,7.34
134825,-0.00,-0.10,0.07,0.06,0.18,0.06,1.8,167.2,268.0,46.50,-407.36,0.000000,0.000000,0,1,7.34
135029,0.00,-0.07,0.09,-0.25,-0.25,0.25,1.8,167.2,268.0,46.51,-408.15,0.000000,0.000000,0,1,7.35
135131,-0.00,-0.07,0.11,-0.06,0.12,-0.12,1.8,167.2,268.0,46.52,-408.37,0.000000,0.000000,0,1,7.35
135335,0.00,-0.09,0.09,0.06,-0.18,-0.06,1.8,167.2,268.0,46.53,-409.29,0.000000,0.000000,0,1,7.35
135539,0.00,-0.07,0.05,0.00,0.00,-0.12,1.8,167.2,268.0,46.56,-410.80,0.000000,0.000000,0,1,7.35
135743,-0.00,-0.07,0.09,0.00,-0.12,0.12,1.8,167.2,268.0,46.59,-412.26,0.000000,0.000000,0,1,7.35
135947,-0.01,-0.07,0.10,-0.06,0.12,0.12,1.8,167.2,268.0,46.61,-413.46,0.000000,0.000000,0,1,7.35
136151,0.00,-0.07,0.11,-0.06,0.00,0.00,1.8,167.2,268.0,46.63,-414.17,0.000000,0.000000,0,1,7.38
136355,0.00,-0.09,0.11,0.00,-0.12,0.00,1.8,167.2,268.0,46.64,-414.51,0.000000,0.000000,0,1,7.38
136457,-0.00,-0.07,0.10,-0.06,0.00,-0.12,1.8,167.2,268.0,46.65,-414.17,0.000000,0.000000,0,1,7.38
136763,-0.01,-0.09,0.12,0.00,-0.06,-0.12,1.8,167.2,268.0,46.64,-413.17,0.000000,0.000000,0,1,7.38
136865,-0.01,-0.10,0.10,0.06,-0.12,0.00,1.8,167.2,268.0,46.64,-413.55,0.000000,0.000000,0,1,7.38
137069,0.00,-0.07,0.11,0.00,0.06,0.06,1.8,167.2,268.0,46.66,-414.70,0.000000,0.000000,0,1,7.37
137273,0.00,-0.07,0.07,0.00,0.06,0.06,1.8,167.2,268.0,46.68,-416.05,0.000000,0.000000,0,1,7.37
137477,0.00,-0.07,0.09,0.12,0.00,-0.12,1.8,167.2,268.0,46.70,-416.96,0.000000,0.000000,0,1,7.37
137681,0.00,-0.10,0.09,0.00,0.12,0.06,1.8,167.2,268.0,46.72,-417.71,0.000000,0.000000,0,1,7.37
137885,-0.00,-0.07,0.10,-0.06,-0.12,0.06,1.8,167.2,268.0,46.73,-418.82,0.000000,0.000000,0,1,7.37
138089,-0.00,-0.07,0.07,0.00,-0.06,0.00,1.8,167.2,268.0,46.75,-419.96,0.000000,0.000000,0,1,7.40
138191,0.00,-0.09,0.10,0.00,0.06,-0.12,1.8,167.2,268.0,46.76,-420.46,0.000000,0.000000,0,1,7.40
138395,0.00,-0.10,0.09,0.06,0.06,-0.06,1.8,167.2,268.0,46.78,-420.99,0.000000,0.000000,0,1,7.40
138599,0.00,-0.09,0.07,0.12,0.12,-0.12,1.8,167.2,268.0,46.79,-421.23,0.000000,0.000000,0,1,7.40
138803,0.00,-0.07,0.10,0.00,0.12,-0.06,1.8,167.2,268.0,46.80,-421.15,0.000000,0.000000,0,1,7.40
139007,0.00,-0.10,0.09,0.00,0.06,-0.06,1.8,167.2,268.0,46.80,-421.30,0.000000,0.000000,0,1,7.40
139211,0.00,-0.07,0.10,0.00,0.12,-0.06,1.8,167.2,268.0,46.81,-421.96,0.000000,0.000000,0,1,7.38
139415,0.00,-0.10,0.11,0.12,-0.18,0.00,1.8,167.2,268.0,46.83,-422.71,0.000000,0.000000,0,1,7.38
139517,0.00,-0.05,0.10,-0.06,0.00,0.18,1.8,167.2,268.0,46.84,-423.16,0.000000,0.000000,0,1,7.38
139823,0.00,-0.10,0.07,-0.06,0.06,0.00,1.8,167.2,268.0,46.85,-423.73,0.000000,0.000000,0,1,7.38
140027,0.00,-0.10,0.09,-0.12,0.12,0.00,1.8,167.2,268.0,46.87,-424.08,0.000000,0.000000,0,1,7.38
140129,0.00,-0.09,0.07,-0.06,-0.18,-0.12,1.8,167.2,268.0,46.87,-424.23,0.000000,0.000000,0,1,7.30
140333,0.00,-0.07,0.07,-0.06,0.06,0.00,1.8,167.2,268.0,46.88,-424.85,0.000000,0.000000,0,1,7.30
140537,0.00,-0.09,0.09,0.00,0.06,0.00,1.8,167.2,268.0,46.89,-425.35,0.000000,0.000000,0,1,7.30
140741,0.00,-0.09,0.05,0.12,0.00,-0.06,1.8,167.2,268.0,46.90,-425.59,0.000000,0.000000,0,1,7.30
140945,0.00,-0.07,0.11,0.06,0.06,0.00,1.8,167.2,268.0,46.91,-426.21,0.000000,0.000000,0,1,7.30
141149,0.00,-0.11,0.07,-0.12,-0.06,0.12,1.8,167.2,268.0,46.93,-427.05,0.000000,0.000000,0,1,7.33
141353,-0.00,-0.07,0.11,-0.12,0.12,-0.06,1.8,167.2,268.0,46.94,-427.82,0.000000,0.000000,0,1,7.33
141455,0.00,-0.07,0.11,-0.12,0.06,0.06,1.8,167.2,268.0,46.95,-428.12,0.000000,0.000000,0,1,7.33
141761,0.00,-0.07,0.10,-0.18,0.00,0.12,1.8,167.2,268.0,46.97,-429.25,0.000000,0.000000,0,1,7.33
141863,0.00,-0.07,0.11,0.06,0.18,0.06,1.8,167.2,268.0,46.97,-429.65,0.000000,0.000000,0,1,7.33
142067,0.00,-0.07,0.11,0.00,0.12,-0.06,1.8,167.2,268.0,46.99,-430.73,0.000000,0.000000,0,1,7.33
142271,0.00,-0.10,0.11,-0.06,0.12,0.00,1.8,167.2,268.0,47.01,-431.80,0.000000,0.000000,0,1,7.41
142475,0.00,-0.07,0.09,0.00,0.12,0.00,1.8,167.2,268.0,47.03,-432.82,0.000000,0.000000,0,1,7.41
142679,0.00,-0.10,0.10,-0.06,0.00,0.00,1.8,167.2,268.0,47.04,-433.88,0.000000,0.000000,0,1,7.41
142883,0.00,-0.07,0.11,0.00,0.06,-0.06,1.8,167.2,268.0,47.06,-434.80,0.000000,0.000000,0,1,7.41
143087,-0.00,-0.05,0.05,0.12,-0.12,-0.06,1.8,167.2,268.0,47.08,-435.76,0.000000,0.000000,0,1,7.41
143189,-0.00,-0.07,0.09,0.00,0.00,0.12,1.8,167.2,268.0,47.09,-436.20,0.000000,0.000000,0,1,7.32
143393,0.01,-0.09,0.07,0.12,0.00,0.00,1.8,167.2,268.0,47.10,-436.93,0.000000,0.000000,0,1,7.32
143597,-0.00,-0.09,0.10,0.06,-0.06,0.00,1.8,167.2,268.0,47.12,-437.75,0.000000,0.000000,0,1,7.32
143801,0.00,-0.07,0.10,-0.06,0.06,0.00,1.8,167.2,268.0,47.14,-438.40,0.000000,0.000000,0,1,7.32
144005,0.00,-0.07,0.09,0.00,-0.18,0.00,1.8,167.2,268.0,47.14,-438.39,0.000000,0.000000,0,1,7.32
144209,-0.02,-0.10,0.11,0.06,0.00,-0.06,1.8,167.2,268.0,47.15,-438.17,0.000000,0.000000,0,1,7.40
144413,-0.00,-0.07,0.10,0.00,0.06,-0.12,1.8,167.2,268.0,47.15,-438.50,0.000000,0.000000,0,1,7.40
144515,0.00,-0.10,0.10,-0.06,0.00,-0.06,1.8,167.2,268.0,47.16,-438.76,0.000000,0.000000,0,1,7.40
144821,0.00,-0.09,0.11,0.00,0.00,0.06,1.8,167.2,268.0,47.18,-439.79,0.000000,0.000000,0,1,7.40
145025,0.00,-0.09,0.10,-0.18,-0.06,0.00,1.8,167.2,268.0,47.19,-440.04,0.000000,0.000000,0,1,7.40
145127,0.00,-0.09,0.11,0.00,0.18,0.06,1.8,167.2,268.0,47.19,-439.89,0.000000,0.000000,0,1,7.40
145331,0.00,-0.09,0.11,0.06,-0.12,0.06,1.8,167.2,268.0,47.19,-439.62,0.000000,0.000000,0,1,7.40
145535,0.00,-0.07,0.11,-0.06,0.00,0.06,1.8,167.2,268.0,47.19,-439.97,0.000000,0.000000,0,1,7.40
145739,0.00,-0.07,0.10,-0.18,0.06,0.06,1.8,167.2,268.0,47.19,-439.61,0.000000,0.000000,0,1,7.40
145943,0.00,-0.09,0.09,0.06,0.00,-0.06,1.8,167.2,268.0,47.21,-440.96,0.000000,0.000000,0,1,7.40
146147,0.00,-0.10,0.09,-0.06,0.00,0.00,1.8,167.2,268.0,47.23,-442.47,0.000000,0.000000,0,1,7.36
146249,0.00,-0.10,0.07,0.18,0.00,0.00,1.8,167.2,268.0,47.24,-442.82,0.000000,0.000000,0,1,7.36
146453,0.00,-0.11,0.07,0.18,0.00,0.12,1.8,167.2,268.0,47.25,-443.17,0.000000,0.000000,0,1,7.36
146657,0.00,-0.07,0.09,0.06,-0.12,0.00,1.8,167.2,268.0,47.27,-444.22,0.000000,0.000000,0,1,7.36
146861,-0.01,-0.09,0.05,0.00,0.00,0.00,1.8,167.2,268.0,47.29,-445.59,0.000000,0.000000,0,1,7.36
147065,0.00,-0.09,0.10,0.00,0.06,0.00,1.8,167.2,268.0,47.31,-446.91,0.000000,0.000000,0,1,7.36
147269,-1.37,1.20,0.57,32.93,2.43,-0.81,1.6,166.3,267.7,47.33,-447.84,0.000000,0.000000,0,1,7.34
147473,-0.68,0.40,0.28,-9.25,-1.18,-4.50,1.8,167.4,267.7,47.35,-448.47,0.000000,0.000000,0,1,7.34
147575,0.01,0.20,0.30,0.62,0.75,-0.25,1.8,167.3,267.7,47.35,-448.87,0.000000,0.000000,0,1,7.34
147881,0.02,-0.07,0.12,-0.25,-0.12,0.00,1.8,167.3,267.8,47.38,-450.20,0.000000,0.000000,0,1,7.34
147983,0.03,-0.05,0.15,-0.12,0.06,-0.06,1.8,167.4,267.8,47.39,-450.55,0.000000,0.000000,0,1,7.34
148187,-0.00,-0.12,0.07,0.06,-0.18,0.00,1.8,167.4,267.8,47.40,-451.36,0.000000,0.000000,0,1,7.39
148391,-0.02,-0.03,0.10,-0.18,-0.12,-0.06,1.8,167.4,267.8,47.42,-451.97,0.000000,0.000000,0,1,7.39
148595,0.00,-0.10,0.09,0.06,0.00,0.00,1.8,167.4,267.8,47.43,-452.41,0.000000,0.000000,0,1,7.39
148799,0.05,-0.12,0.09,0.25,0.06,-0.18,1.8,167.4,267.8,47.44,-452.82,0.000000,0.000000,0,1,7.39
149003,-0.00,-0.07,0.07,0.37,-0.06,0.43,1.8,167.4,267.8,47.44,-452.86,0.000000,0.000000,0,1,7.39
149207,0.00,0.03,0.09,1.50,0.31,-0.25,1.8,167.4,267.8,47.45,-453.71,0.000000,0.000000,0,1,7.39
149309,0.11,-0.09,0.15,-0.43,-0.12,0.43,1.8,167.4,267.8,47.46,-454.19,0.000000,0.000000,0,1,7.39
149513,-0.09,-0.03,0.11,-0.18,0.06,-0.12,1.8,167.4,267.8,47.48,-454.82,0.000000,0.000000,0,1,7.39
149717,-0.00,-0.07,0.11,-0.25,-0.06,-0.12,1.8,167.4,267.8,47.49,-455.43,0.000000,0.000000,0,1,7.39
149921,0.03,-0.07,0.09,0.06,-0.12,0.06,1.8,167.5,267.8,47.51,-456.27,0.000000,0.000000,0,1,7.39
150125,-0.07,0.03,0.22,0.31,0.00,-0.56,1.8,167.5,267.8,47.51,-455.78,0.000000,0.000000,0,1,7.39
150329,0.00,-0.05,0.11,0.68,0.00,0.37,1.8,167.5,267.8,47.51,-456.06,0.000000,0.000000,0,1,7.38
150533,0.00,-0.02,-0.03,3.25,0.68,0.06,1.8,167.6,267.8,47.53,-456.78,0.000000,0.000000,0,1,7.38
150635,0.01,-0.05,-0.05,1.62,0.00,0.43,1.8,167.6,267.8,47.53,-456.99,0.000000,0.000000,0,1,7.38
150941,0.07,-0.07,0.05,2.43,0.37,0.62,1.8,167.7,267.8,47.55,-458.18,0.000000,0.000000,0,1,7.38
151145,0.05,-0.05,0.00,0.12,0.06,0.31,1.9,167.6,267.8,47.57,-459.06,0.000000,0.000000,0,1,7.38
151349,0.05,0.15,0.15,-0.25,0.00,0.06,1.8,167.6,267.8,47.58,-458.78,0.000000,0.000000,0,1,7.38
151451,-0.30,-0.19,0.10,0.06,-0.06,-0.12,1.8,167.6,267.8,47.58,-458.88,0.000000,0.000000,0,1,7.38
151655,0.05,-0.11,0.11,-0.43,-0.31,-0.18,1.9,167.7,267.8,47.58,-458.34,0.000000,0.000000,0,1,7.38
151859,-0.07,-0.03,0.12,-0.06,-0.12,0.12,1.8,167.7,267.8,47.58,-458.51,0.000000,0.000000,0,1,7.38
152063,0.00,-0.07,0.09,0.62,0.00,0.12,1.8,167.7,267.8,47.58,-458.60,0.000000,0.000000,0,1,7.38
152267,-0.03,-0.05,0.07,0.12,0.06,-0.06,1.8,167.7,267.8,47.59,-459.54,0.000000,0.000000,0,1,7.32
152471,-0.00,-0.07,0.10,0.00,-0.06,-0.31,1.8,167.7,267.8,47.61,-460.26,0.000000,0.000000,0,1,7.32
152675,-0.03,-0.05,0.12,-0.18,0.12,0.06,1.8,167.7,267.8,47.62,-461.12,0.000000,0.000000,0,1,7.32
152879,0.00,-0.07,0.03,0.18,-0.06,0.12,1.8,167.7,267.8,47.63,-461.78,0.000000,0.000000,0,1,7.32
153083,-0.01,-0.05,0.11,0.18,0.06,-0.12,1.8,167.7,267.8,47.65,-462.69,0.000000,0.000000,0,1,7.32
153185,-0.00,-0.05,0.10,0.12,-0.12,0.00,1.8,167.7,267.8,47.65,-463.14,0.000000,0.000000,0,1,7.32
153389,-0.01,-0.05,0.11,0.06,0.06,-0.06,1.8,167.7,267.8,47.67,-463.64,0.000000,0.000000,0,1,7.39
153593,-0.00,-0.07,0.12,0.06,-0.06,-0.18,1.8,167.7,267.8,47.68,-464.38,0.000000,0.000000,0,1,7.39
153797,-0.01,-0.07,0.07,1.50,0.37,0.18,1.8,167.7,267.8,47.70,-465.32,0.000000,0.000000,0,1,7.39
154001,0.00,-0.03,0.11,-0.18,-0.06,-0.06,1.8,167.7,267.8,47.72,-466.13,0.000000,0.000000,0,1,7.39
154206,-0.05,-0.03,0.27,-1.87,-0.31,-0.31,1.9,167.8,267.8,47.74,-467.15,0.000000,0.000000,0,1,7.35
154409,0.00,-0.07,0.11,0.18,0.06,0.25,1.9,167.8,267.8,47.76,-468.22,0.000000,0.000000,0,1,7.35
154613,-0.00,-0.05,0.10,0.37,0.12,-0.06,1.9,167.8,267.8,47.78,-469.10,0.000000,0.000000,0,1,7.35
154817,-0.01,-0.07,0.11,0.06,0.00,0.12,1.9,167.8,267.8,47.79,-469.90,0.000000,0.000000,0,1,7.35
155021,-0.00,-0.05,0.09,-0.06,-0.06,0.00,1.9,167.8,267.8,47.81,-470.71,0.000000,0.000000,0,1,7.35
155225,-0.01,-0.05,0.10,0.18,0.06,0.00,1.9,167.8,267.8,47.82,-471.39,0.000000,0.000000,0,1,7.38
155327,-0.00,-0.07,0.11,0.31,0.06,-0.06,1.9,167.8,267.8,47.83,-471.68,0.000000,0.000000,0,1,7.38
155531,-0.01,-0.07,0.11,0.00,-0.06,0.00,1.9,167.8,267.8,47.85,-472.12,0.000000,0.000000,0,1,7.38
155735,0.00,-0.05,0.05,1.56,0.43,0.18,1.9,167.8,267.8,47.86,-472.62,0.000000,0.000000,0,1,7.38
155939,-0.00,-0.05,0.10,-0.18,0.06,-0.06,1.9,167.8,267.8,47.87,-473.42,0.000000,0.000000,0,1,7.38
156143,-0.00,-0.03,0.11,0.18,0.00,0.12,1.9,167.8,267.8,47.89,-474.32,0.000000,0.000000,0,1,7.38
156347,0.00,-0.07,0.07,0.12,0.00,-0.12,1.9,167.8,267.8,47.91,-475.14,0.000000,0.000000,0,1,7.30
156551,0.00,-0.05,0.10,0.25,0.00,-0.06,1.9,167.8,267.8,47.93,-475.78,0.000000,0.000000,0,1,7.30
156653,0.00,-0.05,0.11,0.00,-0.12,-0.06,1.9,167.8,267.8,47.93,-476.25,0.000000,0.000000,0,1,7.30
156959,-0.00,-0.05,0.11,0.12,-0.06,0.00,1.9,167.8,267.8,47.96,-477.28,0.000000,0.000000,0,1,7.30
157061,-0.00,-0.05,0.10,-0.18,-0.12,0.06,1.9,167.8,267.8,47.97,-477.39,0.000000,0.000000,0,1,7.30
157265,-0.01,-0.03,0.09,-0.12,-0.12,0.12,1.9,167.8,267.8,47.97,-477.65,0.000000,0.000000,0,1,7.38
157469,0.01,-0.05,0.09,0.00,0.06,0.00,1.9,167.8,267.8,47.99,-478.59,0.000000,0.000000,0,1,7.38
157673,-0.00,-0.05,0.09,0.18,0.06,-0.06,1.9,167.8,267.8,48.01,-480.07,0.000000,0.000000,0,1,7.38
157877,0.00,-0.05,0.11,0.06,0.00,0.00,1.9,167.8,267.8,48.04,-481.52,0.000000,0.000000,0,1,7.38
158081,0.00,-0.03,0.10,0.06,0.06,-0.06,1.9,167.8,267.8,48.06,-482.82,0.000000,0.000000,0,1,7.38
158285,0.00,-0.03,0.09,0.00,0.00,0.00,1.9,167.8,267.8,48.08,-484.01,0.000000,0.000000,0,1,7.38
158387,0.00,-0.05,0.10,-0.06,0.00,-0.12,1.9,167.8,267.8,48.09,-484.49,0.000000,0.000000,0,1,7.38
158591,0.00,-0.05,0.11,0.06,-0.12,-0.18,1.9,167.8,267.8,48.11,-485.23,0.000000,0.000000,0,1,7.38
158795,-0.01,-0.05,0.11,0.00,-0.12,0.06,1.9,167.8,267.8,48.12,-485.84,0.000000,0.000000,0,1,7.38
158999,-0.00,-0.03,0.11,-0.06,-0.18,0.00,1.9,167.8,267.8,48.14,-486.55,0.000000,0.000000,0,1,7.38
159203,-0.00,-0.05,0.11,0.00,-0.06,0.00,1.9,167.8,267.8,48.15,-487.30,0.000000,0.000000,0,1,7.38
159407,0.00,-0.07,0.12,0.00,-0.25,-0.06,1.9,167.8,267.8,48.17,-487.92,0.000000,0.000000,0,1,7.37
159611,-0.00,-0.05,0.10,-0.06,-0.12,-0.12,1.9,167.8,267.8,48.18,-488.17,0.000000,0.000000,0,1,7.37
159713,0.00,-0.05,0.09,0.12,0.12,0.00,1.9,167.8,267.8,48.18,-488.16,0.000000,0.000000,0,1,7.37
160019,-0.01,-0.05,0.11,0.06,0.12,0.00,1.9,167.8,267.8,48.19,-487.68,0.000000,0.000000,0,1,7.37
160223,-0.00,-0.05,0.09,0.00,-0.12,0.00,1.9,167.8,267.8,48.19,-487.39,0.000000,0.000000,0,1,7.37
160325,-0.00,-0.05,0.11,-0.12,0.12,0.12,1.9,167.8,267.8,48.19,-487.42,0.000000,0.000000,0,1,7.33
160529,0.00,-0.02,0.10,0.00,0.06,-0.06,1.9,167.8,267.8,48.19,-487.87,0.000000,0.000000,0,1,7.33
160733,-0.01,-0.05,0.10,0.00,-0.06,-0.06,1.9,167.8,267.8,48.20,-487.23,0.000000,0.000000,0,1,7.33
160937,0.00,-0.07,0.11,0.06,0.18,0.00,1.9,167.8,267.8,48.19,-486.92,0.000000,0.000000,0,1,7.33
161141,-0.01,-0.03,0.09,-0.06,0.06,0.06,1.9,167.8,267.8,48.20,-487.24,0.000000,0.000000,0,1,7.33
161345,0.00,-0.05,0.11,0.00,0.00,0.00,1.9,167.8,267.8,48.20,-487.61,0.000000,0.000000,0,1,7.32
161549,-0.00,-0.05,0.09,0.06,0.06,0.00,1.9,167.8,267.8,48.21,-488.38,0.000000,0.000000,0,1,7.32
161651,0.00,-0.07,0.11,0.06,0.00,-0.12,1.9,167.8,267.8,48.22,-489.00,0.000000,0.000000,0,1,7.32
161957,0.00,-0.03,0.11,0.00,0.12,0.06,1.9,167.8,267.8,48.25,-491.10,0.000000,0.000000,0,1,7.32
162059,0.00,-0.05,0.11,0.00,0.06,0.12,1.9,167.8,267.8,48.26,-491.56,0.000000,0.000000,0,1,7.32
162263,0.00,-0.05,0.11,-0.12,-0.06,0.00,1.9,167.8,267.8,48.27,-492.38,0.000000,0.000000,0,1,7.32
162467,0.00,-0.05,0.09,0.00,0.18,0.06,1.9,167.8,267.8,48.29,-493.16,0.000000,0.000000,0,1,7.37
162671,0.00,-0.07,0.10,0.18,0.12,0.06,1.9,167.8,267.8,48.31,-494.12,0.000000,0.000000,0,1,7.37
162875,0.00,-0.05,0.11,-0.06,0.12,0.06,1.9,167.8,267.8,48.32,-494.52,0.000000,0.000000,0,1,7.37
163079,0.00,-0.07,0.12,-0.12,0.00,0.12,1.9,167.8,267.8,48.33,-495.49,0.000000,0.000000,0,1,7.37
163283,0.00,-0.05,0.07,-0.06,0.00,0.06,1.9,167.8,267.8,48.35,-496.25,0.000000,0.000000,0,1,7.37
163385,0.00,-0.07,0.11,-0.06,0.12,-0.06,1.9,167.8,267.8,48.36,-496.64,0.000000,0.000000,0,1,7.35
163589,-0.01,-0.07,0.09,-0.06,0.00,0.00,1.9,167.8,267.8,48.38,-497.82,0.000000,0.000000,0,1,7.35
163793,0.00,-0.05,0.09,0.00,-0.06,0.12,1.9,167.8,267.8,48.40,-498.95,0.000000,0.000000,0,1,7.35
163997,-0.02,-0.05,0.11,0.00,-0.12,0.12,1.9,167.8,267.8,48.41,-499.07,0.000000,0.000000,0,1,7.35
164201,-0.00,-0.07,0.11,0.06,0.00,0.00,1.9,167.8,267.8,48.41,-497.99,0.000000,0.000000,0,1,7.35
164405,-0.01,-0.05,0.10,0.12,0.00,0.00,1.9,167.8,267.8,48.40,-497.31,0.000000,0.000000,0,1,7.38
164609,-0.01,-0.05,0.10,-0.06,0.00,0.06,1.9,167.8,267.8,48.41,-498.20,0.000000,0.000000,0,1,7.38
164711,-0.00,-0.03,0.11,-0.06,0.12,-0.06,1.9,167.8,267.8,48.42,-499.12,0.000000,0.000000,0,1,7.38
165017,-0.01,-0.02,0.12,0.00,0.00,-0.12,1.9,167.8,267.8,48.47,-502.33,0.000000,0.000000,0,1,7.38
165221,-0.00,-0.05,0.07,0.06,-0.06,0.00,1.9,167.8,267.8,48.50,-503.73,0.000000,0.000000,0,1,7.38
165323,-0.00,-0.05,0.11,-0.18,0.00,0.00,1.9,167.8,267.8,48.51,-504.35,0.000000,0.000000,0,1,7.33
165527,-0.01,-0.07,0.07,0.00,0.18,0.12,1.9,167.8,267.8,48.53,-505.72,0.000000,0.000000,0,1,7.33
165731,-0.00,-0.07,0.10,0.06,-0.25,0.06,1.9,167.8,267.8,48.56,-506.93,0.000000,0.000000,0,1,7.33
165935,0.00,-0.03,0.09,0.06,-0.12,-0.06,1.9,167.8,267.8,48.58,-508.00,0.000000,0.000000,0,1,7.33
166139,-0.01,-0.05,0.11,0.06,0.18,0.06,1.9,167.8,267.8,48.60,-508.71,0.000000,0.000000,0,1,7.33
166343,-0.00,-0.07,0.11,0.06,0.00,0.06,1.9,167.8,267.8,48.61,-508.80,0.000000,0.000000,0,1,7.34
166547,0.00,-0.05,0.09,-0.12,-0.06,-0.12,1.9,167.8,267.8,48.61,-508.27,0.000000,0.000000,0,1,7.34
166649,0.00,-0.05,0.10,-0.12,-0.06,-0.06,1.9,167.8,267.8,48.60,-507.42,0.000000,0.000000,0,1,7.34
166853,0.01,-0.07,0.10,0.06,0.18,-0.06,1.9,167.8,267.8,48.58,-506.02,0.000000,0.000000,0,1,7.34
167057,0.00,-0.05,0.12,0.00,0.00,0.12,1.9,167.8,267.8,48.56,-503.89,0.000000,0.000000,0,1,7.34
167261,0.00,-0.09,0.11,0.06,0.12,0.00,1.9,167.8,267.8,48.55,-503.88,0.000000,0.000000,0,1,7.34
167465,-0.00,-0.05,0.11,0.12,0.12,-0.06,1.9,167.8,267.8,48.58,-506.87,0.000000,0.000000,0,1,7.32
167669,0.00,-0.07,0.13,0.00,0.06,0.12,1.9,167.8,267.8,48.62,-509.46,0.000000,0.000000,0,1,7.32
167873,-0.00,-0.05,0.07,-0.12,-0.06,-0.06,1.9,167.8,267.8,48.66,-511.54,0.000000,0.000000,0,1,7.32
168077,0.00,-0.05,0.07,0.00,0.12,-0.12,1.9,167.8,267.8,48.67,-510.32,0.000000,0.000000,0,1,7.32
168281,-0.00,-0.07,0.07,-0.06,0.00,-0.18,1.9,167.8,267.8,48.64,-507.71,0.000000,0.000000,0,1,7.32
168383,0.00,-0.03,0.10,-0.06,-0.18,0.00,1.9,167.8,267.8,48.63,-508.25,0.000000,0.000000,0,1,7.38
168587,0.00,-0.07,0.10,0.25,0.18,-0.06,1.9,167.8,267.8,48.66,-510.34,0.000000,0.000000,0,1,7.38
168791,0.00,-0.03,0.07,-0.12,0.00,0.00,1.9,167.8,267.8,48.69,-511.58,0.000000,0.000000,0,1,7.38
168995,-0.00,-0.05,0.11,-0.06,0.00,0.06,1.9,167.8,267.8,48.71,-513.26,0.000000,0.000000,0,1,7.38
169199,-0.00,-0.05,0.09,0.00,-0.18,-0.06,1.9,167.8,267.8,48.74,-514.03,0.000000,0.000000,0,1,7.38
169403,-0.00,-0.05,0.09,-0.12,-0.18,-0.06,1.9,167.8,267.8,48.73,-513.27,0.000000,0.000000,0,1,7.34
169607,-0.01,-0.05,0.09,0.18,0.12,-0.12,1.9,167.8,267.8,48.73,-513.20,0.000000,0.000000,0,1,7.34
169709,-0.00,-0.05,0.10,-0.06,-0.12,0.12,1.9,167.8,267.8,48.73,-513.50,0.000000,0.000000,0,1,7.34
169913,-0.00,-0.05,0.10,-0.18,-0.18,0.00,1.9,167.8,267.8,48.74,-513.59,0.000000,0.000000,0,1,7.34
170219,-0.00,-0.07,0.11,0.12,0.12,-0.12,1.9,167.8,267.8,48.75,-514.40,0.000000,0.000000,0,1,7.34
170321,-0.01,-0.05,0.09,0.12,0.12,0.00,1.9,167.8,267.8,48.76,-515.03,0.000000,0.000000,0,1,7.34
170525,-0.01,-0.07,0.10,-0.12,0.12,-0.06,1.9,167.8,267.8,48.78,-516.13,0.000000,0.000000,0,1,7.39
170729,0.00,-0.05,0.09,-0.06,0.06,0.00,1.9,167.8,267.8,48.79,-515.98,0.000000,0.000000,0,1,7.39
170933,-0.01,-0.07,0.09,0.00,0.00,0.06,1.9,167.8,267.8,48.79,-516.07,0.000000,0.000000,0,1,7.39
171137,-0.00,-0.03,0.07,-0.12,0.18,0.06,1.9,167.8,267.8,48.80,-517.19,0.000000,0.000000,0,1,7.39
171341,0.00,-0.05,0.09,0.00,0.18,-0.06,1.9,167.8,267.8,48.82,-518.48,0.000000,0.000000,0,1,7.39
171545,-0.00,-0.07,0.10,-0.06,0.06,-0.12,1.9,167.8,267.8,48.85,-520.42,0.000000,0.000000,0,1,7.36
171647,-0.01,-0.07,0.07,-0.12,-0.25,0.12,1.9,167.8,267.8,48.87,-521.29,0.000000,0.000000,0,1,7.36
171851,-0.01,-0.05,0.09,-0.06,0.00,0.06,1.9,167.8,267.8,48.90,-522.91,0.000000,0.000000,0,1,7.36
172055,-0.01,-0.07,0.11,0.00,0.18,-0.06,1.9,167.8,267.8,48.92,-524.03,0.000000,0.000000,0,1,7.36
172259,-0.00,-0.10,0.11,-0.12,-0.12,0.00,1.9,167.8,267.8,48.94,-525.38,0.000000,0.000000,0,1,7.36
172463,-0.02,-0.09,0.10,-0.12,-0.06,0.00,1.9,167.8,267.8,48.97,-526.52,0.000000,0.000000,0,1,7.34
172667,0.00,-0.07,0.10,0.00,-0.06,0.00,1.9,167.8,267.8,48.98,-527.48,0.000000,0.000000,0,1,7.34
172871,-0.01,-0.05,0.11,-0.12,0.12,-0.12,1.9,167.8,267.8,49.00,-527.45,0.000000,0.000000,0,1,7.34
173075,0.00,-0.07,0.09,0.00,0.06,0.06,1.9,167.8,267.8,49.00,-527.42,0.000000,0.000000,0,1,7.34
173279,0.00,-0.05,0.10,0.06,0.12,0.00,1.9,167.8,267.8,49.01,-527.83,0.000000,0.000000,0,1,7.34
173381,-0.02,-0.09,0.10,0.06,0.06,-0.06,1.9,167.8,267.8,49.01,-527.79,0.000000,0.000000,0,1,7.34
173585,0.00,-0.09,0.11,0.00,0.06,-0.06,1.9,167.8,267.8,49.01,-528.02,0.000000,0.000000,0,1,7.33
173789,0.00,-0.05,0.13,0.12,0.06,0.06,1.9,167.8,267.8,49.02,-528.84,0.000000,0.000000,0,1,7.33
173993,0.00,-0.09,0.07,0.25,0.25,-0.18,1.9,167.8,267.8,49.04,-529.49,0.000000,0.000000,0,1,7.33
174197,-0.09,-0.05,0.07,-0.25,-0.12,-0.06,1.9,167.8,267.8,49.05,-529.29,0.000000,0.000000,0,1,7.33
174402,0.00,-0.07,0.10,0.37,0.12,0.31,1.9,167.8,267.8,49.05,-529.05,0.000000,0.000000,0,1,7.39
174605,-0.02,-0.15,0.11,-0.18,0.12,0.43,1.9,167.8,267.9,49.05,-529.03,0.000000,0.000000,0,1,7.39
174707,-0.00,-0.00,0.11,0.25,0.31,0.18,1.9,167.8,267.9,49.05,-529.05,0.000000,0.000000,0,1,7.39
174911,-0.11,0.00,-0.00,-1.25,-0.12,-0.12,1.9,167.9,267.9,49.07,-530.14,0.000000,0.000000,0,1,7.39
175115,0.01,-0.09,0.09,-0.06,-0.12,0.06,1.9,167.9,267.9,49.09,-531.78,0.000000,0.000000,0,1,7.39
175319,0.00,-0.05,0.11,0.12,0.25,0.12,1.9,167.9,267.9,49.10,-531.24,0.000000,0.000000,0,1,7.39
175523,-0.00,-0.05,0.12,-0.06,-0.12,0.00,1.9,167.9,267.9,49.10,-531.96,0.000000,0.000000,0,1,7.38
175727,-0.01,-0.00,0.15,-0.12,0.12,-0.06,1.9,167.9,267.9,49.11,-532.51,0.000000,0.000000,0,1,7.38
175931,-0.01,-0.09,0.12,-0.18,-0.06,0.00,1.9,168.0,267.9,49.13,-533.72,0.000000,0.000000,0,1,7.38
176135,0.05,-0.07,0.15,0.25,0.06,0.12,1.9,168.0,267.9,49.15,-535.11,0.000000,0.000000,0,1,7.38
176339,-0.07,-0.07,0.11,-0.06,-0.06,0.06,1.9,168.0,267.9,49.17,-536.66,0.000000,0.000000,0,1,7.38
176543,0.07,-0.01,0.03,-1.12,-0.37,-0.06,1.9,168.0,267.9,49.19,-537.89,0.000000,0.000000,0,1,7.34
176645,0.00,-0.03,0.05,0.06,0.18,0.00,1.9,167.9,267.9,49.21,-538.36,0.000000,0.000000,0,1,7.34
176849,-0.09,-0.05,0.05,0.25,0.00,0.12,1.9,167.9,267.9,49.22,-539.19,0.000000,0.000000,0,1,7.34
177053,-0.05,0.00,0.05,-0.12,-0.12,-0.18,1.9,167.9,267.9,49.23,-539.60,0.000000,0.000000,0,1,7.34
177257,0.00,-0.09,0.01,0.00,-0.06,-0.06,1.9,167.9,267.9,49.25,-540.44,0.000000,0.000000,0,1,7.34
177461,0.07,-0.11,0.09,0.00,-0.18,0.12,1.9,167.9,267.9,49.26,-541.16,0.000000,0.000000,0,1,7.31
177665,0.00,-0.05,0.11,0.18,0.18,-0.06,1.9,167.9,267.9,49.28,-542.05,0.000000,0.000000,0,1,7.31
177869,-0.00,-0.01,0.09,-0.06,0.18,0.00,1.9,167.9,267.9,49.29,-542.46,0.000000,0.000000,0,1,7.31
178073,0.09,-0.11,0.12,0.12,0.12,-0.06,1.9,167.9,267.9,49.29,-542.67,0.000000,0.000000,0,1,7.31
178277,-0.07,-0.19,0.05,0.12,-0.06,-0.06,1.9,167.9,267.9,49.30,-543.23,0.000000,0.000000,0,1,7.31
178481,0.05,-0.07,0.10,0.12,-0.18,-0.18,1.9,167.9,267.9,49.32,-544.23,0.000000,0.000000,0,1,7.38
178583,0.07,0.00,0.05,-0.12,0.18,0.12,1.9,167.9,267.9,49.32,-544.81,0.000000,0.000000,0,1,7.38
178787,-0.20,-0.09,0.09,-0.06,-0.12,0.00,1.9,167.9,267.9,49.34,-545.73,0.000000,0.000000,0,1,7.38
178991,0.10,-0.01,0.09,0.37,0.06,0.18,1.9,167.9,267.9,49.35,-546.32,0.000000,0.000000,0,1,7.38
179195,-0.05,-0.05,0.10,0.06,-0.06,-0.06,1.9,167.9,267.9,49.36,-546.97,0.000000,0.000000,0,1,7.38
179399,-0.05,-0.05,0.09,-0.12,-0.25,0.06,1.9,167.9,267.9,49.38,-547.77,0.000000,0.000000,0,1,7.38
179603,0.01,-0.07,0.09,0.00,0.06,0.00,1.9,167.9,267.9,49.39,-548.17,0.000000,0.000000,0,1,7.35
179807,-0.05,-0.05,0.07,0.18,-0.12,-0.06,1.9,167.9,267.9,49.40,-548.76,0.000000,0.000000,0,1,7.35
179909,0.03,-0.01,0.07,0.06,0.06,0.12,1.9,167.9,267.9,49.41,-549.04,0.000000,0.000000,0,1,7.35
180215,0.07,-0.07,0.03,1.31,0.00,0.43,1.9,167.9,267.9,49.42,-549.81,0.000000,0.000000,0,1,7.35
180317,0.00,0.00,0.11,-0.18,-0.06,-0.12,1.9,167.9,267.9,49.43,-549.96,0.000000,0.000000,0,1,7.35
180521,-0.02,-0.05,0.12,-0.25,-0.31,0.12,1.9,167.9,267.9,49.44,-550.33,0.000000,0.000000,0,1,7.37
180725,-0.02,-0.09,0.05,0.18,-0.12,0.18,1.9,167.9,267.9,49.45,-550.94,0.000000,0.000000,0,1,7.37
180929,0.07,-0.01,0.12,-0.31,0.06,-0.06,1.9,167.9,267.9,49.46,-551.43,0.000000,0.000000,0,1,7.37
181133,-0.05,-0.11,0.11,-0.06,-0.06,-0.06,1.9,167.9,267.9,49.47,-551.64,0.000000,0.000000,0,1,7.37
181337,0.01,-0.03,0.07,-0.12,0.00,0.06,1.9,167.9,267.9,49.48,-552.22,0.000000,0.000000,0,1,7.37
181541,-0.01,-0.05,0.12,0.00,0.06,0.00,1.9,167.9,267.9,49.49,-552.82,0.000000,0.000000,0,1,7.33
181643,0.00,-0.07,0.10,0.06,-0.12,0.00,1.9,167.9,267.9,49.49,-553.08,0.000000,0.000000,0,1,7.33
181847,0.02,-0.05,0.11,0.12,0.00,0.06,1.9,167.9,267.9,49.50,-553.72,0.000000,0.000000,0,1,7.33
182051,-0.03,-0.05,0.01,-0.37,-0.18,-0.25,1.9,167.9,267.9,49.52,-554.28,0.000000,0.000000,0,1,7.33
182255,0.05,-0.02,0.11,0.00,0.06,0.00,1.9,167.9,267.9,49.53,-554.63,0.000000,0.000000,0,1,7.33
182459,-0.03,-0.07,0.09,0.00,0.06,0.00,1.9,167.9,267.9,49.53,-554.57,0.000000,0.000000,0,1,7.33
182663,0.00,-0.05,0.10,0.00,0.06,0.00,1.9,167.9,267.9,49.53,-554.40,0.000000,0.000000,0,1,7.32
182867,0.00,-0.05,0.10,0.06,0.18,0.00,1.9,167.9,267.9,49.53,-554.60,0.000000,0.000000,0,1,7.32
182969,-0.01,-0.03,0.11,-0.06,-0.06,0.06,1.9,167.9,267.9,49.54,-554.87,0.000000,0.000000,0,1,7.32
183275,0.00,-0.05,0.09,0.00,-0.12,0.06,1.9,167.9,267.9,49.56,-556.13,0.000000,0.000000,0,1,7.32
183377,0.00,-0.05,0.09,-0.06,0.12,0.06,1.9,167.9,267.9,49.56,-556.43,0.000000,0.000000,0,1,7.32
183581,0.00,-0.03,0.11,0.00,-0.06,-0.06,1.9,167.9,267.9,49.57,-556.67,0.000000,0.000000,0,1,7.39
183785,-0.00,-0.05,0.11,-0.12,0.00,0.06,1.9,167.9,267.9,49.58,-556.97,0.000000,0.000000,0,1,7.39
183989,0.01,-0.07,0.09,0.06,0.12,0.00,1.9,167.9,267.9,49.59,-557.50,0.000000,0.000000,0,1,7.39
184193,0.01,-0.10,0.11,0.25,0.00,-0.06,1.9,167.9,267.9,49.59,-556.40,0.000000,0.000000,0,1,7.39
184397,0.11,-0.09,0.11,-0.12,-0.12,0.12,1.9,167.9,267.9,49.57,-555.05,0.000000,0.000000,0,1,7.39
184601,0.00,-0.05,0.13,0.00,-0.06,-0.12,1.9,167.9,267.9,49.57,-555.17,0.000000,0.000000,0,1,7.38
184805,-0.02,-0.07,0.07,0.00,0.00,-0.12,1.9,167.9,267.9,49.58,-556.00,0.000000,0.000000,0,1,7.38
184907,-0.00,-0.07,0.09,0.06,0.06,0.00,1.9,167.9,267.9,49.58,-556.43,0.000000,0.000000,0,1,7.38
185213,0.00,-0.07,0.13,-0.25,-0.12,0.12,1.9,167.9,267.9,49.59,-556.53,0.000000,0.000000,0,1,7.38
185315,-0.00,-0.07,0.05,-0.06,0.00,-0.06,1.9,167.9,267.9,49.59,-557.07,0.000000,0.000000,0,1,7.38
185519,-0.01,-0.07,0.09,0.06,0.00,0.00,1.9,167.9,267.9,49.61,-558.29,0.000000,0.000000,0,1,7.40
185723,0.00,-0.10,0.11,-0.12,-0.06,0.31,1.9,167.9,267.9,49.63,-559.02,0.000000,0.000000,0,1,7.40
185927,-0.07,-0.10,0.11,0.31,0.06,-0.12,1.9,167.9,267.9,49.63,-558.21,0.000000,0.000000,0,1,7.40
186131,-0.05,0.00,0.11,-0.12,0.00,0.12,1.9,167.9,267.9,49.62,-557.63,0.000000,0.000000,0,1,7.40
186335,0.11,-0.05,0.12,-0.50,-0.31,0.18,1.9,167.9,267.9,49.62,-557.87,0.000000,0.000000,0,1,7.40
186539,-0.05,-0.07,0.12,-0.18,0.12,-0.12,1.9,167.9,267.9,49.63,-558.51,0.000000,0.000000,0,1,7.33
186641,-0.00,-0.11,0.11,0.25,0.18,0.18,1.9,167.9,267.9,49.63,-559.11,0.000000,0.000000,0,1,7.33
186845,-0.10,0.01,0.09,0.18,0.00,-0.25,1.9,167.9,267.9,49.66,-560.50,0.000000,0.000000,0,1,7.33
187049,0.09,-0.09,0.05,0.62,0.31,0.25,1.9,167.9,267.9,49.67,-561.88,0.000000,0.000000,0,1,7.33
187253,0.02,-0.02,0.09,0.37,0.06,-0.18,1.9,167.9,267.9,49.69,-562.12,0.000000,0.000000,0,1,7.33
187457,-0.02,-0.09,0.11,-0.43,0.12,-0.25,1.9,167.9,267.9,49.69,-562.85,0.000000,0.000000,0,1,7.33
187661,0.00,-0.11,0.11,0.25,-0.12,0.06,1.9,167.9,267.9,49.71,-563.53,0.000000,0.000000,0,1,7.34
187865,-0.11,-0.13,0.05,0.12,0.25,-0.37,1.9,167.9,267.9,49.71,-563.91,0.000000,0.000000,0,1,7.34
187967,-0.00,-0.11,0.11,0.43,-0.12,0.18,1.9,167.8,267.9,49.72,-564.21,0.000000,0.000000,0,1,7.34
188273,0.05,-0.07,0.07,-0.43,-0.06,0.00,1.9,167.8,267.9,49.73,-564.64,0.000000,0.000000,0,1,7.34
188375,-0.07,-0.09,0.07,0.25,0.18,0.12,1.9,167.8,267.9,49.73,-564.85,0.000000,0.000000,0,1,7.34
188579,0.00,-0.07,0.07,-0.06,0.00,-0.06,1.9,167.8,267.9,49.74,-565.26,0.000000,0.000000,0,1,7.38
188783,-0.02,-0.03,0.05,-0.18,-0.06,-0.25,1.9,167.8,267.9,49.76,-565.84,0.000000,0.000000,0,1,7.38
188987,-0.03,-0.10,0.09,-0.18,-0.06,0.00,1.9,167.8,267.9,49.77,-566.36,0.000000,0.000000,0,1,7.38
189191,-0.09,-0.15,0.07,-0.12,-0.06,-0.06,1.9,167.8,267.9,49.78,-566.72,0.000000,0.000000,0,1,7.38
189395,0.00,-0.03,0.10,0.56,0.12,0.12,1.9,167.8,267.9,49.79,-567.60,0.000000,0.000000,0,1,7.38
189599,0.05,-0.05,0.11,0.06,0.00,0.06,1.9,167.8,267.9,49.80,-568.36,0.000000,0.000000,0,1,7.37
189701,-0.15,-0.00,0.11,-0.18,0.06,-0.06,1.9,167.8,267.9,49.80,-568.33,0.000000,0.000000,0,1,7.37
189905,0.03,-0.09,0.11,-0.06,-0.18,0.12,1.9,167.8,267.9,49.81,-568.28,0.000000,0.000000,0,1,7.37
190211,-0.01,-0.07,0.11,0.25,0.06,0.00,1.9,167.8,267.9,49.82,-569.19,0.000000,0.000000,0,1,7.37
190313,-0.05,-0.07,0.11,0.06,-0.06,-0.18,1.9,167.8,267.9,49.83,-569.36,0.000000,0.000000,0,1,7.37
190517,-0.05,-0.05,0.09,0.12,-0.06,-0.06,1.9,167.8,267.9,49.84,-570.06,0.000000,0.000000,0,1,7.37
190721,0.00,-0.07,0.13,0.12,-0.06,0.00,1.9,167.8,267.9,49.85,-570.70,0.000000,0.000000,0,1,7.33
190925,0.00,-0.17,0.03,-0.06,0.06,0.12,1.9,167.8,267.9,49.86,-571.01,0.000000,0.000000,0,1,7.33
191129,0.00,-0.05,0.09,0.12,0.06,0.00,1.9,167.8,267.9,49.86,-571.01,0.000000,0.000000,0,1,7.33
191333,0.02,-0.07,0.09,0.00,-0.06,0.00,1.9,167.8,267.9,49.86,-571.11,0.000000,0.000000,0,1,7.33
191537,0.00,-0.07,0.09,0.12,-0.25,0.00,1.9,167.8,267.9,49.87,-571.96,0.000000,0.000000,0,1,7.33
191639,-0.00,-0.07,0.10,0.12,0.00,0.06,1.9,167.8,267.9,49.88,-572.42,0.000000,0.000000,0,1,7.31
191843,-0.02,-0.10,0.10,0.18,-0.12,0.00,1.9,167.8,267.9,49.90,-573.19,0.000000,0.000000,0,1,7.31
192047,0.00,-0.11,0.10,-0.12,-0.06,0.00,1.9,167.8,267.9,49.91,-573.84,0.000000,0.000000,0,1,7.31
192251,-0.01,-0.07,0.09,-0.12,-0.18,-0.06,1.9,167.8,267.9,49.92,-574.59,0.000000,0.000000,0,1,7.31
192455,0.00,-0.13,0.07,0.12,-0.12,0.06,1.9,167.8,267.9,49.94,-575.34,0.000000,0.000000,0,1,7.31
192659,0.00,-0.05,0.11,-0.25,0.00,0.06,1.9,167.8,267.9,49.95,-576.05,0.000000,0.000000,0,1,7.33
192863,0.00,-0.10,0.03,0.25,0.12,0.06,1.9,167.8,267.9,49.96,-576.72,0.000000,0.000000,0,1,7.33
192965,0.00,-0.05,0.11,-0.25,0.12,0.00,1.9,167.8,267.9,49.97,-577.05,0.000000,0.000000,0,1,7.33
193271,-0.05,-0.07,0.09,-0.62,0.00,-0.12,1.9,167.8,267.9,49.98,-577.91,0.000000,0.000000,0,1,7.33
193373,0.00,-0.10,0.07,-0.12,0.00,0.25,1.9,167.8,267.9,49.99,-578.12,0.000000,0.000000,0,1,7.33
193577,0.00,-0.05,0.10,0.06,0.00,0.06,1.9,167.8,267.9,50.00,-578.50,0.000000,0.000000,0,1,7.33
193781,-0.00,-0.07,0.11,-0.18,0.06,0.00,1.9,167.8,267.9,50.00,-578.91,0.000000,0.000000,0,1,7.37
193985,0.00,-0.02,0.09,0.06,0.00,0.00,1.9,167.8,267.9,50.01,-579.33,0.000000,0.000000,0,1,7.37
194189,0.05,-0.12,0.07,0.50,0.06,0.25,1.9,167.8,267.9,50.02,-579.40,0.000000,0.000000,0,1,7.37
194393,-0.00,-0.03,0.11,0.00,-0.12,-0.12,1.9,167.8,267.9,50.03,-579.84,0.000000,0.000000,0,1,7.37
194598,-0.00,-0.07,0.11,0.00,-0.06,0.00,1.9,167.8,267.9,50.04,-580.44,0.000000,0.000000,0,1,7.41
194801,0.00,-0.07,0.09,0.31,0.00,0.12,1.9,167.8,267.9,50.05,-581.05,0.000000,0.000000,0,1,7.41
194903,-0.00,-0.07,0.09,0.12,-0.06,0.00,1.9,167.8,267.9,50.06,-581.23,0.000000,0.000000,0,1,7.41
195107,0.00,-0.11,0.09,0.00,-0.12,0.12,1.9,167.8,267.9,50.06,-581.48,0.000000,0.000000,0,1,7.41
195413,0.01,-0.11,0.10,-0.06,0.00,0.06,1.9,167.8,267.9,50.07,-581.68,0.000000,0.000000,0,1,7.41
195617,0.05,-0.07,0.13,-0.06,0.06,-0.06,1.9,167.8,267.9,50.07,-581.93,0.000000,0.000000,0,1,7.41
195719,0.03,-0.11,0.07,0.37,0.18,0.06,1.9,167.8,267.9,50.08,-582.05,0.000000,0.000000,0,1,7.41
195923,0.00,-0.05,0.09,-0.25,0.18,-0.12,1.9,167.8,267.9,50.08,-582.46,0.000000,0.000000,0,1,7.41
196127,-0.02,-0.02,0.09,0.12,-0.25,0.06,1.9,167.8,267.9,50.09,-583.05,0.000000,0.000000,0,1,7.41
196331,0.05,-0.07,0.11,0.12,-0.18,0.12,1.9,167.8,267.9,50.10,-583.65,0.000000,0.000000,0,1,7.41
196535,0.00,-0.11,0.07,0.18,0.12,-0.06,1.9,167.8,267.9,50.11,-584.07,0.000000,0.000000,0,1,7.41
196739,-0.00,-0.05,0.09,0.12,0.00,0.00,1.9,167.8,267.9,50.11,-584.18,0.000000,0.000000,0,1,7.42
196943,-0.00,-0.02,0.11,-0.06,-0.12,0.06,1.9,167.8,267.9,50.12,-584.55,0.000000,0.000000,0,1,7.42
197045,0.02,-0.07,0.07,-0.12,0.06,0.00,1.9,167.8,267.9,50.12,-584.79,0.000000,0.000000,0,1,7.42
197351,-0.00,-0.03,0.12,0.12,0.06,0.00,1.9,167.8,267.9,50.13,-585.12,0.000000,0.000000,0,1,7.42
197453,0.00,-0.11,0.07,0.12,-0.18,0.00,1.9,167.8,267.9,50.13,-585.07,0.000000,0.000000,0,1,7.42
197657,-0.00,-0.07,0.11,0.06,0.18,-0.06,1.9,167.8,267.9,50.14,-584.92,0.000000,0.000000,0,1,7.36
197861,-0.01,-0.07,0.10,0.00,0.00,-0.06,1.9,167.8,267.9,50.14,-585.58,0.000000,0.000000,0,1,7.36
198065,-0.03,-0.07,0.10,-0.18,0.12,-0.31,1.9,167.8,267.9,50.15,-586.48,0.000000,0.000000,0,1,7.36
198269,0.00,-0.09,0.11,0.00,-0.18,0.06,1.9,167.8,267.9,50.16,-586.17,0.000000,0.000000,0,1,7.36
198473,0.00,-0.09,0.11,-0.18,-0.12,0.00,1.9,167.8,267.9,50.13,-583.27,0.000000,0.000000,0,1,7.36
198677,-0.02,-0.09,0.07,0.12,0.00,0.06,1.9,167.8,267.9,50.11,-583.37,0.000000,0.000000,0,1,7.34
198779,-0.01,-0.05,0.12,0.06,-0.06,-0.18,1.9,167.8,267.9,50.12,-584.01,0.000000,0.000000,0,1,7.34
198983,-0.00,-0.07,0.10,0.06,0.00,-0.06,1.9,167.8,267.9,50.14,-585.17,0.000000,0.000000,0,1,7.34
199187,0.00,-0.05,0.11,0.00,-0.06,0.00,1.9,167.8,267.9,50.14,-584.75,0.000000,0.000000,0,1,7.34
199391,0.00,-0.07,0.09,-0.12,0.00,0.06,1.9,167.8,267.9,50.13,-583.51,0.000000,0.000000,0,1,7.34
199595,0.00,-0.07,0.12,-0.31,0.00,0.00,1.9,167.8,267.9,50.12,-583.42,0.000000,0.000000,0,1,7.34
199799,-0.02,-0.07,0.09,-0.18,0.00,-0.12,1.9,167.8,267.9,50.13,-583.95,0.000000,0.000000,0,1,7.34
200003,0.00,-0.11,0.05,0.81,0.25,0.00,1.9,167.8,267.9,50.14,-584.66,0.000000,0.000000,0,1,7.34
200105,0.02,-0.07,0.10,-0.06,0.12,-0.06,1.9,167.8,267.9,50.14,-585.01,0.000000,0.000000,0,1,7.34
200411,0.07,-0.11,0.07,0.00,0.00,0.18,1.9,167.8,267.9,50.15,-585.13,0.000000,0.000000,0,1,7.34
200513,0.17,-0.07,0.11,0.06,0.00,0.25,1.9,167.8,267.9,50.15,-585.09,0.000000,0.000000,0,1,7.34
200717,0.00,-0.05,0.07,-0.18,0.06,-0.18,1.9,167.8,267.9,50.15,-585.53,0.000000,0.000000,0,1,7.31
200921,0.00,-0.07,0.11,0.56,0.06,0.31,1.9,167.8,267.9,50.17,-586.68,0.000000,0.000000,0,1,7.31
201125,-0.07,-0.13,0.07,-0.06,-0.06,-0.06,1.9,167.8,267.9,50.19,-587.95,0.000000,0.000000,0,1,7.31
201329,0.09,0.05,0.15,0.25,0.25,-0.25,1.9,167.8,267.9,50.20,-588.87,0.000000,0.000000,0,1,7.31
201533,-0.02,-0.11,0.10,-0.06,0.06,-0.25,1.9,167.8,267.9,50.21,-588.30,0.000000,0.000000,0,1,7.31
201737,-0.07,-0.03,0.07,0.37,0.06,-0.06,1.9,167.9,267.9,50.19,-586.83,0.000000,0.000000,0,1,7.34
201941,0.03,-0.07,0.13,0.31,0.12,0.18,1.9,167.9,267.9,50.17,-584.81,0.000000,0.000000,0,1,7.34
202043,-0.05,-0.00,0.09,-0.06,0.06,-0.12,1.9,167.9,267.9,50.16,-584.02,0.000000,0.000000,0,1,7.34
202349,-0.00,-0.03,0.10,-0.06,-0.12,0.00,1.9,167.9,267.9,50.12,-581.86,0.000000,0.000000,0,1,7.34
202451,0.00,-0.07,0.10,-0.06,0.18,0.00,1.9,167.9,267.9,50.12,-582.77,0.000000,0.000000,0,1,7.34
202655,-0.01,-0.05,0.12,-0.06,-0.12,0.00,1.9,167.9,267.9,50.15,-585.25,0.000000,0.000000,0,1,7.34
202859,-0.00,-0.05,0.11,0.06,0.18,-0.12,1.9,167.9,267.9,50.17,-585.66,0.000000,0.000000,0,1,7.38
203063,0.12,-0.03,0.22,0.37,0.12,0.31,1.9,167.9,267.9,50.17,-585.41,0.000000,0.000000,0,1,7.38
203267,0.00,-0.01,0.10,0.43,0.18,-0.12,1.9,167.9,267.9,50.18,-586.65,0.000000,0.000000,0,1,7.38
203471,-0.01,-0.07,0.11,0.18,-0.12,-0.18,1.9,167.9,267.9,50.19,-587.43,0.000000,0.000000,0,1,7.38
203675,-0.01,0.01,0.15,-0.25,0.12,-0.18,1.9,167.9,267.9,50.20,-587.54,0.000000,0.000000,0,1,7.38
203777,0.00,-0.07,0.05,0.12,0.12,-0.12,1.9,167.9,267.9,50.20,-587.64,0.000000,0.000000,0,1,7.33
203981,-0.03,-0.03,0.10,0.06,0.00,0.00,1.9,167.9,267.9,50.21,-588.25,0.000000,0.000000,0,1,7.33
204185,0.00,-0.07,0.05,-0.12,-0.06,0.00,1.9,167.9,267.9,50.22,-589.31,0.000000,0.000000,0,1,7.33
204389,-0.02,-0.05,0.07,-0.56,0.00,-0.25,1.9,167.9,267.9,50.24,-590.46,0.000000,0.000000,0,1,7.33
204593,-0.01,-0.02,0.07,-0.18,0.00,-0.06,1.9,167.9,267.9,50.25,-591.27,0.000000,0.000000,0,1,7.33
204797,0.00,-0.07,0.10,0.00,0.06,-0.06,1.9,167.9,267.9,50.27,-592.07,0.000000,0.000000,0,1,7.35
205001,-0.05,0.00,0.07,-0.06,-0.06,-0.18,1.9,167.9,267.9,50.28,-592.69,0.000000,0.000000,0,1,7.35
205103,0.07,-0.12,0.07,0.06,-0.06,0.00,1.9,167.9,267.9,50.28,-592.94,0.000000,0.000000,0,1,7.35
205409,0.01,-0.09,0.05,-0.18,0.18,0.06,1.9,167.9,267.9,50.30,-593.69,0.000000,0.000000,0,1,7.35
205511,-0.07,-0.09,0.10,0.31,-0.06,0.06,1.9,167.9,267.9,50.30,-593.76,0.000000,0.000000,0,1,7.35
205715,0.03,-0.07,0.11,0.25,-0.06,0.06,1.9,167.9,267.9,50.30,-593.23,0.000000,0.000000,0,1,7.40
205919,0.05,-0.07,0.13,0.00,-0.06,-0.06,1.9,167.9,267.9,50.30,-593.01,0.000000,0.000000,0,1,7.40
206123,-0.09,-0.05,0.11,0.12,-0.06,-0.18,1.9,167.9,267.9,50.30,-592.89,0.000000,0.000000,0,1,7.40
206327,0.05,-0.07,0.11,0.12,-0.06,0.12,1.9,167.9,267.9,50.30,-592.54,0.000000,0.000000,0,1,7.40
206531,0.00,-0.05,0.07,0.25,-0.12,-0.06,1.9,167.9,267.9,50.30,-592.44,0.000000,0.000000,0,1,7.40
206735,-0.05,-0.07,0.09,0.25,-0.06,-0.12,1.9,167.9,267.9,50.30,-592.96,0.000000,0.000000,0,1,7.35
206837,0.00,-0.02,0.10,-0.25,-0.18,-0.12,1.9,167.9,267.9,50.31,-593.36,0.000000,0.000000,0,1,7.35
207041,0.10,-0.05,0.10,-0.06,-0.06,0.06,1.9,167.9,267.9,50.32,-593.55,0.000000,0.000000,0,1,7.35
207245,-0.10,-0.10,0.12,-0.31,0.00,-0.18,1.9,167.9,267.9,50.32,-593.46,0.000000,0.000000,0,1,7.35
207551,0.02,0.00,0.07,0.31,0.18,0.18,1.9,167.9,267.9,50.33,-594.13,0.000000,0.000000,0,1,7.35
207653,0.00,-0.07,0.11,0.06,0.12,-0.25,1.9,167.9,267.9,50.33,-594.45,0.000000,0.000000,0,1,7.35
207857,-0.02,-0.09,0.05,0.31,0.12,0.25,1.9,167.9,267.9,50.34,-594.68,0.000000,0.000000,0,1,7.33
208061,0.00,0.00,0.11,0.00,-0.18,-0.12,1.9,167.9,267.9,50.34,-594.72,0.000000,0.000000,0,1,7.33
208265,0.01,-0.11,0.11,0.31,0.18,0.06,1.9,167.9,267.9,50.33,-594.77,0.000000,0.000000,0,1,7.33
208469,-0.03,-0.10,0.09,0.06,0.12,-0.25,1.9,167.9,267.9,50.34,-595.04,0.000000,0.000000,0,1,7.33
208673,0.00,-0.07,0.05,0.18,-0.06,0.06,1.9,167.9,267.9,50.34,-595.43,0.000000,0.000000,0,1,7.33
208877,0.03,-0.10,0.09,0.43,0.00,0.25,1.9,167.9,267.9,50.35,-595.71,0.000000,0.000000,0,1,7.41
208979,-0.07,-0.01,0.15,-0.25,-0.06,-0.12,1.9,167.9,267.9,50.35,-595.57,0.000000,0.000000,0,1,7.41
209183,0.00,-0.03,0.09,0.06,0.06,0.06,1.9,167.9,267.9,50.35,-594.87,0.000000,0.000000,0,1,7.41
209387,0.12,-0.11,0.15,0.00,0.00,0.12,1.9,167.9,267.9,50.34,-593.73,0.000000,0.000000,0,1,7.41
209591,-0.02,-0.07,0.07,-0.87,-0.18,-0.31,1.9,167.9,267.9,50.33,-593.77,0.000000,0.000000,0,1,7.41
209795,-0.12,-0.11,0.22,-1.31,-0.50,-0.43,1.9,167.9,267.9,50.34,-594.47,0.000000,0.000000,0,1,7.32
209999,-0.07,-0.09,0.07,0.06,-0.06,0.25,1.9,167.9,267.9,50.35,-595.04,0.000000,0.000000,0,1,7.32
210203,-0.02,-0.03,0.11,-0.25,0.00,0.00,1.9,167.9,267.9,50.37,-595.78,0.000000,0.000000,0,1,7.32
210407,0.00,-0.05,0.07,0.18,0.12,-0.12,1.9,167.9,267.9,50.38,-596.79,0.000000,0.000000,0,1,7.32
210611,0.05,-0.03,0.10,-0.06,0.06,0.00,1.9,167.9,267.9,50.40,-597.81,0.000000,0.000000,0,1,7.32
210815,-0.15,0.01,0.09,-0.31,-0.12,-0.18,1.9,167.9,267.9,50.41,-598.75,0.000000,0.000000,0,1,7.46
210917,-0.17,-0.13,0.11,0.06,0.00,-0.31,1.9,167.9,267.9,50.42,-599.07,0.000000,0.000000,0,1,7.46
211121,0.09,-0.02,0.15,0.18,0.06,0.00,1.9,167.9,267.9,50.43,-599.45,0.000000,0.000000,0,1,7.46
211325,-0.09,-0.07,0.10,-0.06,-0.06,-0.12,1.9,167.9,267.9,50.43,-599.24,0.000000,0.000000,0,1,7.46
211529,0.00,-0.07,0.11,0.06,-0.06,0.06,1.9,167.9,267.9,50.43,-598.76,0.000000,0.000000,0,1,7.46
211733,0.00,-0.07,0.11,0.06,0.06,0.18,1.9,167.9,267.9,50.43,-599.43,0.000000,0.000000,0,1,7.46
211937,0.00,-0.01,-0.00,-0.50,0.00,-0.12,1.9,167.9,267.9,50.45,-599.85,0.000000,0.000000,0,1,7.38
212141,-0.01,-0.07,0.11,-0.12,-0.06,0.06,1.9,167.9,267.9,50.45,-599.80,0.000000,0.000000,0,1,7.38
212243,0.00,-0.09,0.10,0.06,0.06,-0.06,1.9,167.9,267.9,50.45,-599.99,0.000000,0.000000,0,1,7.38
212549,-0.00,-0.11,0.10,0.25,0.00,-0.06,1.9,167.9,267.9,50.46,-600.36,0.000000,0.000000,0,1,7.38
212651,0.03,-0.12,0.05,0.18,-0.06,0.12,1.9,167.9,267.9,50.46,-600.02,0.000000,0.000000,0,1,7.38
212855,-0.05,-0.07,0.10,-0.12,0.12,0.00,1.9,167.9,267.9,50.45,-599.53,0.000000,0.000000,0,1,7.41
213059,0.00,-0.03,0.09,-0.56,-0.25,-0.18,1.9,167.9,267.9,50.46,-599.74,0.000000,0.000000,0,1,7.41
213263,0.00,-0.05,0.09,0.18,-0.06,0.00,1.9,167.9,267.9,50.46,-600.10,0.000000,0.000000,0,1,7.41
213467,0.00,-0.07,0.11,0.00,0.12,0.06,1.9,167.9,267.9,50.46,-599.66,0.000000,0.000000,0,1,7.41
213671,0.00,-0.07,0.11,0.12,-0.06,-0.06,1.9,167.9,267.9,50.46,-599.48,0.000000,0.000000,0,1,7.41
213875,-0.01,-0.05,0.11,-0.06,0.12,0.00,1.9,167.9,267.9,50.47,-600.19,0.000000,0.000000,0,1,7.37
213977,0.00,-0.05,0.12,-0.06,0.12,0.00,1.9,167.9,267.9,50.47,-600.35,0.000000,0.000000,0,1,7.37
214181,-0.00,-0.03,0.10,0.00,-0.06,0.00,1.9,167.9,267.9,50.47,-599.81,0.000000,0.000000,0,1,7.37
214487,0.00,-0.05,0.09,0.12,-0.18,-0.06,1.9,167.9,267.9,50.46,-599.91,0.000000,0.000000,0,1,7.37
214589,0.00,-0.07,0.11,0.06,0.00,-0.12,1.9,167.9,267.9,50.47,-600.65,0.000000,0.000000,0,1,7.37
214794,-0.00,-0.09,0.09,-0.06,-0.18,0.06,1.9,167.9,267.9,50.49,-602.07,0.000000,0.000000,0,1,7.33
214997,-0.01,-0.05,0.10,0.00,-0.12,-0.06,1.9,167.9,267.9,50.51,-603.06,0.000000,0.000000,0,1,7.33
215201,-0.00,-0.07,0.11,0.06,-0.06,0.12,1.9,167.9,267.9,50.53,-603.89,0.000000,0.000000,0,1,7.33
215405,0.00,-0.05,0.10,-0.06,0.06,0.06,1.9,167.9,267.9,50.54,-604.80,0.000000,0.000000,0,1,7.33
215609,0.00,-0.07,0.11,0.00,0.00,0.06,1.9,167.9,267.9,50.56,-605.51,0.000000,0.000000,0,1,7.33
215813,0.00,-0.07,0.07,-0.06,0.12,0.00,1.9,167.9,267.9,50.57,-606.31,0.000000,0.000000,0,1,7.33
215915,0.00,-0.05,0.10,-0.06,0.12,0.00,1.9,167.9,267.9,50.57,-606.86,0.000000,0.000000,0,1,7.33
216119,0.00,-0.07,0.10,0.06,0.00,-0.06,1.9,167.9,267.9,50.59,-608.05,0.000000,0.000000,0,1,7.33
216323,0.00,-0.07,0.10,-0.12,0.06,0.12,1.9,167.9,267.9,50.61,-609.02,0.000000,0.000000,0,1,7.33
216527,-0.01,-0.07,0.10,-0.12,0.00,0.12,1.9,167.9,267.9,50.62,-609.63,0.000000,0.000000,0,1,7.33
216731,0.00,-0.07,0.11,-0.06,0.00,0.06,1.9,167.9,267.9,50.63,-609.74,0.000000,0.000000,0,1,7.33
216935,-0.00,-0.05,0.11,0.00,0.06,0.00,1.9,167.9,267.9,50.63,-609.56,0.000000,0.000000,0,1,7.36
217139,0.00,-0.05,0.11,-0.06,0.06,0.00,1.9,167.9,267.9,50.62,-608.47,0.000000,0.000000,0,1,7.36
217241,-0.00,-0.07,0.09,0.00,0.06,-0.06,1.9,167.9,267.9,50.62,-607.95,0.000000,0.000000,0,1,7.36
217547,-0.01,-0.07,0.10,-0.06,0.12,0.00,1.9,167.9,267.9,50.61,-607.76,0.000000,0.000000,0,1,7.36
217649,0.00,-0.05,0.11,0.00,-0.12,-0.12,1.9,167.9,267.9,50.61,-608.29,0.000000,0.000000,0,1,7.36
217853,0.02,-0.10,0.05,-0.18,-0.18,0.00,1.9,167.9,267.9,50.63,-609.54,0.000000,0.000000,0,1,7.35
218057,0.07,-0.07,0.07,0.06,0.18,0.31,1.9,167.9,267.9,50.65,-610.50,0.000000,0.000000,0,1,7.35
218261,-0.05,-0.00,0.09,0.06,0.25,-0.18,1.9,167.9,267.9,50.66,-611.01,0.000000,0.000000,0,1,7.35
218465,0.00,-0.05,0.10,0.00,-0.12,-0.18,1.9,167.9,267.9,50.67,-611.47,0.000000,0.000000,0,1,7.35
218669,-0.02,-0.05,0.10,-0.18,0.06,-0.18,1.9,167.9,267.9,50.67,-611.92,0.000000,0.000000,0,1,7.35
218873,0.00,-0.02,0.11,-0.12,0.18,0.12,1.9,167.9,267.9,50.68,-612.01,0.000000,0.000000,0,1,7.38
218975,0.01,-0.11,0.10,0.00,-0.12,0.31,1.9,167.9,267.9,50.68,-611.99,0.000000,0.000000,0,1,7.38
219179,0.00,-0.07,0.11,-0.12,-0.25,-0.06,1.9,167.9,267.9,50.68,-612.13,0.000000,0.000000,0,1,7.38
219485,0.00,-0.07,0.09,-0.12,0.00,0.00,1.9,167.9,267.9,50.69,-612.25,0.000000,0.000000,0,1,7.38
219587,0.00,-0.03,0.10,-0.06,-0.12,-0.06,1.9,167.9,267.9,50.69,-612.09,0.000000,0.000000,0,1,7.38
219791,0.00,-0.05,0.12,-0.18,0.00,0.00,1.9,167.9,267.9,50.69,-611.94,0.000000,0.000000,0,1,7.38
219995,0.00,-0.07,0.10,-0.31,0.06,-0.06,1.9,167.9,267.9,50.69,-612.22,0.000000,0.000000,0,1,7.37
220199,0.00,-0.05,0.11,-0.12,-0.06,-0.18,1.9,167.9,267.9,50.70,-612.51,0.000000,0.000000,0,1,7.37
220403,-0.00,-0.05,0.10,-0.18,-0.06,0.00,1.9,167.9,267.9,50.70,-612.55,0.000000,0.000000,0,1,7.37
220607,0.00,-0.07,0.10,-0.06,-0.12,0.18,1.9,167.9,267.9,50.70,-612.77,0.000000,0.000000,0,1,7.37
220811,0.00,-0.05,0.10,0.06,-0.18,0.06,1.9,167.9,267.9,50.70,-612.59,0.000000,0.000000,0,1,7.37
220913,0.00,-0.02,0.10,0.00,-0.06,-0.06,1.9,167.9,267.9,50.70,-612.41,0.000000,0.000000,0,1,7.38
221117,0.00,-0.05,0.10,-0.06,0.06,-0.06,1.9,167.9,267.9,50.71,-612.81,0.000000,0.000000,0,1,7.38
221321,0.00,-0.07,0.07,0.00,0.00,0.06,1.9,167.9,267.9,50.71,-613.52,0.000000,0.000000,0,1,7.38
221525,0.00,-0.07,0.09,0.12,-0.06,-0.18,1.9,167.9,267.9,50.72,-613.41,0.000000,0.000000,0,1,7.38
221729,0.00,-0.05,0.10,0.12,0.00,-0.12,1.9,167.9,267.9,50.72,-612.83,0.000000,0.000000,0,1,7.38
221933,0.00,-0.07,0.11,0.12,-0.12,-0.06,1.9,167.9,267.9,50.72,-613.49,0.000000,0.000000,0,1,7.36
222137,-0.01,-0.09,0.11,0.00,0.00,0.06,1.9,167.9,267.9,50.74,-614.29,0.000000,0.000000,0,1,7.36
222239,0.00,-0.07,0.09,0.00,-0.18,0.06,1.9,167.9,267.9,50.74,-614.59,0.000000,0.000000,0,1,7.36
222545,-0.00,-0.07,0.10,0.06,-0.06,-0.12,1.9,167.9,267.9,50.76,-616.10,0.000000,0.000000,0,1,7.36
222647,0.00,-0.05,0.10,-0.06,0.25,0.12,1.9,167.9,267.9,50.77,-616.67,0.000000,0.000000,0,1,7.36
222851,0.00,-0.05,0.10,0.00,-0.31,0.12,1.9,167.9,267.9,50.79,-617.91,0.000000,0.000000,0,1,7.36
223055,-0.00,-0.05,0.07,0.06,0.00,0.00,1.9,167.9,267.9,50.81,-618.49,0.000000,0.000000,0,1,7.38
223259,0.00,-0.07,0.12,0.00,-0.12,0.12,1.9,167.9,267.9,50.81,-617.56,0.000000,0.000000,0,1,7.38
223463,-0.02,-0.03,0.11,0.00,0.12,-0.06,1.9,167.9,267.9,50.79,-616.46,0.000000,0.000000,0,1,7.38
223667,-0.00,-0.05,0.07,-0.06,0.06,0.06,1.9,167.9,267.9,50.79,-616.25,0.000000,0.000000,0,1,7.38
223871,0.01,-0.07,0.11,0.00,-0.25,0.06,1.9,167.9,267.9,50.79,-617.06,0.000000,0.000000,0,1,7.38
223973,-0.01,-0.07,0.09,0.06,0.12,0.06,1.9,167.9,267.9,50.80,-617.36,0.000000,0.000000,0,1,7.33
224177,-0.00,-0.07,0.11,0.12,0.00,0.06,1.9,167.9,267.9,50.81,-617.45,0.000000,0.000000,0,1,7.33
224381,0.00,-0.07,0.11,0.06,-0.18,-0.06,1.9,167.9,267.9,50.81,-617.41,0.000000,0.000000,0,1,7.33
224585,-0.00,-0.07,0.09,-0.12,0.00,0.12,1.9,167.9,267.9,50.81,-617.75,0.000000,0.000000,0,1,7.33
224789,0.00,-0.05,0.10,0.00,-0.06,0.00,1.9,167.9,267.9,50.82,-618.63,0.000000,0.000000,0,1,7.33
224993,-0.01,-0.05,0.09,0.00,0.12,0.12,1.9,167.9,267.9,50.84,-619.52,0.000000,0.000000,0,1,7.39
225197,0.00,-0.07,0.11,0.06,-0.12,0.12,1.9,167.9,267.9,50.85,-619.58,0.000000,0.000000,0,1,7.39
225401,0.00,-0.07,0.10,-0.06,-0.18,0.06,1.9,167.9,267.9,50.85,-619.64,0.000000,0.000000,0,1,7.39
225605,0.00,-0.09,0.09,-0.06,-0.18,0.06,1.9,167.9,267.9,50.86,-620.37,0.000000,0.000000,0,1,7.39
225809,0.00,-0.07,0.11,-0.12,-0.06,0.06,1.9,167.9,267.9,50.87,-621.28,0.000000,0.000000,0,1,7.39
225911,0.00,-0.05,0.11,-0.06,0.06,0.12,1.9,167.9,267.9,50.88,-621.45,0.000000,0.000000,0,1,7.32
226115,-0.00,-0.07,0.13,-0.12,0.12,0.12,1.9,167.9,267.9,50.88,-621.69,0.000000,0.000000,0,1,7.32
226319,0.00,-0.07,0.09,-0.06,-0.25,0.00,1.9,167.9,267.9,50.89,-621.82,0.000000,0.000000,0,1,7.32
226523,0.00,-0.07,0.11,-0.06,-0.12,0.12,1.9,167.9,267.9,50.89,-621.00,0.000000,0.000000,0,1,7.32
226727,-0.00,-0.07,0.07,-0.06,-0.06,0.06,1.9,167.9,267.9,50.86,-618.79,0.000000,0.000000,0,1,7.32
226931,0.00,-0.10,0.07,0.12,0.18,0.18,1.9,167.9,267.9,50.84,-617.18,0.000000,0.000000,0,1,7.34
227135,-0.00,-0.07,0.11,0.00,-0.06,0.00,1.9,167.9,267.9,50.83,-618.11,0.000000,0.000000,0,1,7.34
227237,-0.00,-0.05,0.10,0.06,-0.06,0.06,1.9,167.9,267.9,50.84,-618.85,0.000000,0.000000,0,1,7.34
227543,-0.01,-0.05,0.07,-0.06,-0.06,0.06,1.9,167.9,267.9,50.87,-620.82,0.000000,0.000000,0,1,7.34
227747,0.00,-0.05,0.11,0.00,0.00,0.06,1.9,167.9,267.9,50.88,-620.67,0.000000,0.000000,0,1,7.34
227951,-0.01,-0.07,0.09,-0.06,0.00,0.06,1.9,167.9,267.9,50.87,-618.84,0.000000,0.000000,0,1,7.32
228053,0.00,-0.05,0.11,-0.06,0.00,-0.12,1.9,167.9,267.9,50.86,-618.48,0.000000,0.000000,0,1,7.32
228257,-0.01,-0.07,0.07,-0.06,0.00,-0.06,1.9,167.9,267.9,50.85,-618.38,0.000000,0.000000,0,1,7.32
228461,0.00,-0.07,0.11,0.00,-0.06,0.12,1.9,167.9,267.9,50.86,-619.39,0.000000,0.000000,0,1,7.32
228665,-0.01,-0.07,0.12,-0.06,0.06,0.12,1.9,167.9,267.9,50.87,-620.73,0.000000,0.000000,0,1,7.32
228869,-0.00,-0.05,0.10,0.12,0.18,0.12,1.9,167.9,267.9,50.89,-621.84,0.000000,0.000000,0,1,7.32
229073,-0.00,-0.05,0.07,0.12,0.12,-0.06,1.9,167.9,267.9,50.90,-622.72,0.000000,0.000000,0,1,7.37
229277,0.02,-0.05,0.11,0.00,-0.06,0.12,1.9,167.9,267.9,50.91,-623.53,0.000000,0.000000,0,1,7.37
229481,-0.01,-0.11,0.09,0.12,-0.12,0.12,1.9,167.9,267.9,50.93,-624.09,0.000000,0.000000,0,1,7.37
229685,0.02,-0.07,0.10,-0.06,-0.18,0.06,1.9,167.9,267.9,50.93,-623.37,0.000000,0.000000,0,1,7.37
229889,-0.05,-0.05,0.09,0.00,0.18,-0.12,1.9,167.9,267.9,50.91,-621.92,0.000000,0.000000,0,1,7.37
230093,-0.00,-0.10,0.11,-0.12,0.12,0.12,1.9,167.9,267.9,50.90,-622.62,0.000000,0.000000,0,1,7.33
230297,-0.03,-0.01,0.15,-0.37,0.25,-0.18,1.9,167.9,267.9,50.92,-623.39,0.000000,0.000000,0,1,7.33
230501,0.00,-0.03,0.10,-0.12,0.18,-0.12,1.9,167.9,267.9,50.93,-623.79,0.000000,0.000000,0,1,7.33
230705,0.00,-0.05,0.11,0.06,0.12,0.00,1.9,167.9,267.9,50.93,-623.43,0.000000,0.000000,0,1,7.33
230909,-0.00,-0.05,0.11,0.00,0.00,0.06,1.9,167.9,267.9,50.93,-622.87,0.000000,0.000000,0,1,7.33
231113,0.00,-0.10,0.10,0.00,0.06,-0.06,1.9,167.9,267.9,50.92,-622.36,0.000000,0.000000,0,1,7.37
231317,-0.00,-0.09,0.12,0.06,0.00,0.18,1.9,167.9,267.9,50.92,-622.68,0.000000,0.000000,0,1,7.37
231521,0.03,-0.07,0.07,0.25,-0.18,0.25,1.9,167.9,267.9,50.93,-623.93,0.000000,0.000000,0,1,7.37
231725,-0.00,-0.07,0.09,0.06,0.12,0.00,1.9,167.9,267.9,50.95,-624.85,0.000000,0.000000,0,1,7.37
231929,-0.00,-0.07,0.07,0.00,-0.12,-0.12,1.9,167.9,267.9,50.96,-625.51,0.000000,0.000000,0,1,7.37
232133,0.00,-0.10,0.05,-0.06,-0.06,0.06,1.9,167.9,267.9,50.97,-626.19,0.000000,0.000000,0,1,7.38
232337,-0.00,-0.07,0.13,0.00,0.00,-0.18,1.9,167.9,267.9,50.99,-627.39,0.000000,0.000000,0,1,7.38
232439,0.00,-0.05,0.09,0.06,-0.06,0.00,1.9,167.9,267.9,51.00,-628.04,0.000000,0.000000,0,1,7.38
232643,0.00,-0.05,0.09,0.06,-0.06,0.18,1.9,167.9,267.9,51.02,-628.84,0.000000,0.000000,0,1,7.38
232949,0.00,-0.09,0.11,0.06,-0.06,0.06,1.9,167.9,267.9,51.02,-629.10,0.000000,0.000000,0,1,7.38
233153,0.00,-0.07,0.09,-0.12,0.00,0.00,1.9,167.9,267.9,51.04,-629.74,0.000000,0.000000,0,1,7.36
233255,0.00,-0.07,0.11,0.00,-0.06,0.06,1.9,167.9,267.9,51.04,-630.09,0.000000,0.000000,0,1,7.36
233459,0.00,-0.07,0.10,-0.12,0.06,0.00,1.9,167.9,267.9,51.06,-630.68,0.000000,0.000000,0,1,7.36
233663,-0.00,-0.05,0.11,0.18,0.06,-0.06,1.9,167.9,267.9,51.07,-631.27,0.000000,0.000000,0,1,7.36
233969,-0.00,-0.07,0.10,0.06,0.06,-0.12,1.9,167.9,267.9,51.09,-632.55,0.000000,0.000000,0,1,7.36
234071,0.00,-0.05,0.10,-0.12,-0.12,-0.06,1.9,167.9,267.9,51.10,-632.94,0.000000,0.000000,0,1,7.33
234275,0.00,-0.07,0.10,-0.12,-0.12,-0.12,1.9,167.9,267.9,51.10,-632.77,0.000000,0.000000,0,1,7.33
234479,-0.01,-0.07,0.10,0.00,-0.06,0.18,1.9,167.9,267.9,51.09,-631.70,0.000000,0.000000,0,1,7.33
234683,0.00,-0.05,0.09,0.06,0.12,-0.06,1.9,167.9,267.9,51.08,-630.85,0.000000,0.000000,0,1,7.33
234887,0.00,-0.07,0.09,0.00,0.06,0.00,1.9,167.9,267.9,51.07,-629.86,0.000000,0.000000,0,1,7.33
235091,-0.02,-0.07,0.11,-0.12,0.25,0.00,1.9,167.9,267.9,51.06,-629.16,0.000000,0.000000,0,1,7.35
235295,-0.00,-0.07,0.10,0.06,-0.06,-0.12,1.9,167.9,267.9,51.06,-629.47,0.000000,0.000000,0,1,7.35
235499,-0.00,-0.07,0.07,0.06,0.00,0.00,1.9,167.9,267.9,51.07,-630.13,0.000000,0.000000,0,1,7.35
235703,0.00,-0.05,0.09,0.00,0.00,0.12,1.9,167.9,267.9,51.08,-631.03,0.000000,0.000000,0,1,7.35
235907,-0.00,-0.05,0.10,0.00,0.06,-0.06,1.9,167.9,267.9,51.09,-632.06,0.000000,0.000000,0,1,7.35
236111,0.00,-0.07,0.10,0.12,0.06,-0.06,1.9,167.9,267.9,51.11,-632.68,0.000000,0.000000,0,1,7.40
236315,0.00,-0.12,0.05,0.31,-0.06,0.06,1.9,167.9,267.9,51.10,-632.41,0.000000,0.000000,0,1,7.40
236519,0.00,-0.07,0.11,0.06,-0.12,-0.06,1.9,167.9,267.9,51.10,-632.03,0.000000,0.000000,0,1,7.40
236723,0.00,-0.05,0.10,0.12,-0.06,0.00,1.9,167.9,267.9,51.10,-632.74,0.000000,0.000000,0,1,7.40
236927,-0.00,-0.05,0.11,-0.06,0.12,0.00,1.9,167.9,267.9,51.11,-633.27,0.000000,0.000000,0,1,7.40
237131,-0.02,-0.07,0.11,0.06,-0.18,0.12,1.9,167.9,267.9,51.12,-633.97,0.000000,0.000000,0,1,7.41
237335,-0.01,-0.07,0.11,-0.06,0.18,-0.06,1.9,167.9,267.9,51.13,-634.35,0.000000,0.000000,0,1,7.41
237539,0.00,-0.05,0.09,0.00,0.18,0.00,1.9,167.9,267.9,51.14,-634.82,0.000000,0.000000,0,1,7.41
237743,0.00,-0.07,0.11,-0.06,-0.06,0.06,1.9,167.9,267.9,51.15,-635.05,0.000000,0.000000,0,1,7.41
237947,0.00,-0.05,0.11,0.00,-0.18,-0.06,1.9,167.9,267.9,51.15,-634.76,0.000000,0.000000,0,1,7.41
238151,-0.00,-0.07,0.13,0.00,-0.25,0.06,1.9,167.9,267.9,51.15,-634.56,0.000000,0.000000,0,1,7.40
238355,-0.00,-0.07,0.05,0.00,-0.12,-0.06,1.9,167.9,267.9,51.15,-634.93,0.000000,0.000000,0,1,7.40
238559,0.00,-0.07,0.11,-0.12,0.00,0.00,1.9,167.9,267.9,51.17,-635.69,0.000000,0.000000,0,1,7.40
238763,-0.00,-0.07,0.12,0.00,0.00,0.00,1.9,167.9,267.9,51.18,-636.65,0.000000,0.000000,0,1,7.40
238967,-0.01,-0.07,0.12,0.00,0.06,0.18,1.9,167.9,267.9,51.19,-637.65,0.000000,0.000000,0,1,7.40
239171,0.00,-0.07,0.10,-0.18,-0.18,0.06,1.9,167.9,267.9,51.21,-638.84,0.000000,0.000000,0,1,7.34
239375,0.00,-0.07,0.12,0.06,0.18,-0.06,1.9,167.9,267.9,51.23,-639.60,0.000000,0.000000,0,1,7.34
239579,0.00,-0.07,0.09,0.06,0.00,0.12,1.9,167.9,267.9,51.23,-639.31,0.000000,0.000000,0,1,7.34
239783,0.00,-0.07,0.12,0.00,0.00,0.12,1.9,167.9,267.9,51.23,-638.64,0.000000,0.000000,0,1,7.34
239987,-0.00,-0.07,0.09,0.06,0.12,-0.12,1.9,167.9,267.9,51.22,-638.59,0.000000,0.000000,0,1,7.34
240191,0.00,-0.10,0.09,0.12,0.00,0.06,1.9,167.9,267.9,51.24,-639.73,0.000000,0.000000,0,1,7.39
240395,1.36,0.00,-0.66,17.43,1.31,6.37,2.0,167.9,267.8,51.25,-639.87,0.000000,0.000000,0,1,7.39
240599,0.07,-0.36,0.00,-0.37,-0.06,0.12,1.9,168.0,267.8,51.25,-639.40,0.000000,0.000000,0,1,7.39
240803,0.02,-0.11,0.03,0.62,0.06,0.18,1.9,168.0,267.8,51.24,-638.67,0.000000,0.000000,0,1,7.39
240905,0.00,-0.11,0.09,0.31,0.06,0.06,1.9,168.0,267.8,51.24,-638.36,0.000000,0.000000,0,1,7.39
241109,-0.01,-0.03,0.11,-0.12,-0.06,-0.06,1.9,168.0,267.8,51.23,-637.86,0.000000,0.000000,0,1,7.33
241415,-0.00,-0.02,0.12,0.06,0.06,0.12,1.9,168.0,267.8,51.22,-636.50,0.000000,0.000000,0,1,7.33
241619,0.00,-0.03,0.10,-0.12,0.00,-0.06,1.9,168.0,267.8,51.22,-636.85,0.000000,0.000000,0,1,7.33
241721,0.00,-0.05,0.10,0.00,0.12,-0.06,1.9,168.0,267.8,51.22,-637.35,0.000000,0.000000,0,1,7.33
241925,-0.02,-0.03,0.10,0.06,0.00,0.00,1.9,168.0,267.8,51.23,-638.35,0.000000,0.000000,0,1,7.33
242129,0.00,-0.07,0.10,0.12,0.18,-0.06,1.9,168.0,267.8,51.24,-638.89,0.000000,0.000000,0,1,7.33
242435,-0.00,-0.05,0.12,0.12,-0.18,0.06,1.9,168.0,267.8,51.24,-638.83,0.000000,0.000000,0,1,7.33
242537,0.00,-0.05,0.11,0.06,0.12,0.06,1.9,168.0,267.8,51.24,-638.90,0.000000,0.000000,0,1,7.33
242741,0.00,-0.07,0.07,-0.06,0.00,0.06,1.9,168.0,267.8,51.24,-638.81,0.000000,0.000000,0,1,7.33
242945,-0.00,-0.05,0.11,0.06,0.18,-0.12,1.9,168.0,267.8,51.24,-638.59,0.000000,0.000000,0,1,7.33
243149,-0.00,-0.07,0.10,0.06,0.06,0.00,1.9,168.0,267.8,51.23,-637.68,0.000000,0.000000,0,1,7.41
243455,-0.00,-0.07,0.12,0.06,0.31,-0.06,1.9,168.0,267.8,51.23,-638.11,0.000000,0.000000,0,1,7.41
243557,-0.00,-0.05,0.11,0.06,0.00,0.12,1.9,168.0,267.8,51.24,-638.63,0.000000,0.000000,0,1,7.41
243761,0.00,-0.03,0.10,0.00,0.00,0.00,1.9,168.0,267.8,51.26,-639.71,0.000000,0.000000,0,1,7.41
243965,-0.00,-0.05,0.10,-0.06,-0.12,0.06,1.9,168.0,267.8,51.26,-639.53,0.000000,0.000000,0,1,7.41
244169,0.00,-0.05,0.09,0.06,-0.12,-0.06,1.9,168.0,267.8,51.26,-638.86,0.000000,0.000000,0,1,7.40
244373,-0.00,-0.05,0.11,0.00,-0.12,0.12,1.9,168.0,267.8,51.24,-637.72,0.000000,0.000000,0,1,7.40
244577,0.00,-0.02,0.11,-0.06,0.00,-0.06,1.9,168.0,267.8,51.23,-637.02,0.000000,0.000000,0,1,7.40
244781,-0.00,-0.07,0.10,0.06,-0.06,-0.12,1.9,168.0,267.8,51.23,-637.38,0.000000,0.000000,0,1,7.40
244985,-0.01,-0.05,0.11,0.12,-0.06,0.00,1.9,168.0,267.8,51.24,-637.99,0.000000,0.000000,0,1,7.40
245189,0.00,-0.05,0.10,-0.12,0.06,0.06,1.9,168.0,267.8,51.25,-638.19,0.000000,0.000000,0,1,7.41
245393,0.00,-0.05,0.07,0.00,0.00,-0.12,1.9,168.0,267.8,51.25,-638.64,0.000000,0.000000,0,1,7.41
245597,-0.00,-0.05,0.10,-0.06,0.00,-0.06,1.9,168.0,267.8,51.26,-639.58,0.000000,0.000000,0,1,7.41
245801,-0.00,-0.05,0.11,0.12,0.12,-0.06,1.9,168.0,267.8,51.27,-640.04,0.000000,0.000000,0,1,7.41
246005,-0.00,-0.03,0.12,0.06,0.06,0.06,1.9,168.0,267.8,51.28,-640.41,0.000000,0.000000,0,1,7.41
246209,0.00,-0.05,0.07,0.06,-0.06,-0.06,1.9,168.0,267.8,51.28,-639.90,0.000000,0.000000,0,1,7.41
246413,0.00,-0.05,0.09,0.12,-0.06,-0.12,1.9,168.0,267.8,51.26,-639.10,0.000000,0.000000,0,1,7.41
246617,0.00,-0.03,0.11,-0.06,0.06,0.06,1.9,168.0,267.8,51.27,-639.98,0.000000,0.000000,0,1,7.41
246821,-0.00,-0.05,0.10,0.06,0.06,-0.06,1.9,168.0,267.8,51.28,-641.20,0.000000,0.000000,0,1,7.41
247025,-0.00,-0.07,0.11,0.06,-0.06,-0.06,1.9,168.0,267.8,51.30,-642.14,0.000000,0.000000,0,1,7.41
247229,0.00,-0.05,0.11,0.06,0.06,-0.12,1.9,168.0,267.8,51.31,-642.55,0.000000,0.000000,0,1,7.34
247433,-0.01,-0.02,0.11,0.06,0.00,0.12,1.9,168.0,267.8,51.31,-642.97,0.000000,0.000000,0,1,7.34
247637,0.01,-0.05,0.10,-0.06,-0.18,-0.06,1.9,168.0,267.8,51.32,-643.93,0.000000,0.000000,0,1,7.34
247841,0.00,-0.07,0.11,0.00,0.00,0.06,1.9,168.0,267.8,51.34,-644.78,0.000000,0.000000,0,1,7.34
248045,-0.01,-0.05,0.11,-0.12,0.00,0.06,1.9,168.0,267.8,51.35,-645.29,0.000000,0.000000,0,1,7.34
248249,-0.00,-0.05,0.11,0.06,-0.06,0.00,1.9,168.0,267.8,51.35,-645.59,0.000000,0.000000,0,1,7.35
248351,-0.00,-0.05,0.10,0.18,0.12,-0.06,1.9,168.0,267.8,51.36,-645.87,0.000000,0.000000,0,1,7.35
248657,0.00,-0.07,0.07,0.12,-0.06,0.00,1.9,168.0,267.8,51.37,-646.23,0.000000,0.000000,0,1,7.35
248861,-0.02,-0.07,0.10,0.12,0.00,0.12,1.9,168.0,267.8,51.37,-646.26,0.000000,0.000000,0,1,7.35
249065,-0.00,-0.03,0.07,0.06,-0.06,-0.06,1.9,168.0,267.8,51.37,-645.98,0.000000,0.000000,0,1,7.35
249167,-0.00,-0.05,0.07,0.06,-0.12,0.06,1.9,168.0,267.8,51.37,-645.90,0.000000,0.000000,0,1,7.41
249371,-0.01,-0.05,0.13,0.00,-0.25,0.00,1.9,168.0,267.8,51.38,-646.31,0.000000,0.000000,0,1,7.41
249575,0.00,-0.05,0.11,0.00,-0.18,0.06,1.9,168.0,267.8,51.39,-647.19,0.000000,0.000000,0,1,7.41
249881,-0.00,-0.05,0.11,-0.12,-0.06,0.00,1.9,168.0,267.8,51.39,-646.29,0.000000,0.000000,0,1,7.41
249983,0.00,-0.07,0.10,0.12,0.18,0.06,1.9,168.0,267.8,51.38,-646.21,0.000000,0.000000,0,1,7.41
250187,0.00,-0.05,0.11,0.06,0.18,-0.06,1.9,168.0,267.8,51.38,-646.39,0.000000,0.000000,0,1,7.38
250391,0.00,-0.07,0.10,0.06,-0.06,-0.12,1.9,168.0,267.8,51.39,-647.05,0.000000,0.000000,0,1,7.38
250595,-0.00,-0.07,0.11,-0.06,0.18,0.12,1.9,168.0,267.8,51.40,-647.77,0.000000,0.000000,0,1,7.38
250799,0.00,-0.07,0.10,0.12,0.06,0.06,1.9,168.0,267.8,51.41,-648.68,0.000000,0.000000,0,1,7.38
251003,-0.01,-0.07,0.10,0.06,-0.06,0.06,1.9,168.0,267.8,51.42,-649.04,0.000000,0.000000,0,1,7.38
251207,-0.00,-0.05,0.09,-0.06,-0.12,0.12,1.9,168.0,267.8,51.43,-649.62,0.000000,0.000000,0,1,7.34
251411,0.00,-0.05,0.10,0.00,0.06,-0.06,1.9,168.0,267.8,51.44,-650.61,0.000000,0.000000,0,1,7.34
251615,0.00,-0.05,0.10,0.06,-0.06,0.06,1.9,168.0,267.8,51.45,-651.31,0.000000,0.000000,0,1,7.34
251819,-0.00,-0.05,0.07,0.06,0.00,-0.06,1.9,168.0,267.8,51.46,-651.40,0.000000,0.000000,0,1,7.34
252023,0.00,-0.05,0.11,0.00,-0.12,-0.18,1.9,168.0,267.8,51.46,-651.39,0.000000,0.000000,0,1,7.34
252227,-0.00,-0.07,0.11,-0.12,-0.06,-0.12,1.9,168.0,267.8,51.46,-651.23,0.000000,0.000000,0,1,7.41
252431,0.00,-0.05,0.11,0.00,0.00,0.06,1.9,168.0,267.8,51.46,-651.49,0.000000,0.000000,0,1,7.41
252635,0.00,-0.05,0.10,-0.06,0.06,-0.12,1.9,168.0,267.8,51.47,-651.90,0.000000,0.000000,0,1,7.41
252839,-0.01,-0.05,0.07,-0.25,0.25,-0.06,1.9,168.0,267.8,51.48,-652.50,0.000000,0.000000,0,1,7.41
253043,0.00,-0.05,0.11,0.06,-0.06,0.06,1.9,168.0,267.8,51.49,-652.76,0.000000,0.000000,0,1,7.41
253247,-0.00,-0.07,0.11,-0.06,0.00,0.12,1.9,168.0,267.8,51.49,-653.11,0.000000,0.000000,0,1,7.41
253451,0.00,-0.05,0.10,0.18,-0.06,-0.12,1.9,168.0,267.8,51.50,-653.53,0.000000,0.000000,0,1,7.41
253655,0.00,-0.02,0.09,0.06,-0.06,0.00,1.9,168.0,267.8,51.51,-654.10,0.000000,0.000000,0,1,7.41
253859,0.00,-0.05,0.10,0.06,0.00,-0.06,1.9,168.0,267.8,51.51,-653.81,0.000000,0.000000,0,1,7.41
254063,-0.01,-0.05,0.09,0.06,-0.06,-0.06,1.9,168.0,267.8,51.51,-653.24,0.000000,0.000000,0,1,7.41
254267,0.00,-0.05,0.09,0.12,0.00,0.12,1.9,168.0,267.8,51.49,-651.68,0.000000,0.000000,0,1,7.43
254471,0.00,-0.05,0.09,-0.06,0.00,0.00,1.9,168.0,267.8,51.47,-650.69,0.000000,0.000000,0,1,7.43
254675,0.00,-0.05,0.09,-0.06,0.06,0.00,1.9,168.0,267.8,51.47,-651.07,0.000000,0.000000,0,1,7.43
254777,0.00,-0.05,0.11,0.00,0.12,0.06,1.9,168.0,267.8,51.47,-651.26,0.000000,0.000000,0,1,7.43
255083,0.00,-0.02,0.10,0.00,0.00,-0.06,1.9,168.0,267.8,51.46,-650.48,0.000000,0.000000,0,1,7.43
255287,0.00,-0.05,0.11,-0.06,-0.06,-0.12,1.9,168.0,267.8,51.46,-650.65,0.000000,0.000000,0,1,7.34
255491,0.00,-0.02,0.11,0.06,0.12,0.18,1.9,168.0,267.8,51.46,-650.93,0.000000,0.000000,0,1,7.34
255593,-0.00,-0.05,0.11,0.00,0.12,-0.12,1.9,168.0,267.8,51.46,-651.00,0.000000,0.000000,0,1,7.34
255797,-0.00,-0.03,0.11,-0.06,0.00,-0.06,1.9,168.0,267.8,51.46,-650.88,0.000000,0.000000,0,1,7.34
256103,-0.00,-0.05,0.11,0.00,0.00,0.00,1.9,168.0,267.8,51.45,-649.59,0.000000,0.000000,0,1,7.34
256307,-0.01,-0.02,0.11,-0.06,0.00,0.06,1.9,168.0,267.8,51.43,-648.44,0.000000,0.000000,0,1,7.42
256409,0.00,-0.07,0.10,0.12,0.00,-0.18,1.9,168.0,267.8,51.42,-647.67,0.000000,0.000000,0,1,7.42
256613,-0.00,-0.05,0.12,-0.06,-0.06,0.00,1.9,168.0,267.8,51.39,-645.31,0.000000,0.000000,0,1,7.42
256817,-0.00,-0.02,0.07,-0.06,0.18,-0.12,1.9,168.0,267.8,51.36,-644.02,0.000000,0.000000,0,1,7.42
257123,-0.00,-0.05,0.07,0.00,-0.12,-0.06,1.9,168.0,267.8,51.32,-641.14,0.000000,0.000000,0,1,7.42
257225,-0.00,-0.03,0.12,0.12,-0.06,0.00,1.9,168.0,267.8,51.31,-640.51,0.000000,0.000000,0,1,7.41
257429,-0.00,-0.05,0.10,0.18,0.00,0.06,1.9,168.0,267.8,51.29,-639.83,0.000000,0.000000,0,1,7.41
257633,0.00,-0.07,0.12,0.00,-0.06,0.12,1.9,168.0,267.8,51.28,-638.90,0.000000,0.000000,0,1,7.41
257837,0.00,-0.07,0.11,0.06,-0.18,0.00,1.9,168.0,267.8,51.28,-639.87,0.000000,0.000000,0,1,7.41
258041,-0.00,-0.03,0.11,-0.12,0.25,0.00,1.9,168.0,267.8,51.29,-641.52,0.000000,0.000000,0,1,7.41
258245,0.00,-0.05,0.10,0.06,0.00,0.12,1.9,168.0,267.8,51.31,-642.89,0.000000,0.000000,0,1,7.39
258449,-0.01,-0.07,0.11,-0.06,-0.06,0.06,1.9,168.0,267.8,51.32,-643.47,0.000000,0.000000,0,1,7.39
258653,-0.01,-0.02,0.11,0.06,0.00,-0.06,1.9,168.0,267.8,51.32,-643.18,0.000000,0.000000,0,1,7.39
258857,0.00,-0.05,0.10,0.00,0.12,0.06,1.9,168.0,267.8,51.32,-642.42,0.000000,0.000000,0,1,7.39
259061,-0.00,-0.05,0.09,0.00,-0.06,0.00,1.9,168.0,267.8,51.31,-642.67,0.000000,0.000000,0,1,7.39
259265,-0.01,-0.05,0.09,0.06,0.12,0.06,1.9,168.0,267.8,51.31,-642.90,0.000000,0.000000,0,1,7.41
259469,0.00,-0.03,0.09,-0.12,-0.18,0.06,1.9,168.0,267.8,51.31,-643.10,0.000000,0.000000,0,1,7.41
259673,-0.00,-0.05,0.10,0.00,0.06,-0.12,1.9,168.0,267.8,51.31,-643.04,0.000000,0.000000,0,1,7.41
259877,-0.00,-0.03,0.09,-0.12,-0.06,0.06,1.9,168.0,267.8,51.31,-642.76,0.000000,0.000000,0,1,7.41
260081,0.00,-0.03,0.07,0.06,0.00,0.00,1.9,168.0,267.8,51.30,-642.48,0.000000,0.000000,0,1,7.41
260285,-0.00,-0.05,0.11,-0.06,0.00,0.06,1.9,168.0,267.8,51.30,-642.64,0.000000,0.000000,0,1,7.41
260489,0.00,-0.05,0.12,0.12,0.00,-0.06,1.9,168.0,267.8,51.30,-641.41,0.000000,0.000000,0,1,7.41
260693,0.00,-0.05,0.11,-0.06,0.00,-0.06,1.9,168.0,267.8,51.28,-639.69,0.000000,0.000000,0,1,7.41
260897,0.00,-0.02,0.10,-0.06,-0.06,0.06,1.9,168.0,267.8,51.27,-639.48,0.000000,0.000000,0,1,7.41
261101,0.00,-0.05,0.12,0.00,0.12,0.12,1.9,168.0,267.8,51.27,-639.66,0.000000,0.000000,0,1,7.41
261305,-0.01,-0.05,0.11,0.06,0.18,0.00,1.9,168.0,267.8,51.27,-639.24,0.000000,0.000000,0,1,7.34
261509,0.00,-0.05,0.11,0.00,-0.12,-0.06,1.9,168.0,267.8,51.27,-639.72,0.000000,0.000000,0,1,7.34
261713,0.00,-0.03,0.12,0.12,0.00,0.00,1.9,168.0,267.8,51.29,-641.12,0.000000,0.000000,0,1,7.34
261917,0.00,-0.05,0.09,0.12,0.00,0.12,1.9,168.0,267.8,51.31,-642.85,0.000000,0.000000,0,1,7.34
262121,0.00,-0.07,0.10,0.12,-0.25,0.00,1.9,168.0,267.8,51.33,-643.93,0.000000,0.000000,0,1,7.34
262223,-0.00,-0.05,0.07,0.06,0.06,0.18,1.9,168.0,267.8,51.33,-644.31,0.000000,0.000000,0,1,7.34
262529,0.01,-0.05,0.11,0.18,0.00,0.00,1.9,168.0,267.8,51.35,-644.60,0.000000,0.000000,0,1,7.41
262733,-0.00,-0.09,0.10,0.06,-0.06,0.00,1.9,168.0,267.8,51.35,-644.67,0.000000,0.000000,0,1,7.41
262937,0.00,-0.05,0.11,0.06,-0.12,-0.12,1.9,168.0,267.8,51.35,-643.94,0.000000,0.000000,0,1,7.41
263039,-0.00,-0.05,0.11,-0.06,-0.12,0.00,1.9,168.0,267.8,51.34,-643.51,0.000000,0.000000,0,1,7.41
263243,-0.00,-0.07,0.11,0.12,0.12,0.00,1.9,168.0,267.8,51.34,-643.55,0.000000,0.000000,0,1,7.41
263549,-0.00,-0.05,0.11,0.12,-0.12,0.00,1.9,168.0,267.8,51.35,-644.80,0.000000,0.000000,0,1,7.41
263753,0.00,-0.05,0.10,0.00,-0.06,0.06,1.9,168.0,267.8,51.36,-646.08,0.000000,0.000000,0,1,7.41
263855,0.00,-0.07,0.11,-0.12,-0.12,0.12,1.9,168.0,267.8,51.38,-646.88,0.000000,0.000000,0,1,7.41
264059,0.00,-0.03,0.07,0.06,0.00,0.06,1.9,168.0,267.8,51.40,-647.80,0.000000,0.000000,0,1,7.41
264263,-0.00,-0.05,0.09,0.06,-0.06,-0.12,1.9,168.0,267.8,51.40,-648.02,0.000000,0.000000,0,1,7.41
264569,0.00,-0.07,0.09,-0.06,-0.12,0.00,1.9,168.0,267.8,51.40,-647.14,0.000000,0.000000,0,1,7.38
264773,0.00,-0.07,0.11,0.12,0.06,-0.06,1.9,168.0,267.8,51.40,-646.71,0.000000,0.000000,0,1,7.38
264977,-0.00,-0.05,0.07,0.12,0.18,-0.12,1.9,168.0,267.8,51.39,-646.94,0.000000,0.000000,0,1,7.38
265079,0.00,-0.05,0.10,-0.06,0.18,0.00,1.9,168.0,267.8,51.39,-647.00,0.000000,0.000000,0,1,7.38
265284,0.00,-0.05,0.11,0.00,0.12,0.06,1.9,168.0,267.8,51.39,-647.21,0.000000,0.000000,0,1,7.41
265589,0.00,-0.05,0.10,0.00,-0.12,0.06,1.9,168.0,267.8,51.40,-647.45,0.000000,0.000000,0,1,7.41
265793,0.00,-0.05,0.07,0.06,0.12,0.12,1.9,168.0,267.8,51.39,-645.90,0.000000,0.000000,0,1,7.41
265895,-0.00,-0.05,0.11,-0.06,0.12,0.00,1.9,168.0,267.8,51.38,-645.00,0.000000,0.000000,0,1,7.41
266099,-0.00,-0.09,0.10,0.00,0.00,0.00,1.9,168.0,267.8,51.36,-643.79,0.000000,0.000000,0,1,7.41
266303,0.00,-0.05,0.11,0.12,-0.06,0.12,1.9,168.0,267.8,51.35,-643.36,0.000000,0.000000,0,1,7.38
266507,0.00,-0.05,0.10,-0.06,0.00,0.06,1.9,168.0,267.8,51.36,-644.00,0.000000,0.000000,0,1,7.38
266711,-0.00,-0.05,0.10,0.12,0.00,0.00,1.9,168.0,267.8,51.37,-645.22,0.000000,0.000000,0,1,7.38
266915,-0.00,-0.05,0.11,0.06,-0.12,0.00,1.9,168.0,267.8,51.40,-647.02,0.000000,0.000000,0,1,7.38
267119,0.00,-0.05,0.11,-0.06,0.00,-0.06,1.9,168.0,267.8,51.42,-648.20,0.000000,0.000000,0,1,7.38
267323,0.00,-0.05,0.09,-0.06,0.12,0.06,1.9,168.0,267.8,51.43,-648.64,0.000000,0.000000,0,1,7.33
267527,-0.01,-0.07,0.11,-0.12,0.00,0.00,1.9,168.0,267.8,51.44,-649.44,0.000000,0.000000,0,1,7.33
267731,-0.00,-0.05,0.10,-0.06,-0.06,0.06,1.9,168.0,267.8,51.45,-649.81,0.000000,0.000000,0,1,7.33
267935,-0.00,-0.07,0.09,0.06,0.25,0.06,1.9,168.0,267.8,51.45,-649.41,0.000000,0.000000,0,1,7.33
268139,-0.00,-0.03,0.10,0.00,0.06,0.00,1.9,168.0,267.8,51.44,-648.54,0.000000,0.000000,0,1,7.33
268343,-0.00,-0.05,0.12,0.12,0.00,-0.12,1.9,168.0,267.8,51.43,-647.68,0.000000,0.000000,0,1,7.39
268547,-0.00,-0.05,0.12,0.06,0.00,-0.06,1.9,168.0,267.8,51.42,-647.35,0.000000,0.000000,0,1,7.39
268751,-0.00,-0.07,0.09,0.00,-0.12,0.00,1.9,168.0,267.8,51.43,-647.86,0.000000,0.000000,0,1,7.39
268955,-0.00,-0.05,0.10,0.06,-0.12,0.00,1.9,168.0,267.8,51.44,-648.97,0.000000,0.000000,0,1,7.39
269159,-0.00,-0.05,0.11,0.00,-0.12,-0.12,1.9,168.0,267.8,51.46,-650.35,0.000000,0.000000,0,1,7.39
269363,0.00,-0.07,0.09,0.06,0.18,-0.06,1.9,168.0,267.8,51.48,-651.83,0.000000,0.000000,0,1,7.35
269567,0.00,-0.07,0.10,-0.06,-0.06,0.12,1.9,168.0,267.8,51.50,-652.74,0.000000,0.000000,0,1,7.35
269771,-0.00,-0.03,0.12,0.18,-0.06,0.06,1.9,168.0,267.8,51.50,-652.30,0.000000,0.000000,0,1,7.35
269975,-0.01,-0.05,0.07,0.06,-0.06,-0.06,1.9,168.0,267.8,51.49,-651.48,0.000000,0.000000,0,1,7.35
270179,-0.00,-0.07,0.09,0.00,-0.06,0.00,1.9,168.0,267.8,51.48,-650.78,0.000000,0.000000,0,1,7.35
270383,0.00,-0.03,0.07,0.06,0.06,-0.06,1.9,168.0,267.8,51.48,-650.47,0.000000,0.000000,0,1,7.36
270587,0.00,-0.05,0.12,0.06,-0.06,0.06,1.9,168.0,267.8,51.48,-650.81,0.000000,0.000000,0,1,7.36
270791,-0.00,-0.07,0.07,-0.12,-0.12,-0.12,1.9,168.0,267.8,51.49,-651.30,0.000000,0.000000,0,1,7.36
270995,0.00,-0.07,0.11,0.06,0.06,0.06,1.9,168.0,267.8,51.50,-651.81,0.000000,0.000000,0,1,7.36
271199,-0.00,-0.05,0.11,-0.12,-0.06,0.06,1.9,168.0,267.8,51.50,-652.35,0.000000,0.000000,0,1,7.36
271403,-0.00,-0.05,0.12,-0.06,0.00,-0.06,1.9,168.0,267.8,51.51,-652.64,0.000000,0.000000,0,1,7.41
271607,0.00,-0.05,0.11,-0.12,0.00,0.00,1.9,168.0,267.8,51.52,-652.97,0.000000,0.000000,0,1,7.41
271709,0.00,-0.05,0.10,-0.06,0.06,0.00,1.9,168.0,267.8,51.52,-653.07,0.000000,0.000000,0,1,7.41
272015,0.00,-0.05,0.10,0.06,0.06,0.00,1.9,168.0,267.8,51.52,-652.94,0.000000,0.000000,0,1,7.41
272219,-0.00,-0.05,0.12,0.06,0.00,-0.06,1.9,168.0,267.8,51.52,-653.32,0.000000,0.000000,0,1,7.41
272321,-0.01,-0.05,0.10,0.06,0.06,-0.25,1.9,168.0,267.8,51.52,-653.66,0.000000,0.000000,0,1,7.41
272525,0.00,-0.05,0.11,0.06,0.06,-0.06,1.9,168.0,267.8,51.54,-654.92,0.000000,0.000000,0,1,7.39
272729,0.00,-0.03,0.10,0.06,0.00,-0.12,1.9,168.0,267.8,51.56,-655.76,0.000000,0.000000,0,1,7.39
273035,0.00,-0.05,0.07,0.06,-0.06,0.12,1.9,168.0,267.8,51.57,-656.19,0.000000,0.000000,0,1,7.39
273137,-0.00,-0.05,0.09,-0.06,-0.18,0.00,1.9,168.0,267.8,51.57,-656.50,0.000000,0.000000,0,1,7.39
273341,0.00,-0.05,0.11,0.12,0.18,0.12,1.9,168.0,267.8,51.58,-656.99,0.000000,0.000000,0,1,7.39
273545,0.00,-0.05,0.10,-0.06,-0.25,0.06,1.9,168.0,267.8,51.59,-656.62,0.000000,0.000000,0,1,7.33
273749,-0.00,-0.05,0.11,0.12,0.12,0.00,1.9,168.0,267.8,51.58,-656.50,0.000000,0.000000,0,1,7.33
273953,0.00,-0.07,0.10,0.00,0.00,0.00,1.9,168.0,267.8,51.58,-656.60,0.000000,0.000000,0,1,7.33
274157,0.00,-0.05,0.10,0.00,-0.12,-0.06,1.9,168.0,267.8,51.59,-656.97,0.000000,0.000000,0,1,7.33
274361,-0.01,-0.05,0.11,0.00,0.06,0.00,1.9,168.0,267.8,51.61,-658.21,0.000000,0.000000,0,1,7.33
274565,0.00,-0.05,0.12,0.25,0.18,0.00,1.9,168.0,267.8,51.62,-659.33,0.000000,0.000000,0,1,7.42
274769,-0.00,-0.03,0.09,-0.12,0.00,0.00,1.9,168.0,267.8,51.64,-659.77,0.000000,0.000000,0,1,7.42
274973,-0.00,-0.03,0.12,-0.06,0.00,0.00,1.9,168.0,267.8,51.65,-660.15,0.000000,0.000000,0,1,7.42
275177,0.00,-0.03,0.10,-0.25,-0.12,-0.06,1.9,168.0,267.8,51.65,-660.54,0.000000,0.000000,0,1,7.42
275382,0.00,-0.05,0.10,0.00,0.06,0.12,1.9,168.0,267.8,51.66,-660.81,0.000000,0.000000,0,1,7.38
275585,-0.00,-0.05,0.09,0.00,-0.12,0.00,1.9,168.0,267.8,51.67,-660.90,0.000000,0.000000,0,1,7.38
275789,0.00,-0.05,0.10,0.00,-0.06,-0.06,1.9,168.0,267.8,51.67,-660.91,0.000000,0.000000,0,1,7.38
275993,0.00,-0.07,0.05,0.12,-0.06,0.00,1.9,168.0,267.8,51.67,-660.19,0.000000,0.000000,0,1,7.38
276197,0.00,-0.02,0.10,-0.06,0.06,0.00,1.9,168.0,267.8,51.66,-659.41,0.000000,0.000000,0,1,7.38
276401,-0.00,-0.01,0.11,-0.12,0.00,0.00,1.9,168.0,267.8,51.66,-659.24,0.000000,0.000000,0,1,7.34
276605,-0.00,-0.07,0.11,0.06,0.12,-0.12,1.9,168.0,267.8,51.67,-659.93,0.000000,0.000000,0,1,7.34
276809,0.00,-0.07,0.11,-0.06,-0.06,-0.06,1.9,168.0,267.8,51.68,-661.04,0.000000,0.000000,0,1,7.34
277013,0.00,-0.07,0.11,0.00,-0.18,-0.12,1.9,168.0,267.8,51.70,-662.04,0.000000,0.000000,0,1,7.34
277217,0.00,-0.02,0.11,0.00,0.18,-0.18,1.9,168.0,267.8,51.71,-661.80,0.000000,0.000000,0,1,7.34
277421,0.00,-0.03,0.10,0.00,0.06,0.12,1.9,168.0,267.8,51.68,-659.27,0.000000,0.000000,0,1,7.37
277625,0.00,-0.07,0.09,-0.12,0.00,0.06,1.9,168.0,267.8,51.66,-658.83,0.000000,0.000000,0,1,7.37
277829,0.00,-0.05,0.07,-0.12,0.00,0.06,1.9,168.0,267.8,51.66,-658.42,0.000000,0.000000,0,1,7.37
278033,-0.00,-0.05,0.13,0.00,0.00,0.00,1.9,168.0,267.8,51.66,-659.04,0.000000,0.000000,0,1,7.37
278237,-0.00,-0.07,0.10,-0.06,0.00,-0.06,1.9,168.0,267.8,51.67,-660.09,0.000000,0.000000,0,1,7.37
278441,0.00,-0.05,0.10,0.06,-0.06,0.00,1.9,168.0,267.8,51.68,-660.89,0.000000,0.000000,0,1,7.40
278645,-0.00,-0.03,0.11,0.06,-0.18,0.06,1.9,168.0,267.8,51.70,-662.01,0.000000,0.000000,0,1,7.40
278849,-0.00,-0.03,0.09,0.12,0.00,0.00,1.9,168.0,267.8,51.70,-661.48,0.000000,0.000000,0,1,7.40
278951,-0.01,-0.05,0.10,0.18,0.00,0.06,1.9,168.0,267.8,51.69,-660.68,0.000000,0.000000,0,1,7.40
279155,-0.05,-0.01,0.12,0.81,0.00,-0.18,1.9,168.0,267.8,51.67,-659.46,0.000000,0.000000,0,1,7.40
279461,0.01,0.05,0.15,0.00,0.00,-0.31,1.9,168.0,267.8,51.65,-659.19,0.000000,0.000000,0,1,7.42
279665,0.20,-0.23,0.11,0.87,0.12,0.18,2.0,168.1,267.8,51.64,-658.36,0.000000,0.000000,0,1,7.42
279767,0.00,-0.09,0.11,-0.37,-0.06,-0.25,2.0,168.0,267.8,51.63,-658.25,0.000000,0.000000,0,1,7.42
279971,-0.05,-0.07,0.10,0.25,0.12,-0.18,2.0,168.1,267.8,51.64,-658.96,0.000000,0.000000,0,1,7.42
280175,-0.05,-0.05,0.11,-0.12,0.00,-0.12,1.9,168.1,267.8,51.65,-660.15,0.000000,0.000000,0,1,7.42
280481,0.00,-0.02,0.11,0.06,-0.06,-0.12,1.9,168.1,267.8,51.67,-660.76,0.000000,0.000000,0,1,7.33
280583,-0.00,-0.03,0.09,0.00,-0.06,-0.06,1.9,168.1,267.8,51.67,-660.28,0.000000,0.000000,0,1,7.33
280787,0.00,-0.05,0.09,-0.06,0.12,-0.06,1.9,168.1,267.8,51.66,-659.29,0.000000,0.000000,0,1,7.33
280991,0.00,-0.05,0.07,0.18,0.00,0.12,1.9,168.1,267.8,51.65,-658.61,0.000000,0.000000,0,1,7.33
281195,-0.15,0.09,0.12,0.06,0.37,-0.43,1.9,168.1,267.8,51.65,-658.27,0.000000,0.000000,0,1,7.33
281501,0.07,-0.07,0.11,0.00,0.00,-0.06,1.9,168.1,267.8,51.66,-659.69,0.000000,0.000000,0,1,7.35
281705,-0.03,-0.03,0.10,-0.06,0.00,-0.18,1.9,168.1,267.8,51.68,-660.87,0.000000,0.000000,0,1,7.35
281807,0.02,-0.11,0.07,0.12,-0.12,0.00,1.9,168.1,267.8,51.69,-661.33,0.000000,0.000000,0,1,7.35
282011,0.00,-0.01,0.09,0.56,0.31,0.37,1.9,168.0,267.8,51.70,-662.32,0.000000,0.000000,0,1,7.35
282215,0.03,-0.25,0.15,-0.37,-0.43,0.31,1.9,168.0,267.8,51.71,-662.66,0.000000,0.000000,0,1,7.35
282521,0.00,-0.03,0.13,0.18,0.12,0.00,1.9,168.0,267.8,51.71,-661.41,0.000000,0.000000,0,1,7.33
282623,-0.03,-0.01,0.15,-0.06,0.18,0.06,1.9,168.0,267.8,51.70,-660.39,0.000000,0.000000,0,1,7.33
282827,0.00,-0.02,0.11,0.25,0.12,0.00,1.9,168.0,267.8,51.67,-658.11,0.000000,0.000000,0,1,7.33
283031,-0.01,-0.07,0.11,0.06,-0.06,-0.12,1.9,168.0,267.8,51.66,-657.74,0.000000,0.000000,0,1,7.33
283235,0.00,-0.05,0.11,0.06,-0.25,0.12,1.9,168.0,267.8,51.66,-657.97,0.000000,0.000000,0,1,7.33
283439,0.00,-0.03,0.10,0.12,-0.06,-0.06,1.9,168.0,267.8,51.65,-656.87,0.000000,0.000000,0,1,7.33
283643,-0.01,-0.05,0.11,0.18,0.06,-0.06,1.9,168.0,267.8,51.64,-656.80,0.000000,0.000000,0,1,7.38
283847,-0.01,-0.05,0.10,0.06,-0.18,-0.06,1.9,168.0,267.8,51.65,-658.10,0.000000,0.000000,0,1,7.38
284051,0.00,-0.02,0.07,-0.06,-0.06,-0.06,1.9,168.0,267.8,51.66,-658.54,0.000000,0.000000,0,1,7.38
284255,-0.02,-0.03,0.11,-0.06,0.06,-0.06,1.9,168.0,267.8,51.67,-659.22,0.000000,0.000000,0,1,7.38
284459,-0.01,-0.01,0.11,0.06,-0.18,0.00,1.9,168.0,267.8,51.68,-660.38,0.000000,0.000000,0,1,7.38
284663,0.00,-0.07,0.11,0.18,0.00,-0.06,1.9,168.0,267.8,51.70,-661.56,0.000000,0.000000,0,1,7.36
284867,-0.01,-0.05,0.11,-0.06,0.00,-0.06,1.9,168.0,267.8,51.72,-662.53,0.000000,0.000000,0,1,7.36
285071,-0.00,-0.03,0.09,0.00,-0.12,0.06,1.9,168.0,267.8,51.73,-663.84,0.000000,0.000000,0,1,7.36
285275,0.00,-0.05,0.11,0.06,-0.12,0.00,1.9,168.0,267.8,51.75,-664.95,0.000000,0.000000,0,1,7.36
285480,-0.01,-0.05,0.12,0.06,-0.12,0.06,1.9,168.0,267.8,51.76,-665.27,0.000000,0.000000,0,1,7.39
285683,-0.00,-0.05,0.11,-0.06,0.06,0.00,1.9,168.0,267.8,51.76,-664.76,0.000000,0.000000,0,1,7.39
285887,-0.01,-0.05,0.11,-0.18,0.06,0.00,1.9,168.0,267.8,51.75,-663.38,0.000000,0.000000,0,1,7.39
286091,-0.01,-0.02,0.09,-0.12,0.06,0.12,1.9,168.0,267.8,51.74,-662.75,0.000000,0.000000,0,1,7.39
286295,-0.00,-0.05,0.10,0.00,-0.12,-0.06,1.9,168.0,267.8,51.74,-662.94,0.000000,0.000000,0,1,7.39
286499,-0.00,-0.03,0.11,0.06,0.00,0.00,1.9,168.0,267.8,51.75,-663.64,0.000000,0.000000,0,1,7.34
286703,0.00,-0.03,0.07,-0.06,-0.06,0.00,1.9,168.0,267.8,51.76,-664.48,0.000000,0.000000,0,1,7.34
286907,-0.02,-0.05,0.11,0.12,-0.06,0.12,1.9,168.0,267.8,51.77,-664.70,0.000000,0.000000,0,1,7.34
287111,-0.01,-0.02,0.11,0.12,0.00,0.00,1.9,168.0,267.8,51.77,-664.86,0.000000,0.000000,0,1,7.34
287315,-0.00,-0.05,0.11,0.00,-0.06,0.06,1.9,168.0,267.8,51.78,-665.32,0.000000,0.000000,0,1,7.34
287519,0.00,-0.07,0.11,0.00,0.12,0.12,1.9,168.0,267.8,51.79,-666.20,0.000000,0.000000,0,1,7.33
287621,0.00,-0.05,0.09,-0.06,0.18,0.00,1.9,168.0,267.8,51.80,-666.66,0.000000,0.000000,0,1,7.33
287927,-0.02,-0.03,0.11,0.06,0.12,-0.06,1.9,168.0,267.8,51.82,-667.79,0.000000,0.000000,0,1,7.33
288131,-0.00,-0.02,0.11,0.00,0.00,0.00,1.9,168.0,267.8,51.84,-669.03,0.000000,0.000000,0,1,7.33
288335,-0.01,-0.03,0.10,0.06,-0.06,0.18,1.9,168.0,267.8,51.85,-669.86,0.000000,0.000000,0,1,7.33
288437,0.01,-0.05,0.12,0.00,-0.06,0.06,1.9,168.0,267.8,51.86,-669.84,0.000000,0.000000,0,1,7.33
288641,-0.01,-0.07,0.11,0.25,0.18,0.06,1.9,168.0,267.8,51.86,-669.58,0.000000,0.000000,0,1,7.41
288947,-0.05,-0.03,0.12,0.25,0.12,0.12,1.9,168.0,267.8,51.87,-670.32,0.000000,0.000000,0,1,7.41
289049,-0.02,-0.05,0.11,0.00,-0.12,-0.06,1.9,168.0,267.8,51.87,-669.85,0.000000,0.000000,0,1,7.41
289253,0.00,-0.03,0.12,-0.12,0.00,-0.12,1.9,168.0,267.8,51.85,-667.63,0.000000,0.000000,0,1,7.41
289457,-0.07,-0.03,0.09,0.12,0.06,0.00,1.9,168.0,267.8,51.83,-666.41,0.000000,0.000000,0,1,7.41
289661,-0.02,-0.03,0.03,0.31,0.00,0.12,1.9,168.0,267.8,51.83,-666.94,0.000000,0.000000,0,1,7.41
289865,0.05,-0.15,0.07,0.00,-0.06,0.31,1.9,168.1,267.8,51.84,-668.30,0.000000,0.000000,0,1,7.41
290069,0.00,-0.03,0.11,0.06,0.06,0.12,1.9,168.1,267.8,51.86,-669.32,0.000000,0.000000,0,1,7.41
290273,0.01,-0.05,0.02,1.06,0.62,0.18,1.9,168.1,267.8,51.88,-670.20,0.000000,0.000000,0,1,7.41
290477,0.07,-0.05,0.15,0.50,0.37,-0.06,2.0,168.1,267.8,51.89,-670.78,0.000000,0.000000,0,1,7.41
290681,-0.02,-0.00,0.15,-0.12,-0.06,0.18,2.0,168.1,267.8,51.90,-671.15,0.000000,0.000000,0,1,7.35
290885,-0.03,0.00,0.11,0.06,0.00,0.06,2.0,168.1,267.8,51.90,-670.12,0.000000,0.000000,0,1,7.35
291089,-0.15,0.12,0.22,1.75,0.12,0.56,2.0,168.1,267.8,51.87,-667.87,0.000000,0.000000,0,1,7.35
291293,0.00,-0.18,0.11,0.06,0.06,0.25,2.0,168.1,267.8,51.85,-667.79,0.000000,0.000000,0,1,7.35
291497,0.07,-0.11,0.13,0.06,0.00,0.37,2.0,168.1,267.8,51.86,-668.90,0.000000,0.000000,0,1,7.35
291701,0.07,-0.10,0.09,-0.12,0.00,0.18,2.0,168.1,267.8,51.87,-669.86,0.000000,0.000000,0,1,7.42
291905,0.00,-0.07,0.05,-0.12,0.25,0.12,2.0,168.1,267.8,51.88,-670.60,0.000000,0.000000,0,1,7.42
292109,0.00,-0.03,0.07,-0.12,0.00,0.00,2.0,168.1,267.8,51.89,-671.25,0.000000,0.000000,0,1,7.42
292313,0.05,-0.09,0.11,0.06,-0.06,-0.18,2.0,168.1,267.8,51.89,-670.96,0.000000,0.000000,0,1,7.42
292517,-0.00,-0.07,0.07,-0.06,-0.12,-0.06,2.0,168.1,267.8,51.88,-669.55,0.000000,0.000000,0,1,7.42
292721,-0.01,-0.07,0.11,0.12,0.12,0.00,2.0,168.1,267.8,51.87,-669.74,0.000000,0.000000,0,1,7.34
292925,0.00,-0.02,0.11,-0.12,-0.06,0.06,2.0,168.1,267.8,51.88,-670.98,0.000000,0.000000,0,1,7.34
293129,-0.02,0.01,0.12,-0.06,0.06,-0.25,2.0,168.1,267.8,51.90,-672.02,0.000000,0.000000,0,1,7.34
293333,-0.00,-0.02,0.11,0.12,0.06,0.00,2.0,168.1,267.8,51.92,-672.85,0.000000,0.000000,0,1,7.34
293537,0.00,-0.07,0.12,0.00,0.06,-0.06,2.0,168.1,267.8,51.93,-673.68,0.000000,0.000000,0,1,7.34
293741,0.00,-0.09,0.12,0.06,0.06,0.06,2.0,168.1,267.8,51.94,-674.32,0.000000,0.000000,0,1,7.43
293945,-0.01,-0.00,0.11,0.12,0.06,-0.06,2.0,168.1,267.8,51.95,-674.82,0.000000,0.000000,0,1,7.43
294149,-0.01,-0.05,0.12,0.00,-0.25,-0.06,2.0,168.1,267.8,51.96,-675.62,0.000000,0.000000,0,1,7.43
294353,-0.01,-0.01,0.11,-0.12,-0.12,0.00,2.0,168.1,267.8,51.97,-676.31,0.000000,0.000000,0,1,7.43
294557,-0.00,0.00,0.11,0.00,0.12,-0.12,2.0,168.1,267.8,51.98,-676.83,0.000000,0.000000,0,1,7.43
294761,-0.00,-0.03,0.10,0.12,0.06,0.06,2.0,168.1,267.8,51.99,-677.19,0.000000,0.000000,0,1,7.42
294965,-0.00,-0.05,0.10,0.06,-0.06,0.12,2.0,168.1,267.8,52.00,-677.15,0.000000,0.000000,0,1,7.42
295169,-0.00,-0.05,0.11,0.31,0.06,0.12,2.0,168.1,267.8,51.99,-676.66,0.000000,0.000000,0,1,7.42
295373,0.00,-0.05,0.11,0.12,0.06,0.00,2.0,168.1,267.8,51.99,-676.37,0.000000,0.000000,0,1,7.42
295578,0.00,-0.03,0.11,-0.06,0.18,0.00,2.0,168.1,267.8,51.99,-676.24,0.000000,0.000000,0,1,7.33
295679,-0.02,-0.07,0.10,0.12,-0.31,0.00,2.0,168.1,267.8,51.99,-676.34,0.000000,0.000000,0,1,7.33
295883,-0.02,-0.02,0.12,0.12,0.00,-0.06,2.0,168.1,267.8,51.99,-676.88,0.000000,0.000000,0,1,7.33
296087,-0.00,0.00,0.13,-0.18,-0.18,-0.06,2.0,168.1,267.8,52.00,-677.40,0.000000,0.000000,0,1,7.33
296393,-0.00,-0.00,0.11,-0.06,0.12,0.12,2.0,168.1,267.8,52.02,-678.34,0.000000,0.000000,0,1,7.33
296495,-0.01,-0.02,0.10,0.00,0.00,-0.06,2.0,168.1,267.8,52.03,-678.68,0.000000,0.000000,0,1,7.33
296699,-0.01,-0.02,0.11,0.00,0.31,-0.12,2.0,168.1,267.8,52.04,-679.42,0.000000,0.000000,0,1,7.38
296903,0.00,-0.05,0.11,0.00,0.00,0.18,2.0,168.1,267.8,52.05,-679.82,0.000000,0.000000,0,1,7.38
297107,0.00,-0.05,0.11,0.00,0.12,0.12,2.0,168.1,267.8,52.05,-679.82,0.000000,0.000000,0,1,7.38
297311,-0.00,-0.01,0.11,0.00,0.12,0.00,2.0,168.1,267.8,52.06,-679.86,0.000000,0.000000,0,1,7.38
297515,-0.02,-0.05,0.07,-0.12,0.18,0.25,2.0,168.1,267.8,52.06,-679.79,0.000000,0.000000,0,1,7.38
297719,-0.02,0.00,0.11,0.00,-0.06,0.00,2.0,168.1,267.8,52.06,-679.83,0.000000,0.000000,0,1,7.35
297923,-0.00,-0.00,0.10,-0.12,-0.06,0.12,2.0,168.1,267.8,52.05,-679.84,0.000000,0.000000,0,1,7.35
298127,-0.03,-0.03,0.10,0.06,-0.12,0.12,2.0,168.1,267.8,52.06,-679.96,0.000000,0.000000,0,1,7.35
298331,-0.00,-0.02,0.11,0.06,-0.06,-0.06,2.0,168.1,267.8,52.06,-680.37,0.000000,0.000000,0,1,7.35
298535,0.00,-0.02,0.11,0.00,-0.06,0.00,2.0,168.1,267.8,52.07,-680.98,0.000000,0.000000,0,1,7.35
298739,0.00,-0.05,0.11,-0.06,0.06,0.00,2.0,168.1,267.8,52.08,-681.35,0.000000,0.000000,0,1,7.40
298943,0.00,-0.05,0.15,-0.12,-0.18,-0.06,2.0,168.1,267.8,52.09,-681.26,0.000000,0.000000,0,1,7.40
299147,-0.00,-0.05,0.09,-0.06,-0.06,0.00,2.0,168.1,267.8,52.09,-681.29,0.000000,0.000000,0,1,7.40
299351,0.00,-0.05,0.10,-0.06,-0.06,0.00,2.0,168.1,267.8,52.09,-680.96,0.000000,0.000000,0,1,7.40
299555,-0.02,-0.03,0.11,-0.31,-0.12,0.00,2.0,168.1,267.8,52.09,-681.09,0.000000,0.000000,0,1,7.40
299759,0.00,-0.03,0.11,0.00,0.00,0.00,2.0,168.1,267.8,52.09,-681.71,0.000000,0.000000,0,1,7.39
299963,-0.00,-0.07,0.10,0.06,0.00,-0.06,2.0,168.1,267.8,52.11,-682.48,0.000000,0.000000,0,1,7.39
300167,0.00,-0.03,0.07,0.06,0.06,0.06,2.0,168.1,267.8,52.12,-682.74,0.000000,0.000000,0,1,7.39
300371,-0.03,-0.01,0.10,0.06,0.00,0.18,2.0,168.1,267.8,52.12,-682.40,0.000000,0.000000,0,1,7.39
300575,0.00,-0.01,0.10,-0.06,0.00,0.06,2.0,168.1,267.8,52.12,-682.71,0.000000,0.000000,0,1,7.39
300779,-0.00,-0.02,0.07,0.00,0.00,0.00,2.0,168.1,267.8,52.13,-683.53,0.000000,0.000000,0,1,7.41
300983,-0.00,-0.01,0.09,0.12,0.06,0.18,2.0,168.1,267.8,52.14,-684.08,0.000000,0.000000,0,1,7.41
301187,-0.00,-0.00,0.09,-0.25,-0.06,0.00,2.0,168.1,267.8,52.14,-684.05,0.000000,0.000000,0,1,7.41
301391,0.00,-0.02,0.10,0.12,0.12,-0.12,2.0,168.1,267.8,52.14,-683.74,0.000000,0.000000,0,1,7.41
301595,-0.00,-0.02,0.12,-0.12,-0.37,0.06,2.0,168.1,267.8,52.13,-683.14,0.000000,0.000000,0,1,7.41
301799,-0.00,-0.05,0.10,0.06,-0.18,0.06,2.0,168.1,267.8,52.13,-683.34,0.000000,0.000000,0,1,7.38
302003,-0.02,-0.03,0.11,-0.12,-0.18,0.00,2.0,168.1,267.8,52.14,-683.78,0.000000,0.000000,0,1,7.38
302207,-0.00,-0.01,0.12,-0.06,-0.12,0.12,2.0,168.1,267.8,52.15,-684.17,0.000000,0.000000,0,1,7.38
302309,-0.00,-0.01,0.11,-0.06,0.06,0.06,2.0,168.1,267.8,52.15,-684.36,0.000000,0.000000,0,1,7.38
302615,-0.00,-0.00,0.07,-0.06,-0.18,0.00,2.0,168.1,267.8,52.17,-685.08,0.000000,0.000000,0,1,7.38
302819,0.00,-0.01,0.12,-0.06,-0.06,0.00,2.0,168.1,267.8,52.17,-685.29,0.000000,0.000000,0,1,7.31
303023,0.00,-0.05,0.10,0.12,0.18,-0.06,2.0,168.1,267.8,52.17,-685.60,0.000000,0.000000,0,1,7.31
303125,0.00,0.00,0.11,-0.12,0.06,-0.18,2.0,168.1,267.8,52.18,-685.73,0.000000,0.000000,0,1,7.31
303329,-0.02,-0.03,0.07,0.43,0.00,-0.06,2.0,168.1,267.8,52.18,-685.38,0.000000,0.000000,0,1,7.31
303635,-0.00,-0.02,0.10,0.06,0.06,-0.06,2.0,168.1,267.8,52.17,-684.81,0.000000,0.000000,0,1,7.31
303839,-0.02,-0.02,0.10,0.00,0.00,-0.12,2.0,168.1,267.8,52.18,-685.01,0.000000,0.000000,0,1,7.33
303941,-0.02,-0.01,0.11,0.06,0.12,-0.12,2.0,168.1,267.8,52.18,-685.15,0.000000,0.000000,0,1,7.33
304145,0.00,-0.00,0.10,-0.06,0.00,0.06,2.0,168.1,267.8,52.18,-685.54,0.000000,0.000000,0,1,7.33
304349,-0.01,-0.02,0.11,0.00,0.12,0.12,2.0,168.1,267.8,52.20,-686.49,0.000000,0.000000,0,1,7.33
304553,0.00,-0.01,0.11,0.06,-0.12,0.06,2.0,168.1,267.8,52.21,-687.64,0.000000,0.000000,0,1,7.33
304757,-0.00,-0.02,0.11,0.12,0.12,0.12,2.0,168.1,267.8,52.23,-688.48,0.000000,0.000000,0,1,7.37
304961,-0.02,-0.03,0.09,0.00,-0.12,0.18,2.0,168.1,267.8,52.23,-688.55,0.000000,0.000000,0,1,7.37
305165,-0.01,-0.02,0.11,0.12,-0.12,0.06,2.0,168.1,267.8,52.24,-688.58,0.000000,0.000000,0,1,7.37
305369,-0.00,-0.00,0.11,0.06,0.00,0.00,2.0,168.1,267.8,52.24,-689.28,0.000000,0.000000,0,1,7.37
305573,-0.00,-0.01,0.11,0.06,-0.12,0.00,2.0,168.1,267.8,52.26,-689.83,0.000000,0.000000,0,1,7.37
305777,0.00,-0.05,0.09,0.00,0.06,0.12,2.0,168.1,267.8,52.26,-690.10,0.000000,0.000000,0,1,7.40
305981,-0.00,-0.03,0.11,-0.06,0.12,0.06,2.0,168.1,267.8,52.27,-690.43,0.000000,0.000000,0,1,7.40
306185,0.00,-0.07,0.05,0.12,-0.12,0.00,2.0,168.1,267.8,52.27,-690.74,0.000000,0.000000,0,1,7.40
306389,0.05,-0.02,0.15,-0.50,-0.12,0.00,2.0,168.1,267.8,52.27,-690.22,0.000000,0.000000,0,1,7.40
306593,-0.07,-0.09,0.07,0.37,-0.12,0.18,2.0,168.1,267.8,52.26,-688.99,0.000000,0.000000,0,1,7.40
306797,0.00,-0.00,0.11,-0.18,0.00,0.00,2.0,168.1,267.8,52.26,-688.80,0.000000,0.000000,0,1,7.39
307001,0.00,-0.02,0.11,-0.06,0.00,-0.06,2.0,168.1,267.8,52.27,-689.78,0.000000,0.000000,0,1,7.39
307205,-0.05,-0.01,0.09,0.12,-0.06,-0.06,2.0,168.1,267.8,52.28,-690.88,0.000000,0.000000,0,1,7.39
307409,-0.00,-0.03,0.10,0.00,0.25,0.00,2.0,168.1,267.8,52.29,-691.69,0.000000,0.000000,0,1,7.39
307613,-0.00,-0.01,0.15,-0.12,-0.18,0.00,2.0,168.1,267.8,52.30,-691.98,0.000000,0.000000,0,1,7.39
307817,-0.03,-0.02,0.11,0.00,-0.06,0.00,2.0,168.1,267.8,52.30,-691.88,0.000000,0.000000,0,1,7.38
308021,-0.02,0.00,0.11,0.00,-0.06,-0.06,2.0,168.1,267.8,52.30,-691.50,0.000000,0.000000,0,1,7.38
308225,-0.01,-0.03,0.10,-0.06,-0.06,0.00,2.0,168.1,267.8,52.29,-691.31,0.000000,0.000000,0,1,7.38
308429,-0.02,0.00,0.11,0.06,0.06,0.00,2.0,168.1,267.8,52.30,-691.54,0.000000,0.000000,0,1,7.38
308633,-0.01,-0.02,0.09,0.12,0.00,0.06,2.0,168.1,267.8,52.31,-691.77,0.000000,0.000000,0,1,7.38
308735,0.00,-0.05,0.11,-0.12,0.12,0.12,2.0,168.1,267.8,52.31,-691.94,0.000000,0.000000,0,1,7.41
309041,-0.03,-0.05,0.12,0.06,0.00,0.18,2.0,168.1,267.8,52.32,-692.75,0.000000,0.000000,0,1,7.41
309143,-0.02,-0.01,0.15,0.06,-0.18,-0.12,2.0,168.1,267.8,52.33,-692.94,0.000000,0.000000,0,1,7.41
309347,-0.01,-0.03,0.10,0.06,0.06,0.00,2.0,168.1,267.8,52.34,-693.28,0.000000,0.000000,0,1,7.41
309551,-0.03,-0.01,0.11,-0.12,-0.18,0.00,2.0,168.1,267.8,52.34,-693.73,0.000000,0.000000,0,1,7.41
309755,-0.00,-0.02,0.12,0.00,-0.06,-0.12,2.0,168.1,267.8,52.35,-694.36,0.000000,0.000000,0,1,7.42
309959,-0.00,-0.00,0.15,0.12,0.12,0.00,2.0,168.1,267.8,52.36,-695.09,0.000000,0.000000,0,1,7.42
310163,-0.00,-0.01,0.11,0.00,0.00,0.06,2.0,168.1,267.8,52.38,-696.01,0.000000,0.000000,0,1,7.42
310367,-0.03,-0.00,0.12,-0.06,-0.18,0.18,2.0,168.1,267.8,52.39,-696.61,0.000000,0.000000,0,1,7.42
310571,-0.00,-0.05,0.10,0.06,-0.06,-0.06,2.0,168.1,267.8,52.40,-697.02,0.000000,0.000000,0,1,7.42
310775,-0.00,-0.01,0.11,0.00,0.00,0.06,2.0,168.1,267.8,52.40,-696.98,0.000000,0.000000,0,1,7.33
310979,-0.03,-0.02,0.11,0.00,0.06,-0.18,2.0,168.1,267.8,52.40,-696.42,0.000000,0.000000,0,1,7.33
311183,-0.02,-0.02,0.11,0.12,0.25,-0.06,2.0,168.1,267.8,52.39,-695.90,0.000000,0.000000,0,1,7.33
311387,-0.00,-0.05,0.10,-0.12,-0.18,-0.12,2.0,168.1,267.8,52.38,-694.95,0.000000,0.000000,0,1,7.33
311591,-0.00,-0.05,0.11,-0.06,0.00,0.12,2.0,168.1,267.8,52.37,-694.48,0.000000,0.000000,0,1,7.33
311795,-0.00,-0.00,0.11,0.12,-0.06,-0.06,2.0,168.1,267.8,52.37,-694.84,0.000000,0.000000,0,1,7.38
311999,-0.00,-0.03,0.11,0.12,0.00,0.06,2.0,168.1,267.8,52.38,-695.10,0.000000,0.000000,0,1,7.38
312203,-0.02,-0.02,0.11,-0.12,0.06,0.00,2.0,168.1,267.8,52.38,-695.35,0.000000,0.000000,0,1,7.38
312407,-0.00,-0.02,0.10,0.06,0.25,0.00,2.0,168.1,267.8,52.39,-695.13,0.000000,0.000000,0,1,7.38
312611,-0.00,-0.02,0.11,0.00,-0.12,-0.06,2.0,168.1,267.8,52.38,-694.61,0.000000,0.000000,0,1,7.38
312815,0.00,-0.01,0.10,-0.06,-0.18,0.25,2.0,168.1,267.8,52.38,-694.41,0.000000,0.000000,0,1,7.42
313019,0.00,-0.02,0.07,-0.06,0.12,0.00,2.0,168.1,267.8,52.38,-695.00,0.000000,0.000000,0,1,7.42
313223,0.00,-0.03,0.09,-0.12,0.18,-0.06,2.0,168.1,267.8,52.39,-695.82,0.000000,0.000000,0,1,7.42
313427,-0.00,0.00,0.11,-0.06,0.06,0.00,2.0,168.1,267.8,52.40,-695.81,0.000000,0.000000,0,1,7.42
313631,-0.01,-0.02,0.11,-0.06,-0.12,-0.06,2.0,168.1,267.8,52.39,-695.53,0.000000,0.000000,0,1,7.42
313835,0.00,-0.01,0.12,-0.06,0.00,0.06,2.0,168.1,267.8,52.40,-695.96,0.000000,0.000000,0,1,7.30
314039,-0.01,-0.02,0.11,0.12,0.00,0.00,2.0,168.1,267.8,52.41,-696.59,0.000000,0.000000,0,1,7.30
314243,-0.01,-0.00,0.11,-0.12,-0.06,0.00,2.0,168.1,267.8,52.41,-696.89,0.000000,0.000000,0,1,7.30
314447,-0.00,-0.01,0.12,0.12,0.12,0.06,2.0,168.1,267.8,52.41,-697.28,0.000000,0.000000,0,1,7.30
314651,-0.01,-0.02,0.10,-0.06,-0.06,0.00,2.0,168.1,267.8,52.42,-697.50,0.000000,0.000000,0,1,7.30
314855,-0.00,-0.02,0.11,-0.06,0.00,0.00,2.0,168.1,267.8,52.41,-697.59,0.000000,0.000000,0,1,7.39
314957,-0.00,-0.01,0.11,0.00,-0.06,0.12,2.0,168.1,267.8,52.42,-697.64,0.000000,0.000000,0,1,7.39
315263,-0.01,0.00,0.12,0.06,-0.12,0.00,2.0,168.1,267.8,52.42,-697.80,0.000000,0.000000,0,1,7.39
315467,-0.00,-0.00,0.12,0.00,0.00,0.06,2.0,168.1,267.8,52.43,-698.27,0.000000,0.000000,0,1,7.39
315569,-0.00,-0.02,0.12,0.00,-0.06,0.00,2.0,168.1,267.8,52.43,-698.48,0.000000,0.000000,0,1,7.39
315774,-0.00,-0.05,0.11,0.06,0.00,-0.06,2.0,168.1,267.8,52.43,-698.47,0.000000,0.000000,0,1,7.34
315977,-0.01,-0.01,0.11,0.00,0.12,0.00,2.0,168.1,267.8,52.44,-698.22,0.000000,0.000000,0,1,7.34
316283,-0.00,-0.00,0.11,0.12,0.00,0.12,2.0,168.1,267.8,52.44,-698.58,0.000000,0.000000,0,1,7.34
316385,0.00,-0.01,0.09,0.06,-0.12,0.06,2.0,168.1,267.8,52.45,-698.90,0.000000,0.000000,0,1,7.34
316589,-0.00,-0.02,0.10,0.00,0.12,-0.06,2.0,168.1,267.8,52.46,-699.56,0.000000,0.000000,0,1,7.34
316793,0.00,-0.02,0.07,0.00,0.06,0.00,2.0,168.1,267.8,52.47,-700.15,0.000000,0.000000,0,1,7.32
316997,-0.01,-0.01,0.11,-0.06,-0.06,0.06,2.0,168.1,267.8,52.48,-700.82,0.000000,0.000000,0,1,7.32
317201,0.00,-0.02,0.10,0.06,0.00,-0.06,2.0,168.1,267.8,52.49,-701.04,0.000000,0.000000,0,1,7.32
317405,0.00,-0.03,0.11,-0.06,0.00,0.06,2.0,168.1,267.8,52.49,-700.95,0.000000,0.000000,0,1,7.32
317609,0.00,-0.02,0.12,0.06,0.12,-0.06,2.0,168.1,267.8,52.49,-700.64,0.000000,0.000000,0,1,7.32
317813,0.00,-0.01,0.10,0.12,0.00,0.12,2.0,168.1,267.8,52.48,-700.03,0.000000,0.000000,0,1,7.41
318017,-0.00,-0.02,0.11,0.06,0.06,-0.06,2.0,168.1,267.8,52.49,-700.10,0.000000,0.000000,0,1,7.41
318221,0.00,-0.01,0.09,-0.12,-0.25,0.00,2.0,168.1,267.8,52.49,-700.65,0.000000,0.000000,0,1,7.41
318425,-0.00,-0.02,0.11,0.12,0.06,-0.12,2.0,168.1,267.8,52.50,-701.66,0.000000,0.000000,0,1,7.41
318629,0.00,-0.03,0.11,-0.06,0.06,0.00,2.0,168.1,267.8,52.52,-702.82,0.000000,0.000000,0,1,7.41
318833,-0.00,-0.02,0.07,0.06,0.06,0.06,2.0,168.1,267.8,52.53,-703.40,0.000000,0.000000,0,1,7.38
319037,-0.01,-0.01,0.11,0.00,0.12,0.00,2.0,168.1,267.8,52.53,-702.54,0.000000,0.000000,0,1,7.38
319241,-0.00,0.00,0.11,0.18,0.25,0.12,2.0,168.1,267.8,52.52,-701.41,0.000000,0.000000,0,1,7.38
319445,0.00,-0.02,0.11,0.12,0.06,-0.12,2.0,168.1,267.8,52.51,-701.23,0.000000,0.000000,0,1,7.38
319649,-0.00,0.00,0.10,-0.06,0.00,-0.06,2.0,168.1,267.8,52.51,-701.47,0.000000,0.000000,0,1,7.38
319853,-0.00,-0.01,0.15,0.00,0.00,0.06,2.0,168.1,267.8,52.52,-701.71,0.000000,0.000000,0,1,7.35
320057,-0.00,-0.03,0.10,-0.06,0.18,-0.12,2.0,168.1,267.8,52.52,-701.88,0.000000,0.000000,0,1,7.35
320261,-0.00,-0.01,0.12,-0.06,-0.06,-0.06,2.0,168.1,267.8,52.53,-702.70,0.000000,0.000000,0,1,7.35
320465,-0.01,0.00,0.11,0.12,0.25,0.00,2.0,168.1,267.8,52.54,-703.56,0.000000,0.000000,0,1,7.35
320669,0.00,-0.01,0.11,0.06,0.00,-0.12,2.0,168.1,267.8,52.55,-704.26,0.000000,0.000000,0,1,7.35
320873,-0.02,-0.02,0.10,0.06,-0.06,0.18,2.0,168.1,267.8,52.56,-704.48,0.000000,0.000000,0,1,7.39
321077,0.00,-0.00,0.12,-0.12,-0.06,0.12,2.0,168.1,267.8,52.56,-704.56,0.000000,0.000000,0,1,7.39
321281,-0.03,-0.02,0.09,-0.06,0.25,-0.12,2.0,168.1,267.8,52.57,-704.32,0.000000,0.000000,0,1,7.39
321485,0.00,-0.02,0.13,-0.12,0.00,0.06,2.0,168.1,267.8,52.56,-703.77,0.000000,0.000000,0,1,7.39
321689,-0.00,-0.03,0.11,0.18,-0.06,-0.12,2.0,168.1,267.8,52.55,-703.02,0.000000,0.000000,0,1,7.39
321893,-0.00,0.00,0.11,-0.06,0.00,-0.06,2.0,168.1,267.8,52.54,-702.94,0.000000,0.000000,0,1,7.36
322097,0.00,-0.02,0.12,0.12,-0.06,0.06,2.0,168.1,267.8,52.55,-703.01,0.000000,0.000000,0,1,7.36
322199,0.00,-0.00,0.11,0.12,-0.12,0.00,2.0,168.1,267.8,52.55,-703.20,0.000000,0.000000,0,1,7.36
322403,-0.00,-0.05,0.12,0.06,-0.12,0.00,2.0,168.1,267.8,52.56,-703.78,0.000000,0.000000,0,1,7.36
322709,-0.00,-0.01,0.10,0.00,-0.06,0.12,2.0,168.1,267.8,52.57,-704.92,0.000000,0.000000,0,1,7.36
322913,-0.01,-0.03,0.10,0.12,-0.06,-0.12,2.0,168.1,267.8,52.58,-705.65,0.000000,0.000000,0,1,7.36
323015,-0.00,-0.02,0.10,-0.25,-0.06,0.18,2.0,168.1,267.8,52.59,-705.95,0.000000,0.000000,0,1,7.36
323219,0.00,-0.01,0.11,-0.06,0.25,0.12,2.0,168.1,267.8,52.59,-706.47,0.000000,0.000000,0,1,7.36
323423,0.00,-0.02,0.12,0.06,0.00,-0.06,2.0,168.1,267.8,52.60,-706.91,0.000000,0.000000,0,1,7.36
323729,0.00,-0.03,0.12,0.06,0.18,0.00,2.0,168.1,267.8,52.61,-707.71,0.000000,0.000000,0,1,7.36
323933,-0.05,-0.02,0.12,0.06,0.06,0.00,2.0,168.1,267.8,52.62,-707.87,0.000000,0.000000,0,1,7.36
324137,-0.00,-0.01,0.12,0.06,-0.06,-0.12,2.0,168.1,267.8,52.62,-707.75,0.000000,0.000000,0,1,7.36
324239,0.00,-0.02,0.09,0.00,-0.06,0.00,2.0,168.1,267.8,52.62,-707.62,0.000000,0.000000,0,1,7.36
324443,-0.00,-0.03,0.10,0.06,0.00,-0.06,2.0,168.1,267.8,52.62,-707.71,0.000000,0.000000,0,1,7.36
324749,-0.01,-0.01,0.13,0.00,0.00,-0.06,2.0,168.1,267.8,52.62,-707.46,0.000000,0.000000,0,1,7.36
324851,-0.01,-0.02,0.12,-0.12,-0.06,-0.06,2.0,168.1,267.8,52.62,-707.55,0.000000,0.000000,0,1,7.36
325055,0.00,-0.02,0.09,0.06,0.00,-0.12,2.0,168.1,267.8,52.63,-707.93,0.000000,0.000000,0,1,7.32
325259,0.00,-0.01,0.11,-0.06,-0.12,-0.06,2.0,168.1,267.8,52.63,-708.18,0.000000,0.000000,0,1,7.32
325463,-0.01,0.00,0.12,-0.06,-0.06,0.06,2.0,168.1,267.8,52.63,-707.81,0.000000,0.000000,0,1,7.32
325769,-0.00,-0.01,0.11,0.06,-0.12,0.00,2.0,168.1,267.8,52.63,-707.27,0.000000,0.000000,0,1,7.32
325973,-0.02,-0.02,0.13,0.06,-0.06,0.06,2.0,168.1,267.8,52.62,-707.43,0.000000,0.000000,0,1,7.33
326177,-0.00,-0.00,0.10,0.00,-0.06,-0.12,2.0,168.1,267.8,52.63,-708.10,0.000000,0.000000,0,1,7.33
326279,-0.00,-0.01,0.13,0.00,0.00,0.00,2.0,168.1,267.8,52.64,-708.26,0.000000,0.000000,0,1,7.33
326483,-0.00,-0.02,0.11,0.00,0.06,-0.06,2.0,168.1,267.8,52.64,-708.41,0.000000,0.000000,0,1,7.33
326687,-0.00,-0.01,0.11,-0.12,0.06,0.06,2.0,168.1,267.8,52.64,-708.58,0.000000,0.000000,0,1,7.33
326993,0.00,-0.02,0.07,0.00,0.12,0.06,2.0,168.1,267.8,52.65,-708.98,0.000000,0.000000,0,1,7.33
327095,-0.00,-0.01,0.10,-0.06,-0.06,0.06,2.0,168.1,267.8,52.65,-709.21,0.000000,0.000000,0,1,7.33
327299,-0.01,-0.05,0.11,0.00,-0.06,0.00,2.0,168.1,267.8,52.65,-709.32,0.000000,0.000000,0,1,7.33
327503,-0.00,-0.01,0.09,0.06,-0.18,0.00,2.0,168.1,267.8,52.65,-709.36,0.000000,0.000000,0,1,7.33
327707,-0.01,-0.05,0.11,0.00,0.00,0.00,2.0,168.1,267.8,52.65,-708.82,0.000000,0.000000,0,1,7.33
327911,-0.00,-0.03,0.13,-0.06,-0.12,0.06,2.0,168.1,267.8,52.65,-708.45,0.000000,0.000000,0,1,7.29
328115,0.00,-0.02,0.09,-0.12,0.00,0.12,2.0,168.1,267.8,52.64,-708.57,0.000000,0.000000,0,1,7.29
328319,0.00,-0.03,0.12,-0.18,-0.06,0.06,2.0,168.1,267.8,52.66,-709.42,0.000000,0.000000,0,1,7.29
328523,-0.03,-0.05,0.11,0.12,0.00,-0.12,2.0,168.1,267.8,52.67,-709.96,0.000000,0.000000,0,1,7.29
328727,-0.00,-0.07,0.12,0.12,0.00,0.31,2.0,168.1,267.8,52.67,-710.35,0.000000,0.000000,0,1,7.29
328931,-0.01,-0.05,0.11,0.06,-0.12,0.12,2.0,168.1,267.8,52.68,-710.35,0.000000,0.000000,0,1,7.37
329135,-0.00,-0.00,0.09,0.12,0.06,0.06,2.0,168.1,267.8,52.67,-708.86,0.000000,0.000000,0,1,7.37
329339,-0.03,-0.03,0.11,0.06,0.00,-0.06,2.0,168.1,267.8,52.64,-707.21,0.000000,0.000000,0,1,7.37
329543,0.00,-0.00,0.12,0.12,-0.18,0.00,2.0,168.1,267.8,52.64,-707.26,0.000000,0.000000,0,1,7.37
329747,-0.02,-0.01,0.11,-0.06,0.06,0.12,2.0,168.1,267.8,52.64,-707.26,0.000000,0.000000,0,1,7.37
329951,-0.00,-0.03,0.11,-0.12,0.12,0.12,2.0,168.1,267.8,52.64,-707.08,0.000000,0.000000,0,1,7.35
330155,-0.03,0.00,0.11,-0.06,0.06,0.06,2.0,168.1,267.8,52.63,-706.18,0.000000,0.000000,0,1,7.35
330359,-0.00,0.00,0.12,0.00,-0.06,0.18,2.0,168.1,267.8,52.61,-705.14,0.000000,0.000000,0,1,7.35
330563,-0.01,-0.02,0.11,-0.12,-0.12,-0.06,2.0,168.1,267.8,52.61,-705.35,0.000000,0.000000,0,1,7.35
330767,0.00,-0.03,0.12,0.06,-0.12,-0.06,2.0,168.1,267.8,52.61,-705.25,0.000000,0.000000,0,1,7.35
330971,-0.00,-0.01,0.11,0.12,0.12,0.00,2.0,168.1,267.8,52.61,-706.13,0.000000,0.000000,0,1,7.39
331175,-0.01,-0.03,0.13,0.12,-0.06,0.00,2.0,168.1,267.8,52.63,-707.70,0.000000,0.000000,0,1,7.39
331379,-0.01,-0.05,0.12,0.00,0.12,0.00,2.0,168.1,267.8,52.65,-708.46,0.000000,0.000000,0,1,7.39
331583,0.00,-0.05,0.11,0.06,0.18,0.00,2.0,168.1,267.8,52.65,-708.06,0.000000,0.000000,0,1,7.39
331787,-0.00,-0.00,0.07,0.06,0.06,0.12,2.0,168.1,267.8,52.64,-707.26,0.000000,0.000000,0,1,7.39
331889,-0.00,-0.05,0.10,-0.12,-0.18,0.06,2.0,168.1,267.8,52.64,-707.07,0.000000,0.000000,0,1,7.39
332195,0.03,-0.07,0.13,0.18,0.06,-0.06,2.0,168.1,267.8,52.65,-708.33,0.000000,0.000000,0,1,7.37
332399,-0.01,-0.05,0.10,0.00,0.18,-0.06,2.0,168.1,267.8,52.67,-709.51,0.000000,0.000000,0,1,7.37
332603,-0.00,-0.02,0.10,0.12,0.18,-0.06,2.0,168.1,267.8,52.68,-710.06,0.000000,0.000000,0,1,7.37
332705,0.00,-0.05,0.10,0.12,0.00,0.06,2.0,168.1,267.8,52.68,-709.97,0.000000,0.000000,0,1,7.37
332909,-0.03,-0.03,0.10,-0.12,-0.12,-0.06,2.0,168.1,267.8,52.67,-709.23,0.000000,0.000000,0,1,7.37
333215,-0.02,-0.02,0.10,0.00,-0.12,0.12,2.0,168.1,267.8,52.66,-708.58,0.000000,0.000000,0,1,7.34
333419,-0.02,0.00,0.12,-0.06,0.06,0.12,2.0,168.1,267.8,52.66,-708.53,0.000000,0.000000,0,1,7.34
333521,0.00,-0.05,0.13,0.06,-0.06,-0.06,2.0,168.1,267.8,52.66,-708.32,0.000000,0.000000,0,1,7.34
333725,0.00,-0.03,0.12,-0.12,-0.12,0.06,2.0,168.1,267.8,52.66,-708.31,0.000000,0.000000,0,1,7.34
333929,-0.00,-0.05,0.11,0.12,0.12,-0.06,2.0,168.1,267.8,52.66,-708.83,0.000000,0.000000,0,1,7.34
334235,-0.00,0.00,0.10,0.00,0.06,0.06,2.0,168.1,267.8,52.68,-709.99,0.000000,0.000000,0,1,7.39
334337,-0.01,-0.05,0.10,0.00,0.00,0.06,2.0,168.1,267.8,52.69,-710.26,0.000000,0.000000,0,1,7.39
334541,0.00,-0.03,0.10,0.18,0.18,-0.12,2.0,168.1,267.8,52.69,-710.40,0.000000,0.000000,0,1,7.39
334745,-0.01,-0.02,0.10,-0.12,-0.06,0.00,2.0,168.1,267.8,52.69,-710.33,0.000000,0.000000,0,1,7.39
334949,0.00,-0.03,0.11,0.06,0.00,0.12,2.0,168.1,267.8,52.70,-710.35,0.000000,0.000000,0,1,7.39
335153,-0.01,-0.01,0.09,0.00,-0.18,-0.06,2.0,168.1,267.8,52.70,-710.86,0.000000,0.000000,0,1,7.33
335357,0.00,-0.05,0.07,-0.06,0.00,0.00,2.0,168.1,267.8,52.71,-711.58,0.000000,0.000000,0,1,7.33
335561,-0.03,-0.02,0.07,0.00,0.00,0.00,2.0,168.1,267.8,52.72,-711.48,0.000000,0.000000,0,1,7.33
335765,-0.01,-0.02,0.12,0.00,0.00,0.00,2.0,168.1,267.8,52.71,-710.62,0.000000,0.000000,0,1,7.33
335970,-0.02,0.00,0.09,0.00,0.18,0.06,2.0,168.1,267.8,52.70,-710.10,0.000000,0.000000,0,1,7.37
336173,0.00,-0.01,0.11,0.12,0.18,0.06,2.0,168.1,267.8,52.69,-709.82,0.000000,0.000000,0,1,7.37
336377,-0.00,-0.05,0.11,0.00,-0.12,-0.06,2.0,168.1,267.8,52.70,-710.01,0.000000,0.000000,0,1,7.37
336581,-0.00,-0.01,0.11,-0.31,0.06,0.00,2.0,168.1,267.8,52.70,-710.64,0.000000,0.000000,0,1,7.37
336785,-0.02,-0.03,0.13,0.18,0.18,0.06,2.0,168.1,267.8,52.71,-711.22,0.000000,0.000000,0,1,7.37
336989,-0.00,-0.05,0.10,0.00,-0.06,0.06,2.0,168.1,267.8,52.72,-711.98,0.000000,0.000000,0,1,7.36
337193,0.00,-0.01,0.10,-0.12,-0.12,0.00,2.0,168.1,267.8,52.73,-712.41,0.000000,0.000000,0,1,7.36
337397,-0.01,-0.07,0.11,0.18,-0.12,0.06,2.0,168.1,267.8,52.74,-712.52,0.000000,0.000000,0,1,7.36
337601,-0.01,-0.03,0.11,-0.06,0.06,-0.12,2.0,168.1,267.8,52.74,-712.58,0.000000,0.000000,0,1,7.36
337805,-0.02,-0.00,0.11,0.00,-0.06,0.00,2.0,168.1,267.8,52.74,-712.62,0.000000,0.000000,0,1,7.36
338009,-0.00,-0.00,0.11,0.00,-0.12,0.06,2.0,168.1,267.8,52.74,-712.70,0.000000,0.000000,0,1,7.37
338213,0.01,-0.05,0.07,0.00,-0.06,0.12,2.0,168.1,267.8,52.74,-712.86,0.000000,0.000000,0,1,7.37
338417,-0.01,-0.01,0.11,-0.06,0.12,-0.06,2.0,168.1,267.8,52.75,-713.16,0.000000,0.000000,0,1,7.37
338621,0.00,-0.02,0.13,-0.06,0.06,0.12,2.0,168.1,267.8,52.76,-713.21,0.000000,0.000000,0,1,7.37
338825,-0.02,-0.02,0.12,0.06,0.18,0.00,2.0,168.1,267.8,52.76,-713.10,0.000000,0.000000,0,1,7.37
339029,0.00,-0.03,0.11,-0.18,-0.06,0.00,2.0,168.1,267.8,52.76,-713.55,0.000000,0.000000,0,1,7.35
339233,-0.01,-0.02,0.13,0.12,0.06,0.06,2.0,168.1,267.8,52.77,-714.04,0.000000,0.000000,0,1,7.35
339437,-0.01,-0.02,0.12,0.00,0.18,0.06,2.0,168.1,267.8,52.77,-713.87,0.000000,0.000000,0,1,7.35
339641,-0.00,-0.02,0.11,-0.06,0.00,0.00,2.0,168.1,267.8,52.77,-713.57,0.000000,0.000000,0,1,7.35
339845,0.00,-0.02,0.09,0.12,-0.06,0.12,2.0,168.1,267.8,52.77,-714.00,0.000000,0.000000,0,1,7.35
340049,-0.01,-0.01,0.10,-0.25,0.06,0.12,2.0,168.1,267.8,52.78,-714.81,0.000000,0.000000,0,1,7.38
340151,0.00,-0.03,0.11,0.06,-0.18,0.12,2.0,168.1,267.8,52.79,-715.15,0.000000,0.000000,0,1,7.38
340355,-0.00,-0.03,0.15,0.06,0.12,-0.12,2.0,168.1,267.8,52.80,-715.64,0.000000,0.000000,0,1,7.38
340661,0.00,-0.03,0.11,0.06,-0.12,-0.12,2.0,168.1,267.8,52.82,-716.44,0.000000,0.000000,0,1,7.38
340865,-0.01,-0.02,0.10,0.06,0.18,0.00,2.0,168.1,267.8,52.82,-715.69,0.000000,0.000000,0,1,7.38
340967,-0.01,-0.02,0.05,0.00,-0.12,0.06,2.0,168.1,267.8,52.81,-715.34,0.000000,0.000000,0,1,7.38
341171,0.00,-0.02,0.11,0.00,-0.06,0.00,2.0,168.1,267.8,52.80,-714.89,0.000000,0.000000,0,1,7.38
341375,0.00,-0.05,0.11,0.00,0.31,0.06,2.0,168.1,267.8,52.80,-714.74,0.000000,0.000000,0,1,7.38
341681,-0.00,-0.01,0.11,0.00,0.00,0.00,2.0,168.1,267.8,52.80,-714.83,0.000000,0.000000,0,1,7.38
341783,-0.00,-0.01,0.13,0.00,0.00,-0.06,2.0,168.1,267.8,52.80,-715.21,0.000000,0.000000,0,1,7.38
341987,-0.00,-0.03,0.11,-0.12,0.00,0.06,2.0,168.1,267.8,52.81,-716.16,0.000000,0.000000,0,1,7.38
342191,0.00,-0.03,0.10,0.06,-0.18,0.06,2.0,168.1,267.8,52.83,-717.07,0.000000,0.000000,0,1,7.34
342395,-0.02,-0.00,0.07,-0.06,0.00,-0.06,2.0,168.1,267.8,52.84,-717.45,0.000000,0.000000,0,1,7.34
342599,0.00,-0.03,0.11,0.06,-0.06,-0.06,2.0,168.1,267.8,52.85,-717.56,0.000000,0.000000,0,1,7.34
342803,0.00,-0.05,0.12,-0.12,0.06,-0.06,2.0,168.1,267.8,52.85,-717.40,0.000000,0.000000,0,1,7.34
343007,-0.00,-0.01,0.12,0.06,0.18,-0.12,2.0,168.1,267.8,52.85,-717.58,0.000000,0.000000,0,1,7.34
343211,0.00,-0.05,0.11,0.18,0.00,0.06,2.0,168.1,267.8,52.85,-717.91,0.000000,0.000000,0,1,7.39
343415,0.00,-0.01,0.11,-0.12,0.12,-0.06,2.0,168.1,267.8,52.85,-717.81,0.000000,0.000000,0,1,7.39
343619,0.00,-0.03,0.11,0.18,0.12,0.00,2.0,168.1,267.8,52.86,-718.58,0.000000,0.000000,0,1,7.39
343823,-0.00,-0.03,0.10,0.00,0.06,0.12,2.0,168.1,267.8,52.87,-718.91,0.000000,0.000000,0,1,7.39
344027,-0.00,-0.01,0.11,-0.06,-0.25,0.12,2.0,168.1,267.8,52.87,-718.37,0.000000,0.000000,0,1,7.39
344231,-0.05,-0.00,0.10,0.00,-0.06,0.06,2.0,168.1,267.8,52.86,-717.52,0.000000,0.000000,0,1,7.37
344435,-0.01,0.00,0.15,-0.06,0.18,-0.06,2.0,168.1,267.8,52.85,-717.12,0.000000,0.000000,0,1,7.37
344639,-0.03,-0.01,0.12,-0.12,0.31,0.00,2.0,168.1,267.8,52.85,-717.31,0.000000,0.000000,0,1,7.37
344843,-0.00,0.00,0.11,-0.06,-0.12,-0.06,2.0,168.1,267.8,52.86,-717.72,0.000000,0.000000,0,1,7.37
345047,-0.00,-0.00,0.10,0.12,0.00,0.06,2.0,168.1,267.8,52.87,-718.32,0.000000,0.000000,0,1,7.37
345251,-0.02,0.00,0.12,-0.31,-0.06,0.00,2.0,168.1,267.8,52.88,-719.35,0.000000,0.000000,0,1,7.41
345455,-0.01,-0.02,0.11,-0.06,0.00,-0.06,2.0,168.1,267.8,52.89,-720.13,0.000000,0.000000,0,1,7.41
345659,0.07,-0.10,0.10,0.06,0.00,-0.25,2.0,168.1,267.8,52.90,-720.04,0.000000,0.000000,0,1,7.41
345863,-0.11,0.00,0.10,0.00,-0.06,-0.06,2.0,168.1,267.8,52.89,-719.72,0.000000,0.000000,0,1,7.41
346068,-0.01,-0.01,0.10,0.06,0.06,0.18,2.0,168.1,267.8,52.89,-719.19,0.000000,0.000000,0,1,7.41
346271,-0.00,-0.05,0.11,-0.18,-0.18,-0.06,2.0,168.1,267.8,52.88,-718.55,0.000000,0.000000,0,1,7.41
346475,-0.00,-0.05,0.11,0.12,0.12,0.00,2.0,168.1,267.8,52.86,-716.84,0.000000,0.000000,0,1,7.41
346679,-0.07,-0.02,0.12,0.00,-0.06,-0.06,2.0,168.1,267.8,52.84,-716.69,0.000000,0.000000,0,1,7.41
346883,-0.01,-0.01,0.09,0.12,0.00,-0.06,2.0,168.1,267.8,52.84,-717.08,0.000000,0.000000,0,1,7.41
347087,-0.00,-0.02,0.11,-0.06,-0.25,0.06,2.0,168.1,267.8,52.84,-717.74,0.000000,0.000000,0,1,7.41
347291,0.00,-0.01,0.11,0.00,0.00,0.06,2.0,168.1,267.8,52.85,-718.40,0.000000,0.000000,0,1,7.41
347393,-0.00,-0.03,0.12,0.12,0.06,-0.06,2.0,168.1,267.8,52.85,-718.63,0.000000,0.000000,0,1,7.41
347597,-0.00,0.00,0.12,-0.18,-0.12,0.06,2.0,168.1,267.8,52.86,-719.20,0.000000,0.000000,0,1,7.41
347903,0.00,-0.05,0.12,0.06,0.12,0.12,2.0,168.1,267.8,52.87,-719.55,0.000000,0.000000,0,1,7.41
348107,-0.00,-0.02,0.12,-0.06,-0.06,0.00,2.0,168.1,267.8,52.88,-719.51,0.000000,0.000000,0,1,7.39
348209,-0.02,-0.02,0.11,0.06,-0.06,-0.06,2.0,168.1,267.8,52.87,-719.22,0.000000,0.000000,0,1,7.39
348413,-0.02,-0.01,0.11,-0.12,0.06,0.06,2.0,168.1,267.8,52.87,-718.46,0.000000,0.000000,0,1,7.39
348617,0.00,-0.03,0.09,0.06,-0.06,0.06,2.0,168.1,267.8,52.87,-718.53,0.000000,0.000000,0,1,7.39
348821,-0.01,-0.03,0.09,-0.06,0.00,0.12,2.0,168.1,267.8,52.87,-718.46,0.000000,0.000000,0,1,7.39
349025,-0.01,-0.02,0.09,0.18,0.00,0.06,2.0,168.1,267.8,52.87,-718.43,0.000000,0.000000,0,1,7.39
349229,-0.02,0.00,0.10,0.00,0.06,0.12,2.0,168.1,267.8,52.87,-718.55,0.000000,0.000000,0,1,7.33
349433,0.00,-0.03,0.09,0.00,0.00,-0.12,2.0,168.1,267.8,52.86,-717.01,0.000000,0.000000,0,1,7.33
349637,-0.00,-0.02,0.11,-0.06,-0.06,-0.12,2.0,168.1,267.8,52.84,-716.30,0.000000,0.000000,0,1,7.33
349841,-0.00,-0.03,0.10,0.06,0.18,-0.12,2.0,168.1,267.8,52.84,-716.83,0.000000,0.000000,0,1,7.33
350045,0.00,-0.05,0.11,-0.25,-0.25,0.00,2.0,168.1,267.8,52.85,-717.16,0.000000,0.000000,0,1,7.33
350249,-0.00,-0.01,0.10,0.06,0.18,0.06,2.0,168.1,267.8,52.86,-717.60,0.000000,0.000000,0,1,7.35
350453,-0.00,-0.03,0.12,0.06,0.00,-0.06,2.0,168.1,267.8,52.87,-718.17,0.000000,0.000000,0,1,7.35
350657,-0.01,-0.02,0.11,0.12,0.06,-0.06,2.0,168.1,267.8,52.88,-718.97,0.000000,0.000000,0,1,7.35
350861,-0.02,-0.01,0.11,-0.06,-0.25,0.00,2.0,168.1,267.8,52.88,-719.71,0.000000,0.000000,0,1,7.35
351065,0.00,-0.00,0.11,0.00,0.06,0.06,2.0,168.1,267.8,52.89,-720.22,0.000000,0.000000,0,1,7.35
351269,-0.00,-0.03,0.11,-0.06,0.06,0.00,2.0,168.1,267.8,52.90,-720.61,0.000000,0.000000,0,1,7.34
351473,-0.01,-0.03,0.11,0.00,0.00,0.12,2.0,168.1,267.8,52.91,-720.87,0.000000,0.000000,0,1,7.34
351677,-0.02,0.00,0.11,0.00,0.00,-0.06,2.0,168.1,267.8,52.91,-720.78,0.000000,0.000000,0,1,7.34
351881,-0.01,-0.05,0.11,-0.12,-0.12,0.00,2.0,168.1,267.8,52.90,-720.06,0.000000,0.000000,0,1,7.34
352085,-0.01,0.00,0.11,-0.12,0.18,-0.12,2.0,168.1,267.8,52.89,-719.05,0.000000,0.000000,0,1,7.34
352289,-0.02,-0.00,0.11,-0.12,0.00,-0.06,2.0,168.1,267.8,52.88,-717.92,0.000000,0.000000,0,1,7.37
352493,-0.02,-0.01,0.15,0.06,0.12,0.00,2.0,168.1,267.8,52.86,-716.94,0.000000,0.000000,0,1,7.37
352697,-0.01,-0.05,0.10,0.00,0.00,-0.06,2.0,168.1,267.8,52.85,-716.25,0.000000,0.000000,0,1,7.37
352901,0.00,-0.01,0.12,-0.06,-0.06,0.06,2.0,168.1,267.8,52.85,-715.95,0.000000,0.000000,0,1,7.37
353105,-0.00,0.00,0.11,0.18,-0.12,0.06,2.0,168.1,267.8,52.85,-716.37,0.000000,0.000000,0,1,7.37
353309,0.00,-0.05,0.11,-0.06,0.00,0.06,2.0,168.1,267.8,52.86,-717.33,0.000000,0.000000,0,1,7.43
353513,-0.01,-0.01,0.07,0.00,-0.18,-0.06,2.0,168.1,267.8,52.88,-718.45,0.000000,0.000000,0,1,7.43
353717,-0.00,-0.05,0.10,0.00,0.18,-0.12,2.0,168.1,267.8,52.89,-719.68,0.000000,0.000000,0,1,7.43
353921,-0.01,-0.05,0.11,0.00,0.18,0.00,2.0,168.1,267.8,52.91,-720.93,0.000000,0.000000,0,1,7.43
354023,-0.00,-0.01,0.10,0.00,-0.18,0.00,2.0,168.1,267.8,52.92,-721.46,0.000000,0.000000,0,1,7.43
354329,-0.02,-0.03,0.11,0.06,-0.12,-0.06,2.0,168.1,267.8,52.94,-722.47,0.000000,0.000000,0,1,7.41
354533,-0.01,-0.02,0.11,-0.06,-0.12,0.12,2.0,168.1,267.8,52.94,-721.87,0.000000,0.000000,0,1,7.41
354737,0.00,-0.02,0.05,0.00,-0.18,0.12,2.0,168.1,267.8,52.93,-721.03,0.000000,0.000000,0,1,7.41
354839,0.00,-0.01,0.11,0.00,0.00,0.06,2.0,168.1,267.8,52.93,-720.97,0.000000,0.000000,0,1,7.41
355043,-0.01,-0.01,0.11,-0.06,0.12,0.06,2.0,168.1,267.8,52.93,-721.51,0.000000,0.000000,0,1,7.41
355349,-0.01,-0.02,0.11,0.12,-0.06,0.00,2.0,168.1,267.8,52.95,-722.44,0.000000,0.000000,0,1,7.43
355553,-0.02,-0.00,0.11,0.06,0.12,-0.12,2.0,168.1,267.8,52.95,-722.38,0.000000,0.000000,0,1,7.43
355655,-0.00,-0.01,0.11,-0.06,-0.06,0.12,2.0,168.1,267.8,52.95,-722.17,0.000000,0.000000,0,1,7.43
355859,-0.01,-0.01,0.11,0.06,0.00,0.00,2.0,168.1,267.8,52.95,-721.93,0.000000,0.000000,0,1,7.43
356063,-0.00,0.00,0.11,-0.12,-0.25,0.00,2.0,168.1,267.8,52.95,-722.09,0.000000,0.000000,0,1,7.43
356369,0.00,-0.00,0.10,0.00,-0.18,0.00,2.0,168.1,267.8,52.96,-722.88,0.000000,0.000000,0,1,7.40
356471,-0.00,-0.00,0.10,-0.12,0.00,-0.06,2.0,168.1,267.8,52.96,-723.23,0.000000,0.000000,0,1,7.40
356675,0.00,-0.02,0.12,0.06,0.12,0.00,2.0,168.1,267.8,52.98,-723.98,0.000000,0.000000,0,1,7.40
356879,0.00,-0.03,0.11,0.00,0.12,0.06,2.0,168.1,267.8,52.99,-724.60,0.000000,0.000000,0,1,7.40
357083,0.00,-0.05,0.10,0.12,0.12,0.00,2.0,168.1,267.8,53.00,-725.32,0.000000,0.000000,0,1,7.40
357287,0.00,-0.01,0.12,-0.06,0.06,0.00,2.0,168.1,267.8,53.01,-726.01,0.000000,0.000000,0,1,7.38
357491,0.00,-0.03,0.09,0.12,0.00,-0.18,2.0,168.1,267.8,53.02,-726.37,0.000000,0.000000,0,1,7.38
357695,-0.00,-0.01,0.13,0.06,-0.18,0.06,2.0,168.1,267.8,53.03,-726.56,0.000000,0.000000,0,1,7.38
357899,-0.00,-0.05,0.10,-0.12,0.12,0.00,2.0,168.1,267.8,53.03,-726.85,0.000000,0.000000,0,1,7.38
358103,-0.03,-0.00,0.12,-0.06,-0.06,0.00,2.0,168.1,267.8,53.03,-726.28,0.000000,0.000000,0,1,7.38
358307,-0.01,-0.05,0.11,-0.06,0.06,0.00,2.0,168.1,267.8,53.02,-726.45,0.000000,0.000000,0,1,7.41
358511,-0.02,-0.02,0.10,-0.06,0.12,-0.12,2.0,168.1,267.8,53.03,-727.04,0.000000,0.000000,0,1,7.41
358715,-0.02,-0.03,0.11,0.00,0.06,0.06,2.0,168.1,267.8,53.04,-727.49,0.000000,0.000000,0,1,7.41
358919,0.00,-0.02,0.11,-0.18,-0.12,0.00,2.0,168.1,267.8,53.04,-727.72,0.000000,0.000000,0,1,7.41
359123,-0.01,-0.05,0.10,0.00,-0.31,-0.06,2.0,168.1,267.8,53.05,-728.23,0.000000,0.000000,0,1,7.41
359327,-0.00,-0.03,0.09,0.06,0.00,0.06,2.0,168.1,267.8,53.06,-728.55,0.000000,0.000000,0,1,7.40
359531,0.00,-0.07,0.11,0.06,-0.12,0.12,2.0,168.1,267.8,53.07,-728.74,0.000000,0.000000,0,1,7.40
359735,-0.01,-0.02,0.11,-0.06,0.00,0.12,2.0,168.1,267.8,53.07,-729.24,0.000000,0.000000,0,1,7.40
359939,-0.00,-0.02,0.12,0.12,0.06,0.06,2.0,168.1,267.8,53.08,-729.92,0.000000,0.000000,0,1,7.40
360143,-0.01,-0.03,0.10,0.00,0.00,0.06,2.0,168.1,267.8,53.09,-730.32,0.000000,0.000000,0,1,7.40
360347,-0.02,-0.01,0.10,-0.06,-0.12,0.00,2.0,168.1,267.8,53.10,-730.34,0.000000,0.000000,0,1,7.39
360551,0.00,-0.01,0.10,0.12,0.00,0.06,2.0,168.1,267.8,53.10,-730.65,0.000000,0.000000,0,1,7.39
360755,-0.01,-0.05,0.12,-0.06,-0.12,-0.06,2.0,168.1,267.8,53.11,-730.96,0.000000,0.000000,0,1,7.39
360959,-0.00,-0.05,0.13,0.06,0.12,-0.06,2.0,168.1,267.8,53.11,-731.09,0.000000,0.000000,0,1,7.39
361163,-0.01,-0.02,0.12,0.06,-0.12,0.00,2.0,168.1,267.8,53.12,-731.16,0.000000,0.000000,0,1,7.39
361367,-0.03,-0.00,0.11,-0.18,0.06,-0.12,2.0,168.1,267.8,53.12,-731.17,0.000000,0.000000,0,1,7.43
361469,-0.01,-0.07,0.11,0.00,0.06,0.00,2.0,168.1,267.8,53.12,-731.07,0.000000,0.000000,0,1,7.43
361775,-0.02,-0.02,0.11,0.12,0.00,0.06,2.0,168.1,267.8,53.12,-730.76,0.000000,0.000000,0,1,7.43
361877,0.00,-0.03,0.13,0.06,-0.06,-0.18,2.0,168.1,267.8,53.12,-731.05,0.000000,0.000000,0,1,7.43
362081,0.00,-0.05,0.10,0.00,0.06,-0.12,2.0,168.1,267.8,53.13,-731.75,0.000000,0.000000,0,1,7.43
362285,-0.00,-0.02,0.12,0.12,-0.06,0.00,2.0,168.1,267.8,53.14,-732.28,0.000000,0.000000,0,1,7.39
362489,0.00,-0.01,0.11,0.00,0.00,0.06,2.0,168.1,267.8,53.14,-732.51,0.000000,0.000000,0,1,7.39
362795,-0.01,0.00,0.13,-0.06,0.06,0.06,2.0,168.1,267.8,53.14,-732.53,0.000000,0.000000,0,1,7.39
362999,-0.00,-0.03,0.10,0.00,0.00,0.06,2.0,168.1,267.8,53.14,-732.66,0.000000,0.000000,0,1,7.39
363203,-0.00,-0.03,0.12,-0.06,0.00,-0.12,2.0,168.1,267.8,53.14,-732.85,0.000000,0.000000,0,1,7.39
363305,-0.01,-0.02,0.09,-0.06,-0.06,-0.12,2.0,168.1,267.8,53.14,-732.87,0.000000,0.000000,0,1,7.35
363509,-0.00,-0.03,0.11,0.12,0.00,0.00,2.0,168.1,267.8,53.15,-733.24,0.000000,0.000000,0,1,7.35
363815,-0.01,-0.03,0.11,0.00,0.12,-0.06,2.0,168.1,267.8,53.15,-732.85,0.000000,0.000000,0,1,7.35
364019,0.00,-0.00,0.11,0.18,0.12,-0.12,2.0,168.1,267.8,53.15,-732.88,0.000000,0.000000,0,1,7.35
364223,0.00,-0.05,0.11,-0.06,0.06,0.00,2.0,168.1,267.8,53.15,-733.23,0.000000,0.000000,0,1,7.35
364427,-0.03,-0.00,0.11,-0.12,0.06,-0.06,2.0,168.1,267.8,53.15,-733.44,0.000000,0.000000,0,1,7.33
364631,0.00,-0.03,0.12,0.06,0.06,0.06,2.0,168.1,267.8,53.15,-733.44,0.000000,0.000000,0,1,7.33
364835,-0.01,-0.05,0.11,0.06,0.06,0.00,2.0,168.1,267.8,53.15,-732.83,0.000000,0.000000,0,1,7.33
365039,-0.01,-0.03,0.11,0.06,0.06,0.00,2.0,168.1,267.8,53.14,-732.38,0.000000,0.000000,0,1,7.33
365243,0.00,-0.03,0.10,0.06,0.12,-0.06,2.0,168.1,267.8,53.14,-732.34,0.000000,0.000000,0,1,7.33
365447,-0.00,-0.02,0.11,0.00,0.12,-0.06,2.0,168.1,267.8,53.13,-731.87,0.000000,0.000000,0,1,7.36
365651,-0.01,-0.03,0.11,-0.06,0.12,0.00,2.0,168.1,267.8,53.13,-731.29,0.000000,0.000000,0,1,7.36
365855,0.00,-0.05,0.11,0.06,-0.12,-0.12,2.0,168.1,267.8,53.12,-730.51,0.000000,0.000000,0,1,7.36
366059,-0.00,-0.01,0.12,-0.12,-0.12,-0.12,2.0,168.1,267.8,53.09,-728.06,0.000000,0.000000,0,1,7.36
366264,0.00,-0.05,0.07,0.06,-0.06,0.00,2.0,168.1,267.8,53.06,-726.58,0.000000,0.000000,0,1,7.36
366467,-0.00,-0.05,0.11,0.06,-0.12,0.00,2.0,168.1,267.8,53.06,-727.04,0.000000,0.000000,0,1,7.36
366671,-0.00,-0.05,0.09,0.00,0.00,0.00,2.0,168.1,267.8,53.06,-727.52,0.000000,0.000000,0,1,7.36
366875,-0.03,0.00,0.15,0.00,-0.06,0.06,2.0,168.1,267.8,53.07,-727.64,0.000000,0.000000,0,1,7.36
367181,0.00,0.00,0.10,-0.12,-0.18,-0.06,2.0,168.1,267.8,53.07,-726.94,0.000000,0.000000,0,1,7.36
367385,-0.02,-0.02,0.12,0.06,-0.12,0.00,2.0,168.1,267.8,53.05,-726.74,0.000000,0.000000,0,1,7.41
367589,-0.01,-0.03,0.11,-0.06,-0.06,0.06,2.0,168.1,267.8,53.06,-727.78,0.000000,0.000000,0,1,7.41
367793,-0.01,-0.07,0.10,-0.06,0.00,-0.06,2.0,168.1,267.8,53.07,-728.45,0.000000,0.000000,0,1,7.41
367895,0.00,-0.00,0.11,0.06,0.18,0.06,2.0,168.1,267.8,53.08,-728.73,0.000000,0.000000,0,1,7.41
368201,-0.01,-0.01,0.12,0.12,0.06,-0.06,2.0,168.1,267.8,53.09,-729.65,0.000000,0.000000,0,1,7.41
368405,-0.01,-0.05,0.11,0.00,0.18,-0.18,2.0,168.1,267.8,53.10,-730.12,0.000000,0.000000,0,1,7.36
368609,-0.01,-0.01,0.11,-0.31,0.12,0.06,2.0,168.1,267.8,53.10,-730.35,0.000000,0.000000,0,1,7.36
368813,-0.00,-0.02,0.10,0.18,0.12,-0.25,2.0,168.1,267.8,53.10,-730.38,0.000000,0.000000,0,1,7.36
369017,-0.02,-0.01,0.11,-0.06,0.00,0.06,2.0,168.1,267.8,53.10,-730.54,0.000000,0.000000,0,1,7.36
369221,-0.00,-0.03,0.11,0.06,0.12,0.12,2.0,168.1,267.8,53.10,-729.99,0.000000,0.000000,0,1,7.36
369425,-0.00,-0.05,0.11,-0.12,0.00,0.12,2.0,168.1,267.8,53.08,-728.32,0.000000,0.000000,0,1,7.41
369629,-0.00,-0.01,0.11,0.06,-0.06,0.00,2.0,168.1,267.8,53.07,-727.87,0.000000,0.000000,0,1,7.41
369833,-0.00,-0.00,0.10,0.00,-0.06,-0.06,2.0,168.1,267.8,53.07,-728.51,0.000000,0.000000,0,1,7.41
370037,0.00,-0.03,0.09,0.12,0.12,-0.12,2.0,168.1,267.8,53.08,-729.26,0.000000,0.000000,0,1,7.41
370343,-0.00,-0.05,0.11,-0.12,0.06,0.06,2.0,168.1,267.8,53.06,-726.80,0.000000,0.000000,0,1,7.32
370547,-0.00,-0.02,0.11,0.00,0.12,-0.06,2.0,168.1,267.8,53.02,-723.37,0.000000,0.000000,0,1,7.32
370751,-0.00,-0.05,0.13,0.25,0.00,-0.12,2.0,168.1,267.8,52.98,-721.00,0.000000,0.000000,0,1,7.32
370955,-0.02,-0.01,0.07,0.06,-0.06,-0.06,2.0,168.1,267.8,52.96,-721.11,0.000000,0.000000,0,1,7.32
371159,0.00,-0.07,0.09,0.12,0.18,0.00,2.0,168.1,267.8,52.98,-721.85,0.000000,0.000000,0,1,7.32
371363,-0.02,-0.02,0.11,0.00,0.06,-0.12,2.0,168.1,267.8,52.98,-721.88,0.000000,0.000000,0,1,7.40
371567,-0.01,-0.05,0.11,0.06,-0.12,-0.06,2.0,168.1,267.8,52.98,-722.92,0.000000,0.000000,0,1,7.40
371771,0.00,-0.03,0.12,0.00,-0.06,0.18,2.0,168.1,267.8,53.00,-724.27,0.000000,0.000000,0,1,7.40
371975,0.00,-0.03,0.13,0.06,0.12,0.06,2.0,168.1,267.8,53.01,-724.43,0.000000,0.000000,0,1,7.40
372179,0.00,-0.02,0.11,0.12,0.25,-0.06,2.0,168.1,267.8,53.01,-724.90,0.000000,0.000000,0,1,7.40
372383,-0.00,-0.00,0.11,-0.06,0.06,0.00,2.0,168.1,267.8,53.02,-726.13,0.000000,0.000000,0,1,7.41
372587,-0.01,-0.00,0.11,-0.12,0.00,-0.12,2.0,168.1,267.8,53.04,-726.58,0.000000,0.000000,0,1,7.41
372791,-0.02,-0.01,0.12,-0.12,0.12,-0.06,2.0,168.1,267.8,53.03,-725.52,0.000000,0.000000,0,1,7.41
372995,0.00,-0.02,0.10,-0.12,0.12,-0.18,2.0,168.1,267.8,53.02,-725.08,0.000000,0.000000,0,1,7.41
373199,-0.02,-0.00,0.11,0.00,-0.12,0.06,2.0,168.1,267.8,53.02,-725.57,0.000000,0.000000,0,1,7.41
373403,-0.03,-0.02,0.07,-0.18,-0.06,0.00,2.0,168.1,267.8,53.03,-726.23,0.000000,0.000000,0,1,7.39
373709,-0.01,0.00,0.10,-0.25,-0.06,-0.12,2.0,168.1,267.8,53.04,-726.68,0.000000,0.000000,0,1,7.39
373913,0.00,-0.03,0.11,0.00,-0.06,0.06,2.0,168.1,267.8,53.03,-725.80,0.000000,0.000000,0,1,7.39
374117,-0.01,-0.02,0.09,-0.12,0.00,-0.12,2.0,168.1,267.8,53.02,-724.44,0.000000,0.000000,0,1,7.39
374321,-0.00,-0.01,0.11,0.12,0.06,0.00,2.0,168.1,267.8,53.01,-723.88,0.000000,0.000000,0,1,7.39
374525,0.00,-0.01,0.12,0.06,0.00,-0.06,2.0,168.1,267.8,53.00,-723.94,0.000000,0.000000,0,1,7.40
374729,0.00,-0.02,0.10,-0.12,0.06,0.12,2.0,168.1,267.8,53.01,-724.37,0.000000,0.000000,0,1,7.40
374933,-0.00,-0.01,0.10,0.00,-0.06,0.06,2.0,168.1,267.8,53.02,-725.08,0.000000,0.000000,0,1,7.40
375137,-0.02,0.00,0.09,0.06,0.06,-0.06,2.0,168.1,267.8,53.02,-725.22,0.000000,0.000000,0,1,7.40
375341,-0.01,-0.05,0.11,0.00,0.06,0.00,2.0,168.1,267.8,53.02,-725.19,0.000000,0.000000,0,1,7.40
375545,-0.00,-0.03,0.11,0.06,0.00,-0.12,2.0,168.1,267.8,53.02,-725.32,0.000000,0.000000,0,1,7.40
375749,-0.00,-0.02,0.12,0.00,-0.06,0.00,2.0,168.1,267.8,53.02,-725.58,0.000000,0.000000,0,1,7.40
375953,-0.03,-0.01,0.10,0.00,0.18,-0.12,2.0,168.1,267.8,53.02,-725.45,0.000000,0.000000,0,1,7.40
376157,-0.00,-0.05,0.12,-0.06,-0.12,-0.06,2.0,168.1,267.8,53.02,-724.76,0.000000,0.000000,0,1,7.40
376362,-0.01,-0.01,0.09,-0.06,0.00,0.12,2.0,168.1,267.8,53.01,-724.56,0.000000,0.000000,0,1,7.36
376565,-0.00,-0.02,0.11,0.18,-0.06,0.18,2.0,168.1,267.8,53.01,-724.80,0.000000,0.000000,0,1,7.36
376769,-0.00,-0.03,0.12,-0.06,0.00,-0.06,2.0,168.1,267.8,53.02,-724.67,0.000000,0.000000,0,1,7.36
377075,-0.01,-0.01,0.12,-0.06,0.18,-0.25,2.0,168.1,267.8,53.01,-724.19,0.000000,0.000000,0,1,7.36
377279,-0.02,-0.02,0.11,-0.06,0.18,-0.06,2.0,168.1,267.8,53.01,-724.34,0.000000,0.000000,0,1,7.36
377483,-0.00,-0.05,0.11,0.00,-0.12,0.06,2.0,168.1,267.8,53.02,-724.92,0.000000,0.000000,0,1,7.38
377687,-0.01,-0.01,0.11,0.12,0.06,-0.06,2.0,168.1,267.8,53.01,-724.56,0.000000,0.000000,0,1,7.38
377891,-0.00,-0.02,0.11,-0.06,0.06,0.00,2.0,168.1,267.8,53.00,-724.07,0.000000,0.000000,0,1,7.38
378095,-0.00,-0.01,0.09,0.00,0.00,-0.06,2.0,168.1,267.8,53.00,-724.15,0.000000,0.000000,0,1,7.38
378299,-0.02,-0.01,0.09,-0.12,-0.06,0.00,2.0,168.1,267.8,53.01,-724.71,0.000000,0.000000,0,1,7.38
378503,0.00,-0.01,0.11,0.00,-0.12,0.00,2.0,168.1,267.8,53.01,-725.49,0.000000,0.000000,0,1,7.37
378707,-0.00,-0.00,0.11,-0.18,0.00,0.00,2.0,168.1,267.8,53.03,-726.37,0.000000,0.000000,0,1,7.37
378911,0.00,-0.01,0.10,0.00,0.31,0.00,2.0,168.1,267.8,53.04,-726.80,0.000000,0.000000,0,1,7.37
379115,-0.01,-0.00,0.09,0.06,0.06,0.06,2.0,168.1,267.8,53.04,-726.30,0.000000,0.000000,0,1,7.37
379319,-0.00,-0.07,0.12,0.00,0.00,0.12,2.0,168.1,267.8,53.03,-725.80,0.000000,0.000000,0,1,7.37
379523,0.00,-0.02,0.11,-0.12,-0.06,0.06,2.0,168.1,267.8,53.04,-726.31,0.000000,0.000000,0,1,7.38
379727,-0.03,-0.03,0.12,0.18,-0.06,0.06,2.0,168.1,267.8,53.04,-726.94,0.000000,0.000000,0,1,7.38
379931,-0.00,0.00,0.09,-0.06,-0.12,0.18,2.0,168.1,267.8,53.05,-727.34,0.000000,0.000000,0,1,7.38
380237,-0.02,-0.02,0.13,0.18,0.12,-0.18,2.0,168.1,267.8,53.04,-726.07,0.000000,0.000000,0,1,7.38
380441,0.00,-0.03,0.12,0.12,-0.06,0.12,2.0,168.1,267.8,53.04,-725.80,0.000000,0.000000,0,1,7.37
380645,-0.02,-0.05,0.11,0.00,0.00,0.00,2.0,168.1,267.8,53.04,-725.53,0.000000,0.000000,0,1,7.37
380849,-0.01,-0.02,0.10,0.12,0.06,0.06,2.0,168.1,267.8,53.04,-725.54,0.000000,0.000000,0,1,7.37
381053,-0.00,-0.02,0.11,-0.06,-0.12,0.00,2.0,168.1,267.8,53.03,-724.63,0.000000,0.000000,0,1,7.37
381257,-0.02,-0.00,0.11,0.00,-0.06,-0.06,2.0,168.1,267.8,53.03,-724.83,0.000000,0.000000,0,1,7.37
381461,0.00,-0.07,0.11,0.00,-0.06,0.06,2.0,168.1,267.8,53.03,-725.45,0.000000,0.000000,0,1,7.41
381665,-0.01,-0.01,0.10,-0.06,0.06,0.06,2.0,168.1,267.8,53.05,-726.19,0.000000,0.000000,0,1,7.41
381869,-0.00,-0.02,0.11,0.12,0.00,-0.06,2.0,168.1,267.8,53.04,-725.11,0.000000,0.000000,0,1,7.41
382073,-0.01,0.00,0.11,-0.12,0.00,0.06,2.0,168.1,267.8,53.02,-723.60,0.000000,0.000000,0,1,7.41
382277,-0.00,-0.02,0.15,0.06,0.00,0.06,2.0,168.1,267.8,53.01,-723.94,0.000000,0.000000,0,1,7.41
382481,-0.00,-0.01,0.13,0.06,0.25,0.00,2.0,168.1,267.8,53.02,-725.05,0.000000,0.000000,0,1,7.36
382685,-0.00,-0.03,0.13,0.00,0.00,0.06,2.0,168.1,267.8,53.04,-726.14,0.000000,0.000000,0,1,7.36
382889,-0.01,-0.02,0.11,-0.06,-0.06,-0.06,2.0,168.1,267.8,53.05,-726.58,0.000000,0.000000,0,1,7.36
383093,-0.02,-0.02,0.10,0.12,-0.06,0.00,2.0,168.1,267.8,53.05,-725.96,0.000000,0.000000,0,1,7.36
383297,0.00,-0.02,0.10,-0.12,-0.06,0.18,2.0,168.1,267.8,53.04,-725.18,0.000000,0.000000,0,1,7.36
383603,0.00,-0.05,0.11,-0.31,-0.12,0.06,2.0,168.1,267.8,53.02,-724.30,0.000000,0.000000,0,1,7.36
383807,-0.01,-0.01,0.12,0.12,0.06,0.00,2.0,168.1,267.8,53.03,-725.46,0.000000,0.000000,0,1,7.36
384011,0.00,-0.03,0.09,0.06,-0.06,-0.06,2.0,168.1,267.8,53.05,-726.70,0.000000,0.000000,0,1,7.36
384215,0.00,-0.00,0.11,-0.06,-0.12,-0.12,2.0,168.1,267.8,53.06,-726.80,0.000000,0.000000,0,1,7.36
384419,-0.00,-0.03,0.10,0.06,0.00,-0.06,2.0,168.1,267.8,53.06,-726.40,0.000000,0.000000,0,1,7.36
384623,-0.02,-0.01,0.07,-0.06,0.06,0.06,2.0,168.1,267.8,53.05,-726.30,0.000000,0.000000,0,1,7.40
384827,0.00,-0.02,0.11,-0.12,0.06,0.00,2.0,168.1,267.8,53.06,-726.29,0.000000,0.000000,0,1,7.40
385031,0.00,-0.01,0.11,0.18,0.06,0.00,2.0,168.1,267.8,53.06,-726.62,0.000000,0.000000,0,1,7.40
385235,-0.01,-0.05,0.11,0.06,-0.12,-0.06,2.0,168.1,267.8,53.06,-727.17,0.000000,0.000000,0,1,7.40
385439,-0.00,-0.02,0.11,0.00,-0.06,-0.06,2.0,168.1,267.8,53.07,-727.54,0.000000,0.000000,0,1,7.40
385643,-0.01,-0.03,0.11,0.06,0.12,-0.12,2.0,168.1,267.8,53.07,-727.84,0.000000,0.000000,0,1,7.33
385847,0.00,-0.00,0.11,-0.06,0.06,-0.06,2.0,168.1,267.8,53.08,-727.96,0.000000,0.000000,0,1,7.33
386051,-0.01,-0.02,0.12,0.06,0.00,-0.06,2.0,168.1,267.8,53.08,-727.77,0.000000,0.000000,0,1,7.33
386255,-0.00,0.00,0.11,0.00,0.00,0.12,2.0,168.1,267.8,53.08,-727.81,0.000000,0.000000,0,1,7.33
386460,-0.00,-0.01,0.11,-0.12,-0.06,-0.12,2.0,168.1,267.8,53.08,-727.33,0.000000,0.000000,0,1,7.41
386663,-0.00,-0.05,0.12,-0.06,-0.18,0.06,2.0,168.1,267.8,53.06,-725.93,0.000000,0.000000,0,1,7.41
386969,-0.01,-0.01,0.11,0.12,0.25,-0.06,2.0,168.1,267.8,53.05,-725.69,0.000000,0.000000,0,1,7.41
387173,-0.00,-0.01,0.10,0.00,0.00,-0.06,2.0,168.1,267.8,53.06,-726.52,0.000000,0.000000,0,1,7.41
387377,-0.02,-0.05,0.11,0.06,0.00,0.06,2.0,168.1,267.8,53.07,-727.31,0.000000,0.000000,0,1,7.41
387581,-0.01,-0.02,0.11,-0.12,0.00,0.06,2.0,168.1,267.8,53.08,-728.10,0.000000,0.000000,0,1,7.40
387785,-0.00,-0.03,0.10,-0.06,-0.31,-0.06,2.0,168.1,267.8,53.09,-728.80,0.000000,0.000000,0,1,7.40
387989,-0.00,-0.02,0.13,0.06,0.00,0.06,2.0,168.1,267.8,53.10,-729.41,0.000000,0.000000,0,1,7.40
388193,-0.00,-0.03,0.10,-0.18,0.06,0.06,2.0,168.1,267.8,53.11,-729.78,0.000000,0.000000,0,1,7.40
388397,-0.01,-0.02,0.12,0.00,-0.06,0.00,2.0,168.1,267.8,53.12,-729.92,0.000000,0.000000,0,1,7.40
388601,-0.01,-0.00,0.12,-0.06,0.00,0.00,2.0,168.1,267.8,53.12,-730.15,0.000000,0.000000,0,1,7.30
388805,0.00,0.00,0.12,-0.06,0.00,0.12,2.0,168.1,267.8,53.12,-730.25,0.000000,0.000000,0,1,7.30
389009,-0.01,-0.03,0.12,0.18,-0.06,-0.18,2.0,168.1,267.8,53.12,-730.34,0.000000,0.000000,0,1,7.30
389213,-0.01,-0.02,0.10,0.06,0.12,-0.12,2.0,168.1,267.8,53.12,-729.81,0.000000,0.000000,0,1,7.30
389417,-0.01,-0.02,0.10,0.00,0.00,-0.06,2.0,168.1,267.8,53.12,-729.19,0.000000,0.000000,0,1,7.30
389621,-0.00,-0.00,0.10,-0.06,0.06,-0.06,2.0,168.1,267.8,53.11,-728.87,0.000000,0.000000,0,1,7.39
389825,-0.01,-0.07,0.11,0.12,-0.12,0.00,2.0,168.1,267.8,53.11,-729.05,0.000000,0.000000,0,1,7.39
390029,-0.01,-0.03,0.12,0.06,-0.06,-0.18,2.0,168.1,267.8,53.12,-729.20,0.000000,0.000000,0,1,7.39
390335,-0.00,-0.01,0.11,-0.06,0.06,0.00,2.0,168.1,267.8,53.12,-729.82,0.000000,0.000000,0,1,7.39
390539,-0.00,-0.09,0.10,-0.18,0.00,0.06,2.0,168.1,267.8,53.13,-729.86,0.000000,0.000000,0,1,7.36
390743,-0.00,-0.00,0.10,0.25,0.06,-0.18,2.0,168.1,267.8,53.13,-729.62,0.000000,0.000000,0,1,7.36
390947,-0.07,-0.02,0.15,0.00,0.00,-0.12,2.0,168.1,267.8,53.13,-729.24,0.000000,0.000000,0,1,7.36
391151,0.00,-0.00,0.13,0.00,0.06,-0.06,2.0,168.1,267.8,53.12,-728.85,0.000000,0.000000,0,1,7.36
391355,-0.05,-0.02,0.12,-0.18,0.12,-0.12,2.0,168.1,267.8,53.12,-728.54,0.000000,0.000000,0,1,7.36
391559,0.00,0.01,0.11,0.06,0.06,-0.06,2.0,168.1,267.8,53.12,-728.33,0.000000,0.000000,0,1,7.33
391763,-0.05,0.00,0.12,-0.18,0.00,-0.12,2.0,168.1,267.8,53.12,-728.74,0.000000,0.000000,0,1,7.33
391967,-0.02,-0.03,0.12,0.00,0.00,-0.06,2.0,168.1,267.8,53.13,-729.64,0.000000,0.000000,0,1,7.33
392171,0.00,-0.02,0.12,0.06,-0.12,-0.06,2.0,168.1,267.8,53.15,-730.71,0.000000,0.000000,0,1,7.33
392375,-0.00,-0.03,0.11,-0.12,0.18,0.12,2.0,168.1,267.8,53.16,-731.34,0.000000,0.000000,0,1,7.33
392579,-0.00,-0.01,0.10,0.00,0.06,0.00,2.0,168.1,267.8,53.17,-732.00,0.000000,0.000000,0,1,7.41
392783,-0.01,-0.05,0.11,0.06,0.12,0.06,2.0,168.1,267.8,53.18,-733.00,0.000000,0.000000,0,1,7.41
392987,-0.00,-0.01,0.11,-0.06,0.06,0.06,2.0,168.1,267.8,53.19,-733.42,0.000000,0.000000,0,1,7.41
393191,-0.00,-0.02,0.12,-0.06,-0.06,0.12,2.0,168.1,267.8,53.20,-733.80,0.000000,0.000000,0,1,7.41
393497,-0.00,-0.03,0.11,0.12,0.25,0.06,2.0,168.1,267.8,53.20,-734.17,0.000000,0.000000,0,1,7.41
393701,-0.00,-0.03,0.15,0.06,0.06,-0.06,2.0,168.1,267.8,53.21,-734.47,0.000000,0.000000,0,1,7.35
393905,-0.00,-0.01,0.11,-0.06,0.12,0.06,2.0,168.1,267.8,53.21,-734.46,0.000000,0.000000,0,1,7.35
394109,0.00,-0.03,0.11,0.00,0.18,-0.06,2.0,168.1,267.8,53.21,-734.54,0.000000,0.000000,0,1,7.35
394313,-0.02,-0.02,0.10,-0.06,-0.25,-0.06,2.0,168.1,267.8,53.22,-734.76,0.000000,0.000000,0,1,7.35
394517,-0.00,-0.07,0.11,0.00,-0.12,-0.06,2.0,168.1,267.8,53.22,-734.35,0.000000,0.000000,0,1,7.35
394721,0.00,-0.03,0.13,0.00,0.00,0.12,2.0,168.1,267.8,53.21,-734.07,0.000000,0.000000,0,1,7.34
394925,0.00,0.00,0.09,0.18,-0.12,0.12,2.0,168.1,267.8,53.21,-733.93,0.000000,0.000000,0,1,7.34
395129,-0.00,-0.02,0.11,0.06,0.00,0.12,2.0,168.1,267.8,53.21,-733.64,0.000000,0.000000,0,1,7.34
395333,-0.01,-0.03,0.10,-0.06,0.06,-0.06,2.0,168.1,267.8,53.21,-733.70,0.000000,0.000000,0,1,7.34
395537,-0.00,-0.03,0.13,0.00,0.12,0.00,2.0,168.1,267.8,53.21,-733.61,0.000000,0.000000,0,1,7.34
395741,-0.00,-0.00,0.11,0.06,0.12,-0.06,2.0,168.1,267.8,53.21,-733.76,0.000000,0.000000,0,1,7.34
395945,-0.02,-0.01,0.11,0.00,0.00,-0.06,2.0,168.1,267.8,53.22,-734.35,0.000000,0.000000,0,1,7.34
396149,0.00,-0.02,0.11,0.06,0.12,0.06,2.0,168.1,267.8,53.22,-734.08,0.000000,0.000000,0,1,7.34
396353,-0.02,-0.01,0.13,0.06,0.06,-0.06,2.0,168.1,267.8,53.21,-733.34,0.000000,0.000000,0,1,7.34
396558,-0.02,-0.02,0.11,0.06,0.12,0.06,2.0,168.1,267.8,53.21,-733.38,0.000000,0.000000,0,1,7.34
396863,-0.01,0.00,0.11,-0.06,0.12,0.06,2.0,168.1,267.8,53.21,-733.98,0.000000,0.000000,0,1,7.34
397067,0.00,-0.01,0.11,0.00,0.00,0.12,2.0,168.1,267.8,53.22,-733.93,0.000000,0.000000,0,1,7.34
397271,0.00,-0.01,0.11,-0.06,0.06,0.06,2.0,168.1,267.8,53.22,-733.67,0.000000,0.000000,0,1,7.34
397475,-0.02,-0.03,0.11,0.00,-0.12,-0.06,2.0,168.1,267.8,53.22,-734.19,0.000000,0.000000,0,1,7.34
397679,-0.02,-0.03,0.11,0.00,0.12,0.00,2.0,168.1,267.8,53.23,-734.81,0.000000,0.000000,0,1,7.39
397883,0.00,-0.05,0.11,-0.06,0.00,-0.06,2.0,168.1,267.8,53.24,-735.09,0.000000,0.000000,0,1,7.39
398087,-0.03,-0.01,0.11,0.12,0.12,0.00,2.0,168.1,267.8,53.24,-735.45,0.000000,0.000000,0,1,7.39
398291,-0.00,-0.02,0.13,-0.06,0.06,-0.06,2.0,168.1,267.8,53.25,-735.95,0.000000,0.000000,0,1,7.39
398495,0.00,-0.02,0.13,0.12,0.06,0.00,2.0,168.1,267.8,53.25,-736.22,0.000000,0.000000,0,1,7.39
398699,-0.02,-0.00,0.10,0.00,0.12,0.06,2.0,168.1,267.8,53.26,-736.32,0.000000,0.000000,0,1,7.38
398903,-0.00,-0.03,0.12,0.00,0.00,0.06,2.0,168.1,267.8,53.26,-736.75,0.000000,0.000000,0,1,7.38
399107,-0.02,-0.05,0.11,0.00,-0.06,0.06,2.0,168.1,267.8,53.27,-736.90,0.000000,0.000000,0,1,7.38
399311,-0.00,-0.02,0.12,0.12,0.00,0.06,2.0,168.1,267.8,53.27,-736.80,0.000000,0.000000,0,1,7.38
399515,-0.00,-0.02,0.11,0.06,-0.06,-0.06,2.0,168.1,267.8,53.26,-736.76,0.000000,0.000000,0,1,7.38
399719,-0.01,-0.01,0.11,0.12,-0.12,0.00,2.0,168.1,267.8,53.26,-736.76,0.000000,0.000000,0,1,7.30
399923,0.00,-0.01,0.10,0.06,-0.06,0.06,2.0,168.1,267.8,53.26,-736.84,0.000000,0.000000,0,1,7.30
400229,0.00,-0.05,0.11,0.00,-0.06,-0.06,2.0,168.1,267.8,53.27,-736.80,0.000000,0.000000,0,1,7.30
400433,-0.01,-0.03,0.11,0.12,-0.06,0.06,2.0,168.1,267.8,53.27,-736.77,0.000000,0.000000,0,1,7.30
400637,-0.00,-0.01,0.10,0.00,-0.06,0.12,2.0,168.1,267.8,53.27,-736.39,0.000000,0.000000,0,1,7.45
400841,-0.00,-0.01,0.10,-0.25,0.06,-0.06,2.0,168.1,267.8,53.27,-735.92,0.000000,0.000000,0,1,7.45
400943,-0.00,-0.02,0.11,0.00,0.06,0.00,2.0,168.1,267.8,53.27,-735.85,0.000000,0.000000,0,1,7.45
401249,-0.01,-0.02,0.12,-0.06,-0.06,0.06,2.0,168.1,267.8,53.27,-736.20,0.000000,0.000000,0,1,7.45
401453,-0.00,-0.03,0.11,0.06,0.06,0.06,2.0,168.1,267.8,53.27,-736.36,0.000000,0.000000,0,1,7.45
401657,-0.02,-0.01,0.11,0.00,-0.06,0.12,2.0,168.1,267.8,53.28,-736.69,0.000000,0.000000,0,1,7.33
401861,-0.00,-0.02,0.11,0.00,0.06,0.06,2.0,168.1,267.8,53.29,-737.57,0.000000,0.000000,0,1,7.33
402065,-0.01,-0.02,0.11,0.00,0.00,0.06,2.0,168.1,267.8,53.30,-737.92,0.000000,0.000000,0,1,7.33
402269,-0.00,-0.02,0.13,0.18,0.18,0.00,2.0,168.1,267.8,53.31,-738.48,0.000000,0.000000,0,1,7.33
402473,-0.01,-0.03,0.11,0.00,0.06,0.06,2.0,168.1,267.8,53.32,-738.56,0.000000,0.000000,0,1,7.33
402677,-0.01,-0.05,0.10,0.06,0.06,0.00,2.0,168.1,267.8,53.32,-738.27,0.000000,0.000000,0,1,7.34
402881,-0.01,-0.03,0.11,0.06,0.00,0.00,2.0,168.1,267.8,53.31,-737.51,0.000000,0.000000,0,1,7.34
403085,-0.00,-0.01,0.09,-0.06,0.00,0.06,2.0,168.1,267.8,53.29,-736.38,0.000000,0.000000,0,1,7.34
403391,0.00,-0.02,0.10,0.00,0.00,0.00,2.0,168.1,267.8,53.28,-735.82,0.000000,0.000000,0,1,7.34
403595,-0.01,-0.02,0.07,0.00,-0.12,-0.12,2.0,168.1,267.8,53.28,-736.35,0.000000,0.000000,0,1,7.34
403799,-0.00,-0.02,0.07,0.00,0.00,-0.06,2.0,168.1,267.8,53.29,-737.45,0.000000,0.000000,0,1,7.36
403901,-0.03,-0.02,0.11,-0.12,0.06,-0.12,2.0,168.1,267.8,53.30,-738.05,0.000000,0.000000,0,1,7.36
404105,-0.00,-0.03,0.12,0.00,-0.18,0.06,2.0,168.1,267.8,53.32,-738.93,0.000000,0.000000,0,1,7.36
404309,-0.02,-0.03,0.11,0.00,0.12,0.00,2.0,168.1,267.8,53.32,-739.04,0.000000,0.000000,0,1,7.36
404615,-0.00,-0.03,0.12,-0.12,-0.06,0.06,2.0,168.1,267.8,53.32,-737.84,0.000000,0.000000,0,1,7.36
404819,-0.02,-0.02,0.11,0.00,0.00,-0.12,2.0,168.1,267.8,53.31,-737.46,0.000000,0.000000,0,1,7.34
405023,-0.02,-0.01,0.13,-0.06,-0.18,0.06,2.0,168.1,267.8,53.31,-737.92,0.000000,0.000000,0,1,7.34
405227,-0.00,-0.01,0.12,0.06,-0.12,-0.12,2.0,168.1,267.8,53.32,-738.77,0.000000,0.000000,0,1,7.34
405431,0.00,-0.02,0.10,-0.06,0.06,0.00,2.0,168.1,267.8,53.33,-739.43,0.000000,0.000000,0,1,7.34
405635,-0.02,-0.02,0.13,0.06,0.12,-0.18,2.0,168.1,267.8,53.34,-739.54,0.000000,0.000000,0,1,7.34
405839,-0.00,-0.03,0.07,0.06,0.18,0.00,2.0,168.1,267.8,53.33,-738.76,0.000000,0.000000,0,1,7.36
406043,-0.00,-0.03,0.11,0.00,-0.12,0.06,2.0,168.1,267.8,53.32,-737.92,0.000000,0.000000,0,1,7.36
406247,-0.00,-0.01,0.07,0.00,0.18,-0.12,2.0,168.1,267.8,53.32,-737.22,0.000000,0.000000,0,1,7.36
406451,-0.00,-0.05,0.10,0.18,-0.12,-0.12,2.0,168.1,267.8,53.31,-736.53,0.000000,0.000000,0,1,7.36
406656,0.01,-0.07,0.09,-0.25,0.00,-0.06,2.0,168.1,267.8,53.29,-735.69,0.000000,0.000000,0,1,7.35
406859,-0.10,0.01,0.07,0.50,0.00,0.00,2.0,168.1,267.8,53.28,-735.02,0.000000,0.000000,0,1,7.35
407063,-0.05,0.00,0.15,-0.25,0.00,-0.06,2.0,168.1,267.8,53.28,-734.99,0.000000,0.000000,0,1,7.35
407267,-0.05,-0.05,0.07,0.12,-0.12,0.12,2.0,168.1,267.8,53.28,-735.47,0.000000,0.000000,0,1,7.35
407471,-0.02,0.00,0.13,-0.12,0.18,-0.31,2.0,168.1,267.8,53.29,-736.41,0.000000,0.000000,0,1,7.35
407777,0.00,-0.07,0.11,-0.06,-0.06,-0.12,2.0,168.1,267.8,53.31,-737.74,0.000000,0.000000,0,1,7.41
407981,-0.00,-0.05,0.11,-0.06,-0.06,0.00,2.0,168.1,267.8,53.32,-738.23,0.000000,0.000000,0,1,7.41
408185,-0.02,0.00,0.11,0.00,0.00,0.00,2.0,168.1,267.8,53.33,-738.55,0.000000,0.000000,0,1,7.41
408389,0.00,-0.01,0.13,0.18,-0.06,-0.12,2.0,168.1,267.8,53.34,-739.00,0.000000,0.000000,0,1,7.41
408593,-0.03,-0.00,0.11,-0.06,-0.06,-0.06,2.0,168.1,267.8,53.35,-739.71,0.000000,0.000000,0,1,7.41
408797,0.00,0.00,0.10,-0.12,0.06,-0.12,2.0,168.1,267.8,53.36,-740.55,0.000000,0.000000,0,1,7.41
409001,-0.03,0.01,0.12,-0.12,0.00,-0.12,2.0,168.1,267.8,53.37,-740.75,0.000000,0.000000,0,1,7.41
409205,-0.00,-0.01,0.07,-0.06,0.00,0.06,2.0,168.1,267.8,53.36,-739.78,0.000000,0.000000,0,1,7.41
409409,0.00,-0.03,0.11,0.18,0.18,-0.12,2.0,168.1,267.8,53.35,-738.96,0.000000,0.000000,0,1,7.41
409613,0.00,-0.03,0.11,0.12,-0.06,0.12,2.0,168.1,267.8,53.35,-739.36,0.000000,0.000000,0,1,7.41
409817,-0.01,-0.03,0.11,0.12,0.00,-0.06,2.0,168.1,267.8,53.37,-740.52,0.000000,0.000000,0,1,7.41
410021,-0.00,-0.00,0.11,0.06,0.00,-0.12,2.0,168.1,267.8,53.38,-741.53,0.000000,0.000000,0,1,7.41
410225,-0.02,-0.03,0.10,0.06,0.06,0.00,2.0,168.1,267.8,53.39,-741.47,0.000000,0.000000,0,1,7.41
410429,-0.01,-0.02,0.11,0.00,0.00,0.00,2.0,168.1,267.8,53.39,-741.83,0.000000,0.000000,0,1,7.41
410633,-0.01,-0.02,0.12,0.00,-0.06,-0.06,2.0,168.1,267.8,53.40,-742.35,0.000000,0.000000,0,1,7.41
410837,-0.01,-0.02,0.10,-0.06,-0.06,0.06,2.0,168.1,267.8,53.41,-742.80,0.000000,0.000000,0,1,7.38
411143,0.00,-0.05,0.11,-0.06,0.00,0.00,2.0,168.1,267.8,53.43,-743.84,0.000000,0.000000,0,1,7.38
411347,-0.00,-0.00,0.11,0.18,0.00,0.06,2.0,168.1,267.8,53.44,-744.84,0.000000,0.000000,0,1,7.38
411551,-0.01,-0.02,0.11,0.06,0.12,0.00,2.0,168.1,267.8,53.45,-745.58,0.000000,0.000000,0,1,7.38
411755,-0.02,-0.01,0.09,-0.06,0.00,0.00,2.0,168.1,267.8,53.46,-745.76,0.000000,0.000000,0,1,7.34
411959,0.00,-0.02,0.09,0.12,-0.06,0.12,2.0,168.1,267.8,53.46,-745.72,0.000000,0.000000,0,1,7.34
412163,0.00,-0.05,0.10,0.06,0.06,0.00,2.0,168.1,267.8,53.46,-745.59,0.000000,0.000000,0,1,7.34
412367,-0.00,-0.00,0.13,-0.12,-0.18,0.06,2.0,168.1,267.8,53.46,-745.39,0.000000,0.000000,0,1,7.34
412571,-0.03,-0.02,0.12,-0.06,0.00,0.00,2.0,168.1,267.8,53.46,-745.32,0.000000,0.000000,0,1,7.34
412775,-0.01,-0.05,0.12,-0.06,0.00,0.18,2.0,168.1,267.8,53.46,-745.48,0.000000,0.000000,0,1,7.36
412979,-0.00,-0.05,0.11,0.00,0.06,0.00,2.0,168.1,267.8,53.47,-745.71,0.000000,0.000000,0,1,7.36
413183,-0.00,-0.02,0.12,0.06,0.00,-0.06,2.0,168.1,267.8,53.47,-745.87,0.000000,0.000000,0,1,7.36
413387,-0.02,-0.02,0.11,-0.12,0.00,0.12,2.0,168.1,267.8,53.47,-745.99,0.000000,0.000000,0,1,7.36
413591,-0.02,-0.02,0.15,-0.06,0.00,-0.06,2.0,168.1,267.8,53.48,-746.32,0.000000,0.000000,0,1,7.36
413795,-0.00,-0.05,0.12,0.18,0.25,-0.06,2.0,168.1,267.8,53.49,-746.97,0.000000,0.000000,0,1,7.41
413999,-0.01,-0.05,0.11,0.25,0.06,-0.12,2.0,168.1,267.8,53.50,-747.74,0.000000,0.000000,0,1,7.41
414203,-0.01,-0.05,0.11,0.00,-0.25,0.00,2.0,168.1,267.8,53.50,-748.16,0.000000,0.000000,0,1,7.41
414509,-0.05,-0.03,0.13,-1.06,-0.18,-0.18,2.0,168.1,267.8,53.49,-746.51,0.000000,0.000000,0,1,7.41
414713,0.00,-0.03,0.09,0.31,0.18,-0.18,2.0,168.1,267.8,53.47,-744.42,0.000000,0.000000,0,1,7.41
414917,-0.02,-0.05,0.11,0.06,0.00,0.00,2.0,168.1,267.8,53.44,-742.40,0.000000,0.000000,0,1,7.39
415121,-0.01,-0.03,0.15,-0.06,-0.06,-0.12,2.0,168.1,267.8,53.41,-741.05,0.000000,0.000000,0,1,7.39
415325,0.00,-0.03,0.15,-0.12,-0.06,0.06,2.0,168.1,267.8,53.41,-741.89,0.000000,0.000000,0,1,7.39
415529,-0.02,0.00,0.11,0.00,-0.12,0.12,2.0,168.1,267.8,53.42,-742.74,0.000000,0.000000,0,1,7.39
415733,-0.02,-0.01,0.10,0.12,0.18,-0.06,2.0,168.1,267.8,53.44,-743.05,0.000000,0.000000,0,1,7.39
415937,0.00,-0.05,0.11,-0.06,0.00,0.25,2.0,168.1,267.8,53.44,-742.87,0.000000,0.000000,0,1,7.41
416141,-0.00,-0.02,0.11,-0.06,-0.06,0.25,2.0,168.1,267.8,53.43,-743.13,0.000000,0.000000,0,1,7.41
416345,-0.05,0.00,0.02,-0.12,0.87,1.12,2.0,168.3,267.8,53.44,-743.92,0.000000,0.000000,0,1,7.41
416651,0.05,0.03,0.11,1.75,1.25,0.06,2.6,168.7,268.3,53.47,-745.56,0.000000,0.000000,0,1,7.41
416855,-0.00,-0.00,0.13,0.12,-0.06,0.25,2.6,168.7,268.3,53.48,-746.09,0.000000,0.000000,0,1,7.33
417059,-0.01,-0.00,0.05,0.56,0.18,0.12,2.6,168.7,268.3,53.48,-746.20,0.000000,0.000000,0,1,7.33
417263,-0.01,-0.02,0.11,-0.37,0.06,0.18,2.6,168.7,268.3,53.49,-746.49,0.000000,0.000000,0,1,7.33
417467,-0.05,-0.02,0.10,-0.25,-0.25,0.00,2.6,168.7,268.3,53.50,-747.13,0.000000,0.000000,0,1,7.33
417671,-0.02,-0.01,0.11,-0.06,-0.25,0.06,2.6,168.7,268.3,53.51,-747.75,0.000000,0.000000,0,1,7.33
417875,-0.02,-0.05,0.11,-0.43,-0.25,0.18,2.6,168.7,268.3,53.51,-748.17,0.000000,0.000000,0,1,7.34
418079,-0.03,0.00,0.10,-0.18,-0.06,0.18,2.6,168.7,268.3,53.52,-748.30,0.000000,0.000000,0,1,7.34
418283,-0.00,-0.03,0.11,0.12,0.00,0.06,2.6,168.8,268.3,53.52,-748.19,0.000000,0.000000,0,1,7.34
418487,-0.01,-0.01,0.07,0.18,0.06,0.06,2.6,168.8,268.3,53.52,-747.73,0.000000,0.000000,0,1,7.34
418691,-0.03,-0.03,0.10,0.06,0.00,0.06,2.6,168.8,268.3,53.51,-746.26,0.000000,0.000000,0,1,7.34
418895,-0.00,-0.01,0.10,0.31,0.00,0.06,2.6,168.8,268.3,53.49,-745.31,0.000000,0.000000,0,1,7.32
419099,-0.01,-0.02,0.11,-0.12,-0.12,0.18,2.6,168.8,268.3,53.48,-745.12,0.000000,0.000000,0,1,7.32
419303,-0.02,-0.03,0.13,-0.93,-0.31,-0.06,2.6,168.7,268.3,53.48,-744.61,0.000000,0.000000,0,1,7.32
419507,0.00,-0.01,0.09,-0.06,0.18,0.12,2.6,168.7,268.3,53.48,-744.70,0.000000,0.000000,0,1,7.32
419711,0.00,0.00,0.07,-0.31,0.06,0.06,2.6,168.7,268.3,53.48,-745.77,0.000000,0.000000,0,1,7.32
420017,-0.02,-0.00,0.12,-0.12,-0.12,0.00,2.6,168.7,268.3,53.51,-747.76,0.000000,0.000000,0,1,7.32
420221,-0.01,-0.02,0.10,0.18,0.06,0.00,2.6,168.7,268.3,53.53,-748.77,0.000000,0.000000,0,1,7.32
420425,-0.02,0.00,0.09,0.43,0.06,0.00,2.6,168.7,268.3,53.54,-749.22,0.000000,0.000000,0,1,7.32
420527,-0.01,-0.02,0.11,0.25,0.18,-0.12,2.6,168.7,268.3,53.54,-749.54,0.000000,0.000000,0,1,7.32
420731,-0.01,-0.01,0.15,0.00,0.18,-0.18,2.6,168.7,268.3,53.55,-750.20,0.000000,0.000000,0,1,7.32
421037,-0.03,-0.03,0.05,1.25,0.18,0.12,2.5,168.8,268.3,53.56,-750.63,0.000000,0.000000,0,1,7.36
421241,-0.01,0.00,0.00,2.50,0.56,0.31,2.5,168.8,268.3,53.56,-749.76,0.000000,0.000000,0,1,7.36
421445,-0.05,0.00,0.12,3.31,0.68,0.18,2.5,168.8,268.3,53.55,-749.13,0.000000,0.000000,0,1,7.36
421649,-0.03,0.00,0.09,0.06,-0.12,0.06,2.5,168.8,268.3,53.54,-749.04,0.000000,0.000000,0,1,7.36
421853,0.00,-0.00,0.11,0.06,0.00,0.06,2.5,168.8,268.3,53.53,-748.24,0.000000,0.000000,0,1,7.38
422057,-0.15,-0.01,0.22,-0.56,-0.37,-0.37,2.3,168.8,268.3,53.51,-746.92,0.000000,0.000000,0,1,7.38
422261,-0.02,0.00,0.12,-0.18,0.00,0.00,2.3,168.8,268.4,53.48,-744.71,0.000000,0.000000,0,1,7.38
422465,-0.09,-0.01,0.11,0.06,0.12,0.00,2.3,168.8,268.4,53.46,-744.16,0.000000,0.000000,0,1,7.38
422669,-0.07,0.02,0.12,-0.06,-0.12,-0.06,2.3,168.8,268.4,53.45,-743.28,0.000000,0.000000,0,1,7.38
422873,-0.01,0.00,0.10,-0.06,0.12,-0.06,2.3,168.8,268.4,53.43,-740.97,0.000000,0.000000,0,1,7.37
423077,-0.02,-0.05,0.11,0.12,-0.06,-0.06,2.3,168.8,268.4,53.41,-740.18,0.000000,0.000000,0,1,7.37
423383,-0.03,-0.03,0.11,-0.06,-0.12,0.06,2.3,168.8,268.4,53.42,-742.44,0.000000,0.000000,0,1,7.37
423485,0.00,-0.03,0.11,-0.06,-0.25,0.06,2.3,168.8,268.4,53.44,-743.36,0.000000,0.000000,0,1,7.37
423689,-0.01,0.00,0.11,0.00,-0.18,-0.06,2.3,168.8,268.4,53.46,-744.48,0.000000,0.000000,0,1,7.37
423893,-0.02,-0.01,0.11,0.12,0.25,0.00,2.3,168.8,268.4,53.47,-745.29,0.000000,0.000000,0,1,7.38
424097,-0.05,-0.05,0.09,0.18,0.06,0.00,2.3,168.8,268.4,53.48,-746.01,0.000000,0.000000,0,1,7.38
424403,-0.05,-0.00,0.11,-0.06,0.00,-0.06,2.3,168.8,268.4,53.48,-745.92,0.000000,0.000000,0,1,7.38
424607,-0.05,0.00,0.10,-0.06,0.12,0.00,2.3,168.8,268.4,53.49,-746.37,0.000000,0.000000,0,1,7.38
424811,-0.00,-0.00,0.11,0.00,0.06,-0.12,2.3,168.8,268.4,53.49,-746.19,0.000000,0.000000,0,1,7.38
425015,0.00,0.00,0.11,0.00,0.00,0.00,2.3,168.8,268.4,53.47,-744.02,0.000000,0.000000,0,1,7.36
425219,-0.05,0.00,0.07,0.31,0.00,0.00,2.3,168.8,268.4,53.44,-741.92,0.000000,0.000000,0,1,7.36
425423,-0.03,0.02,0.12,-0.56,-0.18,-0.18,2.3,168.8,268.4,53.43,-741.86,0.000000,0.000000,0,1,7.36
425627,0.05,-0.01,0.11,-0.12,0.00,0.06,2.3,168.8,268.4,53.43,-742.23,0.000000,0.000000,0,1,7.36
425831,0.00,0.00,0.07,0.31,0.06,-0.06,2.3,168.8,268.4,53.44,-743.04,0.000000,0.000000,0,1,7.36
426035,0.00,-0.02,0.12,-0.18,0.00,0.06,2.3,168.8,268.4,53.45,-744.08,0.000000,0.000000,0,1,7.40
426239,-0.05,-0.03,0.12,0.06,0.06,-0.12,2.3,168.8,268.4,53.47,-745.10,0.000000,0.000000,0,1,7.40
426443,0.00,-0.02,0.11,-0.37,0.06,0.06,2.3,168.8,268.4,53.48,-745.03,0.000000,0.000000,0,1,7.40
426647,-0.03,-0.03,0.05,0.50,0.00,0.00,2.3,168.8,268.4,53.47,-744.73,0.000000,0.000000,0,1,7.40
426852,-0.01,-0.07,0.13,-0.37,-0.12,0.06,2.3,168.8,268.4,53.47,-744.85,0.000000,0.000000,0,1,7.35
427055,0.00,-0.05,0.07,0.31,0.06,0.12,2.3,168.8,268.4,53.47,-744.62,0.000000,0.000000,0,1,7.35
427259,-0.00,-0.00,0.11,-0.43,-0.18,-0.12,2.3,168.8,268.4,53.47,-744.25,0.000000,0.000000,0,1,7.35
427463,-0.00,0.05,0.11,-0.31,-0.06,0.06,2.3,168.8,268.4,53.47,-744.63,0.000000,0.000000,0,1,7.35
427769,-0.09,-0.02,0.00,-0.68,0.00,0.00,2.3,168.8,268.4,53.49,-745.55,0.000000,0.000000,0,1,7.35
427973,0.00,-0.05,0.07,-0.06,-0.18,0.18,2.3,168.8,268.4,53.49,-745.81,0.000000,0.000000,0,1,7.39
428177,-0.03,-0.00,0.11,-0.06,-0.06,-0.06,2.3,168.8,268.4,53.49,-745.60,0.000000,0.000000,0,1,7.39
428381,-0.09,0.05,0.11,-0.37,-0.31,-0.56,2.3,168.8,268.4,53.49,-745.66,0.000000,0.000000,0,1,7.39
428585,-0.05,-0.00,0.11,-0.18,-0.12,0.06,2.3,168.8,268.4,53.50,-746.40,0.000000,0.000000,0,1,7.39
428789,-0.17,0.05,0.11,-0.12,-0.06,-0.12,2.3,168.8,268.4,53.51,-746.72,0.000000,0.000000,0,1,7.39
428993,0.00,-0.03,0.10,-0.06,0.00,-0.06,2.3,168.8,268.4,53.51,-746.57,0.000000,0.000000,0,1,7.36
429197,-0.00,0.00,0.11,-0.06,0.00,-0.12,2.3,168.8,268.4,53.52,-746.93,0.000000,0.000000,0,1,7.36
429401,-0.03,-0.02,0.09,-0.18,-0.06,-0.06,2.3,168.8,268.4,53.52,-747.20,0.000000,0.000000,0,1,7.36
429605,-0.05,-0.02,0.11,-0.12,-0.06,0.12,2.3,168.8,268.4,53.53,-747.41,0.000000,0.000000,0,1,7.36
429809,-0.03,0.00,0.11,-0.06,0.12,0.00,2.3,168.8,268.4,53.52,-747.20,0.000000,0.000000,0,1,7.36
430013,-0.01,-0.03,0.11,0.06,0.06,0.06,2.3,168.8,268.4,53.53,-746.89,0.000000,0.000000,0,1,7.34
430217,-0.01,0.00,0.07,0.00,0.25,-0.12,2.3,168.8,268.4,53.52,-746.44,0.000000,0.000000,0,1,7.34
430421,-0.02,-0.00,0.11,0.12,-0.12,0.06,2.3,168.8,268.4,53.51,-745.94,0.000000,0.000000,0,1,7.34
430625,-0.13,0.03,0.07,0.12,0.00,-0.06,2.3,168.8,268.4,53.50,-745.17,0.000000,0.000000,0,1,7.34
430931,0.01,-0.11,-0.03,2.37,0.50,0.50,2.3,168.8,268.4,53.49,-745.51,0.000000,0.000000,0,1,7.38
431135,0.00,-0.01,0.09,0.06,0.00,-0.06,2.3,168.8,268.3,53.47,-743.38,0.000000,0.000000,0,1,7.38
431339,-0.00,-0.00,0.11,-0.06,0.00,0.12,2.3,168.8,268.3,53.45,-742.31,0.000000,0.000000,0,1,7.38
431543,0.00,-0.00,0.07,0.06,0.06,0.00,2.3,168.8,268.3,53.42,-740.58,0.000000,0.000000,0,1,7.38
431747,-0.05,-0.02,0.10,0.18,0.12,0.00,2.3,168.8,268.3,53.39,-737.93,0.000000,0.000000,0,1,7.38
431951,-0.07,0.00,0.09,0.12,0.12,0.06,2.3,168.8,268.3,53.37,-737.34,0.000000,0.000000,0,1,7.33
432155,-0.00,-0.00,0.12,0.00,0.12,0.00,2.3,168.8,268.3,53.37,-737.51,0.000000,0.000000,0,1,7.33
432359,-0.05,0.00,0.13,0.18,0.00,0.00,2.3,168.8,268.3,53.36,-736.49,0.000000,0.000000,0,1,7.33
432563,0.00,0.00,0.11,0.68,0.18,0.06,2.3,168.8,268.3,53.35,-736.65,0.000000,0.000000,0,1,7.33
432767,-0.00,-0.00,0.15,-0.06,0.06,0.00,2.3,168.8,268.3,53.36,-737.54,0.000000,0.000000,0,1,7.33
432971,-0.02,-0.02,0.10,0.12,-0.06,-0.06,2.3,168.8,268.3,53.36,-737.88,0.000000,0.000000,0,1,7.37
433175,0.00,-0.01,0.10,0.18,-0.12,0.00,2.3,168.8,268.3,53.36,-737.23,0.000000,0.000000,0,1,7.37
433379,-0.01,-0.01,0.11,0.06,0.12,-0.06,2.3,168.8,268.3,53.34,-735.57,0.000000,0.000000,0,1,7.37
433583,-0.01,-0.02,0.15,-2.68,-0.37,-0.18,2.2,168.8,268.3,53.32,-734.30,0.000000,0.000000,0,1,7.37
433787,-0.00,-0.02,0.11,0.18,0.06,0.18,2.1,168.6,268.3,53.31,-733.81,0.000000,0.000000,0,1,7.37
433991,0.00,-0.00,0.12,0.81,0.12,0.31,2.1,168.7,268.3,53.30,-733.69,0.000000,0.000000,0,1,7.33
434297,-0.05,-0.10,0.11,0.43,-0.18,0.37,2.1,168.8,268.3,53.30,-734.54,0.000000,0.000000,0,1,7.33
434501,-0.00,0.00,0.11,-0.06,0.00,0.12,2.1,168.8,268.3,53.32,-735.76,0.000000,0.000000,0,1,7.33
434705,0.00,-0.05,0.07,0.06,-0.18,0.06,2.1,168.8,268.3,53.34,-737.55,0.000000,0.000000,0,1,7.33
434909,0.07,-0.09,0.07,0.06,0.06,-0.06,2.1,168.8,268.3,53.36,-738.69,0.000000,0.000000,0,1,7.33
435113,-0.09,-0.07,0.15,-1.25,-0.12,-0.43,2.1,168.8,268.3,53.37,-739.25,0.000000,0.000000,0,1,7.35
435317,-0.01,-0.07,0.10,-0.06,-0.18,-0.31,2.1,168.8,268.3,53.38,-740.02,0.000000,0.000000,0,1,7.35
435521,0.00,0.00,0.11,-0.12,0.00,0.12,2.1,168.8,268.3,53.39,-740.93,0.000000,0.000000,0,1,7.35
435725,-0.05,0.05,0.13,0.18,-0.06,-0.12,2.1,168.8,268.3,53.40,-740.88,0.000000,0.000000,0,1,7.35
435929,-0.01,0.00,0.10,-0.81,-0.18,0.18,2.1,168.8,268.3,53.39,-739.06,0.000000,0.000000,0,1,7.35
436133,-0.01,-0.00,0.13,0.06,0.00,0.12,2.1,168.8,268.3,53.37,-738.23,0.000000,0.000000,0,1,7.32
436337,0.00,0.00,0.11,0.00,0.00,0.00,2.1,168.8,268.3,53.38,-738.81,0.000000,0.000000,0,1,7.32
436541,-0.02,-0.01,0.11,-0.06,0.31,0.06,2.1,168.8,268.3,53.37,-738.24,0.000000,0.000000,0,1,7.32
436745,-0.03,0.00,0.11,0.06,0.31,0.06,2.1,168.8,268.3,53.36,-737.51,0.000000,0.000000,0,1,7.32
436950,-0.03,-0.02,0.12,-0.06,0.00,0.06,2.1,168.8,268.3,53.36,-737.26,0.000000,0.000000,0,1,7.41
437153,-0.02,0.00,0.12,-0.06,0.00,0.06,2.1,168.8,268.3,53.36,-738.06,0.000000,0.000000,0,1,7.41
437357,-0.00,-0.02,0.11,0.06,-0.06,-0.12,2.1,168.8,268.3,53.37,-739.22,0.000000,0.000000,0,1,7.41
437663,-0.00,-0.02,0.15,-0.12,0.06,0.00,2.1,168.8,268.3,53.40,-740.41,0.000000,0.000000,0,1,7.41
437867,-0.05,-0.03,0.10,0.12,0.00,-0.25,2.1,168.8,268.3,53.40,-740.39,0.000000,0.000000,0,1,7.41
438071,0.00,-0.01,0.10,-0.06,0.00,0.00,2.1,168.8,268.3,53.40,-740.43,0.000000,0.000000,0,1,7.37
438275,-0.02,-0.01,0.10,0.06,0.12,-0.18,2.1,168.8,268.3,53.41,-740.96,0.000000,0.000000,0,1,7.37
438479,-0.02,-0.00,0.11,-0.06,-0.06,-0.12,2.1,168.8,268.3,53.41,-741.33,0.000000,0.000000,0,1,7.37
438683,-0.05,-0.01,0.11,0.00,0.06,0.00,2.1,168.8,268.3,53.42,-741.96,0.000000,0.000000,0,1,7.37
438887,-0.02,0.00,0.09,-0.06,0.00,-0.06,2.1,168.8,268.3,53.42,-741.61,0.000000,0.000000,0,1,7.37
439091,-0.03,-0.02,0.11,0.00,-0.06,0.06,2.1,168.8,268.3,53.42,-741.49,0.000000,0.000000,0,1,7.33
439295,-0.01,-0.01,0.11,-0.06,-0.18,0.12,2.1,168.8,268.3,53.43,-741.36,0.000000,0.000000,0,1,7.33
439499,0.00,-0.03,0.12,-0.06,-0.06,0.12,2.1,168.8,268.3,53.42,-741.06,0.000000,0.000000,0,1,7.33
439703,-0.02,-0.00,0.10,0.00,0.06,-0.06,2.1,168.8,268.3,53.43,-742.00,0.000000,0.000000,0,1,7.33
439907,-0.01,-0.05,0.11,0.12,0.00,0.12,2.1,168.8,268.3,53.44,-742.61,0.000000,0.000000,0,1,7.33
440111,-0.01,0.02,0.15,0.00,0.00,0.18,2.1,168.8,268.3,53.44,-742.72,0.000000,0.000000,0,1,7.40
440315,-0.09,0.05,0.12,-0.18,-0.06,-0.12,2.1,168.8,268.3,53.44,-742.54,0.000000,0.000000,0,1,7.40
440519,0.07,0.01,0.11,0.06,0.18,-0.62,2.2,168.8,268.3,53.44,-742.66,0.000000,0.000000,0,1,7.40
440723,-0.10,0.05,0.11,-0.06,0.00,-0.37,2.1,168.8,268.3,53.45,-743.55,0.000000,0.000000,0,1,7.40
441029,-0.00,-0.03,0.11,0.00,0.12,-0.18,2.1,168.8,268.3,53.47,-744.85,0.000000,0.000000,0,1,7.40
441233,-0.03,-0.02,0.07,0.00,0.00,-0.25,2.1,168.8,268.3,53.49,-745.75,0.000000,0.000000,0,1,7.40
441437,0.00,-0.01,0.09,0.00,0.06,-0.12,2.1,168.8,268.3,53.49,-745.52,0.000000,0.000000,0,1,7.40
441641,0.00,-0.00,0.09,0.06,0.06,0.12,2.1,168.8,268.3,53.49,-745.08,0.000000,0.000000,0,1,7.40
441743,-0.03,-0.03,0.10,0.00,0.12,0.06,2.1,168.8,268.3,53.49,-745.20,0.000000,0.000000,0,1,7.40
442049,0.00,-0.01,0.11,0.00,-0.06,-0.06,2.1,168.8,268.3,53.48,-744.84,0.000000,0.000000,0,1,7.35
442253,-0.01,-0.02,0.12,-0.06,0.31,0.00,2.1,168.8,268.3,53.48,-744.89,0.000000,0.000000,0,1,7.35
442457,-0.02,-0.00,0.11,0.00,-0.12,-0.06,2.1,168.8,268.3,53.49,-744.95,0.000000,0.000000,0,1,7.35
442661,0.00,-0.00,0.10,0.12,0.25,-0.06,2.1,168.8,268.3,53.49,-745.07,0.000000,0.000000,0,1,7.35
442865,-0.02,0.00,0.11,0.00,-0.12,-0.06,2.1,168.8,268.3,53.49,-744.76,0.000000,0.000000,0,1,7.35
443069,-0.00,-0.02,0.09,0.06,0.00,-0.06,2.1,168.8,268.3,53.49,-744.64,0.000000,0.000000,0,1,7.40
443273,0.00,-0.02,0.11,0.06,0.06,0.00,2.1,168.8,268.3,53.49,-744.63,0.000000,0.000000,0,1,7.40
443477,-0.01,-0.02,0.11,0.12,-0.12,0.06,2.1,168.8,268.3,53.49,-744.89,0.000000,0.000000,0,1,7.40
443681,-0.00,0.00,0.11,0.06,-0.12,-0.06,2.1,168.8,268.3,53.50,-745.25,0.000000,0.000000,0,1,7.40
443885,-0.00,0.00,0.11,0.06,0.12,0.06,2.1,168.8,268.3,53.50,-745.70,0.000000,0.000000,0,1,7.40
444191,0.00,-0.01,0.15,-0.12,0.00,0.00,2.1,168.8,268.3,53.51,-746.73,0.000000,0.000000,0,1,7.36
444395,0.00,-0.02,0.11,-0.18,-0.12,0.18,2.1,168.8,268.3,53.52,-746.62,0.000000,0.000000,0,1,7.36
444599,-0.01,-0.01,0.10,-0.12,-0.06,-0.06,2.1,168.8,268.3,53.52,-746.29,0.000000,0.000000,0,1,7.36
444803,-0.02,-0.02,0.11,-0.06,0.06,0.06,2.1,168.8,268.3,53.51,-746.15,0.000000,0.000000,0,1,7.36
445007,-0.01,-0.03,0.13,-0.06,0.00,-0.18,2.1,168.8,268.3,53.52,-746.54,0.000000,0.000000,0,1,7.36
445211,-0.00,-0.00,0.11,0.12,0.12,0.00,2.1,168.8,268.3,53.52,-746.72,0.000000,0.000000,0,1,7.32
445415,-0.01,0.00,0.10,0.12,0.06,0.06,2.1,168.8,268.3,53.52,-746.00,0.000000,0.000000,0,1,7.32
445619,0.00,-0.05,0.13,-0.31,0.00,-0.06,2.1,168.8,268.3,53.51,-745.82,0.000000,0.000000,0,1,7.32
445823,-0.07,0.07,0.09,-0.25,-0.12,-0.31,2.1,168.8,268.3,53.51,-745.81,0.000000,0.000000,0,1,7.32
446027,-0.07,0.01,0.09,-0.06,-0.12,-0.31,2.1,168.8,268.3,53.51,-745.74,0.000000,0.000000,0,1,7.32
446231,-0.00,0.00,0.11,0.00,0.06,-0.06,2.1,168.8,268.3,53.51,-745.77,0.000000,0.000000,0,1,7.32
446435,-0.00,-0.05,0.10,0.00,-0.06,0.12,2.1,168.8,268.3,53.51,-746.06,0.000000,0.000000,0,1,7.32
446639,-0.00,0.00,0.12,0.00,-0.06,0.06,2.1,168.8,268.3,53.52,-746.32,0.000000,0.000000,0,1,7.32
446843,-0.02,-0.00,0.11,0.12,-0.06,0.00,2.1,168.8,268.3,53.52,-746.54,0.000000,0.000000,0,1,7.32
447048,-0.00,-0.02,0.11,0.00,0.00,-0.12,2.1,168.8,268.3,53.53,-746.47,0.000000,0.000000,0,1,7.32
447251,0.00,0.00,0.11,0.06,-0.12,0.06,2.1,168.8,268.3,53.52,-746.31,0.000000,0.000000,0,1,7.32
447557,0.00,-0.01,0.09,0.12,0.06,0.00,2.1,168.8,268.3,53.52,-746.02,0.000000,0.000000,0,1,7.32
447761,0.00,-0.00,0.12,0.00,-0.18,-0.06,2.1,168.8,268.3,53.53,-746.37,0.000000,0.000000,0,1,7.32
447965,0.05,-0.15,0.09,0.25,-0.06,0.00,2.1,168.8,268.3,53.53,-746.58,0.000000,0.000000,0,1,7.32
448169,0.00,-0.07,0.10,-0.12,0.00,-0.12,2.1,168.8,268.3,53.53,-745.94,0.000000,0.000000,0,1,7.39
448373,0.00,0.00,0.10,0.00,0.06,0.06,2.1,168.8,268.3,53.52,-745.45,0.000000,0.000000,0,1,7.39
448577,-0.02,-0.02,0.07,-0.18,-0.12,-0.12,2.1,168.8,268.3,53.52,-745.54,0.000000,0.000000,0,1,7.39
448781,-0.05,0.00,0.12,-0.25,0.00,-0.06,2.1,168.8,268.3,53.52,-745.86,0.000000,0.000000,0,1,7.39
448985,-0.00,0.00,0.12,-0.06,-0.06,0.00,2.1,168.8,268.3,53.53,-746.45,0.000000,0.000000,0,1,7.39
449189,-0.05,0.03,0.09,-0.06,0.18,-0.37,2.1,168.8,268.3,53.54,-747.42,0.000000,0.000000,0,1,7.33
449393,-0.00,0.00,0.09,0.06,0.00,0.06,2.1,168.8,268.3,53.55,-748.17,0.000000,0.000000,0,1,7.33
449597,-0.03,0.00,0.11,-0.31,0.12,0.25,2.1,168.8,268.3,53.55,-747.81,0.000000,0.000000,0,1,7.33
449801,-0.02,-0.01,0.10,-0.18,0.06,0.06,2.1,168.8,268.3,53.55,-746.92,0.000000,0.000000,0,1,7.33
450005,-0.00,0.00,0.12,-0.06,-0.06,-0.06,2.1,168.8,268.3,53.54,-746.93,0.000000,0.000000,0,1,7.33
450209,-0.03,-0.01,0.10,0.00,0.00,0.00,2.1,168.8,268.3,53.55,-747.79,0.000000,0.000000,0,1,7.31
450413,0.00,-0.03,0.11,0.00,0.12,-0.06,2.1,168.8,268.3,53.56,-748.63,0.000000,0.000000,0,1,7.31
450617,-0.01,-0.00,0.15,0.06,0.12,0.00,2.1,168.8,268.3,53.58,-749.50,0.000000,0.000000,0,1,7.31
450923,-0.00,0.00,0.09,-0.06,0.12,0.00,2.1,168.8,268.3,53.59,-750.44,0.000000,0.000000,0,1,7.31
451127,-0.00,-0.03,0.13,0.00,-0.18,0.00,2.1,168.8,268.3,53.60,-750.76,0.000000,0.000000,0,1,7.37
451331,-0.02,-0.01,0.12,0.06,-0.12,0.00,2.1,168.8,268.3,53.60,-750.76,0.000000,0.000000,0,1,7.37
451535,0.00,-0.00,0.12,0.00,0.06,0.12,2.1,168.8,268.3,53.60,-750.38,0.000000,0.000000,0,1,7.37
451739,-0.00,-0.03,0.11,0.00,-0.18,0.06,2.1,168.8,268.3,53.60,-750.39,0.000000,0.000000,0,1,7.37
451943,-0.01,0.00,0.10,-0.18,0.00,0.00,2.1,168.8,268.3,53.60,-750.83,0.000000,0.000000,0,1,7.37
452147,0.00,-0.02,0.11,0.06,0.18,0.06,2.1,168.8,268.3,53.61,-751.10,0.000000,0.000000,0,1,7.38
452351,-0.00,-0.00,0.11,0.00,0.06,0.00,2.1,168.8,268.3,53.61,-751.20,0.000000,0.000000,0,1,7.38
452555,-0.00,-0.03,0.11,0.12,0.12,0.06,2.1,168.8,268.3,53.61,-751.01,0.000000,0.000000,0,1,7.38
452759,-0.01,-0.01,0.11,0.06,0.12,0.00,2.1,168.8,268.3,53.60,-750.36,0.000000,0.000000,0,1,7.38
452963,-0.01,-0.03,0.09,0.00,-0.12,0.00,2.1,168.8,268.3,53.60,-750.53,0.000000,0.000000,0,1,7.38
453167,-0.01,0.00,0.11,-0.06,0.00,0.06,2.1,168.8,268.3,53.61,-750.94,0.000000,0.000000,0,1,7.38
453371,-0.01,-0.01,0.11,-0.12,0.06,0.00,2.1,168.8,268.3,53.61,-750.73,0.000000,0.000000,0,1,7.38
453575,0.00,-0.02,0.10,0.06,0.00,-0.06,2.1,168.8,268.3,53.60,-750.08,0.000000,0.000000,0,1,7.38
453779,-0.02,-0.00,0.11,-0.06,0.06,0.12,2.1,168.8,268.3,53.59,-749.24,0.000000,0.000000,0,1,7.38
453983,0.00,0.00,0.12,0.00,0.18,0.12,2.1,168.8,268.3,53.58,-749.27,0.000000,0.000000,0,1,7.38
454289,-0.03,-0.02,0.11,-0.12,0.18,0.00,2.1,168.8,268.3,53.59,-749.74,0.000000,0.000000,0,1,7.39
454493,0.00,-0.02,0.11,-0.12,-0.06,-0.12,2.1,168.8,268.3,53.59,-749.60,0.000000,0.000000,0,1,7.39
454697,-0.02,-0.02,0.11,-0.06,0.06,-0.06,2.1,168.8,268.3,53.59,-749.69,0.000000,0.000000,0,1,7.39
454901,-0.02,-0.00,0.07,-0.06,-0.12,0.00,2.1,168.8,268.3,53.60,-750.16,0.000000,0.000000,0,1,7.39
455105,0.00,-0.01,0.11,-0.12,0.00,0.06,2.1,168.8,268.3,53.60,-750.46,0.000000,0.000000,0,1,7.39
455309,-0.02,-0.01,0.11,0.06,0.06,0.00,2.1,168.8,268.3,53.61,-750.96,0.000000,0.000000,0,1,7.33
455513,0.00,-0.01,0.11,0.06,-0.06,-0.12,2.1,168.8,268.3,53.61,-750.91,0.000000,0.000000,0,1,7.33
455717,-0.00,-0.03,0.11,0.00,0.00,-0.12,2.1,168.8,268.3,53.61,-750.73,0.000000,0.000000,0,1,7.33
455921,0.00,-0.01,0.12,0.06,0.18,-0.06,2.1,168.8,268.3,53.61,-750.80,0.000000,0.000000,0,1,7.33
456125,0.00,0.00,0.11,0.12,0.06,-0.12,2.1,168.8,268.3,53.62,-751.49,0.000000,0.000000,0,1,7.33
456329,-0.01,-0.01,0.12,0.06,-0.06,0.06,2.1,168.8,268.3,53.62,-751.86,0.000000,0.000000,0,1,7.36
456533,-0.00,0.00,0.11,0.06,-0.12,0.00,2.1,168.8,268.3,53.62,-750.87,0.000000,0.000000,0,1,7.36
456737,-0.00,-0.00,0.11,0.06,0.00,-0.18,2.1,168.8,268.3,53.58,-746.31,0.000000,0.000000,0,1,7.36
456941,-0.02,-0.03,0.13,-0.06,-0.25,0.06,2.1,168.8,268.3,53.51,-741.19,0.000000,0.000000,0,1,7.36
457146,-0.00,0.00,0.09,0.06,0.00,0.00,2.1,168.8,268.3,53.47,-741.18,0.000000,0.000000,0,1,7.41
457451,-0.01,0.00,0.09,0.12,-0.12,-0.12,2.1,168.8,268.3,53.50,-744.09,0.000000,0.000000,0,1,7.41
457655,-0.00,-0.00,0.10,0.12,0.25,0.00,2.1,168.8,268.3,53.52,-745.04,0.000000,0.000000,0,1,7.41
457859,-0.00,-0.01,0.12,0.00,0.00,-0.06,2.1,168.8,268.3,53.53,-745.37,0.000000,0.000000,0,1,7.41
458063,-0.02,-0.02,0.09,0.00,-0.12,-0.06,2.1,168.8,268.3,53.54,-745.87,0.000000,0.000000,0,1,7.41
458267,-0.00,-0.00,0.11,-0.06,0.00,0.00,2.1,168.8,268.3,53.55,-746.63,0.000000,0.000000,0,1,7.33
458471,0.00,-0.02,0.11,0.06,-0.06,0.06,2.1,168.8,268.3,53.55,-747.29,0.000000,0.000000,0,1,7.33
458675,-0.00,-0.02,0.11,0.00,0.12,0.18,2.1,168.8,268.3,53.56,-747.62,0.000000,0.000000,0,1,7.33
458879,0.00,-0.00,0.10,0.00,-0.12,-0.06,2.1,168.8,268.3,53.57,-748.25,0.000000,0.000000,0,1,7.33
459083,-0.00,-0.01,0.10,0.06,0.06,0.00,2.1,168.8,268.3,53.57,-748.81,0.000000,0.000000,0,1,7.33
459287,-0.01,0.00,0.12,0.00,0.12,0.00,2.1,168.8,268.3,53.58,-749.22,0.000000,0.000000,0,1,7.36
459491,0.00,-0.03,0.07,-0.06,0.00,0.00,2.1,168.8,268.3,53.59,-749.36,0.000000,0.000000,0,1,7.36
459695,-0.02,-0.00,0.09,0.00,0.00,-0.12,2.1,168.8,268.3,53.59,-748.71,0.000000,0.000000,0,1,7.36
459899,-0.01,-0.01,0.09,0.06,0.18,0.06,2.1,168.8,268.3,53.57,-747.74,0.000000,0.000000,0,1,7.36
460103,-0.00,-0.02,0.11,0.00,0.06,-0.12,2.1,168.8,268.3,53.56,-746.52,0.000000,0.000000,0,1,7.36
460307,-0.01,-0.00,0.10,0.00,-0.12,0.00,2.1,168.8,268.3,53.52,-743.60,0.000000,0.000000,0,1,7.31
460511,-0.00,-0.03,0.12,0.06,-0.06,0.12,2.1,168.8,268.3,53.49,-741.29,0.000000,0.000000,0,1,7.31
460817,-0.00,-0.01,0.12,0.00,-0.06,0.00,2.1,168.8,268.3,53.45,-739.53,0.000000,0.000000,0,1,7.31
461021,-0.00,0.00,0.10,0.06,0.18,-0.06,2.1,168.8,268.3,53.44,-739.42,0.000000,0.000000,0,1,7.31
461225,-0.00,0.00,0.13,0.06,0.06,0.00,2.1,168.8,268.3,53.45,-740.74,0.000000,0.000000,0,1,7.41
461429,-0.00,0.00,0.13,-0.06,0.00,-0.06,2.1,168.8,268.3,53.46,-742.12,0.000000,0.000000,0,1,7.41
461633,-0.01,-0.00,0.11,0.12,0.00,0.18,2.1,168.8,268.3,53.47,-742.83,0.000000,0.000000,0,1,7.41
461837,0.00,-0.07,0.11,0.12,-0.18,0.25,2.1,168.8,268.3,53.47,-743.45,0.000000,0.000000,0,1,7.41
462041,0.00,-0.02,0.07,-0.18,-0.12,-0.12,2.1,168.8,268.3,53.48,-743.99,0.000000,0.000000,0,1,7.41
462245,-0.02,-0.03,0.11,0.00,0.18,-0.37,2.1,168.8,268.3,53.49,-744.56,0.000000,0.000000,0,1,7.38
462449,0.03,-0.05,0.10,0.06,0.00,0.18,2.1,168.8,268.3,53.50,-745.31,0.000000,0.000000,0,1,7.38
462653,-0.03,0.00,0.15,-0.87,-0.18,0.43,2.1,168.8,268.3,53.51,-745.65,0.000000,0.000000,0,1,7.38
462857,0.03,-0.00,0.15,-0.25,0.00,-0.18,2.1,168.8,268.3,53.52,-745.78,0.000000,0.000000,0,1,7.38
463061,-0.01,0.00,0.12,0.06,0.06,0.00,2.1,168.8,268.3,53.52,-746.28,0.000000,0.000000,0,1,7.38
463265,0.00,0.00,0.09,-0.06,0.12,-0.25,2.1,168.8,268.3,53.53,-746.68,0.000000,0.000000,0,1,7.36
463469,-0.05,-0.00,0.10,-0.06,0.06,-0.12,2.1,168.8,268.3,53.54,-747.06,0.000000,0.000000,0,1,7.36
463673,0.00,-0.01,0.11,0.00,0.18,0.00,2.1,168.8,268.3,53.55,-747.48,0.000000,0.000000,0,1,7.36
463877,-0.01,-0.07,0.10,-0.06,-0.18,-0.06,2.1,168.8,268.3,53.55,-747.71,0.000000,0.000000,0,1,7.36
464183,-0.01,-0.01,0.09,0.18,0.00,-0.06,2.1,168.8,268.3,53.54,-746.83,0.000000,0.000000,0,1,7.36
464387,0.00,-0.02,0.07,0.12,0.00,-0.37,2.1,168.8,268.3,53.54,-746.79,0.000000,0.000000,0,1,7.40
464591,-0.05,0.01,0.11,-0.06,-0.12,-0.18,2.1,168.8,268.3,53.55,-747.33,0.000000,0.000000,0,1,7.40
464795,0.05,-0.07,0.10,-0.06,-0.12,-0.12,2.1,168.8,268.3,53.55,-747.84,0.000000,0.000000,0,1,7.40
464999,-0.00,-0.02,0.12,0.06,-0.12,0.06,2.1,168.8,268.3,53.56,-748.27,0.000000,0.000000,0,1,7.40
465203,0.00,-0.01,0.13,0.00,-0.06,-0.06,2.1,168.8,268.3,53.57,-748.57,0.000000,0.000000,0,1,7.40
465407,0.00,-0.00,0.09,0.00,-0.12,0.06,2.1,168.8,268.3,53.57,-748.72,0.000000,0.000000,0,1,7.41
465611,0.00,-0.05,0.11,0.12,-0.12,0.25,2.1,168.8,268.3,53.58,-749.01,0.000000,0.000000,0,1,7.41
465815,-0.02,-0.01,0.11,-0.12,-0.25,0.00,2.1,168.8,268.3,53.59,-749.44,0.000000,0.000000,0,1,7.41
466019,0.00,-0.01,0.11,0.18,-0.06,0.00,2.1,168.8,268.3,53.60,-749.64,0.000000,0.000000,0,1,7.41
466223,-0.01,-0.01,0.07,0.12,-0.12,0.12,2.1,168.8,268.3,53.60,-749.38,0.000000,0.000000,0,1,7.41
466427,0.00,-0.01,0.10,-0.06,0.00,0.00,2.1,168.8,268.3,53.60,-749.05,0.000000,0.000000,0,1,7.37
466631,-0.01,-0.01,0.11,-0.06,0.06,0.06,2.1,168.8,268.3,53.60,-749.47,0.000000,0.000000,0,1,7.37
466835,-0.01,-0.01,0.13,0.00,0.00,0.00,2.1,168.8,268.3,53.61,-749.84,0.000000,0.000000,0,1,7.37
467039,0.00,-0.05,0.11,0.00,0.00,0.12,2.1,168.8,268.3,53.61,-749.65,0.000000,0.000000,0,1,7.37
467244,-0.05,0.00,0.12,-0.12,0.18,0.06,2.1,168.8,268.3,53.61,-750.08,0.000000,0.000000,0,1,7.34
467549,-0.00,0.11,0.15,0.37,0.00,0.06,2.1,168.8,268.3,53.62,-750.29,0.000000,0.000000,0,1,7.34
467753,-0.01,-0.09,0.11,0.31,0.06,-0.06,2.1,168.8,268.3,53.61,-749.84,0.000000,0.000000,0,1,7.34
467957,-0.02,-0.01,0.12,0.18,0.12,-0.12,2.1,168.8,268.3,53.61,-749.31,0.000000,0.000000,0,1,7.34
468161,-0.00,0.00,0.27,-0.12,0.12,-0.18,2.1,168.8,268.3,53.60,-749.07,0.000000,0.000000,0,1,7.34
468365,-0.15,0.00,-0.07,1.37,0.00,-0.68,2.1,168.8,268.2,53.60,-749.38,0.000000,0.000000,0,1,7.34
468569,0.05,0.05,0.10,-0.06,-0.12,-0.25,2.1,168.8,268.2,53.61,-750.12,0.000000,0.000000,0,1,7.34
468773,-0.02,-0.02,0.10,0.18,-0.25,0.18,2.1,168.8,268.2,53.62,-750.59,0.000000,0.000000,0,1,7.34
468977,0.00,-0.05,0.10,0.12,0.12,0.00,2.1,168.8,268.2,53.62,-750.42,0.000000,0.000000,0,1,7.34
469181,-0.00,0.00,0.13,-0.12,0.06,-0.18,2.1,168.8,268.2,53.62,-750.03,0.000000,0.000000,0,1,7.34
469385,-0.00,-0.02,0.11,0.00,0.00,0.00,2.1,168.8,268.2,53.62,-750.05,0.000000,0.000000,0,1,7.35
469589,-0.00,-0.05,0.07,0.06,0.06,0.06,2.1,168.8,268.2,53.62,-750.15,0.000000,0.000000,0,1,7.35
469793,0.00,-0.01,0.09,-0.06,-0.12,0.06,2.1,168.8,268.2,53.62,-750.32,0.000000,0.000000,0,1,7.35
469997,-0.00,-0.02,0.09,-0.06,0.12,0.00,2.1,168.8,268.2,53.63,-750.43,0.000000,0.000000,0,1,7.35
470201,-0.02,-0.01,0.13,0.12,-0.06,0.06,2.1,168.8,268.2,53.63,-750.86,0.000000,0.000000,0,1,7.35
470405,-0.00,-0.03,0.10,0.00,0.12,-0.06,2.1,168.8,268.2,53.64,-751.31,0.000000,0.000000,0,1,7.36
470711,-0.01,-0.00,0.10,0.06,0.12,-0.12,2.1,168.8,268.2,53.63,-750.40,0.000000,0.000000,0,1,7.36
470915,-0.00,-0.01,0.09,0.00,0.06,0.12,2.1,168.8,268.2,53.62,-749.91,0.000000,0.000000,0,1,7.36
471119,0.00,-0.01,0.07,0.06,0.06,0.00,2.1,168.8,268.2,53.62,-749.52,0.000000,0.000000,0,1,7.36
471323,-0.00,-0.00,0.11,0.06,-0.06,0.12,2.1,168.8,268.2,53.61,-748.91,0.000000,0.000000,0,1,7.37
471527,-0.00,-0.01,0.11,0.06,-0.06,0.00,2.1,168.8,268.2,53.60,-748.93,0.000000,0.000000,0,1,7.37
471731,-0.00,-0.02,0.11,-0.06,0.18,-0.18,2.1,168.8,268.2,53.60,-748.86,0.000000,0.000000,0,1,7.37
471935,-0.00,-0.02,0.10,0.12,-0.12,0.06,2.1,168.8,268.2,53.59,-748.33,0.000000,0.000000,0,1,7.37
472139,-0.00,-0.01,0.10,-0.12,0.06,-0.06,2.1,168.8,268.2,53.59,-748.59,0.000000,0.000000,0,1,7.37
472343,0.00,0.00,0.11,0.00,0.00,0.12,2.1,168.8,268.2,53.60,-749.30,0.000000,0.000000,0,1,7.41
472547,-0.01,-0.00,0.11,-0.06,0.06,0.06,2.1,168.8,268.2,53.61,-749.79,0.000000,0.000000,0,1,7.41
472751,0.00,-0.01,0.12,0.12,0.00,0.00,2.1,168.8,268.2,53.60,-749.15,0.000000,0.000000,0,1,7.41
472955,-0.01,-0.01,0.10,0.00,0.06,0.00,2.1,168.8,268.2,53.58,-747.44,0.000000,0.000000,0,1,7.41
473159,0.00,-0.01,0.10,0.12,0.25,0.00,2.1,168.8,268.2,53.57,-746.61,0.000000,0.000000,0,1,7.41
473363,-0.01,-0.01,0.11,0.06,-0.06,0.06,2.1,168.8,268.2,53.56,-745.76,0.000000,0.000000,0,1,7.34
473567,-0.02,-0.00,0.11,0.00,0.12,-0.12,2.1,168.8,268.2,53.55,-746.03,0.000000,0.000000,0,1,7.34
473771,0.00,-0.02,0.11,-0.12,0.06,0.18,2.1,168.8,268.2,53.55,-746.05,0.000000,0.000000,0,1,7.34
474077,0.00,-0.01,0.11,0.06,-0.12,0.00,2.1,168.8,268.2,53.55,-745.54,0.000000,0.000000,0,1,7.34
474281,-0.00,-0.02,0.11,0.12,0.12,0.00,2.1,168.8,268.2,53.55,-745.85,0.000000,0.000000,0,1,7.34
474485,-0.00,-0.00,0.10,0.06,-0.12,0.00,2.1,168.8,268.2,53.55,-745.88,0.000000,0.000000,0,1,7.34
474689,0.00,-0.00,0.12,0.06,0.12,0.06,2.1,168.8,268.2,53.55,-746.55,0.000000,0.000000,0,1,7.34
474893,0.00,0.00,0.13,-0.12,0.06,-0.06,2.1,168.8,268.2,53.56,-747.16,0.000000,0.000000,0,1,7.34
475097,0.00,-0.05,0.11,0.00,-0.06,0.12,2.1,168.8,268.2,53.56,-746.11,0.000000,0.000000,0,1,7.34
475301,-0.02,-0.01,0.07,0.12,0.25,-0.06,2.1,168.8,268.2,53.54,-744.67,0.000000,0.000000,0,1,7.34
475505,-0.01,0.00,0.11,0.06,-0.06,-0.06,2.1,168.8,268.2,53.53,-744.38,0.000000,0.000000,0,1,7.39
475709,-0.02,-0.01,0.11,-0.06,0.00,0.12,2.1,168.8,268.2,53.53,-744.15,0.000000,0.000000,0,1,7.39
475913,0.00,-0.05,0.11,0.18,-0.06,0.00,2.1,168.8,268.2,53.53,-744.47,0.000000,0.000000,0,1,7.39
476117,-0.02,-0.00,0.12,0.06,0.06,-0.06,2.1,168.8,268.2,53.54,-745.57,0.000000,0.000000,0,1,7.39
476321,0.00,0.00,0.09,0.12,-0.06,0.06,2.1,168.8,268.2,53.55,-746.34,0.000000,0.000000,0,1,7.39
476525,-0.00,-0.00,0.11,0.12,-0.12,0.00,2.1,168.8,268.2,53.56,-747.29,0.000000,0.000000,0,1,7.30
476729,-0.01,0.00,0.11,0.12,0.25,-0.06,2.1,168.8,268.2,53.57,-747.84,0.000000,0.000000,0,1,7.30
476933,-0.01,0.00,0.11,0.00,0.06,-0.12,2.1,168.8,268.2,53.58,-748.08,0.000000,0.000000,0,1,7.30
477137,0.00,-0.01,0.10,0.12,-0.06,-0.18,2.1,168.8,268.2,53.58,-748.12,0.000000,0.000000,0,1,7.30
477443,-0.03,-0.01,0.11,0.00,0.12,0.00,2.1,168.8,268.2,53.58,-748.09,0.000000,0.000000,0,1,7.40
477647,-0.00,-0.02,0.11,0.00,0.06,-0.06,2.1,168.8,268.2,53.58,-748.13,0.000000,0.000000,0,1,7.40
477851,0.00,0.00,0.10,-0.12,-0.12,0.00,2.1,168.8,268.2,53.58,-748.36,0.000000,0.000000,0,1,7.40
478055,-0.01,-0.01,0.15,-0.06,-0.06,-0.06,2.1,168.8,268.2,53.58,-748.56,0.000000,0.000000,0,1,7.40
478259,0.00,-0.02,0.09,0.06,0.12,0.06,2.1,168.8,268.2,53.58,-748.40,0.000000,0.000000,0,1,7.40
478463,-0.00,0.00,0.10,-0.06,-0.31,0.18,2.1,168.8,268.2,53.58,-747.99,0.000000,0.000000,0,1,7.40
478667,-0.00,-0.02,0.12,0.06,-0.06,-0.12,2.1,168.8,268.2,53.57,-747.83,0.000000,0.000000,0,1,7.40
478871,0.00,-0.01,0.07,0.06,0.06,-0.06,2.1,168.8,268.2,53.58,-747.76,0.000000,0.000000,0,1,7.40
479075,0.00,-0.03,0.09,-0.06,0.06,-0.06,2.1,168.8,268.2,53.58,-747.71,0.000000,0.000000,0,1,7.40
479279,-0.01,-0.00,0.07,-0.12,0.06,0.12,2.1,168.8,268.2,53.58,-747.89,0.000000,0.000000,0,1,7.40
479483,0.00,0.00,0.12,0.06,-0.06,0.06,2.1,168.8,268.2,53.58,-748.09,0.000000,0.000000,0,1,7.33
479687,-0.00,-0.01,0.07,0.06,0.06,-0.06,2.1,168.8,268.2,53.58,-747.92,0.000000,0.000000,0,1,7.33
479891,-0.00,-0.03,0.09,0.00,0.00,0.06,2.1,168.8,268.2,53.58,-747.62,0.000000,0.000000,0,1,7.33
480095,-0.00,0.00,0.17,-0.06,0.00,0.12,2.1,168.8,268.2,53.58,-747.51,0.000000,0.000000,0,1,7.33
480299,-0.02,-0.02,0.10,0.00,-0.12,0.06,2.1,168.8,268.2,53.57,-747.31,0.000000,0.000000,0,1,7.33
480503,0.00,0.00,0.15,-0.06,-0.06,0.06,2.1,168.8,268.2,53.57,-747.11,0.000000,0.000000,0,1,7.41
480809,0.00,0.00,0.11,0.06,0.06,0.00,2.1,168.8,268.2,53.57,-746.83,0.000000,0.000000,0,1,7.41
481013,-0.01,-0.02,0.13,0.00,0.06,0.06,2.1,168.8,268.2,53.56,-747.04,0.000000,0.000000,0,1,7.41
481217,0.00,0.00,0.12,0.00,-0.25,-0.06,2.1,168.8,268.2,53.56,-747.31,0.000000,0.000000,0,1,7.41
481319,-0.00,0.00,0.11,0.00,0.00,-0.12,2.1,168.8,268.2,53.57,-747.55,0.000000,0.000000,0,1,7.41
481523,0.00,-0.01,0.10,0.00,0.00,-0.06,2.1,168.8,268.2,53.57,-747.07,0.000000,0.000000,0,1,7.33
481829,-0.03,0.00,0.10,-0.31,-0.18,0.12,2.1,168.8,268.2,53.54,-745.72,0.000000,0.000000,0,1,7.33
482033,-0.00,0.00,0.10,0.00,-0.06,0.12,2.1,168.8,268.2,53.53,-745.42,0.000000,0.000000,0,1,7.33
482237,-0.01,-0.01,0.11,-0.12,0.00,0.12,2.1,168.8,268.2,53.52,-744.74,0.000000,0.000000,0,1,7.33
482441,-0.00,-0.02,0.10,0.00,0.25,0.06,2.1,168.8,268.2,53.50,-744.17,0.000000,0.000000,0,1,7.35
482645,-0.02,0.00,0.11,-0.06,0.31,-0.12,2.1,168.8,268.2,53.49,-743.43,0.000000,0.000000,0,1,7.35
482849,-0.00,-0.01,0.11,0.00,-0.12,0.12,2.1,168.8,268.2,53.48,-742.67,0.000000,0.000000,0,1,7.35
483053,-0.00,0.00,0.11,0.06,-0.06,0.06,2.1,168.8,268.2,53.46,-742.09,0.000000,0.000000,0,1,7.35
483257,-0.00,-0.01,0.11,0.06,0.00,0.18,2.1,168.8,268.2,53.46,-741.79,0.000000,0.000000,0,1,7.35
483461,-0.00,0.00,0.11,0.00,0.00,0.00,2.1,168.8,268.2,53.45,-741.21,0.000000,0.000000,0,1,7.38
483665,0.00,0.00,0.11,0.06,-0.06,-0.12,2.1,168.8,268.2,53.44,-740.82,0.000000,0.000000,0,1,7.38
483971,-0.01,-0.02,0.07,0.00,-0.12,0.06,2.1,168.8,268.2,53.45,-741.74,0.000000,0.000000,0,1,7.38
484073,-0.02,-0.01,0.11,0.00,-0.12,0.18,2.1,168.8,268.2,53.45,-741.96,0.000000,0.000000,0,1,7.38
484277,-0.01,-0.01,0.10,0.12,-0.25,-0.06,2.1,168.8,268.2,53.46,-741.34,0.000000,0.000000,0,1,7.38
484481,-0.00,0.00,0.09,0.06,0.00,0.06,2.1,168.8,268.2,53.44,-739.95,0.000000,0.000000,0,1,7.37
484685,-0.00,-0.02,0.10,0.06,-0.12,-0.06,2.1,168.8,268.2,53.42,-739.11,0.000000,0.000000,0,1,7.37
484889,-0.00,0.01,0.11,0.00,0.18,-0.12,2.1,168.8,268.2,53.42,-739.08,0.000000,0.000000,0,1,7.37
485195,-0.00,0.00,0.12,0.00,0.25,-0.12,2.1,168.8,268.2,53.42,-739.02,0.000000,0.000000,0,1,7.37
485399,0.00,-0.00,0.09,0.00,-0.06,-0.06,2.1,168.8,268.2,53.42,-739.36,0.000000,0.000000,0,1,7.37
485603,-0.00,-0.01,0.11,0.18,0.06,-0.06,2.1,168.8,268.2,53.42,-739.45,0.000000,0.000000,0,1,7.41
485807,0.00,-0.00,0.11,0.18,0.00,-0.12,2.1,168.8,268.2,53.42,-739.49,0.000000,0.000000,0,1,7.41
486011,0.00,-0.00,0.11,0.12,0.06,-0.12,2.1,168.8,268.2,53.42,-739.03,0.000000,0.000000,0,1,7.41
486215,-0.01,-0.01,0.10,0.12,0.12,-0.06,2.1,168.8,268.2,53.40,-737.51,0.000000,0.000000,0,1,7.41
486419,0.00,-0.01,0.09,0.00,0.06,0.12,2.1,168.8,268.2,53.38,-736.24,0.000000,0.000000,0,1,7.41
486623,-0.03,0.00,0.12,-0.12,0.00,0.00,2.1,168.8,268.2,53.37,-735.29,0.000000,0.000000,0,1,7.41
486827,0.00,0.00,0.11,-0.06,0.00,0.00,2.1,168.8,268.2,53.36,-734.75,0.000000,0.000000,0,1,7.41
487031,-0.01,0.00,0.10,-0.12,0.25,0.25,2.1,168.8,268.2,53.35,-734.55,0.000000,0.000000,0,1,7.41
487337,0.00,-0.01,0.11,-0.06,0.00,-0.06,2.1,168.8,268.2,53.36,-735.41,0.000000,0.000000,0,1,7.41
487541,-0.01,-0.00,0.10,-0.06,0.00,0.00,2.1,168.8,268.2,53.37,-735.98,0.000000,0.000000,0,1,7.39
487643,-0.00,-0.02,0.11,0.06,0.06,-0.06,2.1,168.8,268.2,53.38,-736.28,0.000000,0.000000,0,1,7.39
487847,-0.00,-0.01,0.10,0.06,0.25,0.12,2.1,168.8,268.2,53.38,-736.65,0.000000,0.000000,0,1,7.39
488051,-0.02,0.00,0.11,0.00,0.06,-0.12,2.1,168.8,268.2,53.38,-736.62,0.000000,0.000000,0,1,7.39
488357,-0.00,-0.00,0.11,-0.06,0.00,0.06,2.1,168.8,268.2,53.38,-736.06,0.000000,0.000000,0,1,7.39
488561,-0.01,-0.01,0.12,0.06,0.00,0.06,2.1,168.8,268.2,53.38,-736.34,0.000000,0.000000,0,1,7.38
488765,0.00,-0.01,0.11,0.06,-0.06,0.12,2.1,168.8,268.2,53.38,-736.42,0.000000,0.000000,0,1,7.38
488969,-0.00,-0.02,0.11,-0.06,-0.06,-0.06,2.1,168.8,268.2,53.38,-736.19,0.000000,0.000000,0,1,7.38
489173,-0.01,0.00,0.11,0.00,0.00,0.00,2.1,168.8,268.2,53.38,-735.80,0.000000,0.000000,0,1,7.38
489377,-0.02,-0.01,0.10,-0.06,0.00,0.06,2.1,168.8,268.2,53.37,-735.18,0.000000,0.000000,0,1,7.38
489581,-0.00,-0.03,0.12,0.12,0.00,0.00,2.1,168.8,268.2,53.37,-735.42,0.000000,0.000000,0,1,7.35
489785,-0.01,-0.00,0.07,-0.06,0.12,-0.12,2.1,168.8,268.2,53.37,-735.11,0.000000,0.000000,0,1,7.35
489989,0.00,-0.01,0.11,0.00,0.00,-0.06,2.1,168.8,268.2,53.36,-734.64,0.000000,0.000000,0,1,7.35
490193,-0.01,0.00,0.07,0.00,-0.12,0.00,2.1,168.8,268.2,53.36,-734.53,0.000000,0.000000,0,1,7.35
490397,-0.00,-0.03,0.11,0.00,0.06,-0.06,2.1,168.8,268.2,53.36,-735.38,0.000000,0.000000,0,1,7.35
490601,-0.03,0.00,0.09,0.00,0.06,0.12,2.1,168.8,268.2,53.37,-736.13,0.000000,0.000000,0,1,7.38
490805,-0.00,-0.00,0.09,-0.06,-0.06,0.06,2.1,168.8,268.2,53.38,-737.05,0.000000,0.000000,0,1,7.38
491009,-0.00,-0.00,0.11,0.06,0.06,-0.12,2.1,168.8,268.2,53.40,-737.83,0.000000,0.000000,0,1,7.38
491213,-0.00,-0.02,0.11,0.00,-0.06,-0.06,2.1,168.8,268.2,53.40,-737.91,0.000000,0.000000,0,1,7.38
491417,-0.00,0.00,0.11,-0.18,-0.06,-0.06,2.1,168.8,268.2,53.40,-737.68,0.000000,0.000000,0,1,7.38
491723,0.00,-0.00,0.10,-0.06,-0.25,-0.06,2.1,168.8,268.2,53.40,-736.72,0.000000,0.000000,0,1,7.40
491927,-0.02,-0.00,0.11,0.00,0.00,0.00,2.1,168.8,268.2,53.38,-736.06,0.000000,0.000000,0,1,7.40
492131,0.00,-0.01,0.11,0.18,0.00,-0.06,2.1,168.8,268.2,53.38,-735.48,0.000000,0.000000,0,1,7.40
492335,-0.01,-0.00,0.09,-0.06,0.06,0.00,2.1,168.8,268.2,53.37,-735.16,0.000000,0.000000,0,1,7.40
492539,-0.00,0.00,0.11,0.00,-0.25,0.00,2.1,168.8,268.2,53.37,-735.25,0.000000,0.000000,0,1,7.35
492743,-0.01,-0.01,0.11,-0.18,0.00,0.12,2.1,168.8,268.2,53.38,-735.96,0.000000,0.000000,0,1,7.35
492947,0.00,-0.03,0.10,0.00,0.00,0.00,2.1,168.8,268.2,53.38,-736.81,0.000000,0.000000,0,1,7.35
493151,-0.01,-0.00,0.11,-0.06,0.00,-0.12,2.1,168.8,268.2,53.40,-737.47,0.000000,0.000000,0,1,7.35
493355,0.00,-0.00,0.09,-0.12,0.06,-0.12,2.1,168.8,268.2,53.40,-737.21,0.000000,0.000000,0,1,7.35
493559,0.00,0.00,0.11,-0.06,0.00,0.06,2.1,168.8,268.2,53.40,-737.42,0.000000,0.000000,0,1,7.38
493763,-0.05,-0.01,0.10,0.12,0.00,-0.18,2.1,168.8,268.2,53.41,-737.52,0.000000,0.000000,0,1,7.38
493967,0.00,-0.00,0.11,0.06,0.12,-0.06,2.1,168.8,268.2,53.41,-737.53,0.000000,0.000000,0,1,7.38
494171,-0.02,0.00,0.10,0.06,-0.06,0.00,2.1,168.8,268.2,53.41,-737.66,0.000000,0.000000,0,1,7.38
494375,-0.00,-0.00,0.11,0.06,-0.06,-0.06,2.1,168.8,268.2,53.41,-737.96,0.000000,0.000000,0,1,7.38
494579,-0.00,0.00,0.12,-0.18,-0.06,0.06,2.1,168.8,268.2,53.41,-737.93,0.000000,0.000000,0,1,7.34
494783,-0.01,-0.03,0.11,0.06,0.31,-0.12,2.1,168.8,268.2,53.41,-737.90,0.000000,0.000000,0,1,7.34
495089,-0.00,-0.01,0.15,0.00,-0.12,0.12,2.1,168.8,268.2,53.42,-737.93,0.000000,0.000000,0,1,7.34
495293,-0.01,0.00,0.09,0.06,0.12,-0.12,2.1,168.8,268.2,53.41,-737.31,0.000000,0.000000,0,1,7.34
495497,-0.01,-0.02,0.10,0.00,-0.12,0.12,2.1,168.8,268.2,53.39,-735.35,0.000000,0.000000,0,1,7.34
495701,-0.02,-0.00,0.07,0.06,-0.06,0.00,2.1,168.8,268.2,53.37,-734.42,0.000000,0.000000,0,1,7.34
495905,-0.01,0.01,0.11,-0.12,0.00,-0.06,2.1,168.8,268.2,53.37,-734.19,0.000000,0.000000,0,1,7.34
496109,0.00,0.00,0.12,0.06,0.06,0.06,2.1,168.8,268.2,53.37,-734.23,0.000000,0.000000,0,1,7.34
496313,-0.00,-0.02,0.07,-0.06,-0.18,0.00,2.1,168.8,268.2,53.36,-734.04,0.000000,0.000000,0,1,7.34
496517,-0.01,-0.01,0.11,-0.06,0.06,0.06,2.1,168.8,268.2,53.36,-733.87,0.000000,0.000000,0,1,7.34
496721,-0.00,-0.02,0.11,0.00,-0.06,0.06,2.1,168.8,268.2,53.36,-734.34,0.000000,0.000000,0,1,7.34
496925,-0.00,-0.02,0.12,0.06,0.06,-0.06,2.1,168.8,268.2,53.37,-734.97,0.000000,0.000000,0,1,7.34
497129,-0.00,0.00,0.11,-0.18,0.06,-0.06,2.1,168.8,268.2,53.37,-734.67,0.000000,0.000000,0,1,7.34
497333,-0.00,-0.00,0.12,0.18,0.06,-0.18,2.1,168.8,268.2,53.37,-735.48,0.000000,0.000000,0,1,7.34
497538,-0.00,0.00,0.12,-0.06,0.06,0.06,2.1,168.8,268.2,53.39,-736.67,0.000000,0.000000,0,1,7.33
497741,0.01,0.00,0.10,-0.25,0.06,0.06,2.1,168.8,268.2,53.40,-736.87,0.000000,0.000000,0,1,7.33
497945,0.00,-0.05,0.12,0.18,0.00,0.00,2.1,168.8,268.2,53.39,-736.00,0.000000,0.000000,0,1,7.33
498149,-0.02,-0.02,0.09,-0.18,0.06,0.12,2.1,168.8,268.2,53.38,-734.71,0.000000,0.000000,0,1,7.33
498455,0.03,-0.03,0.07,-0.06,0.00,0.00,2.1,168.8,268.2,53.37,-734.51,0.000000,0.000000,0,1,7.33
498659,0.00,-0.03,0.12,0.00,0.12,-0.18,2.1,168.8,268.2,53.38,-735.29,0.000000,0.000000,0,1,7.40
498863,0.00,0.00,0.11,-0.18,-0.06,0.12,2.1,168.8,268.2,53.38,-735.44,0.000000,0.000000,0,1,7.40
499067,-0.00,-0.00,0.11,-0.12,0.00,0.00,2.1,168.8,268.2,53.39,-735.16,0.000000,0.000000,0,1,7.40
499271,-0.01,-0.01,0.10,-0.12,-0.06,0.00,2.1,168.8,268.2,53.38,-735.37,0.000000,0.000000,0,1,7.40
499475,0.00,-0.01,0.11,-0.12,-0.12,-0.06,2.1,168.8,268.2,53.39,-735.94,0.000000,0.000000,0,1,7.40
499679,-0.05,0.00,0.09,0.25,0.12,-0.12,2.1,168.8,268.2,53.39,-735.81,0.000000,0.000000,0,1,7.33
499883,0.00,0.01,0.13,-0.18,0.12,0.00,2.1,168.8,268.2,53.39,-735.24,0.000000,0.000000,0,1,7.33
500087,-0.02,-0.05,0.07,-0.06,-0.06,-0.12,2.1,168.8,268.2,53.38,-734.63,0.000000,0.000000,0,1,7.33
500291,-0.00,-0.01,0.11,0.12,0.31,-0.06,2.1,168.8,268.2,53.38,-734.78,0.000000,0.000000,0,1,7.33
500495,0.00,-0.00,0.11,-0.12,0.18,0.00,2.1,168.8,268.2,53.38,-735.15,0.000000,0.000000,0,1,7.33
500699,-0.02,0.00,0.10,-0.18,0.12,0.06,2.1,168.8,268.2,53.38,-734.93,0.000000,0.000000,0,1,7.34
500903,-0.00,0.00,0.07,0.06,0.00,0.12,2.1,168.8,268.2,53.37,-733.98,0.000000,0.000000,0,1,7.34
501107,-0.01,-0.02,0.09,0.12,-0.12,0.00,2.1,168.8,268.2,53.36,-733.14,0.000000,0.000000,0,1,7.34
501311,-0.02,-0.05,0.07,-0.06,-0.18,-0.18,2.1,168.8,268.2,53.36,-733.95,0.000000,0.000000,0,1,7.34
501617,0.00,-0.00,0.09,0.06,0.18,-0.12,2.1,168.8,268.2,53.39,-736.05,0.000000,0.000000,0,1,7.38
501821,-0.01,0.00,0.11,0.06,-0.06,0.18,2.1,168.8,268.2,53.40,-736.62,0.000000,0.000000,0,1,7.38
502025,0.01,-0.07,0.07,0.12,0.00,0.00,2.1,168.8,268.2,53.40,-736.67,0.000000,0.000000,0,1,7.38
502229,-0.00,0.00,0.10,0.06,0.06,-0.06,2.1,168.8,268.2,53.39,-734.92,0.000000,0.000000,0,1,7.38
502433,-0.00,-0.00,0.12,0.06,-0.12,0.00,2.1,168.8,268.2,53.37,-734.48,0.000000,0.000000,0,1,7.38
502637,-0.00,-0.03,0.12,-0.06,0.00,0.12,2.1,168.8,268.2,53.37,-734.42,0.000000,0.000000,0,1,7.37
502841,0.00,-0.00,0.10,0.06,0.12,-0.06,2.1,168.8,268.2,53.38,-735.25,0.000000,0.000000,0,1,7.37
503045,0.00,-0.05,0.12,-0.12,0.06,-0.18,2.1,168.8,268.2,53.39,-736.34,0.000000,0.000000,0,1,7.37
503249,-0.02,0.00,0.07,0.00,0.00,0.06,2.1,168.8,268.2,53.40,-736.60,0.000000,0.000000,0,1,7.37
503453,0.00,-0.00,0.11,0.00,0.00,0.06,2.1,168.8,268.2,53.39,-735.84,0.000000,0.000000,0,1,7.37
503657,-0.01,-0.00,0.09,0.12,0.00,0.00,2.1,168.8,268.2,53.38,-734.45,0.000000,0.000000,0,1,7.36
503963,-0.00,-0.05,0.10,0.06,0.06,-0.06,2.1,168.8,268.2,53.36,-733.52,0.000000,0.000000,0,1,7.36
504167,-0.01,0.00,0.11,0.06,0.00,-0.06,2.1,168.8,268.2,53.36,-733.56,0.000000,0.000000,0,1,7.36
504371,0.00,-0.05,0.11,0.12,-0.12,0.12,2.1,168.8,268.2,53.36,-734.23,0.000000,0.000000,0,1,7.36
504575,-0.02,0.00,0.13,0.06,0.00,0.00,2.1,168.8,268.2,53.37,-734.93,0.000000,0.000000,0,1,7.36
504779,-0.01,-0.01,0.11,0.06,-0.18,0.18,2.1,168.8,268.2,53.38,-735.52,0.000000,0.000000,0,1,7.37
504983,-0.00,-0.00,0.09,-0.06,-0.06,-0.06,2.1,168.8,268.2,53.39,-736.37,0.000000,0.000000,0,1,7.37
505187,0.00,-0.00,0.11,0.06,0.00,0.12,2.1,168.8,268.2,53.40,-737.06,0.000000,0.000000,0,1,7.37
505391,-0.01,-0.02,0.12,0.18,-0.25,0.12,2.1,168.8,268.2,53.41,-736.84,0.000000,0.000000,0,1,7.37
505595,-0.01,-0.01,0.11,-0.12,-0.06,0.00,2.1,168.8,268.2,53.40,-735.62,0.000000,0.000000,0,1,7.37
505799,-0.00,-0.00,0.12,0.06,-0.06,0.00,2.1,168.8,268.2,53.39,-734.92,0.000000,0.000000,0,1,7.32
506105,0.00,-0.01,0.11,0.06,0.06,0.00,2.1,168.8,268.2,53.39,-735.23,0.000000,0.000000,0,1,7.32
506309,-0.00,-0.01,0.09,-0.06,-0.12,0.06,2.1,168.8,268.2,53.39,-735.72,0.000000,0.000000,0,1,7.32
506513,0.00,0.00,0.12,0.00,-0.12,0.12,2.1,168.8,268.2,53.39,-735.82,0.000000,0.000000,0,1,7.32
506717,-0.00,-0.03,0.09,-0.06,0.00,0.06,2.1,168.8,268.2,53.38,-735.89,0.000000,0.000000,0,1,7.30
506921,-0.00,-0.01,0.11,0.06,0.00,0.06,2.1,168.8,268.2,53.38,-736.13,0.000000,0.000000,0,1,7.30
507227,-0.02,-0.01,0.10,-0.06,-0.06,0.00,2.1,168.8,268.2,53.37,-735.52,0.000000,0.000000,0,1,7.30
507431,0.00,-0.00,0.12,0.12,-0.12,-0.06,2.1,168.8,268.2,53.35,-733.59,0.000000,0.000000,0,1,7.30
507636,-0.00,-0.01,0.11,0.00,0.18,0.06,2.1,168.8,268.2,53.33,-732.62,0.000000,0.000000,0,1,7.38
507839,0.00,-0.01,0.11,0.06,0.00,0.18,2.1,168.8,268.2,53.33,-732.84,0.000000,0.000000,0,1,7.38
508043,0.00,-0.05,0.09,0.12,0.18,-0.06,2.1,168.8,268.2,53.34,-733.46,0.000000,0.000000,0,1,7.38
508247,-0.00,0.00,0.12,-0.06,0.25,0.06,2.1,168.8,268.2,53.35,-734.21,0.000000,0.000000,0,1,7.38
508553,-0.00,-0.00,0.11,-0.06,0.00,-0.12,2.1,168.8,268.2,53.37,-734.74,0.000000,0.000000,0,1,7.38
508757,0.00,-0.02,0.11,0.06,0.12,-0.06,2.1,168.8,268.2,53.38,-735.33,0.000000,0.000000,0,1,7.41
508961,-0.00,-0.01,0.10,-0.06,0.12,0.00,2.1,168.8,268.2,53.39,-735.96,0.000000,0.000000,0,1,7.41
509165,-0.00,-0.00,0.10,0.06,0.18,-0.06,2.1,168.8,268.2,53.40,-736.43,0.000000,0.000000,0,1,7.41
509369,-0.01,-0.01,0.10,0.00,-0.12,0.06,2.1,168.8,268.2,53.40,-736.71,0.000000,0.000000,0,1,7.41
509675,-0.01,-0.01,0.11,0.25,0.12,0.00,2.1,168.8,268.2,53.41,-737.00,0.000000,0.000000,0,1,7.31
509879,-0.01,-0.00,0.11,0.00,0.00,0.00,2.1,168.8,268.2,53.42,-737.67,0.000000,0.000000,0,1,7.31
510083,0.00,-0.01,0.11,0.18,-0.12,0.00,2.1,168.8,268.2,53.43,-738.07,0.000000,0.000000,0,1,7.31
510287,-0.01,-0.03,0.12,0.06,0.06,0.06,2.1,168.8,268.2,53.43,-737.81,0.000000,0.000000,0,1,7.31
510491,0.00,-0.01,0.11,0.06,-0.25,-0.06,2.1,168.8,268.2,53.43,-736.97,0.000000,0.000000,0,1,7.31
510695,0.00,-0.01,0.10,0.06,-0.12,-0.06,2.1,168.8,268.2,53.42,-736.27,0.000000,0.000000,0,1,7.29
510899,-0.00,-0.00,0.11,0.06,0.00,-0.12,2.1,168.8,268.2,53.41,-736.25,0.000000,0.000000,0,1,7.29
511103,-0.02,-0.01,0.10,-0.12,0.00,0.06,2.1,168.8,268.2,53.42,-736.79,0.000000,0.000000,0,1,7.29
511409,-0.05,-0.00,0.11,0.00,0.18,0.12,2.1,168.8,268.2,53.43,-737.49,0.000000,0.000000,0,1,7.29
511613,-0.00,0.01,0.11,0.00,0.00,0.06,2.1,168.8,268.2,53.44,-737.64,0.000000,0.000000,0,1,7.29
511817,-0.00,-0.02,0.11,0.12,-0.06,0.12,2.1,168.8,268.2,53.44,-737.11,0.000000,0.000000,0,1,7.37
512021,-0.00,0.00,0.11,-0.12,0.06,0.00,2.1,168.8,268.2,53.43,-736.67,0.000000,0.000000,0,1,7.37
512225,0.00,0.00,0.12,-0.06,-0.06,0.12,2.1,168.8,268.2,53.44,-737.14,0.000000,0.000000,0,1,7.37
512429,0.00,-0.02,0.12,0.00,0.12,0.06,2.1,168.8,268.2,53.45,-738.20,0.000000,0.000000,0,1,7.37
512633,-0.01,-0.00,0.07,-0.12,-0.06,0.00,2.1,168.8,268.2,53.46,-738.78,0.000000,0.000000,0,1,7.37
512837,-0.01,0.00,0.13,0.00,0.25,0.12,2.1,168.8,268.2,53.46,-738.49,0.000000,0.000000,0,1,7.35
513143,0.00,-0.05,0.10,0.12,0.00,0.06,2.1,168.8,268.2,53.47,-739.08,0.000000,0.000000,0,1,7.35
513347,0.00,-0.03,0.10,0.00,-0.06,0.12,2.1,168.8,268.2,53.47,-739.70,0.000000,0.000000,0,1,7.35
513551,-0.02,-0.05,0.07,-0.31,-0.12,-0.12,2.1,168.8,268.2,53.48,-740.19,0.000000,0.000000,0,1,7.35
513755,0.05,-0.02,0.11,0.00,0.12,0.00,2.1,168.8,268.2,53.49,-740.17,0.000000,0.000000,0,1,7.33
513959,-0.02,-0.03,0.12,0.00,0.06,-0.18,2.1,168.8,268.2,53.47,-738.54,0.000000,0.000000,0,1,7.33
514265,0.00,-0.02,0.07,0.06,0.12,0.00,2.1,168.8,268.2,53.46,-737.95,0.000000,0.000000,0,1,7.33
514469,0.00,-0.02,0.07,-0.06,0.00,-0.12,2.1,168.8,268.2,53.46,-738.21,0.000000,0.000000,0,1,7.33
514673,-0.02,-0.03,0.09,0.12,0.00,0.06,2.1,168.8,268.2,53.46,-738.84,0.000000,0.000000,0,1,7.33
514877,-0.00,-0.03,0.11,-0.06,-0.06,0.12,2.1,168.8,268.2,53.48,-739.82,0.000000,0.000000,0,1,7.28
515081,-0.00,-0.01,0.10,0.06,0.25,0.00,2.1,168.8,268.2,53.49,-740.13,0.000000,0.000000,0,1,7.28
515285,-0.00,-0.00,0.10,-0.06,0.12,0.00,2.1,168.8,268.2,53.48,-740.01,0.000000,0.000000,0,1,7.28
515489,-0.00,0.00,0.10,-0.06,0.06,-0.06,2.1,168.8,268.2,53.49,-740.33,0.000000,0.000000,0,1,7.28
515795,0.00,-0.00,0.11,0.06,0.06,0.12,2.1,168.8,268.2,53.49,-740.76,0.000000,0.000000,0,1,7.33
515999,-0.02,-0.03,0.11,0.12,0.00,0.06,2.1,168.8,268.2,53.50,-740.82,0.000000,0.000000,0,1,7.33
516203,-0.01,0.00,0.07,0.12,-0.12,0.12,2.1,168.8,268.2,53.50,-740.98,0.000000,0.000000,0,1,7.33
516407,0.00,-0.00,0.12,0.06,-0.25,-0.18,2.1,168.8,268.2,53.50,-741.12,0.000000,0.000000,0,1,7.33
516611,-0.00,0.00,0.12,0.00,0.00,-0.06,2.1,168.8,268.2,53.50,-741.09,0.000000,0.000000,0,1,7.33
516815,-0.05,0.00,0.11,0.00,-0.18,0.00,2.1,168.8,268.2,53.50,-741.17,0.000000,0.000000,0,1,7.30
517019,0.01,-0.01,0.07,0.12,-0.18,0.25,2.1,168.8,268.2,53.51,-741.76,0.000000,0.000000,0,1,7.30
517223,-0.01,-0.03,0.11,0.00,-0.06,-0.06,2.1,168.8,268.2,53.51,-741.59,0.000000,0.000000,0,1,7.30
517529,0.00,-0.00,0.11,0.12,-0.18,-0.06,2.1,168.8,268.2,53.51,-741.50,0.000000,0.000000,0,1,7.30
517734,-0.02,-0.00,0.10,-0.12,0.00,-0.18,2.1,168.8,268.2,53.51,-741.48,0.000000,0.000000,0,1,7.29
517937,-0.00,-0.02,0.11,0.18,0.06,-0.25,2.1,168.8,268.2,53.51,-741.66,0.000000,0.000000,0,1,7.29
518141,-0.00,-0.01,0.12,0.00,0.12,0.00,2.1,168.8,268.2,53.52,-742.01,0.000000,0.000000,0,1,7.29
518345,-0.00,-0.01,0.11,0.00,0.00,-0.06,2.1,168.8,268.2,53.52,-742.29,0.000000,0.000000,0,1,7.29
518549,-0.03,0.05,0.15,-0.12,0.12,-0.06,2.1,168.8,268.2,53.53,-742.59,0.000000,0.000000,0,1,7.29
518855,-0.00,-0.03,0.12,0.00,-0.06,0.00,2.1,168.8,268.2,53.54,-742.94,0.000000,0.000000,0,1,7.39
519059,-0.00,-0.05,0.11,-0.06,0.12,0.00,2.1,168.8,268.2,53.54,-743.28,0.000000,0.000000,0,1,7.39
519263,0.00,0.00,0.12,0.12,0.00,0.18,2.1,168.8,268.2,53.55,-743.51,0.000000,0.000000,0,1,7.39
519467,0.02,-0.02,0.07,0.06,-0.12,0.06,2.1,168.8,268.2,53.55,-743.25,0.000000,0.000000,0,1,7.39
519671,0.00,-0.05,0.10,0.06,0.25,0.00,2.1,168.8,268.2,53.55,-743.18,0.000000,0.000000,0,1,7.39
519977,-0.00,-0.03,0.11,0.00,-0.06,0.00,2.1,168.8,268.2,53.55,-743.54,0.000000,0.000000,0,1,7.34
520181,-0.01,-0.01,0.10,0.00,0.06,0.00,2.1,168.8,268.2,53.55,-743.38,0.000000,0.000000,0,1,7.34
520385,-0.00,0.00,0.11,0.06,0.06,-0.06,2.1,168.8,268.2,53.55,-743.44,0.000000,0.000000,0,1,7.34
520589,-0.00,-0.03,0.07,-0.06,-0.12,0.18,2.1,168.8,268.2,53.55,-743.46,0.000000,0.000000,0,1,7.34
520793,0.00,-0.02,0.13,0.25,-0.18,-0.06,2.1,168.8,268.2,53.55,-743.02,0.000000,0.000000,0,1,7.38
520997,-0.00,-0.01,0.12,-0.06,0.00,0.00,2.1,168.8,268.2,53.54,-742.17,0.000000,0.000000,0,1,7.38
521201,-0.00,0.00,0.11,0.18,-0.12,-0.06,2.1,168.8,268.2,53.53,-741.72,0.000000,0.000000,0,1,7.38
521405,-0.03,0.00,0.11,0.00,-0.06,0.12,2.1,168.8,268.2,53.54,-741.71,0.000000,0.000000,0,1,7.38
521711,-0.01,-0.01,0.11,-0.25,0.12,0.06,2.1,168.8,268.2,53.54,-741.73,0.000000,0.000000,0,1,7.38
521915,0.00,0.00,0.13,-0.12,0.06,0.00,2.1,168.8,268.2,53.54,-741.53,0.000000,0.000000,0,1,7.35
522119,-0.01,-0.01,0.11,-0.12,0.06,0.06,2.1,168.8,268.2,53.53,-741.02,0.000000,0.000000,0,1,7.35
522323,-0.00,-0.01,0.09,0.06,-0.12,-0.06,2.1,168.8,268.2,53.53,-741.28,0.000000,0.000000,0,1,7.35
522527,-0.02,-0.00,0.09,-0.06,0.00,0.06,2.1,168.8,268.2,53.53,-741.17,0.000000,0.000000,0,1,7.35
522731,-0.00,-0.01,0.10,0.18,-0.18,0.06,2.1,168.8,268.2,53.54,-741.43,0.000000,0.000000,0,1,7.35
522935,-0.02,-0.01,0.11,-0.06,0.06,0.06,2.1,168.8,268.2,53.54,-742.05,0.000000,0.000000,0,1,7.33
523139,0.00,-0.01,0.11,-0.06,-0.06,-0.06,2.1,168.8,268.2,53.54,-742.54,0.000000,0.000000,0,1,7.33
523445,0.00,-0.01,0.11,-0.06,-0.12,0.12,2.1,168.8,268.2,53.55,-742.82,0.000000,0.000000,0,1,7.33
523649,-0.01,-0.01,0.11,0.00,-0.12,-0.06,2.1,168.8,268.2,53.55,-742.90,0.000000,0.000000,0,1,7.33
523853,0.00,-0.00,0.11,0.00,0.06,0.00,2.1,168.8,268.2,53.55,-742.79,0.000000,0.000000,0,1,7.33
524057,-0.03,0.00,0.11,0.00,-0.06,0.00,2.1,168.8,268.2,53.55,-742.98,0.000000,0.000000,0,1,7.33
524261,0.00,-0.00,0.11,0.00,0.18,-0.06,2.1,168.8,268.2,53.55,-742.81,0.000000,0.000000,0,1,7.33
524567,-0.00,-0.01,0.11,-0.12,-0.12,0.00,2.1,168.8,268.2,53.55,-742.73,0.000000,0.000000,0,1,7.33
524771,0.00,-0.00,0.11,0.37,-0.06,-0.06,2.1,168.8,268.2,53.55,-743.02,0.000000,0.000000,0,1,7.33
524975,-0.00,-0.00,0.10,-0.06,0.00,0.06,2.1,168.8,268.2,53.55,-743.18,0.000000,0.000000,0,1,7.28
525179,-0.02,0.00,0.11,0.00,-0.06,-0.06,2.1,168.8,268.2,53.55,-743.26,0.000000,0.000000,0,1,7.28
525383,-0.00,0.00,0.11,0.00,0.25,-0.12,2.1,168.8,268.2,53.55,-743.13,0.000000,0.000000,0,1,7.28
525587,-0.10,0.07,0.12,-0.06,-0.12,0.18,2.1,168.8,268.2,53.55,-742.84,0.000000,0.000000,0,1,7.28
525893,0.00,0.00,0.15,-0.12,0.00,-0.12,2.1,168.8,268.2,53.54,-742.66,0.000000,0.000000,0,1,7.33
526097,-0.07,0.00,0.12,0.06,0.06,-0.18,2.1,168.8,268.2,53.54,-742.67,0.000000,0.000000,0,1,7.33
526301,0.00,0.00,0.11,0.00,-0.18,0.12,2.1,168.8,268.2,53.54,-742.02,0.000000,0.000000,0,1,7.33
526505,-0.00,-0.02,0.09,0.06,-0.12,-0.12,2.1,168.8,268.2,53.53,-740.67,0.000000,0.000000,0,1,7.33
526709,0.02,-0.05,0.09,0.06,0.06,0.06,2.1,168.8,268.2,53.52,-740.51,0.000000,0.000000,0,1,7.33
526913,-0.00,-0.03,0.10,0.06,0.00,-0.06,2.1,168.8,268.2,53.52,-741.03,0.000000,0.000000,0,1,7.34
527117,0.00,0.00,0.11,-0.06,-0.06,0.12,2.1,168.8,268.2,53.53,-741.60,0.000000,0.000000,0,1,7.34
527321,-0.01,-0.02,0.11,0.06,-0.06,-0.06,2.1,168.8,268.2,53.54,-742.00,0.000000,0.000000,0,1,7.34
527525,0.00,-0.02,0.10,0.06,0.06,0.00,2.1,168.8,268.2,53.54,-742.16,0.000000,0.000000,0,1,7.34
527832,-0.01,0.00,0.09,0.06,0.00,0.00,2.1,168.8,268.2,53.54,-742.35,0.000000,0.000000,0,1,7.33
528035,-0.01,-0.00,0.11,0.00,0.12,0.06,2.1,168.8,268.2,53.54,-742.22,0.000000,0.000000,0,1,7.33
528239,0.02,0.00,0.12,-0.06,0.00,0.06,2.1,168.8,268.2,53.53,-741.54,0.000000,0.000000,0,1,7.33
528443,-0.01,-0.05,0.10,0.00,0.06,0.06,2.1,168.8,268.2,53.53,-741.53,0.000000,0.000000,0,1,7.33
528647,0.00,0.00,0.11,0.00,0.06,0.00,2.1,168.8,268.2,53.53,-741.51,0.000000,0.000000,0,1,7.33
528851,-0.00,-0.03,0.11,-0.06,0.06,-0.12,2.1,168.8,268.2,53.53,-741.33,0.000000,0.000000,0,1,7.36
529157,-0.00,-0.02,0.11,0.18,0.06,0.12,2.1,168.8,268.2,53.53,-741.56,0.000000,0.000000,0,1,7.36
529361,-0.00,-0.01,0.11,-0.25,0.00,0.12,2.1,168.8,268.2,53.53,-741.78,0.000000,0.000000,0,1,7.36
529565,-0.01,-0.01,0.12,-0.18,0.06,0.06,2.1,168.8,268.2,53.54,-742.04,0.000000,0.000000,0,1,7.36
529769,-0.00,-0.01,0.11,-0.06,0.12,-0.06,2.1,168.8,268.2,53.54,-741.96,0.000000,0.000000,0,1,7.36
529973,0.00,0.00,0.09,0.12,0.06,0.06,2.1,168.8,268.2,53.53,-740.71,0.000000,0.000000,0,1,7.32
530177,0.00,-0.01,0.10,-0.06,0.06,0.06,2.1,168.8,268.2,53.51,-739.97,0.000000,0.000000,0,1,7.32
530483,-0.00,0.00,0.10,0.12,-0.06,0.06,2.1,168.8,268.2,53.51,-740.65,0.000000,0.000000,0,1,7.32
530687,-0.00,-0.00,0.11,0.12,0.06,0.06,2.1,168.8,268.2,53.52,-740.78,0.000000,0.000000,0,1,7.32
530891,-0.00,-0.01,0.09,-0.06,0.06,-0.06,2.1,168.8,268.2,53.52,-740.77,0.000000,0.000000,0,1,7.33
531095,-0.00,0.00,0.11,0.06,0.00,0.00,2.1,168.8,268.2,53.52,-740.82,0.000000,0.000000,0,1,7.33
531299,-0.01,-0.01,0.11,0.12,-0.06,0.00,2.1,168.8,268.2,53.52,-740.53,0.000000,0.000000,0,1,7.33
531503,-0.03,-0.01,0.09,0.00,0.25,0.00,2.1,168.8,268.2,53.51,-739.86,0.000000,0.000000,0,1,7.33
531707,-0.01,0.00,0.12,0.06,0.06,0.00,2.1,168.8,268.2,53.50,-738.88,0.000000,0.000000,0,1,7.33
531911,-0.01,-0.00,0.11,-0.06,-0.12,0.00,2.1,168.8,268.2,53.49,-739.27,0.000000,0.000000,0,1,7.32
532217,-0.01,-0.01,0.10,-0.06,0.06,0.00,2.1,168.8,268.2,53.50,-740.10,0.000000,0.000000,0,1,7.32
532421,0.00,-0.01,0.11,0.00,0.06,-0.06,2.1,168.8,268.2,53.51,-740.59,0.000000,0.000000,0,1,7.32
532625,-0.00,-0.01,0.07,0.06,-0.06,-0.06,2.1,168.8,268.2,53.52,-740.96,0.000000,0.000000,0,1,7.32
532829,-0.00,0.00,0.13,0.00,0.00,-0.06,2.1,168.8,268.2,53.52,-741.11,0.000000,0.000000,0,1,7.32
533033,0.00,-0.00,0.11,-0.12,-0.06,0.06,2.1,168.8,268.2,53.52,-740.39,0.000000,0.000000,0,1,7.37
533237,0.01,-0.02,0.07,0.00,-0.12,-0.06,2.1,168.8,268.2,53.51,-739.49,0.000000,0.000000,0,1,7.37
533441,0.00,-0.00,0.11,0.06,0.00,-0.06,2.1,168.8,268.2,53.50,-739.53,0.000000,0.000000,0,1,7.37
533645,0.09,-0.15,0.05,0.25,-0.12,0.18,2.1,168.8,268.2,53.50,-739.75,0.000000,0.000000,0,1,7.37
533951,-0.02,0.00,0.15,-0.93,-0.25,-0.25,2.1,168.8,268.2,53.51,-739.64,0.000000,0.000000,0,1,7.38
534155,0.05,0.05,0.11,-0.25,0.18,-0.18,2.1,168.8,268.2,53.49,-738.48,0.000000,0.000000,0,1,7.38
534359,-0.05,-0.01,0.11,-0.06,0.12,-0.06,2.1,168.8,268.2,53.46,-735.72,0.000000,0.000000,0,1,7.38
534563,0.00,-0.02,0.10,0.00,0.06,0.06,2.1,168.8,268.2,53.44,-735.22,0.000000,0.000000,0,1,7.38
534767,-0.02,0.00,0.11,0.06,0.18,-0.06,2.1,168.8,268.2,53.45,-736.41,0.000000,0.000000,0,1,7.38
535073,-0.03,0.00,0.12,0.00,-0.06,0.00,2.1,168.8,268.2,53.46,-737.35,0.000000,0.000000,0,1,7.38
535277,0.00,-0.02,0.11,0.06,-0.06,0.00,2.1,168.8,268.2,53.46,-737.37,0.000000,0.000000,0,1,7.38
535481,-0.00,0.00,0.11,-0.12,0.25,-0.06,2.1,168.8,268.2,53.45,-737.06,0.000000,0.000000,0,1,7.38
535685,0.00,-0.01,0.11,-0.12,0.00,-0.12,2.1,168.8,268.2,53.45,-737.15,0.000000,0.000000,0,1,7.38
535889,-0.00,-0.02,0.09,0.00,0.06,0.12,2.1,168.8,268.2,53.46,-737.29,0.000000,0.000000,0,1,7.38
536093,-0.00,0.00,0.10,0.00,0.00,0.00,2.1,168.8,268.2,53.46,-737.44,0.000000,0.000000,0,1,7.35
536399,-0.00,-0.02,0.07,-0.06,0.00,-0.06,2.1,168.8,268.2,53.46,-737.71,0.000000,0.000000,0,1,7.35
536603,0.00,0.00,0.11,-0.12,0.06,-0.12,2.1,168.8,268.2,53.46,-737.91,0.000000,0.000000,0,1,7.35
536807,0.00,0.00,0.11,0.00,-0.25,-0.06,2.1,168.8,268.2,53.47,-738.01,0.000000,0.000000,0,1,7.35
537011,-0.00,0.00,0.11,0.00,-0.25,0.00,2.1,168.8,268.2,53.47,-737.90,0.000000,0.000000,0,1,7.33
537215,-0.00,0.00,0.13,0.00,-0.12,0.06,2.1,168.8,268.2,53.47,-737.68,0.000000,0.000000,0,1,7.33
537419,-0.03,-0.01,0.09,-0.06,0.00,-0.12,2.1,168.8,268.2,53.47,-737.54,0.000000,0.000000,0,1,7.33
537623,0.00,0.00,0.11,0.00,0.12,0.18,2.1,168.8,268.2,53.47,-737.91,0.000000,0.000000,0,1,7.33
537827,-0.00,-0.00,0.11,0.18,0.00,0.12,2.1,168.8,268.2,53.48,-738.21,0.000000,0.000000,0,1,7.33
538031,-0.00,-0.01,0.11,0.06,0.00,-0.06,2.1,168.8,268.2,53.48,-738.48,0.000000,0.000000,0,1,7.32
538337,-0.00,-0.00,0.09,0.06,0.00,-0.06,2.1,168.8,268.2,53.47,-737.10,0.000000,0.000000,0,1,7.32
538541,0.00,-0.01,0.10,-0.06,-0.06,0.25,2.1,168.8,268.2,53.46,-736.41,0.000000,0.000000,0,1,7.32
538745,-0.00,-0.00,0.07,0.06,0.12,-0.06,2.1,168.8,268.2,53.45,-736.81,0.000000,0.000000,0,1,7.32
538949,0.00,-0.01,0.11,0.06,0.06,0.06,2.1,168.8,268.2,53.46,-737.45,0.000000,0.000000,0,1,7.30
539153,-0.03,-0.01,0.11,-0.06,-0.18,0.06,2.1,168.8,268.2,53.47,-737.93,0.000000,0.000000,0,1,7.30
539357,0.00,0.00,0.11,0.18,0.06,0.12,2.1,168.8,268.2,53.48,-738.18,0.000000,0.000000,0,1,7.30
539663,-0.00,0.00,0.12,0.00,0.00,-0.06,2.1,168.8,268.2,53.48,-738.41,0.000000,0.000000,0,1,7.30
539867,-0.00,0.00,0.10,0.12,0.06,0.06,2.1,168.8,268.2,53.48,-738.73,0.000000,0.000000,0,1,7.30
540071,-0.00,-0.00,0.09,0.06,0.00,0.00,2.1,168.8,268.2,53.48,-738.84,0.000000,0.000000,0,1,7.40
540275,-0.00,0.00,0.11,0.00,0.06,-0.06,2.1,168.8,268.2,53.49,-738.90,0.000000,0.000000,0,1,7.40
540479,0.00,-0.01,0.10,-0.06,0.06,0.00,2.1,168.8,268.2,53.48,-738.85,0.000000,0.000000,0,1,7.40
540785,-0.01,-0.00,0.07,0.00,-0.18,0.00,2.1,168.8,268.2,53.47,-738.34,0.000000,0.000000,0,1,7.40
540989,-0.00,0.00,0.10,-0.06,0.00,0.00,2.1,168.8,268.2,53.47,-738.12,0.000000,0.000000,0,1,7.29
541193,0.00,0.00,0.11,-0.12,0.00,-0.12,2.1,168.8,268.2,53.46,-737.23,0.000000,0.000000,0,1,7.29
541397,0.00,-0.03,0.07,0.06,0.12,0.00,2.1,168.8,268.2,53.46,-736.83,0.000000,0.000000,0,1,7.29
541601,-0.02,-0.01,0.09,-0.12,-0.06,0.06,2.1,168.8,268.2,53.45,-736.92,0.000000,0.000000,0,1,7.29
541805,-0.00,-0.00,0.07,-0.06,0.00,-0.06,2.1,168.8,268.2,53.45,-737.29,0.000000,0.000000,0,1,7.29
542009,0.00,-0.02,0.11,0.06,0.12,0.00,2.1,168.8,268.2,53.46,-737.66,0.000000,0.000000,0,1,7.34
542315,0.00,-0.01,0.11,-0.06,-0.06,0.06,2.1,168.8,268.2,53.46,-737.58,0.000000,0.000000,0,1,7.34
542519,-0.00,0.00,0.07,0.12,0.06,0.00,2.1,168.8,268.2,53.45,-736.90,0.000000,0.000000,0,1,7.34
542723,-0.01,0.00,0.10,0.12,0.18,-0.06,2.1,168.8,268.2,53.44,-736.07,0.000000,0.000000,0,1,7.34
542927,-0.00,-0.03,0.09,-0.12,0.00,-0.06,2.1,168.8,268.2,53.43,-735.48,0.000000,0.000000,0,1,7.34
543131,0.00,-0.00,0.12,0.06,0.12,0.06,2.1,168.8,268.2,53.43,-734.94,0.000000,0.000000,0,1,7.30
543335,-0.03,-0.00,0.09,0.06,0.00,0.00,2.1,168.8,268.2,53.41,-733.16,0.000000,0.000000,0,1,7.30
543539,-0.00,0.00,0.09,0.00,0.18,-0.06,2.1,168.8,268.2,53.38,-730.50,0.000000,0.000000,0,1,7.30
543743,-0.00,0.00,0.12,0.25,0.06,-0.06,2.1,168.8,268.2,53.35,-729.80,0.000000,0.000000,0,1,7.30
543947,-0.00,-0.01,0.09,-0.12,-0.18,0.06,2.1,168.8,268.2,53.36,-731.06,0.000000,0.000000,0,1,7.30
544253,0.00,-0.02,0.11,-0.12,0.18,0.06,2.1,168.8,268.2,53.38,-732.66,0.000000,0.000000,0,1,7.34
544457,-0.00,-0.03,0.11,0.06,-0.06,0.06,2.1,168.8,268.2,53.39,-733.51,0.000000,0.000000,0,1,7.34
544661,0.00,0.00,0.11,0.00,-0.06,0.06,2.1,168.8,268.2,53.40,-733.89,0.000000,0.000000,0,1,7.34
544865,-0.02,-0.01,0.09,-0.06,-0.06,0.00,2.1,168.8,268.2,53.39,-733.38,0.000000,0.000000,0,1,7.34
545069,-0.01,0.00,0.10,-0.06,-0.06,-0.12,2.1,168.8,268.2,53.39,-732.63,0.000000,0.000000,0,1,7.37
545375,-0.00,0.00,0.11,-0.06,0.00,-0.12,2.1,168.8,268.2,53.38,-732.59,0.000000,0.000000,0,1,7.37
545579,0.00,0.00,0.10,-0.06,0.00,0.00,2.1,168.8,268.2,53.38,-733.24,0.000000,0.000000,0,1,7.37
545783,0.00,-0.03,0.11,0.00,0.12,0.00,2.1,168.8,268.2,53.39,-734.00,0.000000,0.000000,0,1,7.37
545987,-0.02,-0.00,0.11,-0.06,-0.12,-0.12,2.1,168.8,268.2,53.40,-733.97,0.000000,0.000000,0,1,7.37
546191,-0.00,0.00,0.11,-0.06,-0.12,0.12,2.1,168.8,268.2,53.39,-733.21,0.000000,0.000000,0,1,7.30
546497,-0.00,0.00,0.12,-0.06,0.06,0.06,2.1,168.8,268.2,53.37,-731.98,0.000000,0.000000,0,1,7.30
546701,0.00,-0.00,0.11,0.12,-0.12,0.06,2.1,168.8,268.2,53.37,-732.09,0.000000,0.000000,0,1,7.30
546905,-0.01,0.00,0.10,-0.18,0.25,0.06,2.1,168.8,268.2,53.38,-732.54,0.000000,0.000000,0,1,7.30
547109,-0.00,-0.00,0.11,-0.12,0.06,0.12,2.1,168.8,268.2,53.37,-731.90,0.000000,0.000000,0,1,7.27
547313,-0.00,0.00,0.09,-0.12,0.18,0.12,2.1,168.8,268.2,53.35,-729.92,0.000000,0.000000,0,1,7.27
547517,-0.01,-0.00,0.09,-0.12,0.06,-0.06,2.1,168.8,268.2,53.33,-728.59,0.000000,0.000000,0,1,7.27
547721,0.00,-0.00,0.11,-0.06,-0.06,-0.06,2.1,168.8,268.2,53.32,-728.35,0.000000,0.000000,0,1,7.27
547925,-0.01,-0.01,0.12,-0.06,0.18,0.06,2.1,168.8,268.2,53.32,-728.07,0.000000,0.000000,0,1,7.27
548129,-0.02,-0.00,0.10,0.00,0.00,0.18,2.1,168.8,268.2,53.31,-728.48,0.000000,0.000000,0,1,7.37
548435,-0.01,-0.00,0.11,-0.06,-0.12,0.18,2.1,168.8,268.2,53.32,-729.45,0.000000,0.000000,0,1,7.37
548639,-0.01,0.00,0.09,-0.06,-0.06,0.12,2.1,168.8,268.2,53.33,-729.67,0.000000,0.000000,0,1,7.37
548843,-0.00,-0.00,0.09,0.18,-0.06,0.06,2.1,168.8,268.2,53.32,-729.22,0.000000,0.000000,0,1,7.37
549047,-0.01,0.00,0.10,0.06,0.18,0.00,2.1,168.8,268.2,53.32,-728.48,0.000000,0.000000,0,1,7.33
549251,-0.01,0.03,0.15,0.06,0.00,0.25,2.1,168.8,268.2,53.31,-727.97,0.000000,0.000000,0,1,7.33
549455,-0.03,-0.02,0.07,0.12,-0.25,0.31,2.1,168.8,268.2,53.30,-727.95,0.000000,0.000000,0,1,7.33
549659,0.01,-0.09,0.07,0.18,-0.25,0.18,2.1,168.8,268.2,53.31,-728.50,0.000000,0.000000,0,1,7.33
549965,-0.03,0.00,0.10,-0.43,0.12,-0.12,2.1,168.8,268.2,53.33,-729.63,0.000000,0.000000,0,1,7.33
550169,-0.01,0.00,0.11,-0.18,-0.06,-0.18,2.1,168.8,268.2,53.33,-729.59,0.000000,0.000000,0,1,7.33
550373,0.00,-0.01,0.07,0.06,0.06,-0.06,2.1,168.8,268.2,53.33,-729.56,0.000000,0.000000,0,1,7.33
550577,-0.00,-0.02,0.11,-0.06,0.06,-0.06,2.1,168.8,268.2,53.33,-729.87,0.000000,0.000000,0,1,7.33
550781,-0.02,-0.00,0.13,0.00,-0.12,-0.06,2.1,168.8,268.2,53.33,-729.81,0.000000,0.000000,0,1,7.33
551087,0.00,-0.02,0.09,0.06,0.00,0.06,2.1,168.8,268.2,53.33,-729.63,0.000000,0.000000,0,1,7.33
551291,-0.00,-0.01,0.11,-0.06,-0.18,-0.06,2.1,168.8,268.2,53.33,-729.92,0.000000,0.000000,0,1,7.33
551495,-0.00,0.00,0.11,-0.12,-0.06,0.06,2.1,168.8,268.2,53.33,-729.67,0.000000,0.000000,0,1,7.33
551699,0.00,0.00,0.12,0.00,0.06,0.06,2.1,168.8,268.2,53.32,-729.29,0.000000,0.000000,0,1,7.33
551903,-0.01,-0.00,0.12,-0.12,0.00,-0.06,2.1,168.8,268.2,53.32,-729.24,0.000000,0.000000,0,1,7.33
552107,-0.01,0.00,0.10,-0.06,-0.06,-0.12,2.1,168.8,268.2,53.33,-729.32,0.000000,0.000000,0,1,7.32
552311,-0.03,-0.01,0.09,0.00,0.00,-0.06,2.1,168.8,268.2,53.32,-729.16,0.000000,0.000000,0,1,7.32
552617,0.00,-0.00,0.09,0.06,-0.18,0.12,2.1,168.8,268.2,53.33,-729.28,0.000000,0.000000,0,1,7.32
552821,0.00,-0.00,0.11,0.00,-0.12,0.06,2.1,168.8,268.2,53.33,-729.42,0.000000,0.000000,0,1,7.32
553025,-0.00,-0.00,0.11,-0.06,-0.06,0.00,2.1,168.8,268.2,53.33,-729.75,0.000000,0.000000,0,1,7.32
553229,-0.00,0.00,0.10,0.06,-0.06,0.06,2.1,168.8,268.2,53.34,-730.21,0.000000,0.000000,0,1,7.30
553433,-0.00,-0.01,0.09,-0.18,-0.18,0.06,2.1,168.8,268.2,53.34,-730.08,0.000000,0.000000,0,1,7.30
553637,-0.02,0.00,0.10,-0.18,0.06,0.00,2.1,168.8,268.2,53.34,-730.36,0.000000,0.000000,0,1,7.30
553841,-0.01,-0.01,0.11,-0.06,0.00,-0.12,2.1,168.8,268.2,53.35,-730.86,0.000000,0.000000,0,1,7.30
554045,0.00,-0.01,0.07,0.12,-0.12,0.06,2.1,168.8,268.2,53.36,-731.01,0.000000,0.000000,0,1,7.30
554249,-0.02,-0.01,0.11,0.00,0.18,-0.25,2.1,168.8,268.2,53.36,-730.97,0.000000,0.000000,0,1,7.29
554555,-0.00,0.00,0.09,-0.06,-0.06,0.00,2.1,168.8,268.2,53.36,-731.33,0.000000,0.000000,0,1,7.29
554759,-0.00,-0.01,0.10,-0.12,0.00,0.06,2.1,168.8,268.2,53.37,-731.55,0.000000,0.000000,0,1,7.29
554963,0.00,-0.02,0.10,0.00,0.06,0.06,2.1,168.8,268.2,53.37,-731.72,0.000000,0.000000,0,1,7.29
555167,-0.01,-0.00,0.07,0.06,-0.12,-0.12,2.1,168.8,268.2,53.38,-731.92,0.000000,0.000000,0,1,7.32
555371,0.01,-0.00,0.11,0.06,0.06,0.12,2.1,168.8,268.2,53.38,-732.14,0.000000,0.000000,0,1,7.32
555677,0.00,0.00,0.10,-0.06,0.06,0.00,2.1,168.8,268.2,53.38,-732.31,0.000000,0.000000,0,1,7.32
555881,0.00,-0.00,0.10,0.06,0.06,0.12,2.1,168.8,268.2,53.38,-732.09,0.000000,0.000000,0,1,7.32
556085,-0.03,-0.00,0.11,0.00,0.25,0.06,2.1,168.8,268.2,53.38,-731.99,0.000000,0.000000,0,1,7.32
556289,-0.00,0.00,0.10,0.00,-0.06,-0.06,2.1,168.8,268.2,53.38,-732.16,0.000000,0.000000,0,1,7.38
556493,0.00,-0.00,0.11,0.00,0.06,0.00,2.1,168.8,268.2,53.38,-732.64,0.000000,0.000000,0,1,7.38
556697,-0.01,0.00,0.13,0.00,0.06,0.00,2.1,168.8,268.2,53.39,-732.77,0.000000,0.000000,0,1,7.38
557003,0.00,-0.00,0.10,0.00,0.06,0.00,2.1,168.8,268.2,53.39,-732.45,0.000000,0.000000,0,1,7.38
557207,-0.00,0.00,0.12,0.18,-0.06,0.00,2.1,168.8,268.2,53.39,-732.00,0.000000,0.000000,0,1,7.33
557411,-0.00,0.00,0.07,0.06,-0.06,0.00,2.1,168.8,268.2,53.37,-730.56,0.000000,0.000000,0,1,7.33
557615,0.00,0.00,0.11,0.06,0.00,0.06,2.1,168.8,268.2,53.36,-728.97,0.000000,0.000000,0,1,7.33
557819,-0.00,0.00,0.11,0.12,0.00,0.06,2.1,168.8,268.2,53.34,-728.65,0.000000,0.000000,0,1,7.33
558126,0.00,-0.01,0.10,0.00,0.18,0.06,2.1,168.8,268.2,53.35,-729.16,0.000000,0.000000,0,1,7.32
558329,-0.00,0.00,0.09,0.00,0.12,0.00,2.1,168.8,268.2,53.36,-729.70,0.000000,0.000000,0,1,7.32
558533,0.00,-0.01,0.10,0.06,0.00,0.06,2.1,168.8,268.2,53.36,-730.44,0.000000,0.000000,0,1,7.32
558737,0.00,-0.03,0.11,0.00,-0.06,0.12,2.1,168.8,268.2,53.37,-730.18,0.000000,0.000000,0,1,7.32
558941,-0.00,-0.00,0.11,0.06,0.00,-0.12,2.1,168.8,268.2,53.35,-729.19,0.000000,0.000000,0,1,7.32
559145,-0.01,0.00,0.10,0.18,-0.06,0.06,2.1,168.8,268.2,53.34,-728.82,0.000000,0.000000,0,1,7.37
559349,-0.01,-0.01,0.10,0.06,-0.06,0.06,2.1,168.8,268.2,53.34,-729.19,0.000000,0.000000,0,1,7.37
559553,0.00,0.00,0.12,0.06,0.00,-0.12,2.1,168.8,268.2,53.34,-729.23,0.000000,0.000000,0,1,7.37
559859,-0.00,0.00,0.11,0.06,0.06,-0.06,2.1,168.8,268.2,53.34,-728.98,0.000000,0.000000,0,1,7.37
560063,0.00,0.00,0.13,0.00,0.00,0.06,2.1,168.8,268.2,53.33,-727.73,0.000000,0.000000,0,1,7.37
560267,-0.00,-0.01,0.09,0.12,-0.06,0.06,2.1,168.8,268.2,53.31,-726.59,0.000000,0.000000,0,1,7.40
560471,-0.05,-0.00,0.12,-0.06,0.06,-0.06,2.1,168.8,268.2,53.30,-725.80,0.000000,0.000000,0,1,7.40
560675,-0.00,-0.02,0.11,0.00,-0.12,0.25,2.1,168.8,268.2,53.29,-725.06,0.000000,0.000000,0,1,7.40
560879,0.02,0.00,0.07,-0.06,0.12,-0.31,2.1,168.8,268.2,53.28,-725.14,0.000000,0.000000,0,1,7.40
561083,0.00,-0.03,0.10,0.06,0.31,-0.06,2.1,168.8,268.2,53.28,-725.74,0.000000,0.000000,0,1,7.40
561287,-0.05,0.00,0.07,0.00,0.00,-0.06,2.1,168.8,268.2,53.29,-726.31,0.000000,0.000000,0,1,7.38
561593,0.00,0.00,0.11,0.18,0.00,0.00,2.1,168.8,268.2,53.28,-724.59,0.000000,0.000000,0,1,7.38
561797,0.02,-0.09,0.09,-0.06,0.00,0.06,2.1,168.8,268.2,53.26,-723.66,0.000000,0.000000,0,1,7.38
562001,-0.02,-0.05,0.11,0.12,-0.18,0.06,2.1,168.8,268.2,53.26,-723.91,0.000000,0.000000,0,1,7.38
562205,-0.03,0.00,0.11,0.00,-0.06,0.06,2.1,168.8,268.2,53.27,-724.83,0.000000,0.000000,0,1,7.33
562409,-0.05,0.00,0.12,-0.06,0.12,0.00,2.1,168.8,268.2,53.28,-725.27,0.000000,0.000000,0,1,7.33
562715,0.00,-0.01,0.11,-0.18,0.06,-0.12,2.1,168.8,268.2,53.28,-724.93,0.000000,0.000000,0,1,7.33
562919,-0.00,0.00,0.10,-0.06,0.00,0.06,2.1,168.8,268.2,53.26,-724.29,0.000000,0.000000,0,1,7.33
563123,-0.00,0.00,0.11,0.06,-0.12,0.06,2.1,168.8,268.2,53.26,-724.41,0.000000,0.000000,0,1,7.33
563327,-0.01,-0.05,0.07,0.00,-0.12,0.06,2.1,168.8,268.2,53.26,-725.02,0.000000,0.000000,0,1,7.38
563531,0.00,-0.02,0.12,-0.12,0.06,0.06,2.1,168.8,268.2,53.27,-725.80,0.000000,0.000000,0,1,7.38
563735,-0.01,-0.00,0.10,0.00,0.00,-0.12,2.1,168.8,268.2,53.28,-726.36,0.000000,0.000000,0,1,7.38
564041,-0.02,-0.00,0.07,0.00,0.00,0.00,2.1,168.8,268.2,53.30,-727.03,0.000000,0.000000,0,1,7.38
564245,0.00,0.00,0.11,-0.06,-0.06,0.12,2.1,168.8,268.2,53.30,-727.03,0.000000,0.000000,0,1,7.34
564449,-0.00,-0.02,0.09,0.06,0.00,0.00,2.1,168.8,268.2,53.30,-726.83,0.000000,0.000000,0,1,7.34
564653,-0.00,0.00,0.11,-0.06,-0.25,0.00,2.1,168.8,268.2,53.31,-726.97,0.000000,0.000000,0,1,7.34
564857,0.00,0.00,0.10,-0.06,-0.31,0.00,2.1,168.8,268.2,53.31,-726.82,0.000000,0.000000,0,1,7.34
565061,-0.02,0.00,0.11,-0.06,-0.12,-0.06,2.1,168.8,268.2,53.30,-726.15,0.000000,0.000000,0,1,7.34
565265,0.00,-0.01,0.11,-0.06,-0.12,0.06,2.1,168.8,268.2,53.30,-726.27,0.000000,0.000000,0,1,7.35
565469,-0.01,0.00,0.11,0.00,-0.06,-0.06,2.1,168.8,268.2,53.31,-726.70,0.000000,0.000000,0,1,7.35
565673,-0.02,-0.00,0.09,-0.12,0.00,0.00,2.1,168.8,268.2,53.32,-727.61,0.000000,0.000000,0,1,7.35
565979,-0.01,0.00,0.10,-0.12,-0.06,-0.06,2.1,168.8,268.2,53.33,-728.10,0.000000,0.000000,0,1,7.35
566183,0.00,0.00,0.09,-0.06,-0.18,0.00,2.1,168.8,268.2,53.34,-728.67,0.000000,0.000000,0,1,7.35
566387,-0.02,0.00,0.11,0.00,0.06,-0.25,2.1,168.8,268.2,53.35,-728.83,0.000000,0.000000,0,1,7.30
566591,0.00,-0.02,0.11,0.18,0.12,-0.12,2.1,168.8,268.2,53.34,-728.02,0.000000,0.000000,0,1,7.30
566795,-0.07,0.07,0.11,0.00,0.12,-0.37,2.1,168.8,268.2,53.33,-727.42,0.000000,0.000000,0,1,7.30
566999,-0.05,0.01,0.11,-0.18,-0.18,0.00,2.1,168.8,268.2,53.32,-727.32,0.000000,0.000000,0,1,7.30
567305,-0.00,-0.05,0.11,-0.06,0.00,-0.12,2.1,168.8,268.2,53.32,-726.89,0.000000,0.000000,0,1,7.34
567509,-0.01,-0.01,0.11,0.00,-0.06,-0.12,2.1,168.8,268.2,53.32,-726.93,0.000000,0.000000,0,1,7.34
567713,0.00,-0.00,0.11,-0.06,0.00,0.00,2.1,168.8,268.2,53.31,-726.06,0.000000,0.000000,0,1,7.34
567917,-0.00,-0.02,0.10,0.12,0.12,0.06,2.1,168.8,268.2,53.30,-725.66,0.000000,0.000000,0,1,7.34
568121,-0.07,0.07,0.12,-0.18,0.12,-0.25,2.1,168.8,268.2,53.31,-726.73,0.000000,0.000000,0,1,7.34
568427,-0.02,-0.05,0.11,0.25,0.06,-0.25,2.1,168.8,268.2,53.33,-728.02,0.000000,0.000000,0,1,7.34
568631,-0.00,0.00,0.11,0.12,0.18,-0.12,2.1,168.8,268.2,53.34,-728.04,0.000000,0.000000,0,1,7.34
568835,0.00,-0.03,0.09,0.12,0.06,-0.06,2.1,168.8,268.2,53.34,-727.61,0.000000,0.000000,0,1,7.34
569039,-0.00,-0.02,0.07,0.06,0.00,-0.12,2.1,168.8,268.2,53.33,-726.93,0.000000,0.000000,0,1,7.34
569243,-0.00,-0.00,0.10,0.00,-0.06,0.00,2.1,168.8,268.2,53.32,-726.30,0.000000,0.000000,0,1,7.28
569549,-0.00,-0.02,0.07,0.00,-0.12,0.06,2.1,168.8,268.2,53.31,-725.68,0.000000,0.000000,0,1,7.28
569753,-0.00,0.00,0.13,-0.06,0.06,0.12,2.1,168.8,268.2,53.32,-726.14,0.000000,0.000000,0,1,7.28
569957,-0.00,-0.01,0.11,0.06,-0.06,-0.06,2.1,168.8,268.2,53.32,-725.83,0.000000,0.000000,0,1,7.28
570161,-0.05,0.01,0.12,0.12,0.12,0.12,2.1,168.8,268.2,53.31,-725.61,0.000000,0.000000,0,1,7.28
570365,-0.02,0.00,0.12,0.00,-0.06,0.00,2.1,168.8,268.2,53.32,-726.08,0.000000,0.000000,0,1,7.33
570569,-0.00,-0.01,0.13,0.25,0.06,0.00,2.1,168.8,268.2,53.32,-725.63,0.000000,0.000000,0,1,7.33
570773,-0.00,0.00,0.11,0.12,-0.12,0.06,2.1,168.8,268.2,53.31,-724.76,0.000000,0.000000,0,1,7.33
570977,-0.01,-0.01,0.09,0.00,0.00,-0.12,2.1,168.8,268.2,53.31,-724.73,0.000000,0.000000,0,1,7.33
571181,-0.01,0.00,0.13,0.00,0.00,-0.18,2.1,168.8,268.2,53.31,-725.75,0.000000,0.000000,0,1,7.33
571487,0.00,0.00,0.11,-0.12,0.18,-0.12,2.1,168.8,268.2,53.34,-727.18,0.000000,0.000000,0,1,7.35
571691,0.00,0.00,0.09,0.18,0.00,-0.18,2.1,168.8,268.2,53.34,-727.13,0.000000,0.000000,0,1,7.35
571895,-0.00,-0.01,0.09,0.12,0.00,0.00,2.1,168.8,268.2,53.34,-726.96,0.000000,0.000000,0,1,7.35
572099,-0.00,-0.00,0.11,-0.06,-0.06,-0.06,2.1,168.8,268.2,53.33,-726.06,0.000000,0.000000,0,1,7.35
572303,-0.00,-0.00,0.09,0.06,0.18,-0.06,2.1,168.8,268.2,53.33,-725.92,0.000000,0.000000,0,1,7.32
572507,-0.00,-0.00,0.11,0.06,0.00,-0.06,2.1,168.8,268.2,53.33,-726.27,0.000000,0.000000,0,1,7.32
572711,-0.00,-0.00,0.13,0.00,0.00,0.18,2.1,168.8,268.2,53.33,-726.00,0.000000,0.000000,0,1,7.32
573017,-0.00,-0.01,0.11,-0.06,0.00,0.06,2.1,168.8,268.2,53.33,-726.30,0.000000,0.000000,0,1,7.32
573221,-0.03,-0.01,0.11,0.00,-0.06,-0.06,2.1,168.8,268.2,53.33,-726.78,0.000000,0.000000,0,1,7.32
573425,-0.00,-0.01,0.11,-0.06,0.18,0.00,2.1,168.8,268.2,53.34,-727.08,0.000000,0.000000,0,1,7.38
573629,-0.00,-0.02,0.10,0.06,0.00,-0.06,2.1,168.8,268.2,53.35,-727.79,0.000000,0.000000,0,1,7.38
573833,-0.02,-0.01,0.11,-0.12,0.00,0.00,2.1,168.8,268.2,53.36,-728.91,0.000000,0.000000,0,1,7.38
574139,-0.02,-0.02,0.11,0.12,0.18,-0.06,2.1,168.8,268.2,53.38,-729.07,0.000000,0.000000,0,1,7.38
574343,-0.01,0.00,0.11,-0.06,0.12,0.06,2.1,168.8,268.2,53.37,-728.29,0.000000,0.000000,0,1,7.30
574547,-0.02,-0.00,0.09,0.06,0.00,-0.06,2.1,168.8,268.2,53.37,-728.62,0.000000,0.000000,0,1,7.30
574751,-0.01,-0.02,0.11,0.06,0.06,0.00,2.1,168.8,268.2,53.38,-728.96,0.000000,0.000000,0,1,7.30
574955,-0.00,-0.00,0.09,0.12,0.06,0.06,2.1,168.8,268.2,53.38,-728.86,0.000000,0.000000,0,1,7.30
575159,-0.00,-0.00,0.12,0.06,0.12,0.00,2.1,168.8,268.2,53.38,-728.83,0.000000,0.000000,0,1,7.30
575363,-0.00,0.00,0.10,0.06,0.00,0.00,2.1,168.8,268.2,53.39,-729.31,0.000000,0.000000,0,1,7.33
575669,-0.02,-0.02,0.09,-0.06,0.18,0.06,2.1,168.8,268.2,53.40,-730.58,0.000000,0.000000,0,1,7.33
575873,-0.00,-0.00,0.12,0.06,-0.12,0.00,2.1,168.8,268.2,53.41,-731.45,0.000000,0.000000,0,1,7.33
576077,0.00,-0.02,0.09,-0.12,0.00,0.18,2.1,168.8,268.2,53.42,-731.71,0.000000,0.000000,0,1,7.33
576281,-0.02,0.00,0.10,0.00,0.18,-0.18,2.1,168.8,268.2,53.43,-731.82,0.000000,0.000000,0,1,7.33
576485,-0.00,-0.00,0.13,-0.06,-0.06,-0.06,2.1,168.8,268.2,53.43,-732.03,0.000000,0.000000,0,1,7.33
576689,-0.01,-0.01,0.11,0.00,-0.18,0.06,2.1,168.8,268.2,53.43,-731.79,0.000000,0.000000,0,1,7.33
576893,-0.03,0.00,0.13,-0.06,0.00,0.00,2.1,168.8,268.2,53.43,-730.77,0.000000,0.000000,0,1,7.33
577097,0.00,-0.02,0.10,-0.18,0.12,0.00,2.1,168.8,268.2,53.41,-730.20,0.000000,0.000000,0,1,7.33
577403,0.00,-0.01,0.09,-0.06,-0.06,0.06,2.1,168.8,268.2,53.42,-731.05,0.000000,0.000000,0,1,7.35
577607,-0.03,-0.00,0.10,0.00,-0.12,0.06,2.1,168.8,268.2,53.42,-731.40,0.000000,0.000000,0,1,7.35
577811,0.00,-0.02,0.11,0.06,-0.18,0.06,2.1,168.8,268.2,53.42,-731.27,0.000000,0.000000,0,1,7.35
578015,-0.02,-0.01,0.10,0.00,-0.12,0.00,2.1,168.8,268.2,53.41,-730.88,0.000000,0.000000,0,1,7.35
578219,-0.01,0.00,0.11,0.00,0.00,-0.06,2.1,168.8,268.2,53.40,-730.53,0.000000,0.000000,0,1,7.35
578423,0.00,-0.02,0.10,0.06,0.06,0.18,2.1,168.8,268.2,53.41,-730.78,0.000000,0.000000,0,1,7.36
578729,-0.01,-0.05,0.11,0.18,0.06,-0.06,2.1,168.8,268.2,53.41,-730.52,0.000000,0.000000,0,1,7.36
578933,0.00,-0.01,0.09,-0.06,0.12,0.00,2.1,168.8,268.2,53.39,-728.94,0.000000,0.000000,0,1,7.36
579137,-0.01,-0.00,0.11,-0.12,0.06,0.00,2.1,168.8,268.2,53.37,-728.40,0.000000,0.000000,0,1,7.36
579341,0.00,-0.00,0.11,0.06,0.06,-0.06,2.1,168.8,268.2,53.37,-728.91,0.000000,0.000000,0,1,7.30
579545,-0.00,0.00,0.11,-0.06,0.06,0.00,2.1,168.8,268.2,53.39,-729.56,0.000000,0.000000,0,1,7.30
579749,-0.01,-0.01,0.11,-0.12,0.00,0.12,2.1,168.8,268.2,53.40,-730.19,0.000000,0.000000,0,1,7.30
580055,-0.00,0.00,0.09,0.00,0.06,-0.18,2.1,168.8,268.2,53.41,-730.85,0.000000,0.000000,0,1,7.30
580259,-0.00,-0.02,0.09,0.00,-0.06,0.00,2.1,168.8,268.2,53.42,-731.43,0.000000,0.000000,0,1,7.30
580463,-0.02,-0.01,0.09,0.06,0.00,0.00,2.1,168.8,268.2,53.43,-731.93,0.000000,0.000000,0,1,7.34
580667,-0.00,0.00,0.09,0.00,0.06,0.12,2.1,168.8,268.2,53.44,-732.33,0.000000,0.000000,0,1,7.34
580871,0.00,0.00,0.10,-0.18,0.00,0.12,2.1,168.8,268.2,53.45,-732.62,0.000000,0.000000,0,1,7.34
581075,-0.02,0.00,0.11,-0.06,0.06,-0.06,2.1,168.8,268.2,53.45,-732.68,0.000000,0.000000,0,1,7.34
581279,0.00,0.00,0.11,-0.06,0.18,-0.06,2.1,168.8,268.2,53.46,-732.71,0.000000,0.000000,0,1,7.34
581585,0.00,-0.02,0.11,0.06,0.12,0.00,2.1,168.8,268.2,53.46,-732.43,0.000000,0.000000,0,1,7.36
581789,-0.02,-0.02,0.11,0.00,-0.06,0.12,2.1,168.8,268.2,53.46,-732.45,0.000000,0.000000,0,1,7.36
581993,-0.00,-0.00,0.10,0.00,-0.18,0.00,2.1,168.8,268.2,53.46,-732.20,0.000000,0.000000,0,1,7.36
582197,-0.00,-0.01,0.11,0.12,0.06,-0.12,2.1,168.8,268.2,53.45,-731.60,0.000000,0.000000,0,1,7.36
582401,-0.00,-0.02,0.11,0.06,-0.06,0.12,2.1,168.8,268.2,53.45,-731.57,0.000000,0.000000,0,1,7.29
582605,-0.00,0.00,0.09,-0.06,0.18,0.00,2.1,168.8,268.2,53.46,-732.16,0.000000,0.000000,0,1,7.29
582809,-0.01,0.00,0.09,-0.12,0.00,0.12,2.1,168.8,268.2,53.46,-732.46,0.000000,0.000000,0,1,7.29
583013,0.00,-0.05,0.09,0.00,0.12,0.06,2.1,168.8,268.2,53.47,-732.19,0.000000,0.000000,0,1,7.29
583217,0.05,-0.09,0.07,0.06,0.18,0.12,2.1,168.8,268.2,53.47,-732.09,0.000000,0.000000,0,1,7.29
583523,0.00,0.01,0.11,-0.12,0.00,0.00,2.1,168.8,268.2,53.47,-732.65,0.000000,0.000000,0,1,7.37
583727,-0.00,0.00,0.09,0.00,0.06,0.12,2.1,168.8,268.2,53.48,-733.86,0.000000,0.000000,0,1,7.37
583931,-0.01,0.00,0.12,0.06,-0.06,0.00,2.1,168.8,268.2,53.50,-735.25,0.000000,0.000000,0,1,7.37
584135,-0.07,0.00,0.11,0.12,0.12,0.25,2.1,168.8,268.2,53.52,-736.33,0.000000,0.000000,0,1,7.37
584339,-0.01,-0.01,0.11,0.12,0.06,0.12,2.1,168.8,268.2,53.54,-736.90,0.000000,0.000000,0,1,7.37
584645,0.02,-0.01,0.10,-0.06,0.12,0.06,2.1,168.8,268.2,53.54,-737.03,0.000000,0.000000,0,1,7.38
584849,-0.03,0.00,0.11,0.00,0.00,-0.18,2.1,168.8,268.2,53.54,-736.93,0.000000,0.000000,0,1,7.38
585053,-0.02,-0.02,0.11,-0.06,0.00,-0.12,2.1,168.8,268.2,53.54,-736.98,0.000000,0.000000,0,1,7.38
585257,-0.20,-0.15,0.09,0.12,0.12,-0.25,2.1,168.8,268.2,53.54,-736.79,0.000000,0.000000,0,1,7.38
585461,-0.07,-0.11,0.07,0.31,-0.06,0.18,2.1,168.8,268.2,53.55,-737.37,0.000000,0.000000,0,1,7.30
585767,-0.00,-0.07,0.10,-0.12,0.37,-0.12,2.1,168.8,268.2,53.57,-738.41,0.000000,0.000000,0,1,7.30
585971,-0.03,0.05,0.12,-0.18,-0.06,-0.06,2.1,168.8,268.2,53.58,-739.05,0.000000,0.000000,0,1,7.30
586175,-0.02,0.00,0.11,0.00,-0.06,0.12,2.1,168.8,268.2,53.59,-739.58,0.000000,0.000000,0,1,7.30
586379,-0.00,0.01,0.11,-0.06,0.00,0.00,2.1,168.8,268.2,53.60,-739.99,0.000000,0.000000,0,1,7.30
586583,-0.02,-0.00,0.11,0.00,-0.18,-0.18,2.1,168.8,268.2,53.60,-740.19,0.000000,0.000000,0,1,7.33
586787,-0.01,-0.03,0.10,0.06,0.18,0.06,2.1,168.8,268.2,53.60,-740.24,0.000000,0.000000,0,1,7.33
586991,-0.00,0.00,0.11,0.00,0.06,0.06,2.1,168.8,268.2,53.60,-739.97,0.000000,0.000000,0,1,7.33
587195,-0.01,0.00,0.12,0.12,-0.06,-0.25,2.1,168.8,268.2,53.60,-740.05,0.000000,0.000000,0,1,7.33
587399,-0.00,-0.05,0.13,0.06,-0.06,0.06,2.1,168.8,268.2,53.61,-740.51,0.000000,0.000000,0,1,7.33
587705,-0.02,-0.03,0.11,0.06,0.06,0.12,2.1,168.8,268.2,53.62,-741.37,0.000000,0.000000,0,1,7.41
587909,-0.00,-0.02,0.10,-0.06,-0.06,0.06,2.1,168.8,268.2,53.63,-741.79,0.000000,0.000000,0,1,7.41
588113,-0.01,-0.00,0.11,0.00,0.06,0.06,2.1,168.8,268.2,53.63,-741.87,0.000000,0.000000,0,1,7.41
588317,0.00,-0.00,0.11,-0.06,-0.12,-0.12,2.1,168.8,268.2,53.63,-741.62,0.000000,0.000000,0,1,7.41
588521,-0.02,-0.01,0.10,0.12,0.12,0.00,2.1,168.8,268.2,53.63,-741.57,0.000000,0.000000,0,1,7.40
588725,0.00,0.00,0.10,-0.06,0.00,-0.06,2.1,168.8,268.2,53.63,-741.88,0.000000,0.000000,0,1,7.40
588929,0.00,-0.03,0.11,0.00,-0.06,0.12,2.1,168.8,268.2,53.64,-742.02,0.000000,0.000000,0,1,7.40
589235,-0.03,-0.00,0.10,-0.06,0.06,0.12,2.1,168.8,268.2,53.64,-742.02,0.000000,0.000000,0,1,7.40
589439,0.00,-0.01,0.09,0.12,-0.12,0.12,2.1,168.8,268.2,53.64,-741.97,0.000000,0.000000,0,1,7.34
589643,0.00,-0.00,0.11,0.06,-0.06,-0.12,2.1,168.8,268.2,53.64,-741.89,0.000000,0.000000,0,1,7.34
589847,-0.02,0.00,0.10,-0.12,0.00,0.06,2.1,168.8,268.2,53.64,-741.44,0.000000,0.000000,0,1,7.34
590051,-0.00,-0.02,0.11,-0.06,-0.06,0.12,2.1,168.8,268.2,53.62,-740.78,0.000000,0.000000,0,1,7.34
590357,0.00,-0.01,0.11,-0.12,0.06,-0.12,2.1,168.8,268.2,53.61,-740.22,0.000000,0.000000,0,1,7.34
590561,0.00,-0.00,0.10,-0.06,0.06,-0.06,2.1,168.8,268.2,53.61,-739.60,0.000000,0.000000,0,1,7.33
590765,-0.01,-0.00,0.09,-0.12,0.12,-0.06,2.1,168.8,268.2,53.61,-739.36,0.000000,0.000000,0,1,7.33
590969,-0.01,-0.01,0.09,-0.06,-0.06,-0.06,2.1,168.8,268.2,53.61,-739.45,0.000000,0.000000,0,1,7.33
591173,-0.02,-0.01,0.09,0.00,0.06,0.06,2.1,168.8,268.2,53.61,-739.59,0.000000,0.000000,0,1,7.33
591377,-0.00,-0.03,0.11,-0.06,0.06,0.18,2.1,168.8,268.2,53.62,-740.07,0.000000,0.000000,0,1,7.33
591581,0.00,0.00,0.09,0.12,-0.06,-0.06,2.1,168.8,268.2,53.63,-741.38,0.000000,0.000000,0,1,7.37
591887,-0.02,0.00,0.09,0.00,-0.06,-0.12,2.1,168.8,268.2,53.65,-742.25,0.000000,0.000000,0,1,7.37
592091,0.00,-0.02,0.10,-0.12,-0.06,0.18,2.1,168.8,268.2,53.65,-742.68,0.000000,0.000000,0,1,7.37
592295,-0.01,0.00,0.11,0.00,0.00,0.00,2.1,168.8,268.2,53.66,-742.59,0.000000,0.000000,0,1,7.37
592499,-0.01,-0.00,0.10,-0.12,0.00,0.00,2.1,168.8,268.2,53.65,-742.19,0.000000,0.000000,0,1,7.39
592703,-0.00,0.00,0.09,0.00,0.00,0.06,2.1,168.8,268.2,53.65,-742.27,0.000000,0.000000,0,1,7.39
592907,0.00,-0.01,0.11,0.12,0.00,0.12,2.1,168.8,268.2,53.65,-742.29,0.000000,0.000000,0,1,7.39
593111,-0.02,-0.01,0.11,0.00,-0.12,-0.06,2.1,168.8,268.2,53.64,-741.62,0.000000,0.000000,0,1,7.39
593315,-0.00,-0.03,0.11,-0.12,-0.06,0.12,2.1,168.8,268.2,53.64,-741.46,0.000000,0.000000,0,1,7.39
593519,-0.03,-0.01,0.11,-0.12,0.00,0.06,2.1,168.8,268.2,53.64,-741.67,0.000000,0.000000,0,1,7.34
593825,0.00,-0.01,0.10,0.00,-0.06,-0.06,2.1,168.8,268.2,53.64,-742.15,0.000000,0.000000,0,1,7.34
594029,-0.00,-0.03,0.10,0.00,0.00,0.06,2.1,168.8,268.2,53.65,-742.34,0.000000,0.000000,0,1,7.34
594233,-0.00,-0.02,0.11,0.06,-0.12,-0.06,2.1,168.8,268.2,53.65,-742.62,0.000000,0.000000,0,1,7.34
594437,-0.01,-0.01,0.07,-0.06,-0.12,0.00,2.1,168.8,268.2,53.66,-742.46,0.000000,0.000000,0,1,7.34
594641,-0.01,-0.01,0.11,-0.06,-0.18,-0.25,2.1,168.8,268.2,53.64,-740.72,0.000000,0.000000,0,1,7.40
594947,-0.01,-0.00,0.11,0.00,0.12,0.00,2.1,168.8,268.2,53.62,-739.99,0.000000,0.000000,0,1,7.40
595151,0.00,-0.02,0.11,0.06,0.06,0.18,2.1,168.8,268.2,53.62,-740.12,0.000000,0.000000,0,1,7.40
595355,-0.00,-0.05,0.10,0.06,-0.06,0.12,2.1,168.8,268.2,53.62,-740.53,0.000000,0.000000,0,1,7.40
595559,-0.02,0.00,0.10,-0.06,0.00,0.00,2.1,168.8,268.2,53.63,-741.31,0.000000,0.000000,0,1,7.30
595763,0.00,-0.03,0.09,-0.12,-0.12,0.06,2.1,168.8,268.2,53.63,-740.51,0.000000,0.000000,0,1,7.30
596069,-0.01,-0.02,0.10,0.00,-0.18,0.06,2.1,168.8,268.2,53.61,-739.17,0.000000,0.000000,0,1,7.30
596273,-0.01,-0.01,0.10,-0.25,0.00,0.00,2.1,168.8,268.2,53.61,-739.50,0.000000,0.000000,0,1,7.30
596477,-0.03,-0.01,0.09,-0.06,-0.06,0.06,2.1,168.8,268.2,53.61,-739.85,0.000000,0.000000,0,1,7.30
596681,0.00,-0.01,0.10,0.12,-0.06,-0.12,2.1,168.8,268.2,53.61,-740.08,0.000000,0.000000,0,1,7.33
596885,0.00,-0.02,0.07,0.06,0.00,0.00,2.1,168.8,268.2,53.61,-739.75,0.000000,0.000000,0,1,7.33
597089,-0.02,-0.00,0.10,0.12,-0.06,-0.12,2.1,168.8,268.2,53.61,-739.42,0.000000,0.000000,0,1,7.33
597293,0.00,-0.05,0.11,0.06,-0.06,-0.06,2.1,168.8,268.2,53.61,-739.75,0.000000,0.000000,0,1,7.33
597497,-0.01,-0.01,0.10,-0.06,0.00,-0.18,2.1,168.8,268.2,53.62,-740.01,0.000000,0.000000,0,1,7.33
597803,0.00,-0.00,0.07,0.06,0.06,-0.12,2.1,168.8,268.2,53.62,-740.08,0.000000,0.000000,0,1,7.39
598007,0.00,-0.02,0.09,0.00,-0.06,0.00,2.1,168.8,268.2,53.62,-739.76,0.000000,0.000000,0,1,7.39
598211,-0.00,-0.01,0.11,0.06,0.00,0.00,2.1,168.8,268.2,53.61,-739.22,0.000000,0.000000,0,1,7.39
598415,-0.03,-0.03,0.11,-0.12,-0.06,0.06,2.1,168.8,268.2,53.61,-739.23,0.000000,0.000000,0,1,7.39
598619,0.00,0.00,0.11,0.00,0.18,0.12,2.1,168.8,268.2,53.61,-739.60,0.000000,0.000000,0,1,7.39
598823,0.00,-0.03,0.07,-0.06,0.00,-0.06,2.1,168.8,268.2,53.62,-739.70,0.000000,0.000000,0,1,7.39
599027,-0.01,-0.02,0.09,0.12,0.18,-0.18,2.1,168.8,268.2,53.62,-739.98,0.000000,0.000000,0,1,7.39
599231,0.00,-0.01,0.11,0.00,0.18,-0.06,2.1,168.8,268.2,53.62,-740.51,0.000000,0.000000,0,1,7.39
599537,-0.03,-0.02,0.09,0.00,0.06,-0.06,2.1,168.8,268.2,53.63,-740.52,0.000000,0.000000,0,1,7.32
599741,0.00,-0.00,0.10,0.00,0.18,0.00,2.1,168.8,268.2,53.63,-740.49,0.000000,0.000000,0,1,7.32
599945,-0.01,-0.00,0.12,-0.06,0.00,0.06,2.1,168.8,268.2,53.63,-740.39,0.000000,0.000000,0,1,7.32
600149,-0.01,-0.01,0.11,0.06,-0.12,-0.06,2.1,168.8,268.2,53.63,-740.63,0.000000,0.000000,0,1,7.32
600353,-0.01,-0.01,0.10,0.06,-0.06,0.06,2.1,168.8,268.2,53.63,-740.72,0.000000,0.000000,0,1,7.32
600659,-0.00,-0.02,0.10,-0.12,0.06,0.12,2.1,168.8,268.2,53.63,-740.48,0.000000,0.000000,0,1,7.37
600863,-0.01,0.00,0.10,0.06,0.25,0.06,2.1,168.8,268.2,53.64,-740.95,0.000000,0.000000,0,1,7.37
601067,-0.02,-0.01,0.11,-0.06,0.06,0.00,2.1,168.8,268.2,53.64,-741.59,0.000000,0.000000,0,1,7.37
601271,0.00,0.00,0.09,-0.06,0.12,0.00,2.1,168.8,268.2,53.65,-742.00,0.000000,0.000000,0,1,7.37
601475,-0.03,-0.00,0.11,0.06,0.18,0.06,2.1,168.8,268.2,53.65,-741.58,0.000000,0.000000,0,1,7.37
601679,-0.00,-0.01,0.12,0.00,0.06,0.18,2.1,168.8,268.2,53.64,-740.67,0.000000,0.000000,0,1,7.36
601985,0.00,-0.00,0.07,0.18,0.06,0.00,2.1,168.8,268.2,53.63,-740.38,0.000000,0.000000,0,1,7.36
602189,-0.02,-0.00,0.11,0.12,0.00,-0.06,2.1,168.8,268.2,53.63,-740.44,0.000000,0.000000,0,1,7.36
602393,0.00,-0.01,0.09,0.00,-0.06,0.12,2.1,168.8,268.2,53.62,-739.49,0.000000,0.000000,0,1,7.36
602597,-0.00,-0.01,0.11,0.06,-0.18,0.06,2.1,168.8,268.2,53.61,-738.19,0.000000,0.000000,0,1,7.39
602801,0.00,-0.00,0.11,-0.12,0.12,0.12,2.1,168.8,268.2,53.59,-737.12,0.000000,0.000000,0,1,7.39
603107,0.00,-0.03,0.11,0.00,0.00,0.06,2.1,168.8,268.2,53.60,-739.03,0.000000,0.000000,0,1,7.39
603311,-0.02,-0.02,0.11,0.00,-0.12,0.00,2.1,168.8,268.2,53.62,-739.81,0.000000,0.000000,0,1,7.39
603515,-0.00,-0.01,0.10,-0.06,0.00,0.00,2.1,168.8,268.2,53.63,-739.71,0.000000,0.000000,0,1,7.39
603719,-0.00,-0.05,0.11,0.12,0.06,-0.18,2.1,168.8,268.2,53.63,-740.04,0.000000,0.000000,0,1,7.36
603923,-0.00,-0.01,0.11,-0.06,-0.06,0.06,2.1,168.8,268.2,53.63,-740.40,0.000000,0.000000,0,1,7.36
604127,-0.01,-0.02,0.10,0.12,-0.06,0.00,2.1,168.8,268.2,53.63,-739.95,0.000000,0.000000,0,1,7.36
604331,-0.01,-0.02,0.11,0.06,-0.06,0.00,2.1,168.8,268.2,53.63,-740.12,0.000000,0.000000,0,1,7.36
604535,-0.00,-0.01,0.09,0.00,0.00,-0.12,2.1,168.8,268.2,53.64,-740.52,0.000000,0.000000,0,1,7.36
604739,-0.00,0.00,0.07,0.06,-0.12,-0.06,2.1,168.8,268.2,53.65,-741.00,0.000000,0.000000,0,1,7.36
605045,-0.01,-0.00,0.11,0.12,0.06,-0.12,2.1,168.8,268.2,53.66,-741.96,0.000000,0.000000,0,1,7.36
605249,-0.03,-0.00,0.11,0.00,0.00,0.00,2.1,168.8,268.2,53.67,-742.48,0.000000,0.000000,0,1,7.36
605453,-0.00,-0.00,0.09,0.00,0.06,0.12,2.1,168.8,268.2,53.67,-742.96,0.000000,0.000000,0,1,7.36
605657,-0.03,-0.02,0.10,0.06,0.25,0.00,2.1,168.8,268.2,53.68,-743.32,0.000000,0.000000,0,1,7.38
605861,-0.01,-0.00,0.11,0.18,0.06,0.00,2.1,168.8,268.2,53.68,-743.21,0.000000,0.000000,0,1,7.38
606065,0.00,-0.02,0.11,-0.06,-0.12,-0.06,2.1,168.8,268.2,53.68,-742.79,0.000000,0.000000,0,1,7.38
606371,0.00,-0.01,0.10,-0.06,-0.06,0.00,2.1,168.8,268.2,53.68,-742.86,0.000000,0.000000,0,1,7.38
606575,0.00,0.00,0.10,0.06,-0.06,0.06,2.1,168.8,268.2,53.68,-742.73,0.000000,0.000000,0,1,7.38
606779,0.00,0.00,0.10,0.00,-0.06,0.00,2.1,168.8,268.2,53.67,-741.54,0.000000,0.000000,0,1,7.32
606983,-0.01,-0.01,0.11,-0.12,0.00,0.18,2.1,168.8,268.2,53.66,-741.12,0.000000,0.000000,0,1,7.32
607187,-0.02,-0.05,0.05,-0.12,0.12,-0.06,2.1,168.8,268.2,53.64,-740.81,0.000000,0.000000,0,1,7.32
607391,-0.00,-0.02,0.11,0.06,0.00,-0.06,2.1,168.8,268.2,53.64,-740.96,0.000000,0.000000,0,1,7.32
607697,0.00,-0.01,0.11,0.00,0.06,0.00,2.1,168.8,268.2,53.64,-740.87,0.000000,0.000000,0,1,7.39
607901,-0.01,-0.02,0.07,-0.06,0.12,-0.06,2.1,168.8,268.2,53.64,-740.78,0.000000,0.000000,0,1,7.39
608105,0.00,0.00,0.12,-0.06,0.06,-0.12,2.1,168.8,268.2,53.63,-740.26,0.000000,0.000000,0,1,7.39
608309,0.00,-0.02,0.11,0.00,0.06,0.00,2.1,168.8,268.2,53.62,-739.13,0.000000,0.000000,0,1,7.39
608513,-0.00,-0.00,0.11,0.12,0.06,0.12,2.1,168.8,268.2,53.60,-737.75,0.000000,0.000000,0,1,7.39
608717,0.00,-0.02,0.11,0.00,0.18,-0.06,2.1,168.8,268.2,53.60,-737.94,0.000000,0.000000,0,1,7.35
608921,-0.00,0.00,0.11,-0.12,0.06,0.00,2.1,168.8,268.2,53.60,-738.17,0.000000,0.000000,0,1,7.35
609227,0.00,-0.00,0.11,0.12,0.00,-0.25,2.1,168.8,268.2,53.61,-738.41,0.000000,0.000000,0,1,7.35
609431,-0.02,-0.02,0.11,-0.06,0.00,-0.06,2.1,168.8,268.2,53.61,-739.00,0.000000,0.000000,0,1,7.35
609635,-0.01,-0.00,0.11,0.06,0.18,-0.06,2.1,168.8,268.2,53.62,-739.71,0.000000,0.000000,0,1,7.30
609839,-0.01,-0.03,0.10,0.18,-0.06,0.00,2.1,168.8,268.2,53.63,-740.23,0.000000,0.000000,0,1,7.30
610043,-0.00,-0.01,0.11,0.00,-0.06,-0.12,2.1,168.8,268.2,53.63,-740.49,0.000000,0.000000,0,1,7.30
610247,0.00,-0.01,0.07,0.00,-0.06,0.00,2.1,168.8,268.2,53.64,-740.82,0.000000,0.000000,0,1,7.30
610451,-0.03,0.00,0.09,-0.12,-0.12,-0.06,2.1,168.8,268.2,53.64,-741.24,0.000000,0.000000,0,1,7.30
610655,0.00,0.00,0.11,-0.12,0.06,0.12,2.1,168.8,268.2,53.65,-741.54,0.000000,0.000000,0,1,7.34
610961,-0.10,-0.02,0.07,0.31,-0.06,-0.06,2.1,168.8,268.2,53.63,-739.52,0.000000,0.000000,0,1,7.34
611165,0.01,0.05,0.13,-0.12,0.00,-0.18,2.1,168.8,268.2,53.62,-739.17,0.000000,0.000000,0,1,7.34
611369,-0.07,0.01,0.10,0.06,-0.06,-0.06,2.1,168.8,268.2,53.62,-739.28,0.000000,0.000000,0,1,7.34
611573,0.00,-0.02,0.11,-0.12,0.00,0.12,2.1,168.8,268.2,53.62,-739.18,0.000000,0.000000,0,1,7.34
611777,0.11,-0.03,0.00,14.50,3.00,3.18,2.0,168.6,268.2,53.61,-739.38,0.000000,0.000000,0,1,7.32
611981,-0.09,0.00,0.07,0.68,0.12,0.06,2.1,168.7,268.2,53.61,-739.56,0.000000,0.000000,0,1,7.32
612287,0.00,-0.02,0.12,-0.68,-0.37,0.06,2.1,168.6,268.2,53.58,-737.32,0.000000,0.000000,0,1,7.32
612491,-0.01,-0.03,0.11,0.06,0.06,-0.06,2.1,168.6,268.2,53.56,-735.97,0.000000,0.000000,0,1,7.32
612695,-0.00,-0.00,0.12,0.06,-0.06,0.06,2.1,168.6,268.2,53.54,-733.85,0.000000,0.000000,0,1,7.37
612899,-0.00,-0.01,0.07,0.25,0.18,0.18,2.1,168.6,268.2,53.52,-733.07,0.000000,0.000000,0,1,7.37
613103,0.00,-0.01,0.10,-0.18,0.00,-0.06,2.1,168.6,268.2,53.52,-732.87,0.000000,0.000000,0,1,7.37
613409,0.00,-0.00,0.10,-0.12,-0.06,-0.18,2.1,168.6,268.2,53.53,-733.89,0.000000,0.000000,0,1,7.37
613613,0.00,-0.00,0.09,0.00,-0.25,0.18,2.1,168.6,268.2,53.54,-734.64,0.000000,0.000000,0,1,7.37
613817,0.00,-0.02,0.11,0.00,0.00,0.12,2.1,168.6,268.2,53.54,-735.12,0.000000,0.000000,0,1,7.34
614021,-0.01,-0.01,0.11,0.00,-0.25,0.12,2.1,168.6,268.2,53.55,-735.17,0.000000,0.000000,0,1,7.34
614225,-0.01,-0.03,0.11,0.12,-0.06,-0.12,2.1,168.6,268.2,53.55,-735.71,0.000000,0.000000,0,1,7.34
614429,0.00,-0.00,0.11,-0.06,0.00,-0.06,2.1,168.6,268.2,53.56,-736.16,0.000000,0.000000,0,1,7.34
614633,-0.01,-0.02,0.09,-0.25,0.12,0.06,2.1,168.6,268.2,53.55,-734.57,0.000000,0.000000,0,1,7.34
614837,0.00,-0.03,0.10,0.06,0.06,0.06,2.1,168.6,268.2,53.53,-732.81,0.000000,0.000000,0,1,7.34
615143,-0.03,-0.01,0.09,0.12,-0.06,-0.06,2.1,168.6,268.2,53.52,-733.23,0.000000,0.000000,0,1,7.34
615347,0.00,-0.05,0.10,0.00,-0.12,0.12,2.1,168.6,268.2,53.53,-734.50,0.000000,0.000000,0,1,7.34
615551,-0.01,-0.00,0.09,-0.12,-0.06,-0.18,2.1,168.6,268.2,53.55,-735.34,0.000000,0.000000,0,1,7.34
615755,0.00,0.00,0.10,-0.18,-0.06,0.06,2.1,168.6,268.2,53.56,-736.13,0.000000,0.000000,0,1,7.36
615959,0.00,-0.01,0.15,0.00,-0.18,-0.06,2.1,168.6,268.2,53.57,-736.24,0.000000,0.000000,0,1,7.36
616163,0.00,-0.02,0.11,-0.06,0.06,0.06,2.1,168.6,268.2,53.57,-736.45,0.000000,0.000000,0,1,7.36
616367,0.00,-0.02,0.10,0.06,0.00,0.00,2.1,168.6,268.2,53.58,-737.30,0.000000,0.000000,0,1,7.36
616571,0.00,-0.05,0.10,0.12,-0.06,-0.06,2.1,168.6,268.2,53.59,-737.92,0.000000,0.000000,0,1,7.36
616877,0.00,-0.01,0.12,-0.06,0.12,-0.18,2.1,168.6,268.2,53.59,-737.59,0.000000,0.000000,0,1,7.30
617081,-0.00,-0.03,0.11,-0.06,0.00,-0.06,2.1,168.6,268.2,53.58,-736.66,0.000000,0.000000,0,1,7.30
617285,-0.01,-0.02,0.12,-0.06,-0.12,-0.12,2.1,168.6,268.2,53.56,-734.67,0.000000,0.000000,0,1,7.30
617489,-0.00,-0.00,0.10,0.25,0.12,-0.12,2.1,168.6,268.2,53.54,-734.45,0.000000,0.000000,0,1,7.30
617693,0.02,-0.05,0.11,0.56,0.31,0.12,2.1,168.6,268.2,53.55,-734.54,0.000000,0.000000,0,1,7.30
617999,0.00,-0.02,0.07,-0.18,-0.12,-0.06,2.1,168.6,268.2,53.53,-733.26,0.000000,0.000000,0,1,7.36
618203,0.00,-0.00,0.10,-0.12,-0.06,-0.18,2.1,168.6,268.2,53.52,-732.81,0.000000,0.000000,0,1,7.36
618407,-0.01,0.00,0.10,0.00,0.06,0.00,2.1,168.6,268.2,53.52,-733.00,0.000000,0.000000,0,1,7.36
618611,0.00,-0.03,0.09,-0.12,-0.06,-0.06,2.1,168.6,268.2,53.53,-733.46,0.000000,0.000000,0,1,7.36
618815,-0.00,-0.02,0.10,0.00,0.00,0.06,2.1,168.6,268.2,53.53,-733.62,0.000000,0.000000,0,1,7.37
619019,-0.02,-0.03,0.07,0.25,0.12,0.06,2.1,168.6,268.2,53.51,-731.55,0.000000,0.000000,0,1,7.37
619325,0.00,-0.02,0.12,-0.37,0.00,0.00,2.1,168.6,268.2,53.48,-729.81,0.000000,0.000000,0,1,7.37
619529,-0.01,-0.05,0.07,0.00,0.12,0.00,2.1,168.6,268.2,53.46,-728.34,0.000000,0.000000,0,1,7.37
619733,0.00,-0.00,0.07,1.00,0.12,0.06,2.1,168.6,268.2,53.45,-727.41,0.000000,0.000000,0,1,7.38
619937,0.00,-0.05,0.10,-0.12,-0.18,0.06,2.1,168.6,268.2,53.44,-727.98,0.000000,0.000000,0,1,7.38
620141,0.00,-0.01,0.11,0.18,0.12,0.00,2.1,168.6,268.2,53.45,-728.75,0.000000,0.000000,0,1,7.38
620345,-0.02,-0.05,0.10,0.00,-0.12,0.18,2.1,168.6,268.2,53.47,-729.66,0.000000,0.000000,0,1,7.38
620549,0.00,-0.02,0.07,0.00,0.00,0.06,2.1,168.6,268.2,53.48,-730.54,0.000000,0.000000,0,1,7.38
620753,0.00,-0.03,0.01,1.12,0.18,0.12,2.1,168.6,268.2,53.48,-729.94,0.000000,0.000000,0,1,7.37
620957,-0.01,-0.01,0.07,-0.12,0.00,0.06,2.1,168.6,268.2,53.46,-728.18,0.000000,0.000000,0,1,7.37
621263,0.00,-0.01,0.07,-0.12,-0.06,0.06,2.1,168.6,268.2,53.43,-726.57,0.000000,0.000000,0,1,7.37
621467,-0.03,-0.03,0.09,0.37,0.18,0.00,2.1,168.6,268.2,53.43,-727.13,0.000000,0.000000,0,1,7.37
621671,-0.00,0.00,0.12,-0.06,0.06,-0.06,2.1,168.6,268.2,53.44,-728.01,0.000000,0.000000,0,1,7.37
621875,0.02,-0.02,0.11,0.00,0.00,0.00,2.1,168.6,268.2,53.44,-727.48,0.000000,0.000000,0,1,7.29
622079,-0.00,-0.03,0.11,-0.06,-0.06,0.00,2.1,168.6,268.2,53.42,-726.43,0.000000,0.000000,0,1,7.29
622283,-0.01,-0.02,0.11,0.00,0.06,0.06,2.1,168.6,268.2,53.41,-725.64,0.000000,0.000000,0,1,7.29
622589,0.00,-0.03,0.10,0.06,0.00,0.00,2.1,168.6,268.2,53.38,-723.52,0.000000,0.000000,0,1,7.29
622793,-0.03,-0.02,0.07,-0.06,-0.06,0.06,2.1,168.6,268.2,53.38,-724.89,0.000000,0.000000,0,1,7.34
622997,-0.00,-0.03,0.10,0.06,0.18,0.12,2.1,168.6,268.2,53.41,-727.13,0.000000,0.000000,0,1,7.34
623201,-0.05,-0.03,0.09,0.00,-0.25,0.00,2.1,168.6,268.2,53.43,-728.77,0.000000,0.000000,0,1,7.34
623405,0.00,-0.02,0.07,-0.06,-0.18,0.06,2.1,168.6,268.2,53.44,-729.03,0.000000,0.000000,0,1,7.34
623711,0.00,-0.05,0.10,-0.06,0.12,0.25,2.1,168.6,268.2,53.44,-729.39,0.000000,0.000000,0,1,7.34
623915,0.05,-0.07,0.11,0.06,-0.37,0.50,2.1,168.6,268.2,53.45,-729.75,0.000000,0.000000,0,1,7.32
624119,0.01,-0.07,0.11,-0.06,0.00,-0.06,2.1,168.6,268.2,53.45,-729.78,0.000000,0.000000,0,1,7.32
624323,-0.05,-0.01,0.10,-0.43,-0.06,0.12,2.1,168.6,268.2,53.45,-729.41,0.000000,0.000000,0,1,7.32
624527,0.00,-0.09,0.07,-0.31,-0.12,0.31,2.1,168.6,268.2,53.44,-729.09,0.000000,0.000000,0,1,7.32
624731,0.05,-0.19,0.09,0.12,0.06,0.00,2.1,168.6,268.2,53.44,-729.34,0.000000,0.000000,0,1,7.32
624935,0.00,-0.07,0.07,-0.06,0.00,-0.06,2.1,168.6,268.2,53.44,-728.93,0.000000,0.000000,0,1,7.28
625139,-0.03,0.03,0.13,-0.06,0.12,-0.25,2.1,168.6,268.2,53.43,-727.64,0.000000,0.000000,0,1,7.28
625445,0.03,-0.02,0.09,0.06,0.00,0.25,2.1,168.6,268.2,53.42,-727.58,0.000000,0.000000,0,1,7.28
625649,-0.05,-0.01,0.15,-0.50,0.00,-0.25,2.1,168.6,268.2,53.43,-728.43,0.000000,0.000000,0,1,7.28
625853,0.00,0.02,0.07,-0.18,-0.12,0.00,2.1,168.6,268.2,53.44,-729.08,0.000000,0.000000,0,1,7.30
626057,-0.05,-0.07,0.09,0.12,0.06,0.00,2.1,168.6,268.2,53.45,-729.71,0.000000,0.000000,0,1,7.30
626261,0.02,-0.07,0.07,0.06,0.18,-0.06,2.1,168.6,268.2,53.46,-730.03,0.000000,0.000000,0,1,7.30
626465,0.05,-0.07,0.10,-0.06,0.00,0.12,2.1,168.6,268.2,53.46,-730.46,0.000000,0.000000,0,1,7.30
626669,0.09,-0.12,0.11,0.06,0.12,0.00,2.1,168.6,268.2,53.46,-730.32,0.000000,0.000000,0,1,7.30
626873,-0.11,0.03,0.07,0.00,-0.06,-0.56,2.1,168.6,268.2,53.46,-729.84,0.000000,0.000000,0,1,7.32
627179,0.00,0.05,0.13,-0.31,-0.06,-0.25,2.1,168.6,268.2,53.45,-729.40,0.000000,0.000000,0,1,7.32
627383,-0.07,0.03,0.09,0.43,0.00,-0.12,2.1,168.6,268.2,53.45,-729.58,0.000000,0.000000,0,1,7.32
627587,-0.07,0.00,0.12,-0.12,0.00,-0.31,2.1,168.6,268.2,53.46,-730.01,0.000000,0.000000,0,1,7.32
627791,0.05,-0.12,0.07,0.25,-0.12,0.06,2.1,168.6,268.2,53.46,-730.03,0.000000,0.000000,0,1,7.32
627995,0.01,-0.11,0.09,0.06,-0.12,0.25,2.1,168.6,268.2,53.45,-729.81,0.000000,0.000000,0,1,7.37
628301,0.00,-0.01,0.11,0.06,0.18,0.00,2.1,168.6,268.2,53.45,-730.13,0.000000,0.000000,0,1,7.37
628505,-0.01,-0.05,0.11,0.12,0.31,0.00,2.1,168.6,268.2,53.46,-730.62,0.000000,0.000000,0,1,7.37
628709,0.00,-0.00,0.13,0.06,0.18,0.06,2.1,168.6,268.2,53.46,-730.86,0.000000,0.000000,0,1,7.37
628913,0.00,-0.02,0.12,-0.06,0.18,-0.06,2.1,168.6,268.2,53.46,-730.58,0.000000,0.000000,0,1,7.30
629117,0.00,0.00,0.09,0.00,0.06,0.12,2.1,168.6,268.2,53.46,-730.39,0.000000,0.000000,0,1,7.30
629321,0.00,-0.01,0.10,-0.06,-0.12,0.12,2.1,168.6,268.2,53.46,-730.59,0.000000,0.000000,0,1,7.30
629627,-0.00,-0.01,0.07,0.06,-0.06,-0.06,2.1,168.6,268.2,53.47,-730.82,0.000000,0.000000,0,1,7.30
629831,0.02,-0.03,0.11,0.00,0.18,-0.18,2.1,168.6,268.2,53.47,-730.73,0.000000,0.000000,0,1,7.32
630035,-0.07,-0.01,0.15,-0.12,-0.06,-0.12,2.1,168.6,268.2,53.47,-730.84,0.000000,0.000000,0,1,7.32
630239,0.00,-0.07,-0.11,-2.00,-0.31,-0.43,2.1,168.6,268.2,53.47,-730.87,0.000000,0.000000,0,1,7.32
630443,-0.05,-0.00,0.12,-2.87,-0.43,-0.56,2.0,168.6,268.2,53.47,-731.27,0.000000,0.000000,0,1,7.32
630647,0.00,-0.02,0.07,5.50,0.18,0.06,1.9,168.6,268.1,53.48,-731.50,0.000000,0.000000,0,1,7.32
630851,-0.03,-0.00,0.13,0.00,0.06,-0.06,1.9,168.8,268.2,53.48,-731.68,0.000000,0.000000,0,1,7.30
631055,4.67,9.31,-6.67,-113.43,-15.00,336.93,3.5,161.1,276.1,53.49,-731.47,0.000000,0.000000,0,1,7.30
631259,0.12,-0.01,0.22,-6.37,1.81,-1.00,3.1,161.1,288.4,53.47,-729.57,0.000000,0.000000,0,1,7.30
631565,0.70,1.19,0.34,-70.43,95.31,21.25,7.5,155.3,288.7,53.44,-727.55,0.000000,0.000000,0,1,7.30
631769,0.83,1.23,0.83,-16.87,57.43,15.25,16.1,134.2,66.3,53.43,-726.80,0.000000,0.000000,0,1,7.30
631973,0.50,-0.22,0.30,-28.25,13.62,54.93,29.8,113.5,49.0,53.40,-723.19,0.000000,0.000000,0,1,7.41
632177,-0.57,-1.04,0.17,-38.31,51.81,26.12,39.2,106.5,38.3,53.33,-718.04,0.000000,0.000000,0,1,7.41
632381,0.11,-0.27,0.05,52.87,-20.12,5.00,42.6,115.1,29.3,53.29,-716.90,0.000000,0.000000,0,1,7.41
632585,-0.07,-0.13,0.28,34.31,-8.81,6.06,43.4,126.8,20.8,53.29,-717.35,0.000000,0.000000,0,1,7.41
632891,-0.02,-0.47,0.05,45.68,-11.50,-1.75,35.5,147.0,7.2,53.30,-718.75,0.000000,0.000000,0,1,7.44
633095,-0.13,-0.05,0.12,-8.68,9.18,-16.12,30.5,156.6,290.1,53.31,-718.74,0.000000,0.000000,0,1,7.44
633299,-0.02,1.11,-0.15,10.18,-0.93,-14.68,28.8,158.1,286.8,53.30,-717.69,0.000000,0.000000,0,1,7.44
633503,-0.45,-0.46,0.83,-7.06,12.43,-29.00,31.3,157.5,283.2,53.27,-715.66,0.000000,0.000000,0,1,7.44
633707,0.19,0.13,-0.27,-43.87,17.75,-16.75,29.7,154.9,280.3,53.25,-715.21,0.000000,0.000000,0,1,7.44
634013,-0.31,-0.55,0.11,-33.62,15.12,-18.75,26.2,139.2,21.0,53.22,-712.05,0.000000,0.000000,0,1,7.41
634217,-0.20,-1.01,-0.01,-33.93,-10.37,-10.18,25.5,132.8,29.2,53.19,-710.94,0.000000,0.000000,0,1,7.41
634421,0.25,0.03,-0.30,3.68,-5.25,7.18,25.5,133.1,31.4,53.18,-710.19,0.000000,0.000000,0,1,7.41
634625,0.37,0.50,0.11,-15.50,-34.75,-24.18,18.8,129.8,47.0,53.16,-709.48,0.000000,0.000000,0,1,7.41
634829,-0.20,0.63,0.30,53.06,-27.18,45.12,19.1,139.1,279.7,53.15,-709.83,0.000000,0.000000,0,1,7.41
635135,0.28,0.17,0.30,-0.25,8.43,15.00,19.5,142.5,283.1,53.17,-713.13,0.000000,0.000000,0,1,7.45
635339,-0.22,-0.20,0.25,-16.00,21.06,16.37,21.7,144.8,285.4,53.21,-715.42,0.000000,0.000000,0,1,7.45
635543,0.12,-0.18,0.31,-1.18,-2.12,8.18,25.6,148.6,288.0,53.22,-716.55,0.000000,0.000000,0,1,7.45
635747,-0.19,0.36,0.55,1.18,0.06,0.37,26.8,147.3,289.0,53.23,-717.46,0.000000,0.000000,0,1,7.45
635951,-0.11,0.25,-0.37,5.12,45.43,-1.50,28.2,148.0,287.8,53.24,-718.17,0.000000,0.000000,0,1,7.44
636155,0.33,-1.14,0.18,15.00,-17.75,2.87,24.5,150.3,287.8,53.24,-718.45,0.000000,0.000000,0,1,7.44
636359,-0.81,-0.20,0.46,-46.18,-1.81,-39.50,29.8,152.8,288.1,53.24,-718.91,0.000000,0.000000,0,1,7.44
636563,-0.23,-0.40,0.15,-50.56,22.62,-3.62,29.3,139.8,25.0,53.24,-718.61,0.000000,0.000000,0,1,7.44
636869,-0.15,0.09,0.27,1.62,-21.81,-3.25,30.8,135.5,31.4,53.21,-717.52,0.000000,0.000000,0,1,7.44
637073,-0.52,-0.34,0.63,-17.75,-3.43,-0.68,30.1,131.0,37.4,53.20,-717.51,0.000000,0.000000,0,1,7.43
637277,-0.22,0.15,0.41,0.25,10.93,-14.00,28.6,128.2,41.5,53.19,-716.90,0.000000,0.000000,0,1,7.43
637481,0.07,0.17,-0.09,-3.75,5.81,-11.37,26.4,129.3,42.5,53.17,-715.83,0.000000,0.000000,0,1,7.43
637685,-0.80,0.19,1.00,30.56,-18.43,24.87,27.8,132.0,37.3,53.15,-714.75,0.000000,0.000000,0,1,7.43
637889,0.31,0.05,0.07,32.00,-15.43,59.56,32.5,139.4,25.3,53.11,-713.22,0.000000,0.000000,0,1,7.43
638093,0.27,0.81,0.43,20.31,-1.43,29.25,36.1,154.5,304.2,53.08,-711.13,0.000000,0.000000,0,1,7.40
638297,0.57,0.41,0.31,-0.75,-2.25,-14.25,37.3,150.5,5.7,53.04,-709.21,0.000000,0.000000,0,1,7.40
638603,0.47,0.45,0.00,8.06,23.12,-2.31,41.1,147.7,359.1,52.99,-707.11,0.000000,0.000000,0,1,7.40
638807,-1.34,0.31,0.57,4.25,7.43,-8.68,41.5,146.3,358.8,52.96,-705.51,0.000000,0.000000,0,1,7.40
639011,0.90,0.93,-0.17,-44.68,15.68,-23.68,36.3,142.7,12.3,52.91,-703.59,0.000000,0.000000,0,1,7.43
639215,-0.91,-0.19,0.45,-62.75,12.06,-138.18,19.3,105.1,52.2,52.86,-700.11,0.000000,0.000000,0,1,7.43
639419,-0.52,-0.65,0.73,75.25,-33.87,-38.00,4.9,101.0,72.0,52.81,-697.90,0.000000,0.000000,0,1,7.43
639725,-0.33,-1.50,0.55,127.25,-7.87,47.37,11.1,137.5,272.8,52.75,-694.98,0.000000,0.000000,0,1,7.43
639929,1.39,0.47,-1.29,-25.43,59.00,11.06,23.7,150.5,279.4,52.70,-693.25,0.000000,0.000000,0,1,7.37
640133,0.00,-0.05,0.30,-6.75,0.06,-2.87,24.2,149.4,276.3,52.67,-692.21,0.000000,0.000000,0,1,7.37
640337,0.03,-0.02,0.15,1.68,-0.25,0.68,24.3,149.4,276.3,52.65,-691.06,0.000000,0.000000,0,1,7.37
640541,0.19,0.01,-0.15,2.18,1.43,0.06,24.3,149.5,276.3,52.61,-689.34,0.000000,0.000000,0,1,7.37
640745,0.07,-0.05,0.13,0.56,-0.06,0.06,24.4,149.7,276.3,52.57,-687.53,0.000000,0.000000,0,1,7.37
641051,-0.07,0.00,0.15,0.37,0.06,-0.43,24.4,149.6,276.3,52.51,-684.19,0.000000,0.000000,0,1,7.42
641255,0.03,0.00,0.11,0.93,-0.12,0.43,24.5,149.7,276.3,52.47,-682.21,0.000000,0.000000,0,1,7.42
641459,0.02,-0.00,0.12,-0.25,-0.06,-0.25,24.5,149.8,276.2,52.44,-681.00,0.000000,0.000000,0,1,7.42
641663,0.00,0.00,0.15,-0.50,0.06,-0.50,24.5,149.7,276.2,52.41,-679.74,0.000000,0.000000,0,1,7.42
641867,0.00,-0.01,0.10,0.62,0.06,0.06,24.5,149.7,276.2,52.38,-677.84,0.000000,0.000000,0,1,7.42
642071,0.02,-0.02,0.07,-0.12,-0.18,-0.31,24.5,149.7,276.2,52.34,-675.04,0.000000,0.000000,0,1,7.34
