tx_timestamp_ms,accel_x,accel_y,accel_z,gyro_x,gyro_y,gyro_z,roll,pitch,yaw,temperature,altitude,latitude,longitude,satellites,flags_raw,battery_voltage
146240,0.00,0.00,0.00,0.00,0.00,0.00,0.0,0.0,0.0,42.74,4.10,0.000000,0.000000,0,1,7.41
146440,0.00,0.00,0.00,0.00,0.00,0.00,0.0,0.0,0.0,42.74,3.71,0.000000,0.000000,0,1,7.41
146541,0.00,0.00,0.00,0.00,0.00,0.00,0.0,0.0,0.0,42.75,3.59,0.000000,0.000000,0,1,7.41
146643,0.00,0.00,0.00,0.00,0.00,0.00,0.0,0.0,0.0,42.75,3.47,0.000000,0.000000,0,1,7.41
146745,0.00,0.00,0.00,0.00,0.00,0.00,0.0,0.0,0.0,42.75,3.48,0.000000,0.000000,0,1,7.41
146847,0.00,0.00,0.00,0.00,0.00,0.00,0.0,0.0,0.0,42.75,3.68,0.000000,0.000000,0,1,7.41
146949,0.00,0.00,0.00,0.00,0.00,0.00,0.0,0.0,0.0,42.74,3.94,0.000000,0.000000,0,1,7.41
147051,0.00,0.00,0.00,0.00,0.00,0.00,0.0,0.0,0.0,42.74,4.19,0.000000,0.000000,0,1,7.41
147153,0.00,0.00,0.00,0.00,0.00,0.00,0.0,0.0,0.0,42.73,4.38,0.000000,0.000000,0,1,7.41
147255,0.00,0.00,0.00,0.00,0.00,0.00,0.0,0.0,0.0,42.73,4.51,0.000000,0.000000,0,1,7.41
147357,0.00,0.00,0.00,0.00,0.00,0.00,0.0,0.0,0.0,42.73,4.65,0.000000,0.000000,0,1,7.41
147459,0.00,0.00,0.00,0.00,0.00,0.00,0.0,0.0,0.0,42.73,4.78,0.000000,0.000000,0,1,7.41
147561,0.00,0.00,0.00,0.00,0.00,0.00,0.0,0.0,0.0,42.72,4.85,0.000000,0.000000,0,1,7.41
147663,0.00,0.00,0.00,0.00,0.00,0.00,0.0,0.0,0.0,42.72,4.81,0.000000,0.000000,0,1,7.40
147765,0.00,0.00,0.00,0.00,0.00,0.00,0.0,0.0,0.0,42.72,4.73,0.000000,0.000000,0,1,7.40
147867,0.00,0.00,0.00,0.00,0.00,0.00,0.0,0.0,0.0,42.72,4.71,0.000000,0.000000,0,1,7.40
147969,0.00,0.00,0.00,0.00,0.00,0.00,0.0,0.0,0.0,42.72,4.80,0.000000,0.000000,0,1,7.40
148071,0.00,0.00,0.00,0.00,0.00,0.00,0.0,0.0,0.0,42.72,4.83,0.000000,0.000000,0,1,7.40
148173,0.00,0.00,0.00,0.00,0.00,0.00,0.0,0.0,0.0,42.72,4.74,0.000000,0.000000,0,1,7.40
148275,0.00,0.00,0.00,0.00,0.00,0.00,0.0,0.0,0.0,42.72,4.62,0.000000,0.000000,0,1,7.40
148377,0.00,0.00,0.00,0.00,0.00,0.00,0.0,0.0,0.0,42.73,4.51,0.000000,0.000000,0,1,7.40
148479,0.00,0.00,0.00,0.00,0.00,0.00,0.0,0.0,0.0,42.73,4.53,0.000000,0.000000,0,1,7.40
148581,0.00,0.00,0.00,0.00,0.00,0.00,0.0,0.0,0.0,42.73,4.51,0.000000,0.000000,0,1,7.40
148683,0.00,0.00,0.00,0.00,0.00,0.00,0.0,0.0,0.0,42.73,4.36,0.000000,0.000000,0,1,7.39
148785,0.00,0.00,0.00,0.00,0.00,0.00,0.0,0.0,0.0,42.73,4.18,0.000000,0.000000,0,1,7.39
148887,0.00,0.00,0.00,0.00,0.00,0.00,0.0,0.0,0.0,42.73,4.03,0.000000,0.000000,0,1,7.39
148989,0.00,0.00,0.00,0.00,0.00,0.00,0.0,0.0,0.0,42.73,3.97,0.000000,0.000000,0,1,7.39
149091,0.00,0.00,0.00,0.00,0.00,0.00,0.0,0.0,0.0,42.74,4.00,0.000000,0.000000,0,1,7.39
149193,0.00,0.00,0.00,0.00,0.00,0.00,0.0,0.0,0.0,42.73,4.23,0.000000,0.000000,0,1,7.39
149295,0.00,0.00,0.00,0.00,0.00,0.00,0.0,0.0,0.0,42.73,4.50,0.000000,0.000000,0,1,7.39
149397,0.00,0.00,0.00,0.00,0.00,0.00,0.0,0.0,0.0,42.73,4.56,0.000000,0.000000,0,1,7.39
149499,0.00,0.00,0.00,0.00,0.00,0.00,0.0,0.0,0.0,42.73,4.53,0.000000,0.000000,0,1,7.39
149601,0.00,0.00,0.00,0.00,0.00,0.00,0.0,0.0,0.0,42.73,4.57,0.000000,0.000000,0,1,7.39
149703,0.00,0.00,0.00,0.00,0.00,0.00,0.0,0.0,0.0,42.73,4.52,0.000000,0.000000,0,1,7.38
149805,0.00,0.00,0.00,0.00,0.00,0.00,0.0,0.0,0.0,42.73,4.35,0.000000,0.000000,0,1,7.38
149907,0.00,0.00,0.00,0.00,0.00,0.00,0.0,0.0,0.0,42.74,4.17,0.000000,0.000000,0,1,7.38
150009,0.00,0.00,0.00,0.00,0.00,0.00,0.0,0.0,0.0,42.74,4.05,0.000000,0.000000,0,1,7.38
150111,0.00,0.00,0.00,0.00,0.00,0.00,0.0,0.0,0.0,42.74,4.10,0.000000,0.000000,0,1,7.38
150213,0.00,0.00,0.00,0.00,0.00,0.00,0.0,0.0,0.0,42.74,4.21,0.000000,0.000000,0,1,7.38
150315,0.00,0.00,0.00,0.00,0.00,0.00,0.0,0.0,0.0,42.74,4.33,0.000000,0.000000,0,1,7.38
150417,0.00,0.00,0.00,0.00,0.00,0.00,0.0,0.0,0.0,42.74,4.70,0.000000,0.000000,0,1,7.38
150519,0.00,0.00,0.00,0.00,0.00,0.00,0.0,0.0,0.0,42.74,5.13,0.000000,0.000000,0,1,7.38
150621,0.00,0.00,0.00,0.00,0.00,0.00,0.0,0.0,0.0,42.73,5.35,0.000000,0.000000,0,1,7.38
150723,0.00,0.00,0.00,0.00,0.00,0.00,0.0,0.0,0.0,42.73,5.20,0.000000,0.000000,0,1,7.47
150825,0.00,0.00,0.00,0.00,0.00,0.00,0.0,0.0,0.0,42.73,5.02,0.000000,0.000000,0,1,7.47
150927,0.00,0.00,0.00,0.00,0.00,0.00,0.0,0.0,0.0,42.73,4.76,0.000000,0.000000,0,1,7.47
151029,0.00,0.00,0.00,0.00,0.00,0.00,0.0,0.0,0.0,42.74,4.62,0.000000,0.000000,0,1,7.47
151131,0.00,0.00,0.00,0.00,0.00,0.00,0.0,0.0,0.0,42.74,4.55,0.000000,0.000000,0,1,7.47
151233,0.00,0.00,0.00,0.00,0.00,0.00,0.0,0.0,0.0,42.74,4.46,0.000000,0.000000,0,1,7.47
151335,0.00,0.00,0.00,0.00,0.00,0.00,0.0,0.0,0.0,42.75,4.44,0.000000,0.000000,0,1,7.47
151437,0.00,0.00,0.00,0.00,0.00,0.00,0.0,0.0,0.0,42.75,4.50,0.000000,0.000000,0,1,7.47
151539,0.00,0.00,0.00,0.00,0.00,0.00,0.0,0.0,0.0,42.76,4.52,0.000000,0.000000,0,1,7.47
151641,0.00,0.00,0.00,0.00,0.00,0.00,0.0,0.0,0.0,42.76,4.33,0.000000,0.000000,0,1,7.47
151743,0.00,0.00,0.00,0.00,0.00,0.00,0.0,0.0,0.0,42.76,3.99,0.000000,0.000000,0,1,7.47
151845,0.00,0.00,0.00,0.00,0.00,0.00,0.0,0.0,0.0,42.77,3.58,0.000000,0.000000,0,1,7.47
151947,0.00,0.00,0.00,0.00,0.00,0.00,0.0,0.0,0.0,42.78,3.28,0.000000,0.000000,0,1,7.47
152049,0.00,0.00,0.00,0.00,0.00,0.00,0.0,0.0,0.0,42.78,2.90,0.000000,0.000000,0,1,7.47
152151,0.00,0.00,0.00,0.00,0.00,0.00,0.0,0.0,0.0,42.79,2.39,0.000000,0.000000,0,1,7.47
152253,0.00,0.00,0.00,0.00,0.00,0.00,0.0,0.0,0.0,42.80,1.85,0.000000,0.000000,0,1,7.47
152355,0.00,0.00,0.00,0.00,0.00,0.00,0.0,0.0,0.0,42.81,1.36,0.000000,0.000000,0,1,7.47
152457,0.00,0.00,0.00,0.00,0.00,0.00,0.0,0.0,0.0,42.82,0.99,0.000000,0.000000,0,1,7.47
152559,0.00,0.00,0.00,0.00,0.00,0.00,0.0,0.0,0.0,42.83,0.61,0.000000,0.000000,0,1,7.47
152661,0.00,0.00,0.00,0.00,0.00,0.00,0.0,0.0,0.0,42.84,0.29,0.000000,0.000000,0,1,7.47
152763,0.00,0.00,0.00,0.00,0.00,0.00,0.0,0.0,0.0,42.85,0.18,0.000000,0.000000,0,1,7.40
152865,0.00,0.00,0.00,0.00,0.00,0.00,0.0,0.0,0.0,42.85,0.06,0.000000,0.000000,0,1,7.40
152967,0.00,0.00,0.00,0.00,0.00,0.00,0.0,0.0,0.0,42.86,-0.03,0.000000,0.000000,0,1,7.40
153069,0.00,0.00,0.00,0.00,0.00,0.00,0.0,0.0,0.0,42.86,-0.17,0.000000,0.000000,0,1,7.40
153171,0.00,0.00,0.00,0.00,0.00,0.00,0.0,0.0,0.0,42.87,-0.30,0.000000,0.000000,0,1,7.40
153273,0.00,0.00,0.00,0.00,0.00,0.00,0.0,0.0,0.0,42.87,-0.46,0.000000,0.000000,0,1,7.40
153375,0.00,0.00,0.00,0.00,0.00,0.00,0.0,0.0,0.0,42.87,-0.51,0.000000,0.000000,0,1,7.40
153477,0.00,0.00,0.00,0.00,0.00,0.00,0.0,0.0,0.0,42.88,-0.57,0.000000,0.000000,0,1,7.40
153579,0.00,0.00,0.00,0.00,0.00,0.00,0.0,0.0,0.0,42.88,-0.72,0.000000,0.000000,0,1,7.40
153682,0.00,0.00,0.00,0.00,0.00,0.00,0.0,0.0,0.0,42.88,-0.99,0.000000,0.000000,0,1,7.37
153783,0.00,0.00,0.00,0.00,0.00,0.00,0.0,0.0,0.0,42.89,-1.11,0.000000,0.000000,0,1,7.37
153885,0.00,0.00,0.00,0.00,0.00,0.00,0.0,0.0,0.0,42.89,-1.47,0.000000,0.000000,0,1,7.37
153987,0.00,0.00,0.00,0.00,0.00,0.00,0.0,0.0,0.0,42.90,-1.90,0.000000,0.000000,0,1,7.37
154089,0.00,0.00,0.00,0.00,0.00,0.00,0.0,0.0,0.0,42.91,-2.40,0.000000,0.000000,0,1,7.37
154191,0.00,0.00,0.00,0.00,0.00,0.00,0.0,0.0,0.0,42.92,-2.59,0.000000,0.000000,0,1,7.37
154293,0.00,0.00,0.00,0.00,0.00,0.00,0.0,0.0,0.0,42.92,-2.57,0.000000,0.000000,0,1,7.37
154395,0.00,0.00,0.00,0.00,0.00,0.00,0.0,0.0,0.0,42.92,-2.46,0.000000,0.000000,0,1,7.37
154497,0.00,0.00,0.00,0.00,0.00,0.00,0.0,0.0,0.0,42.92,-2.45,0.000000,0.000000,0,1,7.37
154599,0.00,0.00,0.00,0.00,0.00,0.00,0.0,0.0,0.0,42.92,-2.60,0.000000,0.000000,0,1,7.37
154701,0.00,0.00,0.00,0.00,0.00,0.00,0.0,0.0,0.0,42.93,-2.89,0.000000,0.000000,0,1,7.45
154803,0.00,0.00,0.00,0.00,0.00,0.00,0.0,0.0,0.0,42.93,-3.17,0.000000,0.000000,0,1,7.45
154905,0.00,0.00,0.00,0.00,0.00,0.00,0.0,0.0,0.0,42.94,-3.45,0.000000,0.000000,0,1,7.45
155007,0.00,0.00,0.00,0.00,0.00,0.00,0.0,0.0,0.0,42.94,-3.71,0.000000,0.000000,0,1,7.45
155109,0.00,0.00,0.00,0.00,0.00,0.00,0.0,0.0,0.0,42.95,-3.88,0.000000,0.000000,0,1,7.45
155211,0.00,0.00,0.00,0.00,0.00,0.00,0.0,0.0,0.0,42.95,-3.99,0.000000,0.000000,0,1,7.45
155313,0.00,0.00,0.00,0.00,0.00,0.00,0.0,0.0,0.0,42.96,-4.17,0.000000,0.000000,0,1,7.45
155415,0.00,0.00,0.00,0.00,0.00,0.00,0.0,0.0,0.0,42.96,-4.38,0.000000,0.000000,0,1,7.45
155517,0.00,0.00,0.00,0.00,0.00,0.00,0.0,0.0,0.0,42.96,-4.58,0.000000,0.000000,0,1,7.45
155619,0.00,0.00,0.00,0.00,0.00,0.00,0.0,0.0,0.0,42.97,-4.71,0.000000,0.000000,0,1,7.45
155721,0.00,0.00,0.00,0.00,0.00,0.00,0.0,0.0,0.0,42.97,-4.82,0.000000,0.000000,0,1,7.37
155823,0.00,0.00,0.00,0.00,0.00,0.00,0.0,0.0,0.0,42.97,-5.08,0.000000,0.000000,0,1,7.37
155925,0.00,0.00,0.00,0.00,0.00,0.00,0.0,0.0,0.0,42.98,-5.42,0.000000,0.000000,0,1,7.37
156027,0.00,0.00,0.00,0.00,0.00,0.00,0.0,0.0,0.0,42.99,-5.60,0.000000,0.000000,0,1,7.37
156129,0.00,0.00,0.00,0.00,0.00,0.00,0.0,0.0,0.0,42.99,-5.79,0.000000,0.000000,0,1,7.37
156231,0.00,0.00,0.00,0.00,0.00,0.00,0.0,0.0,0.0,43.00,-5.96,0.000000,0.000000,0,1,7.37
156333,0.00,0.00,0.00,0.00,0.00,0.00,0.0,0.0,0.0,43.00,-6.20,0.000000,0.000000,0,1,7.37
156435,0.00,0.00,0.00,0.00,0.00,0.00,0.0,0.0,0.0,43.01,-6.41,0.000000,0.000000,0,1,7.37
156537,0.00,0.00,0.00,0.00,0.00,0.00,0.0,0.0,0.0,43.01,-6.37,0.000000,0.000000,0,1,7.37
156639,0.00,0.00,0.00,0.00,0.00,0.00,0.0,0.0,0.0,43.01,-6.41,0.000000,0.000000,0,1,7.37
156741,0.00,0.00,0.00,0.00,0.00,0.00,0.0,0.0,0.0,43.01,-6.49,0.000000,0.000000,0,1,7.40
156843,0.00,0.00,0.00,0.00,0.00,0.00,0.0,0.0,0.0,43.01,-6.62,0.000000,0.000000,0,1,7.40
156945,0.00,0.00,0.00,0.00,0.00,0.00,0.0,0.0,0.0,43.02,-6.81,0.000000,0.000000,0,1,7.40
157047,0.00,0.00,0.00,0.00,0.00,0.00,0.0,0.0,0.0,43.02,-7.02,0.000000,0.000000,0,1,7.40
157149,0.00,0.00,0.00,0.00,0.00,0.00,0.0,0.0,0.0,43.03,-7.23,0.000000,0.000000,0,1,7.40
157251,0.00,0.00,0.00,0.00,0.00,0.00,0.0,0.0,0.0,43.03,-7.41,0.000000,0.000000,0,1,7.40
157353,0.00,0.00,0.00,0.00,0.00,0.00,0.0,0.0,0.0,43.04,-7.59,0.000000,0.000000,0,1,7.40
157455,0.00,0.00,0.00,0.00,0.00,0.00,0.0,0.0,0.0,43.04,-7.79,0.000000,0.000000,0,1,7.40
157557,0.00,0.00,0.00,0.00,0.00,0.00,0.0,0.0,0.0,43.04,-8.00,0.000000,0.000000,0,1,7.40
157659,0.00,0.00,0.00,0.00,0.00,0.00,0.0,0.0,0.0,43.05,-8.12,0.000000,0.000000,0,1,7.40
157761,0.00,0.00,0.00,0.00,0.00,0.00,0.0,0.0,0.0,43.05,-8.00,0.000000,0.000000,0,1,7.40
157863,0.00,0.00,0.00,0.00,0.00,0.00,0.0,0.0,0.0,43.05,-7.98,0.000000,0.000000,0,1,7.40
157965,0.00,0.00,0.00,0.00,0.00,0.00,0.0,0.0,0.0,43.05,-8.15,0.000000,0.000000,0,1,7.40
158067,0.00,0.00,0.00,0.00,0.00,0.00,0.0,0.0,0.0,43.06,-8.38,0.000000,0.000000,0,1,7.40
158169,0.00,0.00,0.00,0.00,0.00,0.00,0.0,0.0,0.0,43.06,-8.69,0.000000,0.000000,0,1,7.40
158271,0.00,0.00,0.00,0.00,0.00,0.00,0.0,0.0,0.0,43.07,-9.06,0.000000,0.000000,0,1,7.40
158373,0.00,0.00,0.00,0.00,0.00,0.00,0.0,0.0,0.0,43.08,-9.43,0.000000,0.000000,0,1,7.40
158475,0.00,0.00,0.00,0.00,0.00,0.00,0.0,0.0,0.0,43.09,-9.70,0.000000,0.000000,0,1,7.40
158577,0.00,0.00,0.00,0.00,0.00,0.00,0.0,0.0,0.0,43.09,-9.96,0.000000,0.000000,0,1,7.40
158679,0.00,0.00,0.00,0.00,0.00,0.00,0.0,0.0,0.0,43.10,-10.16,0.000000,0.000000,0,1,7.40
158781,0.00,0.00,0.00,0.00,0.00,0.00,0.0,0.0,0.0,43.10,-10.35,0.000000,0.000000,0,1,7.39
158883,0.00,0.00,0.00,0.00,0.00,0.00,0.0,0.0,0.0,43.11,-10.54,0.000000,0.000000,0,1,7.39
158985,0.00,0.00,0.00,0.00,0.00,0.00,0.0,0.0,0.0,43.11,-10.56,0.000000,0.000000,0,1,7.39
159087,0.00,0.00,0.00,0.00,0.00,0.00,0.0,0.0,0.0,43.12,-10.61,0.000000,0.000000,0,1,7.39
159189,0.00,0.00,0.00,0.00,0.00,0.00,0.0,0.0,0.0,43.12,-10.72,0.000000,0.000000,0,1,7.39
159291,0.00,0.00,0.00,0.00,0.00,0.00,0.0,0.0,0.0,43.12,-10.81,0.000000,0.000000,0,1,7.39
159393,0.00,0.00,0.00,0.00,0.00,0.00,0.0,0.0,0.0,43.12,-10.84,0.000000,0.000000,0,1,7.39
159495,0.00,0.00,0.00,0.00,0.00,0.00,0.0,0.0,0.0,43.12,-10.92,0.000000,0.000000,0,1,7.39
159597,0.00,0.00,0.00,0.00,0.00,0.00,0.0,0.0,0.0,43.13,-10.99,0.000000,0.000000,0,1,7.39
159699,0.00,0.00,0.00,0.00,0.00,0.00,0.0,0.0,0.0,43.13,-11.06,0.000000,0.000000,0,1,7.39
159801,0.00,0.00,0.00,0.00,0.00,0.00,0.0,0.0,0.0,43.13,-11.18,0.000000,0.000000,0,1,7.41
159903,0.00,0.00,0.00,0.00,0.00,0.00,0.0,0.0,0.0,43.13,-11.26,0.000000,0.000000,0,1,7.41
160005,0.00,0.00,0.00,0.00,0.00,0.00,0.0,0.0,0.0,43.14,-11.42,0.000000,0.000000,0,1,7.41
160107,0.00,0.00,0.00,0.00,0.00,0.00,0.0,0.0,0.0,43.14,-11.63,0.000000,0.000000,0,1,7.41
160209,0.00,0.00,0.00,0.00,0.00,0.00,0.0,0.0,0.0,43.15,-11.85,0.000000,0.000000,0,1,7.41
160311,0.00,0.00,0.00,0.00,0.00,0.00,0.0,0.0,0.0,43.15,-12.05,0.000000,0.000000,0,1,7.41
160413,0.00,0.00,0.00,0.00,0.00,0.00,0.0,0.0,0.0,43.16,-12.49,0.000000,0.000000,0,1,7.41
160515,0.00,0.00,0.00,0.00,0.00,0.00,0.0,0.0,0.0,43.17,-12.98,0.000000,0.000000,0,1,7.41
160617,0.00,0.00,0.00,0.00,0.00,0.00,0.0,0.0,0.0,43.18,-13.27,0.000000,0.000000,0,1,7.41
160719,0.00,0.00,0.00,0.00,0.00,0.00,0.0,0.0,0.0,43.18,-13.41,0.000000,0.000000,0,1,7.41
160821,0.00,0.00,0.00,0.00,0.00,0.00,0.0,0.0,0.0,43.18,-13.32,0.000000,0.000000,0,1,7.46
160923,0.00,0.00,0.00,0.00,0.00,0.00,0.0,0.0,0.0,43.19,-13.23,0.000000,0.000000,0,1,7.46
161025,0.00,0.00,0.00,0.00,0.00,0.00,0.0,0.0,0.0,43.19,-13.24,0.000000,0.000000,0,1,7.46
161127,0.00,0.00,0.00,0.00,0.00,0.00,0.0,0.0,0.0,43.19,-13.33,0.000000,0.000000,0,1,7.46
161229,0.00,0.00,0.00,0.00,0.00,0.00,0.0,0.0,0.0,43.19,-13.50,0.000000,0.000000,0,1,7.46
161331,0.00,0.00,0.00,0.00,0.00,0.00,0.0,0.0,0.0,43.19,-13.71,0.000000,0.000000,0,1,7.46
161433,0.00,0.00,0.00,0.00,0.00,0.00,0.0,0.0,0.0,43.20,-13.87,0.000000,0.000000,0,1,7.46
161535,0.00,0.00,0.00,0.00,0.00,0.00,0.0,0.0,0.0,43.20,-13.75,0.000000,0.000000,0,1,7.46
161637,0.00,0.00,0.00,0.00,0.00,0.00,0.0,0.0,0.0,43.20,-13.81,0.000000,0.000000,0,1,7.46
161739,0.00,0.00,0.00,0.00,0.00,0.00,0.0,0.0,0.0,43.20,-14.03,0.000000,0.000000,0,1,7.46
161841,0.00,0.00,0.00,0.00,0.00,0.00,0.0,0.0,0.0,43.20,-14.42,0.000000,0.000000,0,1,7.46
161943,0.00,0.00,0.00,0.00,0.00,0.00,0.0,0.0,0.0,43.21,-14.93,0.000000,0.000000,0,1,7.46
162045,0.00,0.00,0.00,0.00,0.00,0.00,0.0,0.0,0.0,43.22,-15.48,0.000000,0.000000,0,1,7.46
162147,0.00,0.00,0.00,0.00,0.00,0.00,0.0,0.0,0.0,43.23,-16.02,0.000000,0.000000,0,1,7.46
162249,0.00,0.00,0.00,0.00,0.00,0.00,0.0,0.0,0.0,43.24,-16.52,0.000000,0.000000,0,1,7.46
162351,0.00,0.00,0.00,0.00,0.00,0.00,0.0,0.0,0.0,43.25,-16.70,0.000000,0.000000,0,1,7.46
162453,0.00,0.00,0.00,0.00,0.00,0.00,0.0,0.0,0.0,43.25,-16.62,0.000000,0.000000,0,1,7.46
162555,0.00,0.00,0.00,0.00,0.00,0.00,0.0,0.0,0.0,43.25,-16.58,0.000000,0.000000,0,1,7.46
162657,0.00,0.00,0.00,0.00,0.00,0.00,0.0,0.0,0.0,43.26,-16.66,0.000000,0.000000,0,1,7.46
162759,0.00,0.00,0.00,0.00,0.00,0.00,0.0,0.0,0.0,43.26,-16.88,0.000000,0.000000,0,1,7.46
162861,0.00,0.00,0.00,0.00,0.00,0.00,0.0,0.0,0.0,43.27,-17.05,0.000000,0.000000,0,1,7.39
162963,0.00,0.00,0.00,0.00,0.00,0.00,0.0,0.0,0.0,43.27,-17.15,0.000000,0.000000,0,1,7.39
163065,0.00,0.00,0.00,0.00,0.00,0.00,0.0,0.0,0.0,43.27,-17.29,0.000000,0.000000,0,1,7.39
163167,0.00,0.00,0.00,0.00,0.00,0.00,0.0,0.0,0.0,43.28,-17.36,0.000000,0.000000,0,1,7.39
163269,0.00,0.00,0.00,0.00,0.00,0.00,0.0,0.0,0.0,43.28,-17.44,0.000000,0.000000,0,1,7.39
163371,0.00,0.00,0.00,0.00,0.00,0.00,0.0,0.0,0.0,43.28,-17.68,0.000000,0.000000,0,1,7.39
163473,0.00,0.00,0.00,0.00,0.00,0.00,0.0,0.0,0.0,43.29,-18.15,0.000000,0.000000,0,1,7.39
163575,0.00,0.00,0.00,0.00,0.00,0.00,0.0,0.0,0.0,43.30,-18.56,0.000000,0.000000,0,1,7.39
163677,0.00,0.00,0.00,0.00,0.00,0.00,0.0,0.0,0.0,43.31,-18.75,0.000000,0.000000,0,1,7.39
163780,0.00,0.00,0.00,0.00,0.00,0.00,0.0,0.0,0.0,43.31,-18.91,0.000000,0.000000,0,1,7.41
163881,0.00,0.00,0.00,0.00,0.00,0.00,0.0,0.0,0.0,43.32,-19.05,0.000000,0.000000,0,1,7.41
163983,0.00,0.00,0.00,0.00,0.00,0.00,0.0,0.0,0.0,43.32,-19.16,0.000000,0.000000,0,1,7.41
164085,0.00,0.00,0.00,0.00,0.00,0.00,0.0,0.0,0.0,43.32,-19.33,0.000000,0.000000,0,1,7.41
164187,0.00,0.00,0.00,0.00,0.00,0.00,0.0,0.0,0.0,43.32,-19.42,0.000000,0.000000,0,1,7.41
164289,0.00,0.00,0.00,0.00,0.00,0.00,0.0,0.0,0.0,43.32,-19.45,0.000000,0.000000,0,1,7.41
164391,0.00,0.00,0.00,0.00,0.00,0.00,0.0,0.0,0.0,43.33,-19.59,0.000000,0.000000,0,1,7.41
164493,0.00,0.00,0.00,0.00,0.00,0.00,0.0,0.0,0.0,43.33,-19.76,0.000000,0.000000,0,1,7.41
164595,0.00,0.00,0.00,0.00,0.00,0.00,0.0,0.0,0.0,43.34,-19.98,0.000000,0.000000,0,1,7.41
164697,0.00,0.00,0.00,0.00,0.00,0.00,0.0,0.0,0.0,43.34,-20.17,0.000000,0.000000,0,1,7.41
164799,0.00,0.00,0.00,0.00,0.00,0.00,0.0,0.0,0.0,43.35,-20.36,0.000000,0.000000,0,1,7.42
164901,0.00,0.00,0.00,0.00,0.00,0.00,0.0,0.0,0.0,43.35,-20.70,0.000000,0.000000,0,1,7.42
165003,0.00,0.00,0.00,0.00,0.00,0.00,0.0,0.0,0.0,43.36,-21.19,0.000000,0.000000,0,1,7.42
165105,0.00,0.00,0.00,0.00,0.00,0.00,0.0,0.0,0.0,43.37,-21.67,0.000000,0.000000,0,1,7.42
165207,0.00,0.00,0.00,0.00,0.00,0.00,0.0,0.0,0.0,43.37,-21.98,0.000000,0.000000,0,1,7.42
165309,0.00,0.00,0.00,0.00,0.00,0.00,0.0,0.0,0.0,43.38,-22.18,0.000000,0.000000,0,1,7.42
165411,0.00,0.00,0.00,0.00,0.00,0.00,0.0,0.0,0.0,43.38,-22.38,0.000000,0.000000,0,1,7.42
165513,0.00,0.00,0.00,0.00,0.00,0.00,0.0,0.0,0.0,43.39,-22.66,0.000000,0.000000,0,1,7.42
165615,0.00,0.00,0.00,0.00,0.00,0.00,0.0,0.0,0.0,43.40,-22.92,0.000000,0.000000,0,1,7.42
165717,0.00,0.00,0.00,0.00,0.00,0.00,0.0,0.0,0.0,43.40,-23.13,0.000000,0.000000,0,1,7.42
165819,0.00,0.00,0.00,0.00,0.00,0.00,0.0,0.0,0.0,43.41,-23.24,0.000000,0.000000,0,1,7.43
165921,0.00,0.00,0.00,0.00,0.00,0.00,0.0,0.0,0.0,43.41,-23.23,0.000000,0.000000,0,1,7.43
166023,0.00,0.00,0.00,0.00,0.00,0.00,0.0,0.0,0.0,43.41,-23.12,0.000000,0.000000,0,1,7.43
166125,0.00,0.00,0.00,0.00,0.00,0.00,0.0,0.0,0.0,43.41,-23.12,0.000000,0.000000,0,1,7.43
166227,0.00,0.00,0.00,0.00,0.00,0.00,0.0,0.0,0.0,43.42,-23.20,0.000000,0.000000,0,1,7.43
166329,0.00,0.00,0.00,0.00,0.00,0.00,0.0,0.0,0.0,43.42,-23.36,0.000000,0.000000,0,1,7.43
166431,0.00,0.00,0.00,0.00,0.00,0.00,0.0,0.0,0.0,43.42,-23.58,0.000000,0.000000,0,1,7.43
166533,0.00,0.00,0.00,0.00,0.00,0.00,0.0,0.0,0.0,43.43,-23.80,0.000000,0.000000,0,1,7.43
166635,0.00,0.00,0.00,0.00,0.00,0.00,0.0,0.0,0.0,43.44,-24.08,0.000000,0.000000,0,1,7.43
166737,0.00,0.00,0.00,0.00,0.00,0.00,0.0,0.0,0.0,43.44,-24.41,0.000000,0.000000,0,1,7.43
166839,0.00,0.00,0.00,0.00,0.00,0.00,0.0,0.0,0.0,43.44,-24.72,0.000000,0.000000,0,1,7.42
166941,0.00,0.00,0.00,0.00,0.00,0.00,0.0,0.0,0.0,43.45,-25.02,0.000000,0.000000,0,1,7.42
167043,0.00,0.00,0.00,0.00,0.00,0.00,0.0,0.0,0.0,43.46,-25.30,0.000000,0.000000,0,1,7.42
167145,0.00,0.00,0.00,0.00,0.00,0.00,0.0,0.0,0.0,43.46,-25.61,0.000000,0.000000,0,1,7.42
167247,0.00,0.00,0.00,0.00,0.00,0.00,0.0,0.0,0.0,43.47,-26.08,0.000000,0.000000,0,1,7.42
167349,0.00,0.00,0.00,0.00,0.00,0.00,0.0,0.0,0.0,43.48,-26.50,0.000000,0.000000,0,1,7.42
167451,0.00,0.00,0.00,0.00,0.00,0.00,0.0,0.0,0.0,43.49,-26.90,0.000000,0.000000,0,1,7.42
167553,0.00,0.00,0.00,0.00,0.00,0.00,0.0,0.0,0.0,43.50,-27.20,0.000000,0.000000,0,1,7.42
167655,0.00,0.00,0.00,0.00,0.00,0.00,0.0,0.0,0.0,43.50,-27.23,0.000000,0.000000,0,1,7.42
167757,0.00,0.00,0.00,0.00,0.00,0.00,0.0,0.0,0.0,43.50,-27.31,0.000000,0.000000,0,1,7.42
167859,0.00,0.00,0.00,0.00,0.00,0.00,0.0,0.0,0.0,43.51,-27.33,0.000000,0.000000,0,1,7.44
167961,0.00,0.00,0.00,0.00,0.00,0.00,0.0,0.0,0.0,43.51,-27.23,0.000000,0.000000,0,1,7.44
168063,0.00,0.00,0.00,0.00,0.00,0.00,0.0,0.0,0.0,43.51,-27.23,0.000000,0.000000,0,1,7.44
168165,0.00,0.00,0.00,0.00,0.00,0.00,0.0,0.0,0.0,43.52,-27.35,0.000000,0.000000,0,1,7.44
168267,0.00,0.00,0.00,0.00,0.00,0.00,0.0,0.0,0.0,43.52,-27.46,0.000000,0.000000,0,1,7.44
168369,0.00,0.00,0.00,0.00,0.00,0.00,0.0,0.0,0.0,43.52,-27.69,0.000000,0.000000,0,1,7.44
168471,0.00,0.00,0.00,0.00,0.00,0.00,0.0,0.0,0.0,43.53,-27.95,0.000000,0.000000,0,1,7.44
168573,0.00,0.00,0.00,0.00,0.00,0.00,0.0,0.0,0.0,43.53,-28.20,0.000000,0.000000,0,1,7.44
168675,0.00,0.00,0.00,0.00,0.00,0.00,0.0,0.0,0.0,43.54,-28.51,0.000000,0.000000,0,1,7.44
168777,0.00,0.00,0.00,0.00,0.00,0.00,0.0,0.0,0.0,43.54,-28.88,0.000000,0.000000,0,1,7.44
168879,0.00,0.00,0.00,0.00,0.00,0.00,0.0,0.0,0.0,43.55,-29.23,0.000000,0.000000,0,1,7.43
168981,0.00,0.00,0.00,0.00,0.00,0.00,0.0,0.0,0.0,43.56,-29.53,0.000000,0.000000,0,1,7.43
169083,0.00,0.00,0.00,0.00,0.00,0.00,0.0,0.0,0.0,43.56,-29.67,0.000000,0.000000,0,1,7.43
169185,0.00,0.00,0.00,0.00,0.00,0.00,0.0,0.0,0.0,43.57,-29.85,0.000000,0.000000,0,1,7.43
169287,0.00,0.00,0.00,0.00,0.00,0.00,0.0,0.0,0.0,43.57,-30.11,0.000000,0.000000,0,1,7.43
169389,0.00,0.00,0.00,0.00,0.00,0.00,0.0,0.0,0.0,43.58,-30.43,0.000000,0.000000,0,1,7.43
169491,0.00,0.00,0.00,0.00,0.00,0.00,0.0,0.0,0.0,43.59,-30.78,0.000000,0.000000,0,1,7.43
169593,0.00,0.00,0.00,0.00,0.00,0.00,0.0,0.0,0.0,43.59,-31.00,0.000000,0.000000,0,1,7.43
169695,0.00,0.00,0.00,0.00,0.00,0.00,0.0,0.0,0.0,43.60,-31.18,0.000000,0.000000,0,1,7.43
169797,0.00,0.00,0.00,0.00,0.00,0.00,0.0,0.0,0.0,43.60,-31.45,0.000000,0.000000,0,1,7.43
169899,0.00,0.00,0.00,0.00,0.00,0.00,0.0,0.0,0.0,43.61,-31.71,0.000000,0.000000,0,1,7.43
170001,0.00,0.00,0.00,0.00,0.00,0.00,0.0,0.0,0.0,43.62,-31.96,0.000000,0.000000,0,1,7.43
170103,0.00,0.00,0.00,0.00,0.00,0.00,0.0,0.0,0.0,43.62,-32.31,0.000000,0.000000,0,1,7.43
170205,0.00,0.00,0.00,0.00,0.00,0.00,0.0,0.0,0.0,43.63,-32.67,0.000000,0.000000,0,1,7.43
170307,0.00,0.00,0.00,0.00,0.00,0.00,0.0,0.0,0.0,43.63,-32.91,0.000000,0.000000,0,1,7.43
170409,0.00,0.00,0.00,0.00,0.00,0.00,0.0,0.0,0.0,43.64,-33.06,0.000000,0.000000,0,1,7.43
170511,0.00,0.00,0.00,0.00,0.00,0.00,0.0,0.0,0.0,43.64,-33.26,0.000000,0.000000,0,1,7.43
170613,0.00,0.00,0.00,0.00,0.00,0.00,0.0,0.0,0.0,43.65,-33.40,0.000000,0.000000,0,1,7.43
170715,0.00,0.00,0.00,0.00,0.00,0.00,0.0,0.0,0.0,43.65,-33.57,0.000000,0.000000,0,1,7.43
170817,0.00,0.00,0.00,0.00,0.00,0.00,0.0,0.0,0.0,43.66,-33.66,0.000000,0.000000,0,1,7.43
170919,0.00,0.00,0.00,0.00,0.00,0.00,0.0,0.0,0.0,43.66,-33.67,0.000000,0.000000,0,1,7.36
171021,0.00,0.00,0.00,0.00,0.00,0.00,0.0,0.0,0.0,43.66,-33.75,0.000000,0.000000,0,1,7.36
171123,0.00,0.00,0.00,0.00,0.00,0.00,0.0,0.0,0.0,43.67,-33.81,0.000000,0.000000,0,1,7.36
171225,0.00,0.00,0.00,0.00,0.00,0.00,0.0,0.0,0.0,43.67,-33.81,0.000000,0.000000,0,1,7.36
171327,0.00,0.00,0.00,0.00,0.00,0.00,0.0,0.0,0.0,43.67,-34.03,0.000000,0.000000,0,1,7.36
171429,0.00,0.00,0.00,0.00,0.00,0.00,0.0,0.0,0.0,43.68,-34.30,0.000000,0.000000,0,1,7.36
171531,0.00,0.00,0.00,0.00,0.00,0.00,0.0,0.0,0.0,43.68,-34.39,0.000000,0.000000,0,1,7.36
171633,0.00,0.00,0.00,0.00,0.00,0.00,0.0,0.0,0.0,43.68,-34.28,0.000000,0.000000,0,1,7.36
171735,0.00,0.00,0.00,0.00,0.00,0.00,0.0,0.0,0.0,43.68,-34.23,0.000000,0.000000,0,1,7.36
171837,0.00,0.00,0.00,0.00,0.00,0.00,0.0,0.0,0.0,43.69,-34.29,0.000000,0.000000,0,1,7.36
171939,0.00,0.00,0.00,0.00,0.00,0.00,0.0,0.0,0.0,43.69,-34.52,0.000000,0.000000,0,1,7.41
172041,0.00,0.00,0.00,0.00,0.00,0.00,0.0,0.0,0.0,43.69,-35.01,0.000000,0.000000,0,1,7.41
172143,0.00,0.00,0.00,0.00,0.00,0.00,0.0,0.0,0.0,43.70,-35.57,0.000000,0.000000,0,1,7.41
172245,0.00,0.00,0.00,0.00,0.00,0.00,0.0,0.0,0.0,43.71,-35.95,0.000000,0.000000,0,1,7.41
172347,0.00,0.00,0.00,0.00,0.00,0.00,0.0,0.0,0.0,43.72,-36.22,0.000000,0.000000,0,1,7.41
172449,0.00,0.00,0.00,0.00,0.00,0.00,0.0,0.0,0.0,43.72,-36.39,0.000000,0.000000,0,1,7.41
172551,0.00,0.00,0.00,0.00,0.00,0.00,0.0,0.0,0.0,43.73,-36.42,0.000000,0.000000,0,1,7.41
172653,0.00,0.00,0.00,0.00,0.00,0.00,0.0,0.0,0.0,43.73,-36.54,0.000000,0.000000,0,1,7.41
172755,0.00,0.00,0.00,0.00,0.00,0.00,0.0,0.0,0.0,43.73,-36.71,0.000000,0.000000,0,1,7.41
172857,0.00,0.00,0.00,0.00,0.00,0.00,0.0,0.0,0.0,43.74,-36.78,0.000000,0.000000,0,1,7.41
172959,0.00,0.00,0.00,0.00,0.00,0.00,0.0,0.0,0.0,43.74,-36.93,0.000000,0.000000,0,1,7.46
173061,0.00,0.00,0.00,0.00,0.00,0.00,0.0,0.0,0.0,43.74,-37.02,0.000000,0.000000,0,1,7.46
173163,0.00,0.00,0.00,0.00,0.00,0.00,0.0,0.0,0.0,43.74,-36.79,0.000000,0.000000,0,1,7.46
173265,0.00,0.00,0.00,0.00,0.00,0.00,0.0,0.0,0.0,43.74,-36.62,0.000000,0.000000,0,1,7.46
173367,0.00,0.00,0.00,0.00,0.00,0.00,0.0,0.0,0.0,43.75,-36.73,0.000000,0.000000,0,1,7.46
173469,0.00,0.00,0.00,0.00,0.00,0.00,0.0,0.0,0.0,43.75,-37.13,0.000000,0.000000,0,1,7.46
173571,0.00,0.00,0.00,0.00,0.00,0.00,0.0,0.0,0.0,43.76,-37.61,0.000000,0.000000,0,1,7.46
173673,0.00,0.00,0.00,0.00,0.00,0.00,0.0,0.0,0.0,43.76,-38.02,0.000000,0.000000,0,1,7.46
173775,0.00,0.00,0.00,0.00,0.00,0.00,0.0,0.0,0.0,43.77,-38.54,0.000000,0.000000,0,1,7.46
173878,0.00,0.00,0.00,0.00,0.00,0.00,0.0,0.0,0.0,43.78,-38.98,0.000000,0.000000,0,1,7.36
173979,0.00,0.00,0.00,0.00,0.00,0.00,0.0,0.0,0.0,43.79,-39.35,0.000000,0.000000,0,1,7.36
174081,0.00,0.00,0.00,0.00,0.00,0.00,0.0,0.0,0.0,43.79,-39.65,0.000000,0.000000,0,1,7.36
174183,0.00,0.00,0.00,0.00,0.00,0.00,0.0,0.0,0.0,43.80,-39.91,0.000000,0.000000,0,1,7.36
174285,0.00,0.00,0.00,0.00,0.00,0.00,0.0,0.0,0.0,43.80,-40.15,0.000000,0.000000,0,1,7.36
174387,0.00,0.00,0.00,0.00,0.00,0.00,0.0,0.0,0.0,43.81,-40.40,0.000000,0.000000,0,1,7.36
174489,0.00,0.00,0.00,0.00,0.00,0.00,0.0,0.0,0.0,43.82,-40.63,0.000000,0.000000,0,1,7.36
174591,0.00,0.00,0.00,0.00,0.00,0.00,0.0,0.0,0.0,43.82,-40.85,0.000000,0.000000,0,1,7.36
174693,0.00,0.00,0.00,0.00,0.00,0.00,0.0,0.0,0.0,43.83,-41.04,0.000000,0.000000,0,1,7.36
174795,0.00,0.00,0.00,0.00,0.00,0.00,0.0,0.0,0.0,43.83,-41.28,0.000000,0.000000,0,1,7.36
174897,0.00,0.00,0.00,0.00,0.00,0.00,0.0,0.0,0.0,43.84,-41.57,0.000000,0.000000,0,1,7.42
174999,0.00,0.00,0.00,0.00,0.00,0.00,0.0,0.0,0.0,43.84,-41.87,0.000000,0.000000,0,1,7.42
175101,0.00,0.00,0.00,0.00,0.00,0.00,0.0,0.0,0.0,43.85,-42.10,0.000000,0.000000,0,1,7.42
175203,0.00,0.00,0.00,0.00,0.00,0.00,0.0,0.0,0.0,43.85,-42.33,0.000000,0.000000,0,1,7.42
175305,0.00,0.00,0.00,0.00,0.00,0.00,0.0,0.0,0.0,43.85,-42.37,0.000000,0.000000,0,1,7.42
175407,0.00,0.00,0.00,0.00,0.00,0.00,0.0,0.0,0.0,43.86,-42.35,0.000000,0.000000,0,1,7.42
175509,0.00,0.00,0.00,0.00,0.00,0.00,0.0,0.0,0.0,43.86,-42.32,0.000000,0.000000,0,1,7.42
175611,0.00,0.00,0.00,0.00,0.00,0.00,0.0,0.0,0.0,43.86,-42.40,0.000000,0.000000,0,1,7.42
175713,0.00,0.00,0.00,0.00,0.00,0.00,0.0,0.0,0.0,43.86,-42.50,0.000000,0.000000,0,1,7.42
175815,0.00,0.00,0.00,0.00,0.00,0.00,0.0,0.0,0.0,43.87,-42.60,0.000000,0.000000,0,1,7.42
175917,0.00,0.00,0.00,0.00,0.00,0.00,0.0,0.0,0.0,43.87,-42.68,0.000000,0.000000,0,1,7.43
176019,0.00,0.00,0.00,0.00,0.00,0.00,0.0,0.0,0.0,43.88,-42.76,0.000000,0.000000,0,1,7.43
176121,0.00,0.00,0.00,0.00,0.00,0.00,0.0,0.0,0.0,43.88,-42.94,0.000000,0.000000,0,1,7.43
176223,0.00,0.00,0.00,0.00,0.00,0.00,0.0,0.0,0.0,43.88,-43.23,0.000000,0.000000,0,1,7.43
176325,0.00,0.00,0.00,0.00,0.00,0.00,0.0,0.0,0.0,43.88,-43.58,0.000000,0.000000,0,1,7.43
176427,0.00,0.00,0.00,0.00,0.00,0.00,0.0,0.0,0.0,43.89,-43.83,0.000000,0.000000,0,1,7.43
176529,0.00,0.00,0.00,0.00,0.00,0.00,0.0,0.0,0.0,43.90,-44.03,0.000000,0.000000,0,1,7.43
176631,0.00,0.00,0.00,0.00,0.00,0.00,0.0,0.0,0.0,43.90,-44.28,0.000000,0.000000,0,1,7.43
176733,0.00,0.00,0.00,0.00,0.00,0.00,0.0,0.0,0.0,43.91,-44.46,0.000000,0.000000,0,1,7.43
176835,0.00,0.00,0.00,0.00,0.00,0.00,0.0,0.0,0.0,43.91,-44.45,0.000000,0.000000,0,1,7.43
176937,0.00,0.00,0.00,0.00,0.00,0.00,0.0,0.0,0.0,43.91,-44.49,0.000000,0.000000,0,1,7.44
177039,0.00,0.00,0.00,0.00,0.00,0.00,0.0,0.0,0.0,43.91,-44.56,0.000000,0.000000,0,1,7.44
177141,0.00,0.00,0.00,0.00,0.00,0.00,0.0,0.0,0.0,43.92,-44.65,0.000000,0.000000,0,1,7.44
177243,0.00,0.00,0.00,0.00,0.00,0.00,0.0,0.0,0.0,43.92,-44.83,0.000000,0.000000,0,1,7.44
177345,0.00,0.00,0.00,0.00,0.00,0.00,0.0,0.0,0.0,43.92,-45.03,0.000000,0.000000,0,1,7.44
177447,0.00,0.00,0.00,0.00,0.00,0.00,0.0,0.0,0.0,43.93,-45.20,0.000000,0.000000,0,1,7.44
177549,0.00,0.00,0.00,0.00,0.00,0.00,0.0,0.0,0.0,43.93,-45.32,0.000000,0.000000,0,1,7.44
177651,0.00,0.00,0.00,0.00,0.00,0.00,0.0,0.0,0.0,43.94,-45.55,0.000000,0.000000,0,1,7.44
177753,0.00,0.00,0.00,0.00,0.00,0.00,0.0,0.0,0.0,43.94,-45.66,0.000000,0.000000,0,1,7.44
177855,0.00,0.00,0.00,0.00,0.00,0.00,0.0,0.0,0.0,43.94,-45.72,0.000000,0.000000,0,1,7.44
177957,0.00,0.00,0.00,0.00,0.00,0.00,0.0,0.0,0.0,43.95,-45.79,0.000000,0.000000,0,1,7.36
178059,0.00,0.00,0.00,0.00,0.00,0.00,0.0,0.0,0.0,43.95,-45.91,0.000000,0.000000,0,1,7.36
178161,0.00,0.00,0.00,0.00,0.00,0.00,0.0,0.0,0.0,43.95,-45.96,0.000000,0.000000,0,1,7.36
178263,0.00,0.00,0.00,0.00,0.00,0.00,0.0,0.0,0.0,43.96,-45.98,0.000000,0.000000,0,1,7.36
178365,0.00,0.00,0.00,0.00,0.00,0.00,0.0,0.0,0.0,43.96,-45.90,0.000000,0.000000,0,1,7.36
178467,0.00,0.00,0.00,0.00,0.00,0.00,0.0,0.0,0.0,43.96,-45.99,0.000000,0.000000,0,1,7.36
178569,0.00,0.00,0.00,0.00,0.00,0.00,0.0,0.0,0.0,43.96,-46.19,0.000000,0.000000,0,1,7.36
178671,0.00,0.00,0.00,0.00,0.00,0.00,0.0,0.0,0.0,43.97,-46.47,0.000000,0.000000,0,1,7.36
178773,0.00,0.00,0.00,0.00,0.00,0.00,0.0,0.0,0.0,43.97,-46.83,0.000000,0.000000,0,1,7.36
178875,0.00,0.00,0.00,0.00,0.00,0.00,0.0,0.0,0.0,43.98,-47.23,0.000000,0.000000,0,1,7.36
178977,0.00,0.00,0.00,0.00,0.00,0.00,0.0,0.0,0.0,43.98,-47.44,0.000000,0.000000,0,1,7.38
179079,0.00,0.00,0.00,0.00,0.00,0.00,0.0,0.0,0.0,43.99,-47.56,0.000000,0.000000,0,1,7.38
179181,0.00,0.00,0.00,0.00,0.00,0.00,0.0,0.0,0.0,43.99,-47.71,0.000000,0.000000,0,1,7.38
179283,0.00,0.00,0.00,0.00,0.00,0.00,0.0,0.0,0.0,44.00,-47.95,0.000000,0.000000,0,1,7.38
179385,0.00,0.00,0.00,0.00,0.00,0.00,0.0,0.0,0.0,44.00,-48.23,0.000000,0.000000,0,1,7.38
179487,0.00,0.00,0.00,0.00,0.00,0.00,0.0,0.0,0.0,44.00,-48.60,0.000000,0.000000,0,1,7.38
179589,0.00,0.00,0.00,0.00,0.00,0.00,0.0,0.0,0.0,44.01,-48.79,0.000000,0.000000,0,1,7.38
179691,0.00,0.00,0.00,0.00,0.00,0.00,0.0,0.0,0.0,44.02,-48.94,0.000000,0.000000,0,1,7.38
179793,0.00,0.00,0.00,0.00,0.00,0.00,0.0,0.0,0.0,44.02,-49.09,0.000000,0.000000,0,1,7.38
179895,0.00,0.00,0.00,0.00,0.00,0.00,0.0,0.0,0.0,44.02,-49.23,0.000000,0.000000,0,1,7.38
179997,0.00,0.00,0.00,0.00,0.00,0.00,0.0,0.0,0.0,44.03,-49.42,0.000000,0.000000,0,1,7.41
180099,0.00,0.00,0.00,0.00,0.00,0.00,0.0,0.0,0.0,44.03,-49.63,0.000000,0.000000,0,1,7.41
180201,0.00,0.00,0.00,0.00,0.00,0.00,0.0,0.0,0.0,44.03,-49.80,0.000000,0.000000,0,1,7.41
180303,0.00,0.00,0.00,0.00,0.00,0.00,0.0,0.0,0.0,44.03,-49.82,0.000000,0.000000,0,1,7.41
180405,0.00,0.00,0.00,0.00,0.00,0.00,0.0,0.0,0.0,44.04,-49.75,0.000000,0.000000,0,1,7.41
180507,0.00,0.00,0.00,0.00,0.00,0.00,0.0,0.0,0.0,44.04,-49.83,0.000000,0.000000,0,1,7.41
180609,0.00,0.00,0.00,0.00,0.00,0.00,0.0,0.0,0.0,44.04,-50.01,0.000000,0.000000,0,1,7.41
180711,0.00,0.00,0.00,0.00,0.00,0.00,0.0,0.0,0.0,44.04,-50.04,0.000000,0.000000,0,1,7.41
180813,0.00,0.00,0.00,0.00,0.00,0.00,0.0,0.0,0.0,44.04,-49.98,0.000000,0.000000,0,1,7.41
180915,0.00,0.00,0.00,0.00,0.00,0.00,0.0,0.0,0.0,44.04,-50.05,0.000000,0.000000,0,1,7.41
181017,0.00,0.00,0.00,0.00,0.00,0.00,0.0,0.0,0.0,44.05,-50.17,0.000000,0.000000,0,1,7.39
181119,0.00,0.00,0.00,0.00,0.00,0.00,0.0,0.0,0.0,44.05,-50.18,0.000000,0.000000,0,1,7.39
181221,0.00,0.00,0.00,0.00,0.00,0.00,0.0,0.0,0.0,44.05,-50.11,0.000000,0.000000,0,1,7.39
181323,0.00,0.00,0.00,0.00,0.00,0.00,0.0,0.0,0.0,44.05,-50.21,0.000000,0.000000,0,1,7.39
181425,0.00,0.00,0.00,0.00,0.00,0.00,0.0,0.0,0.0,44.05,-50.43,0.000000,0.000000,0,1,7.39
181527,0.00,0.00,0.00,0.00,0.00,0.00,0.0,0.0,0.0,44.05,-50.48,0.000000,0.000000,0,1,7.39
181629,0.00,0.00,0.00,0.00,0.00,0.00,0.0,0.0,0.0,44.05,-50.35,0.000000,0.000000,0,1,7.39
181731,0.00,0.00,0.00,0.00,0.00,0.00,0.0,0.0,0.0,44.05,-50.27,0.000000,0.000000,0,1,7.39
181833,0.00,0.00,0.00,0.00,0.00,0.00,0.0,0.0,0.0,44.05,-50.32,0.000000,0.000000,0,1,7.39
181935,0.00,0.00,0.00,0.00,0.00,0.00,0.0,0.0,0.0,44.06,-50.47,0.000000,0.000000,0,1,7.39
182037,0.00,0.00,0.00,0.00,0.00,0.00,0.0,0.0,0.0,44.06,-50.47,0.000000,0.000000,0,1,7.46
182139,0.00,0.00,0.00,0.00,0.00,0.00,0.0,0.0,0.0,44.06,-50.34,0.000000,0.000000,0,1,7.46
182241,0.00,0.00,0.00,0.00,0.00,0.00,0.0,0.0,0.0,44.06,-50.23,0.000000,0.000000,0,1,7.46
182343,0.00,0.00,0.00,0.00,0.00,0.00,0.0,0.0,0.0,44.06,-50.24,0.000000,0.000000,0,1,7.46
182445,0.00,0.00,0.00,0.00,0.00,0.00,0.0,0.0,0.0,44.06,-50.41,0.000000,0.000000,0,1,7.46
182547,0.00,0.00,0.00,0.00,0.00,0.00,0.0,0.0,0.0,44.06,-50.63,0.000000,0.000000,0,1,7.46
182649,0.00,0.00,0.00,0.00,0.00,0.00,0.0,0.0,0.0,44.07,-50.80,0.000000,0.000000,0,1,7.46
182751,0.00,0.00,0.00,0.00,0.00,0.00,0.0,0.0,0.0,44.07,-50.90,0.000000,0.000000,0,1,7.46
182853,0.00,0.00,0.00,0.00,0.00,0.00,0.0,0.0,0.0,44.07,-51.00,0.000000,0.000000,0,1,7.46
182955,0.00,0.00,0.00,0.00,0.00,0.00,0.0,0.0,0.0,44.07,-51.19,0.000000,0.000000,0,1,7.46
183057,0.00,0.00,0.00,0.00,0.00,0.00,0.0,0.0,0.0,44.08,-51.52,0.000000,0.000000,0,1,7.45
183159,0.00,0.00,0.00,0.00,0.00,0.00,0.0,0.0,0.0,44.08,-51.92,0.000000,0.000000,0,1,7.45
183261,0.00,0.00,0.00,0.00,0.00,0.00,0.0,0.0,0.0,44.08,-52.26,0.000000,0.000000,0,1,7.45
183363,0.00,0.00,0.00,0.00,0.00,0.00,0.0,0.0,0.0,44.09,-52.52,0.000000,0.000000,0,1,7.45
183465,0.00,0.00,0.00,0.00,0.00,0.00,0.0,0.0,0.0,44.09,-52.67,0.000000,0.000000,0,1,7.45
183567,0.00,0.00,0.00,0.00,0.00,0.00,0.0,0.0,0.0,44.10,-52.79,0.000000,0.000000,0,1,7.45
183669,0.00,0.00,0.00,0.00,0.00,0.00,0.0,0.0,0.0,44.10,-52.80,0.000000,0.000000,0,1,7.45
183771,0.00,0.00,0.00,0.00,0.00,0.00,0.0,0.0,0.0,44.10,-52.77,0.000000,0.000000,0,1,7.45
183873,0.00,0.00,0.00,0.00,0.00,0.00,0.0,0.0,0.0,44.10,-52.75,0.000000,0.000000,0,1,7.45
183976,0.00,0.00,0.00,0.00,0.00,0.00,0.0,0.0,0.0,44.10,-52.81,0.000000,0.000000,0,1,7.38
184077,0.00,0.00,0.00,0.00,0.00,0.00,0.0,0.0,0.0,44.10,-52.93,0.000000,0.000000,0,1,7.38
184179,0.00,0.00,0.00,0.00,0.00,0.00,0.0,0.0,0.0,44.11,-53.09,0.000000,0.000000,0,1,7.38
184281,0.00,0.00,0.00,0.00,0.00,0.00,0.0,0.0,0.0,44.11,-53.31,0.000000,0.000000,0,1,7.38
184383,0.00,0.00,0.00,0.00,0.00,0.00,0.0,0.0,0.0,44.11,-53.58,0.000000,0.000000,0,1,7.38
184485,0.00,0.00,0.00,0.00,0.00,0.00,0.0,0.0,0.0,44.12,-53.89,0.000000,0.000000,0,1,7.38
184587,0.00,0.00,0.00,0.00,0.00,0.00,0.0,0.0,0.0,44.13,-54.13,0.000000,0.000000,0,1,7.38
184689,0.00,0.00,0.00,0.00,0.00,0.00,0.0,0.0,0.0,44.13,-54.21,0.000000,0.000000,0,1,7.38
184791,0.00,0.00,0.00,0.00,0.00,0.00,0.0,0.0,0.0,44.13,-54.21,0.000000,0.000000,0,1,7.38
184893,0.00,0.00,0.00,0.00,0.00,0.00,0.0,0.0,0.0,44.14,-54.18,0.000000,0.000000,0,1,7.38
184995,0.00,0.00,0.00,0.00,0.00,0.00,0.0,0.0,0.0,44.14,-54.27,0.000000,0.000000,0,1,7.41
185097,0.00,0.00,0.00,0.00,0.00,0.00,0.0,0.0,0.0,44.14,-54.28,0.000000,0.000000,0,1,7.41
185199,0.00,0.00,0.00,0.00,0.00,0.00,0.0,0.0,0.0,44.14,-54.02,0.000000,0.000000,0,1,7.41
185301,0.00,0.00,0.00,0.00,0.00,0.00,0.0,0.0,0.0,44.14,-54.05,0.000000,0.000000,0,1,7.41
185403,0.00,0.00,0.00,0.00,0.00,0.00,0.0,0.0,0.0,44.15,-54.32,0.000000,0.000000,0,1,7.41
185505,0.00,0.00,0.00,0.00,0.00,0.00,0.0,0.0,0.0,44.15,-54.66,0.000000,0.000000,0,1,7.41
185607,0.00,0.00,0.00,0.00,0.00,0.00,0.0,0.0,0.0,44.15,-54.95,0.000000,0.000000,0,1,7.41
185709,0.00,0.00,0.00,0.00,0.00,0.00,0.0,0.0,0.0,44.16,-55.09,0.000000,0.000000,0,1,7.41
185811,0.00,0.00,0.00,0.00,0.00,0.00,0.0,0.0,0.0,44.16,-54.98,0.000000,0.000000,0,1,7.41
185913,0.00,0.00,0.00,0.00,0.00,0.00,0.0,0.0,0.0,44.16,-54.92,0.000000,0.000000,0,1,7.41
186015,0.00,0.00,0.00,0.00,0.00,0.00,0.0,0.0,0.0,44.16,-54.89,0.000000,0.000000,0,1,7.39
186117,0.00,0.00,0.00,0.00,0.00,0.00,0.0,0.0,0.0,44.16,-54.84,0.000000,0.000000,0,1,7.39
186219,0.00,0.00,0.00,0.00,0.00,0.00,0.0,0.0,0.0,44.17,-54.82,0.000000,0.000000,0,1,7.39
186321,0.00,0.00,0.00,0.00,0.00,0.00,0.0,0.0,0.0,44.16,-54.55,0.000000,0.000000,0,1,7.39
186423,0.00,0.00,0.00,0.00,0.00,0.00,0.0,0.0,0.0,44.16,-54.51,0.000000,0.000000,0,1,7.39
186525,0.00,0.00,0.00,0.00,0.00,0.00,0.0,0.0,0.0,44.16,-54.60,0.000000,0.000000,0,1,7.39
186627,0.00,0.00,0.00,0.00,0.00,0.00,0.0,0.0,0.0,44.16,-54.60,0.000000,0.000000,0,1,7.39
186729,0.00,0.00,0.00,0.00,0.00,0.00,0.0,0.0,0.0,44.16,-54.34,0.000000,0.000000,0,1,7.39
186831,0.00,0.00,0.00,0.00,0.00,0.00,0.0,0.0,0.0,44.16,-54.07,0.000000,0.000000,0,1,7.39
186933,0.00,0.00,0.00,0.00,0.00,0.00,0.0,0.0,0.0,44.16,-54.10,0.000000,0.000000,0,1,7.39
187035,0.00,0.00,0.00,0.00,0.00,0.00,0.0,0.0,0.0,44.16,-54.34,0.000000,0.000000,0,1,7.47
187137,0.00,0.00,0.00,0.00,0.00,0.00,0.0,0.0,0.0,44.16,-54.54,0.000000,0.000000,0,1,7.47
187239,0.00,0.00,0.00,0.00,0.00,0.00,0.0,0.0,0.0,44.16,-54.70,0.000000,0.000000,0,1,7.47
187341,0.00,0.00,0.00,0.00,0.00,0.00,0.0,0.0,0.0,44.17,-54.90,0.000000,0.000000,0,1,7.47
187443,0.00,0.00,0.00,0.00,0.00,0.00,0.0,0.0,0.0,44.17,-55.11,0.000000,0.000000,0,1,7.47
187545,0.00,0.00,0.00,0.00,0.00,0.00,0.0,0.0,0.0,44.17,-55.27,0.000000,0.000000,0,1,7.47
187647,0.00,0.00,0.00,0.00,0.00,0.00,0.0,0.0,0.0,44.17,-55.44,0.000000,0.000000,0,1,7.47
187749,0.00,0.00,0.00,0.00,0.00,0.00,0.0,0.0,0.0,44.18,-55.54,0.000000,0.000000,0,1,7.47
187851,0.00,0.00,0.00,0.00,0.00,0.00,0.0,0.0,0.0,44.18,-55.79,0.000000,0.000000,0,1,7.47
187953,0.00,0.00,0.00,0.00,0.00,0.00,0.0,0.0,0.0,44.18,-56.01,0.000000,0.000000,0,1,7.47
188055,0.00,0.00,0.00,0.00,0.00,0.00,0.0,0.0,0.0,44.19,-56.11,0.000000,0.000000,0,1,7.37
188157,0.00,0.00,0.00,0.00,0.00,0.00,0.0,0.0,0.0,44.19,-56.45,0.000000,0.000000,0,1,7.37
188259,0.00,0.00,0.00,0.00,0.00,0.00,0.0,0.0,0.0,44.20,-57.01,0.000000,0.000000,0,1,7.37
188361,0.00,0.00,0.00,0.00,0.00,0.00,0.0,0.0,0.0,44.21,-57.21,0.000000,0.000000,0,1,7.37
188463,0.00,0.00,0.00,0.00,0.00,0.00,0.0,0.0,0.0,44.21,-57.46,0.000000,0.000000,0,1,7.37
188565,0.00,0.00,0.00,0.00,0.00,0.00,0.0,0.0,0.0,44.22,-57.77,0.000000,0.000000,0,1,7.37
188667,0.00,0.00,0.00,0.00,0.00,0.00,0.0,0.0,0.0,44.22,-57.90,0.000000,0.000000,0,1,7.37
188769,0.00,0.00,0.00,0.00,0.00,0.00,0.0,0.0,0.0,44.22,-57.88,0.000000,0.000000,0,1,7.37
188871,0.00,0.00,0.00,0.00,0.00,0.00,0.0,0.0,0.0,44.22,-58.00,0.000000,0.000000,0,1,7.37
188973,0.00,0.00,0.00,0.00,0.00,0.00,0.0,0.0,0.0,44.23,-58.26,0.000000,0.000000,0,1,7.37
189075,0.00,0.00,0.00,0.00,0.00,0.00,0.0,0.0,0.0,44.23,-58.46,0.000000,0.000000,0,1,7.47
189177,0.00,0.00,0.00,0.00,0.00,0.00,0.0,0.0,0.0,44.24,-58.84,0.000000,0.000000,0,1,7.47
189279,0.00,0.00,0.00,0.00,0.00,0.00,0.0,0.0,0.0,44.25,-59.33,0.000000,0.000000,0,1,7.47
189381,0.00,0.00,0.00,0.00,0.00,0.00,0.0,0.0,0.0,44.25,-59.74,0.000000,0.000000,0,1,7.47
189483,0.00,0.00,0.00,0.00,0.00,0.00,0.0,0.0,0.0,44.26,-59.95,0.000000,0.000000,0,1,7.47
189585,0.00,0.00,0.00,0.00,0.00,0.00,0.0,0.0,0.0,44.26,-60.22,0.000000,0.000000,0,1,7.47
189687,0.00,0.00,0.00,0.00,0.00,0.00,0.0,0.0,0.0,44.27,-60.48,0.000000,0.000000,0,1,7.47
189789,0.00,0.00,0.00,0.00,0.00,0.00,0.0,0.0,0.0,44.27,-60.43,0.000000,0.000000,0,1,7.47
189891,0.00,0.00,0.00,0.00,0.00,0.00,0.0,0.0,0.0,44.27,-60.20,0.000000,0.000000,0,1,7.47
189993,0.00,0.00,0.00,0.00,0.00,0.00,0.0,0.0,0.0,44.27,-60.18,0.000000,0.000000,0,1,7.47
190095,0.00,0.00,0.00,0.00,0.00,0.00,0.0,0.0,0.0,44.28,-60.21,0.000000,0.000000,0,1,7.36
190197,0.00,0.00,0.00,0.00,0.00,0.00,0.0,0.0,0.0,44.28,-60.39,0.000000,0.000000,0,1,7.36
190299,0.00,0.00,0.00,0.00,0.00,0.00,0.0,0.0,0.0,44.28,-60.66,0.000000,0.000000,0,1,7.36
190401,0.00,0.00,0.00,0.00,0.00,0.00,0.0,0.0,0.0,44.28,-61.02,0.000000,0.000000,0,1,7.36
190503,0.00,0.00,0.00,0.00,0.00,0.00,0.0,0.0,0.0,44.29,-61.44,0.000000,0.000000,0,1,7.36
190605,0.00,0.00,0.00,0.00,0.00,0.00,0.0,0.0,0.0,44.30,-61.96,0.000000,0.000000,0,1,7.36
190707,0.00,0.00,0.00,0.00,0.00,0.00,0.0,0.0,0.0,44.31,-62.33,0.000000,0.000000,0,1,7.36
190809,0.00,0.00,0.00,0.00,0.00,0.00,0.0,0.0,0.0,44.31,-62.38,0.000000,0.000000,0,1,7.36
190911,0.00,0.00,0.00,0.00,0.00,0.00,0.0,0.0,0.0,44.32,-62.36,0.000000,0.000000,0,1,7.36
191013,0.00,0.00,0.00,0.00,0.00,0.00,0.0,0.0,0.0,44.32,-62.39,0.000000,0.000000,0,1,7.36
191115,0.00,0.00,0.00,0.00,0.00,0.00,0.0,0.0,0.0,44.32,-62.39,0.000000,0.000000,0,1,7.38
191217,0.00,0.00,0.00,0.00,0.00,0.00,0.0,0.0,0.0,44.33,-62.15,0.000000,0.000000,0,1,7.38
191319,0.00,0.00,0.00,0.00,0.00,0.00,0.0,0.0,0.0,44.32,-62.01,0.000000,0.000000,0,1,7.38
191421,0.00,0.00,0.00,0.00,0.00,0.00,0.0,0.0,0.0,44.33,-62.13,0.000000,0.000000,0,1,7.38
191523,0.00,0.00,0.00,0.00,0.00,0.00,0.0,0.0,0.0,44.33,-62.30,0.000000,0.000000,0,1,7.38
191625,0.00,0.00,0.00,0.00,0.00,0.00,0.0,0.0,0.0,44.33,-62.62,0.000000,0.000000,0,1,7.38
191727,0.00,0.00,0.00,0.00,0.00,0.00,0.0,0.0,0.0,44.34,-63.20,0.000000,0.000000,0,1,7.38
191829,0.00,0.00,0.00,0.00,0.00,0.00,0.0,0.0,0.0,44.35,-63.83,0.000000,0.000000,0,1,7.38
191931,0.00,0.00,0.00,0.00,0.00,0.00,0.0,0.0,0.0,44.36,-64.39,0.000000,0.000000,0,1,7.38
192033,0.00,0.00,0.00,0.00,0.00,0.00,0.0,0.0,0.0,44.37,-64.86,0.000000,0.000000,0,1,7.38
192135,0.00,0.00,0.00,0.00,0.00,0.00,0.0,0.0,0.0,44.38,-65.19,0.000000,0.000000,0,1,7.45
192237,0.00,0.00,0.00,0.00,0.00,0.00,0.0,0.0,0.0,44.39,-65.42,0.000000,0.000000,0,1,7.45
192339,0.00,0.00,0.00,0.00,0.00,0.00,0.0,0.0,0.0,44.39,-65.64,0.000000,0.000000,0,1,7.45
192441,0.00,0.00,0.00,0.00,0.00,0.00,0.0,0.0,0.0,44.40,-65.85,0.000000,0.000000,0,1,7.45
192543,0.00,0.00,0.00,0.00,0.00,0.00,0.0,0.0,0.0,44.41,-66.13,0.000000,0.000000,0,1,7.45
192645,0.00,0.00,0.00,0.00,0.00,0.00,0.0,0.0,0.0,44.41,-66.41,0.000000,0.000000,0,1,7.45
192747,0.00,0.00,0.00,0.00,0.00,0.00,0.0,0.0,0.0,44.42,-66.78,0.000000,0.000000,0,1,7.45
192849,0.00,0.00,0.00,0.00,0.00,0.00,0.0,0.0,0.0,44.43,-67.29,0.000000,0.000000,0,1,7.45
192951,0.00,0.00,0.00,0.00,0.00,0.00,0.0,0.0,0.0,44.44,-67.77,0.000000,0.000000,0,1,7.45
193053,0.00,0.00,0.00,0.00,0.00,0.00,0.0,0.0,0.0,44.44,-68.08,0.000000,0.000000,0,1,7.45
193155,0.00,0.00,0.00,0.00,0.00,0.00,0.0,0.0,0.0,44.45,-68.22,0.000000,0.000000,0,1,7.45
193257,0.00,0.00,0.00,0.00,0.00,0.00,0.0,0.0,0.0,44.45,-68.36,0.000000,0.000000,0,1,7.45
193359,0.00,0.00,0.00,0.00,0.00,0.00,0.0,0.0,0.0,44.46,-68.68,0.000000,0.000000,0,1,7.45
193461,0.00,0.00,0.00,0.00,0.00,0.00,0.0,0.0,0.0,44.47,-69.11,0.000000,0.000000,0,1,7.45
193563,0.00,0.00,0.00,0.00,0.00,0.00,0.0,0.0,0.0,44.47,-69.37,0.000000,0.000000,0,1,7.45
193665,0.00,0.00,0.00,0.00,0.00,0.00,0.0,0.0,0.0,44.48,-69.29,0.000000,0.000000,0,1,7.45
193767,0.00,0.00,0.00,0.00,0.00,0.00,0.0,0.0,0.0,44.48,-69.29,0.000000,0.000000,0,1,7.45
193869,0.00,0.00,0.00,0.00,0.00,0.00,0.0,0.0,0.0,44.49,-69.31,0.000000,0.000000,0,1,7.45
193971,0.00,0.00,0.00,0.00,0.00,0.00,0.0,0.0,0.0,44.49,-69.43,0.000000,0.000000,0,1,7.45
194074,0.00,0.00,0.00,0.00,0.00,0.00,0.0,0.0,0.0,44.49,-69.52,0.000000,0.000000,0,1,7.43
194175,0.00,0.00,0.00,0.00,0.00,0.00,0.0,0.0,0.0,44.49,-69.43,0.000000,0.000000,0,1,7.43
194277,0.00,0.00,0.00,0.00,0.00,0.00,0.0,0.0,0.0,44.49,-69.37,0.000000,0.000000,0,1,7.43
194379,0.00,0.00,0.00,0.00,0.00,0.00,0.0,0.0,0.0,44.49,-69.42,0.000000,0.000000,0,1,7.43
194481,0.00,0.00,0.00,0.00,0.00,0.00,0.0,0.0,0.0,44.50,-69.46,0.000000,0.000000,0,1,7.43
194583,0.00,0.00,0.00,0.00,0.00,0.00,0.0,0.0,0.0,44.50,-69.59,0.000000,0.000000,0,1,7.43
194685,0.00,0.00,0.00,0.00,0.00,0.00,0.0,0.0,0.0,44.51,-69.72,0.000000,0.000000,0,1,7.43
194787,0.00,0.00,0.00,0.00,0.00,0.00,0.0,0.0,0.0,44.51,-69.94,0.000000,0.000000,0,1,7.43
194889,0.00,0.00,0.00,0.00,0.00,0.00,0.0,0.0,0.0,44.52,-70.51,0.000000,0.000000,0,1,7.43
194991,0.00,0.00,0.00,0.00,0.00,0.00,0.0,0.0,0.0,44.53,-71.13,0.000000,0.000000,0,1,7.43
195093,0.00,0.00,0.00,0.00,0.00,0.00,0.0,0.0,0.0,44.54,-71.51,0.000000,0.000000,0,1,7.39
195195,0.00,0.00,0.00,0.00,0.00,0.00,0.0,0.0,0.0,44.55,-71.83,0.000000,0.000000,0,1,7.39
195297,0.00,0.00,0.00,0.00,0.00,0.00,0.0,0.0,0.0,44.56,-72.20,0.000000,0.000000,0,1,7.39
195399,0.00,0.00,0.00,0.00,0.00,0.00,0.0,0.0,0.0,44.56,-72.55,0.000000,0.000000,0,1,7.39
195501,0.00,0.00,0.00,0.00,0.00,0.00,0.0,0.0,0.0,44.57,-72.87,0.000000,0.000000,0,1,7.39
195603,0.00,0.00,0.00,0.00,0.00,0.00,0.0,0.0,0.0,44.58,-73.13,0.000000,0.000000,0,1,7.39
195705,0.00,0.00,0.00,0.00,0.00,0.00,0.0,0.0,0.0,44.58,-73.21,0.000000,0.000000,0,1,7.39
195807,0.00,0.00,0.00,0.00,0.00,0.00,0.0,0.0,0.0,44.59,-73.32,0.000000,0.000000,0,1,7.39
195909,0.00,0.00,0.00,0.00,0.00,0.00,0.0,0.0,0.0,44.59,-73.46,0.000000,0.000000,0,1,7.39
196011,0.00,0.00,0.00,0.00,0.00,0.00,0.0,0.0,0.0,44.59,-73.47,0.000000,0.000000,0,1,7.39
196113,0.00,0.00,0.00,0.00,0.00,0.00,0.0,0.0,0.0,44.60,-73.58,0.000000,0.000000,0,1,7.43
196215,0.00,0.00,0.00,0.00,0.00,0.00,0.0,0.0,0.0,44.60,-73.73,0.000000,0.000000,0,1,7.43
196317,0.00,0.00,0.00,0.00,0.00,0.00,0.0,0.0,0.0,44.60,-73.98,0.000000,0.000000,0,1,7.43
196419,0.00,0.00,0.00,0.00,0.00,0.00,0.0,0.0,0.0,44.61,-74.18,0.000000,0.000000,0,1,7.43
196521,0.00,0.00,0.00,0.00,0.00,0.00,0.0,0.0,0.0,44.61,-74.22,0.000000,0.000000,0,1,7.43
196623,0.00,0.00,0.00,0.00,0.00,0.00,0.0,0.0,0.0,44.61,-74.26,0.000000,0.000000,0,1,7.43
196725,0.00,0.00,0.00,0.00,0.00,0.00,0.0,0.0,0.0,44.62,-74.56,0.000000,0.000000,0,1,7.43
196827,0.00,0.00,0.00,0.00,0.00,0.00,0.0,0.0,0.0,44.63,-75.03,0.000000,0.000000,0,1,7.43
196929,0.00,0.00,0.00,0.00,0.00,0.00,0.0,0.0,0.0,44.63,-75.51,0.000000,0.000000,0,1,7.43
197031,0.00,0.00,0.00,0.00,0.00,0.00,0.0,0.0,0.0,44.64,-76.02,0.000000,0.000000,0,1,7.43
197133,0.00,0.00,0.00,0.00,0.00,0.00,0.0,0.0,0.0,44.65,-76.50,0.000000,0.000000,0,1,7.41
197235,0.00,0.00,0.00,0.00,0.00,0.00,0.0,0.0,0.0,44.66,-76.98,0.000000,0.000000,0,1,7.41
197337,0.00,0.00,0.00,0.00,0.00,0.00,0.0,0.0,0.0,44.67,-77.40,0.000000,0.000000,0,1,7.41
197439,0.00,0.00,0.00,0.00,0.00,0.00,0.0,0.0,0.0,44.68,-77.67,0.000000,0.000000,0,1,7.41
197541,0.00,0.00,0.00,0.00,0.00,0.00,0.0,0.0,0.0,44.68,-77.84,0.000000,0.000000,0,1,7.41
197643,0.00,0.00,0.00,0.00,0.00,0.00,0.0,0.0,0.0,44.69,-77.67,0.000000,0.000000,0,1,7.41
197745,0.00,0.00,0.00,0.00,0.00,0.00,0.0,0.0,0.0,44.69,-77.48,0.000000,0.000000,0,1,7.41
197847,0.00,0.00,0.00,0.00,0.00,0.00,0.0,0.0,0.0,44.69,-77.40,0.000000,0.000000,0,1,7.41
197949,0.00,0.00,0.00,0.00,0.00,0.00,0.0,0.0,0.0,44.69,-77.48,0.000000,0.000000,0,1,7.41
198051,0.00,0.00,0.00,0.00,0.00,0.00,0.0,0.0,0.0,44.69,-77.38,0.000000,0.000000,0,1,7.41
198153,0.00,0.00,0.00,0.00,0.00,0.00,0.0,0.0,0.0,44.69,-77.68,0.000000,0.000000,0,1,7.43
198255,0.00,0.00,0.00,0.00,0.00,0.00,0.0,0.0,0.0,44.69,-78.10,0.000000,0.000000,0,1,7.43
198357,0.00,0.00,0.00,0.00,0.00,0.00,0.0,0.0,0.0,44.70,-78.34,0.000000,0.000000,0,1,7.43
198459,0.00,0.00,0.00,0.00,0.00,0.00,0.0,0.0,0.0,44.70,-78.49,0.000000,0.000000,0,1,7.43
198561,0.00,0.00,0.00,0.00,0.00,0.00,0.0,0.0,0.0,44.71,-78.57,0.000000,0.000000,0,1,7.43
198663,0.00,0.00,0.00,0.00,0.00,0.00,0.0,0.0,0.0,44.71,-78.60,0.000000,0.000000,0,1,7.43
198765,0.00,0.00,0.00,0.00,0.00,0.00,0.0,0.0,0.0,44.71,-78.65,0.000000,0.000000,0,1,7.43
198867,0.00,0.00,0.00,0.00,0.00,0.00,0.0,0.0,0.0,44.71,-78.80,0.000000,0.000000,0,1,7.43
198969,0.00,0.00,0.00,0.00,0.00,0.00,0.0,0.0,0.0,44.72,-79.06,0.000000,0.000000,0,1,7.43
199071,0.00,0.00,0.00,0.00,0.00,0.00,0.0,0.0,0.0,44.72,-79.32,0.000000,0.000000,0,1,7.43
199173,0.00,0.00,0.00,0.00,0.00,0.00,0.0,0.0,0.0,44.73,-79.59,0.000000,0.000000,0,1,7.43
199275,0.00,0.00,0.00,0.00,0.00,0.00,0.0,0.0,0.0,44.73,-79.89,0.000000,0.000000,0,1,7.43
199377,0.00,0.00,0.00,0.00,0.00,0.00,0.0,0.0,0.0,44.74,-80.28,0.000000,0.000000,0,1,7.43
199479,0.00,0.00,0.00,0.00,0.00,0.00,0.0,0.0,0.0,44.75,-80.79,0.000000,0.000000,0,1,7.43
199581,0.00,0.00,0.00,0.00,0.00,0.00,0.0,0.0,0.0,44.75,-81.05,0.000000,0.000000,0,1,7.43
199683,0.00,0.00,0.00,0.00,0.00,0.00,0.0,0.0,0.0,44.75,-81.02,0.000000,0.000000,0,1,7.43
199785,0.00,0.00,0.00,0.00,0.00,0.00,0.0,0.0,0.0,44.76,-80.95,0.000000,0.000000,0,1,7.43
199887,0.00,0.00,0.00,0.00,0.00,0.00,0.0,0.0,0.0,44.75,-80.93,0.000000,0.000000,0,1,7.43
199989,0.00,0.00,0.00,0.00,0.00,0.00,0.0,0.0,0.0,44.76,-81.03,0.000000,0.000000,0,1,7.43
200091,0.00,0.00,0.00,0.00,0.00,0.00,0.0,0.0,0.0,44.76,-81.28,0.000000,0.000000,0,1,7.43
200193,0.00,0.00,0.00,0.00,0.00,0.00,0.0,0.0,0.0,44.76,-81.51,0.000000,0.000000,0,1,7.46
200295,0.00,0.00,0.00,0.00,0.00,0.00,0.0,0.0,0.0,44.77,-81.61,0.000000,0.000000,0,1,7.46
200397,0.00,0.00,0.00,0.00,0.00,0.00,0.0,0.0,0.0,44.77,-81.74,0.000000,0.000000,0,1,7.46
200499,0.00,0.00,0.00,0.00,0.00,0.00,0.0,0.0,0.0,44.77,-81.96,0.000000,0.000000,0,1,7.46
200601,0.00,0.00,0.00,0.00,0.00,0.00,0.0,0.0,0.0,44.78,-82.19,0.000000,0.000000,0,1,7.46
200703,0.00,0.00,0.00,0.00,0.00,0.00,0.0,0.0,0.0,44.79,-82.56,0.000000,0.000000,0,1,7.46
200805,0.00,0.00,0.00,0.00,0.00,0.00,0.0,0.0,0.0,44.79,-82.59,0.000000,0.000000,0,1,7.46
200907,0.00,0.00,0.00,0.00,0.00,0.00,0.0,0.0,0.0,44.79,-82.15,0.000000,0.000000,0,1,7.46
201009,0.00,0.00,0.00,0.00,0.00,0.00,0.0,0.0,0.0,44.79,-81.91,0.000000,0.000000,0,1,7.46
201111,0.00,0.00,0.00,0.00,0.00,0.00,0.0,0.0,0.0,44.78,-81.89,0.000000,0.000000,0,1,7.46
201213,0.00,0.00,0.00,0.00,0.00,0.00,0.0,0.0,0.0,44.78,-81.94,0.000000,0.000000,0,1,7.45
201315,0.00,0.00,0.00,0.00,0.00,0.00,0.0,0.0,0.0,44.79,-82.03,0.000000,0.000000,0,1,7.45
201417,0.00,0.00,0.00,0.00,0.00,0.00,0.0,0.0,0.0,44.79,-82.17,0.000000,0.000000,0,1,7.45
201519,0.00,0.00,0.00,0.00,0.00,0.00,0.0,0.0,0.0,44.79,-82.20,0.000000,0.000000,0,1,7.45
201621,0.00,0.00,0.00,0.00,0.00,0.00,0.0,0.0,0.0,44.79,-81.82,0.000000,0.000000,0,1,7.45
201723,0.00,0.00,0.00,0.00,0.00,0.00,0.0,0.0,0.0,44.79,-81.49,0.000000,0.000000,0,1,7.45
201825,0.00,0.00,0.00,0.00,0.00,0.00,0.0,0.0,0.0,44.79,-81.31,0.000000,0.000000,0,1,7.45
201927,0.00,0.00,0.00,0.00,0.00,0.00,0.0,0.0,0.0,44.79,-81.28,0.000000,0.000000,0,1,7.45
202029,0.00,0.00,0.00,0.00,0.00,0.00,0.0,0.0,0.0,44.79,-81.91,0.000000,0.000000,0,1,7.45
202131,0.00,0.00,0.00,0.00,0.00,0.00,0.0,0.0,0.0,44.80,-82.36,0.000000,0.000000,0,1,7.45
202233,0.00,0.00,0.00,0.00,0.00,0.00,0.0,0.0,0.0,44.80,-82.39,0.000000,0.000000,0,1,7.37
202335,0.00,0.00,0.00,0.00,0.00,0.00,0.0,0.0,0.0,44.81,-82.36,0.000000,0.000000,0,1,7.37
202437,0.00,0.00,0.00,0.00,0.00,0.00,0.0,0.0,0.0,44.81,-81.89,0.000000,0.000000,0,1,7.37
202539,0.00,0.00,0.00,0.00,0.00,0.00,0.0,0.0,0.0,44.80,-81.50,0.000000,0.000000,0,1,7.37
202641,0.00,0.00,0.00,0.00,0.00,0.00,0.0,0.0,0.0,44.80,-81.45,0.000000,0.000000,0,1,7.37
202743,0.00,0.00,0.00,0.00,0.00,0.00,0.0,0.0,0.0,44.80,-81.54,0.000000,0.000000,0,1,7.37
202845,0.00,0.00,0.00,0.00,0.00,0.00,0.0,0.0,0.0,44.80,-81.63,0.000000,0.000000,0,1,7.37
202947,0.00,0.00,0.00,0.00,0.00,0.00,0.0,0.0,0.0,44.80,-81.86,0.000000,0.000000,0,1,7.37
203049,0.00,0.00,0.00,0.00,0.00,0.00,0.0,0.0,0.0,44.81,-82.36,0.000000,0.000000,0,1,7.37
203151,0.00,0.00,0.00,0.00,0.00,0.00,0.0,0.0,0.0,44.82,-83.03,0.000000,0.000000,0,1,7.37
203253,0.00,0.00,0.00,0.00,0.00,0.00,0.0,0.0,0.0,44.83,-83.46,0.000000,0.000000,0,1,7.39
203355,0.00,0.00,0.00,0.00,0.00,0.00,0.0,0.0,0.0,44.83,-83.54,0.000000,0.000000,0,1,7.39
203457,0.00,0.00,0.00,0.00,0.00,0.00,0.0,0.0,0.0,44.83,-83.47,0.000000,0.000000,0,1,7.39
203559,0.00,0.00,0.00,0.00,0.00,0.00,0.0,0.0,0.0,44.84,-83.57,0.000000,0.000000,0,1,7.39
203661,0.00,0.00,0.00,0.00,0.00,0.00,0.0,0.0,0.0,44.84,-83.94,0.000000,0.000000,0,1,7.39
203763,0.00,0.00,0.00,0.00,0.00,0.00,0.0,0.0,0.0,44.85,-84.36,0.000000,0.000000,0,1,7.39
203865,0.00,0.00,0.00,0.00,0.00,0.00,0.0,0.0,0.0,44.85,-84.81,0.000000,0.000000,0,1,7.39
203967,0.00,0.00,0.00,0.00,0.00,0.00,0.0,0.0,0.0,44.86,-85.25,0.000000,0.000000,0,1,7.39
204069,0.00,0.00,0.00,0.00,0.00,0.00,0.0,0.0,0.0,44.87,-85.71,0.000000,0.000000,0,1,7.39
204172,0.00,0.00,0.00,0.00,0.00,0.00,0.0,0.0,0.0,44.87,-86.20,0.000000,0.000000,0,1,7.43
204273,0.00,0.00,0.00,0.00,0.00,0.00,0.0,0.0,0.0,44.88,-86.74,0.000000,0.000000,0,1,7.43
204375,0.00,0.00,0.00,0.00,0.00,0.00,0.0,0.0,0.0,44.89,-87.20,0.000000,0.000000,0,1,7.43
204477,0.00,0.00,0.00,0.00,0.00,0.00,0.0,0.0,0.0,44.90,-87.59,0.000000,0.000000,0,1,7.43
204579,0.00,0.00,0.00,0.00,0.00,0.00,0.0,0.0,0.0,44.91,-87.91,0.000000,0.000000,0,1,7.43
204681,0.00,0.00,0.00,0.00,0.00,0.00,0.0,0.0,0.0,44.91,-88.23,0.000000,0.000000,0,1,7.43
204783,0.00,0.00,0.00,0.00,0.00,0.00,0.0,0.0,0.0,44.92,-88.39,0.000000,0.000000,0,1,7.43
204885,0.00,0.00,0.00,0.00,0.00,0.00,0.0,0.0,0.0,44.92,-88.51,0.000000,0.000000,0,1,7.43
204987,0.00,0.00,0.00,0.00,0.00,0.00,0.0,0.0,0.0,44.93,-88.78,0.000000,0.000000,0,1,7.43
205089,0.00,0.00,0.00,0.00,0.00,0.00,0.0,0.0,0.0,44.93,-89.15,0.000000,0.000000,0,1,7.43
205191,0.00,0.00,0.00,0.00,0.00,0.00,0.0,0.0,0.0,44.94,-89.56,0.000000,0.000000,0,1,7.45
205293,0.00,0.00,0.00,0.00,0.00,0.00,0.0,0.0,0.0,44.94,-89.89,0.000000,0.000000,0,1,7.45
205395,0.00,0.00,0.00,0.00,0.00,0.00,0.0,0.0,0.0,44.95,-90.10,0.000000,0.000000,0,1,7.45
205497,0.00,0.00,0.00,0.00,0.00,0.00,0.0,0.0,0.0,44.96,-90.22,0.000000,0.000000,0,1,7.45
205599,0.00,0.00,0.00,0.00,0.00,0.00,0.0,0.0,0.0,44.96,-90.24,0.000000,0.000000,0,1,7.45
205701,0.00,0.00,0.00,0.00,0.00,0.00,0.0,0.0,0.0,44.96,-90.25,0.000000,0.000000,0,1,7.45
205803,0.00,0.00,0.00,0.00,0.00,0.00,0.0,0.0,0.0,44.96,-90.28,0.000000,0.000000,0,1,7.45
205905,0.00,0.00,0.00,0.00,0.00,0.00,0.0,0.0,0.0,44.96,-90.30,0.000000,0.000000,0,1,7.45
206007,0.00,0.00,0.00,0.00,0.00,0.00,0.0,0.0,0.0,44.96,-90.07,0.000000,0.000000,0,1,7.45
206109,0.00,0.00,0.00,0.00,0.00,0.00,0.0,0.0,0.0,44.96,-89.57,0.000000,0.000000,0,1,7.45
206211,0.00,0.00,0.00,0.00,0.00,0.00,0.0,0.0,0.0,44.95,-89.14,0.000000,0.000000,0,1,7.46
206313,0.00,0.00,0.00,0.00,0.00,0.00,0.0,0.0,0.0,44.95,-89.16,0.000000,0.000000,0,1,7.46
206415,0.00,0.00,0.00,0.00,0.00,0.00,0.0,0.0,0.0,44.95,-89.50,0.000000,0.000000,0,1,7.46
206517,0.00,0.00,0.00,0.00,0.00,0.00,0.0,0.0,0.0,44.96,-89.89,0.000000,0.000000,0,1,7.46
206619,0.00,0.00,0.00,0.00,0.00,0.00,0.0,0.0,0.0,44.96,-89.99,0.000000,0.000000,0,1,7.46
206721,0.00,0.00,0.00,0.00,0.00,0.00,0.0,0.0,0.0,44.96,-89.82,0.000000,0.000000,0,1,7.46
206823,0.00,0.00,0.00,0.00,0.00,0.00,0.0,0.0,0.0,44.96,-89.71,0.000000,0.000000,0,1,7.46
206925,0.00,0.00,0.00,0.00,0.00,0.00,0.0,0.0,0.0,44.96,-89.75,0.000000,0.000000,0,1,7.46
207027,0.00,0.00,0.00,0.00,0.00,0.00,0.0,0.0,0.0,44.96,-89.86,0.000000,0.000000,0,1,7.46
207129,0.00,0.00,0.00,0.00,0.00,0.00,0.0,0.0,0.0,44.97,-90.09,0.000000,0.000000,0,1,7.46
207231,0.00,0.00,0.00,0.00,0.00,0.00,0.0,0.0,0.0,44.97,-90.33,0.000000,0.000000,0,1,7.46
207333,0.00,0.00,0.00,0.00,0.00,0.00,0.0,0.0,0.0,44.97,-90.60,0.000000,0.000000,0,1,7.46
207435,0.00,0.00,0.00,0.00,0.00,0.00,0.0,0.0,0.0,44.98,-90.83,0.000000,0.000000,0,1,7.46
207537,0.00,0.00,0.00,0.00,0.00,0.00,0.0,0.0,0.0,44.98,-90.77,0.000000,0.000000,0,1,7.46
207639,0.00,0.00,0.00,0.00,0.00,0.00,0.0,0.0,0.0,44.98,-90.52,0.000000,0.000000,0,1,7.46
207741,0.00,0.00,0.00,0.00,0.00,0.00,0.0,0.0,0.0,44.98,-90.45,0.000000,0.000000,0,1,7.46
207843,0.00,0.00,0.00,0.00,0.00,0.00,0.0,0.0,0.0,44.98,-90.62,0.000000,0.000000,0,1,7.46
207945,0.00,0.00,0.00,0.00,0.00,0.00,0.0,0.0,0.0,44.98,-90.88,0.000000,0.000000,0,1,7.46
208047,0.00,0.00,0.00,0.00,0.00,0.00,0.0,0.0,0.0,44.99,-91.22,0.000000,0.000000,0,1,7.46
208149,0.00,0.00,0.00,0.00,0.00,0.00,0.0,0.0,0.0,44.99,-91.57,0.000000,0.000000,0,1,7.46
208251,0.00,0.00,0.00,0.00,0.00,0.00,0.0,0.0,0.0,45.00,-91.83,0.000000,0.000000,0,1,7.43
208353,0.00,0.00,0.00,0.00,0.00,0.00,0.0,0.0,0.0,45.01,-92.06,0.000000,0.000000,0,1,7.43
208455,0.00,0.00,0.00,0.00,0.00,0.00,0.0,0.0,0.0,45.01,-92.27,0.000000,0.000000,0,1,7.43
208557,0.00,0.00,0.00,0.00,0.00,0.00,0.0,0.0,0.0,45.02,-92.53,0.000000,0.000000,0,1,7.43
208659,0.00,0.00,0.00,0.00,0.00,0.00,0.0,0.0,0.0,45.02,-92.78,0.000000,0.000000,0,1,7.43
208761,0.00,0.00,0.00,0.00,0.00,0.00,0.0,0.0,0.0,45.03,-92.98,0.000000,0.000000,0,1,7.43
208863,0.00,0.00,0.00,0.00,0.00,0.00,0.0,0.0,0.0,45.03,-93.06,0.000000,0.000000,0,1,7.43
208965,0.00,0.00,0.00,0.00,0.00,0.00,0.0,0.0,0.0,45.03,-92.97,0.000000,0.000000,0,1,7.43
209067,0.00,0.00,0.00,0.00,0.00,0.00,0.0,0.0,0.0,45.03,-92.55,0.000000,0.000000,0,1,7.43
209169,0.00,0.00,0.00,0.00,0.00,0.00,0.0,0.0,0.0,45.03,-91.49,0.000000,0.000000,0,1,7.43
209271,0.00,0.00,0.00,0.00,0.00,0.00,0.0,0.0,0.0,45.02,-90.52,0.000000,0.000000,0,1,7.45
209373,0.00,0.00,0.00,0.00,0.00,0.00,0.0,0.0,0.0,45.01,-90.04,0.000000,0.000000,0,1,7.45
209475,0.00,0.00,0.00,0.00,0.00,0.00,0.0,0.0,0.0,45.00,-90.23,0.000000,0.000000,0,1,7.45
209577,0.00,0.00,0.00,0.00,0.00,0.00,0.0,0.0,0.0,45.01,-90.98,0.000000,0.000000,0,1,7.45
209679,0.00,0.00,0.00,0.00,0.00,0.00,0.0,0.0,0.0,45.02,-91.88,0.000000,0.000000,0,1,7.45
209781,0.00,0.00,0.00,0.00,0.00,0.00,0.0,0.0,0.0,45.03,-92.79,0.000000,0.000000,0,1,7.45
209883,0.00,0.00,0.00,0.00,0.00,0.00,0.0,0.0,0.0,45.04,-93.58,0.000000,0.000000,0,1,7.45
209985,0.00,0.00,0.00,0.00,0.00,0.00,0.0,0.0,0.0,45.06,-94.20,0.000000,0.000000,0,1,7.45
210087,0.00,0.00,0.00,0.00,0.00,0.00,0.0,0.0,0.0,45.07,-94.56,0.000000,0.000000,0,1,7.45
210189,0.00,0.00,0.00,0.00,0.00,0.00,0.0,0.0,0.0,45.07,-94.88,0.000000,0.000000,0,1,7.45
210291,0.00,0.00,0.00,0.00,0.00,0.00,0.0,0.0,0.0,45.08,-95.24,0.000000,0.000000,0,1,7.43
210393,0.00,0.00,0.00,0.00,0.00,0.00,0.0,0.0,0.0,45.09,-95.64,0.000000,0.000000,0,1,7.43
210495,0.00,0.00,0.00,0.00,0.00,0.00,0.0,0.0,0.0,45.09,-96.13,0.000000,0.000000,0,1,7.43
210597,0.00,0.00,0.00,0.00,0.00,0.00,0.0,0.0,0.0,45.10,-96.50,0.000000,0.000000,0,1,7.43
210699,0.00,0.00,0.00,0.00,0.00,0.00,0.0,0.0,0.0,45.11,-96.44,0.000000,0.000000,0,1,7.43
210801,0.00,0.00,0.00,0.00,0.00,0.00,0.0,0.0,0.0,45.11,-96.02,0.000000,0.000000,0,1,7.43
210903,0.00,0.00,0.00,0.00,0.00,0.00,0.0,0.0,0.0,45.10,-95.40,0.000000,0.000000,0,1,7.43
211005,0.00,0.00,0.00,0.00,0.00,0.00,0.0,0.0,0.0,45.10,-94.86,0.000000,0.000000,0,1,7.43
211107,0.00,0.00,0.00,0.00,0.00,0.00,0.0,0.0,0.0,45.09,-94.62,0.000000,0.000000,0,1,7.43
211209,0.00,0.00,0.00,0.00,0.00,0.00,0.0,0.0,0.0,45.09,-94.55,0.000000,0.000000,0,1,7.43
211311,0.00,0.00,0.00,0.00,0.00,0.00,0.0,0.0,0.0,45.09,-94.52,0.000000,0.000000,0,1,7.37
211413,0.00,0.00,0.00,0.00,0.00,0.00,0.0,0.0,0.0,45.09,-94.48,0.000000,0.000000,0,1,7.37
211515,0.00,0.00,0.00,0.00,0.00,0.00,0.0,0.0,0.0,45.09,-94.14,0.000000,0.000000,0,1,7.37
211617,0.00,0.00,0.00,0.00,0.00,0.00,0.0,0.0,0.0,45.08,-93.80,0.000000,0.000000,0,1,7.37
211719,0.00,0.00,0.00,0.00,0.00,0.00,0.0,0.0,0.0,45.08,-93.70,0.000000,0.000000,0,1,7.37
211821,0.00,0.00,0.00,0.00,0.00,0.00,0.0,0.0,0.0,45.08,-93.84,0.000000,0.000000,0,1,7.37
211923,0.00,0.00,0.00,0.00,0.00,0.00,0.0,0.0,0.0,45.08,-94.11,0.000000,0.000000,0,1,7.37
212025,0.00,0.00,0.00,0.00,0.00,0.00,0.0,0.0,0.0,45.09,-94.39,0.000000,0.000000,0,1,7.37
212127,0.00,0.00,0.00,0.00,0.00,0.00,0.0,0.0,0.0,45.09,-94.61,0.000000,0.000000,0,1,7.37
212229,0.00,0.00,0.00,0.00,0.00,0.00,0.0,0.0,0.0,45.10,-94.80,0.000000,0.000000,0,1,7.37
212331,0.00,0.00,0.00,0.00,0.00,0.00,0.0,0.0,0.0,45.10,-95.02,0.000000,0.000000,0,1,7.45
212433,0.00,0.00,0.00,0.00,0.00,0.00,0.0,0.0,0.0,45.10,-95.35,0.000000,0.000000,0,1,7.45
212535,0.00,0.00,0.00,0.00,0.00,0.00,0.0,0.0,0.0,45.11,-95.80,0.000000,0.000000,0,1,7.45
212637,0.00,0.00,0.00,0.00,0.00,0.00,0.0,0.0,0.0,45.12,-96.38,0.000000,0.000000,0,1,7.45
212739,0.00,0.00,0.00,0.00,0.00,0.00,0.0,0.0,0.0,45.12,-96.78,0.000000,0.000000,0,1,7.45
212841,0.00,0.00,0.00,0.00,0.00,0.00,0.0,0.0,0.0,45.13,-96.91,0.000000,0.000000,0,1,7.45
212943,0.00,0.00,0.00,0.00,0.00,0.00,0.0,0.0,0.0,45.13,-96.97,0.000000,0.000000,0,1,7.45
213045,0.00,0.00,0.00,0.00,0.00,0.00,0.0,0.0,0.0,45.14,-96.94,0.000000,0.000000,0,1,7.45
213147,0.00,0.00,0.00,0.00,0.00,0.00,0.0,0.0,0.0,45.14,-96.79,0.000000,0.000000,0,1,7.45
213249,0.00,0.00,0.00,0.00,0.00,0.00,0.0,0.0,0.0,45.14,-96.62,0.000000,0.000000,0,1,7.45
213351,0.00,0.00,0.00,0.00,0.00,0.00,0.0,0.0,0.0,45.13,-96.69,0.000000,0.000000,0,1,7.46
213453,0.00,0.00,0.00,0.00,0.00,0.00,0.0,0.0,0.0,45.14,-96.86,0.000000,0.000000,0,1,7.46
213555,0.00,0.00,0.00,0.00,0.00,0.00,0.0,0.0,0.0,45.14,-97.02,0.000000,0.000000,0,1,7.46
213657,0.00,0.00,0.00,0.00,0.00,0.00,0.0,0.0,0.0,45.14,-97.11,0.000000,0.000000,0,1,7.46
213759,0.00,0.00,0.00,0.00,0.00,0.00,0.0,0.0,0.0,45.14,-97.35,0.000000,0.000000,0,1,7.46
213861,0.00,0.00,0.00,0.00,0.00,0.00,0.0,0.0,0.0,45.15,-97.68,0.000000,0.000000,0,1,7.46
213963,0.00,0.00,0.00,0.00,0.00,0.00,0.0,0.0,0.0,45.15,-98.04,0.000000,0.000000,0,1,7.46
214065,0.00,0.00,0.00,0.00,0.00,0.00,0.0,0.0,0.0,45.16,-98.57,0.000000,0.000000,0,1,7.46
214167,0.00,0.00,0.00,0.00,0.00,0.00,0.0,0.0,0.0,45.17,-99.12,0.000000,0.000000,0,1,7.46
214270,0.00,0.00,0.00,0.00,0.00,0.00,0.0,0.0,0.0,45.17,-99.53,0.000000,0.000000,0,1,7.46
214371,0.00,0.00,0.00,0.00,0.00,0.00,0.0,0.0,0.0,45.18,-99.80,0.000000,0.000000,0,1,7.46
214473,0.00,0.00,0.00,0.00,0.00,0.00,0.0,0.0,0.0,45.19,-100.08,0.000000,0.000000,0,1,7.46
214575,0.00,0.00,0.00,0.00,0.00,0.00,0.0,0.0,0.0,45.19,-100.18,0.000000,0.000000,0,1,7.46
214677,0.00,0.00,0.00,0.00,0.00,0.00,0.0,0.0,0.0,45.19,-100.13,0.000000,0.000000,0,1,7.46
214779,0.00,0.00,0.00,0.00,0.00,0.00,0.0,0.0,0.0,45.19,-100.15,0.000000,0.000000,0,1,7.46
214881,0.00,0.00,0.00,0.00,0.00,0.00,0.0,0.0,0.0,45.19,-100.13,0.000000,0.000000,0,1,7.46
214983,0.00,0.00,0.00,0.00,0.00,0.00,0.0,0.0,0.0,45.20,-100.18,0.000000,0.000000,0,1,7.46
215085,0.00,0.00,0.00,0.00,0.00,0.00,0.0,0.0,0.0,45.20,-100.40,0.000000,0.000000,0,1,7.46
215187,0.00,0.00,0.00,0.00,0.00,0.00,0.0,0.0,0.0,45.20,-100.71,0.000000,0.000000,0,1,7.46
215289,0.00,0.00,0.00,0.00,0.00,0.00,0.0,0.0,0.0,45.21,-100.92,0.000000,0.000000,0,1,7.42
215391,0.00,0.00,0.00,0.00,0.00,0.00,0.0,0.0,0.0,45.21,-101.13,0.000000,0.000000,0,1,7.42
215493,0.00,0.00,0.00,0.00,0.00,0.00,0.0,0.0,0.0,45.21,-101.36,0.000000,0.000000,0,1,7.42
215595,0.00,0.00,0.00,0.00,0.00,0.00,0.0,0.0,0.0,45.22,-101.55,0.000000,0.000000,0,1,7.42
215697,0.00,0.00,0.00,0.00,0.00,0.00,0.0,0.0,0.0,45.22,-101.76,0.000000,0.000000,0,1,7.42
215799,0.00,0.00,0.00,0.00,0.00,0.00,0.0,0.0,0.0,45.23,-101.99,0.000000,0.000000,0,1,7.42
215901,0.00,0.00,0.00,0.00,0.00,0.00,0.0,0.0,0.0,45.23,-102.24,0.000000,0.000000,0,1,7.42
216003,0.00,0.00,0.00,0.00,0.00,0.00,0.0,0.0,0.0,45.24,-102.35,0.000000,0.000000,0,1,7.42
216105,0.00,0.00,0.00,0.00,0.00,0.00,0.0,0.0,0.0,45.24,-102.35,0.000000,0.000000,0,1,7.42
216207,0.00,0.00,0.00,0.00,0.00,0.00,0.0,0.0,0.0,45.24,-102.34,0.000000,0.000000,0,1,7.42
216309,0.00,0.00,0.00,0.00,0.00,0.00,0.0,0.0,0.0,45.24,-102.41,0.000000,0.000000,0,1,7.41
216411,0.00,0.00,0.00,0.00,0.00,0.00,0.0,0.0,0.0,45.24,-102.61,0.000000,0.000000,0,1,7.41
216513,0.00,0.00,0.00,0.00,0.00,0.00,0.0,0.0,0.0,45.25,-102.84,0.000000,0.000000,0,1,7.41
216615,0.00,0.00,0.00,0.00,0.00,0.00,0.0,0.0,0.0,45.25,-103.00,0.000000,0.000000,0,1,7.41
216717,0.00,0.00,0.00,0.00,0.00,0.00,0.0,0.0,0.0,45.26,-103.30,0.000000,0.000000,0,1,7.41
216819,0.00,0.00,0.00,0.00,0.00,0.00,0.0,0.0,0.0,45.26,-103.55,0.000000,0.000000,0,1,7.41
216921,0.00,0.00,0.00,0.00,0.00,0.00,0.0,0.0,0.0,45.27,-103.78,0.000000,0.000000,0,1,7.41
217023,0.00,0.00,0.00,0.00,0.00,0.00,0.0,0.0,0.0,45.27,-103.95,0.000000,0.000000,0,1,7.41
217125,0.00,0.00,0.00,0.00,0.00,0.00,0.0,0.0,0.0,45.28,-104.08,0.000000,0.000000,0,1,7.41
217227,0.00,0.00,0.00,0.00,0.00,0.00,0.0,0.0,0.0,45.28,-104.21,0.000000,0.000000,0,1,7.41
217329,0.00,0.00,0.00,0.00,0.00,0.00,0.0,0.0,0.0,45.28,-104.39,0.000000,0.000000,0,1,7.40
217431,0.00,0.00,0.00,0.00,0.00,0.00,0.0,0.0,0.0,45.28,-104.51,0.000000,0.000000,0,1,7.40
217533,0.00,0.00,0.00,0.00,0.00,0.00,0.0,0.0,0.0,45.29,-104.57,0.000000,0.000000,0,1,7.40
217635,0.00,0.00,0.00,0.00,0.00,0.00,0.0,0.0,0.0,45.29,-104.59,0.000000,0.000000,0,1,7.40
217737,0.00,0.00,0.00,0.00,0.00,0.00,0.0,0.0,0.0,45.29,-104.65,0.000000,0.000000,0,1,7.40
217839,0.00,0.00,0.00,0.00,0.00,0.00,0.0,0.0,0.0,45.29,-104.70,0.000000,0.000000,0,1,7.40
217941,0.00,0.00,0.00,0.00,0.00,0.00,0.0,0.0,0.0,45.30,-104.75,0.000000,0.000000,0,1,7.40
218043,0.00,0.00,0.00,0.00,0.00,0.00,0.0,0.0,0.0,45.30,-104.75,0.000000,0.000000,0,1,7.40
218145,0.00,0.00,0.00,0.00,0.00,0.00,0.0,0.0,0.0,45.30,-104.69,0.000000,0.000000,0,1,7.40
218247,0.00,0.00,0.00,0.00,0.00,0.00,0.0,0.0,0.0,45.30,-104.79,0.000000,0.000000,0,1,7.40
218349,0.00,0.00,0.00,0.00,0.00,0.00,0.0,0.0,0.0,45.30,-104.99,0.000000,0.000000,0,1,7.46
218451,0.00,0.00,0.00,0.00,0.00,0.00,0.0,0.0,0.0,45.30,-105.10,0.000000,0.000000,0,1,7.46
218553,0.00,0.00,0.00,0.00,0.00,0.00,0.0,0.0,0.0,45.31,-105.11,0.000000,0.000000,0,1,7.46
218655,0.00,0.00,0.00,0.00,0.00,0.00,0.0,0.0,0.0,45.31,-105.11,0.000000,0.000000,0,1,7.46
218757,0.00,0.00,0.00,0.00,0.00,0.00,0.0,0.0,0.0,45.31,-105.21,0.000000,0.000000,0,1,7.46
218859,0.00,0.00,0.00,0.00,0.00,0.00,0.0,0.0,0.0,45.31,-105.14,0.000000,0.000000,0,1,7.46
218961,0.00,0.00,0.00,0.00,0.00,0.00,0.0,0.0,0.0,45.32,-104.81,0.000000,0.000000,0,1,7.46
219063,0.00,0.00,0.00,0.00,0.00,0.00,0.0,0.0,0.0,45.32,-104.57,0.000000,0.000000,0,1,7.46
219165,0.00,0.00,0.00,0.00,0.00,0.00,0.0,0.0,0.0,45.31,-104.60,0.000000,0.000000,0,1,7.46
219267,0.00,0.00,0.00,0.00,0.00,0.00,0.0,0.0,0.0,45.31,-104.88,0.000000,0.000000,0,1,7.46
219369,0.00,0.00,0.00,0.00,0.00,0.00,0.0,0.0,0.0,45.32,-105.23,0.000000,0.000000,0,1,7.40
219471,0.00,0.00,0.00,0.00,0.00,0.00,0.0,0.0,0.0,45.32,-105.61,0.000000,0.000000,0,1,7.40
219573,0.00,0.00,0.00,0.00,0.00,0.00,0.0,0.0,0.0,45.33,-106.04,0.000000,0.000000,0,1,7.40
219675,0.00,0.00,0.00,0.00,0.00,0.00,0.0,0.0,0.0,45.34,-106.39,0.000000,0.000000,0,1,7.40
219777,0.00,0.00,0.00,0.00,0.00,0.00,0.0,0.0,0.0,45.34,-106.70,0.000000,0.000000,0,1,7.40
219879,0.00,0.00,0.00,0.00,0.00,0.00,0.0,0.0,0.0,45.35,-107.01,0.000000,0.000000,0,1,7.40
219981,0.00,0.00,0.00,0.00,0.00,0.00,0.0,0.0,0.0,45.35,-107.22,0.000000,0.000000,0,1,7.40
220083,0.00,0.00,0.00,0.00,0.00,0.00,0.0,0.0,0.0,45.35,-107.31,0.000000,0.000000,0,1,7.40
220185,0.00,0.00,0.00,0.00,0.00,0.00,0.0,0.0,0.0,45.36,-107.22,0.000000,0.000000,0,1,7.40
220287,0.00,0.00,0.00,0.00,0.00,0.00,0.0,0.0,0.0,45.36,-107.07,0.000000,0.000000,0,1,7.40
220389,0.00,0.00,0.00,0.00,0.00,0.00,0.0,0.0,0.0,45.36,-107.06,0.000000,0.000000,0,1,7.46
220491,0.00,0.00,0.00,0.00,0.00,0.00,0.0,0.0,0.0,45.36,-107.18,0.000000,0.000000,0,1,7.46
220593,0.00,0.00,0.00,0.00,0.00,0.00,0.0,0.0,0.0,45.36,-107.42,0.000000,0.000000,0,1,7.46
220695,0.00,0.00,0.00,0.00,0.00,0.00,0.0,0.0,0.0,45.37,-107.61,0.000000,0.000000,0,1,7.46
220797,0.00,0.00,0.00,0.00,0.00,0.00,0.0,0.0,0.0,45.37,-107.77,0.000000,0.000000,0,1,7.46
220899,0.00,0.00,0.00,0.00,0.00,0.00,0.0,0.0,0.0,45.37,-108.02,0.000000,0.000000,0,1,7.46
221001,0.00,0.00,0.00,0.00,0.00,0.00,0.0,0.0,0.0,45.37,-108.19,0.000000,0.000000,0,1,7.46
221103,0.00,0.00,0.00,0.00,0.00,0.00,0.0,0.0,0.0,45.38,-108.18,0.000000,0.000000,0,1,7.46
221205,0.00,0.00,0.00,0.00,0.00,0.00,0.0,0.0,0.0,45.38,-108.19,0.000000,0.000000,0,1,7.46
221307,0.00,0.00,0.00,0.00,0.00,0.00,0.0,0.0,0.0,45.38,-108.46,0.000000,0.000000,0,1,7.46
221409,0.00,0.00,0.00,0.00,0.00,0.00,0.0,0.0,0.0,45.38,-108.64,0.000000,0.000000,0,1,7.46
221511,0.00,0.00,0.00,0.00,0.00,0.00,0.0,0.0,0.0,45.39,-108.86,0.000000,0.000000,0,1,7.46
221613,0.00,0.00,0.00,0.00,0.00,0.00,0.0,0.0,0.0,45.39,-109.04,0.000000,0.000000,0,1,7.46
221715,0.00,0.00,0.00,0.00,0.00,0.00,0.0,0.0,0.0,45.39,-109.24,0.000000,0.000000,0,1,7.46
221817,0.00,0.00,0.00,0.00,0.00,0.00,0.0,0.0,0.0,45.40,-109.48,0.000000,0.000000,0,1,7.46
221919,0.00,0.00,0.00,0.00,0.00,0.00,0.0,0.0,0.0,45.40,-109.64,0.000000,0.000000,0,1,7.46
222021,0.00,0.00,0.00,0.00,0.00,0.00,0.0,0.0,0.0,45.40,-109.75,0.000000,0.000000,0,1,7.46
222123,0.00,0.00,0.00,0.00,0.00,0.00,0.0,0.0,0.0,45.40,-109.78,0.000000,0.000000,0,1,7.46
222225,0.00,0.00,0.00,0.00,0.00,0.00,0.0,0.0,0.0,45.41,-109.84,0.000000,0.000000,0,1,7.46
222327,0.00,0.00,0.00,0.00,0.00,0.00,0.0,0.0,0.0,45.41,-109.85,0.000000,0.000000,0,1,7.46
222429,0.00,0.00,0.00,0.00,0.00,0.00,0.0,0.0,0.0,45.41,-109.76,0.000000,0.000000,0,1,7.45
222531,0.00,0.00,0.00,0.00,0.00,0.00,0.0,0.0,0.0,45.41,-109.34,0.000000,0.000000,0,1,7.45
222633,0.00,0.00,0.00,0.00,0.00,0.00,0.0,0.0,0.0,45.40,-109.08,0.000000,0.000000,0,1,7.45
222735,0.00,0.00,0.00,0.00,0.00,0.00,0.0,0.0,0.0,45.40,-109.26,0.000000,0.000000,0,1,7.45
222837,0.00,0.00,0.00,0.00,0.00,0.00,0.0,0.0,0.0,45.40,-109.59,0.000000,0.000000,0,1,7.45
222939,0.00,0.00,0.00,0.00,0.00,0.00,0.0,0.0,0.0,45.41,-109.94,0.000000,0.000000,0,1,7.45
223041,0.00,0.00,0.00,0.00,0.00,0.00,0.0,0.0,0.0,45.41,-110.25,0.000000,0.000000,0,1,7.45
223143,0.00,0.00,0.00,0.00,0.00,0.00,0.0,0.0,0.0,45.42,-110.23,0.000000,0.000000,0,1,7.45
223245,0.00,0.00,0.00,0.00,0.00,0.00,0.0,0.0,0.0,45.42,-109.92,0.000000,0.000000,0,1,7.45
223347,0.00,0.00,0.00,0.00,0.00,0.00,0.0,0.0,0.0,45.41,-109.47,0.000000,0.000000,0,1,7.45
223449,0.00,0.00,0.00,0.00,0.00,0.00,0.0,0.0,0.0,45.41,-109.28,0.000000,0.000000,0,1,7.40
223551,0.00,0.00,0.00,0.00,0.00,0.00,0.0,0.0,0.0,45.41,-109.03,0.000000,0.000000,0,1,7.40
223653,0.00,0.00,0.00,0.00,0.00,0.00,0.0,0.0,0.0,45.41,-109.04,0.000000,0.000000,0,1,7.40
223755,0.00,0.00,0.00,0.00,0.00,0.00,0.0,0.0,0.0,45.40,-109.34,0.000000,0.000000,0,1,7.40
223857,0.00,0.00,0.00,0.00,0.00,0.00,0.0,0.0,0.0,45.41,-109.76,0.000000,0.000000,0,1,7.40
223959,0.00,0.00,0.00,0.00,0.00,0.00,0.0,0.0,0.0,45.41,-110.20,0.000000,0.000000,0,1,7.40
224061,0.00,0.00,0.00,0.00,0.00,0.00,0.0,0.0,0.0,45.42,-110.53,0.000000,0.000000,0,1,7.40
224163,0.00,0.00,0.00,0.00,0.00,0.00,0.0,0.0,0.0,45.42,-110.68,0.000000,0.000000,0,1,7.40
224265,0.00,0.00,0.00,0.00,0.00,0.00,0.0,0.0,0.0,45.43,-110.78,0.000000,0.000000,0,1,7.40
224368,0.00,0.00,0.00,0.00,0.00,0.00,0.0,0.0,0.0,45.43,-110.82,0.000000,0.000000,0,1,7.39
224469,0.00,0.00,0.00,0.00,0.00,0.00,0.0,0.0,0.0,45.43,-110.81,0.000000,0.000000,0,1,7.39
224571,0.00,0.00,0.00,0.00,0.00,0.00,0.0,0.0,0.0,45.43,-110.66,0.000000,0.000000,0,1,7.39
224673,0.00,0.00,0.00,0.00,0.00,0.00,0.0,0.0,0.0,45.42,-110.28,0.000000,0.000000,0,1,7.39
224775,0.00,0.00,0.00,0.00,0.00,0.00,0.0,0.0,0.0,45.41,-109.54,0.000000,0.000000,0,1,7.39
224877,0.00,0.00,0.00,0.00,0.00,0.00,0.0,0.0,0.0,45.40,-109.09,0.000000,0.000000,0,1,7.39
224979,0.00,0.00,0.00,0.00,0.00,0.00,0.0,0.0,0.0,45.40,-108.96,0.000000,0.000000,0,1,7.39
225081,0.00,0.00,0.00,0.00,0.00,0.00,0.0,0.0,0.0,45.40,-109.04,0.000000,0.000000,0,1,7.39
225183,0.00,0.00,0.00,0.00,0.00,0.00,0.0,0.0,0.0,45.40,-109.11,0.000000,0.000000,0,1,7.39
225285,0.00,0.00,0.00,0.00,0.00,0.00,0.0,0.0,0.0,45.40,-109.38,0.000000,0.000000,0,1,7.39
225387,0.00,0.00,0.00,0.00,0.00,0.00,0.0,0.0,0.0,45.41,-109.76,0.000000,0.000000,0,1,7.38
225489,0.00,0.00,0.00,0.00,0.00,0.00,0.0,0.0,0.0,45.41,-110.28,0.000000,0.000000,0,1,7.38
225591,0.00,0.00,0.00,0.00,0.00,0.00,0.0,0.0,0.0,45.42,-110.76,0.000000,0.000000,0,1,7.38
225693,0.00,0.00,0.00,0.00,0.00,0.00,0.0,0.0,0.0,45.43,-111.04,0.000000,0.000000,0,1,7.38
225795,0.00,0.00,0.00,0.00,0.00,0.00,0.0,0.0,0.0,45.44,-111.32,0.000000,0.000000,0,1,7.38
225897,0.00,0.00,0.00,0.00,0.00,0.00,0.0,0.0,0.0,45.44,-111.57,0.000000,0.000000,0,1,7.38
225999,0.00,0.00,0.00,0.00,0.00,0.00,0.0,0.0,0.0,45.44,-111.66,0.000000,0.000000,0,1,7.38
226101,0.00,0.00,0.00,0.00,0.00,0.00,0.0,0.0,0.0,45.44,-111.49,0.000000,0.000000,0,1,7.38
226203,0.00,0.00,0.00,0.00,0.00,0.00,0.0,0.0,0.0,45.44,-110.99,0.000000,0.000000,0,1,7.38
226305,0.00,0.00,0.00,0.00,0.00,0.00,0.0,0.0,0.0,45.43,-110.41,0.000000,0.000000,0,1,7.38
226407,0.00,0.00,0.00,0.00,0.00,0.00,0.0,0.0,0.0,45.43,-110.22,0.000000,0.000000,0,1,7.49
226509,0.00,0.00,0.00,0.00,0.00,0.00,0.0,0.0,0.0,45.42,-110.33,0.000000,0.000000,0,1,7.49
226611,0.00,0.00,0.00,0.00,0.00,0.00,0.0,0.0,0.0,45.43,-110.43,0.000000,0.000000,0,1,7.49
226713,0.00,0.00,0.00,0.00,0.00,0.00,0.0,0.0,0.0,45.43,-110.62,0.000000,0.000000,0,1,7.49
226815,0.00,0.00,0.00,0.00,0.00,0.00,0.0,0.0,0.0,45.43,-110.91,0.000000,0.000000,0,1,7.49
226917,0.00,0.00,0.00,0.00,0.00,0.00,0.0,0.0,0.0,45.44,-111.19,0.000000,0.000000,0,1,7.49
227019,0.00,0.00,0.00,0.00,0.00,0.00,0.0,0.0,0.0,45.44,-111.45,0.000000,0.000000,0,1,7.49
227121,0.00,0.00,0.00,0.00,0.00,0.00,0.0,0.0,0.0,45.45,-111.67,0.000000,0.000000,0,1,7.49
227223,0.00,0.00,0.00,0.00,0.00,0.00,0.0,0.0,0.0,45.45,-111.85,0.000000,0.000000,0,1,7.49
227325,0.00,0.00,0.00,0.00,0.00,0.00,0.0,0.0,0.0,45.46,-112.00,0.000000,0.000000,0,1,7.49
227427,0.00,0.00,0.00,0.00,0.00,0.00,0.0,0.0,0.0,45.46,-112.12,0.000000,0.000000,0,1,7.46
227529,0.00,0.00,0.00,0.00,0.00,0.00,0.0,0.0,0.0,45.46,-112.19,0.000000,0.000000,0,1,7.46
227631,0.00,0.00,0.00,0.00,0.00,0.00,0.0,0.0,0.0,45.46,-112.23,0.000000,0.000000,0,1,7.46
227733,0.00,0.00,0.00,0.00,0.00,0.00,0.0,0.0,0.0,45.46,-112.42,0.000000,0.000000,0,1,7.46
227835,0.00,0.00,0.00,0.00,0.00,0.00,0.0,0.0,0.0,45.47,-112.70,0.000000,0.000000,0,1,7.46
227937,0.00,0.00,0.00,0.00,0.00,0.00,0.0,0.0,0.0,45.47,-113.08,0.000000,0.000000,0,1,7.46
228039,0.00,0.00,0.00,0.00,0.00,0.00,0.0,0.0,0.0,45.48,-113.43,0.000000,0.000000,0,1,7.46
228141,0.00,0.00,0.00,0.00,0.00,0.00,0.0,0.0,0.0,45.48,-113.69,0.000000,0.000000,0,1,7.46
228243,0.00,0.00,0.00,0.00,0.00,0.00,0.0,0.0,0.0,45.49,-113.78,0.000000,0.000000,0,1,7.46
228345,0.00,0.00,0.00,0.00,0.00,0.00,0.0,0.0,0.0,45.49,-113.78,0.000000,0.000000,0,1,7.46
228447,0.00,0.00,0.00,0.00,0.00,0.00,0.0,0.0,0.0,45.49,-113.76,0.000000,0.000000,0,1,7.42
228549,0.00,0.00,0.00,0.00,0.00,0.00,0.0,0.0,0.0,45.49,-113.73,0.000000,0.000000,0,1,7.42
228651,0.00,0.00,0.00,0.00,0.00,0.00,0.0,0.0,0.0,45.49,-113.65,0.000000,0.000000,0,1,7.42
228753,0.00,0.00,0.00,0.00,0.00,0.00,0.0,0.0,0.0,45.49,-113.57,0.000000,0.000000,0,1,7.42
228855,0.00,0.00,0.00,0.00,0.00,0.00,0.0,0.0,0.0,45.49,-113.52,0.000000,0.000000,0,1,7.42
228957,0.00,0.00,0.00,0.00,0.00,0.00,0.0,0.0,0.0,45.49,-113.50,0.000000,0.000000,0,1,7.42
229059,0.00,0.00,0.00,0.00,0.00,0.00,0.0,0.0,0.0,45.49,-113.50,0.000000,0.000000,0,1,7.42
229161,0.00,0.00,0.00,0.00,0.00,0.00,0.0,0.0,0.0,45.49,-113.50,0.000000,0.000000,0,1,7.42
229263,0.00,0.00,0.00,0.00,0.00,0.00,0.0,0.0,0.0,45.49,-113.44,0.000000,0.000000,0,1,7.42
229365,0.00,0.00,0.00,0.00,0.00,0.00,0.0,0.0,0.0,45.48,-113.09,0.000000,0.000000,0,1,7.42
229467,0.00,0.00,0.00,0.00,0.00,0.00,0.0,0.0,0.0,45.48,-112.63,0.000000,0.000000,0,1,7.41
229569,0.00,0.00,0.00,0.00,0.00,0.00,0.0,0.0,0.0,45.47,-112.58,0.000000,0.000000,0,1,7.41
229671,0.00,0.00,0.00,0.00,0.00,0.00,0.0,0.0,0.0,45.48,-112.89,0.000000,0.000000,0,1,7.41
229773,0.00,0.00,0.00,0.00,0.00,0.00,0.0,0.0,0.0,45.48,-113.39,0.000000,0.000000,0,1,7.41
229875,0.00,0.00,0.00,0.00,0.00,0.00,0.0,0.0,0.0,45.49,-113.90,0.000000,0.000000,0,1,7.41
229977,0.00,0.00,0.00,0.00,0.00,0.00,0.0,0.0,0.0,45.50,-114.27,0.000000,0.000000,0,1,7.41
230079,0.00,0.00,0.00,0.00,0.00,0.00,0.0,0.0,0.0,45.51,-114.55,0.000000,0.000000,0,1,7.41
230181,0.00,0.00,0.00,0.00,0.00,0.00,0.0,0.0,0.0,45.51,-114.75,0.000000,0.000000,0,1,7.41
230283,0.00,0.00,0.00,0.00,0.00,0.00,0.0,0.0,0.0,45.52,-114.89,0.000000,0.000000,0,1,7.41
230385,0.00,0.00,0.00,0.00,0.00,0.00,0.0,0.0,0.0,45.52,-115.04,0.000000,0.000000,0,1,7.41
230487,0.00,0.00,0.00,0.00,0.00,0.00,0.0,0.0,0.0,45.53,-115.23,0.000000,0.000000,0,1,7.38
230589,0.00,0.00,0.00,0.00,0.00,0.00,0.0,0.0,0.0,45.53,-115.42,0.000000,0.000000,0,1,7.38
230691,0.00,0.00,0.00,0.00,0.00,0.00,0.0,0.0,0.0,45.54,-115.60,0.000000,0.000000,0,1,7.38
230793,0.00,0.00,0.00,0.00,0.00,0.00,0.0,0.0,0.0,45.54,-115.90,0.000000,0.000000,0,1,7.38
230895,0.00,0.00,0.00,0.00,0.00,0.00,0.0,0.0,0.0,45.55,-116.22,0.000000,0.000000,0,1,7.38
230997,0.00,0.00,0.00,0.00,0.00,0.00,0.0,0.0,0.0,45.55,-116.55,0.000000,0.000000,0,1,7.38
231099,0.00,0.00,0.00,0.00,0.00,0.00,0.0,0.0,0.0,45.56,-116.88,0.000000,0.000000,0,1,7.38
231201,0.00,0.00,0.00,0.00,0.00,0.00,0.0,0.0,0.0,45.57,-117.25,0.000000,0.000000,0,1,7.38
231303,0.00,0.00,0.00,0.00,0.00,0.00,0.0,0.0,0.0,45.57,-117.63,0.000000,0.000000,0,1,7.38
231405,0.00,0.00,0.00,0.00,0.00,0.00,0.0,0.0,0.0,45.58,-117.90,0.000000,0.000000,0,1,7.38
231507,0.00,0.00,0.00,0.00,0.00,0.00,0.0,0.0,0.0,45.59,-118.10,0.000000,0.000000,0,1,7.40
231609,0.00,0.00,0.00,0.00,0.00,0.00,0.0,0.0,0.0,45.59,-118.13,0.000000,0.000000,0,1,7.40
231711,0.00,0.00,0.00,0.00,0.00,0.00,0.0,0.0,0.0,45.59,-117.91,0.000000,0.000000,0,1,7.40
231813,0.00,0.00,0.00,0.00,0.00,0.00,0.0,0.0,0.0,45.59,-117.68,0.000000,0.000000,0,1,7.40
231915,0.00,0.00,0.00,0.00,0.00,0.00,0.0,0.0,0.0,45.59,-117.56,0.000000,0.000000,0,1,7.40
232017,0.00,0.00,0.00,0.00,0.00,0.00,0.0,0.0,0.0,45.59,-117.44,0.000000,0.000000,0,1,7.40
232119,0.00,0.00,0.00,0.00,0.00,0.00,0.0,0.0,0.0,45.59,-117.30,0.000000,0.000000,0,1,7.40
232221,0.00,0.00,0.00,0.00,0.00,0.00,0.0,0.0,0.0,45.58,-117.11,0.000000,0.000000,0,1,7.40
232323,0.00,0.00,0.00,0.00,0.00,0.00,0.0,0.0,0.0,45.58,-116.99,0.000000,0.000000,0,1,7.40
232425,0.00,0.00,0.00,0.00,0.00,0.00,0.0,0.0,0.0,45.58,-116.78,0.000000,0.000000,0,1,7.40
232527,0.00,0.00,0.00,0.00,0.00,0.00,0.0,0.0,0.0,45.58,-116.19,0.000000,0.000000,0,1,7.43
232629,0.00,0.00,0.00,0.00,0.00,0.00,0.0,0.0,0.0,45.57,-115.37,0.000000,0.000000,0,1,7.43
232731,0.00,0.00,0.00,0.00,0.00,0.00,0.0,0.0,0.0,45.56,-114.45,0.000000,0.000000,0,1,7.43
232833,0.00,0.00,0.00,0.00,0.00,0.00,0.0,0.0,0.0,45.55,-113.70,0.000000,0.000000,0,1,7.43
232935,0.00,0.00,0.00,0.00,0.00,0.00,0.0,0.0,0.0,45.54,-113.28,0.000000,0.000000,0,1,7.43
233037,0.00,0.00,0.00,0.00,0.00,0.00,0.0,0.0,0.0,45.53,-113.31,0.000000,0.000000,0,1,7.43
233139,0.00,0.00,0.00,0.00,0.00,0.00,0.0,0.0,0.0,45.53,-113.70,0.000000,0.000000,0,1,7.43
233241,0.00,0.00,0.00,0.00,0.00,0.00,0.0,0.0,0.0,45.54,-114.50,0.000000,0.000000,0,1,7.43
233343,0.00,0.00,0.00,0.00,0.00,0.00,0.0,0.0,0.0,45.55,-115.29,0.000000,0.000000,0,1,7.43
233445,0.00,0.00,0.00,0.00,0.00,0.00,0.0,0.0,0.0,45.56,-115.89,0.000000,0.000000,0,1,7.43
233547,0.00,0.00,0.00,0.00,0.00,0.00,0.0,0.0,0.0,45.57,-116.48,0.000000,0.000000,0,1,7.45
233649,0.00,0.00,0.00,0.00,0.00,0.00,0.0,0.0,0.0,45.58,-117.08,0.000000,0.000000,0,1,7.45
233751,0.00,0.00,0.00,0.00,0.00,0.00,0.0,0.0,0.0,45.59,-117.67,0.000000,0.000000,0,1,7.45
233853,0.00,0.00,0.00,0.00,0.00,0.00,0.0,0.0,0.0,45.60,-118.23,0.000000,0.000000,0,1,7.45
233955,0.00,0.00,0.00,0.00,0.00,0.00,0.0,0.0,0.0,45.61,-118.84,0.000000,0.000000,0,1,7.45
234057,0.00,0.00,0.00,0.00,0.00,0.00,0.0,0.0,0.0,45.62,-119.41,0.000000,0.000000,0,1,7.45
234159,0.00,0.00,0.00,0.00,0.00,0.00,0.0,0.0,0.0,45.63,-119.88,0.000000,0.000000,0,1,7.45
234261,0.00,0.00,0.00,0.00,0.00,0.00,0.0,0.0,0.0,45.64,-120.12,0.000000,0.000000,0,1,7.45
234363,0.00,0.00,0.00,0.00,0.00,0.00,0.0,0.0,0.0,45.65,-120.29,0.000000,0.000000,0,1,7.45
234466,0.00,0.00,0.00,0.00,0.00,0.00,0.0,0.0,0.0,45.65,-120.35,0.000000,0.000000,0,1,7.42
234567,0.00,0.00,0.00,0.00,0.00,0.00,0.0,0.0,0.0,45.66,-120.27,0.000000,0.000000,0,1,7.42
234669,0.00,0.00,0.00,0.00,0.00,0.00,0.0,0.0,0.0,45.66,-120.16,0.000000,0.000000,0,1,7.42
234771,0.00,0.00,0.00,0.00,0.00,0.00,0.0,0.0,0.0,45.66,-120.21,0.000000,0.000000,0,1,7.42
234873,0.00,0.00,0.00,0.00,0.00,0.00,0.0,0.0,0.0,45.66,-120.34,0.000000,0.000000,0,1,7.42
234975,0.00,0.00,0.00,0.00,0.00,0.00,0.0,0.0,0.0,45.67,-120.54,0.000000,0.000000,0,1,7.42
235077,0.00,0.00,0.00,0.00,0.00,0.00,0.0,0.0,0.0,45.67,-120.83,0.000000,0.000000,0,1,7.42
235179,0.00,0.00,0.00,0.00,0.00,0.00,0.0,0.0,0.0,45.68,-121.21,0.000000,0.000000,0,1,7.42
235281,0.00,0.00,0.00,0.00,0.00,0.00,0.0,0.0,0.0,45.68,-121.61,0.000000,0.000000,0,1,7.42
235383,0.00,0.00,0.00,0.00,0.00,0.00,0.0,0.0,0.0,45.69,-122.08,0.000000,0.000000,0,1,7.42
235485,0.00,0.00,0.00,0.00,0.00,0.00,0.0,0.0,0.0,45.70,-122.47,0.000000,0.000000,0,1,7.45
235587,0.00,0.00,0.00,0.00,0.00,0.00,0.0,0.0,0.0,45.71,-122.65,0.000000,0.000000,0,1,7.45
235689,0.00,0.00,0.00,0.00,0.00,0.00,0.0,0.0,0.0,45.71,-122.77,0.000000,0.000000,0,1,7.45
235791,0.00,0.00,0.00,0.00,0.00,0.00,0.0,0.0,0.0,45.71,-122.92,0.000000,0.000000,0,1,7.45
235893,0.00,0.00,0.00,0.00,0.00,0.00,0.0,0.0,0.0,45.72,-123.03,0.000000,0.000000,0,1,7.45
235995,0.00,0.00,0.00,0.00,0.00,0.00,0.0,0.0,0.0,45.72,-123.05,0.000000,0.000000,0,1,7.45
236097,0.00,0.00,0.00,0.00,0.00,0.00,0.0,0.0,0.0,45.72,-123.12,0.000000,0.000000,0,1,7.45
236199,0.00,0.00,0.00,0.00,0.00,0.00,0.0,0.0,0.0,45.72,-123.28,0.000000,0.000000,0,1,7.45
236301,0.00,0.00,0.00,0.00,0.00,0.00,0.0,0.0,0.0,45.73,-123.45,0.000000,0.000000,0,1,7.45
236403,0.00,0.00,0.00,0.00,0.00,0.00,0.0,0.0,0.0,45.73,-123.63,0.000000,0.000000,0,1,7.45
236505,0.00,0.00,0.00,0.00,0.00,0.00,0.0,0.0,0.0,45.73,-123.85,0.000000,0.000000,0,1,7.41
236607,0.00,0.00,0.00,0.00,0.00,0.00,0.0,0.0,0.0,45.74,-124.07,0.000000,0.000000,0,1,7.41
236709,0.00,0.00,0.00,0.00,0.00,0.00,0.0,0.0,0.0,45.74,-124.22,0.000000,0.000000,0,1,7.41
236811,0.00,0.00,0.00,0.00,0.00,0.00,0.0,0.0,0.0,45.75,-124.34,0.000000,0.000000,0,1,7.41
236913,0.00,0.00,0.00,0.00,0.00,0.00,0.0,0.0,0.0,45.75,-124.52,0.000000,0.000000,0,1,7.41
237015,0.00,0.00,0.00,0.00,0.00,0.00,0.0,0.0,0.0,45.75,-124.81,0.000000,0.000000,0,1,7.41
237117,0.00,0.00,0.00,0.00,0.00,0.00,0.0,0.0,0.0,45.76,-125.15,0.000000,0.000000,0,1,7.41
237219,0.00,0.00,0.00,0.00,0.00,0.00,0.0,0.0,0.0,45.76,-125.47,0.000000,0.000000,0,1,7.41
237321,0.00,0.00,0.00,0.00,0.00,0.00,0.0,0.0,0.0,45.77,-125.73,0.000000,0.000000,0,1,7.41
237423,0.00,0.00,0.00,0.00,0.00,0.00,0.0,0.0,0.0,45.77,-125.99,0.000000,0.000000,0,1,7.41
237525,0.00,0.00,0.00,0.00,0.00,0.00,0.0,0.0,0.0,45.78,-126.26,0.000000,0.000000,0,1,7.41
237627,0.00,0.00,0.00,0.00,0.00,0.00,0.0,0.0,0.0,45.78,-126.41,0.000000,0.000000,0,1,7.41
237729,0.00,0.00,0.00,0.00,0.00,0.00,0.0,0.0,0.0,45.78,-126.43,0.000000,0.000000,0,1,7.41
237831,0.00,0.00,0.00,0.00,0.00,0.00,0.0,0.0,0.0,45.78,-126.48,0.000000,0.000000,0,1,7.41
237933,0.00,0.00,0.00,0.00,0.00,0.00,0.0,0.0,0.0,45.79,-126.68,0.000000,0.000000,0,1,7.41
238035,0.00,0.00,0.00,0.00,0.00,0.00,0.0,0.0,0.0,45.79,-126.94,0.000000,0.000000,0,1,7.41
238137,0.00,0.00,0.00,0.00,0.00,0.00,0.0,0.0,0.0,45.80,-127.20,0.000000,0.000000,0,1,7.41
238239,0.00,0.00,0.00,0.00,0.00,0.00,0.0,0.0,0.0,45.80,-127.46,0.000000,0.000000,0,1,7.41
238341,0.00,0.00,0.00,0.00,0.00,0.00,0.0,0.0,0.0,45.81,-127.69,0.000000,0.000000,0,1,7.41
238443,0.00,0.00,0.00,0.00,0.00,0.00,0.0,0.0,0.0,45.81,-127.85,0.000000,0.000000,0,1,7.41
238545,0.00,0.00,0.00,0.00,0.00,0.00,0.0,0.0,0.0,45.81,-127.93,0.000000,0.000000,0,1,7.36
238647,0.00,0.00,0.00,0.00,0.00,0.00,0.0,0.0,0.0,45.82,-127.94,0.000000,0.000000,0,1,7.36
238749,0.00,0.00,0.00,0.00,0.00,0.00,0.0,0.0,0.0,45.82,-127.94,0.000000,0.000000,0,1,7.36
238851,0.00,0.00,0.00,0.00,0.00,0.00,0.0,0.0,0.0,45.82,-127.93,0.000000,0.000000,0,1,7.36
238953,0.00,0.00,0.00,0.00,0.00,0.00,0.0,0.0,0.0,45.82,-127.91,0.000000,0.000000,0,1,7.36
239055,0.00,0.00,0.00,0.00,0.00,0.00,0.0,0.0,0.0,45.82,-127.93,0.000000,0.000000,0,1,7.36
239157,0.00,0.00,0.00,0.00,0.00,0.00,0.0,0.0,0.0,45.82,-128.05,0.000000,0.000000,0,1,7.36
239259,0.00,0.00,0.00,0.00,0.00,0.00,0.0,0.0,0.0,45.82,-128.20,0.000000,0.000000,0,1,7.36
239361,0.00,0.00,0.00,0.00,0.00,0.00,0.0,0.0,0.0,45.83,-128.30,0.000000,0.000000,0,1,7.36
239463,0.00,0.00,0.00,0.00,0.00,0.00,0.0,0.0,0.0,45.83,-128.40,0.000000,0.000000,0,1,7.36
239565,0.00,0.00,0.00,0.00,0.00,0.00,0.0,0.0,0.0,45.83,-128.49,0.000000,0.000000,0,1,7.39
239667,0.00,0.00,0.00,0.00,0.00,0.00,0.0,0.0,0.0,45.83,-128.43,0.000000,0.000000,0,1,7.39
239769,0.00,0.00,0.00,0.00,0.00,0.00,0.0,0.0,0.0,45.83,-128.28,0.000000,0.000000,0,1,7.39
239871,0.00,0.00,0.00,0.00,0.00,0.00,0.0,0.0,0.0,45.83,-127.91,0.000000,0.000000,0,1,7.39
239973,0.00,0.00,0.00,0.00,0.00,0.00,0.0,0.0,0.0,45.82,-127.65,0.000000,0.000000,0,1,7.39
240075,0.00,0.00,0.00,0.00,0.00,0.00,0.0,0.0,0.0,45.82,-127.57,0.000000,0.000000,0,1,7.39
240177,0.00,0.00,0.00,0.00,0.00,0.00,0.0,0.0,0.0,45.82,-127.38,0.000000,0.000000,0,1,7.39
240279,0.00,0.00,0.00,0.00,0.00,0.00,0.0,0.0,0.0,45.82,-126.96,0.000000,0.000000,0,1,7.39
240381,0.00,0.00,0.00,0.00,0.00,0.00,0.0,0.0,0.0,45.81,-126.71,0.000000,0.000000,0,1,7.39
240483,0.00,0.00,0.00,0.00,0.00,0.00,0.0,0.0,0.0,45.81,-126.59,0.000000,0.000000,0,1,7.39
240585,0.00,0.00,0.00,0.00,0.00,0.00,0.0,0.0,0.0,45.81,-126.51,0.000000,0.000000,0,1,7.45
240687,0.00,0.00,0.00,0.00,0.00,0.00,0.0,0.0,0.0,45.81,-126.51,0.000000,0.000000,0,1,7.45
240789,0.00,0.00,0.00,0.00,0.00,0.00,0.0,0.0,0.0,45.81,-126.57,0.000000,0.000000,0,1,7.45
240891,0.00,0.00,0.00,0.00,0.00,0.00,0.0,0.0,0.0,45.81,-126.74,0.000000,0.000000,0,1,7.45
240993,0.00,0.00,0.00,0.00,0.00,0.00,0.0,0.0,0.0,45.82,-126.95,0.000000,0.000000,0,1,7.45
241095,0.00,0.00,0.00,0.00,0.00,0.00,0.0,0.0,0.0,45.82,-127.23,0.000000,0.000000,0,1,7.45
241197,0.00,0.00,0.00,0.00,0.00,0.00,0.0,0.0,0.0,45.83,-127.45,0.000000,0.000000,0,1,7.45
241299,0.00,0.00,0.00,0.00,0.00,0.00,0.0,0.0,0.0,45.83,-127.83,0.000000,0.000000,0,1,7.45
241401,0.00,0.00,0.00,0.00,0.00,0.00,0.0,0.0,0.0,45.83,-128.22,0.000000,0.000000,0,1,7.45
241503,0.00,0.00,0.00,0.00,0.00,0.00,0.0,0.0,0.0,45.84,-128.40,0.000000,0.000000,0,1,7.45
241605,0.00,0.00,0.00,0.00,0.00,0.00,0.0,0.0,0.0,45.84,-128.53,0.000000,0.000000,0,1,7.46
241707,0.00,0.00,0.00,0.00,0.00,0.00,0.0,0.0,0.0,45.84,-128.65,0.000000,0.000000,0,1,7.46
241809,0.00,0.00,0.00,0.00,0.00,0.00,0.0,0.0,0.0,45.85,-128.71,0.000000,0.000000,0,1,7.46
241911,0.00,0.00,0.00,0.00,0.00,0.00,0.0,0.0,0.0,45.85,-128.58,0.000000,0.000000,0,1,7.46
242013,0.00,0.00,0.00,0.00,0.00,0.00,0.0,0.0,0.0,45.84,-128.28,0.000000,0.000000,0,1,7.46
242115,0.00,0.00,0.00,0.00,0.00,0.00,0.0,0.0,0.0,45.84,-128.22,0.000000,0.000000,0,1,7.46
242217,0.00,0.00,0.00,0.00,0.00,0.00,0.0,0.0,0.0,45.84,-128.19,0.000000,0.000000,0,1,7.46
242319,0.00,0.00,0.00,0.00,0.00,0.00,0.0,0.0,0.0,45.84,-128.23,0.000000,0.000000,0,1,7.46
242421,0.00,0.00,0.00,0.00,0.00,0.00,0.0,0.0,0.0,45.84,-128.28,0.000000,0.000000,0,1,7.46
242523,0.00,0.00,0.00,0.00,0.00,0.00,0.0,0.0,0.0,45.84,-128.37,0.000000,0.000000,0,1,7.46
242625,0.00,0.00,0.00,0.00,0.00,0.00,0.0,0.0,0.0,45.84,-128.55,0.000000,0.000000,0,1,7.42
242727,0.00,0.00,0.00,0.00,0.00,0.00,0.0,0.0,0.0,45.85,-128.83,0.000000,0.000000,0,1,7.42
242829,0.00,0.00,0.00,0.00,0.00,0.00,0.0,0.0,0.0,45.85,-129.05,0.000000,0.000000,0,1,7.42
242931,0.00,0.00,0.00,0.00,0.00,0.00,0.0,0.0,0.0,45.85,-129.09,0.000000,0.000000,0,1,7.42
243033,0.00,0.00,0.00,0.00,0.00,0.00,0.0,0.0,0.0,45.85,-129.04,0.000000,0.000000,0,1,7.42
243135,0.00,0.00,0.00,0.00,0.00,0.00,0.0,0.0,0.0,45.85,-129.15,0.000000,0.000000,0,1,7.42
243237,0.00,0.00,0.00,0.00,0.00,0.00,0.0,0.0,0.0,45.86,-129.36,0.000000,0.000000,0,1,7.42
243339,0.00,0.00,0.00,0.00,0.00,0.00,0.0,0.0,0.0,45.86,-129.65,0.000000,0.000000,0,1,7.42
243441,0.00,0.00,0.00,0.00,0.00,0.00,0.0,0.0,0.0,45.86,-129.91,0.000000,0.000000,0,1,7.42
243543,0.00,0.00,0.00,0.00,0.00,0.00,0.0,0.0,0.0,45.87,-130.21,0.000000,0.000000,0,1,7.42
243645,0.00,0.00,0.00,0.00,0.00,0.00,0.0,0.0,0.0,45.87,-130.45,0.000000,0.000000,0,1,7.45
243747,0.00,0.00,0.00,0.00,0.00,0.00,0.0,0.0,0.0,45.88,-130.68,0.000000,0.000000,0,1,7.45
243849,0.00,0.00,0.00,0.00,0.00,0.00,0.0,0.0,0.0,45.88,-130.92,0.000000,0.000000,0,1,7.45
243951,0.00,0.00,0.00,0.00,0.00,0.00,0.0,0.0,0.0,45.89,-131.02,0.000000,0.000000,0,1,7.45
244053,0.00,0.00,0.00,0.00,0.00,0.00,0.0,0.0,0.0,45.89,-130.98,0.000000,0.000000,0,1,7.45
244155,0.00,0.00,0.00,0.00,0.00,0.00,0.0,0.0,0.0,45.89,-130.97,0.000000,0.000000,0,1,7.45
244257,0.00,0.00,0.00,0.00,0.00,0.00,0.0,0.0,0.0,45.89,-131.04,0.000000,0.000000,0,1,7.45
244359,0.00,0.00,0.00,0.00,0.00,0.00,0.0,0.0,0.0,45.89,-131.18,0.000000,0.000000,0,1,7.45
244461,0.00,0.00,0.00,0.00,0.00,0.00,0.0,0.0,0.0,45.89,-131.40,0.000000,0.000000,0,1,7.45
244564,0.00,0.00,0.00,0.00,0.00,0.00,0.0,0.0,0.0,45.89,-131.67,0.000000,0.000000,0,1,7.41
244665,0.00,0.00,0.00,0.00,0.00,0.00,0.0,0.0,0.0,45.90,-131.89,0.000000,0.000000,0,1,7.41
244767,0.00,0.00,0.00,0.00,0.00,0.00,0.0,0.0,0.0,45.90,-132.05,0.000000,0.000000,0,1,7.41
244869,0.00,0.00,0.00,0.00,0.00,0.00,0.0,0.0,0.0,45.90,-132.04,0.000000,0.000000,0,1,7.41
244971,0.00,0.00,0.00,0.00,0.00,0.00,0.0,0.0,0.0,45.91,-131.99,0.000000,0.000000,0,1,7.41
245073,0.00,0.00,0.00,0.00,0.00,0.00,0.0,0.0,0.0,45.91,-132.06,0.000000,0.000000,0,1,7.41
245175,0.00,0.00,0.00,0.00,0.00,0.00,0.0,0.0,0.0,45.91,-132.22,0.000000,0.000000,0,1,7.41
245277,0.00,0.00,0.00,0.00,0.00,0.00,0.0,0.0,0.0,45.91,-132.45,0.000000,0.000000,0,1,7.41
245379,0.00,0.00,0.00,0.00,0.00,0.00,0.0,0.0,0.0,45.91,-132.61,0.000000,0.000000,0,1,7.41
245481,0.00,0.00,0.00,0.00,0.00,0.00,0.0,0.0,0.0,45.91,-132.65,0.000000,0.000000,0,1,7.41
245583,0.00,0.00,0.00,0.00,0.00,0.00,0.0,0.0,0.0,45.91,-132.58,0.000000,0.000000,0,1,7.43
245685,0.00,0.00,0.00,0.00,0.00,0.00,0.0,0.0,0.0,45.91,-132.44,0.000000,0.000000,0,1,7.43
245787,0.00,0.00,0.00,0.00,0.00,0.00,0.0,0.0,0.0,45.91,-132.24,0.000000,0.000000,0,1,7.43
245889,0.00,0.00,0.00,0.00,0.00,0.00,0.0,0.0,0.0,45.91,-131.98,0.000000,0.000000,0,1,7.43
245991,0.00,0.00,0.00,0.00,0.00,0.00,0.0,0.0,0.0,45.91,-131.71,0.000000,0.000000,0,1,7.43
246093,0.00,0.00,0.00,0.00,0.00,0.00,0.0,0.0,0.0,45.90,-131.60,0.000000,0.000000,0,1,7.43
246195,0.00,0.00,0.00,0.00,0.00,0.00,0.0,0.0,0.0,45.90,-131.43,0.000000,0.000000,0,1,7.43
246297,0.00,0.00,0.00,0.00,0.00,0.00,0.0,0.0,0.0,45.90,-131.11,0.000000,0.000000,0,1,7.43
246399,0.00,0.00,0.00,0.00,0.00,0.00,0.0,0.0,0.0,45.90,-131.33,0.000000,0.000000,0,1,7.43
246501,0.00,0.00,0.00,0.00,0.00,0.00,0.0,0.0,0.0,45.90,-131.65,0.000000,0.000000,0,1,7.43
246603,0.00,0.00,0.00,0.00,0.00,0.00,0.0,0.0,0.0,45.90,-131.72,0.000000,0.000000,0,1,7.46
246705,0.00,0.00,0.00,0.00,0.00,0.00,0.0,0.0,0.0,45.91,-131.91,0.000000,0.000000,0,1,7.46
246807,0.00,0.00,0.00,0.00,0.00,0.00,0.0,0.0,0.0,45.91,-132.13,0.000000,0.000000,0,1,7.46
246909,0.00,0.00,0.00,0.00,0.00,0.00,0.0,0.0,0.0,45.91,-132.37,0.000000,0.000000,0,1,7.46
247011,0.00,0.00,0.00,0.00,0.00,0.00,0.0,0.0,0.0,45.91,-132.34,0.000000,0.000000,0,1,7.46
247113,0.00,0.00,0.00,0.00,0.00,0.00,0.0,0.0,0.0,45.91,-131.92,0.000000,0.000000,0,1,7.46
247215,0.00,0.00,0.00,0.00,0.00,0.00,0.0,0.0,0.0,45.91,-131.26,0.000000,0.000000,0,1,7.46
247317,0.00,0.00,0.00,0.00,0.00,0.00,0.0,0.0,0.0,45.90,-130.63,0.000000,0.000000,0,1,7.46
247419,0.00,0.00,0.00,0.00,0.00,0.00,0.0,0.0,0.0,45.89,-130.18,0.000000,0.000000,0,1,7.46
247521,0.00,0.00,0.00,0.00,0.00,0.00,0.0,0.0,0.0,45.89,-130.10,0.000000,0.000000,0,1,7.46
247623,0.00,0.00,0.00,0.00,0.00,0.00,0.0,0.0,0.0,45.89,-130.21,0.000000,0.000000,0,1,7.38
247725,0.00,0.00,0.00,0.00,0.00,0.00,0.0,0.0,0.0,45.89,-130.47,0.000000,0.000000,0,1,7.38
247827,0.00,0.00,0.00,0.00,0.00,0.00,0.0,0.0,0.0,45.89,-130.75,0.000000,0.000000,0,1,7.38
247929,0.00,0.00,0.00,0.00,0.00,0.00,0.0,0.0,0.0,45.89,-130.93,0.000000,0.000000,0,1,7.38
248031,0.00,0.00,0.00,0.00,0.00,0.00,0.0,0.0,0.0,45.89,-131.12,0.000000,0.000000,0,1,7.38
248133,0.00,0.00,0.00,0.00,0.00,0.00,0.0,0.0,0.0,45.90,-131.42,0.000000,0.000000,0,1,7.38
248235,0.00,0.00,0.00,0.00,0.00,0.00,0.0,0.0,0.0,45.90,-131.68,0.000000,0.000000,0,1,7.38
248337,0.00,0.00,0.00,0.00,0.00,0.00,0.0,0.0,0.0,45.90,-131.78,0.000000,0.000000,0,1,7.38
248439,0.00,0.00,0.00,0.00,0.00,0.00,0.0,0.0,0.0,45.90,-131.70,0.000000,0.000000,0,1,7.38
248541,0.00,0.00,0.00,0.00,0.00,0.00,0.0,0.0,0.0,45.90,-131.43,0.000000,0.000000,0,1,7.38
248643,0.00,0.00,0.00,0.00,0.00,0.00,0.0,0.0,0.0,45.90,-131.26,0.000000,0.000000,0,1,7.41
248745,0.00,0.00,0.00,0.00,0.00,0.00,0.0,0.0,0.0,45.90,-131.31,0.000000,0.000000,0,1,7.41
248847,0.00,0.00,0.00,0.00,0.00,0.00,0.0,0.0,0.0,45.89,-131.34,0.000000,0.000000,0,1,7.41
248949,0.00,0.00,0.00,0.00,0.00,0.00,0.0,0.0,0.0,45.90,-131.35,0.000000,0.000000,0,1,7.41
249051,0.00,0.00,0.00,0.00,0.00,0.00,0.0,0.0,0.0,45.90,-131.47,0.000000,0.000000,0,1,7.41
249153,0.00,0.00,0.00,0.00,0.00,0.00,0.0,0.0,0.0,45.90,-131.72,0.000000,0.000000,0,1,7.41
249255,0.00,0.00,0.00,0.00,0.00,0.00,0.0,0.0,0.0,45.90,-131.92,0.000000,0.000000,0,1,7.41
249357,0.00,0.00,0.00,0.00,0.00,0.00,0.0,0.0,0.0,45.91,-131.96,0.000000,0.000000,0,1,7.41
249459,0.00,0.00,0.00,0.00,0.00,0.00,0.0,0.0,0.0,45.91,-131.81,0.000000,0.000000,0,1,7.41
249561,0.00,0.00,0.00,0.00,0.00,0.00,0.0,0.0,0.0,45.91,-131.62,0.000000,0.000000,0,1,7.41
249663,0.00,0.00,0.00,0.00,0.00,0.00,0.0,0.0,0.0,45.91,-131.40,0.000000,0.000000,0,1,7.41
249765,0.00,0.00,0.00,0.00,0.00,0.00,0.0,0.0,0.0,45.90,-131.21,0.000000,0.000000,0,1,7.41
249867,0.00,0.00,0.00,0.00,0.00,0.00,0.0,0.0,0.0,45.90,-130.99,0.000000,0.000000,0,1,7.41
249969,0.00,0.00,0.00,0.00,0.00,0.00,0.0,0.0,0.0,45.90,-130.94,0.000000,0.000000,0,1,7.41
250071,0.00,0.00,0.00,0.00,0.00,0.00,0.0,0.0,0.0,45.90,-131.13,0.000000,0.000000,0,1,7.41
250173,0.00,0.00,0.00,0.00,0.00,0.00,0.0,0.0,0.0,45.91,-131.48,0.000000,0.000000,0,1,7.41
250275,0.00,0.00,0.00,0.00,0.00,0.00,0.0,0.0,0.0,45.91,-131.81,0.000000,0.000000,0,1,7.41
250377,0.00,0.00,0.00,0.00,0.00,0.00,0.0,0.0,0.0,45.91,-132.06,0.000000,0.000000,0,1,7.41
250479,0.00,0.00,0.00,0.00,0.00,0.00,0.0,0.0,0.0,45.92,-132.30,0.000000,0.000000,0,1,7.41
250581,0.00,0.00,0.00,0.00,0.00,0.00,0.0,0.0,0.0,45.92,-132.58,0.000000,0.000000,0,1,7.41
250683,0.00,0.00,0.00,0.00,0.00,0.00,0.0,0.0,0.0,45.92,-132.84,0.000000,0.000000,0,1,7.45
250785,0.00,0.00,0.00,0.00,0.00,0.00,0.0,0.0,0.0,45.93,-133.01,0.000000,0.000000,0,1,7.45
250887,0.00,0.00,0.00,0.00,0.00,0.00,0.0,0.0,0.0,45.93,-133.13,0.000000,0.000000,0,1,7.45
250989,0.00,0.00,0.00,0.00,0.00,0.00,0.0,0.0,0.0,45.93,-133.13,0.000000,0.000000,0,1,7.45
251091,0.00,0.00,0.00,0.00,0.00,0.00,0.0,0.0,0.0,45.94,-133.23,0.000000,0.000000,0,1,7.45
251193,0.00,0.00,0.00,0.00,0.00,0.00,0.0,0.0,0.0,45.94,-133.48,0.000000,0.000000,0,1,7.45
251295,0.00,0.00,0.00,0.00,0.00,0.00,0.0,0.0,0.0,45.94,-133.79,0.000000,0.000000,0,1,7.45
251397,0.00,0.00,0.00,0.00,0.00,0.00,0.0,0.0,0.0,45.95,-133.85,0.000000,0.000000,0,1,7.45
251499,0.00,0.00,0.00,0.00,0.00,0.00,0.0,0.0,0.0,45.95,-133.74,0.000000,0.000000,0,1,7.45
251601,0.00,0.00,0.00,0.00,0.00,0.00,0.0,0.0,0.0,45.95,-133.70,0.000000,0.000000,0,1,7.45
251703,0.00,0.00,0.00,0.00,0.00,0.00,0.0,0.0,0.0,45.95,-133.69,0.000000,0.000000,0,1,7.37
251805,0.00,0.00,0.00,0.00,0.00,0.00,0.0,0.0,0.0,45.95,-133.79,0.000000,0.000000,0,1,7.37
251907,0.00,0.00,0.00,0.00,0.00,0.00,0.0,0.0,0.0,45.96,-134.04,0.000000,0.000000,0,1,7.37
252009,0.00,0.00,0.00,0.00,0.00,0.00,0.0,0.0,0.0,45.96,-134.38,0.000000,0.000000,0,1,7.37
252111,0.00,0.00,0.00,0.00,0.00,0.00,0.0,0.0,0.0,45.97,-134.67,0.000000,0.000000,0,1,7.37
252213,0.00,0.00,0.00,0.00,0.00,0.00,0.0,0.0,0.0,45.97,-134.77,0.000000,0.000000,0,1,7.37
252315,0.00,0.00,0.00,0.00,0.00,0.00,0.0,0.0,0.0,45.97,-134.78,0.000000,0.000000,0,1,7.37
252417,0.00,0.00,0.00,0.00,0.00,0.00,0.0,0.0,0.0,45.98,-134.75,0.000000,0.000000,0,1,7.37
252519,0.00,0.00,0.00,0.00,0.00,0.00,0.0,0.0,0.0,45.98,-134.91,0.000000,0.000000,0,1,7.37
252621,0.00,0.00,0.00,0.00,0.00,0.00,0.0,0.0,0.0,45.98,-135.16,0.000000,0.000000,0,1,7.37
252723,0.00,0.00,0.00,0.00,0.00,0.00,0.0,0.0,0.0,45.99,-135.35,0.000000,0.000000,0,1,7.43
252825,0.00,0.00,0.00,0.00,0.00,0.00,0.0,0.0,0.0,45.99,-135.41,0.000000,0.000000,0,1,7.43
252927,0.00,0.00,0.00,0.00,0.00,0.00,0.0,0.0,0.0,45.99,-135.61,0.000000,0.000000,0,1,7.43
253029,0.00,0.00,0.00,0.00,0.00,0.00,0.0,0.0,0.0,45.99,-135.94,0.000000,0.000000,0,1,7.43
253131,0.00,0.00,0.00,0.00,0.00,0.00,0.0,0.0,0.0,46.00,-136.21,0.000000,0.000000,0,1,7.43
253233,0.00,0.00,0.00,0.00,0.00,0.00,0.0,0.0,0.0,46.00,-136.39,0.000000,0.000000,0,1,7.43
253335,0.00,0.00,0.00,0.00,0.00,0.00,0.0,0.0,0.0,46.01,-136.60,0.000000,0.000000,0,1,7.43
253437,0.00,0.00,0.00,0.00,0.00,0.00,0.0,0.0,0.0,46.01,-136.86,0.000000,0.000000,0,1,7.43
253539,0.00,0.00,0.00,0.00,0.00,0.00,0.0,0.0,0.0,46.02,-137.02,0.000000,0.000000,0,1,7.43
253641,0.00,0.00,0.00,0.00,0.00,0.00,0.0,0.0,0.0,46.02,-137.07,0.000000,0.000000,0,1,7.43
253743,0.00,0.00,0.00,0.00,0.00,0.00,0.0,0.0,0.0,46.02,-137.18,0.000000,0.000000,0,1,7.46
253845,0.00,0.00,0.00,0.00,0.00,0.00,0.0,0.0,0.0,46.03,-137.31,0.000000,0.000000,0,1,7.46
253947,0.00,0.00,0.00,0.00,0.00,0.00,0.0,0.0,0.0,46.03,-137.30,0.000000,0.000000,0,1,7.46
254049,0.00,0.00,0.00,0.00,0.00,0.00,0.0,0.0,0.0,46.03,-137.16,0.000000,0.000000,0,1,7.46
254151,0.00,0.00,0.00,0.00,0.00,0.00,0.0,0.0,0.0,46.03,-137.02,0.000000,0.000000,0,1,7.46
254253,0.00,0.00,0.00,0.00,0.00,0.00,0.0,0.0,0.0,46.02,-137.04,0.000000,0.000000,0,1,7.46
254355,0.00,0.00,0.00,0.00,0.00,0.00,0.0,0.0,0.0,46.03,-137.18,0.000000,0.000000,0,1,7.46
254457,0.00,0.00,0.00,0.00,0.00,0.00,0.0,0.0,0.0,46.03,-137.38,0.000000,0.000000,0,1,7.46
254559,0.00,0.00,0.00,0.00,0.00,0.00,0.0,0.0,0.0,46.03,-137.50,0.000000,0.000000,0,1,7.46
254662,0.00,0.00,0.00,0.00,0.00,0.00,0.0,0.0,0.0,46.03,-137.58,0.000000,0.000000,0,1,7.38
254763,0.00,0.00,0.00,0.00,0.00,0.00,0.0,0.0,0.0,46.04,-137.71,0.000000,0.000000,0,1,7.38
254865,0.00,0.00,0.00,0.00,0.00,0.00,0.0,0.0,0.0,46.04,-137.96,0.000000,0.000000,0,1,7.38
254967,0.00,0.00,0.00,0.00,0.00,0.00,0.0,0.0,0.0,46.05,-138.17,0.000000,0.000000,0,1,7.38
255069,0.00,0.00,0.00,0.00,0.00,0.00,0.0,0.0,0.0,46.05,-138.30,0.000000,0.000000,0,1,7.38
255171,0.00,0.00,0.00,0.00,0.00,0.00,0.0,0.0,0.0,46.05,-138.41,0.000000,0.000000,0,1,7.38
255273,0.00,0.00,0.00,0.00,0.00,0.00,0.0,0.0,0.0,46.06,-138.60,0.000000,0.000000,0,1,7.38
255375,0.00,0.00,0.00,0.00,0.00,0.00,0.0,0.0,0.0,46.06,-138.81,0.000000,0.000000,0,1,7.38
255477,0.00,0.00,0.00,0.00,0.00,0.00,0.0,0.0,0.0,46.07,-139.03,0.000000,0.000000,0,1,7.38
255579,0.00,0.00,0.00,0.00,0.00,0.00,0.0,0.0,0.0,46.07,-139.13,0.000000,0.000000,0,1,7.38
255681,0.00,0.00,0.00,0.00,0.00,0.00,0.0,0.0,0.0,46.07,-139.24,0.000000,0.000000,0,1,7.38
255783,0.00,0.00,0.00,0.00,0.00,0.00,0.0,0.0,0.0,46.08,-139.46,0.000000,0.000000,0,1,7.38
255885,0.00,0.00,0.00,0.00,0.00,0.00,0.0,0.0,0.0,46.08,-139.72,0.000000,0.000000,0,1,7.38
255987,0.00,0.00,0.00,0.00,0.00,0.00,0.0,0.0,0.0,46.09,-139.97,0.000000,0.000000,0,1,7.38
256089,0.00,0.00,0.00,0.00,0.00,0.00,0.0,0.0,0.0,46.10,-140.26,0.000000,0.000000,0,1,7.38
256191,0.00,0.00,0.00,0.00,0.00,0.00,0.0,0.0,0.0,46.10,-140.53,0.000000,0.000000,0,1,7.38
256293,0.00,0.00,0.00,0.00,0.00,0.00,0.0,0.0,0.0,46.10,-140.66,0.000000,0.000000,0,1,7.38
256395,0.00,0.00,0.00,0.00,0.00,0.00,0.0,0.0,0.0,46.10,-140.58,0.000000,0.000000,0,1,7.38
256497,0.00,0.00,0.00,0.00,0.00,0.00,0.0,0.0,0.0,46.10,-140.41,0.000000,0.000000,0,1,7.38
256599,0.00,0.00,0.00,0.00,0.00,0.00,0.0,0.0,0.0,46.10,-140.23,0.000000,0.000000,0,1,7.38
256701,0.00,0.00,0.00,0.00,0.00,0.00,0.0,0.0,0.0,46.10,-140.01,0.000000,0.000000,0,1,7.48
256803,0.00,0.00,0.00,0.00,0.00,0.00,0.0,0.0,0.0,46.10,-139.95,0.000000,0.000000,0,1,7.48
256905,0.00,0.00,0.00,0.00,0.00,0.00,0.0,0.0,0.0,46.10,-140.03,0.000000,0.000000,0,1,7.48
257007,0.00,0.00,0.00,0.00,0.00,0.00,0.0,0.0,0.0,46.10,-140.15,0.000000,0.000000,0,1,7.48
257109,0.00,0.00,0.00,0.00,0.00,0.00,0.0,0.0,0.0,46.10,-140.41,0.000000,0.000000,0,1,7.48
257211,0.00,0.00,0.00,0.00,0.00,0.00,0.0,0.0,0.0,46.11,-140.82,0.000000,0.000000,0,1,7.48
257313,0.00,0.00,0.00,0.00,0.00,0.00,0.0,0.0,0.0,46.12,-141.21,0.000000,0.000000,0,1,7.48
257415,0.00,0.00,0.00,0.00,0.00,0.00,0.0,0.0,0.0,46.12,-141.43,0.000000,0.000000,0,1,7.48
257517,0.00,0.00,0.00,0.00,0.00,0.00,0.0,0.0,0.0,46.12,-141.49,0.000000,0.000000,0,1,7.48
257619,0.00,0.00,0.00,0.00,0.00,0.00,0.0,0.0,0.0,46.12,-141.44,0.000000,0.000000,0,1,7.48
257721,0.00,0.00,0.00,0.00,0.00,0.00,0.0,0.0,0.0,46.12,-141.52,0.000000,0.000000,0,1,7.44
257823,0.00,0.00,0.00,0.00,0.00,0.00,0.0,0.0,0.0,46.12,-141.65,0.000000,0.000000,0,1,7.44
257925,0.00,0.00,0.00,0.00,0.00,0.00,0.0,0.0,0.0,46.13,-141.81,0.000000,0.000000,0,1,7.44
258027,0.00,0.00,0.00,0.00,0.00,0.00,0.0,0.0,0.0,46.13,-142.06,0.000000,0.000000,0,1,7.44
258129,0.00,0.00,0.00,0.00,0.00,0.00,0.0,0.0,0.0,46.14,-142.34,0.000000,0.000000,0,1,7.44
258231,0.00,0.00,0.00,0.00,0.00,0.00,0.0,0.0,0.0,46.14,-142.57,0.000000,0.000000,0,1,7.44
258333,0.00,0.00,0.00,0.00,0.00,0.00,0.0,0.0,0.0,46.15,-142.65,0.000000,0.000000,0,1,7.44
258435,0.00,0.00,0.00,0.00,0.00,0.00,0.0,0.0,0.0,46.14,-142.45,0.000000,0.000000,0,1,7.44
258537,0.00,0.00,0.00,0.00,0.00,0.00,0.0,0.0,0.0,46.14,-142.28,0.000000,0.000000,0,1,7.44
258639,0.00,0.00,0.00,0.00,0.00,0.00,0.0,0.0,0.0,46.14,-142.16,0.000000,0.000000,0,1,7.44
258741,0.00,0.00,0.00,0.00,0.00,0.00,0.0,0.0,0.0,46.14,-142.22,0.000000,0.000000,0,1,7.38
258843,0.00,0.00,0.00,0.00,0.00,0.00,0.0,0.0,0.0,46.14,-142.40,0.000000,0.000000,0,1,7.38
258945,0.00,0.00,0.00,0.00,0.00,0.00,0.0,0.0,0.0,46.15,-142.62,0.000000,0.000000,0,1,7.38
259047,0.00,0.00,0.00,0.00,0.00,0.00,0.0,0.0,0.0,46.15,-142.77,0.000000,0.000000,0,1,7.38
259149,0.00,0.00,0.00,0.00,0.00,0.00,0.0,0.0,0.0,46.15,-142.74,0.000000,0.000000,0,1,7.38
259251,0.00,0.00,0.00,0.00,0.00,0.00,0.0,0.0,0.0,46.15,-142.69,0.000000,0.000000,0,1,7.38
259353,0.00,0.00,0.00,0.00,0.00,0.00,0.0,0.0,0.0,46.15,-142.80,0.000000,0.000000,0,1,7.38
259455,0.00,0.00,0.00,0.00,0.00,0.00,0.0,0.0,0.0,46.15,-143.04,0.000000,0.000000,0,1,7.38
259557,0.00,0.00,0.00,0.00,0.00,0.00,0.0,0.0,0.0,46.16,-143.34,0.000000,0.000000,0,1,7.38
259659,0.00,0.00,0.00,0.00,0.00,0.00,0.0,0.0,0.0,46.16,-143.51,0.000000,0.000000,0,1,7.38
259761,0.00,0.00,0.00,0.00,0.00,0.00,0.0,0.0,0.0,46.16,-143.66,0.000000,0.000000,0,1,7.45
259863,0.00,0.00,0.00,0.00,0.00,0.00,0.0,0.0,0.0,46.16,-143.71,0.000000,0.000000,0,1,7.45
259965,0.00,0.00,0.00,0.00,0.00,0.00,0.0,0.0,0.0,46.17,-143.64,0.000000,0.000000,0,1,7.45
260067,0.00,0.00,0.00,0.00,0.00,0.00,0.0,0.0,0.0,46.17,-143.53,0.000000,0.000000,0,1,7.45
260169,0.00,0.00,0.00,0.00,0.00,0.00,0.0,0.0,0.0,46.17,-143.53,0.000000,0.000000,0,1,7.45
260271,0.00,0.00,0.00,0.00,0.00,0.00,0.0,0.0,0.0,46.17,-143.53,0.000000,0.000000,0,1,7.45
260373,0.00,0.00,0.00,0.00,0.00,0.00,0.0,0.0,0.0,46.17,-143.40,0.000000,0.000000,0,1,7.45
260475,0.00,0.00,0.00,0.00,0.00,0.00,0.0,0.0,0.0,46.16,-143.31,0.000000,0.000000,0,1,7.45
260577,0.00,0.00,0.00,0.00,0.00,0.00,0.0,0.0,0.0,46.16,-143.33,0.000000,0.000000,0,1,7.45
260679,0.00,0.00,0.00,0.00,0.00,0.00,0.0,0.0,0.0,46.16,-143.29,0.000000,0.000000,0,1,7.45
260781,0.00,0.00,0.00,0.00,0.00,0.00,0.0,0.0,0.0,46.16,-143.28,0.000000,0.000000,0,1,7.44
260883,0.00,0.00,0.00,0.00,0.00,0.00,0.0,0.0,0.0,46.16,-143.41,0.000000,0.000000,0,1,7.44
260985,0.00,0.00,0.00,0.00,0.00,0.00,0.0,0.0,0.0,46.16,-143.49,0.000000,0.000000,0,1,7.44
261087,0.00,0.00,0.00,0.00,0.00,0.00,0.0,0.0,0.0,46.17,-143.54,0.000000,0.000000,0,1,7.44
261189,0.00,0.00,0.00,0.00,0.00,0.00,0.0,0.0,0.0,46.17,-143.66,0.000000,0.000000,0,1,7.44
261291,0.00,0.00,0.00,0.00,0.00,0.00,0.0,0.0,0.0,46.17,-143.78,0.000000,0.000000,0,1,7.44
261393,0.00,0.00,0.00,0.00,0.00,0.00,0.0,0.0,0.0,46.17,-143.77,0.000000,0.000000,0,1,7.44
261495,0.00,0.00,0.00,0.00,0.00,0.00,0.0,0.0,0.0,46.17,-143.76,0.000000,0.000000,0,1,7.44
261597,0.00,0.00,0.00,0.00,0.00,0.00,0.0,0.0,0.0,46.17,-143.80,0.000000,0.000000,0,1,7.44
261699,0.00,0.00,0.00,0.00,0.00,0.00,0.0,0.0,0.0,46.17,-143.86,0.000000,0.000000,0,1,7.44
261801,0.00,0.00,0.00,0.00,0.00,0.00,0.0,0.0,0.0,46.17,-143.99,0.000000,0.000000,0,1,7.38
261903,0.00,0.00,0.00,0.00,0.00,0.00,0.0,0.0,0.0,46.17,-144.26,0.000000,0.000000,0,1,7.38
262005,0.00,0.00,0.00,0.00,0.00,0.00,0.0,0.0,0.0,46.18,-144.58,0.000000,0.000000,0,1,7.38
262107,0.00,0.00,0.00,0.00,0.00,0.00,0.0,0.0,0.0,46.18,-144.87,0.000000,0.000000,0,1,7.38
262209,0.00,0.00,0.00,0.00,0.00,0.00,0.0,0.0,0.0,46.19,-145.08,0.000000,0.000000,0,1,7.38
262311,0.00,0.00,0.00,0.00,0.00,0.00,0.0,0.0,0.0,46.19,-145.19,0.000000,0.000000,0,1,7.38
262413,0.00,0.00,0.00,0.00,0.00,0.00,0.0,0.0,0.0,46.20,-145.22,0.000000,0.000000,0,1,7.38
262515,0.00,0.00,0.00,0.00,0.00,0.00,0.0,0.0,0.0,46.20,-145.22,0.000000,0.000000,0,1,7.38
262617,0.00,0.00,0.00,0.00,0.00,0.00,0.0,0.0,0.0,46.20,-145.20,0.000000,0.000000,0,1,7.38
262719,0.00,0.00,0.00,0.00,0.00,0.00,0.0,0.0,0.0,46.20,-145.16,0.000000,0.000000,0,1,7.38
262821,0.00,0.00,0.00,0.00,0.00,0.00,0.0,0.0,0.0,46.20,-145.19,0.000000,0.000000,0,1,7.42
262923,0.00,0.00,0.00,0.00,0.00,0.00,0.0,0.0,0.0,46.20,-145.26,0.000000,0.000000,0,1,7.42
263025,0.00,0.00,0.00,0.00,0.00,0.00,0.0,0.0,0.0,46.20,-145.30,0.000000,0.000000,0,1,7.42
263127,0.00,0.00,0.00,0.00,0.00,0.00,0.0,0.0,0.0,46.20,-145.26,0.000000,0.000000,0,1,7.42
263229,0.00,0.00,0.00,0.00,0.00,0.00,0.0,0.0,0.0,46.20,-145.23,0.000000,0.000000,0,1,7.42
263331,0.00,0.00,0.00,0.00,0.00,0.00,0.0,0.0,0.0,46.21,-145.09,0.000000,0.000000,0,1,7.42
263433,0.00,0.00,0.00,0.00,0.00,0.00,0.0,0.0,0.0,46.20,-144.94,0.000000,0.000000,0,1,7.42
263535,0.00,0.00,0.00,0.00,0.00,0.00,0.0,0.0,0.0,46.21,-144.93,0.000000,0.000000,0,1,7.42
263637,0.00,0.00,0.00,0.00,0.00,0.00,0.0,0.0,0.0,46.21,-144.98,0.000000,0.000000,0,1,7.42
263739,0.00,0.00,0.00,0.00,0.00,0.00,0.0,0.0,0.0,46.21,-145.12,0.000000,0.000000,0,1,7.42
263841,0.00,0.00,0.00,0.00,0.00,0.00,0.0,0.0,0.0,46.21,-145.26,0.000000,0.000000,0,1,7.47
263943,0.00,0.00,0.00,0.00,0.00,0.00,0.0,0.0,0.0,46.21,-145.37,0.000000,0.000000,0,1,7.47
264045,0.00,0.00,0.00,0.00,0.00,0.00,0.0,0.0,0.0,46.21,-145.35,0.000000,0.000000,0,1,7.47
264147,0.00,0.00,0.00,0.00,0.00,0.00,0.0,0.0,0.0,46.21,-145.24,0.000000,0.000000,0,1,7.47
264249,0.00,0.00,0.00,0.00,0.00,0.00,0.0,0.0,0.0,46.21,-145.26,0.000000,0.000000,0,1,7.47
264351,0.00,0.00,0.00,0.00,0.00,0.00,0.0,0.0,0.0,46.21,-145.22,0.000000,0.000000,0,1,7.47
264453,0.00,0.00,0.00,0.00,0.00,0.00,0.0,0.0,0.0,46.21,-144.91,0.000000,0.000000,0,1,7.47
264555,0.00,0.00,0.00,0.00,0.00,0.00,0.0,0.0,0.0,46.21,-144.55,0.000000,0.000000,0,1,7.47
264657,0.00,0.00,0.00,0.00,0.00,0.00,0.0,0.0,0.0,46.20,-144.62,0.000000,0.000000,0,1,7.47
264760,0.00,0.00,0.00,0.00,0.00,0.00,0.0,0.0,0.0,46.20,-144.76,0.000000,0.000000,0,1,7.45
264861,0.00,0.00,0.00,0.00,0.00,0.00,0.0,0.0,0.0,46.21,-145.13,0.000000,0.000000,0,1,7.45
264963,0.00,0.00,0.00,0.00,0.00,0.00,0.0,0.0,0.0,46.21,-145.65,0.000000,0.000000,0,1,7.45
265065,0.00,0.00,0.00,0.00,0.00,0.00,0.0,0.0,0.0,46.22,-146.13,0.000000,0.000000,0,1,7.45
265167,0.00,0.00,0.00,0.00,0.00,0.00,0.0,0.0,0.0,46.22,-146.43,0.000000,0.000000,0,1,7.45
265269,0.00,0.00,0.00,0.00,0.00,0.00,0.0,0.0,0.0,46.23,-146.51,0.000000,0.000000,0,1,7.45
265371,0.00,0.00,0.00,0.00,0.00,0.00,0.0,0.0,0.0,46.23,-146.52,0.000000,0.000000,0,1,7.45
265473,0.00,0.00,0.00,0.00,0.00,0.00,0.0,0.0,0.0,46.23,-146.56,0.000000,0.000000,0,1,7.45
265575,0.00,0.00,0.00,0.00,0.00,0.00,0.0,0.0,0.0,46.23,-146.61,0.000000,0.000000,0,1,7.45
265677,0.00,0.00,0.00,0.00,0.00,0.00,0.0,0.0,0.0,46.23,-146.69,0.000000,0.000000,0,1,7.45
265779,0.00,0.00,0.00,0.00,0.00,0.00,0.0,0.0,0.0,46.23,-146.70,0.000000,0.000000,0,1,7.41
265881,0.00,0.00,0.00,0.00,0.00,0.00,0.0,0.0,0.0,46.24,-146.64,0.000000,0.000000,0,1,7.41
265983,0.00,0.00,0.00,0.00,0.00,0.00,0.0,0.0,0.0,46.24,-146.70,0.000000,0.000000,0,1,7.41
266085,0.00,0.00,0.00,0.00,0.00,0.00,0.0,0.0,0.0,46.24,-146.82,0.000000,0.000000,0,1,7.41
266187,0.00,0.00,0.00,0.00,0.00,0.00,0.0,0.0,0.0,46.24,-146.87,0.000000,0.000000,0,1,7.41
266289,0.00,0.00,0.00,0.00,0.00,0.00,0.0,0.0,0.0,46.24,-146.84,0.000000,0.000000,0,1,7.41
266391,0.00,0.00,0.00,0.00,0.00,0.00,0.0,0.0,0.0,46.24,-146.84,0.000000,0.000000,0,1,7.41
266493,0.00,0.00,0.00,0.00,0.00,0.00,0.0,0.0,0.0,46.24,-146.97,0.000000,0.000000,0,1,7.41
266595,0.00,0.00,0.00,0.00,0.00,0.00,0.0,0.0,0.0,46.25,-147.11,0.000000,0.000000,0,1,7.41
266697,0.00,0.00,0.00,0.00,0.00,0.00,0.0,0.0,0.0,46.25,-147.11,0.000000,0.000000,0,1,7.41
266799,0.00,0.00,0.00,0.00,0.00,0.00,0.0,0.0,0.0,46.25,-147.05,0.000000,0.000000,0,1,7.41
266901,0.00,0.00,0.00,0.00,0.00,0.00,0.0,0.0,0.0,46.25,-147.06,0.000000,0.000000,0,1,7.41
267003,0.00,0.00,0.00,0.00,0.00,0.00,0.0,0.0,0.0,46.25,-147.17,0.000000,0.000000,0,1,7.41
267105,0.00,0.00,0.00,0.00,0.00,0.00,0.0,0.0,0.0,46.25,-147.29,0.000000,0.000000,0,1,7.41
267207,0.00,0.00,0.00,0.00,0.00,0.00,0.0,0.0,0.0,46.25,-147.40,0.000000,0.000000,0,1,7.41
267309,0.00,0.00,0.00,0.00,0.00,0.00,0.0,0.0,0.0,46.26,-147.48,0.000000,0.000000,0,1,7.41
267411,0.00,0.00,0.00,0.00,0.00,0.00,0.0,0.0,0.0,46.26,-147.54,0.000000,0.000000,0,1,7.41
267513,0.00,0.00,0.00,0.00,0.00,0.00,0.0,0.0,0.0,46.26,-147.52,0.000000,0.000000,0,1,7.41
267615,0.00,0.00,0.00,0.00,0.00,0.00,0.0,0.0,0.0,46.26,-147.56,0.000000,0.000000,0,1,7.41
267717,0.00,0.00,0.00,0.00,0.00,0.00,0.0,0.0,0.0,46.26,-147.69,0.000000,0.000000,0,1,7.41
267819,0.00,0.00,0.00,0.00,0.00,0.00,0.0,0.0,0.0,46.26,-147.84,0.000000,0.000000,0,1,7.40
267921,0.00,0.00,0.00,0.00,0.00,0.00,0.0,0.0,0.0,46.27,-147.92,0.000000,0.000000,0,1,7.40
268023,0.00,0.00,0.00,0.00,0.00,0.00,0.0,0.0,0.0,46.27,-148.01,0.000000,0.000000,0,1,7.40
268125,0.00,0.00,0.00,0.00,0.00,0.00,0.0,0.0,0.0,46.27,-147.96,0.000000,0.000000,0,1,7.40
268227,0.00,0.00,0.00,0.00,0.00,0.00,0.0,0.0,0.0,46.26,-147.28,0.000000,0.000000,0,1,7.40
268329,0.00,0.00,0.00,0.00,0.00,0.00,0.0,0.0,0.0,46.25,-146.56,0.000000,0.000000,0,1,7.40
268431,0.00,0.00,0.00,0.00,0.00,0.00,0.0,0.0,0.0,46.24,-146.08,0.000000,0.000000,0,1,7.40
268533,0.00,0.00,0.00,0.00,0.00,0.00,0.0,0.0,0.0,46.24,-145.79,0.000000,0.000000,0,1,7.40
268635,0.00,0.00,0.00,0.00,0.00,0.00,0.0,0.0,0.0,46.23,-145.69,0.000000,0.000000,0,1,7.40
268737,0.00,0.00,0.00,0.00,0.00,0.00,0.0,0.0,0.0,46.23,-145.76,0.000000,0.000000,0,1,7.40
268839,0.00,0.00,0.00,0.00,0.00,0.00,0.0,0.0,0.0,46.23,-145.89,0.000000,0.000000,0,1,7.41
268941,0.00,0.00,0.00,0.00,0.00,0.00,0.0,0.0,0.0,46.23,-146.15,0.000000,0.000000,0,1,7.41
269043,0.00,0.00,0.00,0.00,0.00,0.00,0.0,0.0,0.0,46.24,-146.49,0.000000,0.000000,0,1,7.41
269145,0.00,0.00,0.00,0.00,0.00,0.00,0.0,0.0,0.0,46.24,-146.79,0.000000,0.000000,0,1,7.41
269247,0.00,0.00,0.00,0.00,0.00,0.00,0.0,0.0,0.0,46.24,-146.70,0.000000,0.000000,0,1,7.41
269349,0.00,0.00,0.00,0.00,0.00,0.00,0.0,0.0,0.0,46.24,-146.23,0.000000,0.000000,0,1,7.41
269451,0.00,0.00,0.00,0.00,0.00,0.00,0.0,0.0,0.0,46.24,-145.75,0.000000,0.000000,0,1,7.41
269553,0.00,0.00,0.00,0.00,0.00,0.00,0.0,0.0,0.0,46.23,-145.47,0.000000,0.000000,0,1,7.41
269655,0.00,0.00,0.00,0.00,0.00,0.00,0.0,0.0,0.0,46.23,-145.34,0.000000,0.000000,0,1,7.41
269757,0.00,0.00,0.00,0.00,0.00,0.00,0.0,0.0,0.0,46.23,-145.19,0.000000,0.000000,0,1,7.41
269859,0.00,0.00,0.00,0.00,0.00,0.00,0.0,0.0,0.0,46.23,-145.03,0.000000,0.000000,0,1,7.43
269961,0.00,0.00,0.00,0.00,0.00,0.00,0.0,0.0,0.0,46.23,-145.06,0.000000,0.000000,0,1,7.43
270063,0.00,0.00,0.00,0.00,0.00,0.00,0.0,0.0,0.0,46.23,-145.33,0.000000,0.000000,0,1,7.43
270165,0.00,0.00,0.00,0.00,0.00,0.00,0.0,0.0,0.0,46.24,-145.74,0.000000,0.000000,0,1,7.43
270267,0.00,0.00,0.00,0.00,0.00,0.00,0.0,0.0,0.0,46.25,-146.26,0.000000,0.000000,0,1,7.43
270369,0.00,0.00,0.00,0.00,0.00,0.00,0.0,0.0,0.0,46.25,-146.76,0.000000,0.000000,0,1,7.43
270471,0.00,0.00,0.00,0.00,0.00,0.00,0.0,0.0,0.0,46.26,-147.22,0.000000,0.000000,0,1,7.43
270573,0.00,0.00,0.00,0.00,0.00,0.00,0.0,0.0,0.0,46.27,-147.62,0.000000,0.000000,0,1,7.43
270675,0.00,0.00,0.00,0.00,0.00,0.00,0.0,0.0,0.0,46.28,-148.01,0.000000,0.000000,0,1,7.43
270777,0.00,0.00,0.00,0.00,0.00,0.00,0.0,0.0,0.0,46.28,-148.36,0.000000,0.000000,0,1,7.43
270879,0.00,0.00,0.00,0.00,0.00,0.00,0.0,0.0,0.0,46.29,-148.80,0.000000,0.000000,0,1,7.44
270981,0.00,0.00,0.00,0.00,0.00,0.00,0.0,0.0,0.0,46.30,-149.23,0.000000,0.000000,0,1,7.44
271083,0.00,0.00,0.00,0.00,0.00,0.00,0.0,0.0,0.0,46.30,-149.56,0.000000,0.000000,0,1,7.44
271185,0.00,0.00,0.00,0.00,0.00,0.00,0.0,0.0,0.0,46.31,-149.86,0.000000,0.000000,0,1,7.44
271287,0.00,0.00,0.00,0.00,0.00,0.00,0.0,0.0,0.0,46.31,-150.10,0.000000,0.000000,0,1,7.44
271389,0.00,0.00,0.00,0.00,0.00,0.00,0.0,0.0,0.0,46.32,-150.33,0.000000,0.000000,0,1,7.44
271491,0.00,0.00,0.00,0.00,0.00,0.00,0.0,0.0,0.0,46.32,-150.58,0.000000,0.000000,0,1,7.44
271593,0.00,0.00,0.00,0.00,0.00,0.00,0.0,0.0,0.0,46.33,-150.80,0.000000,0.000000,0,1,7.44
271695,0.00,0.00,0.00,0.00,0.00,0.00,0.0,0.0,0.0,46.33,-150.93,0.000000,0.000000,0,1,7.44
271797,0.00,0.00,0.00,0.00,0.00,0.00,0.0,0.0,0.0,46.33,-151.03,0.000000,0.000000,0,1,7.44
271899,0.00,0.00,0.00,0.00,0.00,0.00,0.0,0.0,0.0,46.34,-151.13,0.000000,0.000000,0,1,7.49
272001,0.00,0.00,0.00,0.00,0.00,0.00,0.0,0.0,0.0,46.34,-151.24,0.000000,0.000000,0,1,7.49
272103,0.00,0.00,0.00,0.00,0.00,0.00,0.0,0.0,0.0,46.34,-151.33,0.000000,0.000000,0,1,7.49
272205,0.00,0.00,0.00,0.00,0.00,0.00,0.0,0.0,0.0,46.34,-151.42,0.000000,0.000000,0,1,7.49
272307,0.00,0.00,0.00,0.00,0.00,0.00,0.0,0.0,0.0,46.35,-151.51,0.000000,0.000000,0,1,7.49
272409,0.00,0.00,0.00,0.00,0.00,0.00,0.0,0.0,0.0,46.35,-151.60,0.000000,0.000000,0,1,7.49
272511,0.00,0.00,0.00,0.00,0.00,0.00,0.0,0.0,0.0,46.35,-151.67,0.000000,0.000000,0,1,7.49
272613,0.00,0.00,0.00,0.00,0.00,0.00,0.0,0.0,0.0,46.35,-151.74,0.000000,0.000000,0,1,7.49
272715,0.00,0.00,0.00,0.00,0.00,0.00,0.0,0.0,0.0,46.36,-151.80,0.000000,0.000000,0,1,7.49
272817,0.00,0.00,0.00,0.00,0.00,0.00,0.0,0.0,0.0,46.36,-151.67,0.000000,0.000000,0,1,7.49
272919,0.00,0.00,0.00,0.00,0.00,0.00,0.0,0.0,0.0,46.36,-151.59,0.000000,0.000000,0,1,7.46
273021,0.00,0.00,0.00,0.00,0.00,0.00,0.0,0.0,0.0,46.36,-151.64,0.000000,0.000000,0,1,7.46
273123,0.00,0.00,0.00,0.00,0.00,0.00,0.0,0.0,0.0,46.36,-151.68,0.000000,0.000000,0,1,7.46
273225,0.00,0.00,0.00,0.00,0.00,0.00,0.0,0.0,0.0,46.36,-151.74,0.000000,0.000000,0,1,7.46
273327,0.00,0.00,0.00,0.00,0.00,0.00,0.0,0.0,0.0,46.36,-151.72,0.000000,0.000000,0,1,7.46
273429,0.00,0.00,0.00,0.00,0.00,0.00,0.0,0.0,0.0,46.36,-151.78,0.000000,0.000000,0,1,7.46
273531,0.00,0.00,0.00,0.00,0.00,0.00,0.0,0.0,0.0,46.36,-152.03,0.000000,0.000000,0,1,7.46
273633,0.00,0.00,0.00,0.00,0.00,0.00,0.0,0.0,0.0,46.37,-152.34,0.000000,0.000000,0,1,7.46
273735,0.00,0.00,0.00,0.00,0.00,0.00,0.0,0.0,0.0,46.37,-152.64,0.000000,0.000000,0,1,7.46
273837,0.00,0.00,0.00,0.00,0.00,0.00,0.0,0.0,0.0,46.38,-152.82,0.000000,0.000000,0,1,7.46
273939,0.00,0.00,0.00,0.00,0.00,0.00,0.0,0.0,0.0,46.38,-152.86,0.000000,0.000000,0,1,7.45
274041,0.00,0.00,0.00,0.00,0.00,0.00,0.0,0.0,0.0,46.38,-152.88,0.000000,0.000000,0,1,7.45
274143,0.00,0.00,0.00,0.00,0.00,0.00,0.0,0.0,0.0,46.38,-152.87,0.000000,0.000000,0,1,7.45
274245,0.00,0.00,0.00,0.00,0.00,0.00,0.0,0.0,0.0,46.38,-152.80,0.000000,0.000000,0,1,7.45
274347,0.00,0.00,0.00,0.00,0.00,0.00,0.0,0.0,0.0,46.38,-152.77,0.000000,0.000000,0,1,7.45
274449,0.00,0.00,0.00,0.00,0.00,0.00,0.0,0.0,0.0,46.38,-152.72,0.000000,0.000000,0,1,7.45
274551,0.00,0.00,0.00,0.00,0.00,0.00,0.0,0.0,0.0,46.38,-152.74,0.000000,0.000000,0,1,7.45
274653,0.00,0.00,0.00,0.00,0.00,0.00,0.0,0.0,0.0,46.38,-152.83,0.000000,0.000000,0,1,7.45
274755,0.00,0.00,0.00,0.00,0.00,0.00,0.0,0.0,0.0,46.38,-152.98,0.000000,0.000000,0,1,7.45
274858,0.00,0.00,0.00,0.00,0.00,0.00,0.0,0.0,0.0,46.39,-153.15,0.000000,0.000000,0,1,7.47
274959,0.00,0.00,0.00,0.00,0.00,0.00,0.0,0.0,0.0,46.39,-153.29,0.000000,0.000000,0,1,7.47
275061,0.00,0.00,0.00,0.00,0.00,0.00,0.0,0.0,0.0,46.40,-153.47,0.000000,0.000000,0,1,7.47
275163,0.00,0.00,0.00,0.00,0.00,0.00,0.0,0.0,0.0,46.40,-153.69,0.000000,0.000000,0,1,7.47
275265,0.00,0.00,0.00,0.00,0.00,0.00,0.0,0.0,0.0,46.40,-153.84,0.000000,0.000000,0,1,7.47
275367,0.00,0.00,0.00,0.00,0.00,0.00,0.0,0.0,0.0,46.41,-153.76,0.000000,0.000000,0,1,7.47
275469,0.00,0.00,0.00,0.00,0.00,0.00,0.0,0.0,0.0,46.41,-153.67,0.000000,0.000000,0,1,7.47
275571,0.00,0.00,0.00,0.00,0.00,0.00,0.0,0.0,0.0,46.41,-153.74,0.000000,0.000000,0,1,7.47
275673,0.00,0.00,0.00,0.00,0.00,0.00,0.0,0.0,0.0,46.41,-153.61,0.000000,0.000000,0,1,7.47
275775,0.00,0.00,0.00,0.00,0.00,0.00,0.0,0.0,0.0,46.41,-153.30,0.000000,0.000000,0,1,7.47
275877,0.00,0.00,0.00,0.00,0.00,0.00,0.0,0.0,0.0,46.41,-153.37,0.000000,0.000000,0,1,7.37
275979,0.00,0.00,0.00,0.00,0.00,0.00,0.0,0.0,0.0,46.41,-153.70,0.000000,0.000000,0,1,7.37
276081,0.00,0.00,0.00,0.00,0.00,0.00,0.0,0.0,0.0,46.41,-154.02,0.000000,0.000000,0,1,7.37
276183,0.00,0.00,0.00,0.00,0.00,0.00,0.0,0.0,0.0,46.42,-154.21,0.000000,0.000000,0,1,7.37
276285,0.00,0.00,0.00,0.00,0.00,0.00,0.0,0.0,0.0,46.42,-154.38,0.000000,0.000000,0,1,7.37
276387,0.00,0.00,0.00,0.00,0.00,0.00,0.0,0.0,0.0,46.43,-154.62,0.000000,0.000000,0,1,7.37
276489,0.00,0.00,0.00,0.00,0.00,0.00,0.0,0.0,0.0,46.43,-154.75,0.000000,0.000000,0,1,7.37
276591,0.00,0.00,0.00,0.00,0.00,0.00,0.0,0.0,0.0,46.44,-154.79,0.000000,0.000000,0,1,7.37
276693,0.00,0.00,0.00,0.00,0.00,0.00,0.0,0.0,0.0,46.44,-155.00,0.000000,0.000000,0,1,7.37
276795,0.00,0.00,0.00,0.00,0.00,0.00,0.0,0.0,0.0,46.44,-155.17,0.000000,0.000000,0,1,7.37
276897,0.00,0.00,0.00,0.00,0.00,0.00,0.0,0.0,0.0,46.45,-155.34,0.000000,0.000000,0,1,7.46
276999,0.00,0.00,0.00,0.00,0.00,0.00,0.0,0.0,0.0,46.45,-155.70,0.000000,0.000000,0,1,7.46
277101,0.00,0.00,0.00,0.00,0.00,0.00,0.0,0.0,0.0,46.46,-156.07,0.000000,0.000000,0,1,7.46
277203,0.00,0.00,0.00,0.00,0.00,0.00,0.0,0.0,0.0,46.46,-156.44,0.000000,0.000000,0,1,7.46
277305,0.00,0.00,0.00,0.00,0.00,0.00,0.0,0.0,0.0,46.47,-156.90,0.000000,0.000000,0,1,7.46
277407,0.00,0.00,0.00,0.00,0.00,0.00,0.0,0.0,0.0,46.47,-157.14,0.000000,0.000000,0,1,7.46
277509,0.00,0.00,0.00,0.00,0.00,0.00,0.0,0.0,0.0,46.47,-157.16,0.000000,0.000000,0,1,7.46
277611,0.00,0.00,0.00,0.00,0.00,0.00,0.0,0.0,0.0,46.48,-157.11,0.000000,0.000000,0,1,7.46
277713,0.00,0.00,0.00,0.00,0.00,0.00,0.0,0.0,0.0,46.48,-157.06,0.000000,0.000000,0,1,7.46
277815,0.00,0.00,0.00,0.00,0.00,0.00,0.0,0.0,0.0,46.47,-157.02,0.000000,0.000000,0,1,7.46
277917,0.00,0.00,0.00,0.00,0.00,0.00,0.0,0.0,0.0,46.47,-156.98,0.000000,0.000000,0,1,7.47
278019,0.00,0.00,0.00,0.00,0.00,0.00,0.0,0.0,0.0,46.48,-157.02,0.000000,0.000000,0,1,7.47
278121,0.00,0.00,0.00,0.00,0.00,0.00,0.0,0.0,0.0,46.48,-157.03,0.000000,0.000000,0,1,7.47
278223,0.00,0.00,0.00,0.00,0.00,0.00,0.0,0.0,0.0,46.48,-157.01,0.000000,0.000000,0,1,7.47
278325,0.00,0.00,0.00,0.00,0.00,0.00,0.0,0.0,0.0,46.48,-156.96,0.000000,0.000000,0,1,7.47
278427,0.00,0.00,0.00,0.00,0.00,0.00,0.0,0.0,0.0,46.48,-156.92,0.000000,0.000000,0,1,7.47
278529,0.00,0.00,0.00,0.00,0.00,0.00,0.0,0.0,0.0,46.48,-156.97,0.000000,0.000000,0,1,7.47
278631,0.00,0.00,0.00,0.00,0.00,0.00,0.0,0.0,0.0,46.48,-156.98,0.000000,0.000000,0,1,7.47
278733,0.00,0.00,0.00,0.00,0.00,0.00,0.0,0.0,0.0,46.48,-156.74,0.000000,0.000000,0,1,7.47
278835,0.00,0.00,0.00,0.00,0.00,0.00,0.0,0.0,0.0,46.47,-155.94,0.000000,0.000000,0,1,7.47
278937,0.00,0.00,0.00,0.00,0.00,0.00,0.0,0.0,0.0,46.46,-155.08,0.000000,0.000000,0,1,7.40
279039,0.00,0.00,0.00,0.00,0.00,0.00,0.0,0.0,0.0,46.46,-154.83,0.000000,0.000000,0,1,7.40
279141,0.00,0.00,0.00,0.00,0.00,0.00,0.0,0.0,0.0,46.45,-154.98,0.000000,0.000000,0,1,7.40
279243,0.00,0.00,0.00,0.00,0.00,0.00,0.0,0.0,0.0,46.46,-155.63,0.000000,0.000000,0,1,7.40
279345,0.00,0.00,0.00,0.00,0.00,0.00,0.0,0.0,0.0,46.47,-156.21,0.000000,0.000000,0,1,7.40
279447,0.00,0.00,0.00,0.00,0.00,0.00,0.0,0.0,0.0,46.47,-156.57,0.000000,0.000000,0,1,7.40
279549,0.00,0.00,0.00,0.00,0.00,0.00,0.0,0.0,0.0,46.48,-156.73,0.000000,0.000000,0,1,7.40
279651,0.00,0.00,0.00,0.00,0.00,0.00,0.0,0.0,0.0,46.48,-156.72,0.000000,0.000000,0,1,7.40
279753,0.00,0.00,0.00,0.00,0.00,0.00,0.0,0.0,0.0,46.49,-156.86,0.000000,0.000000,0,1,7.40
279855,0.00,0.00,0.00,0.00,0.00,0.00,0.0,0.0,0.0,46.49,-157.21,0.000000,0.000000,0,1,7.40
279957,0.00,0.00,0.00,0.00,0.00,0.00,0.0,0.0,0.0,46.49,-157.64,0.000000,0.000000,0,1,7.40
280059,0.00,0.00,0.00,0.00,0.00,0.00,0.0,0.0,0.0,46.50,-158.08,0.000000,0.000000,0,1,7.40
280161,0.00,0.00,0.00,0.00,0.00,0.00,0.0,0.0,0.0,46.50,-158.31,0.000000,0.000000,0,1,7.40
280263,0.00,0.00,0.00,0.00,0.00,0.00,0.0,0.0,0.0,46.51,-158.16,0.000000,0.000000,0,1,7.40
280365,0.00,0.00,0.00,0.00,0.00,0.00,0.0,0.0,0.0,46.50,-157.68,0.000000,0.000000,0,1,7.40
280467,0.00,0.00,0.00,0.00,0.00,0.00,0.0,0.0,0.0,46.50,-157.45,0.000000,0.000000,0,1,7.40
280569,0.00,0.00,0.00,0.00,0.00,0.00,0.0,0.0,0.0,46.50,-157.31,0.000000,0.000000,0,1,7.40
280671,0.00,0.00,0.00,0.00,0.00,0.00,0.0,0.0,0.0,46.49,-157.28,0.000000,0.000000,0,1,7.40
280773,0.00,0.00,0.00,0.00,0.00,0.00,0.0,0.0,0.0,46.49,-157.38,0.000000,0.000000,0,1,7.40
280875,0.00,0.00,0.00,0.00,0.00,0.00,0.0,0.0,0.0,46.50,-157.53,0.000000,0.000000,0,1,7.40
280977,0.00,0.00,0.00,0.00,0.00,0.00,0.0,0.0,0.0,46.50,-157.59,0.000000,0.000000,0,1,7.45
281079,0.00,0.00,0.00,0.00,0.00,0.00,0.0,0.0,0.0,46.50,-157.56,0.000000,0.000000,0,1,7.45
281181,0.00,0.00,0.00,0.00,0.00,0.00,0.0,0.0,0.0,46.49,-157.49,0.000000,0.000000,0,1,7.45
281283,0.00,0.00,0.00,0.00,0.00,0.00,0.0,0.0,0.0,46.49,-157.35,0.000000,0.000000,0,1,7.45
281385,0.00,0.00,0.00,0.00,0.00,0.00,0.0,0.0,0.0,46.49,-157.24,0.000000,0.000000,0,1,7.45
281487,0.00,0.00,0.00,0.00,0.00,0.00,0.0,0.0,0.0,46.48,-157.22,0.000000,0.000000,0,1,7.45
281589,0.00,0.00,0.00,0.00,0.00,0.00,0.0,0.0,0.0,46.48,-157.41,0.000000,0.000000,0,1,7.45
281691,0.00,0.00,0.00,0.00,0.00,0.00,0.0,0.0,0.0,46.49,-157.77,0.000000,0.000000,0,1,7.45
281793,0.00,0.00,0.00,0.00,0.00,0.00,0.0,0.0,0.0,46.49,-158.18,0.000000,0.000000,0,1,7.45
281895,0.00,0.00,0.00,0.00,0.00,0.00,0.0,0.0,0.0,46.50,-158.57,0.000000,0.000000,0,1,7.45
281997,0.00,0.00,0.00,0.00,0.00,0.00,0.0,0.0,0.0,46.51,-158.91,0.000000,0.000000,0,1,7.47
282099,0.00,0.00,0.00,0.00,0.00,0.00,0.0,0.0,0.0,46.51,-159.17,0.000000,0.000000,0,1,7.47
282201,0.00,0.00,0.00,0.00,0.00,0.00,0.0,0.0,0.0,46.52,-159.37,0.000000,0.000000,0,1,7.47
282303,0.00,0.00,0.00,0.00,0.00,0.00,0.0,0.0,0.0,46.52,-159.54,0.000000,0.000000,0,1,7.47
282405,0.00,0.00,0.00,0.00,0.00,0.00,0.0,0.0,0.0,46.53,-159.72,0.000000,0.000000,0,1,7.47
282507,0.00,0.00,0.00,0.00,0.00,0.00,0.0,0.0,0.0,46.53,-160.02,0.000000,0.000000,0,1,7.47
282609,0.00,0.00,0.00,0.00,0.00,0.00,0.0,0.0,0.0,46.54,-160.43,0.000000,0.000000,0,1,7.47
282711,0.00,0.00,0.00,0.00,0.00,0.00,0.0,0.0,0.0,46.54,-160.72,0.000000,0.000000,0,1,7.47
282813,0.00,0.00,0.00,0.00,0.00,0.00,0.0,0.0,0.0,46.55,-160.80,0.000000,0.000000,0,1,7.47
282915,0.00,0.00,0.00,0.00,0.00,0.00,0.0,0.0,0.0,46.55,-160.90,0.000000,0.000000,0,1,7.47
283017,0.00,0.00,0.00,0.00,0.00,0.00,0.0,0.0,0.0,46.56,-161.09,0.000000,0.000000,0,1,7.43
283119,0.00,0.00,0.00,0.00,0.00,0.00,0.0,0.0,0.0,46.56,-161.16,0.000000,0.000000,0,1,7.43
283221,0.00,0.00,0.00,0.00,0.00,0.00,0.0,0.0,0.0,46.56,-161.05,0.000000,0.000000,0,1,7.43
283323,0.00,0.00,0.00,0.00,0.00,0.00,0.0,0.0,0.0,46.56,-160.73,0.000000,0.000000,0,1,7.43
283425,0.00,0.00,0.00,0.00,0.00,0.00,0.0,0.0,0.0,46.56,-160.31,0.000000,0.000000,0,1,7.43
283527,0.00,0.00,0.00,0.00,0.00,0.00,0.0,0.0,0.0,46.56,-159.96,0.000000,0.000000,0,1,7.43
283629,0.00,0.00,0.00,0.00,0.00,0.00,0.0,0.0,0.0,46.56,-159.59,0.000000,0.000000,0,1,7.43
283731,0.00,0.00,0.00,0.00,0.00,0.00,0.0,0.0,0.0,46.55,-159.43,0.000000,0.000000,0,1,7.43
283833,0.00,0.00,0.00,0.00,0.00,0.00,0.0,0.0,0.0,46.55,-159.72,0.000000,0.000000,0,1,7.43
283935,0.00,0.00,0.00,0.00,0.00,0.00,0.0,0.0,0.0,46.56,-160.25,0.000000,0.000000,0,1,7.43
284037,0.00,0.00,0.00,0.00,0.00,0.00,0.0,0.0,0.0,46.57,-160.75,0.000000,0.000000,0,1,7.39
284139,0.00,0.00,0.00,0.00,0.00,0.00,0.0,0.0,0.0,46.58,-161.35,0.000000,0.000000,0,1,7.39
284241,0.00,0.00,0.00,0.00,0.00,0.00,0.0,0.0,0.0,46.59,-162.02,0.000000,0.000000,0,1,7.39
284343,0.00,0.00,0.00,0.00,0.00,0.00,0.0,0.0,0.0,46.60,-162.50,0.000000,0.000000,0,1,7.39
284445,0.00,0.00,0.00,0.00,0.00,0.00,0.0,0.0,0.0,46.61,-162.53,0.000000,0.000000,0,1,7.39
284547,0.00,0.00,0.00,0.00,0.00,0.00,0.0,0.0,0.0,46.61,-162.22,0.000000,0.000000,0,1,7.39
284649,0.00,0.00,0.00,0.00,0.00,0.00,0.0,0.0,0.0,46.60,-161.12,0.000000,0.000000,0,1,7.39
284751,0.00,0.00,0.00,0.00,0.00,0.00,0.0,0.0,0.0,46.59,-159.81,0.000000,0.000000,0,1,7.39
284853,0.00,0.00,0.00,0.00,0.00,0.00,0.0,0.0,0.0,46.57,-158.63,0.000000,0.000000,0,1,7.39
284956,0.00,0.00,0.00,0.00,0.00,0.00,0.0,0.0,0.0,46.56,-157.67,0.000000,0.000000,0,1,7.42
285057,0.00,0.00,0.00,0.00,0.00,0.00,0.0,0.0,0.0,46.55,-157.05,0.000000,0.000000,0,1,7.42
285159,0.00,0.00,0.00,0.00,0.00,0.00,0.0,0.0,0.0,46.54,-157.49,0.000000,0.000000,0,1,7.42
285261,0.00,0.00,0.00,0.00,0.00,0.00,0.0,0.0,0.0,46.55,-158.16,0.000000,0.000000,0,1,7.42
285363,0.00,0.00,0.00,0.00,0.00,0.00,0.0,0.0,0.0,46.56,-158.79,0.000000,0.000000,0,1,7.42
285465,0.00,0.00,0.00,0.00,0.00,0.00,0.0,0.0,0.0,46.57,-158.98,0.000000,0.000000,0,1,7.42
285567,0.00,0.00,0.00,0.00,0.00,0.00,0.0,0.0,0.0,46.57,-159.08,0.000000,0.000000,0,1,7.42
285669,0.00,0.00,0.00,0.00,0.00,0.00,0.0,0.0,0.0,46.57,-158.85,0.000000,0.000000,0,1,7.42
285771,0.00,0.00,0.00,0.00,0.00,0.00,0.0,0.0,0.0,46.58,-158.62,0.000000,0.000000,0,1,7.42
285873,0.00,0.00,0.00,0.00,0.00,0.00,0.0,0.0,0.0,46.57,-158.29,0.000000,0.000000,0,1,7.42
285975,0.00,0.00,0.00,0.00,0.00,0.00,0.0,0.0,0.0,46.57,-157.78,0.000000,0.000000,0,1,7.42
286077,0.00,0.00,0.00,0.00,0.00,0.00,0.0,0.0,0.0,46.56,-157.55,0.000000,0.000000,0,1,7.42
286179,0.00,0.00,0.00,0.00,0.00,0.00,0.0,0.0,0.0,46.56,-158.02,0.000000,0.000000,0,1,7.42
286281,0.00,0.00,0.00,0.00,0.00,0.00,0.0,0.0,0.0,46.57,-158.92,0.000000,0.000000,0,1,7.42
286383,0.00,0.00,0.00,0.00,0.00,0.00,0.0,0.0,0.0,46.58,-159.46,0.000000,0.000000,0,1,7.42
286485,0.00,0.00,0.00,0.00,0.00,0.00,0.0,0.0,0.0,46.59,-159.77,0.000000,0.000000,0,1,7.42
286587,0.00,0.00,0.00,0.00,0.00,0.00,0.0,0.0,0.0,46.59,-159.89,0.000000,0.000000,0,1,7.42
286689,0.00,0.00,0.00,0.00,0.00,0.00,0.0,0.0,0.0,46.60,-159.97,0.000000,0.000000,0,1,7.42
286791,0.00,0.00,0.00,0.00,0.00,0.00,0.0,0.0,0.0,46.60,-160.42,0.000000,0.000000,0,1,7.42
286893,0.00,0.00,0.00,0.00,0.00,0.00,0.0,0.0,0.0,46.60,-160.68,0.000000,0.000000,0,1,7.42
286995,0.00,0.00,0.00,0.00,0.00,0.00,0.0,0.0,0.0,46.61,-160.91,0.000000,0.000000,0,1,7.47
287097,0.00,0.00,0.00,0.00,0.00,0.00,0.0,0.0,0.0,46.61,-161.32,0.000000,0.000000,0,1,7.47
287199,0.00,0.00,0.00,0.00,0.00,0.00,0.0,0.0,0.0,46.62,-161.43,0.000000,0.000000,0,1,7.47
287301,0.00,0.00,0.00,0.00,0.00,0.00,0.0,0.0,0.0,46.62,-161.52,0.000000,0.000000,0,1,7.47
287403,0.00,0.00,0.00,0.00,0.00,0.00,0.0,0.0,0.0,46.63,-161.41,0.000000,0.000000,0,1,7.47
287505,0.00,0.00,0.00,0.00,0.00,0.00,0.0,0.0,0.0,46.63,-161.39,0.000000,0.000000,0,1,7.47
287607,0.00,0.00,0.00,0.00,0.00,0.00,0.0,0.0,0.0,46.63,-162.13,0.000000,0.000000,0,1,7.47
287709,0.00,0.00,0.00,0.00,0.00,0.00,0.0,0.0,0.0,46.64,-162.87,0.000000,0.000000,0,1,7.47
287811,0.00,0.00,0.00,0.00,0.00,0.00,0.0,0.0,0.0,46.65,-163.35,0.000000,0.000000,0,1,7.47
287913,0.00,0.00,0.00,0.00,0.00,0.00,0.0,0.0,0.0,46.66,-164.04,0.000000,0.000000,0,1,7.47
288015,0.00,0.00,0.00,0.00,0.00,0.00,0.0,0.0,0.0,46.67,-165.00,0.000000,0.000000,0,1,7.42
288117,0.00,0.00,0.00,0.00,0.00,0.00,0.0,0.0,0.0,46.69,-165.80,0.000000,0.000000,0,1,7.42
288219,0.00,0.00,0.00,0.00,0.00,0.00,0.0,0.0,0.0,46.70,-166.31,0.000000,0.000000,0,1,7.42
288321,0.00,0.00,0.00,0.00,0.00,0.00,0.0,0.0,0.0,46.70,-166.65,0.000000,0.000000,0,1,7.42
288423,0.00,0.00,0.00,0.00,0.00,0.00,0.0,0.0,0.0,46.71,-166.92,0.000000,0.000000,0,1,7.42
288525,0.00,0.00,0.00,0.00,0.00,0.00,0.0,0.0,0.0,46.72,-167.23,0.000000,0.000000,0,1,7.42
288627,0.00,0.00,0.00,0.00,0.00,0.00,0.0,0.0,0.0,46.72,-167.61,0.000000,0.000000,0,1,7.42
288729,0.00,0.00,0.00,0.00,0.00,0.00,0.0,0.0,0.0,46.73,-168.03,0.000000,0.000000,0,1,7.42
288831,0.00,0.00,0.00,0.00,0.00,0.00,0.0,0.0,0.0,46.74,-168.48,0.000000,0.000000,0,1,7.42
288933,0.00,0.00,0.00,0.00,0.00,0.00,0.0,0.0,0.0,46.74,-168.84,0.000000,0.000000,0,1,7.42
289035,0.00,0.00,0.00,0.00,0.00,0.00,0.0,0.0,0.0,46.75,-169.12,0.000000,0.000000,0,1,7.40
289137,0.00,0.00,0.00,0.00,0.00,0.00,0.0,0.0,0.0,46.76,-169.43,0.000000,0.000000,0,1,7.40
289239,0.00,0.00,0.00,0.00,0.00,0.00,0.0,0.0,0.0,46.76,-169.84,0.000000,0.000000,0,1,7.40
289341,0.00,0.00,0.00,0.00,0.00,0.00,0.0,0.0,0.0,46.77,-170.37,0.000000,0.000000,0,1,7.40
289443,0.00,0.00,0.00,0.00,0.00,0.00,0.0,0.0,0.0,46.78,-170.74,0.000000,0.000000,0,1,7.40
289545,0.00,0.00,0.00,0.00,0.00,0.00,0.0,0.0,0.0,46.78,-170.86,0.000000,0.000000,0,1,7.40
289647,0.00,0.00,0.00,0.00,0.00,0.00,0.0,0.0,0.0,46.79,-170.97,0.000000,0.000000,0,1,7.40
289749,0.00,0.00,0.00,0.00,0.00,0.00,0.0,0.0,0.0,46.79,-171.15,0.000000,0.000000,0,1,7.40
289851,0.00,0.00,0.00,0.00,0.00,0.00,0.0,0.0,0.0,46.80,-171.48,0.000000,0.000000,0,1,7.40
289953,0.00,0.00,0.00,0.00,0.00,0.00,0.0,0.0,0.0,46.81,-171.91,0.000000,0.000000,0,1,7.40
290055,0.00,0.00,0.00,0.00,0.00,0.00,0.0,0.0,0.0,46.82,-172.32,0.000000,0.000000,0,1,7.37
290157,0.00,0.00,0.00,0.00,0.00,0.00,0.0,0.0,0.0,46.82,-172.62,0.000000,0.000000,0,1,7.37
290259,0.00,0.00,0.00,0.00,0.00,0.00,0.0,0.0,0.0,46.83,-172.71,0.000000,0.000000,0,1,7.37
290361,0.00,0.00,0.00,0.00,0.00,0.00,0.0,0.0,0.0,46.83,-172.65,0.000000,0.000000,0,1,7.37
290463,0.00,0.00,0.00,0.00,0.00,0.00,0.0,0.0,0.0,46.83,-172.66,0.000000,0.000000,0,1,7.37
290565,0.00,0.00,0.00,0.00,0.00,0.00,0.0,0.0,0.0,46.84,-172.50,0.000000,0.000000,0,1,7.37
290667,0.00,0.00,0.00,0.00,0.00,0.00,0.0,0.0,0.0,46.84,-172.37,0.000000,0.000000,0,1,7.37
290769,0.00,0.00,0.00,0.00,0.00,0.00,0.0,0.0,0.0,46.84,-172.40,0.000000,0.000000,0,1,7.37
290871,0.00,0.00,0.00,0.00,0.00,0.00,0.0,0.0,0.0,46.84,-172.55,0.000000,0.000000,0,1,7.37
290973,0.00,0.00,0.00,0.00,0.00,0.00,0.0,0.0,0.0,46.85,-172.53,0.000000,0.000000,0,1,7.37
291075,0.00,0.00,0.00,0.00,0.00,0.00,0.0,0.0,0.0,46.85,-172.48,0.000000,0.000000,0,1,7.43
291177,0.00,0.00,0.00,0.00,0.00,0.00,0.0,0.0,0.0,46.85,-172.61,0.000000,0.000000,0,1,7.43
291279,0.00,0.00,0.00,0.00,0.00,0.00,0.0,0.0,0.0,46.86,-172.97,0.000000,0.000000,0,1,7.43
291381,0.00,0.00,0.00,0.00,0.00,0.00,0.0,0.0,0.0,46.86,-173.58,0.000000,0.000000,0,1,7.43
291483,0.00,0.00,0.00,0.00,0.00,0.00,0.0,0.0,0.0,46.87,-174.26,0.000000,0.000000,0,1,7.43
291585,0.00,0.00,0.00,0.00,0.00,0.00,0.0,0.0,0.0,46.89,-174.86,0.000000,0.000000,0,1,7.43
291687,0.00,0.00,0.00,0.00,0.00,0.00,0.0,0.0,0.0,46.89,-175.36,0.000000,0.000000,0,1,7.43
291789,0.00,0.00,0.00,0.00,0.00,0.00,0.0,0.0,0.0,46.90,-175.84,0.000000,0.000000,0,1,7.43
291891,0.00,0.00,0.00,0.00,0.00,0.00,0.0,0.0,0.0,46.91,-176.25,0.000000,0.000000,0,1,7.43
291993,0.00,0.00,0.00,0.00,0.00,0.00,0.0,0.0,0.0,46.92,-176.59,0.000000,0.000000,0,1,7.43
292095,0.00,0.00,0.00,0.00,0.00,0.00,0.0,0.0,0.0,46.93,-176.83,0.000000,0.000000,0,1,7.41
292197,0.00,0.00,0.00,0.00,0.00,0.00,0.0,0.0,0.0,46.93,-176.96,0.000000,0.000000,0,1,7.41
292299,0.00,0.00,0.00,0.00,0.00,0.00,0.0,0.0,0.0,46.94,-177.15,0.000000,0.000000,0,1,7.41
292401,0.00,0.00,0.00,0.00,0.00,0.00,0.0,0.0,0.0,46.94,-177.36,0.000000,0.000000,0,1,7.41
292503,0.00,0.00,0.00,0.00,0.00,0.00,0.0,0.0,0.0,46.95,-177.63,0.000000,0.000000,0,1,7.41
292605,0.00,0.00,0.00,0.00,0.00,0.00,0.0,0.0,0.0,46.95,-177.90,0.000000,0.000000,0,1,7.41
292707,0.00,0.00,0.00,0.00,0.00,0.00,0.0,0.0,0.0,46.96,-177.94,0.000000,0.000000,0,1,7.41
292809,0.00,0.00,0.00,0.00,0.00,0.00,0.0,0.0,0.0,46.96,-177.89,0.000000,0.000000,0,1,7.41
292911,0.00,0.00,0.00,0.00,0.00,0.00,0.0,0.0,0.0,46.96,-177.91,0.000000,0.000000,0,1,7.41
293013,0.00,0.00,0.00,0.00,0.00,0.00,0.0,0.0,0.0,46.96,-177.95,0.000000,0.000000,0,1,7.41
293115,0.00,0.00,0.00,0.00,0.00,0.00,0.0,0.0,0.0,46.96,-177.94,0.000000,0.000000,0,1,7.37
293217,0.00,0.00,0.00,0.00,0.00,0.00,0.0,0.0,0.0,46.96,-177.75,0.000000,0.000000,0,1,7.37
293319,0.00,0.00,0.00,0.00,0.00,0.00,0.0,0.0,0.0,46.96,-177.45,0.000000,0.000000,0,1,7.37
293421,0.00,0.00,0.00,0.00,0.00,0.00,0.0,0.0,0.0,46.96,-177.37,0.000000,0.000000,0,1,7.37
293523,0.00,0.00,0.00,0.00,0.00,0.00,0.0,0.0,0.0,46.96,-177.60,0.000000,0.000000,0,1,7.37
293625,0.00,0.00,0.00,0.00,0.00,0.00,0.0,0.0,0.0,46.97,-178.03,0.000000,0.000000,0,1,7.37
293727,0.00,0.00,0.00,0.00,0.00,0.00,0.0,0.0,0.0,46.97,-178.00,0.000000,0.000000,0,1,7.37
293829,0.00,0.00,0.00,0.00,0.00,0.00,0.0,0.0,0.0,46.97,-177.79,0.000000,0.000000,0,1,7.37
293931,0.00,0.00,0.00,0.00,0.00,0.00,0.0,0.0,0.0,46.97,-177.59,0.000000,0.000000,0,1,7.37
294033,0.00,0.00,0.00,0.00,0.00,0.00,0.0,0.0,0.0,46.97,-177.53,0.000000,0.000000,0,1,7.37
294135,0.00,0.00,0.00,0.00,0.00,0.00,0.0,0.0,0.0,46.97,-177.70,0.000000,0.000000,0,1,7.45
294237,0.00,0.00,0.00,0.00,0.00,0.00,0.0,0.0,0.0,46.98,-177.91,0.000000,0.000000,0,1,7.45
294339,0.00,0.00,0.00,0.00,0.00,0.00,0.0,0.0,0.0,46.98,-178.08,0.000000,0.000000,0,1,7.45
294441,0.00,0.00,0.00,0.00,0.00,0.00,0.0,0.0,0.0,46.99,-178.32,0.000000,0.000000,0,1,7.45
294543,0.00,0.00,0.00,0.00,0.00,0.00,0.0,0.0,0.0,46.99,-178.58,0.000000,0.000000,0,1,7.45
294645,0.00,0.00,0.00,0.00,0.00,0.00,0.0,0.0,0.0,46.99,-178.82,0.000000,0.000000,0,1,7.45
294747,0.00,0.00,0.00,0.00,0.00,0.00,0.0,0.0,0.0,47.00,-179.17,0.000000,0.000000,0,1,7.45
294849,0.00,0.00,0.00,0.00,0.00,0.00,0.0,0.0,0.0,47.01,-179.57,0.000000,0.000000,0,1,7.45
294951,0.00,0.00,0.00,0.00,0.00,0.00,0.0,0.0,0.0,47.02,-179.95,0.000000,0.000000,0,1,7.45
295054,0.00,0.00,0.00,0.00,0.00,0.00,0.0,0.0,0.0,47.02,-180.22,0.000000,0.000000,0,1,7.39
295155,0.00,0.00,0.00,0.00,0.00,0.00,0.0,0.0,0.0,47.02,-180.24,0.000000,0.000000,0,1,7.39
295257,0.00,0.00,0.00,0.00,0.00,0.00,0.0,0.0,0.0,47.03,-180.23,0.000000,0.000000,0,1,7.39
295359,0.00,0.00,0.00,0.00,0.00,0.00,0.0,0.0,0.0,47.03,-180.38,0.000000,0.000000,0,1,7.39
295461,0.00,0.00,0.00,0.00,0.00,0.00,0.0,0.0,0.0,47.03,-180.73,0.000000,0.000000,0,1,7.39
295563,0.00,0.00,0.00,0.00,0.00,0.00,0.0,0.0,0.0,47.04,-181.22,0.000000,0.000000,0,1,7.39
295665,0.00,0.00,0.00,0.00,0.00,0.00,0.0,0.0,0.0,47.05,-181.72,0.000000,0.000000,0,1,7.39
295767,0.00,0.00,0.00,0.00,0.00,0.00,0.0,0.0,0.0,47.05,-181.63,0.000000,0.000000,0,1,7.39
295869,0.00,0.00,0.00,0.00,0.00,0.00,0.0,0.0,0.0,47.05,-180.83,0.000000,0.000000,0,1,7.39
295971,0.00,0.00,0.00,0.00,0.00,0.00,0.0,0.0,0.0,47.05,-180.59,0.000000,0.000000,0,1,7.39
296073,0.00,0.00,0.00,0.00,0.00,0.00,0.0,0.0,0.0,47.05,-180.69,0.000000,0.000000,0,1,7.44
296175,0.00,0.00,0.00,0.00,0.00,0.00,0.0,0.0,0.0,47.05,-180.12,0.000000,0.000000,0,1,7.44
296277,0.00,0.00,0.00,0.00,0.00,0.00,0.0,0.0,0.0,47.04,-179.70,0.000000,0.000000,0,1,7.44
296379,0.00,0.00,0.00,0.00,0.00,0.00,0.0,0.0,0.0,47.04,-180.14,0.000000,0.000000,0,1,7.44
296481,0.00,0.00,0.00,0.00,0.00,0.00,0.0,0.0,0.0,47.05,-180.79,0.000000,0.000000,0,1,7.44
296583,0.00,0.00,0.00,0.00,0.00,0.00,0.0,0.0,0.0,47.06,-181.48,0.000000,0.000000,0,1,7.44
296685,0.00,0.00,0.00,0.00,0.00,0.00,0.0,0.0,0.0,47.06,-182.12,0.000000,0.000000,0,1,7.44
296787,0.00,0.00,0.00,0.00,0.00,0.00,0.0,0.0,0.0,47.07,-182.53,0.000000,0.000000,0,1,7.44
296889,0.00,0.00,0.00,0.00,0.00,0.00,0.0,0.0,0.0,47.08,-182.44,0.000000,0.000000,0,1,7.44
296991,0.00,0.00,0.00,0.00,0.00,0.00,0.0,0.0,0.0,47.08,-182.43,0.000000,0.000000,0,1,7.44
297093,0.00,0.00,0.00,0.00,0.00,0.00,0.0,0.0,0.0,47.08,-182.29,0.000000,0.000000,0,1,7.38
297195,0.00,0.00,0.00,0.00,0.00,0.00,0.0,0.0,0.0,47.08,-182.09,0.000000,0.000000,0,1,7.38
297297,0.00,0.00,0.00,0.00,0.00,0.00,0.0,0.0,0.0,47.08,-182.28,0.000000,0.000000,0,1,7.38
297399,0.00,0.00,0.00,0.00,0.00,0.00,0.0,0.0,0.0,47.08,-182.41,0.000000,0.000000,0,1,7.38
297501,0.00,0.00,0.00,0.00,0.00,0.00,0.0,0.0,0.0,47.08,-182.85,0.000000,0.000000,0,1,7.38
297603,0.00,0.00,0.00,0.00,0.00,0.00,0.0,0.0,0.0,47.09,-183.54,0.000000,0.000000,0,1,7.38
297705,0.00,0.00,0.00,0.00,0.00,0.00,0.0,0.0,0.0,47.10,-184.29,0.000000,0.000000,0,1,7.38
297807,0.00,0.00,0.00,0.00,0.00,0.00,0.0,0.0,0.0,47.11,-184.64,0.000000,0.000000,0,1,7.38
297909,0.00,0.00,0.00,0.00,0.00,0.00,0.0,0.0,0.0,47.12,-184.35,0.000000,0.000000,0,1,7.38
298011,0.00,0.00,0.00,0.00,0.00,0.00,0.0,0.0,0.0,47.11,-183.58,0.000000,0.000000,0,1,7.38
298113,0.00,0.00,0.00,0.00,0.00,0.00,0.0,0.0,0.0,47.11,-182.86,0.000000,0.000000,0,1,7.39
298215,0.00,0.00,0.00,0.00,0.00,0.00,0.0,0.0,0.0,47.10,-182.93,0.000000,0.000000,0,1,7.39
298317,0.00,0.00,0.00,0.00,0.00,0.00,0.0,0.0,0.0,47.10,-183.30,0.000000,0.000000,0,1,7.39
298419,0.00,0.00,0.00,0.00,0.00,0.00,0.0,0.0,0.0,47.10,-183.89,0.000000,0.000000,0,1,7.39
298521,0.00,0.00,0.00,0.00,0.00,0.00,0.0,0.0,0.0,47.11,-184.16,0.000000,0.000000,0,1,7.39
298623,0.00,0.00,0.00,0.00,0.00,0.00,0.0,0.0,0.0,47.11,-183.98,0.000000,0.000000,0,1,7.39
298725,0.00,0.00,0.00,0.00,0.00,0.00,0.0,0.0,0.0,47.12,-184.06,0.000000,0.000000,0,1,7.39
298827,0.00,0.00,0.00,0.00,0.00,0.00,0.0,0.0,0.0,47.12,-184.28,0.000000,0.000000,0,1,7.39
298929,0.00,0.00,0.00,0.00,0.00,0.00,0.0,0.0,0.0,47.12,-184.14,0.000000,0.000000,0,1,7.39
299031,0.00,0.00,0.00,0.00,0.00,0.00,0.0,0.0,0.0,47.12,-184.16,0.000000,0.000000,0,1,7.39
299133,0.00,0.00,0.00,0.00,0.00,0.00,0.0,0.0,0.0,47.13,-184.39,0.000000,0.000000,0,1,7.41
299235,0.00,0.00,0.00,0.00,0.00,0.00,0.0,0.0,0.0,47.13,-184.56,0.000000,0.000000,0,1,7.41
299337,0.00,0.00,0.00,0.00,0.00,0.00,0.0,0.0,0.0,47.13,-184.84,0.000000,0.000000,0,1,7.41
299439,0.00,0.00,0.00,0.00,0.00,0.00,0.0,0.0,0.0,47.14,-185.42,0.000000,0.000000,0,1,7.41
299541,0.00,0.00,0.00,0.00,0.00,0.00,0.0,0.0,0.0,47.15,-186.14,0.000000,0.000000,0,1,7.41
299643,0.00,0.00,0.00,0.00,0.00,0.00,0.0,0.0,0.0,47.16,-186.80,0.000000,0.000000,0,1,7.41
299745,0.00,0.00,0.00,0.00,0.00,0.00,0.0,0.0,0.0,47.17,-187.44,0.000000,0.000000,0,1,7.41
299847,0.00,0.00,0.00,0.00,0.00,0.00,0.0,0.0,0.0,47.18,-188.06,0.000000,0.000000,0,1,7.41
299949,0.00,0.00,0.00,0.00,0.00,0.00,0.0,0.0,0.0,47.19,-188.39,0.000000,0.000000,0,1,7.41
300051,0.00,0.00,0.00,0.00,0.00,0.00,0.0,0.0,0.0,47.19,-188.18,0.000000,0.000000,0,1,7.41
300153,0.00,0.00,0.00,0.00,0.00,0.00,0.0,0.0,0.0,47.19,-187.58,0.000000,0.000000,0,1,7.41
300255,0.00,0.00,0.00,0.00,0.00,0.00,0.0,0.0,0.0,47.18,-187.34,0.000000,0.000000,0,1,7.41
300357,0.00,0.00,0.00,0.00,0.00,0.00,0.0,0.0,0.0,47.18,-187.25,0.000000,0.000000,0,1,7.41
300459,0.00,0.00,0.00,0.00,0.00,0.00,0.0,0.0,0.0,47.18,-187.21,0.000000,0.000000,0,1,7.41
300561,0.00,0.00,0.00,0.00,0.00,0.00,0.0,0.0,0.0,47.19,-187.40,0.000000,0.000000,0,1,7.41
300663,0.00,0.00,0.00,0.00,0.00,0.00,0.0,0.0,0.0,47.19,-187.85,0.000000,0.000000,0,1,7.41
300765,0.00,0.00,0.00,0.00,0.00,0.00,0.0,0.0,0.0,47.20,-188.41,0.000000,0.000000,0,1,7.41
300867,0.00,0.00,0.00,0.00,0.00,0.00,0.0,0.0,0.0,47.20,-188.88,0.000000,0.000000,0,1,7.41
300969,0.00,0.00,0.00,0.00,0.00,0.00,0.0,0.0,0.0,47.21,-189.24,0.000000,0.000000,0,1,7.41
301071,0.00,0.00,0.00,0.00,0.00,0.00,0.0,0.0,0.0,47.22,-189.62,0.000000,0.000000,0,1,7.41
301173,0.00,0.00,0.00,0.00,0.00,0.00,0.0,0.0,0.0,47.23,-190.06,0.000000,0.000000,0,1,7.41
301275,0.00,0.00,0.00,0.00,0.00,0.00,0.0,0.0,0.0,47.23,-190.53,0.000000,0.000000,0,1,7.41
301377,0.00,0.00,0.00,0.00,0.00,0.00,0.0,0.0,0.0,47.24,-190.90,0.000000,0.000000,0,1,7.41
301479,0.00,0.00,0.00,0.00,0.00,0.00,0.0,0.0,0.0,47.24,-191.25,0.000000,0.000000,0,1,7.41
301581,0.00,0.00,0.00,0.00,0.00,0.00,0.0,0.0,0.0,47.25,-191.53,0.000000,0.000000,0,1,7.41
301683,0.00,0.00,0.00,0.00,0.00,0.00,0.0,0.0,0.0,47.25,-191.64,0.000000,0.000000,0,1,7.41
301785,0.00,0.00,0.00,0.00,0.00,0.00,0.0,0.0,0.0,47.26,-191.70,0.000000,0.000000,0,1,7.41
301887,0.00,0.00,0.00,0.00,0.00,0.00,0.0,0.0,0.0,47.26,-191.83,0.000000,0.000000,0,1,7.41
301989,0.00,0.00,0.00,0.00,0.00,0.00,0.0,0.0,0.0,47.26,-191.84,0.000000,0.000000,0,1,7.41
302091,0.00,0.00,0.00,0.00,0.00,0.00,0.0,0.0,0.0,47.26,-191.57,0.000000,0.000000,0,1,7.41
302193,0.00,0.00,0.00,0.00,0.00,0.00,0.0,0.0,0.0,47.26,-190.87,0.000000,0.000000,0,1,7.43
302295,0.00,0.00,0.00,0.00,0.00,0.00,0.0,0.0,0.0,47.25,-190.36,0.000000,0.000000,0,1,7.43
302397,0.00,0.00,0.00,0.00,0.00,0.00,0.0,0.0,0.0,47.25,-189.95,0.000000,0.000000,0,1,7.43
302499,0.00,0.00,0.00,0.00,0.00,0.00,0.0,0.0,0.0,47.24,-189.31,0.000000,0.000000,0,1,7.43
302601,0.00,0.00,0.00,0.00,0.00,0.00,0.0,0.0,0.0,47.24,-189.08,0.000000,0.000000,0,1,7.43
302703,0.00,0.00,0.00,0.00,0.00,0.00,0.0,0.0,0.0,47.23,-189.26,0.000000,0.000000,0,1,7.43
302805,0.00,0.00,0.00,0.00,0.00,0.00,0.0,0.0,0.0,47.23,-189.58,0.000000,0.000000,0,1,7.43
302907,0.00,0.00,0.00,0.00,0.00,0.00,0.0,0.0,0.0,47.24,-189.96,0.000000,0.000000,0,1,7.43
303009,0.00,0.00,0.00,0.00,0.00,0.00,0.0,0.0,0.0,47.24,-190.19,0.000000,0.000000,0,1,7.43
303111,0.00,0.00,0.00,0.00,0.00,0.00,0.0,0.0,0.0,47.25,-190.42,0.000000,0.000000,0,1,7.43
303213,0.00,0.00,0.00,0.00,0.00,0.00,0.0,0.0,0.0,47.25,-190.40,0.000000,0.000000,0,1,7.40
303315,0.00,0.00,0.00,0.00,0.00,0.00,0.0,0.0,0.0,47.25,-190.18,0.000000,0.000000,0,1,7.40
303417,0.00,0.00,0.00,0.00,0.00,0.00,0.0,0.0,0.0,47.24,-190.17,0.000000,0.000000,0,1,7.40
303519,0.00,0.00,0.00,0.00,0.00,0.00,0.0,0.0,0.0,47.24,-190.31,0.000000,0.000000,0,1,7.40
303621,0.00,0.00,0.00,0.00,0.00,0.00,0.0,0.0,0.0,47.25,-190.85,0.000000,0.000000,0,1,7.40
303723,0.00,0.00,0.00,0.00,0.00,0.00,0.0,0.0,0.0,47.25,-191.05,0.000000,0.000000,0,1,7.40
