tx_timestamp_ms,distance,roll,pitch,yaw,quat_w,quat_x,quat_y,quat_z,accel_x,accel_y,accel_z,latitude,longitude,altitude,flags_raw
92186,0.00,0.0,0.0,0.0,0.0000,0.0000,0.0000,0.0000,0.00,0.00,0.00,0.000000,0.000000,-0.17,1
92186,0.00,0.0,0.0,0.0,0.0000,0.0000,0.0000,0.0000,0.00,0.00,0.00,0.000000,0.000000,-0.17,1
92186,0.00,0.0,0.0,0.0,0.0000,0.0000,0.0000,0.0000,0.00,0.00,0.00,0.000000,0.000000,-0.17,1
92186,0.00,0.0,0.0,0.0,0.0000,0.0000,0.0000,0.0000,0.00,0.00,0.00,0.000000,0.000000,-0.17,1
92186,0.00,0.0,0.0,0.0,0.0000,0.0000,0.0000,0.0000,0.00,0.00,0.00,0.000000,0.000000,-0.17,1
92198,0.00,0.0,0.0,0.0,0.0000,0.0000,0.0000,0.0000,0.00,0.00,0.00,0.000000,0.000000,-0.17,1
92198,0.00,0.0,0.0,0.0,0.0000,0.0000,0.0000,0.0000,0.00,0.00,0.00,0.000000,0.000000,-0.17,1
92198,0.00,0.0,0.0,0.0,0.0000,0.0000,0.0000,0.0000,0.00,0.00,0.00,0.000000,0.000000,-0.17,1
92198,0.00,0.0,0.0,0.0,0.0000,0.0000,0.0000,0.0000,0.00,0.00,0.00,0.000000,0.000000,-0.17,1
92198,0.00,0.0,0.0,0.0,0.0000,0.0000,0.0000,0.0000,0.00,0.00,0.00,0.000000,0.000000,-0.17,1
92211,0.00,0.0,0.0,0.0,0.0000,0.0000,0.0000,0.0000,0.00,0.00,0.00,0.000000,0.000000,-0.17,1
92211,0.00,0.0,0.0,0.0,0.0000,0.0000,0.0000,0.0000,0.00,0.00,0.00,0.000000,0.000000,-0.17,1
92211,0.00,0.0,0.0,0.0,0.0000,0.0000,0.0000,0.0000,0.00,0.00,0.00,0.000000,0.000000,-0.17,1
92211,0.00,0.0,0.0,0.0,0.0000,0.0000,0.0000,0.0000,0.00,0.00,0.00,0.000000,0.000000,-0.17,1
92211,0.00,0.0,0.0,0.0,0.0000,0.0000,0.0000,0.0000,0.00,0.00,0.00,0.000000,0.000000,-0.17,1
92224,0.00,0.0,0.0,0.0,0.0000,0.0000,0.0000,0.0000,0.00,0.00,0.00,0.000000,0.000000,-0.17,1
92224,0.00,0.0,0.0,0.0,0.0000,0.0000,0.0000,0.0000,0.00,0.00,0.00,0.000000,0.000000,-0.17,1
92224,0.00,0.0,0.0,0.0,0.0000,0.0000,0.0000,0.0000,0.00,0.00,0.00,0.000000,0.000000,-0.17,1
92224,0.00,0.0,0.0,0.0,0.0000,0.0000,0.0000,0.0000,0.00,0.00,0.00,0.000000,0.000000,-0.17,1
92224,0.00,0.0,0.0,0.0,0.0000,0.0000,0.0000,0.0000,0.00,0.00,0.00,0.000000,0.000000,-0.17,1
92236,0.00,0.0,0.0,0.0,0.0000,0.0000,0.0000,0.0000,0.00,0.00,0.00,0.000000,0.000000,-0.17,1
92236,0.00,0.0,0.0,0.0,0.0000,0.0000,0.0000,0.0000,0.00,0.00,0.00,0.000000,0.000000,-0.17,1
92236,0.00,0.0,0.0,0.0,0.0000,0.0000,0.0000,0.0000,0.00,0.00,0.00,0.000000,0.000000,-0.17,1
92236,0.00,0.0,0.0,0.0,0.0000,0.0000,0.0000,0.0000,0.00,0.00,0.00,0.000000,0.000000,-0.17,1
92236,0.00,0.0,0.0,0.0,0.0000,0.0000,0.0000,0.0000,0.00,0.00,0.00,0.000000,0.000000,-0.17,1
92249,0.00,0.0,0.0,0.0,0.0000,0.0000,0.0000,0.0000,0.00,0.00,0.00,0.000000,0.000000,-0.17,1
92249,0.00,0.0,0.0,0.0,0.0000,0.0000,0.0000,0.0000,0.00,0.00,0.00,0.000000,0.000000,-0.17,1
92249,0.00,0.0,0.0,0.0,0.0000,0.0000,0.0000,0.0000,0.00,0.00,0.00,0.000000,0.000000,-0.17,1
92249,0.00,0.0,0.0,0.0,0.0000,0.0000,0.0000,0.0000,0.00,0.00,0.00,0.000000,0.000000,-0.17,1
92249,0.00,0.0,0.0,0.0,0.0000,0.0000,0.0000,0.0000,0.00,0.00,0.00,0.000000,0.000000,-0.17,1
92262,0.00,0.0,0.0,0.0,0.0000,0.0000,0.0000,0.0000,0.00,0.00,0.00,0.000000,0.000000,-0.17,1
92262,0.00,0.0,0.0,0.0,0.0000,0.0000,0.0000,0.0000,0.00,0.00,0.00,0.000000,0.000000,-0.17,1
92262,0.00,0.0,0.0,0.0,0.0000,0.0000,0.0000,0.0000,0.00,0.00,0.00,0.000000,0.000000,-0.17,1
92262,0.00,0.0,0.0,0.0,0.0000,0.0000,0.0000,0.0000,0.00,0.00,0.00,0.000000,0.000000,-0.17,1
92262,0.00,0.0,0.0,0.0,0.0000,0.0000,0.0000,0.0000,0.00,0.00,0.00,0.000000,0.000000,-0.17,1
92275,0.00,0.0,0.0,0.0,0.0000,0.0000,0.0000,0.0000,0.00,0.00,0.00,0.000000,0.000000,-0.17,1
92275,0.00,0.0,0.0,0.0,0.0000,0.0000,0.0000,0.0000,0.00,0.00,0.00,0.000000,0.000000,-0.17,1
92275,0.00,0.0,0.0,0.0,0.0000,0.0000,0.0000,0.0000,0.00,0.00,0.00,0.000000,0.000000,-0.17,1
92275,0.00,0.0,0.0,0.0,0.0000,0.0000,0.0000,0.0000,0.00,0.00,0.00,0.000000,0.000000,-0.17,1
92275,0.00,0.0,0.0,0.0,0.0000,0.0000,0.0000,0.0000,0.00,0.00,0.00,0.000000,0.000000,-0.17,1
92375,0.00,0.0,0.0,0.0,0.0000,0.0000,0.0000,0.0000,0.00,0.00,0.00,0.000000,0.000000,-0.16,1
92375,0.00,0.0,0.0,0.0,0.0000,0.0000,0.0000,0.0000,0.00,0.00,0.00,0.000000,0.000000,-0.16,1
92375,0.00,0.0,0.0,0.0,0.0000,0.0000,0.0000,0.0000,0.00,0.00,0.00,0.000000,0.000000,-0.16,1
92375,0.00,0.0,0.0,0.0,0.0000,0.0000,0.0000,0.0000,0.00,0.00,0.00,0.000000,0.000000,-0.16,1
92375,0.00,0.0,0.0,0.0,0.0000,0.0000,0.0000,0.0000,0.00,0.00,0.00,0.000000,0.000000,-0.16,1
92375,0.00,0.0,0.0,0.0,0.0000,0.0000,0.0000,0.0000,0.00,0.00,0.00,0.000000,0.000000,-0.16,1
92375,0.00,0.0,0.0,0.0,0.0000,0.0000,0.0000,0.0000,0.00,0.00,0.00,0.000000,0.000000,-0.16,1
92375,0.00,0.0,0.0,0.0,0.0000,0.0000,0.0000,0.0000,0.00,0.00,0.00,0.000000,0.000000,-0.16,1
92375,0.00,0.0,0.0,0.0,0.0000,0.0000,0.0000,0.0000,0.00,0.00,0.00,0.000000,0.000000,-0.16,1
92375,0.00,0.0,0.0,0.0,0.0000,0.0000,0.0000,0.0000,0.00,0.00,0.00,0.000000,0.000000,-0.16,1
92375,0.00,0.0,0.0,0.0,0.0000,0.0000,0.0000,0.0000,0.00,0.00,0.00,0.000000,0.000000,-0.16,1
92375,0.00,0.0,0.0,0.0,0.0000,0.0000,0.0000,0.0000,0.00,0.00,0.00,0.000000,0.000000,-0.16,1
92375,0.00,0.0,0.0,0.0,0.0000,0.0000,0.0000,0.0000,0.00,0.00,0.00,0.000000,0.000000,-0.16,1
92375,0.00,0.0,0.0,0.0,0.0000,0.0000,0.0000,0.0000,0.00,0.00,0.00,0.000000,0.000000,-0.16,1
92375,0.00,0.0,0.0,0.0,0.0000,0.0000,0.0000,0.0000,0.00,0.00,0.00,0.000000,0.000000,-0.16,1
92375,0.00,0.0,0.0,0.0,0.0000,0.0000,0.0000,0.0000,0.00,0.00,0.00,0.000000,0.000000,-0.16,1
92375,0.00,0.0,0.0,0.0,0.0000,0.0000,0.0000,0.0000,0.00,0.00,0.00,0.000000,0.000000,-0.16,1
92375,0.00,0.0,0.0,0.0,0.0000,0.0000,0.0000,0.0000,0.00,0.00,0.00,0.000000,0.000000,-0.16,1
92375,0.00,0.0,0.0,0.0,0.0000,0.0000,0.0000,0.0000,0.00,0.00,0.00,0.000000,0.000000,-0.16,1
92375,0.00,0.0,0.0,0.0,0.0000,0.0000,0.0000,0.0000,0.00,0.00,0.00,0.000000,0.000000,-0.16,1
92375,0.00,0.0,0.0,0.0,0.0000,0.0000,0.0000,0.0000,0.00,0.00,0.00,0.000000,0.000000,-0.16,1
92375,0.00,0.0,0.0,0.0,0.0000,0.0000,0.0000,0.0000,0.00,0.00,0.00,0.000000,0.000000,-0.16,1
92375,0.00,0.0,0.0,0.0,0.0000,0.0000,0.0000,0.0000,0.00,0.00,0.00,0.000000,0.000000,-0.16,1
92375,0.00,0.0,0.0,0.0,0.0000,0.0000,0.0000,0.0000,0.00,0.00,0.00,0.000000,0.000000,-0.16,1
92375,0.00,0.0,0.0,0.0,0.0000,0.0000,0.0000,0.0000,0.00,0.00,0.00,0.000000,0.000000,-0.16,1
92375,0.00,0.0,0.0,0.0,0.0000,0.0000,0.0000,0.0000,0.00,0.00,0.00,0.000000,0.000000,-0.16,1
92375,0.00,0.0,0.0,0.0,0.0000,0.0000,0.0000,0.0000,0.00,0.00,0.00,0.000000,0.000000,-0.16,1
92375,0.00,0.0,0.0,0.0,0.0000,0.0000,0.0000,0.0000,0.00,0.00,0.00,0.000000,0.000000,-0.16,1
92375,0.00,0.0,0.0,0.0,0.0000,0.0000,0.0000,0.0000,0.00,0.00,0.00,0.000000,0.000000,-0.16,1
92375,0.00,0.0,0.0,0.0,0.0000,0.0000,0.0000,0.0000,0.00,0.00,0.00,0.000000,0.000000,-0.16,1
92375,0.00,0.0,0.0,0.0,0.0000,0.0000,0.0000,0.0000,0.00,0.00,0.00,0.000000,0.000000,-0.16,1
92375,0.00,0.0,0.0,0.0,0.0000,0.0000,0.0000,0.0000,0.00,0.00,0.00,0.000000,0.000000,-0.16,1
92375,0.00,0.0,0.0,0.0,0.0000,0.0000,0.0000,0.0000,0.00,0.00,0.00,0.000000,0.000000,-0.16,1
92375,0.00,0.0,0.0,0.0,0.0000,0.0000,0.0000,0.0000,0.00,0.00,0.00,0.000000,0.000000,-0.16,1
92375,0.00,0.0,0.0,0.0,0.0000,0.0000,0.0000,0.0000,0.00,0.00,0.00,0.000000,0.000000,-0.16,1
92377,0.00,0.0,0.0,0.0,0.0000,0.0000,0.0000,0.0000,0.00,0.00,0.00,0.000000,0.000000,-0.16,1
92377,0.00,0.0,0.0,0.0,0.0000,0.0000,0.0000,0.0000,0.00,0.00,0.00,0.000000,0.000000,-0.16,1
92389,0.00,0.0,0.0,0.0,0.0000,0.0000,0.0000,0.0000,0.00,0.00,0.00,0.000000,0.000000,-0.16,1
92389,0.00,0.0,0.0,0.0,0.0000,0.0000,0.0000,0.0000,0.00,0.00,0.00,0.000000,0.000000,-0.16,1
92389,0.00,0.0,0.0,0.0,0.0000,0.0000,0.0000,0.0000,0.00,0.00,0.00,0.000000,0.000000,-0.16,1
92389,0.00,0.0,0.0,0.0,0.0000,0.0000,0.0000,0.0000,0.00,0.00,0.00,0.000000,0.000000,-0.16,1
92389,0.00,0.0,0.0,0.0,0.0000,0.0000,0.0000,0.0000,0.00,0.00,0.00,0.000000,0.000000,-0.16,1
92402,0.00,0.0,0.0,0.0,0.0000,0.0000,0.0000,0.0000,0.00,0.00,0.00,0.000000,0.000000,-0.16,1
92402,0.00,0.0,0.0,0.0,0.0000,0.0000,0.0000,0.0000,0.00,0.00,0.00,0.000000,0.000000,-0.16,1
92402,0.00,0.0,0.0,0.0,0.0000,0.0000,0.0000,0.0000,0.00,0.00,0.00,0.000000,0.000000,-0.16,1
92402,0.00,0.0,0.0,0.0,0.0000,0.0000,0.0000,0.0000,0.00,0.00,0.00,0.000000,0.000000,-0.16,1
92402,0.00,0.0,0.0,0.0,0.0000,0.0000,0.0000,0.0000,0.00,0.00,0.00,0.000000,0.000000,-0.16,1
92415,0.00,0.0,0.0,0.0,0.0000,0.0000,0.0000,0.0000,0.00,0.00,0.00,0.000000,0.000000,-0.16,1
92415,0.00,0.0,0.0,0.0,0.0000,0.0000,0.0000,0.0000,0.00,0.00,0.00,0.000000,0.000000,-0.16,1
92415,0.00,0.0,0.0,0.0,0.0000,0.0000,0.0000,0.0000,0.00,0.00,0.00,0.000000,0.000000,-0.16,1
92415,0.00,0.0,0.0,0.0,0.0000,0.0000,0.0000,0.0000,0.00,0.00,0.00,0.000000,0.000000,-0.16,1
92415,0.00,0.0,0.0,0.0,0.0000,0.0000,0.0000,0.0000,0.00,0.00,0.00,0.000000,0.000000,-0.16,1
92428,0.00,0.0,0.0,0.0,0.0000,0.0000,0.0000,0.0000,0.00,0.00,0.00,0.000000,0.000000,-0.17,1
92428,0.00,0.0,0.0,0.0,0.0000,0.0000,0.0000,0.0000,0.00,0.00,0.00,0.000000,0.000000,-0.17,1
92428,0.00,0.0,0.0,0.0,0.0000,0.0000,0.0000,0.0000,0.00,0.00,0.00,0.000000,0.000000,-0.17,1
92428,0.00,0.0,0.0,0.0,0.0000,0.0000,0.0000,0.0000,0.00,0.00,0.00,0.000000,0.000000,-0.17,1
92428,0.00,0.0,0.0,0.0,0.0000,0.0000,0.0000,0.0000,0.00,0.00,0.00,0.000000,0.000000,-0.17,1
92440,0.00,0.0,0.0,0.0,0.0000,0.0000,0.0000,0.0000,0.00,0.00,0.00,0.000000,0.000000,-0.17,1
92440,0.00,0.0,0.0,0.0,0.0000,0.0000,0.0000,0.0000,0.00,0.00,0.00,0.000000,0.000000,-0.17,1
92440,0.00,0.0,0.0,0.0,0.0000,0.0000,0.0000,0.0000,0.00,0.00,0.00,0.000000,0.000000,-0.17,1
92440,0.00,0.0,0.0,0.0,0.0000,0.0000,0.0000,0.0000,0.00,0.00,0.00,0.000000,0.000000,-0.17,1
92440,0.00,0.0,0.0,0.0,0.0000,0.0000,0.0000,0.0000,0.00,0.00,0.00,0.000000,0.000000,-0.17,1
92453,0.00,0.0,0.0,0.0,0.0000,0.0000,0.0000,0.0000,0.00,0.00,0.00,0.000000,0.000000,-0.17,1
92453,0.00,0.0,0.0,0.0,0.0000,0.0000,0.0000,0.0000,0.00,0.00,0.00,0.000000,0.000000,-0.17,1
92453,0.00,0.0,0.0,0.0,0.0000,0.0000,0.0000,0.0000,0.00,0.00,0.00,0.000000,0.000000,-0.17,1
92453,0.00,0.0,0.0,0.0,0.0000,0.0000,0.0000,0.0000,0.00,0.00,0.00,0.000000,0.000000,-0.17,1
92453,0.00,0.0,0.0,0.0,0.0000,0.0000,0.0000,0.0000,0.00,0.00,0.00,0.000000,0.000000,-0.17,1
92466,0.00,0.0,0.0,0.0,0.0000,0.0000,0.0000,0.0000,0.00,0.00,0.00,0.000000,0.000000,-0.17,1
92466,0.00,0.0,0.0,0.0,0.0000,0.0000,0.0000,0.0000,0.00,0.00,0.00,0.000000,0.000000,-0.17,1
92466,0.00,0.0,0.0,0.0,0.0000,0.0000,0.0000,0.0000,0.00,0.00,0.00,0.000000,0.000000,-0.17,1
92466,0.00,0.0,0.0,0.0,0.0000,0.0000,0.0000,0.0000,0.00,0.00,0.00,0.000000,0.000000,-0.17,1
92466,0.00,0.0,0.0,0.0,0.0000,0.0000,0.0000,0.0000,0.00,0.00,0.00,0.000000,0.000000,-0.17,1
92479,0.00,0.0,0.0,0.0,0.0000,0.0000,0.0000,0.0000,0.00,0.00,0.00,0.000000,0.000000,-0.17,1
92479,0.00,0.0,0.0,0.0,0.0000,0.0000,0.0000,0.0000,0.00,0.00,0.00,0.000000,0.000000,-0.17,1
92479,0.00,0.0,0.0,0.0,0.0000,0.0000,0.0000,0.0000,0.00,0.00,0.00,0.000000,0.000000,-0.17,1
92479,0.00,0.0,0.0,0.0,0.0000,0.0000,0.0000,0.0000,0.00,0.00,0.00,0.000000,0.000000,-0.17,1
92479,0.00,0.0,0.0,0.0,0.0000,0.0000,0.0000,0.0000,0.00,0.00,0.00,0.000000,0.000000,-0.17,1
92491,0.00,0.0,0.0,0.0,0.0000,0.0000,0.0000,0.0000,0.00,0.00,0.00,0.000000,0.000000,-0.17,1
92491,0.00,0.0,0.0,0.0,0.0000,0.0000,0.0000,0.0000,0.00,0.00,0.00,0.000000,0.000000,-0.17,1
92491,0.00,0.0,0.0,0.0,0.0000,0.0000,0.0000,0.0000,0.00,0.00,0.00,0.000000,0.000000,-0.17,1
92491,0.00,0.0,0.0,0.0,0.0000,0.0000,0.0000,0.0000,0.00,0.00,0.00,0.000000,0.000000,-0.17,1
92491,0.00,0.0,0.0,0.0,0.0000,0.0000,0.0000,0.0000,0.00,0.00,0.00,0.000000,0.000000,-0.17,1
92504,0.00,0.0,0.0,0.0,0.0000,0.0000,0.0000,0.0000,0.00,0.00,0.00,0.000000,0.000000,-0.17,1
92504,0.00,0.0,0.0,0.0,0.0000,0.0000,0.0000,0.0000,0.00,0.00,0.00,0.000000,0.000000,-0.17,1
92504,0.00,0.0,0.0,0.0,0.0000,0.0000,0.0000,0.0000,0.00,0.00,0.00,0.000000,0.000000,-0.17,1
92504,0.00,0.0,0.0,0.0,0.0000,0.0000,0.0000,0.0000,0.00,0.00,0.00,0.000000,0.000000,-0.17,1
92504,0.00,0.0,0.0,0.0,0.0000,0.0000,0.0000,0.0000,0.00,0.00,0.00,0.000000,0.000000,-0.17,1
92517,0.00,0.0,0.0,0.0,0.0000,0.0000,0.0000,0.0000,0.00,0.00,0.00,0.000000,0.000000,-0.17,1
92517,0.00,0.0,0.0,0.0,0.0000,0.0000,0.0000,0.0000,0.00,0.00,0.00,0.000000,0.000000,-0.17,1
92517,0.00,0.0,0.0,0.0,0.0000,0.0000,0.0000,0.0000,0.00,0.00,0.00,0.000000,0.000000,-0.17,1
92517,0.00,0.0,0.0,0.0,0.0000,0.0000,0.0000,0.0000,0.00,0.00,0.00,0.000000,0.000000,-0.17,1
92517,0.00,0.0,0.0,0.0,0.0000,0.0000,0.0000,0.0000,0.00,0.00,0.00,0.000000,0.000000,-0.17,1
92530,0.00,0.0,0.0,0.0,0.0000,0.0000,0.0000,0.0000,0.00,0.00,0.00,0.000000,0.000000,-0.17,1
92530,0.00,0.0,0.0,0.0,0.0000,0.0000,0.0000,0.0000,0.00,0.00,0.00,0.000000,0.000000,-0.17,1
92530,0.00,0.0,0.0,0.0,0.0000,0.0000,0.0000,0.0000,0.00,0.00,0.00,0.000000,0.000000,-0.17,1
92530,0.00,0.0,0.0,0.0,0.0000,0.0000,0.0000,0.0000,0.00,0.00,0.00,0.000000,0.000000,-0.17,1
92530,0.00,0.0,0.0,0.0,0.0000,0.0000,0.0000,0.0000,0.00,0.00,0.00,0.000000,0.000000,-0.17,1
92542,0.00,0.0,0.0,0.0,0.0000,0.0000,0.0000,0.0000,0.00,0.00,0.00,0.000000,0.000000,-0.17,1
92542,0.00,0.0,0.0,0.0,0.0000,0.0000,0.0000,0.0000,0.00,0.00,0.00,0.000000,0.000000,-0.17,1
92542,0.00,0.0,0.0,0.0,0.0000,0.0000,0.0000,0.0000,0.00,0.00,0.00,0.000000,0.000000,-0.17,1
92542,0.00,0.0,0.0,0.0,0.0000,0.0000,0.0000,0.0000,0.00,0.00,0.00,0.000000,0.000000,-0.17,1
92542,0.00,0.0,0.0,0.0,0.0000,0.0000,0.0000,0.0000,0.00,0.00,0.00,0.000000,0.000000,-0.17,1
92555,0.00,0.0,0.0,0.0,0.0000,0.0000,0.0000,0.0000,0.00,0.00,0.00,0.000000,0.000000,-0.17,1
92555,0.00,0.0,0.0,0.0,0.0000,0.0000,0.0000,0.0000,0.00,0.00,0.00,0.000000,0.000000,-0.17,1
92555,0.00,0.0,0.0,0.0,0.0000,0.0000,0.0000,0.0000,0.00,0.00,0.00,0.000000,0.000000,-0.17,1
92555,0.00,0.0,0.0,0.0,0.0000,0.0000,0.0000,0.0000,0.00,0.00,0.00,0.000000,0.000000,-0.17,1
92555,0.00,0.0,0.0,0.0,0.0000,0.0000,0.0000,0.0000,0.00,0.00,0.00,0.000000,0.000000,-0.17,1
92568,0.00,0.0,0.0,0.0,0.0000,0.0000,0.0000,0.0000,0.00,0.00,0.00,0.000000,0.000000,-0.17,1
92568,0.00,0.0,0.0,0.0,0.0000,0.0000,0.0000,0.0000,0.00,0.00,0.00,0.000000,0.000000,-0.17,1
92568,0.00,0.0,0.0,0.0,0.0000,0.0000,0.0000,0.0000,0.00,0.00,0.00,0.000000,0.000000,-0.17,1
92568,0.00,0.0,0.0,0.0,0.0000,0.0000,0.0000,0.0000,0.00,0.00,0.00,0.000000,0.000000,-0.17,1
92568,0.00,0.0,0.0,0.0,0.0000,0.0000,0.0000,0.0000,0.00,0.00,0.00,0.000000,0.000000,-0.17,1
92581,0.00,0.0,0.0,0.0,0.0000,0.0000,0.0000,0.0000,0.00,0.00,0.00,0.000000,0.000000,-0.17,1
92581,0.00,0.0,0.0,0.0,0.0000,0.0000,0.0000,0.0000,0.00,0.00,0.00,0.000000,0.000000,-0.17,1
92581,0.00,0.0,0.0,0.0,0.0000,0.0000,0.0000,0.0000,0.00,0.00,0.00,0.000000,0.000000,-0.17,1
92581,0.00,0.0,0.0,0.0,0.0000,0.0000,0.0000,0.0000,0.00,0.00,0.00,0.000000,0.000000,-0.17,1
92581,0.00,0.0,0.0,0.0,0.0000,0.0000,0.0000,0.0000,0.00,0.00,0.00,0.000000,0.000000,-0.17,1
92593,0.00,0.0,0.0,0.0,0.0000,0.0000,0.0000,0.0000,0.00,0.00,0.00,0.000000,0.000000,-0.17,1
92593,0.00,0.0,0.0,0.0,0.0000,0.0000,0.0000,0.0000,0.00,0.00,0.00,0.000000,0.000000,-0.17,1
92593,0.00,0.0,0.0,0.0,0.0000,0.0000,0.0000,0.0000,0.00,0.00,0.00,0.000000,0.000000,-0.17,1
92593,0.00,0.0,0.0,0.0,0.0000,0.0000,0.0000,0.0000,0.00,0.00,0.00,0.000000,0.000000,-0.17,1
92593,0.00,0.0,0.0,0.0,0.0000,0.0000,0.0000,0.0000,0.00,0.00,0.00,0.000000,0.000000,-0.17,1
92606,0.00,0.0,0.0,0.0,0.0000,0.0000,0.0000,0.0000,0.00,0.00,0.00,0.000000,0.000000,-0.17,1
92606,0.00,0.0,0.0,0.0,0.0000,0.0000,0.0000,0.0000,0.00,0.00,0.00,0.000000,0.000000,-0.17,1
92606,0.00,0.0,0.0,0.0,0.0000,0.0000,0.0000,0.0000,0.00,0.00,0.00,0.000000,0.000000,-0.17,1
92606,0.00,0.0,0.0,0.0,0.0000,0.0000,0.0000,0.0000,0.00,0.00,0.00,0.000000,0.000000,-0.17,1
92606,0.00,0.0,0.0,0.0,0.0000,0.0000,0.0000,0.0000,0.00,0.00,0.00,0.000000,0.000000,-0.17,1
92619,0.00,0.0,0.0,0.0,0.0000,0.0000,0.0000,0.0000,0.00,0.00,0.00,0.000000,0.000000,-0.17,1
92619,0.00,0.0,0.0,0.0,0.0000,0.0000,0.0000,0.0000,0.00,0.00,0.00,0.000000,0.000000,-0.17,1
92619,0.00,0.0,0.0,0.0,0.0000,0.0000,0.0000,0.0000,0.00,0.00,0.00,0.000000,0.000000,-0.17,1
92619,0.00,0.0,0.0,0.0,0.0000,0.0000,0.0000,0.0000,0.00,0.00,0.00,0.000000,0.000000,-0.17,1
92619,0.00,0.0,0.0,0.0,0.0000,0.0000,0.0000,0.0000,0.00,0.00,0.00,0.000000,0.000000,-0.17,1
92632,0.00,0.0,0.0,0.0,0.0000,0.0000,0.0000,0.0000,0.00,0.00,0.00,0.000000,0.000000,-0.17,1
92632,0.00,0.0,0.0,0.0,0.0000,0.0000,0.0000,0.0000,0.00,0.00,0.00,0.000000,0.000000,-0.17,1
92632,0.00,0.0,0.0,0.0,0.0000,0.0000,0.0000,0.0000,0.00,0.00,0.00,0.000000,0.000000,-0.17,1
92632,0.00,0.0,0.0,0.0,0.0000,0.0000,0.0000,0.0000,0.00,0.00,0.00,0.000000,0.000000,-0.17,1
92632,0.00,0.0,0.0,0.0,0.0000,0.0000,0.0000,0.0000,0.00,0.00,0.00,0.000000,0.000000,-0.17,1
92644,0.00,0.0,0.0,0.0,0.0000,0.0000,0.0000,0.0000,0.00,0.00,0.00,0.000000,0.000000,-0.17,1
92644,0.00,0.0,0.0,0.0,0.0000,0.0000,0.0000,0.0000,0.00,0.00,0.00,0.000000,0.000000,-0.17,1
92644,0.00,0.0,0.0,0.0,0.0000,0.0000,0.0000,0.0000,0.00,0.00,0.00,0.000000,0.000000,-0.17,1
92644,0.00,0.0,0.0,0.0,0.0000,0.0000,0.0000,0.0000,0.00,0.00,0.00,0.000000,0.000000,-0.17,1
92644,0.00,0.0,0.0,0.0,0.0000,0.0000,0.0000,0.0000,0.00,0.00,0.00,0.000000,0.000000,-0.17,1
92657,0.00,0.0,0.0,0.0,0.0000,0.0000,0.0000,0.0000,0.00,0.00,0.00,0.000000,0.000000,-0.17,1
92657,0.00,0.0,0.0,0.0,0.0000,0.0000,0.0000,0.0000,0.00,0.00,0.00,0.000000,0.000000,-0.17,1
92657,0.00,0.0,0.0,0.0,0.0000,0.0000,0.0000,0.0000,0.00,0.00,0.00,0.000000,0.000000,-0.17,1
92657,0.00,0.0,0.0,0.0,0.0000,0.0000,0.0000,0.0000,0.00,0.00,0.00,0.000000,0.000000,-0.17,1
92657,0.00,0.0,0.0,0.0,0.0000,0.0000,0.0000,0.0000,0.00,0.00,0.00,0.000000,0.000000,-0.17,1
92670,0.00,0.0,0.0,0.0,0.0000,0.0000,0.0000,0.0000,0.00,0.00,0.00,0.000000,0.000000,-0.17,1
92670,0.00,0.0,0.0,0.0,0.0000,0.0000,0.0000,0.0000,0.00,0.00,0.00,0.000000,0.000000,-0.17,1
92670,0.00,0.0,0.0,0.0,0.0000,0.0000,0.0000,0.0000,0.00,0.00,0.00,0.000000,0.000000,-0.17,1
92670,0.00,0.0,0.0,0.0,0.0000,0.0000,0.0000,0.0000,0.00,0.00,0.00,0.000000,0.000000,-0.17,1
92670,0.00,0.0,0.0,0.0,0.0000,0.0000,0.0000,0.0000,0.00,0.00,0.00,0.000000,0.000000,-0.17,1
92683,0.00,0.0,0.0,0.0,0.0000,0.0000,0.0000,0.0000,0.00,0.00,0.00,0.000000,0.000000,-0.17,1
92683,0.00,0.0,0.0,0.0,0.0000,0.0000,0.0000,0.0000,0.00,0.00,0.00,0.000000,0.000000,-0.17,1
92683,0.00,0.0,0.0,0.0,0.0000,0.0000,0.0000,0.0000,0.00,0.00,0.00,0.000000,0.000000,-0.17,1
92683,0.00,0.0,0.0,0.0,0.0000,0.0000,0.0000,0.0000,0.00,0.00,0.00,0.000000,0.000000,-0.17,1
92683,0.00,0.0,0.0,0.0,0.0000,0.0000,0.0000,0.0000,0.00,0.00,0.00,0.000000,0.000000,-0.17,1
92695,0.00,0.0,0.0,0.0,0.0000,0.0000,0.0000,0.0000,0.00,0.00,0.00,0.000000,0.000000,-0.17,1
92695,0.00,0.0,0.0,0.0,0.0000,0.0000,0.0000,0.0000,0.00,0.00,0.00,0.000000,0.000000,-0.17,1
92695,0.00,0.0,0.0,0.0,0.0000,0.0000,0.0000,0.0000,0.00,0.00,0.00,0.000000,0.000000,-0.17,1
92695,0.00,0.0,0.0,0.0,0.0000,0.0000,0.0000,0.0000,0.00,0.00,0.00,0.000000,0.000000,-0.17,1
92695,0.00,0.0,0.0,0.0,0.0000,0.0000,0.0000,0.0000,0.00,0.00,0.00,0.000000,0.000000,-0.17,1
92708,0.00,0.0,0.0,0.0,0.0000,0.0000,0.0000,0.0000,0.00,0.00,0.00,0.000000,0.000000,-0.17,1
92708,0.00,0.0,0.0,0.0,0.0000,0.0000,0.0000,0.0000,0.00,0.00,0.00,0.000000,0.000000,-0.17,1
92708,0.00,0.0,0.0,0.0,0.0000,0.0000,0.0000,0.0000,0.00,0.00,0.00,0.000000,0.000000,-0.17,1
92708,0.00,0.0,0.0,0.0,0.0000,0.0000,0.0000,0.0000,0.00,0.00,0.00,0.000000,0.000000,-0.17,1
92708,0.00,0.0,0.0,0.0,0.0000,0.0000,0.0000,0.0000,0.00,0.00,0.00,0.000000,0.000000,-0.17,1
92721,0.00,0.0,0.0,0.0,0.0000,0.0000,0.0000,0.0000,0.00,0.00,0.00,0.000000,0.000000,-0.17,1
92721,0.00,0.0,0.0,0.0,0.0000,0.0000,0.0000,0.0000,0.00,0.00,0.00,0.000000,0.000000,-0.17,1
92721,0.00,0.0,0.0,0.0,0.0000,0.0000,0.0000,0.0000,0.00,0.00,0.00,0.000000,0.000000,-0.17,1
92721,0.00,0.0,0.0,0.0,0.0000,0.0000,0.0000,0.0000,0.00,0.00,0.00,0.000000,0.000000,-0.17,1
92721,0.00,0.0,0.0,0.0,0.0000,0.0000,0.0000,0.0000,0.00,0.00,0.00,0.000000,0.000000,-0.17,1
92734,0.00,0.0,0.0,0.0,0.0000,0.0000,0.0000,0.0000,0.00,0.00,0.00,0.000000,0.000000,-0.17,1
92734,0.00,0.0,0.0,0.0,0.0000,0.0000,0.0000,0.0000,0.00,0.00,0.00,0.000000,0.000000,-0.17,1
92734,0.00,0.0,0.0,0.0,0.0000,0.0000,0.0000,0.0000,0.00,0.00,0.00,0.000000,0.000000,-0.17,1
92734,0.00,0.0,0.0,0.0,0.0000,0.0000,0.0000,0.0000,0.00,0.00,0.00,0.000000,0.000000,-0.17,1
92734,0.00,0.0,0.0,0.0,0.0000,0.0000,0.0000,0.0000,0.00,0.00,0.00,0.000000,0.000000,-0.17,1
92746,0.00,0.0,0.0,0.0,0.0000,0.0000,0.0000,0.0000,0.00,0.00,0.00,0.000000,0.000000,-0.17,1
92746,0.00,0.0,0.0,0.0,0.0000,0.0000,0.0000,0.0000,0.00,0.00,0.00,0.000000,0.000000,-0.17,1
92746,0.00,0.0,0.0,0.0,0.0000,0.0000,0.0000,0.0000,0.00,0.00,0.00,0.000000,0.000000,-0.17,1
92746,0.00,0.0,0.0,0.0,0.0000,0.0000,0.0000,0.0000,0.00,0.00,0.00,0.000000,0.000000,-0.17,1
92746,0.00,0.0,0.0,0.0,0.0000,0.0000,0.0000,0.0000,0.00,0.00,0.00,0.000000,0.000000,-0.17,1
92759,0.00,0.0,0.0,0.0,0.0000,0.0000,0.0000,0.0000,0.00,0.00,0.00,0.000000,0.000000,-0.17,1
92759,0.00,0.0,0.0,0.0,0.0000,0.0000,0.0000,0.0000,0.00,0.00,0.00,0.000000,0.000000,-0.17,1
92759,0.00,0.0,0.0,0.0,0.0000,0.0000,0.0000,0.0000,0.00,0.00,0.00,0.000000,0.000000,-0.17,1
92759,0.00,0.0,0.0,0.0,0.0000,0.0000,0.0000,0.0000,0.00,0.00,0.00,0.000000,0.000000,-0.17,1
92759,0.00,0.0,0.0,0.0,0.0000,0.0000,0.0000,0.0000,0.00,0.00,0.00,0.000000,0.000000,-0.17,1
92772,0.00,0.0,0.0,0.0,0.0000,0.0000,0.0000,0.0000,0.00,0.00,0.00,0.000000,0.000000,-0.17,1
92772,0.00,0.0,0.0,0.0,0.0000,0.0000,0.0000,0.0000,0.00,0.00,0.00,0.000000,0.000000,-0.17,1
92772,0.00,0.0,0.0,0.0,0.0000,0.0000,0.0000,0.0000,0.00,0.00,0.00,0.000000,0.000000,-0.17,1
92772,0.00,0.0,0.0,0.0,0.0000,0.0000,0.0000,0.0000,0.00,0.00,0.00,0.000000,0.000000,-0.17,1
92772,0.00,0.0,0.0,0.0,0.0000,0.0000,0.0000,0.0000,0.00,0.00,0.00,0.000000,0.000000,-0.17,1
92785,0.00,0.0,0.0,0.0,0.0000,0.0000,0.0000,0.0000,0.00,0.00,0.00,0.000000,0.000000,-0.17,1
92785,0.00,0.0,0.0,0.0,0.0000,0.0000,0.0000,0.0000,0.00,0.00,0.00,0.000000,0.000000,-0.17,1
92785,0.00,0.0,0.0,0.0,0.0000,0.0000,0.0000,0.0000,0.00,0.00,0.00,0.000000,0.000000,-0.17,1
92785,0.00,0.0,0.0,0.0,0.0000,0.0000,0.0000,0.0000,0.00,0.00,0.00,0.000000,0.000000,-0.17,1
92785,0.00,0.0,0.0,0.0,0.0000,0.0000,0.0000,0.0000,0.00,0.00,0.00,0.000000,0.000000,-0.17,1
92797,0.00,0.0,0.0,0.0,0.0000,0.0000,0.0000,0.0000,0.00,0.00,0.00,0.000000,0.000000,-0.17,1
92797,0.00,0.0,0.0,0.0,0.0000,0.0000,0.0000,0.0000,0.00,0.00,0.00,0.000000,0.000000,-0.17,1
92797,0.00,0.0,0.0,0.0,0.0000,0.0000,0.0000,0.0000,0.00,0.00,0.00,0.000000,0.000000,-0.17,1
92797,0.00,0.0,0.0,0.0,0.0000,0.0000,0.0000,0.0000,0.00,0.00,0.00,0.000000,0.000000,-0.17,1
92797,0.00,0.0,0.0,0.0,0.0000,0.0000,0.0000,0.0000,0.00,0.00,0.00,0.000000,0.000000,-0.17,1
92810,0.00,0.0,0.0,0.0,0.0000,0.0000,0.0000,0.0000,0.00,0.00,0.00,0.000000,0.000000,-0.17,1
92810,0.00,0.0,0.0,0.0,0.0000,0.0000,0.0000,0.0000,0.00,0.00,0.00,0.000000,0.000000,-0.17,1
92810,0.00,0.0,0.0,0.0,0.0000,0.0000,0.0000,0.0000,0.00,0.00,0.00,0.000000,0.000000,-0.17,1
92810,0.00,0.0,0.0,0.0,0.0000,0.0000,0.0000,0.0000,0.00,0.00,0.00,0.000000,0.000000,-0.17,1
92810,0.00,0.0,0.0,0.0,0.0000,0.0000,0.0000,0.0000,0.00,0.00,0.00,0.000000,0.000000,-0.17,1
92823,0.00,0.0,0.0,0.0,0.0000,0.0000,0.0000,0.0000,0.00,0.00,0.00,0.000000,0.000000,-0.17,1
92823,0.00,0.0,0.0,0.0,0.0000,0.0000,0.0000,0.0000,0.00,0.00,0.00,0.000000,0.000000,-0.17,1
92823,0.00,0.0,0.0,0.0,0.0000,0.0000,0.0000,0.0000,0.00,0.00,0.00,0.000000,0.000000,-0.17,1
92823,0.00,0.0,0.0,0.0,0.0000,0.0000,0.0000,0.0000,0.00,0.00,0.00,0.000000,0.000000,-0.17,1
92823,0.00,0.0,0.0,0.0,0.0000,0.0000,0.0000,0.0000,0.00,0.00,0.00,0.000000,0.000000,-0.17,1
92836,0.00,0.0,0.0,0.0,0.0000,0.0000,0.0000,0.0000,0.00,0.00,0.00,0.000000,0.000000,-0.17,1
92836,0.00,0.0,0.0,0.0,0.0000,0.0000,0.0000,0.0000,0.00,0.00,0.00,0.000000,0.000000,-0.17,1
92836,0.00,0.0,0.0,0.0,0.0000,0.0000,0.0000,0.0000,0.00,0.00,0.00,0.000000,0.000000,-0.17,1
92836,0.00,0.0,0.0,0.0,0.0000,0.0000,0.0000,0.0000,0.00,0.00,0.00,0.000000,0.000000,-0.17,1
92836,0.00,0.0,0.0,0.0,0.0000,0.0000,0.0000,0.0000,0.00,0.00,0.00,0.000000,0.000000,-0.17,1
92848,0.00,0.0,0.0,0.0,0.0000,0.0000,0.0000,0.0000,0.00,0.00,0.00,0.000000,0.000000,-0.17,1
92848,0.00,0.0,0.0,0.0,0.0000,0.0000,0.0000,0.0000,0.00,0.00,0.00,0.000000,0.000000,-0.17,1
92848,0.00,0.0,0.0,0.0,0.0000,0.0000,0.0000,0.0000,0.00,0.00,0.00,0.000000,0.000000,-0.17,1
92848,0.00,0.0,0.0,0.0,0.0000,0.0000,0.0000,0.0000,0.00,0.00,0.00,0.000000,0.000000,-0.17,1
92848,0.00,0.0,0.0,0.0,0.0000,0.0000,0.0000,0.0000,0.00,0.00,0.00,0.000000,0.000000,-0.17,1
92861,0.00,0.0,0.0,0.0,0.0000,0.0000,0.0000,0.0000,0.00,0.00,0.00,0.000000,0.000000,-0.17,1
92861,0.00,0.0,0.0,0.0,0.0000,0.0000,0.0000,0.0000,0.00,0.00,0.00,0.000000,0.000000,-0.17,1
92861,0.00,0.0,0.0,0.0,0.0000,0.0000,0.0000,0.0000,0.00,0.00,0.00,0.000000,0.000000,-0.17,1
92861,0.00,0.0,0.0,0.0,0.0000,0.0000,0.0000,0.0000,0.00,0.00,0.00,0.000000,0.000000,-0.17,1
92861,0.00,0.0,0.0,0.0,0.0000,0.0000,0.0000,0.0000,0.00,0.00,0.00,0.000000,0.000000,-0.17,1
92874,0.00,0.0,0.0,0.0,0.0000,0.0000,0.0000,0.0000,0.00,0.00,0.00,0.000000,0.000000,-0.17,1
92874,0.00,0.0,0.0,0.0,0.0000,0.0000,0.0000,0.0000,0.00,0.00,0.00,0.000000,0.000000,-0.17,1
92874,0.00,0.0,0.0,0.0,0.0000,0.0000,0.0000,0.0000,0.00,0.00,0.00,0.000000,0.000000,-0.17,1
92874,0.00,0.0,0.0,0.0,0.0000,0.0000,0.0000,0.0000,0.00,0.00,0.00,0.000000,0.000000,-0.17,1
92874,0.00,0.0,0.0,0.0,0.0000,0.0000,0.0000,0.0000,0.00,0.00,0.00,0.000000,0.000000,-0.17,1
92887,0.00,0.0,0.0,0.0,0.0000,0.0000,0.0000,0.0000,0.00,0.00,0.00,0.000000,0.000000,-0.17,1
92887,0.00,0.0,0.0,0.0,0.0000,0.0000,0.0000,0.0000,0.00,0.00,0.00,0.000000,0.000000,-0.17,1
92887,0.00,0.0,0.0,0.0,0.0000,0.0000,0.0000,0.0000,0.00,0.00,0.00,0.000000,0.000000,-0.17,1
92887,0.00,0.0,0.0,0.0,0.0000,0.0000,0.0000,0.0000,0.00,0.00,0.00,0.000000,0.000000,-0.17,1
92887,0.00,0.0,0.0,0.0,0.0000,0.0000,0.0000,0.0000,0.00,0.00,0.00,0.000000,0.000000,-0.17,1
92899,0.00,0.0,0.0,0.0,0.0000,0.0000,0.0000,0.0000,0.00,0.00,0.00,0.000000,0.000000,-0.17,1
92899,0.00,0.0,0.0,0.0,0.0000,0.0000,0.0000,0.0000,0.00,0.00,0.00,0.000000,0.000000,-0.17,1
92899,0.00,0.0,0.0,0.0,0.0000,0.0000,0.0000,0.0000,0.00,0.00,0.00,0.000000,0.000000,-0.17,1
92899,0.00,0.0,0.0,0.0,0.0000,0.0000,0.0000,0.0000,0.00,0.00,0.00,0.000000,0.000000,-0.17,1
92899,0.00,0.0,0.0,0.0,0.0000,0.0000,0.0000,0.0000,0.00,0.00,0.00,0.000000,0.000000,-0.17,1
92912,0.00,0.0,0.0,0.0,0.0000,0.0000,0.0000,0.0000,0.00,0.00,0.00,0.000000,0.000000,-0.17,1
92912,0.00,0.0,0.0,0.0,0.0000,0.0000,0.0000,0.0000,0.00,0.00,0.00,0.000000,0.000000,-0.17,1
92912,0.00,0.0,0.0,0.0,0.0000,0.0000,0.0000,0.0000,0.00,0.00,0.00,0.000000,0.000000,-0.17,1
92912,0.00,0.0,0.0,0.0,0.0000,0.0000,0.0000,0.0000,0.00,0.00,0.00,0.000000,0.000000,-0.17,1
92912,0.00,0.0,0.0,0.0,0.0000,0.0000,0.0000,0.0000,0.00,0.00,0.00,0.000000,0.000000,-0.17,1
92925,0.00,0.0,0.0,0.0,0.0000,0.0000,0.0000,0.0000,0.00,0.00,0.00,0.000000,0.000000,-0.17,1
92925,0.00,0.0,0.0,0.0,0.0000,0.0000,0.0000,0.0000,0.00,0.00,0.00,0.000000,0.000000,-0.17,1
92925,0.00,0.0,0.0,0.0,0.0000,0.0000,0.0000,0.0000,0.00,0.00,0.00,0.000000,0.000000,-0.17,1
92925,0.00,0.0,0.0,0.0,0.0000,0.0000,0.0000,0.0000,0.00,0.00,0.00,0.000000,0.000000,-0.17,1
92925,0.00,0.0,0.0,0.0,0.0000,0.0000,0.0000,0.0000,0.00,0.00,0.00,0.000000,0.000000,-0.17,1
92938,0.00,0.0,0.0,0.0,0.0000,0.0000,0.0000,0.0000,0.00,0.00,0.00,0.000000,0.000000,-0.17,1
92938,0.00,0.0,0.0,0.0,0.0000,0.0000,0.0000,0.0000,0.00,0.00,0.00,0.000000,0.000000,-0.17,1
92938,0.00,0.0,0.0,0.0,0.0000,0.0000,0.0000,0.0000,0.00,0.00,0.00,0.000000,0.000000,-0.17,1
92938,0.00,0.0,0.0,0.0,0.0000,0.0000,0.0000,0.0000,0.00,0.00,0.00,0.000000,0.000000,-0.17,1
92938,0.00,0.0,0.0,0.0,0.0000,0.0000,0.0000,0.0000,0.00,0.00,0.00,0.000000,0.000000,-0.17,1
92950,0.00,0.0,0.0,0.0,0.0000,0.0000,0.0000,0.0000,0.00,0.00,0.00,0.000000,0.000000,-0.17,1
92950,0.00,0.0,0.0,0.0,0.0000,0.0000,0.0000,0.0000,0.00,0.00,0.00,0.000000,0.000000,-0.17,1
92950,0.00,0.0,0.0,0.0,0.0000,0.0000,0.0000,0.0000,0.00,0.00,0.00,0.000000,0.000000,-0.17,1
92950,0.00,0.0,0.0,0.0,0.0000,0.0000,0.0000,0.0000,0.00,0.00,0.00,0.000000,0.000000,-0.17,1
92950,0.00,0.0,0.0,0.0,0.0000,0.0000,0.0000,0.0000,0.00,0.00,0.00,0.000000,0.000000,-0.17,1
92963,0.00,0.0,0.0,0.0,0.0000,0.0000,0.0000,0.0000,0.00,0.00,0.00,0.000000,0.000000,-0.17,1
92963,0.00,0.0,0.0,0.0,0.0000,0.0000,0.0000,0.0000,0.00,0.00,0.00,0.000000,0.000000,-0.17,1
92963,0.00,0.0,0.0,0.0,0.0000,0.0000,0.0000,0.0000,0.00,0.00,0.00,0.000000,0.000000,-0.17,1
92963,0.00,0.0,0.0,0.0,0.0000,0.0000,0.0000,0.0000,0.00,0.00,0.00,0.000000,0.000000,-0.17,1
92963,0.00,0.0,0.0,0.0,0.0000,0.0000,0.0000,0.0000,0.00,0.00,0.00,0.000000,0.000000,-0.17,1
92976,0.00,0.0,0.0,0.0,0.0000,0.0000,0.0000,0.0000,0.00,0.00,0.00,0.000000,0.000000,-0.17,1
92976,0.00,0.0,0.0,0.0,0.0000,0.0000,0.0000,0.0000,0.00,0.00,0.00,0.000000,0.000000,-0.17,1
92976,0.00,0.0,0.0,0.0,0.0000,0.0000,0.0000,0.0000,0.00,0.00,0.00,0.000000,0.000000,-0.17,1
92976,0.00,0.0,0.0,0.0,0.0000,0.0000,0.0000,0.0000,0.00,0.00,0.00,0.000000,0.000000,-0.17,1
92976,0.00,0.0,0.0,0.0,0.0000,0.0000,0.0000,0.0000,0.00,0.00,0.00,0.000000,0.000000,-0.17,1
92989,0.00,0.0,0.0,0.0,0.0000,0.0000,0.0000,0.0000,0.00,0.00,0.00,0.000000,0.000000,-0.17,1
92989,0.00,0.0,0.0,0.0,0.0000,0.0000,0.0000,0.0000,0.00,0.00,0.00,0.000000,0.000000,-0.17,1
92989,0.00,0.0,0.0,0.0,0.0000,0.0000,0.0000,0.0000,0.00,0.00,0.00,0.000000,0.000000,-0.17,1
92989,0.00,0.0,0.0,0.0,0.0000,0.0000,0.0000,0.0000,0.00,0.00,0.00,0.000000,0.000000,-0.17,1
92989,0.00,0.0,0.0,0.0,0.0000,0.0000,0.0000,0.0000,0.00,0.00,0.00,0.000000,0.000000,-0.17,1
93001,0.00,0.0,0.0,0.0,0.0000,0.0000,0.0000,0.0000,0.00,0.00,0.00,0.000000,0.000000,-0.17,1
93001,0.00,0.0,0.0,0.0,0.0000,0.0000,0.0000,0.0000,0.00,0.00,0.00,0.000000,0.000000,-0.17,1
93001,0.00,0.0,0.0,0.0,0.0000,0.0000,0.0000,0.0000,0.00,0.00,0.00,0.000000,0.000000,-0.17,1
93001,0.00,0.0,0.0,0.0,0.0000,0.0000,0.0000,0.0000,0.00,0.00,0.00,0.000000,0.000000,-0.17,1
93001,0.00,0.0,0.0,0.0,0.0000,0.0000,0.0000,0.0000,0.00,0.00,0.00,0.000000,0.000000,-0.17,1
93014,0.00,0.0,0.0,0.0,0.0000,0.0000,0.0000,0.0000,0.00,0.00,0.00,0.000000,0.000000,-0.17,1
93014,0.00,0.0,0.0,0.0,0.0000,0.0000,0.0000,0.0000,0.00,0.00,0.00,0.000000,0.000000,-0.17,1
93014,0.00,0.0,0.0,0.0,0.0000,0.0000,0.0000,0.0000,0.00,0.00,0.00,0.000000,0.000000,-0.17,1
93014,0.00,0.0,0.0,0.0,0.0000,0.0000,0.0000,0.0000,0.00,0.00,0.00,0.000000,0.000000,-0.17,1
93014,0.00,0.0,0.0,0.0,0.0000,0.0000,0.0000,0.0000,0.00,0.00,0.00,0.000000,0.000000,-0.17,1
93027,0.00,0.0,0.0,0.0,0.0000,0.0000,0.0000,0.0000,0.00,0.00,0.00,0.000000,0.000000,-0.17,1
93027,0.00,0.0,0.0,0.0,0.0000,0.0000,0.0000,0.0000,0.00,0.00,0.00,0.000000,0.000000,-0.17,1
93027,0.00,0.0,0.0,0.0,0.0000,0.0000,0.0000,0.0000,0.00,0.00,0.00,0.000000,0.000000,-0.17,1
93027,0.00,0.0,0.0,0.0,0.0000,0.0000,0.0000,0.0000,0.00,0.00,0.00,0.000000,0.000000,-0.17,1
93027,0.00,0.0,0.0,0.0,0.0000,0.0000,0.0000,0.0000,0.00,0.00,0.00,0.000000,0.000000,-0.17,1
93040,0.00,0.0,0.0,0.0,0.0000,0.0000,0.0000,0.0000,0.00,0.00,0.00,0.000000,0.000000,-0.17,1
93040,0.00,0.0,0.0,0.0,0.0000,0.0000,0.0000,0.0000,0.00,0.00,0.00,0.000000,0.000000,-0.17,1
93040,0.00,0.0,0.0,0.0,0.0000,0.0000,0.0000,0.0000,0.00,0.00,0.00,0.000000,0.000000,-0.17,1
93040,0.00,0.0,0.0,0.0,0.0000,0.0000,0.0000,0.0000,0.00,0.00,0.00,0.000000,0.000000,-0.17,1
93040,0.00,0.0,0.0,0.0,0.0000,0.0000,0.0000,0.0000,0.00,0.00,0.00,0.000000,0.000000,-0.17,1
93052,0.00,0.0,0.0,0.0,0.0000,0.0000,0.0000,0.0000,0.00,0.00,0.00,0.000000,0.000000,-0.17,1
93052,0.00,0.0,0.0,0.0,0.0000,0.0000,0.0000,0.0000,0.00,0.00,0.00,0.000000,0.000000,-0.17,1
93052,0.00,0.0,0.0,0.0,0.0000,0.0000,0.0000,0.0000,0.00,0.00,0.00,0.000000,0.000000,-0.17,1
93052,0.00,0.0,0.0,0.0,0.0000,0.0000,0.0000,0.0000,0.00,0.00,0.00,0.000000,0.000000,-0.17,1
93052,0.00,0.0,0.0,0.0,0.0000,0.0000,0.0000,0.0000,0.00,0.00,0.00,0.000000,0.000000,-0.17,1
93065,0.00,0.0,0.0,0.0,0.0000,0.0000,0.0000,0.0000,0.00,0.00,0.00,0.000000,0.000000,-0.17,1
93065,0.00,0.0,0.0,0.0,0.0000,0.0000,0.0000,0.0000,0.00,0.00,0.00,0.000000,0.000000,-0.17,1
93065,0.00,0.0,0.0,0.0,0.0000,0.0000,0.0000,0.0000,0.00,0.00,0.00,0.000000,0.000000,-0.17,1
93065,0.00,0.0,0.0,0.0,0.0000,0.0000,0.0000,0.0000,0.00,0.00,0.00,0.000000,0.000000,-0.17,1
93065,0.00,0.0,0.0,0.0,0.0000,0.0000,0.0000,0.0000,0.00,0.00,0.00,0.000000,0.000000,-0.17,1
93078,0.00,0.0,0.0,0.0,0.0000,0.0000,0.0000,0.0000,0.00,0.00,0.00,0.000000,0.000000,-0.17,1
93078,0.00,0.0,0.0,0.0,0.0000,0.0000,0.0000,0.0000,0.00,0.00,0.00,0.000000,0.000000,-0.17,1
93078,0.00,0.0,0.0,0.0,0.0000,0.0000,0.0000,0.0000,0.00,0.00,0.00,0.000000,0.000000,-0.17,1
93078,0.00,0.0,0.0,0.0,0.0000,0.0000,0.0000,0.0000,0.00,0.00,0.00,0.000000,0.000000,-0.17,1
93078,0.00,0.0,0.0,0.0,0.0000,0.0000,0.0000,0.0000,0.00,0.00,0.00,0.000000,0.000000,-0.17,1
93091,0.00,0.0,0.0,0.0,0.0000,0.0000,0.0000,0.0000,0.00,0.00,0.00,0.000000,0.000000,-0.17,1
93091,0.00,0.0,0.0,0.0,0.0000,0.0000,0.0000,0.0000,0.00,0.00,0.00,0.000000,0.000000,-0.17,1
93091,0.00,0.0,0.0,0.0,0.0000,0.0000,0.0000,0.0000,0.00,0.00,0.00,0.000000,0.000000,-0.17,1
93091,0.00,0.0,0.0,0.0,0.0000,0.0000,0.0000,0.0000,0.00,0.00,0.00,0.000000,0.000000,-0.17,1
93091,0.00,0.0,0.0,0.0,0.0000,0.0000,0.0000,0.0000,0.00,0.00,0.00,0.000000,0.000000,-0.17,1
93103,0.00,0.0,0.0,0.0,0.0000,0.0000,0.0000,0.0000,0.00,0.00,0.00,0.000000,0.000000,-0.17,1
93103,0.00,0.0,0.0,0.0,0.0000,0.0000,0.0000,0.0000,0.00,0.00,0.00,0.000000,0.000000,-0.17,1
93103,0.00,0.0,0.0,0.0,0.0000,0.0000,0.0000,0.0000,0.00,0.00,0.00,0.000000,0.000000,-0.17,1
93103,0.00,0.0,0.0,0.0,0.0000,0.0000,0.0000,0.0000,0.00,0.00,0.00,0.000000,0.000000,-0.17,1
93103,0.00,0.0,0.0,0.0,0.0000,0.0000,0.0000,0.0000,0.00,0.00,0.00,0.000000,0.000000,-0.17,1
93116,0.00,0.0,0.0,0.0,0.0000,0.0000,0.0000,0.0000,0.00,0.00,0.00,0.000000,0.000000,-0.17,1
93116,0.00,0.0,0.0,0.0,0.0000,0.0000,0.0000,0.0000,0.00,0.00,0.00,0.000000,0.000000,-0.17,1
93116,0.00,0.0,0.0,0.0,0.0000,0.0000,0.0000,0.0000,0.00,0.00,0.00,0.000000,0.000000,-0.17,1
93116,0.00,0.0,0.0,0.0,0.0000,0.0000,0.0000,0.0000,0.00,0.00,0.00,0.000000,0.000000,-0.17,1
93116,0.00,0.0,0.0,0.0,0.0000,0.0000,0.0000,0.0000,0.00,0.00,0.00,0.000000,0.000000,-0.17,1
93129,0.00,0.0,0.0,0.0,0.0000,0.0000,0.0000,0.0000,0.00,0.00,0.00,0.000000,0.000000,-0.17,1
93129,0.00,0.0,0.0,0.0,0.0000,0.0000,0.0000,0.0000,0.00,0.00,0.00,0.000000,0.000000,-0.17,1
93129,0.00,0.0,0.0,0.0,0.0000,0.0000,0.0000,0.0000,0.00,0.00,0.00,0.000000,0.000000,-0.17,1
93129,0.00,0.0,0.0,0.0,0.0000,0.0000,0.0000,0.0000,0.00,0.00,0.00,0.000000,0.000000,-0.17,1
93129,0.00,0.0,0.0,0.0,0.0000,0.0000,0.0000,0.0000,0.00,0.00,0.00,0.000000,0.000000,-0.17,1
93142,0.00,0.0,0.0,0.0,0.0000,0.0000,0.0000,0.0000,0.00,0.00,0.00,0.000000,0.000000,-0.17,1
93142,0.00,0.0,0.0,0.0,0.0000,0.0000,0.0000,0.0000,0.00,0.00,0.00,0.000000,0.000000,-0.17,1
93142,0.00,0.0,0.0,0.0,0.0000,0.0000,0.0000,0.0000,0.00,0.00,0.00,0.000000,0.000000,-0.17,1
93142,0.00,0.0,0.0,0.0,0.0000,0.0000,0.0000,0.0000,0.00,0.00,0.00,0.000000,0.000000,-0.17,1
93142,0.00,0.0,0.0,0.0,0.0000,0.0000,0.0000,0.0000,0.00,0.00,0.00,0.000000,0.000000,-0.17,1
93154,0.00,0.0,0.0,0.0,0.0000,0.0000,0.0000,0.0000,0.00,0.00,0.00,0.000000,0.000000,-0.17,1
93154,0.00,0.0,0.0,0.0,0.0000,0.0000,0.0000,0.0000,0.00,0.00,0.00,0.000000,0.000000,-0.17,1
93154,0.00,0.0,0.0,0.0,0.0000,0.0000,0.0000,0.0000,0.00,0.00,0.00,0.000000,0.000000,-0.17,1
93154,0.00,0.0,0.0,0.0,0.0000,0.0000,0.0000,0.0000,0.00,0.00,0.00,0.000000,0.000000,-0.17,1
93154,0.00,0.0,0.0,0.0,0.0000,0.0000,0.0000,0.0000,0.00,0.00,0.00,0.000000,0.000000,-0.17,1
93167,0.00,0.0,0.0,0.0,0.0000,0.0000,0.0000,0.0000,0.00,0.00,0.00,0.000000,0.000000,-0.17,1
93167,0.00,0.0,0.0,0.0,0.0000,0.0000,0.0000,0.0000,0.00,0.00,0.00,0.000000,0.000000,-0.17,1
93167,0.00,0.0,0.0,0.0,0.0000,0.0000,0.0000,0.0000,0.00,0.00,0.00,0.000000,0.000000,-0.17,1
93167,0.00,0.0,0.0,0.0,0.0000,0.0000,0.0000,0.0000,0.00,0.00,0.00,0.000000,0.000000,-0.17,1
93167,0.00,0.0,0.0,0.0,0.0000,0.0000,0.0000,0.0000,0.00,0.00,0.00,0.000000,0.000000,-0.17,1
93180,0.00,0.0,0.0,0.0,0.0000,0.0000,0.0000,0.0000,0.00,0.00,0.00,0.000000,0.000000,-0.17,1
93180,0.00,0.0,0.0,0.0,0.0000,0.0000,0.0000,0.0000,0.00,0.00,0.00,0.000000,0.000000,-0.17,1
93180,0.00,0.0,0.0,0.0,0.0000,0.0000,0.0000,0.0000,0.00,0.00,0.00,0.000000,0.000000,-0.17,1
93180,0.00,0.0,0.0,0.0,0.0000,0.0000,0.0000,0.0000,0.00,0.00,0.00,0.000000,0.000000,-0.17,1
93180,0.00,0.0,0.0,0.0,0.0000,0.0000,0.0000,0.0000,0.00,0.00,0.00,0.000000,0.000000,-0.17,1
93193,0.00,0.0,0.0,0.0,0.0000,0.0000,0.0000,0.0000,0.00,0.00,0.00,0.000000,0.000000,-0.17,1
93193,0.00,0.0,0.0,0.0,0.0000,0.0000,0.0000,0.0000,0.00,0.00,0.00,0.000000,0.000000,-0.17,1
93193,0.00,0.0,0.0,0.0,0.0000,0.0000,0.0000,0.0000,0.00,0.00,0.00,0.000000,0.000000,-0.17,1
93193,0.00,0.0,0.0,0.0,0.0000,0.0000,0.0000,0.0000,0.00,0.00,0.00,0.000000,0.000000,-0.17,1
93193,0.00,0.0,0.0,0.0,0.0000,0.0000,0.0000,0.0000,0.00,0.00,0.00,0.000000,0.000000,-0.17,1
93205,0.00,0.0,0.0,0.0,0.0000,0.0000,0.0000,0.0000,0.00,0.00,0.00,0.000000,0.000000,-0.17,1
93205,0.00,0.0,0.0,0.0,0.0000,0.0000,0.0000,0.0000,0.00,0.00,0.00,0.000000,0.000000,-0.17,1
93205,0.00,0.0,0.0,0.0,0.0000,0.0000,0.0000,0.0000,0.00,0.00,0.00,0.000000,0.000000,-0.17,1
93205,0.00,0.0,0.0,0.0,0.0000,0.0000,0.0000,0.0000,0.00,0.00,0.00,0.000000,0.000000,-0.17,1
93205,0.00,0.0,0.0,0.0,0.0000,0.0000,0.0000,0.0000,0.00,0.00,0.00,0.000000,0.000000,-0.17,1
93218,0.00,0.0,0.0,0.0,0.0000,0.0000,0.0000,0.0000,0.00,0.00,0.00,0.000000,0.000000,-0.17,1
93218,0.00,0.0,0.0,0.0,0.0000,0.0000,0.0000,0.0000,0.00,0.00,0.00,0.000000,0.000000,-0.17,1
93218,0.00,0.0,0.0,0.0,0.0000,0.0000,0.0000,0.0000,0.00,0.00,0.00,0.000000,0.000000,-0.17,1
93218,0.00,0.0,0.0,0.0,0.0000,0.0000,0.0000,0.0000,0.00,0.00,0.00,0.000000,0.000000,-0.17,1
93218,0.00,0.0,0.0,0.0,0.0000,0.0000,0.0000,0.0000,0.00,0.00,0.00,0.000000,0.000000,-0.17,1
93231,0.00,0.0,0.0,0.0,0.0000,0.0000,0.0000,0.0000,0.00,0.00,0.00,0.000000,0.000000,-0.17,1
93231,0.00,0.0,0.0,0.0,0.0000,0.0000,0.0000,0.0000,0.00,0.00,0.00,0.000000,0.000000,-0.17,1
93231,0.00,0.0,0.0,0.0,0.0000,0.0000,0.0000,0.0000,0.00,0.00,0.00,0.000000,0.000000,-0.17,1
93231,0.00,0.0,0.0,0.0,0.0000,0.0000,0.0000,0.0000,0.00,0.00,0.00,0.000000,0.000000,-0.17,1
93231,0.00,0.0,0.0,0.0,0.0000,0.0000,0.0000,0.0000,0.00,0.00,0.00,0.000000,0.000000,-0.17,1
93244,0.00,0.0,0.0,0.0,0.0000,0.0000,0.0000,0.0000,0.00,0.00,0.00,0.000000,0.000000,-0.17,1
93244,0.00,0.0,0.0,0.0,0.0000,0.0000,0.0000,0.0000,0.00,0.00,0.00,0.000000,0.000000,-0.17,1
93244,0.00,0.0,0.0,0.0,0.0000,0.0000,0.0000,0.0000,0.00,0.00,0.00,0.000000,0.000000,-0.17,1
93244,0.00,0.0,0.0,0.0,0.0000,0.0000,0.0000,0.0000,0.00,0.00,0.00,0.000000,0.000000,-0.17,1
93244,0.00,0.0,0.0,0.0,0.0000,0.0000,0.0000,0.0000,0.00,0.00,0.00,0.000000,0.000000,-0.17,1
93256,0.00,0.0,0.0,0.0,0.0000,0.0000,0.0000,0.0000,0.00,0.00,0.00,0.000000,0.000000,-0.17,1
93256,0.00,0.0,0.0,0.0,0.0000,0.0000,0.0000,0.0000,0.00,0.00,0.00,0.000000,0.000000,-0.17,1
93256,0.00,0.0,0.0,0.0,0.0000,0.0000,0.0000,0.0000,0.00,0.00,0.00,0.000000,0.000000,-0.17,1
93256,0.00,0.0,0.0,0.0,0.0000,0.0000,0.0000,0.0000,0.00,0.00,0.00,0.000000,0.000000,-0.17,1
93256,0.00,0.0,0.0,0.0,0.0000,0.0000,0.0000,0.0000,0.00,0.00,0.00,0.000000,0.000000,-0.17,1
93269,0.00,0.0,0.0,0.0,0.0000,0.0000,0.0000,0.0000,0.00,0.00,0.00,0.000000,0.000000,-0.17,1
93269,0.00,0.0,0.0,0.0,0.0000,0.0000,0.0000,0.0000,0.00,0.00,0.00,0.000000,0.000000,-0.17,1
93269,0.00,0.0,0.0,0.0,0.0000,0.0000,0.0000,0.0000,0.00,0.00,0.00,0.000000,0.000000,-0.17,1
93269,0.00,0.0,0.0,0.0,0.0000,0.0000,0.0000,0.0000,0.00,0.00,0.00,0.000000,0.000000,-0.17,1
93269,0.00,0.0,0.0,0.0,0.0000,0.0000,0.0000,0.0000,0.00,0.00,0.00,0.000000,0.000000,-0.17,1
93282,0.00,0.0,0.0,0.0,0.0000,0.0000,0.0000,0.0000,0.00,0.00,0.00,0.000000,0.000000,-0.17,1
93282,0.00,0.0,0.0,0.0,0.0000,0.0000,0.0000,0.0000,0.00,0.00,0.00,0.000000,0.000000,-0.17,1
93282,0.00,0.0,0.0,0.0,0.0000,0.0000,0.0000,0.0000,0.00,0.00,0.00,0.000000,0.000000,-0.17,1
93282,0.00,0.0,0.0,0.0,0.0000,0.0000,0.0000,0.0000,0.00,0.00,0.00,0.000000,0.000000,-0.17,1
93282,0.00,0.0,0.0,0.0,0.0000,0.0000,0.0000,0.0000,0.00,0.00,0.00,0.000000,0.000000,-0.17,1
93295,0.00,0.0,0.0,0.0,0.0000,0.0000,0.0000,0.0000,0.00,0.00,0.00,0.000000,0.000000,-0.17,1
93295,0.00,0.0,0.0,0.0,0.0000,0.0000,0.0000,0.0000,0.00,0.00,0.00,0.000000,0.000000,-0.17,1
93295,0.00,0.0,0.0,0.0,0.0000,0.0000,0.0000,0.0000,0.00,0.00,0.00,0.000000,0.000000,-0.17,1
93295,0.00,0.0,0.0,0.0,0.0000,0.0000,0.0000,0.0000,0.00,0.00,0.00,0.000000,0.000000,-0.17,1
93295,0.00,0.0,0.0,0.0,0.0000,0.0000,0.0000,0.0000,0.00,0.00,0.00,0.000000,0.000000,-0.17,1
93307,0.00,0.0,0.0,0.0,0.0000,0.0000,0.0000,0.0000,0.00,0.00,0.00,0.000000,0.000000,-0.17,1
93307,0.00,0.0,0.0,0.0,0.0000,0.0000,0.0000,0.0000,0.00,0.00,0.00,0.000000,0.000000,-0.17,1
93307,0.00,0.0,0.0,0.0,0.0000,0.0000,0.0000,0.0000,0.00,0.00,0.00,0.000000,0.000000,-0.17,1
93307,0.00,0.0,0.0,0.0,0.0000,0.0000,0.0000,0.0000,0.00,0.00,0.00,0.000000,0.000000,-0.17,1
93307,0.00,0.0,0.0,0.0,0.0000,0.0000,0.0000,0.0000,0.00,0.00,0.00,0.000000,0.000000,-0.17,1
93320,0.00,0.0,0.0,0.0,0.0000,0.0000,0.0000,0.0000,0.00,0.00,0.00,0.000000,0.000000,-0.17,1
93320,0.00,0.0,0.0,0.0,0.0000,0.0000,0.0000,0.0000,0.00,0.00,0.00,0.000000,0.000000,-0.17,1
93320,0.00,0.0,0.0,0.0,0.0000,0.0000,0.0000,0.0000,0.00,0.00,0.00,0.000000,0.000000,-0.17,1
93320,0.00,0.0,0.0,0.0,0.0000,0.0000,0.0000,0.0000,0.00,0.00,0.00,0.000000,0.000000,-0.17,1
93320,0.00,0.0,0.0,0.0,0.0000,0.0000,0.0000,0.0000,0.00,0.00,0.00,0.000000,0.000000,-0.17,1
93333,0.00,0.0,0.0,0.0,0.0000,0.0000,0.0000,0.0000,0.00,0.00,0.00,0.000000,0.000000,-0.17,1
93333,0.00,0.0,0.0,0.0,0.0000,0.0000,0.0000,0.0000,0.00,0.00,0.00,0.000000,0.000000,-0.17,1
93333,0.00,0.0,0.0,0.0,0.0000,0.0000,0.0000,0.0000,0.00,0.00,0.00,0.000000,0.000000,-0.17,1
93333,0.00,0.0,0.0,0.0,0.0000,0.0000,0.0000,0.0000,0.00,0.00,0.00,0.000000,0.000000,-0.17,1
93333,0.00,0.0,0.0,0.0,0.0000,0.0000,0.0000,0.0000,0.00,0.00,0.00,0.000000,0.000000,-0.17,1
93346,0.00,0.0,0.0,0.0,0.0000,0.0000,0.0000,0.0000,0.00,0.00,0.00,0.000000,0.000000,-0.17,1
93346,0.00,0.0,0.0,0.0,0.0000,0.0000,0.0000,0.0000,0.00,0.00,0.00,0.000000,0.000000,-0.17,1
93346,0.00,0.0,0.0,0.0,0.0000,0.0000,0.0000,0.0000,0.00,0.00,0.00,0.000000,0.000000,-0.17,1
93346,0.00,0.0,0.0,0.0,0.0000,0.0000,0.0000,0.0000,0.00,0.00,0.00,0.000000,0.000000,-0.17,1
93346,0.00,0.0,0.0,0.0,0.0000,0.0000,0.0000,0.0000,0.00,0.00,0.00,0.000000,0.000000,-0.17,1
93358,0.00,0.0,0.0,0.0,0.0000,0.0000,0.0000,0.0000,0.00,0.00,0.00,0.000000,0.000000,-0.17,1
93358,0.00,0.0,0.0,0.0,0.0000,0.0000,0.0000,0.0000,0.00,0.00,0.00,0.000000,0.000000,-0.17,1
93358,0.00,0.0,0.0,0.0,0.0000,0.0000,0.0000,0.0000,0.00,0.00,0.00,0.000000,0.000000,-0.17,1
93358,0.00,0.0,0.0,0.0,0.0000,0.0000,0.0000,0.0000,0.00,0.00,0.00,0.000000,0.000000,-0.17,1
93358,0.00,0.0,0.0,0.0,0.0000,0.0000,0.0000,0.0000,0.00,0.00,0.00,0.000000,0.000000,-0.17,1
93371,0.00,0.0,0.0,0.0,0.0000,0.0000,0.0000,0.0000,0.00,0.00,0.00,0.000000,0.000000,-0.17,1
93371,0.00,0.0,0.0,0.0,0.0000,0.0000,0.0000,0.0000,0.00,0.00,0.00,0.000000,0.000000,-0.17,1
93371,0.00,0.0,0.0,0.0,0.0000,0.0000,0.0000,0.0000,0.00,0.00,0.00,0.000000,0.000000,-0.17,1
93371,0.00,0.0,0.0,0.0,0.0000,0.0000,0.0000,0.0000,0.00,0.00,0.00,0.000000,0.000000,-0.17,1
93371,0.00,0.0,0.0,0.0,0.0000,0.0000,0.0000,0.0000,0.00,0.00,0.00,0.000000,0.000000,-0.17,1
93384,0.00,0.0,0.0,0.0,0.0000,0.0000,0.0000,0.0000,0.00,0.00,0.00,0.000000,0.000000,-0.17,1
93384,0.00,0.0,0.0,0.0,0.0000,0.0000,0.0000,0.0000,0.00,0.00,0.00,0.000000,0.000000,-0.17,1
93384,0.00,0.0,0.0,0.0,0.0000,0.0000,0.0000,0.0000,0.00,0.00,0.00,0.000000,0.000000,-0.17,1
93384,0.00,0.0,0.0,0.0,0.0000,0.0000,0.0000,0.0000,0.00,0.00,0.00,0.000000,0.000000,-0.17,1
93384,0.00,0.0,0.0,0.0,0.0000,0.0000,0.0000,0.0000,0.00,0.00,0.00,0.000000,0.000000,-0.17,1
93397,0.00,0.0,0.0,0.0,0.0000,0.0000,0.0000,0.0000,0.00,0.00,0.00,0.000000,0.000000,-0.17,1
93397,0.00,0.0,0.0,0.0,0.0000,0.0000,0.0000,0.0000,0.00,0.00,0.00,0.000000,0.000000,-0.17,1
93397,0.00,0.0,0.0,0.0,0.0000,0.0000,0.0000,0.0000,0.00,0.00,0.00,0.000000,0.000000,-0.17,1
93397,0.00,0.0,0.0,0.0,0.0000,0.0000,0.0000,0.0000,0.00,0.00,0.00,0.000000,0.000000,-0.17,1
93397,0.00,0.0,0.0,0.0,0.0000,0.0000,0.0000,0.0000,0.00,0.00,0.00,0.000000,0.000000,-0.17,1
93409,0.00,0.0,0.0,0.0,0.0000,0.0000,0.0000,0.0000,0.00,0.00,0.00,0.000000,0.000000,-0.17,1
93409,0.00,0.0,0.0,0.0,0.0000,0.0000,0.0000,0.0000,0.00,0.00,0.00,0.000000,0.000000,-0.17,1
93409,0.00,0.0,0.0,0.0,0.0000,0.0000,0.0000,0.0000,0.00,0.00,0.00,0.000000,0.000000,-0.17,1
93409,0.00,0.0,0.0,0.0,0.0000,0.0000,0.0000,0.0000,0.00,0.00,0.00,0.000000,0.000000,-0.17,1
93409,0.00,0.0,0.0,0.0,0.0000,0.0000,0.0000,0.0000,0.00,0.00,0.00,0.000000,0.000000,-0.17,1
93422,0.00,0.0,0.0,0.0,0.0000,0.0000,0.0000,0.0000,0.00,0.00,0.00,0.000000,0.000000,-0.17,1
93422,0.00,0.0,0.0,0.0,0.0000,0.0000,0.0000,0.0000,0.00,0.00,0.00,0.000000,0.000000,-0.17,1
93422,0.00,0.0,0.0,0.0,0.0000,0.0000,0.0000,0.0000,0.00,0.00,0.00,0.000000,0.000000,-0.17,1
93422,0.00,0.0,0.0,0.0,0.0000,0.0000,0.0000,0.0000,0.00,0.00,0.00,0.000000,0.000000,-0.17,1
93422,0.00,0.0,0.0,0.0,0.0000,0.0000,0.0000,0.0000,0.00,0.00,0.00,0.000000,0.000000,-0.17,1
93435,0.00,0.0,0.0,0.0,0.0000,0.0000,0.0000,0.0000,0.00,0.00,0.00,0.000000,0.000000,-0.17,1
93435,0.00,0.0,0.0,0.0,0.0000,0.0000,0.0000,0.0000,0.00,0.00,0.00,0.000000,0.000000,-0.17,1
93435,0.00,0.0,0.0,0.0,0.0000,0.0000,0.0000,0.0000,0.00,0.00,0.00,0.000000,0.000000,-0.17,1
93435,0.00,0.0,0.0,0.0,0.0000,0.0000,0.0000,0.0000,0.00,0.00,0.00,0.000000,0.000000,-0.17,1
93435,0.00,0.0,0.0,0.0,0.0000,0.0000,0.0000,0.0000,0.00,0.00,0.00,0.000000,0.000000,-0.17,1
93448,0.00,0.0,0.0,0.0,0.0000,0.0000,0.0000,0.0000,0.00,0.00,0.00,0.000000,0.000000,-0.17,1
93448,0.00,0.0,0.0,0.0,0.0000,0.0000,0.0000,0.0000,0.00,0.00,0.00,0.000000,0.000000,-0.17,1
93448,0.00,0.0,0.0,0.0,0.0000,0.0000,0.0000,0.0000,0.00,0.00,0.00,0.000000,0.000000,-0.17,1
93448,0.00,0.0,0.0,0.0,0.0000,0.0000,0.0000,0.0000,0.00,0.00,0.00,0.000000,0.000000,-0.17,1
93448,0.00,0.0,0.0,0.0,0.0000,0.0000,0.0000,0.0000,0.00,0.00,0.00,0.000000,0.000000,-0.17,1
93460,0.00,0.0,0.0,0.0,0.0000,0.0000,0.0000,0.0000,0.00,0.00,0.00,0.000000,0.000000,-0.17,1
93460,0.00,0.0,0.0,0.0,0.0000,0.0000,0.0000,0.0000,0.00,0.00,0.00,0.000000,0.000000,-0.17,1
93460,0.00,0.0,0.0,0.0,0.0000,0.0000,0.0000,0.0000,0.00,0.00,0.00,0.000000,0.000000,-0.17,1
93460,0.00,0.0,0.0,0.0,0.0000,0.0000,0.0000,0.0000,0.00,0.00,0.00,0.000000,0.000000,-0.17,1
93460,0.00,0.0,0.0,0.0,0.0000,0.0000,0.0000,0.0000,0.00,0.00,0.00,0.000000,0.000000,-0.17,1
93473,0.00,0.0,0.0,0.0,0.0000,0.0000,0.0000,0.0000,0.00,0.00,0.00,0.000000,0.000000,-0.17,1
93473,0.00,0.0,0.0,0.0,0.0000,0.0000,0.0000,0.0000,0.00,0.00,0.00,0.000000,0.000000,-0.17,1
93473,0.00,0.0,0.0,0.0,0.0000,0.0000,0.0000,0.0000,0.00,0.00,0.00,0.000000,0.000000,-0.17,1
93473,0.00,0.0,0.0,0.0,0.0000,0.0000,0.0000,0.0000,0.00,0.00,0.00,0.000000,0.000000,-0.17,1
93473,0.00,0.0,0.0,0.0,0.0000,0.0000,0.0000,0.0000,0.00,0.00,0.00,0.000000,0.000000,-0.17,1
93486,0.00,0.0,0.0,0.0,0.0000,0.0000,0.0000,0.0000,0.00,0.00,0.00,0.000000,0.000000,-0.17,1
93486,0.00,0.0,0.0,0.0,0.0000,0.0000,0.0000,0.0000,0.00,0.00,0.00,0.000000,0.000000,-0.17,1
93486,0.00,0.0,0.0,0.0,0.0000,0.0000,0.0000,0.0000,0.00,0.00,0.00,0.000000,0.000000,-0.17,1
93486,0.00,0.0,0.0,0.0,0.0000,0.0000,0.0000,0.0000,0.00,0.00,0.00,0.000000,0.000000,-0.17,1
93486,0.00,0.0,0.0,0.0,0.0000,0.0000,0.0000,0.0000,0.00,0.00,0.00,0.000000,0.000000,-0.17,1
93499,0.00,0.0,0.0,0.0,0.0000,0.0000,0.0000,0.0000,0.00,0.00,0.00,0.000000,0.000000,-0.17,1
93499,0.00,0.0,0.0,0.0,0.0000,0.0000,0.0000,0.0000,0.00,0.00,0.00,0.000000,0.000000,-0.17,1
93499,0.00,0.0,0.0,0.0,0.0000,0.0000,0.0000,0.0000,0.00,0.00,0.00,0.000000,0.000000,-0.17,1
93499,0.00,0.0,0.0,0.0,0.0000,0.0000,0.0000,0.0000,0.00,0.00,0.00,0.000000,0.000000,-0.17,1
93499,0.00,0.0,0.0,0.0,0.0000,0.0000,0.0000,0.0000,0.00,0.00,0.00,0.000000,0.000000,-0.17,1
93511,0.00,0.0,0.0,0.0,0.0000,0.0000,0.0000,0.0000,0.00,0.00,0.00,0.000000,0.000000,-0.17,1
93511,0.00,0.0,0.0,0.0,0.0000,0.0000,0.0000,0.0000,0.00,0.00,0.00,0.000000,0.000000,-0.17,1
93511,0.00,0.0,0.0,0.0,0.0000,0.0000,0.0000,0.0000,0.00,0.00,0.00,0.000000,0.000000,-0.17,1
93511,0.00,0.0,0.0,0.0,0.0000,0.0000,0.0000,0.0000,0.00,0.00,0.00,0.000000,0.000000,-0.17,1
93511,0.00,0.0,0.0,0.0,0.0000,0.0000,0.0000,0.0000,0.00,0.00,0.00,0.000000,0.000000,-0.17,1
93524,0.00,0.0,0.0,0.0,0.0000,0.0000,0.0000,0.0000,0.00,0.00,0.00,0.000000,0.000000,-0.17,1
93524,0.00,0.0,0.0,0.0,0.0000,0.0000,0.0000,0.0000,0.00,0.00,0.00,0.000000,0.000000,-0.17,1
93524,0.00,0.0,0.0,0.0,0.0000,0.0000,0.0000,0.0000,0.00,0.00,0.00,0.000000,0.000000,-0.17,1
93524,0.00,0.0,0.0,0.0,0.0000,0.0000,0.0000,0.0000,0.00,0.00,0.00,0.000000,0.000000,-0.17,1
93524,0.00,0.0,0.0,0.0,0.0000,0.0000,0.0000,0.0000,0.00,0.00,0.00,0.000000,0.000000,-0.17,1
93537,0.00,0.0,0.0,0.0,0.0000,0.0000,0.0000,0.0000,0.00,0.00,0.00,0.000000,0.000000,-0.17,1
93537,0.00,0.0,0.0,0.0,0.0000,0.0000,0.0000,0.0000,0.00,0.00,0.00,0.000000,0.000000,-0.17,1
93537,0.00,0.0,0.0,0.0,0.0000,0.0000,0.0000,0.0000,0.00,0.00,0.00,0.000000,0.000000,-0.17,1
93537,0.00,0.0,0.0,0.0,0.0000,0.0000,0.0000,0.0000,0.00,0.00,0.00,0.000000,0.000000,-0.17,1
93537,0.00,0.0,0.0,0.0,0.0000,0.0000,0.0000,0.0000,0.00,0.00,0.00,0.000000,0.000000,-0.17,1
93550,0.00,0.0,0.0,0.0,0.0000,0.0000,0.0000,0.0000,0.00,0.00,0.00,0.000000,0.000000,-0.16,1
93550,0.00,0.0,0.0,0.0,0.0000,0.0000,0.0000,0.0000,0.00,0.00,0.00,0.000000,0.000000,-0.16,1
93550,0.00,0.0,0.0,0.0,0.0000,0.0000,0.0000,0.0000,0.00,0.00,0.00,0.000000,0.000000,-0.16,1
93550,0.00,0.0,0.0,0.0,0.0000,0.0000,0.0000,0.0000,0.00,0.00,0.00,0.000000,0.000000,-0.16,1
93550,0.00,0.0,0.0,0.0,0.0000,0.0000,0.0000,0.0000,0.00,0.00,0.00,0.000000,0.000000,-0.16,1
93562,0.00,0.0,0.0,0.0,0.0000,0.0000,0.0000,0.0000,0.00,0.00,0.00,0.000000,0.000000,-0.16,1
93562,0.00,0.0,0.0,0.0,0.0000,0.0000,0.0000,0.0000,0.00,0.00,0.00,0.000000,0.000000,-0.16,1
93562,0.00,0.0,0.0,0.0,0.0000,0.0000,0.0000,0.0000,0.00,0.00,0.00,0.000000,0.000000,-0.16,1
93562,0.00,0.0,0.0,0.0,0.0000,0.0000,0.0000,0.0000,0.00,0.00,0.00,0.000000,0.000000,-0.16,1
93562,0.00,0.0,0.0,0.0,0.0000,0.0000,0.0000,0.0000,0.00,0.00,0.00,0.000000,0.000000,-0.16,1
93575,0.00,0.0,0.0,0.0,0.0000,0.0000,0.0000,0.0000,0.00,0.00,0.00,0.000000,0.000000,-0.16,1
93575,0.00,0.0,0.0,0.0,0.0000,0.0000,0.0000,0.0000,0.00,0.00,0.00,0.000000,0.000000,-0.16,1
93575,0.00,0.0,0.0,0.0,0.0000,0.0000,0.0000,0.0000,0.00,0.00,0.00,0.000000,0.000000,-0.16,1
93575,0.00,0.0,0.0,0.0,0.0000,0.0000,0.0000,0.0000,0.00,0.00,0.00,0.000000,0.000000,-0.16,1
93575,0.00,0.0,0.0,0.0,0.0000,0.0000,0.0000,0.0000,0.00,0.00,0.00,0.000000,0.000000,-0.16,1
93588,0.00,0.0,0.0,0.0,0.0000,0.0000,0.0000,0.0000,0.00,0.00,0.00,0.000000,0.000000,-0.16,1
93588,0.00,0.0,0.0,0.0,0.0000,0.0000,0.0000,0.0000,0.00,0.00,0.00,0.000000,0.000000,-0.16,1
93588,0.00,0.0,0.0,0.0,0.0000,0.0000,0.0000,0.0000,0.00,0.00,0.00,0.000000,0.000000,-0.16,1
93588,0.00,0.0,0.0,0.0,0.0000,0.0000,0.0000,0.0000,0.00,0.00,0.00,0.000000,0.000000,-0.16,1
93588,0.00,0.0,0.0,0.0,0.0000,0.0000,0.0000,0.0000,0.00,0.00,0.00,0.000000,0.000000,-0.16,1
93601,0.00,0.0,0.0,0.0,0.0000,0.0000,0.0000,0.0000,0.00,0.00,0.00,0.000000,0.000000,-0.17,1
93601,0.00,0.0,0.0,0.0,0.0000,0.0000,0.0000,0.0000,0.00,0.00,0.00,0.000000,0.000000,-0.17,1
93601,0.00,0.0,0.0,0.0,0.0000,0.0000,0.0000,0.0000,0.00,0.00,0.00,0.000000,0.000000,-0.17,1
93601,0.00,0.0,0.0,0.0,0.0000,0.0000,0.0000,0.0000,0.00,0.00,0.00,0.000000,0.000000,-0.17,1
93601,0.00,0.0,0.0,0.0,0.0000,0.0000,0.0000,0.0000,0.00,0.00,0.00,0.000000,0.000000,-0.17,1
93613,0.00,0.0,0.0,0.0,0.0000,0.0000,0.0000,0.0000,0.00,0.00,0.00,0.000000,0.000000,-0.17,1
93613,0.00,0.0,0.0,0.0,0.0000,0.0000,0.0000,0.0000,0.00,0.00,0.00,0.000000,0.000000,-0.17,1
93613,0.00,0.0,0.0,0.0,0.0000,0.0000,0.0000,0.0000,0.00,0.00,0.00,0.000000,0.000000,-0.17,1
93613,0.00,0.0,0.0,0.0,0.0000,0.0000,0.0000,0.0000,0.00,0.00,0.00,0.000000,0.000000,-0.17,1
93613,0.00,0.0,0.0,0.0,0.0000,0.0000,0.0000,0.0000,0.00,0.00,0.00,0.000000,0.000000,-0.17,1
93626,0.00,0.0,0.0,0.0,0.0000,0.0000,0.0000,0.0000,0.00,0.00,0.00,0.000000,0.000000,-0.17,1
93626,0.00,0.0,0.0,0.0,0.0000,0.0000,0.0000,0.0000,0.00,0.00,0.00,0.000000,0.000000,-0.17,1
93626,0.00,0.0,0.0,0.0,0.0000,0.0000,0.0000,0.0000,0.00,0.00,0.00,0.000000,0.000000,-0.17,1
93626,0.00,0.0,0.0,0.0,0.0000,0.0000,0.0000,0.0000,0.00,0.00,0.00,0.000000,0.000000,-0.17,1
93626,0.00,0.0,0.0,0.0,0.0000,0.0000,0.0000,0.0000,0.00,0.00,0.00,0.000000,0.000000,-0.17,1
93639,0.00,0.0,0.0,0.0,0.0000,0.0000,0.0000,0.0000,0.00,0.00,0.00,0.000000,0.000000,-0.17,1
93639,0.00,0.0,0.0,0.0,0.0000,0.0000,0.0000,0.0000,0.00,0.00,0.00,0.000000,0.000000,-0.17,1
93639,0.00,0.0,0.0,0.0,0.0000,0.0000,0.0000,0.0000,0.00,0.00,0.00,0.000000,0.000000,-0.17,1
93639,0.00,0.0,0.0,0.0,0.0000,0.0000,0.0000,0.0000,0.00,0.00,0.00,0.000000,0.000000,-0.17,1
93639,0.00,0.0,0.0,0.0,0.0000,0.0000,0.0000,0.0000,0.00,0.00,0.00,0.000000,0.000000,-0.17,1
93652,0.00,0.0,0.0,0.0,0.0000,0.0000,0.0000,0.0000,0.00,0.00,0.00,0.000000,0.000000,-0.17,1
93652,0.00,0.0,0.0,0.0,0.0000,0.0000,0.0000,0.0000,0.00,0.00,0.00,0.000000,0.000000,-0.17,1
93652,0.00,0.0,0.0,0.0,0.0000,0.0000,0.0000,0.0000,0.00,0.00,0.00,0.000000,0.000000,-0.17,1
93652,0.00,0.0,0.0,0.0,0.0000,0.0000,0.0000,0.0000,0.00,0.00,0.00,0.000000,0.000000,-0.17,1
93652,0.00,0.0,0.0,0.0,0.0000,0.0000,0.0000,0.0000,0.00,0.00,0.00,0.000000,0.000000,-0.17,1
93664,0.00,0.0,0.0,0.0,0.0000,0.0000,0.0000,0.0000,0.00,0.00,0.00,0.000000,0.000000,-0.17,1
93664,0.00,0.0,0.0,0.0,0.0000,0.0000,0.0000,0.0000,0.00,0.00,0.00,0.000000,0.000000,-0.17,1
93664,0.00,0.0,0.0,0.0,0.0000,0.0000,0.0000,0.0000,0.00,0.00,0.00,0.000000,0.000000,-0.17,1
93664,0.00,0.0,0.0,0.0,0.0000,0.0000,0.0000,0.0000,0.00,0.00,0.00,0.000000,0.000000,-0.17,1
93664,0.00,0.0,0.0,0.0,0.0000,0.0000,0.0000,0.0000,0.00,0.00,0.00,0.000000,0.000000,-0.17,1
93677,0.00,0.0,0.0,0.0,0.0000,0.0000,0.0000,0.0000,0.00,0.00,0.00,0.000000,0.000000,-0.17,1
93677,0.00,0.0,0.0,0.0,0.0000,0.0000,0.0000,0.0000,0.00,0.00,0.00,0.000000,0.000000,-0.17,1
93677,0.00,0.0,0.0,0.0,0.0000,0.0000,0.0000,0.0000,0.00,0.00,0.00,0.000000,0.000000,-0.17,1
93677,0.00,0.0,0.0,0.0,0.0000,0.0000,0.0000,0.0000,0.00,0.00,0.00,0.000000,0.000000,-0.17,1
93677,0.00,0.0,0.0,0.0,0.0000,0.0000,0.0000,0.0000,0.00,0.00,0.00,0.000000,0.000000,-0.17,1
93690,0.00,0.0,0.0,0.0,0.0000,0.0000,0.0000,0.0000,0.00,0.00,0.00,0.000000,0.000000,-0.17,1
93690,0.00,0.0,0.0,0.0,0.0000,0.0000,0.0000,0.0000,0.00,0.00,0.00,0.000000,0.000000,-0.17,1
93690,0.00,0.0,0.0,0.0,0.0000,0.0000,0.0000,0.0000,0.00,0.00,0.00,0.000000,0.000000,-0.17,1
93690,0.00,0.0,0.0,0.0,0.0000,0.0000,0.0000,0.0000,0.00,0.00,0.00,0.000000,0.000000,-0.17,1
93690,0.00,0.0,0.0,0.0,0.0000,0.0000,0.0000,0.0000,0.00,0.00,0.00,0.000000,0.000000,-0.17,1
93703,0.00,0.0,0.0,0.0,0.0000,0.0000,0.0000,0.0000,0.00,0.00,0.00,0.000000,0.000000,-0.17,1
93703,0.00,0.0,0.0,0.0,0.0000,0.0000,0.0000,0.0000,0.00,0.00,0.00,0.000000,0.000000,-0.17,1
93703,0.00,0.0,0.0,0.0,0.0000,0.0000,0.0000,0.0000,0.00,0.00,0.00,0.000000,0.000000,-0.17,1
93703,0.00,0.0,0.0,0.0,0.0000,0.0000,0.0000,0.0000,0.00,0.00,0.00,0.000000,0.000000,-0.17,1
93703,0.00,0.0,0.0,0.0,0.0000,0.0000,0.0000,0.0000,0.00,0.00,0.00,0.000000,0.000000,-0.17,1
93715,0.00,0.0,0.0,0.0,0.0000,0.0000,0.0000,0.0000,0.00,0.00,0.00,0.000000,0.000000,-0.17,1
93715,0.00,0.0,0.0,0.0,0.0000,0.0000,0.0000,0.0000,0.00,0.00,0.00,0.000000,0.000000,-0.17,1
93715,0.00,0.0,0.0,0.0,0.0000,0.0000,0.0000,0.0000,0.00,0.00,0.00,0.000000,0.000000,-0.17,1
93715,0.00,0.0,0.0,0.0,0.0000,0.0000,0.0000,0.0000,0.00,0.00,0.00,0.000000,0.000000,-0.17,1
93715,0.00,0.0,0.0,0.0,0.0000,0.0000,0.0000,0.0000,0.00,0.00,0.00,0.000000,0.000000,-0.17,1
93728,0.00,0.0,0.0,0.0,0.0000,0.0000,0.0000,0.0000,0.00,0.00,0.00,0.000000,0.000000,-0.17,1
93728,0.00,0.0,0.0,0.0,0.0000,0.0000,0.0000,0.0000,0.00,0.00,0.00,0.000000,0.000000,-0.17,1
93728,0.00,0.0,0.0,0.0,0.0000,0.0000,0.0000,0.0000,0.00,0.00,0.00,0.000000,0.000000,-0.17,1
93728,0.00,0.0,0.0,0.0,0.0000,0.0000,0.0000,0.0000,0.00,0.00,0.00,0.000000,0.000000,-0.17,1
93728,0.00,0.0,0.0,0.0,0.0000,0.0000,0.0000,0.0000,0.00,0.00,0.00,0.000000,0.000000,-0.17,1
93741,0.00,0.0,0.0,0.0,0.0000,0.0000,0.0000,0.0000,0.00,0.00,0.00,0.000000,0.000000,-0.17,1
93741,0.00,0.0,0.0,0.0,0.0000,0.0000,0.0000,0.0000,0.00,0.00,0.00,0.000000,0.000000,-0.17,1
93741,0.00,0.0,0.0,0.0,0.0000,0.0000,0.0000,0.0000,0.00,0.00,0.00,0.000000,0.000000,-0.17,1
93741,0.00,0.0,0.0,0.0,0.0000,0.0000,0.0000,0.0000,0.00,0.00,0.00,0.000000,0.000000,-0.17,1
93741,0.00,0.0,0.0,0.0,0.0000,0.0000,0.0000,0.0000,0.00,0.00,0.00,0.000000,0.000000,-0.17,1
93754,0.00,0.0,0.0,0.0,0.0000,0.0000,0.0000,0.0000,0.00,0.00,0.00,0.000000,0.000000,-0.18,1
93754,0.00,0.0,0.0,0.0,0.0000,0.0000,0.0000,0.0000,0.00,0.00,0.00,0.000000,0.000000,-0.18,1
93754,0.00,0.0,0.0,0.0,0.0000,0.0000,0.0000,0.0000,0.00,0.00,0.00,0.000000,0.000000,-0.18,1
93754,0.00,0.0,0.0,0.0,0.0000,0.0000,0.0000,0.0000,0.00,0.00,0.00,0.000000,0.000000,-0.18,1
93754,0.00,0.0,0.0,0.0,0.0000,0.0000,0.0000,0.0000,0.00,0.00,0.00,0.000000,0.000000,-0.18,1
93766,0.00,0.0,0.0,0.0,0.0000,0.0000,0.0000,0.0000,0.00,0.00,0.00,0.000000,0.000000,-0.18,1
93766,0.00,0.0,0.0,0.0,0.0000,0.0000,0.0000,0.0000,0.00,0.00,0.00,0.000000,0.000000,-0.18,1
93766,0.00,0.0,0.0,0.0,0.0000,0.0000,0.0000,0.0000,0.00,0.00,0.00,0.000000,0.000000,-0.18,1
93766,0.00,0.0,0.0,0.0,0.0000,0.0000,0.0000,0.0000,0.00,0.00,0.00,0.000000,0.000000,-0.18,1
93766,0.00,0.0,0.0,0.0,0.0000,0.0000,0.0000,0.0000,0.00,0.00,0.00,0.000000,0.000000,-0.18,1
93779,0.00,0.0,0.0,0.0,0.0000,0.0000,0.0000,0.0000,0.00,0.00,0.00,0.000000,0.000000,-0.18,1
93779,0.00,0.0,0.0,0.0,0.0000,0.0000,0.0000,0.0000,0.00,0.00,0.00,0.000000,0.000000,-0.18,1
93779,0.00,0.0,0.0,0.0,0.0000,0.0000,0.0000,0.0000,0.00,0.00,0.00,0.000000,0.000000,-0.18,1
93779,0.00,0.0,0.0,0.0,0.0000,0.0000,0.0000,0.0000,0.00,0.00,0.00,0.000000,0.000000,-0.18,1
93779,0.00,0.0,0.0,0.0,0.0000,0.0000,0.0000,0.0000,0.00,0.00,0.00,0.000000,0.000000,-0.18,1
93792,0.00,0.0,0.0,0.0,0.0000,0.0000,0.0000,0.0000,0.00,0.00,0.00,0.000000,0.000000,-0.18,1
93792,0.00,0.0,0.0,0.0,0.0000,0.0000,0.0000,0.0000,0.00,0.00,0.00,0.000000,0.000000,-0.18,1
93792,0.00,0.0,0.0,0.0,0.0000,0.0000,0.0000,0.0000,0.00,0.00,0.00,0.000000,0.000000,-0.18,1
93792,0.00,0.0,0.0,0.0,0.0000,0.0000,0.0000,0.0000,0.00,0.00,0.00,0.000000,0.000000,-0.18,1
93792,0.00,0.0,0.0,0.0,0.0000,0.0000,0.0000,0.0000,0.00,0.00,0.00,0.000000,0.000000,-0.18,1
93805,0.00,0.0,0.0,0.0,0.0000,0.0000,0.0000,0.0000,0.00,0.00,0.00,0.000000,0.000000,-0.17,1
93805,0.00,0.0,0.0,0.0,0.0000,0.0000,0.0000,0.0000,0.00,0.00,0.00,0.000000,0.000000,-0.17,1
93805,0.00,0.0,0.0,0.0,0.0000,0.0000,0.0000,0.0000,0.00,0.00,0.00,0.000000,0.000000,-0.17,1
93805,0.00,0.0,0.0,0.0,0.0000,0.0000,0.0000,0.0000,0.00,0.00,0.00,0.000000,0.000000,-0.17,1
93805,0.00,0.0,0.0,0.0,0.0000,0.0000,0.0000,0.0000,0.00,0.00,0.00,0.000000,0.000000,-0.17,1
93817,0.00,0.0,0.0,0.0,0.0000,0.0000,0.0000,0.0000,0.00,0.00,0.00,0.000000,0.000000,-0.17,1
93817,0.00,0.0,0.0,0.0,0.0000,0.0000,0.0000,0.0000,0.00,0.00,0.00,0.000000,0.000000,-0.17,1
93817,0.00,0.0,0.0,0.0,0.0000,0.0000,0.0000,0.0000,0.00,0.00,0.00,0.000000,0.000000,-0.17,1
93817,0.00,0.0,0.0,0.0,0.0000,0.0000,0.0000,0.0000,0.00,0.00,0.00,0.000000,0.000000,-0.17,1
93817,0.00,0.0,0.0,0.0,0.0000,0.0000,0.0000,0.0000,0.00,0.00,0.00,0.000000,0.000000,-0.17,1
93830,0.00,0.0,0.0,0.0,0.0000,0.0000,0.0000,0.0000,0.00,0.00,0.00,0.000000,0.000000,-0.17,1
93830,0.00,0.0,0.0,0.0,0.0000,0.0000,0.0000,0.0000,0.00,0.00,0.00,0.000000,0.000000,-0.17,1
93830,0.00,0.0,0.0,0.0,0.0000,0.0000,0.0000,0.0000,0.00,0.00,0.00,0.000000,0.000000,-0.17,1
93830,0.00,0.0,0.0,0.0,0.0000,0.0000,0.0000,0.0000,0.00,0.00,0.00,0.000000,0.000000,-0.17,1
93830,0.00,0.0,0.0,0.0,0.0000,0.0000,0.0000,0.0000,0.00,0.00,0.00,0.000000,0.000000,-0.17,1
93843,0.00,0.0,0.0,0.0,0.0000,0.0000,0.0000,0.0000,0.00,0.00,0.00,0.000000,0.000000,-0.17,1
93843,0.00,0.0,0.0,0.0,0.0000,0.0000,0.0000,0.0000,0.00,0.00,0.00,0.000000,0.000000,-0.17,1
93843,0.00,0.0,0.0,0.0,0.0000,0.0000,0.0000,0.0000,0.00,0.00,0.00,0.000000,0.000000,-0.17,1
93843,0.00,0.0,0.0,0.0,0.0000,0.0000,0.0000,0.0000,0.00,0.00,0.00,0.000000,0.000000,-0.17,1
93843,0.00,0.0,0.0,0.0,0.0000,0.0000,0.0000,0.0000,0.00,0.00,0.00,0.000000,0.000000,-0.17,1
93856,0.00,0.0,0.0,0.0,0.0000,0.0000,0.0000,0.0000,0.00,0.00,0.00,0.000000,0.000000,-0.17,1
93856,0.00,0.0,0.0,0.0,0.0000,0.0000,0.0000,0.0000,0.00,0.00,0.00,0.000000,0.000000,-0.17,1
93856,0.00,0.0,0.0,0.0,0.0000,0.0000,0.0000,0.0000,0.00,0.00,0.00,0.000000,0.000000,-0.17,1
93856,0.00,0.0,0.0,0.0,0.0000,0.0000,0.0000,0.0000,0.00,0.00,0.00,0.000000,0.000000,-0.17,1
93856,0.00,0.0,0.0,0.0,0.0000,0.0000,0.0000,0.0000,0.00,0.00,0.00,0.000000,0.000000,-0.17,1
93868,0.00,0.0,0.0,0.0,0.0000,0.0000,0.0000,0.0000,0.00,0.00,0.00,0.000000,0.000000,-0.17,1
93868,0.00,0.0,0.0,0.0,0.0000,0.0000,0.0000,0.0000,0.00,0.00,0.00,0.000000,0.000000,-0.17,1
93868,0.00,0.0,0.0,0.0,0.0000,0.0000,0.0000,0.0000,0.00,0.00,0.00,0.000000,0.000000,-0.17,1
93868,0.00,0.0,0.0,0.0,0.0000,0.0000,0.0000,0.0000,0.00,0.00,0.00,0.000000,0.000000,-0.17,1
93868,0.00,0.0,0.0,0.0,0.0000,0.0000,0.0000,0.0000,0.00,0.00,0.00,0.000000,0.000000,-0.17,1
93881,0.00,0.0,0.0,0.0,0.0000,0.0000,0.0000,0.0000,0.00,0.00,0.00,0.000000,0.000000,-0.17,1
93881,0.00,0.0,0.0,0.0,0.0000,0.0000,0.0000,0.0000,0.00,0.00,0.00,0.000000,0.000000,-0.17,1
93881,0.00,0.0,0.0,0.0,0.0000,0.0000,0.0000,0.0000,0.00,0.00,0.00,0.000000,0.000000,-0.17,1
93881,0.00,0.0,0.0,0.0,0.0000,0.0000,0.0000,0.0000,0.00,0.00,0.00,0.000000,0.000000,-0.17,1
93881,0.00,0.0,0.0,0.0,0.0000,0.0000,0.0000,0.0000,0.00,0.00,0.00,0.000000,0.000000,-0.17,1
93894,0.00,0.0,0.0,0.0,0.0000,0.0000,0.0000,0.0000,0.00,0.00,0.00,0.000000,0.000000,-0.17,1
93894,0.00,0.0,0.0,0.0,0.0000,0.0000,0.0000,0.0000,0.00,0.00,0.00,0.000000,0.000000,-0.17,1
93894,0.00,0.0,0.0,0.0,0.0000,0.0000,0.0000,0.0000,0.00,0.00,0.00,0.000000,0.000000,-0.17,1
93894,0.00,0.0,0.0,0.0,0.0000,0.0000,0.0000,0.0000,0.00,0.00,0.00,0.000000,0.000000,-0.17,1
93894,0.00,0.0,0.0,0.0,0.0000,0.0000,0.0000,0.0000,0.00,0.00,0.00,0.000000,0.000000,-0.17,1
93907,0.00,0.0,0.0,0.0,0.0000,0.0000,0.0000,0.0000,0.00,0.00,0.00,0.000000,0.000000,-0.17,1
93907,0.00,0.0,0.0,0.0,0.0000,0.0000,0.0000,0.0000,0.00,0.00,0.00,0.000000,0.000000,-0.17,1
93907,0.00,0.0,0.0,0.0,0.0000,0.0000,0.0000,0.0000,0.00,0.00,0.00,0.000000,0.000000,-0.17,1
93907,0.00,0.0,0.0,0.0,0.0000,0.0000,0.0000,0.0000,0.00,0.00,0.00,0.000000,0.000000,-0.17,1
93907,0.00,0.0,0.0,0.0,0.0000,0.0000,0.0000,0.0000,0.00,0.00,0.00,0.000000,0.000000,-0.17,1
93919,0.00,0.0,0.0,0.0,0.0000,0.0000,0.0000,0.0000,0.00,0.00,0.00,0.000000,0.000000,-0.17,1
93919,0.00,0.0,0.0,0.0,0.0000,0.0000,0.0000,0.0000,0.00,0.00,0.00,0.000000,0.000000,-0.17,1
93919,0.00,0.0,0.0,0.0,0.0000,0.0000,0.0000,0.0000,0.00,0.00,0.00,0.000000,0.000000,-0.17,1
93919,0.00,0.0,0.0,0.0,0.0000,0.0000,0.0000,0.0000,0.00,0.00,0.00,0.000000,0.000000,-0.17,1
93919,0.00,0.0,0.0,0.0,0.0000,0.0000,0.0000,0.0000,0.00,0.00,0.00,0.000000,0.000000,-0.17,1
93932,0.00,0.0,0.0,0.0,0.0000,0.0000,0.0000,0.0000,0.00,0.00,0.00,0.000000,0.000000,-0.17,1
93932,0.00,0.0,0.0,0.0,0.0000,0.0000,0.0000,0.0000,0.00,0.00,0.00,0.000000,0.000000,-0.17,1
93932,0.00,0.0,0.0,0.0,0.0000,0.0000,0.0000,0.0000,0.00,0.00,0.00,0.000000,0.000000,-0.17,1
93932,0.00,0.0,0.0,0.0,0.0000,0.0000,0.0000,0.0000,0.00,0.00,0.00,0.000000,0.000000,-0.17,1
93932,0.00,0.0,0.0,0.0,0.0000,0.0000,0.0000,0.0000,0.00,0.00,0.00,0.000000,0.000000,-0.17,1
93945,0.00,0.0,0.0,0.0,0.0000,0.0000,0.0000,0.0000,0.00,0.00,0.00,0.000000,0.000000,-0.17,1
93945,0.00,0.0,0.0,0.0,0.0000,0.0000,0.0000,0.0000,0.00,0.00,0.00,0.000000,0.000000,-0.17,1
93945,0.00,0.0,0.0,0.0,0.0000,0.0000,0.0000,0.0000,0.00,0.00,0.00,0.000000,0.000000,-0.17,1
93945,0.00,0.0,0.0,0.0,0.0000,0.0000,0.0000,0.0000,0.00,0.00,0.00,0.000000,0.000000,-0.17,1
93945,0.00,0.0,0.0,0.0,0.0000,0.0000,0.0000,0.0000,0.00,0.00,0.00,0.000000,0.000000,-0.17,1
93958,0.00,0.0,0.0,0.0,0.0000,0.0000,0.0000,0.0000,0.00,0.00,0.00,0.000000,0.000000,-0.17,1
93958,0.00,0.0,0.0,0.0,0.0000,0.0000,0.0000,0.0000,0.00,0.00,0.00,0.000000,0.000000,-0.17,1
93958,0.00,0.0,0.0,0.0,0.0000,0.0000,0.0000,0.0000,0.00,0.00,0.00,0.000000,0.000000,-0.17,1
93958,0.00,0.0,0.0,0.0,0.0000,0.0000,0.0000,0.0000,0.00,0.00,0.00,0.000000,0.000000,-0.17,1
93958,0.00,0.0,0.0,0.0,0.0000,0.0000,0.0000,0.0000,0.00,0.00,0.00,0.000000,0.000000,-0.17,1
93970,0.00,0.0,0.0,0.0,0.0000,0.0000,0.0000,0.0000,0.00,0.00,0.00,0.000000,0.000000,-0.17,1
93970,0.00,0.0,0.0,0.0,0.0000,0.0000,0.0000,0.0000,0.00,0.00,0.00,0.000000,0.000000,-0.17,1
93970,0.00,0.0,0.0,0.0,0.0000,0.0000,0.0000,0.0000,0.00,0.00,0.00,0.000000,0.000000,-0.17,1
93970,0.00,0.0,0.0,0.0,0.0000,0.0000,0.0000,0.0000,0.00,0.00,0.00,0.000000,0.000000,-0.17,1
93970,0.00,0.0,0.0,0.0,0.0000,0.0000,0.0000,0.0000,0.00,0.00,0.00,0.000000,0.000000,-0.17,1
93983,0.00,0.0,0.0,0.0,0.0000,0.0000,0.0000,0.0000,0.00,0.00,0.00,0.000000,0.000000,-0.17,1
93983,0.00,0.0,0.0,0.0,0.0000,0.0000,0.0000,0.0000,0.00,0.00,0.00,0.000000,0.000000,-0.17,1
93983,0.00,0.0,0.0,0.0,0.0000,0.0000,0.0000,0.0000,0.00,0.00,0.00,0.000000,0.000000,-0.17,1
93983,0.00,0.0,0.0,0.0,0.0000,0.0000,0.0000,0.0000,0.00,0.00,0.00,0.000000,0.000000,-0.17,1
93983,0.00,0.0,0.0,0.0,0.0000,0.0000,0.0000,0.0000,0.00,0.00,0.00,0.000000,0.000000,-0.17,1
93996,0.00,0.0,0.0,0.0,0.0000,0.0000,0.0000,0.0000,0.00,0.00,0.00,0.000000,0.000000,-0.17,1
93996,0.00,0.0,0.0,0.0,0.0000,0.0000,0.0000,0.0000,0.00,0.00,0.00,0.000000,0.000000,-0.17,1
93996,0.00,0.0,0.0,0.0,0.0000,0.0000,0.0000,0.0000,0.00,0.00,0.00,0.000000,0.000000,-0.17,1
93996,0.00,0.0,0.0,0.0,0.0000,0.0000,0.0000,0.0000,0.00,0.00,0.00,0.000000,0.000000,-0.17,1
93996,0.00,0.0,0.0,0.0,0.0000,0.0000,0.0000,0.0000,0.00,0.00,0.00,0.000000,0.000000,-0.17,1
94009,0.00,0.0,0.0,0.0,0.0000,0.0000,0.0000,0.0000,0.00,0.00,0.00,0.000000,0.000000,-0.17,1
94009,0.00,0.0,0.0,0.0,0.0000,0.0000,0.0000,0.0000,0.00,0.00,0.00,0.000000,0.000000,-0.17,1
94009,0.00,0.0,0.0,0.0,0.0000,0.0000,0.0000,0.0000,0.00,0.00,0.00,0.000000,0.000000,-0.17,1
94009,0.00,0.0,0.0,0.0,0.0000,0.0000,0.0000,0.0000,0.00,0.00,0.00,0.000000,0.000000,-0.17,1
94009,0.00,0.0,0.0,0.0,0.0000,0.0000,0.0000,0.0000,0.00,0.00,0.00,0.000000,0.000000,-0.17,1
94021,0.00,0.0,0.0,0.0,0.0000,0.0000,0.0000,0.0000,0.00,0.00,0.00,0.000000,0.000000,-0.17,1
94021,0.00,0.0,0.0,0.0,0.0000,0.0000,0.0000,0.0000,0.00,0.00,0.00,0.000000,0.000000,-0.17,1
94021,0.00,0.0,0.0,0.0,0.0000,0.0000,0.0000,0.0000,0.00,0.00,0.00,0.000000,0.000000,-0.17,1
94021,0.00,0.0,0.0,0.0,0.0000,0.0000,0.0000,0.0000,0.00,0.00,0.00,0.000000,0.000000,-0.17,1
94021,0.00,0.0,0.0,0.0,0.0000,0.0000,0.0000,0.0000,0.00,0.00,0.00,0.000000,0.000000,-0.17,1
94034,0.00,0.0,0.0,0.0,0.0000,0.0000,0.0000,0.0000,0.00,0.00,0.00,0.000000,0.000000,-0.17,1
94034,0.00,0.0,0.0,0.0,0.0000,0.0000,0.0000,0.0000,0.00,0.00,0.00,0.000000,0.000000,-0.17,1
94034,0.00,0.0,0.0,0.0,0.0000,0.0000,0.0000,0.0000,0.00,0.00,0.00,0.000000,0.000000,-0.17,1
94034,0.00,0.0,0.0,0.0,0.0000,0.0000,0.0000,0.0000,0.00,0.00,0.00,0.000000,0.000000,-0.17,1
94034,0.00,0.0,0.0,0.0,0.0000,0.0000,0.0000,0.0000,0.00,0.00,0.00,0.000000,0.000000,-0.17,1
94047,0.00,0.0,0.0,0.0,0.0000,0.0000,0.0000,0.0000,0.00,0.00,0.00,0.000000,0.000000,-0.17,1
94047,0.00,0.0,0.0,0.0,0.0000,0.0000,0.0000,0.0000,0.00,0.00,0.00,0.000000,0.000000,-0.17,1
94047,0.00,0.0,0.0,0.0,0.0000,0.0000,0.0000,0.0000,0.00,0.00,0.00,0.000000,0.000000,-0.17,1
94047,0.00,0.0,0.0,0.0,0.0000,0.0000,0.0000,0.0000,0.00,0.00,0.00,0.000000,0.000000,-0.17,1
94047,0.00,0.0,0.0,0.0,0.0000,0.0000,0.0000,0.0000,0.00,0.00,0.00,0.000000,0.000000,-0.17,1
94060,0.00,0.0,0.0,0.0,0.0000,0.0000,0.0000,0.0000,0.00,0.00,0.00,0.000000,0.000000,-0.17,1
94060,0.00,0.0,0.0,0.0,0.0000,0.0000,0.0000,0.0000,0.00,0.00,0.00,0.000000,0.000000,-0.17,1
94060,0.00,0.0,0.0,0.0,0.0000,0.0000,0.0000,0.0000,0.00,0.00,0.00,0.000000,0.000000,-0.17,1
94060,0.00,0.0,0.0,0.0,0.0000,0.0000,0.0000,0.0000,0.00,0.00,0.00,0.000000,0.000000,-0.17,1
94060,0.00,0.0,0.0,0.0,0.0000,0.0000,0.0000,0.0000,0.00,0.00,0.00,0.000000,0.000000,-0.17,1
94072,0.00,0.0,0.0,0.0,0.0000,0.0000,0.0000,0.0000,0.00,0.00,0.00,0.000000,0.000000,-0.17,1
94072,0.00,0.0,0.0,0.0,0.0000,0.0000,0.0000,0.0000,0.00,0.00,0.00,0.000000,0.000000,-0.17,1
94072,0.00,0.0,0.0,0.0,0.0000,0.0000,0.0000,0.0000,0.00,0.00,0.00,0.000000,0.000000,-0.17,1
94072,0.00,0.0,0.0,0.0,0.0000,0.0000,0.0000,0.0000,0.00,0.00,0.00,0.000000,0.000000,-0.17,1
94072,0.00,0.0,0.0,0.0,0.0000,0.0000,0.0000,0.0000,0.00,0.00,0.00,0.000000,0.000000,-0.17,1
94085,0.00,0.0,0.0,0.0,0.0000,0.0000,0.0000,0.0000,0.00,0.00,0.00,0.000000,0.000000,-0.17,1
94085,0.00,0.0,0.0,0.0,0.0000,0.0000,0.0000,0.0000,0.00,0.00,0.00,0.000000,0.000000,-0.17,1
94085,0.00,0.0,0.0,0.0,0.0000,0.0000,0.0000,0.0000,0.00,0.00,0.00,0.000000,0.000000,-0.17,1
94085,0.00,0.0,0.0,0.0,0.0000,0.0000,0.0000,0.0000,0.00,0.00,0.00,0.000000,0.000000,-0.17,1
94085,0.00,0.0,0.0,0.0,0.0000,0.0000,0.0000,0.0000,0.00,0.00,0.00,0.000000,0.000000,-0.17,1
94098,0.00,0.0,0.0,0.0,0.0000,0.0000,0.0000,0.0000,0.00,0.00,0.00,0.000000,0.000000,-0.17,1
94098,0.00,0.0,0.0,0.0,0.0000,0.0000,0.0000,0.0000,0.00,0.00,0.00,0.000000,0.000000,-0.17,1
94098,0.00,0.0,0.0,0.0,0.0000,0.0000,0.0000,0.0000,0.00,0.00,0.00,0.000000,0.000000,-0.17,1
94098,0.00,0.0,0.0,0.0,0.0000,0.0000,0.0000,0.0000,0.00,0.00,0.00,0.000000,0.000000,-0.17,1
94098,0.00,0.0,0.0,0.0,0.0000,0.0000,0.0000,0.0000,0.00,0.00,0.00,0.000000,0.000000,-0.17,1
94111,0.00,0.0,0.0,0.0,0.0000,0.0000,0.0000,0.0000,0.00,0.00,0.00,0.000000,0.000000,-0.17,1
94111,0.00,0.0,0.0,0.0,0.0000,0.0000,0.0000,0.0000,0.00,0.00,0.00,0.000000,0.000000,-0.17,1
94111,0.00,0.0,0.0,0.0,0.0000,0.0000,0.0000,0.0000,0.00,0.00,0.00,0.000000,0.000000,-0.17,1
94111,0.00,0.0,0.0,0.0,0.0000,0.0000,0.0000,0.0000,0.00,0.00,0.00,0.000000,0.000000,-0.17,1
94111,0.00,0.0,0.0,0.0,0.0000,0.0000,0.0000,0.0000,0.00,0.00,0.00,0.000000,0.000000,-0.17,1
94123,0.00,0.0,0.0,0.0,0.0000,0.0000,0.0000,0.0000,0.00,0.00,0.00,0.000000,0.000000,-0.17,1
94123,0.00,0.0,0.0,0.0,0.0000,0.0000,0.0000,0.0000,0.00,0.00,0.00,0.000000,0.000000,-0.17,1
94123,0.00,0.0,0.0,0.0,0.0000,0.0000,0.0000,0.0000,0.00,0.00,0.00,0.000000,0.000000,-0.17,1
94123,0.00,0.0,0.0,0.0,0.0000,0.0000,0.0000,0.0000,0.00,0.00,0.00,0.000000,0.000000,-0.17,1
94123,0.00,0.0,0.0,0.0,0.0000,0.0000,0.0000,0.0000,0.00,0.00,0.00,0.000000,0.000000,-0.17,1
94136,0.00,0.0,0.0,0.0,0.0000,0.0000,0.0000,0.0000,0.00,0.00,0.00,0.000000,0.000000,-0.17,1
94136,0.00,0.0,0.0,0.0,0.0000,0.0000,0.0000,0.0000,0.00,0.00,0.00,0.000000,0.000000,-0.17,1
94136,0.00,0.0,0.0,0.0,0.0000,0.0000,0.0000,0.0000,0.00,0.00,0.00,0.000000,0.000000,-0.17,1
94136,0.00,0.0,0.0,0.0,0.0000,0.0000,0.0000,0.0000,0.00,0.00,0.00,0.000000,0.000000,-0.17,1
94136,0.00,0.0,0.0,0.0,0.0000,0.0000,0.0000,0.0000,0.00,0.00,0.00,0.000000,0.000000,-0.17,1
94149,0.00,0.0,0.0,0.0,0.0000,0.0000,0.0000,0.0000,0.00,0.00,0.00,0.000000,0.000000,-0.17,1
94149,0.00,0.0,0.0,0.0,0.0000,0.0000,0.0000,0.0000,0.00,0.00,0.00,0.000000,0.000000,-0.17,1
94149,0.00,0.0,0.0,0.0,0.0000,0.0000,0.0000,0.0000,0.00,0.00,0.00,0.000000,0.000000,-0.17,1
94149,0.00,0.0,0.0,0.0,0.0000,0.0000,0.0000,0.0000,0.00,0.00,0.00,0.000000,0.000000,-0.17,1
94149,0.00,0.0,0.0,0.0,0.0000,0.0000,0.0000,0.0000,0.00,0.00,0.00,0.000000,0.000000,-0.17,1
94162,0.00,0.0,0.0,0.0,0.0000,0.0000,0.0000,0.0000,0.00,0.00,0.00,0.000000,0.000000,-0.17,1
94162,0.00,0.0,0.0,0.0,0.0000,0.0000,0.0000,0.0000,0.00,0.00,0.00,0.000000,0.000000,-0.17,1
94162,0.00,0.0,0.0,0.0,0.0000,0.0000,0.0000,0.0000,0.00,0.00,0.00,0.000000,0.000000,-0.17,1
94162,0.00,0.0,0.0,0.0,0.0000,0.0000,0.0000,0.0000,0.00,0.00,0.00,0.000000,0.000000,-0.17,1
94162,0.00,0.0,0.0,0.0,0.0000,0.0000,0.0000,0.0000,0.00,0.00,0.00,0.000000,0.000000,-0.17,1
94174,0.00,0.0,0.0,0.0,0.0000,0.0000,0.0000,0.0000,0.00,0.00,0.00,0.000000,0.000000,-0.17,1
94174,0.00,0.0,0.0,0.0,0.0000,0.0000,0.0000,0.0000,0.00,0.00,0.00,0.000000,0.000000,-0.17,1
94174,0.00,0.0,0.0,0.0,0.0000,0.0000,0.0000,0.0000,0.00,0.00,0.00,0.000000,0.000000,-0.17,1
94174,0.00,0.0,0.0,0.0,0.0000,0.0000,0.0000,0.0000,0.00,0.00,0.00,0.000000,0.000000,-0.17,1
94174,0.00,0.0,0.0,0.0,0.0000,0.0000,0.0000,0.0000,0.00,0.00,0.00,0.000000,0.000000,-0.17,1
94187,0.00,0.0,0.0,0.0,0.0000,0.0000,0.0000,0.0000,0.00,0.00,0.00,0.000000,0.000000,-0.17,1
94187,0.00,0.0,0.0,0.0,0.0000,0.0000,0.0000,0.0000,0.00,0.00,0.00,0.000000,0.000000,-0.17,1
94187,0.00,0.0,0.0,0.0,0.0000,0.0000,0.0000,0.0000,0.00,0.00,0.00,0.000000,0.000000,-0.17,1
94187,0.00,0.0,0.0,0.0,0.0000,0.0000,0.0000,0.0000,0.00,0.00,0.00,0.000000,0.000000,-0.17,1
94187,0.00,0.0,0.0,0.0,0.0000,0.0000,0.0000,0.0000,0.00,0.00,0.00,0.000000,0.000000,-0.17,1
94200,0.00,0.0,0.0,0.0,0.0000,0.0000,0.0000,0.0000,0.00,0.00,0.00,0.000000,0.000000,-0.17,1
94200,0.00,0.0,0.0,0.0,0.0000,0.0000,0.0000,0.0000,0.00,0.00,0.00,0.000000,0.000000,-0.17,1
94200,0.00,0.0,0.0,0.0,0.0000,0.0000,0.0000,0.0000,0.00,0.00,0.00,0.000000,0.000000,-0.17,1
94200,0.00,0.0,0.0,0.0,0.0000,0.0000,0.0000,0.0000,0.00,0.00,0.00,0.000000,0.000000,-0.17,1
94200,0.00,0.0,0.0,0.0,0.0000,0.0000,0.0000,0.0000,0.00,0.00,0.00,0.000000,0.000000,-0.17,1
94213,0.00,0.0,0.0,0.0,0.0000,0.0000,0.0000,0.0000,0.00,0.00,0.00,0.000000,0.000000,-0.17,1
94213,0.00,0.0,0.0,0.0,0.0000,0.0000,0.0000,0.0000,0.00,0.00,0.00,0.000000,0.000000,-0.17,1
94213,0.00,0.0,0.0,0.0,0.0000,0.0000,0.0000,0.0000,0.00,0.00,0.00,0.000000,0.000000,-0.17,1
94213,0.00,0.0,0.0,0.0,0.0000,0.0000,0.0000,0.0000,0.00,0.00,0.00,0.000000,0.000000,-0.17,1
94213,0.00,0.0,0.0,0.0,0.0000,0.0000,0.0000,0.0000,0.00,0.00,0.00,0.000000,0.000000,-0.17,1
94225,0.00,0.0,0.0,0.0,0.0000,0.0000,0.0000,0.0000,0.00,0.00,0.00,0.000000,0.000000,-0.17,1
94225,0.00,0.0,0.0,0.0,0.0000,0.0000,0.0000,0.0000,0.00,0.00,0.00,0.000000,0.000000,-0.17,1
94225,0.00,0.0,0.0,0.0,0.0000,0.0000,0.0000,0.0000,0.00,0.00,0.00,0.000000,0.000000,-0.17,1
94225,0.00,0.0,0.0,0.0,0.0000,0.0000,0.0000,0.0000,0.00,0.00,0.00,0.000000,0.000000,-0.17,1
94225,0.00,0.0,0.0,0.0,0.0000,0.0000,0.0000,0.0000,0.00,0.00,0.00,0.000000,0.000000,-0.17,1
94238,0.00,0.0,0.0,0.0,0.0000,0.0000,0.0000,0.0000,0.00,0.00,0.00,0.000000,0.000000,-0.17,1
94238,0.00,0.0,0.0,0.0,0.0000,0.0000,0.0000,0.0000,0.00,0.00,0.00,0.000000,0.000000,-0.17,1
94238,0.00,0.0,0.0,0.0,0.0000,0.0000,0.0000,0.0000,0.00,0.00,0.00,0.000000,0.000000,-0.17,1
94238,0.00,0.0,0.0,0.0,0.0000,0.0000,0.0000,0.0000,0.00,0.00,0.00,0.000000,0.000000,-0.17,1
94238,0.00,0.0,0.0,0.0,0.0000,0.0000,0.0000,0.0000,0.00,0.00,0.00,0.000000,0.000000,-0.17,1
94251,0.00,0.0,0.0,0.0,0.0000,0.0000,0.0000,0.0000,0.00,0.00,0.00,0.000000,0.000000,-0.17,1
94251,0.00,0.0,0.0,0.0,0.0000,0.0000,0.0000,0.0000,0.00,0.00,0.00,0.000000,0.000000,-0.17,1
94251,0.00,0.0,0.0,0.0,0.0000,0.0000,0.0000,0.0000,0.00,0.00,0.00,0.000000,0.000000,-0.17,1
94251,0.00,0.0,0.0,0.0,0.0000,0.0000,0.0000,0.0000,0.00,0.00,0.00,0.000000,0.000000,-0.17,1
94251,0.00,0.0,0.0,0.0,0.0000,0.0000,0.0000,0.0000,0.00,0.00,0.00,0.000000,0.000000,-0.17,1
94264,0.00,0.0,0.0,0.0,0.0000,0.0000,0.0000,0.0000,0.00,0.00,0.00,0.000000,0.000000,-0.17,1
94264,0.00,0.0,0.0,0.0,0.0000,0.0000,0.0000,0.0000,0.00,0.00,0.00,0.000000,0.000000,-0.17,1
94264,0.00,0.0,0.0,0.0,0.0000,0.0000,0.0000,0.0000,0.00,0.00,0.00,0.000000,0.000000,-0.17,1
94264,0.00,0.0,0.0,0.0,0.0000,0.0000,0.0000,0.0000,0.00,0.00,0.00,0.000000,0.000000,-0.17,1
94264,0.00,0.0,0.0,0.0,0.0000,0.0000,0.0000,0.0000,0.00,0.00,0.00,0.000000,0.000000,-0.17,1
94276,0.00,0.0,0.0,0.0,0.0000,0.0000,0.0000,0.0000,0.00,0.00,0.00,0.000000,0.000000,-0.17,1
94276,0.00,0.0,0.0,0.0,0.0000,0.0000,0.0000,0.0000,0.00,0.00,0.00,0.000000,0.000000,-0.17,1
94276,0.00,0.0,0.0,0.0,0.0000,0.0000,0.0000,0.0000,0.00,0.00,0.00,0.000000,0.000000,-0.17,1
94276,0.00,0.0,0.0,0.0,0.0000,0.0000,0.0000,0.0000,0.00,0.00,0.00,0.000000,0.000000,-0.17,1
94276,0.00,0.0,0.0,0.0,0.0000,0.0000,0.0000,0.0000,0.00,0.00,0.00,0.000000,0.000000,-0.17,1
94289,0.00,0.0,0.0,0.0,0.0000,0.0000,0.0000,0.0000,0.00,0.00,0.00,0.000000,0.000000,-0.17,1
94289,0.00,0.0,0.0,0.0,0.0000,0.0000,0.0000,0.0000,0.00,0.00,0.00,0.000000,0.000000,-0.17,1
94289,0.00,0.0,0.0,0.0,0.0000,0.0000,0.0000,0.0000,0.00,0.00,0.00,0.000000,0.000000,-0.17,1
94289,0.00,0.0,0.0,0.0,0.0000,0.0000,0.0000,0.0000,0.00,0.00,0.00,0.000000,0.000000,-0.17,1
94289,0.00,0.0,0.0,0.0,0.0000,0.0000,0.0000,0.0000,0.00,0.00,0.00,0.000000,0.000000,-0.17,1
94302,0.00,0.0,0.0,0.0,0.0000,0.0000,0.0000,0.0000,0.00,0.00,0.00,0.000000,0.000000,-0.17,1
94302,0.00,0.0,0.0,0.0,0.0000,0.0000,0.0000,0.0000,0.00,0.00,0.00,0.000000,0.000000,-0.17,1
94302,0.00,0.0,0.0,0.0,0.0000,0.0000,0.0000,0.0000,0.00,0.00,0.00,0.000000,0.000000,-0.17,1
94302,0.00,0.0,0.0,0.0,0.0000,0.0000,0.0000,0.0000,0.00,0.00,0.00,0.000000,0.000000,-0.17,1
94302,0.00,0.0,0.0,0.0,0.0000,0.0000,0.0000,0.0000,0.00,0.00,0.00,0.000000,0.000000,-0.17,1
94315,0.00,0.0,0.0,0.0,0.0000,0.0000,0.0000,0.0000,0.00,0.00,0.00,0.000000,0.000000,-0.17,1
94315,0.00,0.0,0.0,0.0,0.0000,0.0000,0.0000,0.0000,0.00,0.00,0.00,0.000000,0.000000,-0.17,1
94315,0.00,0.0,0.0,0.0,0.0000,0.0000,0.0000,0.0000,0.00,0.00,0.00,0.000000,0.000000,-0.17,1
94315,0.00,0.0,0.0,0.0,0.0000,0.0000,0.0000,0.0000,0.00,0.00,0.00,0.000000,0.000000,-0.17,1
94315,0.00,0.0,0.0,0.0,0.0000,0.0000,0.0000,0.0000,0.00,0.00,0.00,0.000000,0.000000,-0.17,1
94327,0.00,0.0,0.0,0.0,0.0000,0.0000,0.0000,0.0000,0.00,0.00,0.00,0.000000,0.000000,-0.17,1
94327,0.00,0.0,0.0,0.0,0.0000,0.0000,0.0000,0.0000,0.00,0.00,0.00,0.000000,0.000000,-0.17,1
94327,0.00,0.0,0.0,0.0,0.0000,0.0000,0.0000,0.0000,0.00,0.00,0.00,0.000000,0.000000,-0.17,1
94327,0.00,0.0,0.0,0.0,0.0000,0.0000,0.0000,0.0000,0.00,0.00,0.00,0.000000,0.000000,-0.17,1
94327,0.00,0.0,0.0,0.0,0.0000,0.0000,0.0000,0.0000,0.00,0.00,0.00,0.000000,0.000000,-0.17,1
94340,0.00,0.0,0.0,0.0,0.0000,0.0000,0.0000,0.0000,0.00,0.00,0.00,0.000000,0.000000,-0.17,1
94340,0.00,0.0,0.0,0.0,0.0000,0.0000,0.0000,0.0000,0.00,0.00,0.00,0.000000,0.000000,-0.17,1
94340,0.00,0.0,0.0,0.0,0.0000,0.0000,0.0000,0.0000,0.00,0.00,0.00,0.000000,0.000000,-0.17,1
94340,0.00,0.0,0.0,0.0,0.0000,0.0000,0.0000,0.0000,0.00,0.00,0.00,0.000000,0.000000,-0.17,1
94340,0.00,0.0,0.0,0.0,0.0000,0.0000,0.0000,0.0000,0.00,0.00,0.00,0.000000,0.000000,-0.17,1
94353,0.00,0.0,0.0,0.0,0.0000,0.0000,0.0000,0.0000,0.00,0.00,0.00,0.000000,0.000000,-0.17,1
94353,0.00,0.0,0.0,0.0,0.0000,0.0000,0.0000,0.0000,0.00,0.00,0.00,0.000000,0.000000,-0.17,1
94353,0.00,0.0,0.0,0.0,0.0000,0.0000,0.0000,0.0000,0.00,0.00,0.00,0.000000,0.000000,-0.17,1
94353,0.00,0.0,0.0,0.0,0.0000,0.0000,0.0000,0.0000,0.00,0.00,0.00,0.000000,0.000000,-0.17,1
94353,0.00,0.0,0.0,0.0,0.0000,0.0000,0.0000,0.0000,0.00,0.00,0.00,0.000000,0.000000,-0.17,1
94417,0.00,0.0,0.0,0.0,0.0000,0.0000,0.0000,0.0000,0.00,0.00,0.00,0.000000,0.000000,-0.17,1
94442,0.00,0.0,0.0,0.0,0.0000,0.0000,0.0000,0.0000,0.00,0.00,0.00,0.000000,0.000000,-0.17,1
94442,0.00,0.0,0.0,0.0,0.0000,0.0000,0.0000,0.0000,0.00,0.00,0.00,0.000000,0.000000,-0.17,1
94442,0.00,0.0,0.0,0.0,0.0000,0.0000,0.0000,0.0000,0.00,0.00,0.00,0.000000,0.000000,-0.17,1
94442,0.00,0.0,0.0,0.0,0.0000,0.0000,0.0000,0.0000,0.00,0.00,0.00,0.000000,0.000000,-0.17,1
94442,0.00,0.0,0.0,0.0,0.0000,0.0000,0.0000,0.0000,0.00,0.00,0.00,0.000000,0.000000,-0.17,1
94455,0.00,0.0,0.0,0.0,0.0000,0.0000,0.0000,0.0000,0.00,0.00,0.00,0.000000,0.000000,-0.17,1
94455,0.00,0.0,0.0,0.0,0.0000,0.0000,0.0000,0.0000,0.00,0.00,0.00,0.000000,0.000000,-0.17,1
94455,0.00,0.0,0.0,0.0,0.0000,0.0000,0.0000,0.0000,0.00,0.00,0.00,0.000000,0.000000,-0.17,1
94455,0.00,0.0,0.0,0.0,0.0000,0.0000,0.0000,0.0000,0.00,0.00,0.00,0.000000,0.000000,-0.17,1
94455,0.00,0.0,0.0,0.0,0.0000,0.0000,0.0000,0.0000,0.00,0.00,0.00,0.000000,0.000000,-0.17,1
94468,0.00,0.0,0.0,0.0,0.0000,0.0000,0.0000,0.0000,0.00,0.00,0.00,0.000000,0.000000,-0.17,1
94468,0.00,0.0,0.0,0.0,0.0000,0.0000,0.0000,0.0000,0.00,0.00,0.00,0.000000,0.000000,-0.17,1
94468,0.00,0.0,0.0,0.0,0.0000,0.0000,0.0000,0.0000,0.00,0.00,0.00,0.000000,0.000000,-0.17,1
94468,0.00,0.0,0.0,0.0,0.0000,0.0000,0.0000,0.0000,0.00,0.00,0.00,0.000000,0.000000,-0.17,1
94468,0.00,0.0,0.0,0.0,0.0000,0.0000,0.0000,0.0000,0.00,0.00,0.00,0.000000,0.000000,-0.17,1
94480,0.00,0.0,0.0,0.0,0.0000,0.0000,0.0000,0.0000,0.00,0.00,0.00,0.000000,0.000000,-0.17,1
94480,0.00,0.0,0.0,0.0,0.0000,0.0000,0.0000,0.0000,0.00,0.00,0.00,0.000000,0.000000,-0.17,1
94480,0.00,0.0,0.0,0.0,0.0000,0.0000,0.0000,0.0000,0.00,0.00,0.00,0.000000,0.000000,-0.17,1
94480,0.00,0.0,0.0,0.0,0.0000,0.0000,0.0000,0.0000,0.00,0.00,0.00,0.000000,0.000000,-0.17,1
94480,0.00,0.0,0.0,0.0,0.0000,0.0000,0.0000,0.0000,0.00,0.00,0.00,0.000000,0.000000,-0.17,1
94493,0.00,0.0,0.0,0.0,0.0000,0.0000,0.0000,0.0000,0.00,0.00,0.00,0.000000,0.000000,-0.17,1
94493,0.00,0.0,0.0,0.0,0.0000,0.0000,0.0000,0.0000,0.00,0.00,0.00,0.000000,0.000000,-0.17,1
94493,0.00,0.0,0.0,0.0,0.0000,0.0000,0.0000,0.0000,0.00,0.00,0.00,0.000000,0.000000,-0.17,1
94493,0.00,0.0,0.0,0.0,0.0000,0.0000,0.0000,0.0000,0.00,0.00,0.00,0.000000,0.000000,-0.17,1
94493,0.00,0.0,0.0,0.0,0.0000,0.0000,0.0000,0.0000,0.00,0.00,0.00,0.000000,0.000000,-0.17,1
94506,0.00,0.0,0.0,0.0,0.0000,0.0000,0.0000,0.0000,0.00,0.00,0.00,0.000000,0.000000,-0.17,1
94506,0.00,0.0,0.0,0.0,0.0000,0.0000,0.0000,0.0000,0.00,0.00,0.00,0.000000,0.000000,-0.17,1
94506,0.00,0.0,0.0,0.0,0.0000,0.0000,0.0000,0.0000,0.00,0.00,0.00,0.000000,0.000000,-0.17,1
94506,0.00,0.0,0.0,0.0,0.0000,0.0000,0.0000,0.0000,0.00,0.00,0.00,0.000000,0.000000,-0.17,1
94506,0.00,0.0,0.0,0.0,0.0000,0.0000,0.0000,0.0000,0.00,0.00,0.00,0.000000,0.000000,-0.17,1
94519,0.00,0.0,0.0,0.0,0.0000,0.0000,0.0000,0.0000,0.00,0.00,0.00,0.000000,0.000000,-0.17,1
94519,0.00,0.0,0.0,0.0,0.0000,0.0000,0.0000,0.0000,0.00,0.00,0.00,0.000000,0.000000,-0.17,1
94519,0.00,0.0,0.0,0.0,0.0000,0.0000,0.0000,0.0000,0.00,0.00,0.00,0.000000,0.000000,-0.17,1
94519,0.00,0.0,0.0,0.0,0.0000,0.0000,0.0000,0.0000,0.00,0.00,0.00,0.000000,0.000000,-0.17,1
94519,0.00,0.0,0.0,0.0,0.0000,0.0000,0.0000,0.0000,0.00,0.00,0.00,0.000000,0.000000,-0.17,1
94531,0.00,0.0,0.0,0.0,0.0000,0.0000,0.0000,0.0000,0.00,0.00,0.00,0.000000,0.000000,-0.17,1
94531,0.00,0.0,0.0,0.0,0.0000,0.0000,0.0000,0.0000,0.00,0.00,0.00,0.000000,0.000000,-0.17,1
94531,0.00,0.0,0.0,0.0,0.0000,0.0000,0.0000,0.0000,0.00,0.00,0.00,0.000000,0.000000,-0.17,1
94531,0.00,0.0,0.0,0.0,0.0000,0.0000,0.0000,0.0000,0.00,0.00,0.00,0.000000,0.000000,-0.17,1
94531,0.00,0.0,0.0,0.0,0.0000,0.0000,0.0000,0.0000,0.00,0.00,0.00,0.000000,0.000000,-0.17,1
94544,0.00,0.0,0.0,0.0,0.0000,0.0000,0.0000,0.0000,0.00,0.00,0.00,0.000000,0.000000,-0.17,1
94544,0.00,0.0,0.0,0.0,0.0000,0.0000,0.0000,0.0000,0.00,0.00,0.00,0.000000,0.000000,-0.17,1
94544,0.00,0.0,0.0,0.0,0.0000,0.0000,0.0000,0.0000,0.00,0.00,0.00,0.000000,0.000000,-0.17,1
94544,0.00,0.0,0.0,0.0,0.0000,0.0000,0.0000,0.0000,0.00,0.00,0.00,0.000000,0.000000,-0.17,1
94544,0.00,0.0,0.0,0.0,0.0000,0.0000,0.0000,0.0000,0.00,0.00,0.00,0.000000,0.000000,-0.17,1
94557,0.00,0.0,0.0,0.0,0.0000,0.0000,0.0000,0.0000,0.00,0.00,0.00,0.000000,0.000000,-0.17,1
94557,0.00,0.0,0.0,0.0,0.0000,0.0000,0.0000,0.0000,0.00,0.00,0.00,0.000000,0.000000,-0.17,1
94557,0.00,0.0,0.0,0.0,0.0000,0.0000,0.0000,0.0000,0.00,0.00,0.00,0.000000,0.000000,-0.17,1
94557,0.00,0.0,0.0,0.0,0.0000,0.0000,0.0000,0.0000,0.00,0.00,0.00,0.000000,0.000000,-0.17,1
94557,0.00,0.0,0.0,0.0,0.0000,0.0000,0.0000,0.0000,0.00,0.00,0.00,0.000000,0.000000,-0.17,1
94570,0.00,0.0,0.0,0.0,0.0000,0.0000,0.0000,0.0000,0.00,0.00,0.00,0.000000,0.000000,-0.18,1
94570,0.00,0.0,0.0,0.0,0.0000,0.0000,0.0000,0.0000,0.00,0.00,0.00,0.000000,0.000000,-0.18,1
94570,0.00,0.0,0.0,0.0,0.0000,0.0000,0.0000,0.0000,0.00,0.00,0.00,0.000000,0.000000,-0.18,1
94570,0.00,0.0,0.0,0.0,0.0000,0.0000,0.0000,0.0000,0.00,0.00,0.00,0.000000,0.000000,-0.18,1
94570,0.00,0.0,0.0,0.0,0.0000,0.0000,0.0000,0.0000,0.00,0.00,0.00,0.000000,0.000000,-0.18,1
94582,0.00,0.0,0.0,0.0,0.0000,0.0000,0.0000,0.0000,0.00,0.00,0.00,0.000000,0.000000,-0.18,1
94582,0.00,0.0,0.0,0.0,0.0000,0.0000,0.0000,0.0000,0.00,0.00,0.00,0.000000,0.000000,-0.18,1
94582,0.00,0.0,0.0,0.0,0.0000,0.0000,0.0000,0.0000,0.00,0.00,0.00,0.000000,0.000000,-0.18,1
94582,0.00,0.0,0.0,0.0,0.0000,0.0000,0.0000,0.0000,0.00,0.00,0.00,0.000000,0.000000,-0.18,1
94582,0.00,0.0,0.0,0.0,0.0000,0.0000,0.0000,0.0000,0.00,0.00,0.00,0.000000,0.000000,-0.18,1
94595,0.00,0.0,0.0,0.0,0.0000,0.0000,0.0000,0.0000,0.00,0.00,0.00,0.000000,0.000000,-0.18,1
94595,0.00,0.0,0.0,0.0,0.0000,0.0000,0.0000,0.0000,0.00,0.00,0.00,0.000000,0.000000,-0.18,1
94595,0.00,0.0,0.0,0.0,0.0000,0.0000,0.0000,0.0000,0.00,0.00,0.00,0.000000,0.000000,-0.18,1
94595,0.00,0.0,0.0,0.0,0.0000,0.0000,0.0000,0.0000,0.00,0.00,0.00,0.000000,0.000000,-0.18,1
94595,0.00,0.0,0.0,0.0,0.0000,0.0000,0.0000,0.0000,0.00,0.00,0.00,0.000000,0.000000,-0.18,1
94608,0.00,0.0,0.0,0.0,0.0000,0.0000,0.0000,0.0000,0.00,0.00,0.00,0.000000,0.000000,-0.18,1
94608,0.00,0.0,0.0,0.0,0.0000,0.0000,0.0000,0.0000,0.00,0.00,0.00,0.000000,0.000000,-0.18,1
94608,0.00,0.0,0.0,0.0,0.0000,0.0000,0.0000,0.0000,0.00,0.00,0.00,0.000000,0.000000,-0.18,1
94608,0.00,0.0,0.0,0.0,0.0000,0.0000,0.0000,0.0000,0.00,0.00,0.00,0.000000,0.000000,-0.18,1
94608,0.00,0.0,0.0,0.0,0.0000,0.0000,0.0000,0.0000,0.00,0.00,0.00,0.000000,0.000000,-0.18,1
94621,0.00,0.0,0.0,0.0,0.0000,0.0000,0.0000,0.0000,0.00,0.00,0.00,0.000000,0.000000,-0.17,1
94621,0.00,0.0,0.0,0.0,0.0000,0.0000,0.0000,0.0000,0.00,0.00,0.00,0.000000,0.000000,-0.17,1
94621,0.00,0.0,0.0,0.0,0.0000,0.0000,0.0000,0.0000,0.00,0.00,0.00,0.000000,0.000000,-0.17,1
94621,0.00,0.0,0.0,0.0,0.0000,0.0000,0.0000,0.0000,0.00,0.00,0.00,0.000000,0.000000,-0.17,1
94621,0.00,0.0,0.0,0.0,0.0000,0.0000,0.0000,0.0000,0.00,0.00,0.00,0.000000,0.000000,-0.17,1
94633,0.00,0.0,0.0,0.0,0.0000,0.0000,0.0000,0.0000,0.00,0.00,0.00,0.000000,0.000000,-0.17,1
94633,0.00,0.0,0.0,0.0,0.0000,0.0000,0.0000,0.0000,0.00,0.00,0.00,0.000000,0.000000,-0.17,1
94633,0.00,0.0,0.0,0.0,0.0000,0.0000,0.0000,0.0000,0.00,0.00,0.00,0.000000,0.000000,-0.17,1
94633,0.00,0.0,0.0,0.0,0.0000,0.0000,0.0000,0.0000,0.00,0.00,0.00,0.000000,0.000000,-0.17,1
94633,0.00,0.0,0.0,0.0,0.0000,0.0000,0.0000,0.0000,0.00,0.00,0.00,0.000000,0.000000,-0.17,1
94646,0.00,0.0,0.0,0.0,0.0000,0.0000,0.0000,0.0000,0.00,0.00,0.00,0.000000,0.000000,-0.17,1
94646,0.00,0.0,0.0,0.0,0.0000,0.0000,0.0000,0.0000,0.00,0.00,0.00,0.000000,0.000000,-0.17,1
94646,0.00,0.0,0.0,0.0,0.0000,0.0000,0.0000,0.0000,0.00,0.00,0.00,0.000000,0.000000,-0.17,1
94646,0.00,0.0,0.0,0.0,0.0000,0.0000,0.0000,0.0000,0.00,0.00,0.00,0.000000,0.000000,-0.17,1
94646,0.00,0.0,0.0,0.0,0.0000,0.0000,0.0000,0.0000,0.00,0.00,0.00,0.000000,0.000000,-0.17,1
94659,0.00,0.0,0.0,0.0,0.0000,0.0000,0.0000,0.0000,0.00,0.00,0.00,0.000000,0.000000,-0.17,1
94659,0.00,0.0,0.0,0.0,0.0000,0.0000,0.0000,0.0000,0.00,0.00,0.00,0.000000,0.000000,-0.17,1
94659,0.00,0.0,0.0,0.0,0.0000,0.0000,0.0000,0.0000,0.00,0.00,0.00,0.000000,0.000000,-0.17,1
94659,0.00,0.0,0.0,0.0,0.0000,0.0000,0.0000,0.0000,0.00,0.00,0.00,0.000000,0.000000,-0.17,1
94659,0.00,0.0,0.0,0.0,0.0000,0.0000,0.0000,0.0000,0.00,0.00,0.00,0.000000,0.000000,-0.17,1
94672,0.00,0.0,0.0,0.0,0.0000,0.0000,0.0000,0.0000,0.00,0.00,0.00,0.000000,0.000000,-0.17,1
94672,0.00,0.0,0.0,0.0,0.0000,0.0000,0.0000,0.0000,0.00,0.00,0.00,0.000000,0.000000,-0.17,1
94672,0.00,0.0,0.0,0.0,0.0000,0.0000,0.0000,0.0000,0.00,0.00,0.00,0.000000,0.000000,-0.17,1
94672,0.00,0.0,0.0,0.0,0.0000,0.0000,0.0000,0.0000,0.00,0.00,0.00,0.000000,0.000000,-0.17,1
94672,0.00,0.0,0.0,0.0,0.0000,0.0000,0.0000,0.0000,0.00,0.00,0.00,0.000000,0.000000,-0.17,1
94684,0.00,0.0,0.0,0.0,0.0000,0.0000,0.0000,0.0000,0.00,0.00,0.00,0.000000,0.000000,-0.17,1
94684,0.00,0.0,0.0,0.0,0.0000,0.0000,0.0000,0.0000,0.00,0.00,0.00,0.000000,0.000000,-0.17,1
94684,0.00,0.0,0.0,0.0,0.0000,0.0000,0.0000,0.0000,0.00,0.00,0.00,0.000000,0.000000,-0.17,1
94684,0.00,0.0,0.0,0.0,0.0000,0.0000,0.0000,0.0000,0.00,0.00,0.00,0.000000,0.000000,-0.17,1
94684,0.00,0.0,0.0,0.0,0.0000,0.0000,0.0000,0.0000,0.00,0.00,0.00,0.000000,0.000000,-0.17,1
94697,0.00,0.0,0.0,0.0,0.0000,0.0000,0.0000,0.0000,0.00,0.00,0.00,0.000000,0.000000,-0.17,1
94697,0.00,0.0,0.0,0.0,0.0000,0.0000,0.0000,0.0000,0.00,0.00,0.00,0.000000,0.000000,-0.17,1
94697,0.00,0.0,0.0,0.0,0.0000,0.0000,0.0000,0.0000,0.00,0.00,0.00,0.000000,0.000000,-0.17,1
94697,0.00,0.0,0.0,0.0,0.0000,0.0000,0.0000,0.0000,0.00,0.00,0.00,0.000000,0.000000,-0.17,1
94697,0.00,0.0,0.0,0.0,0.0000,0.0000,0.0000,0.0000,0.00,0.00,0.00,0.000000,0.000000,-0.17,1
94710,0.00,0.0,0.0,0.0,0.0000,0.0000,0.0000,0.0000,0.00,0.00,0.00,0.000000,0.000000,-0.17,1
94710,0.00,0.0,0.0,0.0,0.0000,0.0000,0.0000,0.0000,0.00,0.00,0.00,0.000000,0.000000,-0.17,1
94710,0.00,0.0,0.0,0.0,0.0000,0.0000,0.0000,0.0000,0.00,0.00,0.00,0.000000,0.000000,-0.17,1
94710,0.00,0.0,0.0,0.0,0.0000,0.0000,0.0000,0.0000,0.00,0.00,0.00,0.000000,0.000000,-0.17,1
94710,0.00,0.0,0.0,0.0,0.0000,0.0000,0.0000,0.0000,0.00,0.00,0.00,0.000000,0.000000,-0.17,1
94723,0.00,0.0,0.0,0.0,0.0000,0.0000,0.0000,0.0000,0.00,0.00,0.00,0.000000,0.000000,-0.17,1
94723,0.00,0.0,0.0,0.0,0.0000,0.0000,0.0000,0.0000,0.00,0.00,0.00,0.000000,0.000000,-0.17,1
94723,0.00,0.0,0.0,0.0,0.0000,0.0000,0.0000,0.0000,0.00,0.00,0.00,0.000000,0.000000,-0.17,1
94723,0.00,0.0,0.0,0.0,0.0000,0.0000,0.0000,0.0000,0.00,0.00,0.00,0.000000,0.000000,-0.17,1
94723,0.00,0.0,0.0,0.0,0.0000,0.0000,0.0000,0.0000,0.00,0.00,0.00,0.000000,0.000000,-0.17,1
94735,0.00,0.0,0.0,0.0,0.0000,0.0000,0.0000,0.0000,0.00,0.00,0.00,0.000000,0.000000,-0.17,1
94735,0.00,0.0,0.0,0.0,0.0000,0.0000,0.0000,0.0000,0.00,0.00,0.00,0.000000,0.000000,-0.17,1
94735,0.00,0.0,0.0,0.0,0.0000,0.0000,0.0000,0.0000,0.00,0.00,0.00,0.000000,0.000000,-0.17,1
94735,0.00,0.0,0.0,0.0,0.0000,0.0000,0.0000,0.0000,0.00,0.00,0.00,0.000000,0.000000,-0.17,1
94735,0.00,0.0,0.0,0.0,0.0000,0.0000,0.0000,0.0000,0.00,0.00,0.00,0.000000,0.000000,-0.17,1
94748,0.00,0.0,0.0,0.0,0.0000,0.0000,0.0000,0.0000,0.00,0.00,0.00,0.000000,0.000000,-0.17,1
94748,0.00,0.0,0.0,0.0,0.0000,0.0000,0.0000,0.0000,0.00,0.00,0.00,0.000000,0.000000,-0.17,1
94748,0.00,0.0,0.0,0.0,0.0000,0.0000,0.0000,0.0000,0.00,0.00,0.00,0.000000,0.000000,-0.17,1
94748,0.00,0.0,0.0,0.0,0.0000,0.0000,0.0000,0.0000,0.00,0.00,0.00,0.000000,0.000000,-0.17,1
94748,0.00,0.0,0.0,0.0,0.0000,0.0000,0.0000,0.0000,0.00,0.00,0.00,0.000000,0.000000,-0.17,1
94761,0.00,0.0,0.0,0.0,0.0000,0.0000,0.0000,0.0000,0.00,0.00,0.00,0.000000,0.000000,-0.17,1
94761,0.00,0.0,0.0,0.0,0.0000,0.0000,0.0000,0.0000,0.00,0.00,0.00,0.000000,0.000000,-0.17,1
94761,0.00,0.0,0.0,0.0,0.0000,0.0000,0.0000,0.0000,0.00,0.00,0.00,0.000000,0.000000,-0.17,1
94761,0.00,0.0,0.0,0.0,0.0000,0.0000,0.0000,0.0000,0.00,0.00,0.00,0.000000,0.000000,-0.17,1
94761,0.00,0.0,0.0,0.0,0.0000,0.0000,0.0000,0.0000,0.00,0.00,0.00,0.000000,0.000000,-0.17,1
94774,0.00,0.0,0.0,0.0,0.0000,0.0000,0.0000,0.0000,0.00,0.00,0.00,0.000000,0.000000,-0.17,1
94774,0.00,0.0,0.0,0.0,0.0000,0.0000,0.0000,0.0000,0.00,0.00,0.00,0.000000,0.000000,-0.17,1
94774,0.00,0.0,0.0,0.0,0.0000,0.0000,0.0000,0.0000,0.00,0.00,0.00,0.000000,0.000000,-0.17,1
94774,0.00,0.0,0.0,0.0,0.0000,0.0000,0.0000,0.0000,0.00,0.00,0.00,0.000000,0.000000,-0.17,1
94774,0.00,0.0,0.0,0.0,0.0000,0.0000,0.0000,0.0000,0.00,0.00,0.00,0.000000,0.000000,-0.17,1
94786,0.00,0.0,0.0,0.0,0.0000,0.0000,0.0000,0.0000,0.00,0.00,0.00,0.000000,0.000000,-0.17,1
94786,0.00,0.0,0.0,0.0,0.0000,0.0000,0.0000,0.0000,0.00,0.00,0.00,0.000000,0.000000,-0.17,1
94786,0.00,0.0,0.0,0.0,0.0000,0.0000,0.0000,0.0000,0.00,0.00,0.00,0.000000,0.000000,-0.17,1
94786,0.00,0.0,0.0,0.0,0.0000,0.0000,0.0000,0.0000,0.00,0.00,0.00,0.000000,0.000000,-0.17,1
94786,0.00,0.0,0.0,0.0,0.0000,0.0000,0.0000,0.0000,0.00,0.00,0.00,0.000000,0.000000,-0.17,1
94799,0.00,0.0,0.0,0.0,0.0000,0.0000,0.0000,0.0000,0.00,0.00,0.00,0.000000,0.000000,-0.17,1
94799,0.00,0.0,0.0,0.0,0.0000,0.0000,0.0000,0.0000,0.00,0.00,0.00,0.000000,0.000000,-0.17,1
94799,0.00,0.0,0.0,0.0,0.0000,0.0000,0.0000,0.0000,0.00,0.00,0.00,0.000000,0.000000,-0.17,1
94799,0.00,0.0,0.0,0.0,0.0000,0.0000,0.0000,0.0000,0.00,0.00,0.00,0.000000,0.000000,-0.17,1
94799,0.00,0.0,0.0,0.0,0.0000,0.0000,0.0000,0.0000,0.00,0.00,0.00,0.000000,0.000000,-0.17,1
94812,0.00,0.0,0.0,0.0,0.0000,0.0000,0.0000,0.0000,0.00,0.00,0.00,0.000000,0.000000,-0.17,1
94812,0.00,0.0,0.0,0.0,0.0000,0.0000,0.0000,0.0000,0.00,0.00,0.00,0.000000,0.000000,-0.17,1
94812,0.00,0.0,0.0,0.0,0.0000,0.0000,0.0000,0.0000,0.00,0.00,0.00,0.000000,0.000000,-0.17,1
94812,0.00,0.0,0.0,0.0,0.0000,0.0000,0.0000,0.0000,0.00,0.00,0.00,0.000000,0.000000,-0.17,1
94812,0.00,0.0,0.0,0.0,0.0000,0.0000,0.0000,0.0000,0.00,0.00,0.00,0.000000,0.000000,-0.17,1
94825,0.00,0.0,0.0,0.0,0.0000,0.0000,0.0000,0.0000,0.00,0.00,0.00,0.000000,0.000000,-0.17,1
94825,0.00,0.0,0.0,0.0,0.0000,0.0000,0.0000,0.0000,0.00,0.00,0.00,0.000000,0.000000,-0.17,1
94825,0.00,0.0,0.0,0.0,0.0000,0.0000,0.0000,0.0000,0.00,0.00,0.00,0.000000,0.000000,-0.17,1
94825,0.00,0.0,0.0,0.0,0.0000,0.0000,0.0000,0.0000,0.00,0.00,0.00,0.000000,0.000000,-0.17,1
94825,0.00,0.0,0.0,0.0,0.0000,0.0000,0.0000,0.0000,0.00,0.00,0.00,0.000000,0.000000,-0.17,1
94837,0.00,0.0,0.0,0.0,0.0000,0.0000,0.0000,0.0000,0.00,0.00,0.00,0.000000,0.000000,-0.17,1
94837,0.00,0.0,0.0,0.0,0.0000,0.0000,0.0000,0.0000,0.00,0.00,0.00,0.000000,0.000000,-0.17,1
94837,0.00,0.0,0.0,0.0,0.0000,0.0000,0.0000,0.0000,0.00,0.00,0.00,0.000000,0.000000,-0.17,1
94837,0.00,0.0,0.0,0.0,0.0000,0.0000,0.0000,0.0000,0.00,0.00,0.00,0.000000,0.000000,-0.17,1
94837,0.00,0.0,0.0,0.0,0.0000,0.0000,0.0000,0.0000,0.00,0.00,0.00,0.000000,0.000000,-0.17,1
94850,0.00,0.0,0.0,0.0,0.0000,0.0000,0.0000,0.0000,0.00,0.00,0.00,0.000000,0.000000,-0.17,1
94850,0.00,0.0,0.0,0.0,0.0000,0.0000,0.0000,0.0000,0.00,0.00,0.00,0.000000,0.000000,-0.17,1
94850,0.00,0.0,0.0,0.0,0.0000,0.0000,0.0000,0.0000,0.00,0.00,0.00,0.000000,0.000000,-0.17,1
94850,0.00,0.0,0.0,0.0,0.0000,0.0000,0.0000,0.0000,0.00,0.00,0.00,0.000000,0.000000,-0.17,1
94850,0.00,0.0,0.0,0.0,0.0000,0.0000,0.0000,0.0000,0.00,0.00,0.00,0.000000,0.000000,-0.17,1
94863,0.00,0.0,0.0,0.0,0.0000,0.0000,0.0000,0.0000,0.00,0.00,0.00,0.000000,0.000000,-0.17,1
94863,0.00,0.0,0.0,0.0,0.0000,0.0000,0.0000,0.0000,0.00,0.00,0.00,0.000000,0.000000,-0.17,1
94863,0.00,0.0,0.0,0.0,0.0000,0.0000,0.0000,0.0000,0.00,0.00,0.00,0.000000,0.000000,-0.17,1
94863,0.00,0.0,0.0,0.0,0.0000,0.0000,0.0000,0.0000,0.00,0.00,0.00,0.000000,0.000000,-0.17,1
94863,0.00,0.0,0.0,0.0,0.0000,0.0000,0.0000,0.0000,0.00,0.00,0.00,0.000000,0.000000,-0.17,1
94876,0.00,0.0,0.0,0.0,0.0000,0.0000,0.0000,0.0000,0.00,0.00,0.00,0.000000,0.000000,-0.17,1
94876,0.00,0.0,0.0,0.0,0.0000,0.0000,0.0000,0.0000,0.00,0.00,0.00,0.000000,0.000000,-0.17,1
94876,0.00,0.0,0.0,0.0,0.0000,0.0000,0.0000,0.0000,0.00,0.00,0.00,0.000000,0.000000,-0.17,1
94876,0.00,0.0,0.0,0.0,0.0000,0.0000,0.0000,0.0000,0.00,0.00,0.00,0.000000,0.000000,-0.17,1
94876,0.00,0.0,0.0,0.0,0.0000,0.0000,0.0000,0.0000,0.00,0.00,0.00,0.000000,0.000000,-0.17,1
94888,0.00,0.0,0.0,0.0,0.0000,0.0000,0.0000,0.0000,0.00,0.00,0.00,0.000000,0.000000,-0.17,1
94888,0.00,0.0,0.0,0.0,0.0000,0.0000,0.0000,0.0000,0.00,0.00,0.00,0.000000,0.000000,-0.17,1
94888,0.00,0.0,0.0,0.0,0.0000,0.0000,0.0000,0.0000,0.00,0.00,0.00,0.000000,0.000000,-0.17,1
94888,0.00,0.0,0.0,0.0,0.0000,0.0000,0.0000,0.0000,0.00,0.00,0.00,0.000000,0.000000,-0.17,1
94888,0.00,0.0,0.0,0.0,0.0000,0.0000,0.0000,0.0000,0.00,0.00,0.00,0.000000,0.000000,-0.17,1
94901,0.00,0.0,0.0,0.0,0.0000,0.0000,0.0000,0.0000,0.00,0.00,0.00,0.000000,0.000000,-0.17,1
94901,0.00,0.0,0.0,0.0,0.0000,0.0000,0.0000,0.0000,0.00,0.00,0.00,0.000000,0.000000,-0.17,1
94901,0.00,0.0,0.0,0.0,0.0000,0.0000,0.0000,0.0000,0.00,0.00,0.00,0.000000,0.000000,-0.17,1
94901,0.00,0.0,0.0,0.0,0.0000,0.0000,0.0000,0.0000,0.00,0.00,0.00,0.000000,0.000000,-0.17,1
94901,0.00,0.0,0.0,0.0,0.0000,0.0000,0.0000,0.0000,0.00,0.00,0.00,0.000000,0.000000,-0.17,1
94914,0.00,0.0,0.0,0.0,0.0000,0.0000,0.0000,0.0000,0.00,0.00,0.00,0.000000,0.000000,-0.17,1
94914,0.00,0.0,0.0,0.0,0.0000,0.0000,0.0000,0.0000,0.00,0.00,0.00,0.000000,0.000000,-0.17,1
94914,0.00,0.0,0.0,0.0,0.0000,0.0000,0.0000,0.0000,0.00,0.00,0.00,0.000000,0.000000,-0.17,1
94914,0.00,0.0,0.0,0.0,0.0000,0.0000,0.0000,0.0000,0.00,0.00,0.00,0.000000,0.000000,-0.17,1
94914,0.00,0.0,0.0,0.0,0.0000,0.0000,0.0000,0.0000,0.00,0.00,0.00,0.000000,0.000000,-0.17,1
94927,0.00,0.0,0.0,0.0,0.0000,0.0000,0.0000,0.0000,0.00,0.00,0.00,0.000000,0.000000,-0.17,1
94927,0.00,0.0,0.0,0.0,0.0000,0.0000,0.0000,0.0000,0.00,0.00,0.00,0.000000,0.000000,-0.17,1
94927,0.00,0.0,0.0,0.0,0.0000,0.0000,0.0000,0.0000,0.00,0.00,0.00,0.000000,0.000000,-0.17,1
94927,0.00,0.0,0.0,0.0,0.0000,0.0000,0.0000,0.0000,0.00,0.00,0.00,0.000000,0.000000,-0.17,1
94927,0.00,0.0,0.0,0.0,0.0000,0.0000,0.0000,0.0000,0.00,0.00,0.00,0.000000,0.000000,-0.17,1
94940,0.00,0.0,0.0,0.0,0.0000,0.0000,0.0000,0.0000,0.00,0.00,0.00,0.000000,0.000000,-0.17,1
94940,0.00,0.0,0.0,0.0,0.0000,0.0000,0.0000,0.0000,0.00,0.00,0.00,0.000000,0.000000,-0.17,1
94940,0.00,0.0,0.0,0.0,0.0000,0.0000,0.0000,0.0000,0.00,0.00,0.00,0.000000,0.000000,-0.17,1
94940,0.00,0.0,0.0,0.0,0.0000,0.0000,0.0000,0.0000,0.00,0.00,0.00,0.000000,0.000000,-0.17,1
94940,0.00,0.0,0.0,0.0,0.0000,0.0000,0.0000,0.0000,0.00,0.00,0.00,0.000000,0.000000,-0.17,1
94952,0.00,0.0,0.0,0.0,0.0000,0.0000,0.0000,0.0000,0.00,0.00,0.00,0.000000,0.000000,-0.17,1
94952,0.00,0.0,0.0,0.0,0.0000,0.0000,0.0000,0.0000,0.00,0.00,0.00,0.000000,0.000000,-0.17,1
94952,0.00,0.0,0.0,0.0,0.0000,0.0000,0.0000,0.0000,0.00,0.00,0.00,0.000000,0.000000,-0.17,1
94952,0.00,0.0,0.0,0.0,0.0000,0.0000,0.0000,0.0000,0.00,0.00,0.00,0.000000,0.000000,-0.17,1
94952,0.00,0.0,0.0,0.0,0.0000,0.0000,0.0000,0.0000,0.00,0.00,0.00,0.000000,0.000000,-0.17,1
94965,0.00,0.0,0.0,0.0,0.0000,0.0000,0.0000,0.0000,0.00,0.00,0.00,0.000000,0.000000,-0.17,1
94965,0.00,0.0,0.0,0.0,0.0000,0.0000,0.0000,0.0000,0.00,0.00,0.00,0.000000,0.000000,-0.17,1
94965,0.00,0.0,0.0,0.0,0.0000,0.0000,0.0000,0.0000,0.00,0.00,0.00,0.000000,0.000000,-0.17,1
94965,0.00,0.0,0.0,0.0,0.0000,0.0000,0.0000,0.0000,0.00,0.00,0.00,0.000000,0.000000,-0.17,1
94965,0.00,0.0,0.0,0.0,0.0000,0.0000,0.0000,0.0000,0.00,0.00,0.00,0.000000,0.000000,-0.17,1
94978,0.00,0.0,0.0,0.0,0.0000,0.0000,0.0000,0.0000,0.00,0.00,0.00,0.000000,0.000000,-0.18,1
94978,0.00,0.0,0.0,0.0,0.0000,0.0000,0.0000,0.0000,0.00,0.00,0.00,0.000000,0.000000,-0.18,1
94978,0.00,0.0,0.0,0.0,0.0000,0.0000,0.0000,0.0000,0.00,0.00,0.00,0.000000,0.000000,-0.18,1
94978,0.00,0.0,0.0,0.0,0.0000,0.0000,0.0000,0.0000,0.00,0.00,0.00,0.000000,0.000000,-0.18,1
94978,0.00,0.0,0.0,0.0,0.0000,0.0000,0.0000,0.0000,0.00,0.00,0.00,0.000000,0.000000,-0.18,1
94990,0.00,0.0,0.0,0.0,0.0000,0.0000,0.0000,0.0000,0.00,0.00,0.00,0.000000,0.000000,-0.18,1
94990,0.00,0.0,0.0,0.0,0.0000,0.0000,0.0000,0.0000,0.00,0.00,0.00,0.000000,0.000000,-0.18,1
94990,0.00,0.0,0.0,0.0,0.0000,0.0000,0.0000,0.0000,0.00,0.00,0.00,0.000000,0.000000,-0.18,1
94990,0.00,0.0,0.0,0.0,0.0000,0.0000,0.0000,0.0000,0.00,0.00,0.00,0.000000,0.000000,-0.18,1
94990,0.00,0.0,0.0,0.0,0.0000,0.0000,0.0000,0.0000,0.00,0.00,0.00,0.000000,0.000000,-0.18,1
95003,0.00,0.0,0.0,0.0,0.0000,0.0000,0.0000,0.0000,0.00,0.00,0.00,0.000000,0.000000,-0.18,1
95003,0.00,0.0,0.0,0.0,0.0000,0.0000,0.0000,0.0000,0.00,0.00,0.00,0.000000,0.000000,-0.18,1
95003,0.00,0.0,0.0,0.0,0.0000,0.0000,0.0000,0.0000,0.00,0.00,0.00,0.000000,0.000000,-0.18,1
95003,0.00,0.0,0.0,0.0,0.0000,0.0000,0.0000,0.0000,0.00,0.00,0.00,0.000000,0.000000,-0.18,1
95003,0.00,0.0,0.0,0.0,0.0000,0.0000,0.0000,0.0000,0.00,0.00,0.00,0.000000,0.000000,-0.18,1
95016,0.00,0.0,0.0,0.0,0.0000,0.0000,0.0000,0.0000,0.00,0.00,0.00,0.000000,0.000000,-0.18,1
95016,0.00,0.0,0.0,0.0,0.0000,0.0000,0.0000,0.0000,0.00,0.00,0.00,0.000000,0.000000,-0.18,1
95016,0.00,0.0,0.0,0.0,0.0000,0.0000,0.0000,0.0000,0.00,0.00,0.00,0.000000,0.000000,-0.18,1
95016,0.00,0.0,0.0,0.0,0.0000,0.0000,0.0000,0.0000,0.00,0.00,0.00,0.000000,0.000000,-0.18,1
95016,0.00,0.0,0.0,0.0,0.0000,0.0000,0.0000,0.0000,0.00,0.00,0.00,0.000000,0.000000,-0.18,1
95029,0.00,0.0,0.0,0.0,0.0000,0.0000,0.0000,0.0000,0.00,0.00,0.00,0.000000,0.000000,-0.18,1
95029,0.00,0.0,0.0,0.0,0.0000,0.0000,0.0000,0.0000,0.00,0.00,0.00,0.000000,0.000000,-0.18,1
95029,0.00,0.0,0.0,0.0,0.0000,0.0000,0.0000,0.0000,0.00,0.00,0.00,0.000000,0.000000,-0.18,1
95029,0.00,0.0,0.0,0.0,0.0000,0.0000,0.0000,0.0000,0.00,0.00,0.00,0.000000,0.000000,-0.18,1
95029,0.00,0.0,0.0,0.0,0.0000,0.0000,0.0000,0.0000,0.00,0.00,0.00,0.000000,0.000000,-0.18,1
95041,0.00,0.0,0.0,0.0,0.0000,0.0000,0.0000,0.0000,0.00,0.00,0.00,0.000000,0.000000,-0.18,1
95041,0.00,0.0,0.0,0.0,0.0000,0.0000,0.0000,0.0000,0.00,0.00,0.00,0.000000,0.000000,-0.18,1
95041,0.00,0.0,0.0,0.0,0.0000,0.0000,0.0000,0.0000,0.00,0.00,0.00,0.000000,0.000000,-0.18,1
95041,0.00,0.0,0.0,0.0,0.0000,0.0000,0.0000,0.0000,0.00,0.00,0.00,0.000000,0.000000,-0.18,1
95041,0.00,0.0,0.0,0.0,0.0000,0.0000,0.0000,0.0000,0.00,0.00,0.00,0.000000,0.000000,-0.18,1
95054,0.00,0.0,0.0,0.0,0.0000,0.0000,0.0000,0.0000,0.00,0.00,0.00,0.000000,0.000000,-0.18,1
95054,0.00,0.0,0.0,0.0,0.0000,0.0000,0.0000,0.0000,0.00,0.00,0.00,0.000000,0.000000,-0.18,1
95054,0.00,0.0,0.0,0.0,0.0000,0.0000,0.0000,0.0000,0.00,0.00,0.00,0.000000,0.000000,-0.18,1
95054,0.00,0.0,0.0,0.0,0.0000,0.0000,0.0000,0.0000,0.00,0.00,0.00,0.000000,0.000000,-0.18,1
95054,0.00,0.0,0.0,0.0,0.0000,0.0000,0.0000,0.0000,0.00,0.00,0.00,0.000000,0.000000,-0.18,1
95067,0.00,0.0,0.0,0.0,0.0000,0.0000,0.0000,0.0000,0.00,0.00,0.00,0.000000,0.000000,-0.18,1
95067,0.00,0.0,0.0,0.0,0.0000,0.0000,0.0000,0.0000,0.00,0.00,0.00,0.000000,0.000000,-0.18,1
95067,0.00,0.0,0.0,0.0,0.0000,0.0000,0.0000,0.0000,0.00,0.00,0.00,0.000000,0.000000,-0.18,1
95067,0.00,0.0,0.0,0.0,0.0000,0.0000,0.0000,0.0000,0.00,0.00,0.00,0.000000,0.000000,-0.18,1
95067,0.00,0.0,0.0,0.0,0.0000,0.0000,0.0000,0.0000,0.00,0.00,0.00,0.000000,0.000000,-0.18,1
95080,0.00,0.0,0.0,0.0,0.0000,0.0000,0.0000,0.0000,0.00,0.00,0.00,0.000000,0.000000,-0.18,1
95080,0.00,0.0,0.0,0.0,0.0000,0.0000,0.0000,0.0000,0.00,0.00,0.00,0.000000,0.000000,-0.18,1
95080,0.00,0.0,0.0,0.0,0.0000,0.0000,0.0000,0.0000,0.00,0.00,0.00,0.000000,0.000000,-0.18,1
95080,0.00,0.0,0.0,0.0,0.0000,0.0000,0.0000,0.0000,0.00,0.00,0.00,0.000000,0.000000,-0.18,1
95080,0.00,0.0,0.0,0.0,0.0000,0.0000,0.0000,0.0000,0.00,0.00,0.00,0.000000,0.000000,-0.18,1
95092,0.00,0.0,0.0,0.0,0.0000,0.0000,0.0000,0.0000,0.00,0.00,0.00,0.000000,0.000000,-0.18,1
95092,0.00,0.0,0.0,0.0,0.0000,0.0000,0.0000,0.0000,0.00,0.00,0.00,0.000000,0.000000,-0.18,1
95092,0.00,0.0,0.0,0.0,0.0000,0.0000,0.0000,0.0000,0.00,0.00,0.00,0.000000,0.000000,-0.18,1
95092,0.00,0.0,0.0,0.0,0.0000,0.0000,0.0000,0.0000,0.00,0.00,0.00,0.000000,0.000000,-0.18,1
95092,0.00,0.0,0.0,0.0,0.0000,0.0000,0.0000,0.0000,0.00,0.00,0.00,0.000000,0.000000,-0.18,1
95105,0.00,0.0,0.0,0.0,0.0000,0.0000,0.0000,0.0000,0.00,0.00,0.00,0.000000,0.000000,-0.18,1
95105,0.00,0.0,0.0,0.0,0.0000,0.0000,0.0000,0.0000,0.00,0.00,0.00,0.000000,0.000000,-0.18,1
95105,0.00,0.0,0.0,0.0,0.0000,0.0000,0.0000,0.0000,0.00,0.00,0.00,0.000000,0.000000,-0.18,1
95105,0.00,0.0,0.0,0.0,0.0000,0.0000,0.0000,0.0000,0.00,0.00,0.00,0.000000,0.000000,-0.18,1
95105,0.00,0.0,0.0,0.0,0.0000,0.0000,0.0000,0.0000,0.00,0.00,0.00,0.000000,0.000000,-0.18,1
95118,0.00,0.0,0.0,0.0,0.0000,0.0000,0.0000,0.0000,0.00,0.00,0.00,0.000000,0.000000,-0.18,1
95118,0.00,0.0,0.0,0.0,0.0000,0.0000,0.0000,0.0000,0.00,0.00,0.00,0.000000,0.000000,-0.18,1
95118,0.00,0.0,0.0,0.0,0.0000,0.0000,0.0000,0.0000,0.00,0.00,0.00,0.000000,0.000000,-0.18,1
95118,0.00,0.0,0.0,0.0,0.0000,0.0000,0.0000,0.0000,0.00,0.00,0.00,0.000000,0.000000,-0.18,1
95118,0.00,0.0,0.0,0.0,0.0000,0.0000,0.0000,0.0000,0.00,0.00,0.00,0.000000,0.000000,-0.18,1
95131,0.00,0.0,0.0,0.0,0.0000,0.0000,0.0000,0.0000,0.00,0.00,0.00,0.000000,0.000000,-0.18,1
95131,0.00,0.0,0.0,0.0,0.0000,0.0000,0.0000,0.0000,0.00,0.00,0.00,0.000000,0.000000,-0.18,1
95131,0.00,0.0,0.0,0.0,0.0000,0.0000,0.0000,0.0000,0.00,0.00,0.00,0.000000,0.000000,-0.18,1
95131,0.00,0.0,0.0,0.0,0.0000,0.0000,0.0000,0.0000,0.00,0.00,0.00,0.000000,0.000000,-0.18,1
95131,0.00,0.0,0.0,0.0,0.0000,0.0000,0.0000,0.0000,0.00,0.00,0.00,0.000000,0.000000,-0.18,1
95143,0.00,0.0,0.0,0.0,0.0000,0.0000,0.0000,0.0000,0.00,0.00,0.00,0.000000,0.000000,-0.18,1
95143,0.00,0.0,0.0,0.0,0.0000,0.0000,0.0000,0.0000,0.00,0.00,0.00,0.000000,0.000000,-0.18,1
95143,0.00,0.0,0.0,0.0,0.0000,0.0000,0.0000,0.0000,0.00,0.00,0.00,0.000000,0.000000,-0.18,1
95143,0.00,0.0,0.0,0.0,0.0000,0.0000,0.0000,0.0000,0.00,0.00,0.00,0.000000,0.000000,-0.18,1
95143,0.00,0.0,0.0,0.0,0.0000,0.0000,0.0000,0.0000,0.00,0.00,0.00,0.000000,0.000000,-0.18,1
95156,0.00,0.0,0.0,0.0,0.0000,0.0000,0.0000,0.0000,0.00,0.00,0.00,0.000000,0.000000,-0.18,1
95156,0.00,0.0,0.0,0.0,0.0000,0.0000,0.0000,0.0000,0.00,0.00,0.00,0.000000,0.000000,-0.18,1
95156,0.00,0.0,0.0,0.0,0.0000,0.0000,0.0000,0.0000,0.00,0.00,0.00,0.000000,0.000000,-0.18,1
95156,0.00,0.0,0.0,0.0,0.0000,0.0000,0.0000,0.0000,0.00,0.00,0.00,0.000000,0.000000,-0.18,1
95156,0.00,0.0,0.0,0.0,0.0000,0.0000,0.0000,0.0000,0.00,0.00,0.00,0.000000,0.000000,-0.18,1
95169,0.00,0.0,0.0,0.0,0.0000,0.0000,0.0000,0.0000,0.00,0.00,0.00,0.000000,0.000000,-0.18,1
95169,0.00,0.0,0.0,0.0,0.0000,0.0000,0.0000,0.0000,0.00,0.00,0.00,0.000000,0.000000,-0.18,1
95169,0.00,0.0,0.0,0.0,0.0000,0.0000,0.0000,0.0000,0.00,0.00,0.00,0.000000,0.000000,-0.18,1
95169,0.00,0.0,0.0,0.0,0.0000,0.0000,0.0000,0.0000,0.00,0.00,0.00,0.000000,0.000000,-0.18,1
95169,0.00,0.0,0.0,0.0,0.0000,0.0000,0.0000,0.0000,0.00,0.00,0.00,0.000000,0.000000,-0.18,1
95182,0.00,0.0,0.0,0.0,0.0000,0.0000,0.0000,0.0000,0.00,0.00,0.00,0.000000,0.000000,-0.18,1
95182,0.00,0.0,0.0,0.0,0.0000,0.0000,0.0000,0.0000,0.00,0.00,0.00,0.000000,0.000000,-0.18,1
95182,0.00,0.0,0.0,0.0,0.0000,0.0000,0.0000,0.0000,0.00,0.00,0.00,0.000000,0.000000,-0.18,1
95182,0.00,0.0,0.0,0.0,0.0000,0.0000,0.0000,0.0000,0.00,0.00,0.00,0.000000,0.000000,-0.18,1
95182,0.00,0.0,0.0,0.0,0.0000,0.0000,0.0000,0.0000,0.00,0.00,0.00,0.000000,0.000000,-0.18,1
95194,0.00,0.0,0.0,0.0,0.0000,0.0000,0.0000,0.0000,0.00,0.00,0.00,0.000000,0.000000,-0.18,1
95194,0.00,0.0,0.0,0.0,0.0000,0.0000,0.0000,0.0000,0.00,0.00,0.00,0.000000,0.000000,-0.18,1
95194,0.00,0.0,0.0,0.0,0.0000,0.0000,0.0000,0.0000,0.00,0.00,0.00,0.000000,0.000000,-0.18,1
95194,0.00,0.0,0.0,0.0,0.0000,0.0000,0.0000,0.0000,0.00,0.00,0.00,0.000000,0.000000,-0.18,1
95194,0.00,0.0,0.0,0.0,0.0000,0.0000,0.0000,0.0000,0.00,0.00,0.00,0.000000,0.000000,-0.18,1
95207,0.00,0.0,0.0,0.0,0.0000,0.0000,0.0000,0.0000,0.00,0.00,0.00,0.000000,0.000000,-0.18,1
95207,0.00,0.0,0.0,0.0,0.0000,0.0000,0.0000,0.0000,0.00,0.00,0.00,0.000000,0.000000,-0.18,1
95207,0.00,0.0,0.0,0.0,0.0000,0.0000,0.0000,0.0000,0.00,0.00,0.00,0.000000,0.000000,-0.18,1
95207,0.00,0.0,0.0,0.0,0.0000,0.0000,0.0000,0.0000,0.00,0.00,0.00,0.000000,0.000000,-0.18,1
95207,0.00,0.0,0.0,0.0,0.0000,0.0000,0.0000,0.0000,0.00,0.00,0.00,0.000000,0.000000,-0.18,1
95220,0.00,0.0,0.0,0.0,0.0000,0.0000,0.0000,0.0000,0.00,0.00,0.00,0.000000,0.000000,-0.18,1
95220,0.00,0.0,0.0,0.0,0.0000,0.0000,0.0000,0.0000,0.00,0.00,0.00,0.000000,0.000000,-0.18,1
95220,0.00,0.0,0.0,0.0,0.0000,0.0000,0.0000,0.0000,0.00,0.00,0.00,0.000000,0.000000,-0.18,1
95220,0.00,0.0,0.0,0.0,0.0000,0.0000,0.0000,0.0000,0.00,0.00,0.00,0.000000,0.000000,-0.18,1
95220,0.00,0.0,0.0,0.0,0.0000,0.0000,0.0000,0.0000,0.00,0.00,0.00,0.000000,0.000000,-0.18,1
95233,0.00,0.0,0.0,0.0,0.0000,0.0000,0.0000,0.0000,0.00,0.00,0.00,0.000000,0.000000,-0.18,1
95233,0.00,0.0,0.0,0.0,0.0000,0.0000,0.0000,0.0000,0.00,0.00,0.00,0.000000,0.000000,-0.18,1
95233,0.00,0.0,0.0,0.0,0.0000,0.0000,0.0000,0.0000,0.00,0.00,0.00,0.000000,0.000000,-0.18,1
95233,0.00,0.0,0.0,0.0,0.0000,0.0000,0.0000,0.0000,0.00,0.00,0.00,0.000000,0.000000,-0.18,1
95233,0.00,0.0,0.0,0.0,0.0000,0.0000,0.0000,0.0000,0.00,0.00,0.00,0.000000,0.000000,-0.18,1
95245,0.00,0.0,0.0,0.0,0.0000,0.0000,0.0000,0.0000,0.00,0.00,0.00,0.000000,0.000000,-0.18,1
95245,0.00,0.0,0.0,0.0,0.0000,0.0000,0.0000,0.0000,0.00,0.00,0.00,0.000000,0.000000,-0.18,1
95245,0.00,0.0,0.0,0.0,0.0000,0.0000,0.0000,0.0000,0.00,0.00,0.00,0.000000,0.000000,-0.18,1
95245,0.00,0.0,0.0,0.0,0.0000,0.0000,0.0000,0.0000,0.00,0.00,0.00,0.000000,0.000000,-0.18,1
95245,0.00,0.0,0.0,0.0,0.0000,0.0000,0.0000,0.0000,0.00,0.00,0.00,0.000000,0.000000,-0.18,1
95258,0.00,0.0,0.0,0.0,0.0000,0.0000,0.0000,0.0000,0.00,0.00,0.00,0.000000,0.000000,-0.18,1
95258,0.00,0.0,0.0,0.0,0.0000,0.0000,0.0000,0.0000,0.00,0.00,0.00,0.000000,0.000000,-0.18,1
95258,0.00,0.0,0.0,0.0,0.0000,0.0000,0.0000,0.0000,0.00,0.00,0.00,0.000000,0.000000,-0.18,1
95258,0.00,0.0,0.0,0.0,0.0000,0.0000,0.0000,0.0000,0.00,0.00,0.00,0.000000,0.000000,-0.18,1
95258,0.00,0.0,0.0,0.0,0.0000,0.0000,0.0000,0.0000,0.00,0.00,0.00,0.000000,0.000000,-0.18,1
95271,0.00,0.0,0.0,0.0,0.0000,0.0000,0.0000,0.0000,0.00,0.00,0.00,0.000000,0.000000,-0.18,1
95271,0.00,0.0,0.0,0.0,0.0000,0.0000,0.0000,0.0000,0.00,0.00,0.00,0.000000,0.000000,-0.18,1
95271,0.00,0.0,0.0,0.0,0.0000,0.0000,0.0000,0.0000,0.00,0.00,0.00,0.000000,0.000000,-0.18,1
95271,0.00,0.0,0.0,0.0,0.0000,0.0000,0.0000,0.0000,0.00,0.00,0.00,0.000000,0.000000,-0.18,1
95271,0.00,0.0,0.0,0.0,0.0000,0.0000,0.0000,0.0000,0.00,0.00,0.00,0.000000,0.000000,-0.18,1
95284,0.00,0.0,0.0,0.0,0.0000,0.0000,0.0000,0.0000,0.00,0.00,0.00,0.000000,0.000000,-0.18,1
95284,0.00,0.0,0.0,0.0,0.0000,0.0000,0.0000,0.0000,0.00,0.00,0.00,0.000000,0.000000,-0.18,1
95284,0.00,0.0,0.0,0.0,0.0000,0.0000,0.0000,0.0000,0.00,0.00,0.00,0.000000,0.000000,-0.18,1
95284,0.00,0.0,0.0,0.0,0.0000,0.0000,0.0000,0.0000,0.00,0.00,0.00,0.000000,0.000000,-0.18,1
95284,0.00,0.0,0.0,0.0,0.0000,0.0000,0.0000,0.0000,0.00,0.00,0.00,0.000000,0.000000,-0.18,1
95297,0.00,0.0,0.0,0.0,0.0000,0.0000,0.0000,0.0000,0.00,0.00,0.00,0.000000,0.000000,-0.18,1
95297,0.00,0.0,0.0,0.0,0.0000,0.0000,0.0000,0.0000,0.00,0.00,0.00,0.000000,0.000000,-0.18,1
95297,0.00,0.0,0.0,0.0,0.0000,0.0000,0.0000,0.0000,0.00,0.00,0.00,0.000000,0.000000,-0.18,1
95297,0.00,0.0,0.0,0.0,0.0000,0.0000,0.0000,0.0000,0.00,0.00,0.00,0.000000,0.000000,-0.18,1
95297,0.00,0.0,0.0,0.0,0.0000,0.0000,0.0000,0.0000,0.00,0.00,0.00,0.000000,0.000000,-0.18,1
95309,0.00,0.0,0.0,0.0,0.0000,0.0000,0.0000,0.0000,0.00,0.00,0.00,0.000000,0.000000,-0.18,1
95309,0.00,0.0,0.0,0.0,0.0000,0.0000,0.0000,0.0000,0.00,0.00,0.00,0.000000,0.000000,-0.18,1
95309,0.00,0.0,0.0,0.0,0.0000,0.0000,0.0000,0.0000,0.00,0.00,0.00,0.000000,0.000000,-0.18,1
95309,0.00,0.0,0.0,0.0,0.0000,0.0000,0.0000,0.0000,0.00,0.00,0.00,0.000000,0.000000,-0.18,1
95309,0.00,0.0,0.0,0.0,0.0000,0.0000,0.0000,0.0000,0.00,0.00,0.00,0.000000,0.000000,-0.18,1
95322,0.00,0.0,0.0,0.0,0.0000,0.0000,0.0000,0.0000,0.00,0.00,0.00,0.000000,0.000000,-0.18,1
95322,0.00,0.0,0.0,0.0,0.0000,0.0000,0.0000,0.0000,0.00,0.00,0.00,0.000000,0.000000,-0.18,1
95322,0.00,0.0,0.0,0.0,0.0000,0.0000,0.0000,0.0000,0.00,0.00,0.00,0.000000,0.000000,-0.18,1
95322,0.00,0.0,0.0,0.0,0.0000,0.0000,0.0000,0.0000,0.00,0.00,0.00,0.000000,0.000000,-0.18,1
95322,0.00,0.0,0.0,0.0,0.0000,0.0000,0.0000,0.0000,0.00,0.00,0.00,0.000000,0.000000,-0.18,1
95335,0.00,0.0,0.0,0.0,0.0000,0.0000,0.0000,0.0000,0.00,0.00,0.00,0.000000,0.000000,-0.17,1
95335,0.00,0.0,0.0,0.0,0.0000,0.0000,0.0000,0.0000,0.00,0.00,0.00,0.000000,0.000000,-0.17,1
95335,0.00,0.0,0.0,0.0,0.0000,0.0000,0.0000,0.0000,0.00,0.00,0.00,0.000000,0.000000,-0.17,1
95335,0.00,0.0,0.0,0.0,0.0000,0.0000,0.0000,0.0000,0.00,0.00,0.00,0.000000,0.000000,-0.17,1
95335,0.00,0.0,0.0,0.0,0.0000,0.0000,0.0000,0.0000,0.00,0.00,0.00,0.000000,0.000000,-0.17,1
95347,0.00,0.0,0.0,0.0,0.0000,0.0000,0.0000,0.0000,0.00,0.00,0.00,0.000000,0.000000,-0.17,1
95347,0.00,0.0,0.0,0.0,0.0000,0.0000,0.0000,0.0000,0.00,0.00,0.00,0.000000,0.000000,-0.17,1
95347,0.00,0.0,0.0,0.0,0.0000,0.0000,0.0000,0.0000,0.00,0.00,0.00,0.000000,0.000000,-0.17,1
95347,0.00,0.0,0.0,0.0,0.0000,0.0000,0.0000,0.0000,0.00,0.00,0.00,0.000000,0.000000,-0.17,1
95347,0.00,0.0,0.0,0.0,0.0000,0.0000,0.0000,0.0000,0.00,0.00,0.00,0.000000,0.000000,-0.17,1
95360,0.00,0.0,0.0,0.0,0.0000,0.0000,0.0000,0.0000,0.00,0.00,0.00,0.000000,0.000000,-0.17,1
95360,0.00,0.0,0.0,0.0,0.0000,0.0000,0.0000,0.0000,0.00,0.00,0.00,0.000000,0.000000,-0.17,1
95360,0.00,0.0,0.0,0.0,0.0000,0.0000,0.0000,0.0000,0.00,0.00,0.00,0.000000,0.000000,-0.17,1
95360,0.00,0.0,0.0,0.0,0.0000,0.0000,0.0000,0.0000,0.00,0.00,0.00,0.000000,0.000000,-0.17,1
95360,0.00,0.0,0.0,0.0,0.0000,0.0000,0.0000,0.0000,0.00,0.00,0.00,0.000000,0.000000,-0.17,1
95373,0.00,0.0,0.0,0.0,0.0000,0.0000,0.0000,0.0000,0.00,0.00,0.00,0.000000,0.000000,-0.17,1
95373,0.00,0.0,0.0,0.0,0.0000,0.0000,0.0000,0.0000,0.00,0.00,0.00,0.000000,0.000000,-0.17,1
95373,0.00,0.0,0.0,0.0,0.0000,0.0000,0.0000,0.0000,0.00,0.00,0.00,0.000000,0.000000,-0.17,1
95373,0.00,0.0,0.0,0.0,0.0000,0.0000,0.0000,0.0000,0.00,0.00,0.00,0.000000,0.000000,-0.17,1
95373,0.00,0.0,0.0,0.0,0.0000,0.0000,0.0000,0.0000,0.00,0.00,0.00,0.000000,0.000000,-0.17,1
95386,0.00,0.0,0.0,0.0,0.0000,0.0000,0.0000,0.0000,0.00,0.00,0.00,0.000000,0.000000,-0.18,1
95386,0.00,0.0,0.0,0.0,0.0000,0.0000,0.0000,0.0000,0.00,0.00,0.00,0.000000,0.000000,-0.18,1
95386,0.00,0.0,0.0,0.0,0.0000,0.0000,0.0000,0.0000,0.00,0.00,0.00,0.000000,0.000000,-0.18,1
95386,0.00,0.0,0.0,0.0,0.0000,0.0000,0.0000,0.0000,0.00,0.00,0.00,0.000000,0.000000,-0.18,1
95386,0.00,0.0,0.0,0.0,0.0000,0.0000,0.0000,0.0000,0.00,0.00,0.00,0.000000,0.000000,-0.18,1
95398,0.00,0.0,0.0,0.0,0.0000,0.0000,0.0000,0.0000,0.00,0.00,0.00,0.000000,0.000000,-0.18,1
95398,0.00,0.0,0.0,0.0,0.0000,0.0000,0.0000,0.0000,0.00,0.00,0.00,0.000000,0.000000,-0.18,1
95398,0.00,0.0,0.0,0.0,0.0000,0.0000,0.0000,0.0000,0.00,0.00,0.00,0.000000,0.000000,-0.18,1
95398,0.00,0.0,0.0,0.0,0.0000,0.0000,0.0000,0.0000,0.00,0.00,0.00,0.000000,0.000000,-0.18,1
95398,0.00,0.0,0.0,0.0,0.0000,0.0000,0.0000,0.0000,0.00,0.00,0.00,0.000000,0.000000,-0.18,1
95411,0.00,0.0,0.0,0.0,0.0000,0.0000,0.0000,0.0000,0.00,0.00,0.00,0.000000,0.000000,-0.18,1
95411,0.00,0.0,0.0,0.0,0.0000,0.0000,0.0000,0.0000,0.00,0.00,0.00,0.000000,0.000000,-0.18,1
95411,0.00,0.0,0.0,0.0,0.0000,0.0000,0.0000,0.0000,0.00,0.00,0.00,0.000000,0.000000,-0.18,1
95411,0.00,0.0,0.0,0.0,0.0000,0.0000,0.0000,0.0000,0.00,0.00,0.00,0.000000,0.000000,-0.18,1
95411,0.00,0.0,0.0,0.0,0.0000,0.0000,0.0000,0.0000,0.00,0.00,0.00,0.000000,0.000000,-0.18,1
95424,0.00,0.0,0.0,0.0,0.0000,0.0000,0.0000,0.0000,0.00,0.00,0.00,0.000000,0.000000,-0.18,1
95424,0.00,0.0,0.0,0.0,0.0000,0.0000,0.0000,0.0000,0.00,0.00,0.00,0.000000,0.000000,-0.18,1
95424,0.00,0.0,0.0,0.0,0.0000,0.0000,0.0000,0.0000,0.00,0.00,0.00,0.000000,0.000000,-0.18,1
95424,0.00,0.0,0.0,0.0,0.0000,0.0000,0.0000,0.0000,0.00,0.00,0.00,0.000000,0.000000,-0.18,1
95424,0.00,0.0,0.0,0.0,0.0000,0.0000,0.0000,0.0000,0.00,0.00,0.00,0.000000,0.000000,-0.18,1
95437,0.00,0.0,0.0,0.0,0.0000,0.0000,0.0000,0.0000,0.00,0.00,0.00,0.000000,0.000000,-0.18,1
95437,0.00,0.0,0.0,0.0,0.0000,0.0000,0.0000,0.0000,0.00,0.00,0.00,0.000000,0.000000,-0.18,1
95437,0.00,0.0,0.0,0.0,0.0000,0.0000,0.0000,0.0000,0.00,0.00,0.00,0.000000,0.000000,-0.18,1
95437,0.00,0.0,0.0,0.0,0.0000,0.0000,0.0000,0.0000,0.00,0.00,0.00,0.000000,0.000000,-0.18,1
95437,0.00,0.0,0.0,0.0,0.0000,0.0000,0.0000,0.0000,0.00,0.00,0.00,0.000000,0.000000,-0.18,1
95449,0.00,0.0,0.0,0.0,0.0000,0.0000,0.0000,0.0000,0.00,0.00,0.00,0.000000,0.000000,-0.18,1
95449,0.00,0.0,0.0,0.0,0.0000,0.0000,0.0000,0.0000,0.00,0.00,0.00,0.000000,0.000000,-0.18,1
95449,0.00,0.0,0.0,0.0,0.0000,0.0000,0.0000,0.0000,0.00,0.00,0.00,0.000000,0.000000,-0.18,1
95449,0.00,0.0,0.0,0.0,0.0000,0.0000,0.0000,0.0000,0.00,0.00,0.00,0.000000,0.000000,-0.18,1
95449,0.00,0.0,0.0,0.0,0.0000,0.0000,0.0000,0.0000,0.00,0.00,0.00,0.000000,0.000000,-0.18,1
95462,0.00,0.0,0.0,0.0,0.0000,0.0000,0.0000,0.0000,0.00,0.00,0.00,0.000000,0.000000,-0.18,1
95462,0.00,0.0,0.0,0.0,0.0000,0.0000,0.0000,0.0000,0.00,0.00,0.00,0.000000,0.000000,-0.18,1
95462,0.00,0.0,0.0,0.0,0.0000,0.0000,0.0000,0.0000,0.00,0.00,0.00,0.000000,0.000000,-0.18,1
95462,0.00,0.0,0.0,0.0,0.0000,0.0000,0.0000,0.0000,0.00,0.00,0.00,0.000000,0.000000,-0.18,1
95462,0.00,0.0,0.0,0.0,0.0000,0.0000,0.0000,0.0000,0.00,0.00,0.00,0.000000,0.000000,-0.18,1
95475,0.00,0.0,0.0,0.0,0.0000,0.0000,0.0000,0.0000,0.00,0.00,0.00,0.000000,0.000000,-0.18,1
95475,0.00,0.0,0.0,0.0,0.0000,0.0000,0.0000,0.0000,0.00,0.00,0.00,0.000000,0.000000,-0.18,1
95475,0.00,0.0,0.0,0.0,0.0000,0.0000,0.0000,0.0000,0.00,0.00,0.00,0.000000,0.000000,-0.18,1
95475,0.00,0.0,0.0,0.0,0.0000,0.0000,0.0000,0.0000,0.00,0.00,0.00,0.000000,0.000000,-0.18,1
95475,0.00,0.0,0.0,0.0,0.0000,0.0000,0.0000,0.0000,0.00,0.00,0.00,0.000000,0.000000,-0.18,1
95488,0.00,0.0,0.0,0.0,0.0000,0.0000,0.0000,0.0000,0.00,0.00,0.00,0.000000,0.000000,-0.18,1
95488,0.00,0.0,0.0,0.0,0.0000,0.0000,0.0000,0.0000,0.00,0.00,0.00,0.000000,0.000000,-0.18,1
95488,0.00,0.0,0.0,0.0,0.0000,0.0000,0.0000,0.0000,0.00,0.00,0.00,0.000000,0.000000,-0.18,1
95488,0.00,0.0,0.0,0.0,0.0000,0.0000,0.0000,0.0000,0.00,0.00,0.00,0.000000,0.000000,-0.18,1
95488,0.00,0.0,0.0,0.0,0.0000,0.0000,0.0000,0.0000,0.00,0.00,0.00,0.000000,0.000000,-0.18,1
95500,0.00,0.0,0.0,0.0,0.0000,0.0000,0.0000,0.0000,0.00,0.00,0.00,0.000000,0.000000,-0.18,1
95500,0.00,0.0,0.0,0.0,0.0000,0.0000,0.0000,0.0000,0.00,0.00,0.00,0.000000,0.000000,-0.18,1
95500,0.00,0.0,0.0,0.0,0.0000,0.0000,0.0000,0.0000,0.00,0.00,0.00,0.000000,0.000000,-0.18,1
95500,0.00,0.0,0.0,0.0,0.0000,0.0000,0.0000,0.0000,0.00,0.00,0.00,0.000000,0.000000,-0.18,1
95500,0.00,0.0,0.0,0.0,0.0000,0.0000,0.0000,0.0000,0.00,0.00,0.00,0.000000,0.000000,-0.18,1
95513,0.00,0.0,0.0,0.0,0.0000,0.0000,0.0000,0.0000,0.00,0.00,0.00,0.000000,0.000000,-0.18,1
95513,0.00,0.0,0.0,0.0,0.0000,0.0000,0.0000,0.0000,0.00,0.00,0.00,0.000000,0.000000,-0.18,1
95513,0.00,0.0,0.0,0.0,0.0000,0.0000,0.0000,0.0000,0.00,0.00,0.00,0.000000,0.000000,-0.18,1
95513,0.00,0.0,0.0,0.0,0.0000,0.0000,0.0000,0.0000,0.00,0.00,0.00,0.000000,0.000000,-0.18,1
95513,0.00,0.0,0.0,0.0,0.0000,0.0000,0.0000,0.0000,0.00,0.00,0.00,0.000000,0.000000,-0.18,1
95526,0.00,0.0,0.0,0.0,0.0000,0.0000,0.0000,0.0000,0.00,0.00,0.00,0.000000,0.000000,-0.18,1
95526,0.00,0.0,0.0,0.0,0.0000,0.0000,0.0000,0.0000,0.00,0.00,0.00,0.000000,0.000000,-0.18,1
95526,0.00,0.0,0.0,0.0,0.0000,0.0000,0.0000,0.0000,0.00,0.00,0.00,0.000000,0.000000,-0.18,1
95526,0.00,0.0,0.0,0.0,0.0000,0.0000,0.0000,0.0000,0.00,0.00,0.00,0.000000,0.000000,-0.18,1
95526,0.00,0.0,0.0,0.0,0.0000,0.0000,0.0000,0.0000,0.00,0.00,0.00,0.000000,0.000000,-0.18,1
95539,0.00,0.0,0.0,0.0,0.0000,0.0000,0.0000,0.0000,0.00,0.00,0.00,0.000000,0.000000,-0.18,1
95539,0.00,0.0,0.0,0.0,0.0000,0.0000,0.0000,0.0000,0.00,0.00,0.00,0.000000,0.000000,-0.18,1
95539,0.00,0.0,0.0,0.0,0.0000,0.0000,0.0000,0.0000,0.00,0.00,0.00,0.000000,0.000000,-0.18,1
95539,0.00,0.0,0.0,0.0,0.0000,0.0000,0.0000,0.0000,0.00,0.00,0.00,0.000000,0.000000,-0.18,1
95539,0.00,0.0,0.0,0.0,0.0000,0.0000,0.0000,0.0000,0.00,0.00,0.00,0.000000,0.000000,-0.18,1
95551,0.00,0.0,0.0,0.0,0.0000,0.0000,0.0000,0.0000,0.00,0.00,0.00,0.000000,0.000000,-0.18,1
95551,0.00,0.0,0.0,0.0,0.0000,0.0000,0.0000,0.0000,0.00,0.00,0.00,0.000000,0.000000,-0.18,1
95551,0.00,0.0,0.0,0.0,0.0000,0.0000,0.0000,0.0000,0.00,0.00,0.00,0.000000,0.000000,-0.18,1
95551,0.00,0.0,0.0,0.0,0.0000,0.0000,0.0000,0.0000,0.00,0.00,0.00,0.000000,0.000000,-0.18,1
95551,0.00,0.0,0.0,0.0,0.0000,0.0000,0.0000,0.0000,0.00,0.00,0.00,0.000000,0.000000,-0.18,1
95564,0.00,0.0,0.0,0.0,0.0000,0.0000,0.0000,0.0000,0.00,0.00,0.00,0.000000,0.000000,-0.18,1
95564,0.00,0.0,0.0,0.0,0.0000,0.0000,0.0000,0.0000,0.00,0.00,0.00,0.000000,0.000000,-0.18,1
95564,0.00,0.0,0.0,0.0,0.0000,0.0000,0.0000,0.0000,0.00,0.00,0.00,0.000000,0.000000,-0.18,1
95564,0.00,0.0,0.0,0.0,0.0000,0.0000,0.0000,0.0000,0.00,0.00,0.00,0.000000,0.000000,-0.18,1
95564,0.00,0.0,0.0,0.0,0.0000,0.0000,0.0000,0.0000,0.00,0.00,0.00,0.000000,0.000000,-0.18,1
95577,0.00,0.0,0.0,0.0,0.0000,0.0000,0.0000,0.0000,0.00,0.00,0.00,0.000000,0.000000,-0.18,1
95577,0.00,0.0,0.0,0.0,0.0000,0.0000,0.0000,0.0000,0.00,0.00,0.00,0.000000,0.000000,-0.18,1
95577,0.00,0.0,0.0,0.0,0.0000,0.0000,0.0000,0.0000,0.00,0.00,0.00,0.000000,0.000000,-0.18,1
95577,0.00,0.0,0.0,0.0,0.0000,0.0000,0.0000,0.0000,0.00,0.00,0.00,0.000000,0.000000,-0.18,1
95577,0.00,0.0,0.0,0.0,0.0000,0.0000,0.0000,0.0000,0.00,0.00,0.00,0.000000,0.000000,-0.18,1
95590,0.00,0.0,0.0,0.0,0.0000,0.0000,0.0000,0.0000,0.00,0.00,0.00,0.000000,0.000000,-0.17,1
95590,0.00,0.0,0.0,0.0,0.0000,0.0000,0.0000,0.0000,0.00,0.00,0.00,0.000000,0.000000,-0.17,1
95590,0.00,0.0,0.0,0.0,0.0000,0.0000,0.0000,0.0000,0.00,0.00,0.00,0.000000,0.000000,-0.17,1
95590,0.00,0.0,0.0,0.0,0.0000,0.0000,0.0000,0.0000,0.00,0.00,0.00,0.000000,0.000000,-0.17,1
95590,0.00,0.0,0.0,0.0,0.0000,0.0000,0.0000,0.0000,0.00,0.00,0.00,0.000000,0.000000,-0.17,1
95602,0.00,0.0,0.0,0.0,0.0000,0.0000,0.0000,0.0000,0.00,0.00,0.00,0.000000,0.000000,-0.17,1
95602,0.00,0.0,0.0,0.0,0.0000,0.0000,0.0000,0.0000,0.00,0.00,0.00,0.000000,0.000000,-0.17,1
95602,0.00,0.0,0.0,0.0,0.0000,0.0000,0.0000,0.0000,0.00,0.00,0.00,0.000000,0.000000,-0.17,1
95602,0.00,0.0,0.0,0.0,0.0000,0.0000,0.0000,0.0000,0.00,0.00,0.00,0.000000,0.000000,-0.17,1
95602,0.00,0.0,0.0,0.0,0.0000,0.0000,0.0000,0.0000,0.00,0.00,0.00,0.000000,0.000000,-0.17,1
95615,0.00,0.0,0.0,0.0,0.0000,0.0000,0.0000,0.0000,0.00,0.00,0.00,0.000000,0.000000,-0.17,1
95615,0.00,0.0,0.0,0.0,0.0000,0.0000,0.0000,0.0000,0.00,0.00,0.00,0.000000,0.000000,-0.17,1
95615,0.00,0.0,0.0,0.0,0.0000,0.0000,0.0000,0.0000,0.00,0.00,0.00,0.000000,0.000000,-0.17,1
95615,0.00,0.0,0.0,0.0,0.0000,0.0000,0.0000,0.0000,0.00,0.00,0.00,0.000000,0.000000,-0.17,1
95615,0.00,0.0,0.0,0.0,0.0000,0.0000,0.0000,0.0000,0.00,0.00,0.00,0.000000,0.000000,-0.17,1
95628,0.00,0.0,0.0,0.0,0.0000,0.0000,0.0000,0.0000,0.00,0.00,0.00,0.000000,0.000000,-0.17,1
95628,0.00,0.0,0.0,0.0,0.0000,0.0000,0.0000,0.0000,0.00,0.00,0.00,0.000000,0.000000,-0.17,1
95628,0.00,0.0,0.0,0.0,0.0000,0.0000,0.0000,0.0000,0.00,0.00,0.00,0.000000,0.000000,-0.17,1
95628,0.00,0.0,0.0,0.0,0.0000,0.0000,0.0000,0.0000,0.00,0.00,0.00,0.000000,0.000000,-0.17,1
95628,0.00,0.0,0.0,0.0,0.0000,0.0000,0.0000,0.0000,0.00,0.00,0.00,0.000000,0.000000,-0.17,1
95641,0.00,0.0,0.0,0.0,0.0000,0.0000,0.0000,0.0000,0.00,0.00,0.00,0.000000,0.000000,-0.17,1
95641,0.00,0.0,0.0,0.0,0.0000,0.0000,0.0000,0.0000,0.00,0.00,0.00,0.000000,0.000000,-0.17,1
95641,0.00,0.0,0.0,0.0,0.0000,0.0000,0.0000,0.0000,0.00,0.00,0.00,0.000000,0.000000,-0.17,1
95641,0.00,0.0,0.0,0.0,0.0000,0.0000,0.0000,0.0000,0.00,0.00,0.00,0.000000,0.000000,-0.17,1
95641,0.00,0.0,0.0,0.0,0.0000,0.0000,0.0000,0.0000,0.00,0.00,0.00,0.000000,0.000000,-0.17,1
95653,0.00,0.0,0.0,0.0,0.0000,0.0000,0.0000,0.0000,0.00,0.00,0.00,0.000000,0.000000,-0.17,1
95653,0.00,0.0,0.0,0.0,0.0000,0.0000,0.0000,0.0000,0.00,0.00,0.00,0.000000,0.000000,-0.17,1
95653,0.00,0.0,0.0,0.0,0.0000,0.0000,0.0000,0.0000,0.00,0.00,0.00,0.000000,0.000000,-0.17,1
95653,0.00,0.0,0.0,0.0,0.0000,0.0000,0.0000,0.0000,0.00,0.00,0.00,0.000000,0.000000,-0.17,1
95653,0.00,0.0,0.0,0.0,0.0000,0.0000,0.0000,0.0000,0.00,0.00,0.00,0.000000,0.000000,-0.17,1
95666,0.00,0.0,0.0,0.0,0.0000,0.0000,0.0000,0.0000,0.00,0.00,0.00,0.000000,0.000000,-0.17,1
95666,0.00,0.0,0.0,0.0,0.0000,0.0000,0.0000,0.0000,0.00,0.00,0.00,0.000000,0.000000,-0.17,1
95666,0.00,0.0,0.0,0.0,0.0000,0.0000,0.0000,0.0000,0.00,0.00,0.00,0.000000,0.000000,-0.17,1
95666,0.00,0.0,0.0,0.0,0.0000,0.0000,0.0000,0.0000,0.00,0.00,0.00,0.000000,0.000000,-0.17,1
95666,0.00,0.0,0.0,0.0,0.0000,0.0000,0.0000,0.0000,0.00,0.00,0.00,0.000000,0.000000,-0.17,1
95679,0.00,0.0,0.0,0.0,0.0000,0.0000,0.0000,0.0000,0.00,0.00,0.00,0.000000,0.000000,-0.17,1
95679,0.00,0.0,0.0,0.0,0.0000,0.0000,0.0000,0.0000,0.00,0.00,0.00,0.000000,0.000000,-0.17,1
95679,0.00,0.0,0.0,0.0,0.0000,0.0000,0.0000,0.0000,0.00,0.00,0.00,0.000000,0.000000,-0.17,1
95679,0.00,0.0,0.0,0.0,0.0000,0.0000,0.0000,0.0000,0.00,0.00,0.00,0.000000,0.000000,-0.17,1
95679,0.00,0.0,0.0,0.0,0.0000,0.0000,0.0000,0.0000,0.00,0.00,0.00,0.000000,0.000000,-0.17,1
95692,0.00,0.0,0.0,0.0,0.0000,0.0000,0.0000,0.0000,0.00,0.00,0.00,0.000000,0.000000,-0.18,1
95692,0.00,0.0,0.0,0.0,0.0000,0.0000,0.0000,0.0000,0.00,0.00,0.00,0.000000,0.000000,-0.18,1
95692,0.00,0.0,0.0,0.0,0.0000,0.0000,0.0000,0.0000,0.00,0.00,0.00,0.000000,0.000000,-0.18,1
95692,0.00,0.0,0.0,0.0,0.0000,0.0000,0.0000,0.0000,0.00,0.00,0.00,0.000000,0.000000,-0.18,1
95692,0.00,0.0,0.0,0.0,0.0000,0.0000,0.0000,0.0000,0.00,0.00,0.00,0.000000,0.000000,-0.18,1
95704,0.00,0.0,0.0,0.0,0.0000,0.0000,0.0000,0.0000,0.00,0.00,0.00,0.000000,0.000000,-0.18,1
95704,0.00,0.0,0.0,0.0,0.0000,0.0000,0.0000,0.0000,0.00,0.00,0.00,0.000000,0.000000,-0.18,1
95704,0.00,0.0,0.0,0.0,0.0000,0.0000,0.0000,0.0000,0.00,0.00,0.00,0.000000,0.000000,-0.18,1
95704,0.00,0.0,0.0,0.0,0.0000,0.0000,0.0000,0.0000,0.00,0.00,0.00,0.000000,0.000000,-0.18,1
95704,0.00,0.0,0.0,0.0,0.0000,0.0000,0.0000,0.0000,0.00,0.00,0.00,0.000000,0.000000,-0.18,1
95717,0.00,0.0,0.0,0.0,0.0000,0.0000,0.0000,0.0000,0.00,0.00,0.00,0.000000,0.000000,-0.18,1
95717,0.00,0.0,0.0,0.0,0.0000,0.0000,0.0000,0.0000,0.00,0.00,0.00,0.000000,0.000000,-0.18,1
95730,0.00,0.0,0.0,0.0,0.0000,0.0000,0.0000,0.0000,0.00,0.00,0.00,0.000000,0.000000,-0.18,1
95730,0.00,0.0,0.0,0.0,0.0000,0.0000,0.0000,0.0000,0.00,0.00,0.00,0.000000,0.000000,-0.18,1
95730,0.00,0.0,0.0,0.0,0.0000,0.0000,0.0000,0.0000,0.00,0.00,0.00,0.000000,0.000000,-0.18,1
95730,0.00,0.0,0.0,0.0,0.0000,0.0000,0.0000,0.0000,0.00,0.00,0.00,0.000000,0.000000,-0.18,1
95730,0.00,0.0,0.0,0.0,0.0000,0.0000,0.0000,0.0000,0.00,0.00,0.00,0.000000,0.000000,-0.18,1
95743,0.00,0.0,0.0,0.0,0.0000,0.0000,0.0000,0.0000,0.00,0.00,0.00,0.000000,0.000000,-0.18,1
95743,0.00,0.0,0.0,0.0,0.0000,0.0000,0.0000,0.0000,0.00,0.00,0.00,0.000000,0.000000,-0.18,1
95743,0.00,0.0,0.0,0.0,0.0000,0.0000,0.0000,0.0000,0.00,0.00,0.00,0.000000,0.000000,-0.18,1
95743,0.00,0.0,0.0,0.0,0.0000,0.0000,0.0000,0.0000,0.00,0.00,0.00,0.000000,0.000000,-0.18,1
95743,0.00,0.0,0.0,0.0,0.0000,0.0000,0.0000,0.0000,0.00,0.00,0.00,0.000000,0.000000,-0.18,1
95756,0.00,0.0,0.0,0.0,0.0000,0.0000,0.0000,0.0000,0.00,0.00,0.00,0.000000,0.000000,-0.18,1
95756,0.00,0.0,0.0,0.0,0.0000,0.0000,0.0000,0.0000,0.00,0.00,0.00,0.000000,0.000000,-0.18,1
95756,0.00,0.0,0.0,0.0,0.0000,0.0000,0.0000,0.0000,0.00,0.00,0.00,0.000000,0.000000,-0.18,1
95756,0.00,0.0,0.0,0.0,0.0000,0.0000,0.0000,0.0000,0.00,0.00,0.00,0.000000,0.000000,-0.18,1
95756,0.00,0.0,0.0,0.0,0.0000,0.0000,0.0000,0.0000,0.00,0.00,0.00,0.000000,0.000000,-0.18,1
95768,0.00,0.0,0.0,0.0,0.0000,0.0000,0.0000,0.0000,0.00,0.00,0.00,0.000000,0.000000,-0.18,1
95768,0.00,0.0,0.0,0.0,0.0000,0.0000,0.0000,0.0000,0.00,0.00,0.00,0.000000,0.000000,-0.18,1
95768,0.00,0.0,0.0,0.0,0.0000,0.0000,0.0000,0.0000,0.00,0.00,0.00,0.000000,0.000000,-0.18,1
95768,0.00,0.0,0.0,0.0,0.0000,0.0000,0.0000,0.0000,0.00,0.00,0.00,0.000000,0.000000,-0.18,1
95768,0.00,0.0,0.0,0.0,0.0000,0.0000,0.0000,0.0000,0.00,0.00,0.00,0.000000,0.000000,-0.18,1
95781,0.00,0.0,0.0,0.0,0.0000,0.0000,0.0000,0.0000,0.00,0.00,0.00,0.000000,0.000000,-0.18,1
95781,0.00,0.0,0.0,0.0,0.0000,0.0000,0.0000,0.0000,0.00,0.00,0.00,0.000000,0.000000,-0.18,1
95781,0.00,0.0,0.0,0.0,0.0000,0.0000,0.0000,0.0000,0.00,0.00,0.00,0.000000,0.000000,-0.18,1
95781,0.00,0.0,0.0,0.0,0.0000,0.0000,0.0000,0.0000,0.00,0.00,0.00,0.000000,0.000000,-0.18,1
95781,0.00,0.0,0.0,0.0,0.0000,0.0000,0.0000,0.0000,0.00,0.00,0.00,0.000000,0.000000,-0.18,1
95794,0.00,0.0,0.0,0.0,0.0000,0.0000,0.0000,0.0000,0.00,0.00,0.00,0.000000,0.000000,-0.18,1
95794,0.00,0.0,0.0,0.0,0.0000,0.0000,0.0000,0.0000,0.00,0.00,0.00,0.000000,0.000000,-0.18,1
95794,0.00,0.0,0.0,0.0,0.0000,0.0000,0.0000,0.0000,0.00,0.00,0.00,0.000000,0.000000,-0.18,1
95794,0.00,0.0,0.0,0.0,0.0000,0.0000,0.0000,0.0000,0.00,0.00,0.00,0.000000,0.000000,-0.18,1
95794,0.00,0.0,0.0,0.0,0.0000,0.0000,0.0000,0.0000,0.00,0.00,0.00,0.000000,0.000000,-0.18,1
95807,0.00,0.0,0.0,0.0,0.0000,0.0000,0.0000,0.0000,0.00,0.00,0.00,0.000000,0.000000,-0.18,1
95807,0.00,0.0,0.0,0.0,0.0000,0.0000,0.0000,0.0000,0.00,0.00,0.00,0.000000,0.000000,-0.18,1
95807,0.00,0.0,0.0,0.0,0.0000,0.0000,0.0000,0.0000,0.00,0.00,0.00,0.000000,0.000000,-0.18,1
95807,0.00,0.0,0.0,0.0,0.0000,0.0000,0.0000,0.0000,0.00,0.00,0.00,0.000000,0.000000,-0.18,1
95807,0.00,0.0,0.0,0.0,0.0000,0.0000,0.0000,0.0000,0.00,0.00,0.00,0.000000,0.000000,-0.18,1
95819,0.00,0.0,0.0,0.0,0.0000,0.0000,0.0000,0.0000,0.00,0.00,0.00,0.000000,0.000000,-0.18,1
95819,0.00,0.0,0.0,0.0,0.0000,0.0000,0.0000,0.0000,0.00,0.00,0.00,0.000000,0.000000,-0.18,1
95819,0.00,0.0,0.0,0.0,0.0000,0.0000,0.0000,0.0000,0.00,0.00,0.00,0.000000,0.000000,-0.18,1
95819,0.00,0.0,0.0,0.0,0.0000,0.0000,0.0000,0.0000,0.00,0.00,0.00,0.000000,0.000000,-0.18,1
95819,0.00,0.0,0.0,0.0,0.0000,0.0000,0.0000,0.0000,0.00,0.00,0.00,0.000000,0.000000,-0.18,1
95832,0.00,0.0,0.0,0.0,0.0000,0.0000,0.0000,0.0000,0.00,0.00,0.00,0.000000,0.000000,-0.18,1
95832,0.00,0.0,0.0,0.0,0.0000,0.0000,0.0000,0.0000,0.00,0.00,0.00,0.000000,0.000000,-0.18,1
95832,0.00,0.0,0.0,0.0,0.0000,0.0000,0.0000,0.0000,0.00,0.00,0.00,0.000000,0.000000,-0.18,1
95832,0.00,0.0,0.0,0.0,0.0000,0.0000,0.0000,0.0000,0.00,0.00,0.00,0.000000,0.000000,-0.18,1
95832,0.00,0.0,0.0,0.0,0.0000,0.0000,0.0000,0.0000,0.00,0.00,0.00,0.000000,0.000000,-0.18,1
95845,0.00,0.0,0.0,0.0,0.0000,0.0000,0.0000,0.0000,0.00,0.00,0.00,0.000000,0.000000,-0.17,1
95845,0.00,0.0,0.0,0.0,0.0000,0.0000,0.0000,0.0000,0.00,0.00,0.00,0.000000,0.000000,-0.17,1
95845,0.00,0.0,0.0,0.0,0.0000,0.0000,0.0000,0.0000,0.00,0.00,0.00,0.000000,0.000000,-0.17,1
95845,0.00,0.0,0.0,0.0,0.0000,0.0000,0.0000,0.0000,0.00,0.00,0.00,0.000000,0.000000,-0.17,1
95845,0.00,0.0,0.0,0.0,0.0000,0.0000,0.0000,0.0000,0.00,0.00,0.00,0.000000,0.000000,-0.17,1
95857,0.00,0.0,0.0,0.0,0.0000,0.0000,0.0000,0.0000,0.00,0.00,0.00,0.000000,0.000000,-0.17,1
95857,0.00,0.0,0.0,0.0,0.0000,0.0000,0.0000,0.0000,0.00,0.00,0.00,0.000000,0.000000,-0.17,1
95857,0.00,0.0,0.0,0.0,0.0000,0.0000,0.0000,0.0000,0.00,0.00,0.00,0.000000,0.000000,-0.17,1
95857,0.00,0.0,0.0,0.0,0.0000,0.0000,0.0000,0.0000,0.00,0.00,0.00,0.000000,0.000000,-0.17,1
95857,0.00,0.0,0.0,0.0,0.0000,0.0000,0.0000,0.0000,0.00,0.00,0.00,0.000000,0.000000,-0.17,1
95870,0.00,0.0,0.0,0.0,0.0000,0.0000,0.0000,0.0000,0.00,0.00,0.00,0.000000,0.000000,-0.17,1
95870,0.00,0.0,0.0,0.0,0.0000,0.0000,0.0000,0.0000,0.00,0.00,0.00,0.000000,0.000000,-0.17,1
95870,0.00,0.0,0.0,0.0,0.0000,0.0000,0.0000,0.0000,0.00,0.00,0.00,0.000000,0.000000,-0.17,1
95870,0.00,0.0,0.0,0.0,0.0000,0.0000,0.0000,0.0000,0.00,0.00,0.00,0.000000,0.000000,-0.17,1
95896,0.00,0.0,0.0,0.0,0.0000,0.0000,0.0000,0.0000,0.00,0.00,0.00,0.000000,0.000000,-0.18,1
95896,0.00,0.0,0.0,0.0,0.0000,0.0000,0.0000,0.0000,0.00,0.00,0.00,0.000000,0.000000,-0.18,1
95896,0.00,0.0,0.0,0.0,0.0000,0.0000,0.0000,0.0000,0.00,0.00,0.00,0.000000,0.000000,-0.18,1
95896,0.00,0.0,0.0,0.0,0.0000,0.0000,0.0000,0.0000,0.00,0.00,0.00,0.000000,0.000000,-0.18,1
95896,0.00,0.0,0.0,0.0,0.0000,0.0000,0.0000,0.0000,0.00,0.00,0.00,0.000000,0.000000,-0.18,1
95908,0.00,0.0,0.0,0.0,0.0000,0.0000,0.0000,0.0000,0.00,0.00,0.00,0.000000,0.000000,-0.18,1
95934,0.00,0.0,0.0,0.0,0.0000,0.0000,0.0000,0.0000,0.00,0.00,0.00,0.000000,0.000000,-0.18,1
95934,0.00,0.0,0.0,0.0,0.0000,0.0000,0.0000,0.0000,0.00,0.00,0.00,0.000000,0.000000,-0.18,1
95934,0.00,0.0,0.0,0.0,0.0000,0.0000,0.0000,0.0000,0.00,0.00,0.00,0.000000,0.000000,-0.18,1
95934,0.00,0.0,0.0,0.0,0.0000,0.0000,0.0000,0.0000,0.00,0.00,0.00,0.000000,0.000000,-0.18,1
95934,0.00,0.0,0.0,0.0,0.0000,0.0000,0.0000,0.0000,0.00,0.00,0.00,0.000000,0.000000,-0.18,1
95947,0.00,0.0,0.0,0.0,0.0000,0.0000,0.0000,0.0000,0.00,0.00,0.00,0.000000,0.000000,-0.18,1
95947,0.00,0.0,0.0,0.0,0.0000,0.0000,0.0000,0.0000,0.00,0.00,0.00,0.000000,0.000000,-0.18,1
95947,0.00,0.0,0.0,0.0,0.0000,0.0000,0.0000,0.0000,0.00,0.00,0.00,0.000000,0.000000,-0.18,1
95947,0.00,0.0,0.0,0.0,0.0000,0.0000,0.0000,0.0000,0.00,0.00,0.00,0.000000,0.000000,-0.18,1
95947,0.00,0.0,0.0,0.0,0.0000,0.0000,0.0000,0.0000,0.00,0.00,0.00,0.000000,0.000000,-0.18,1
95959,0.00,0.0,0.0,0.0,0.0000,0.0000,0.0000,0.0000,0.00,0.00,0.00,0.000000,0.000000,-0.18,1
95959,0.00,0.0,0.0,0.0,0.0000,0.0000,0.0000,0.0000,0.00,0.00,0.00,0.000000,0.000000,-0.18,1
95959,0.00,0.0,0.0,0.0,0.0000,0.0000,0.0000,0.0000,0.00,0.00,0.00,0.000000,0.000000,-0.18,1
95959,0.00,0.0,0.0,0.0,0.0000,0.0000,0.0000,0.0000,0.00,0.00,0.00,0.000000,0.000000,-0.18,1
95959,0.00,0.0,0.0,0.0,0.0000,0.0000,0.0000,0.0000,0.00,0.00,0.00,0.000000,0.000000,-0.18,1
95972,0.00,0.0,0.0,0.0,0.0000,0.0000,0.0000,0.0000,0.00,0.00,0.00,0.000000,0.000000,-0.18,1
95972,0.00,0.0,0.0,0.0,0.0000,0.0000,0.0000,0.0000,0.00,0.00,0.00,0.000000,0.000000,-0.18,1
95972,0.00,0.0,0.0,0.0,0.0000,0.0000,0.0000,0.0000,0.00,0.00,0.00,0.000000,0.000000,-0.18,1
95972,0.00,0.0,0.0,0.0,0.0000,0.0000,0.0000,0.0000,0.00,0.00,0.00,0.000000,0.000000,-0.18,1
95972,0.00,0.0,0.0,0.0,0.0000,0.0000,0.0000,0.0000,0.00,0.00,0.00,0.000000,0.000000,-0.18,1
95985,0.00,0.0,0.0,0.0,0.0000,0.0000,0.0000,0.0000,0.00,0.00,0.00,0.000000,0.000000,-0.18,1
95985,0.00,0.0,0.0,0.0,0.0000,0.0000,0.0000,0.0000,0.00,0.00,0.00,0.000000,0.000000,-0.18,1
95985,0.00,0.0,0.0,0.0,0.0000,0.0000,0.0000,0.0000,0.00,0.00,0.00,0.000000,0.000000,-0.18,1
95985,0.00,0.0,0.0,0.0,0.0000,0.0000,0.0000,0.0000,0.00,0.00,0.00,0.000000,0.000000,-0.18,1
95985,0.00,0.0,0.0,0.0,0.0000,0.0000,0.0000,0.0000,0.00,0.00,0.00,0.000000,0.000000,-0.18,1
95998,0.00,0.0,0.0,0.0,0.0000,0.0000,0.0000,0.0000,0.00,0.00,0.00,0.000000,0.000000,-0.18,1
95998,0.00,0.0,0.0,0.0,0.0000,0.0000,0.0000,0.0000,0.00,0.00,0.00,0.000000,0.000000,-0.18,1
95998,0.00,0.0,0.0,0.0,0.0000,0.0000,0.0000,0.0000,0.00,0.00,0.00,0.000000,0.000000,-0.18,1
95998,0.00,0.0,0.0,0.0,0.0000,0.0000,0.0000,0.0000,0.00,0.00,0.00,0.000000,0.000000,-0.18,1
95998,0.00,0.0,0.0,0.0,0.0000,0.0000,0.0000,0.0000,0.00,0.00,0.00,0.000000,0.000000,-0.18,1
96010,0.00,0.0,0.0,0.0,0.0000,0.0000,0.0000,0.0000,0.00,0.00,0.00,0.000000,0.000000,-0.18,1
96010,0.00,0.0,0.0,0.0,0.0000,0.0000,0.0000,0.0000,0.00,0.00,0.00,0.000000,0.000000,-0.18,1
96010,0.00,0.0,0.0,0.0,0.0000,0.0000,0.0000,0.0000,0.00,0.00,0.00,0.000000,0.000000,-0.18,1
96010,0.00,0.0,0.0,0.0,0.0000,0.0000,0.0000,0.0000,0.00,0.00,0.00,0.000000,0.000000,-0.18,1
96010,0.00,0.0,0.0,0.0,0.0000,0.0000,0.0000,0.0000,0.00,0.00,0.00,0.000000,0.000000,-0.18,1
96023,0.00,0.0,0.0,0.0,0.0000,0.0000,0.0000,0.0000,0.00,0.00,0.00,0.000000,0.000000,-0.18,1
96023,0.00,0.0,0.0,0.0,0.0000,0.0000,0.0000,0.0000,0.00,0.00,0.00,0.000000,0.000000,-0.18,1
96023,0.00,0.0,0.0,0.0,0.0000,0.0000,0.0000,0.0000,0.00,0.00,0.00,0.000000,0.000000,-0.18,1
96023,0.00,0.0,0.0,0.0,0.0000,0.0000,0.0000,0.0000,0.00,0.00,0.00,0.000000,0.000000,-0.18,1
96023,0.00,0.0,0.0,0.0,0.0000,0.0000,0.0000,0.0000,0.00,0.00,0.00,0.000000,0.000000,-0.18,1
96036,0.00,0.0,0.0,0.0,0.0000,0.0000,0.0000,0.0000,0.00,0.00,0.00,0.000000,0.000000,-0.18,1
96036,0.00,0.0,0.0,0.0,0.0000,0.0000,0.0000,0.0000,0.00,0.00,0.00,0.000000,0.000000,-0.18,1
96036,0.00,0.0,0.0,0.0,0.0000,0.0000,0.0000,0.0000,0.00,0.00,0.00,0.000000,0.000000,-0.18,1
96036,0.00,0.0,0.0,0.0,0.0000,0.0000,0.0000,0.0000,0.00,0.00,0.00,0.000000,0.000000,-0.18,1
96036,0.00,0.0,0.0,0.0,0.0000,0.0000,0.0000,0.0000,0.00,0.00,0.00,0.000000,0.000000,-0.18,1
96049,0.00,0.0,0.0,0.0,0.0000,0.0000,0.0000,0.0000,0.00,0.00,0.00,0.000000,0.000000,-0.17,1
96049,0.00,0.0,0.0,0.0,0.0000,0.0000,0.0000,0.0000,0.00,0.00,0.00,0.000000,0.000000,-0.17,1
96049,0.00,0.0,0.0,0.0,0.0000,0.0000,0.0000,0.0000,0.00,0.00,0.00,0.000000,0.000000,-0.17,1
96049,0.00,0.0,0.0,0.0,0.0000,0.0000,0.0000,0.0000,0.00,0.00,0.00,0.000000,0.000000,-0.17,1
96049,0.00,0.0,0.0,0.0,0.0000,0.0000,0.0000,0.0000,0.00,0.00,0.00,0.000000,0.000000,-0.17,1
96061,0.00,0.0,0.0,0.0,0.0000,0.0000,0.0000,0.0000,0.00,0.00,0.00,0.000000,0.000000,-0.17,1
96061,0.00,0.0,0.0,0.0,0.0000,0.0000,0.0000,0.0000,0.00,0.00,0.00,0.000000,0.000000,-0.17,1
96061,0.00,0.0,0.0,0.0,0.0000,0.0000,0.0000,0.0000,0.00,0.00,0.00,0.000000,0.000000,-0.17,1
96061,0.00,0.0,0.0,0.0,0.0000,0.0000,0.0000,0.0000,0.00,0.00,0.00,0.000000,0.000000,-0.17,1
96061,0.00,0.0,0.0,0.0,0.0000,0.0000,0.0000,0.0000,0.00,0.00,0.00,0.000000,0.000000,-0.17,1
96074,0.00,0.0,0.0,0.0,0.0000,0.0000,0.0000,0.0000,0.00,0.00,0.00,0.000000,0.000000,-0.17,1
96074,0.00,0.0,0.0,0.0,0.0000,0.0000,0.0000,0.0000,0.00,0.00,0.00,0.000000,0.000000,-0.17,1
96074,0.00,0.0,0.0,0.0,0.0000,0.0000,0.0000,0.0000,0.00,0.00,0.00,0.000000,0.000000,-0.17,1
96074,0.00,0.0,0.0,0.0,0.0000,0.0000,0.0000,0.0000,0.00,0.00,0.00,0.000000,0.000000,-0.17,1
96074,0.00,0.0,0.0,0.0,0.0000,0.0000,0.0000,0.0000,0.00,0.00,0.00,0.000000,0.000000,-0.17,1
96087,0.00,0.0,0.0,0.0,0.0000,0.0000,0.0000,0.0000,0.00,0.00,0.00,0.000000,0.000000,-0.17,1
96087,0.00,0.0,0.0,0.0,0.0000,0.0000,0.0000,0.0000,0.00,0.00,0.00,0.000000,0.000000,-0.17,1
96087,0.00,0.0,0.0,0.0,0.0000,0.0000,0.0000,0.0000,0.00,0.00,0.00,0.000000,0.000000,-0.17,1
96087,0.00,0.0,0.0,0.0,0.0000,0.0000,0.0000,0.0000,0.00,0.00,0.00,0.000000,0.000000,-0.17,1
96087,0.00,0.0,0.0,0.0,0.0000,0.0000,0.0000,0.0000,0.00,0.00,0.00,0.000000,0.000000,-0.17,1
96100,0.00,0.0,0.0,0.0,0.0000,0.0000,0.0000,0.0000,0.00,0.00,0.00,0.000000,0.000000,-0.17,1
96100,0.00,0.0,0.0,0.0,0.0000,0.0000,0.0000,0.0000,0.00,0.00,0.00,0.000000,0.000000,-0.17,1
96100,0.00,0.0,0.0,0.0,0.0000,0.0000,0.0000,0.0000,0.00,0.00,0.00,0.000000,0.000000,-0.17,1
96100,0.00,0.0,0.0,0.0,0.0000,0.0000,0.0000,0.0000,0.00,0.00,0.00,0.000000,0.000000,-0.17,1
96100,0.00,0.0,0.0,0.0,0.0000,0.0000,0.0000,0.0000,0.00,0.00,0.00,0.000000,0.000000,-0.17,1
96113,0.00,0.0,0.0,0.0,0.0000,0.0000,0.0000,0.0000,0.00,0.00,0.00,0.000000,0.000000,-0.17,1
96113,0.00,0.0,0.0,0.0,0.0000,0.0000,0.0000,0.0000,0.00,0.00,0.00,0.000000,0.000000,-0.17,1
96113,0.00,0.0,0.0,0.0,0.0000,0.0000,0.0000,0.0000,0.00,0.00,0.00,0.000000,0.000000,-0.17,1
96113,0.00,0.0,0.0,0.0,0.0000,0.0000,0.0000,0.0000,0.00,0.00,0.00,0.000000,0.000000,-0.17,1
96113,0.00,0.0,0.0,0.0,0.0000,0.0000,0.0000,0.0000,0.00,0.00,0.00,0.000000,0.000000,-0.17,1
96125,0.00,0.0,0.0,0.0,0.0000,0.0000,0.0000,0.0000,0.00,0.00,0.00,0.000000,0.000000,-0.17,1
96125,0.00,0.0,0.0,0.0,0.0000,0.0000,0.0000,0.0000,0.00,0.00,0.00,0.000000,0.000000,-0.17,1
96125,0.00,0.0,0.0,0.0,0.0000,0.0000,0.0000,0.0000,0.00,0.00,0.00,0.000000,0.000000,-0.17,1
96125,0.00,0.0,0.0,0.0,0.0000,0.0000,0.0000,0.0000,0.00,0.00,0.00,0.000000,0.000000,-0.17,1
96125,0.00,0.0,0.0,0.0,0.0000,0.0000,0.0000,0.0000,0.00,0.00,0.00,0.000000,0.000000,-0.17,1
96138,0.00,0.0,0.0,0.0,0.0000,0.0000,0.0000,0.0000,0.00,0.00,0.00,0.000000,0.000000,-0.17,1
96138,0.00,0.0,0.0,0.0,0.0000,0.0000,0.0000,0.0000,0.00,0.00,0.00,0.000000,0.000000,-0.17,1
96138,0.00,0.0,0.0,0.0,0.0000,0.0000,0.0000,0.0000,0.00,0.00,0.00,0.000000,0.000000,-0.17,1
96138,0.00,0.0,0.0,0.0,0.0000,0.0000,0.0000,0.0000,0.00,0.00,0.00,0.000000,0.000000,-0.17,1
96138,0.00,0.0,0.0,0.0,0.0000,0.0000,0.0000,0.0000,0.00,0.00,0.00,0.000000,0.000000,-0.17,1
96151,0.00,0.0,0.0,0.0,0.0000,0.0000,0.0000,0.0000,0.00,0.00,0.00,0.000000,0.000000,-0.18,1
96151,0.00,0.0,0.0,0.0,0.0000,0.0000,0.0000,0.0000,0.00,0.00,0.00,0.000000,0.000000,-0.18,1
96151,0.00,0.0,0.0,0.0,0.0000,0.0000,0.0000,0.0000,0.00,0.00,0.00,0.000000,0.000000,-0.18,1
96151,0.00,0.0,0.0,0.0,0.0000,0.0000,0.0000,0.0000,0.00,0.00,0.00,0.000000,0.000000,-0.18,1
96151,0.00,0.0,0.0,0.0,0.0000,0.0000,0.0000,0.0000,0.00,0.00,0.00,0.000000,0.000000,-0.18,1
96163,0.00,0.0,0.0,0.0,0.0000,0.0000,0.0000,0.0000,0.00,0.00,0.00,0.000000,0.000000,-0.18,1
96163,0.00,0.0,0.0,0.0,0.0000,0.0000,0.0000,0.0000,0.00,0.00,0.00,0.000000,0.000000,-0.18,1
96163,0.00,0.0,0.0,0.0,0.0000,0.0000,0.0000,0.0000,0.00,0.00,0.00,0.000000,0.000000,-0.18,1
96163,0.00,0.0,0.0,0.0,0.0000,0.0000,0.0000,0.0000,0.00,0.00,0.00,0.000000,0.000000,-0.18,1
96163,0.00,0.0,0.0,0.0,0.0000,0.0000,0.0000,0.0000,0.00,0.00,0.00,0.000000,0.000000,-0.18,1
96176,0.00,0.0,0.0,0.0,0.0000,0.0000,0.0000,0.0000,0.00,0.00,0.00,0.000000,0.000000,-0.18,1
96176,0.00,0.0,0.0,0.0,0.0000,0.0000,0.0000,0.0000,0.00,0.00,0.00,0.000000,0.000000,-0.18,1
96176,0.00,0.0,0.0,0.0,0.0000,0.0000,0.0000,0.0000,0.00,0.00,0.00,0.000000,0.000000,-0.18,1
96176,0.00,0.0,0.0,0.0,0.0000,0.0000,0.0000,0.0000,0.00,0.00,0.00,0.000000,0.000000,-0.18,1
96176,0.00,0.0,0.0,0.0,0.0000,0.0000,0.0000,0.0000,0.00,0.00,0.00,0.000000,0.000000,-0.18,1
96189,0.00,0.0,0.0,0.0,0.0000,0.0000,0.0000,0.0000,0.00,0.00,0.00,0.000000,0.000000,-0.18,1
96189,0.00,0.0,0.0,0.0,0.0000,0.0000,0.0000,0.0000,0.00,0.00,0.00,0.000000,0.000000,-0.18,1
96189,0.00,0.0,0.0,0.0,0.0000,0.0000,0.0000,0.0000,0.00,0.00,0.00,0.000000,0.000000,-0.18,1
96189,0.00,0.0,0.0,0.0,0.0000,0.0000,0.0000,0.0000,0.00,0.00,0.00,0.000000,0.000000,-0.18,1
96189,0.00,0.0,0.0,0.0,0.0000,0.0000,0.0000,0.0000,0.00,0.00,0.00,0.000000,0.000000,-0.18,1
96202,0.00,0.0,0.0,0.0,0.0000,0.0000,0.0000,0.0000,0.00,0.00,0.00,0.000000,0.000000,-0.18,1
96202,0.00,0.0,0.0,0.0,0.0000,0.0000,0.0000,0.0000,0.00,0.00,0.00,0.000000,0.000000,-0.18,1
96202,0.00,0.0,0.0,0.0,0.0000,0.0000,0.0000,0.0000,0.00,0.00,0.00,0.000000,0.000000,-0.18,1
96202,0.00,0.0,0.0,0.0,0.0000,0.0000,0.0000,0.0000,0.00,0.00,0.00,0.000000,0.000000,-0.18,1
96202,0.00,0.0,0.0,0.0,0.0000,0.0000,0.0000,0.0000,0.00,0.00,0.00,0.000000,0.000000,-0.18,1
96214,0.00,0.0,0.0,0.0,0.0000,0.0000,0.0000,0.0000,0.00,0.00,0.00,0.000000,0.000000,-0.18,1
96214,0.00,0.0,0.0,0.0,0.0000,0.0000,0.0000,0.0000,0.00,0.00,0.00,0.000000,0.000000,-0.18,1
96214,0.00,0.0,0.0,0.0,0.0000,0.0000,0.0000,0.0000,0.00,0.00,0.00,0.000000,0.000000,-0.18,1
96214,0.00,0.0,0.0,0.0,0.0000,0.0000,0.0000,0.0000,0.00,0.00,0.00,0.000000,0.000000,-0.18,1
96214,0.00,0.0,0.0,0.0,0.0000,0.0000,0.0000,0.0000,0.00,0.00,0.00,0.000000,0.000000,-0.18,1
96227,0.00,0.0,0.0,0.0,0.0000,0.0000,0.0000,0.0000,0.00,0.00,0.00,0.000000,0.000000,-0.18,1
96227,0.00,0.0,0.0,0.0,0.0000,0.0000,0.0000,0.0000,0.00,0.00,0.00,0.000000,0.000000,-0.18,1
96227,0.00,0.0,0.0,0.0,0.0000,0.0000,0.0000,0.0000,0.00,0.00,0.00,0.000000,0.000000,-0.18,1
96227,0.00,0.0,0.0,0.0,0.0000,0.0000,0.0000,0.0000,0.00,0.00,0.00,0.000000,0.000000,-0.18,1
96227,0.00,0.0,0.0,0.0,0.0000,0.0000,0.0000,0.0000,0.00,0.00,0.00,0.000000,0.000000,-0.18,1
96240,0.00,0.0,0.0,0.0,0.0000,0.0000,0.0000,0.0000,0.00,0.00,0.00,0.000000,0.000000,-0.18,1
96240,0.00,0.0,0.0,0.0,0.0000,0.0000,0.0000,0.0000,0.00,0.00,0.00,0.000000,0.000000,-0.18,1
96240,0.00,0.0,0.0,0.0,0.0000,0.0000,0.0000,0.0000,0.00,0.00,0.00,0.000000,0.000000,-0.18,1
96240,0.00,0.0,0.0,0.0,0.0000,0.0000,0.0000,0.0000,0.00,0.00,0.00,0.000000,0.000000,-0.18,1
96240,0.00,0.0,0.0,0.0,0.0000,0.0000,0.0000,0.0000,0.00,0.00,0.00,0.000000,0.000000,-0.18,1
96253,0.00,0.0,0.0,0.0,0.0000,0.0000,0.0000,0.0000,0.00,0.00,0.00,0.000000,0.000000,-0.18,1
96253,0.00,0.0,0.0,0.0,0.0000,0.0000,0.0000,0.0000,0.00,0.00,0.00,0.000000,0.000000,-0.18,1
96253,0.00,0.0,0.0,0.0,0.0000,0.0000,0.0000,0.0000,0.00,0.00,0.00,0.000000,0.000000,-0.18,1
96253,0.00,0.0,0.0,0.0,0.0000,0.0000,0.0000,0.0000,0.00,0.00,0.00,0.000000,0.000000,-0.18,1
96253,0.00,0.0,0.0,0.0,0.0000,0.0000,0.0000,0.0000,0.00,0.00,0.00,0.000000,0.000000,-0.18,1
96266,0.00,0.0,0.0,0.0,0.0000,0.0000,0.0000,0.0000,0.00,0.00,0.00,0.000000,0.000000,-0.18,1
96266,0.00,0.0,0.0,0.0,0.0000,0.0000,0.0000,0.0000,0.00,0.00,0.00,0.000000,0.000000,-0.18,1
96266,0.00,0.0,0.0,0.0,0.0000,0.0000,0.0000,0.0000,0.00,0.00,0.00,0.000000,0.000000,-0.18,1
96266,0.00,0.0,0.0,0.0,0.0000,0.0000,0.0000,0.0000,0.00,0.00,0.00,0.000000,0.000000,-0.18,1
96266,0.00,0.0,0.0,0.0,0.0000,0.0000,0.0000,0.0000,0.00,0.00,0.00,0.000000,0.000000,-0.18,1
96278,0.00,0.0,0.0,0.0,0.0000,0.0000,0.0000,0.0000,0.00,0.00,0.00,0.000000,0.000000,-0.18,1
96278,0.00,0.0,0.0,0.0,0.0000,0.0000,0.0000,0.0000,0.00,0.00,0.00,0.000000,0.000000,-0.18,1
96278,0.00,0.0,0.0,0.0,0.0000,0.0000,0.0000,0.0000,0.00,0.00,0.00,0.000000,0.000000,-0.18,1
96278,0.00,0.0,0.0,0.0,0.0000,0.0000,0.0000,0.0000,0.00,0.00,0.00,0.000000,0.000000,-0.18,1
96278,0.00,0.0,0.0,0.0,0.0000,0.0000,0.0000,0.0000,0.00,0.00,0.00,0.000000,0.000000,-0.18,1
96291,0.00,0.0,0.0,0.0,0.0000,0.0000,0.0000,0.0000,0.00,0.00,0.00,0.000000,0.000000,-0.18,1
96291,0.00,0.0,0.0,0.0,0.0000,0.0000,0.0000,0.0000,0.00,0.00,0.00,0.000000,0.000000,-0.18,1
96291,0.00,0.0,0.0,0.0,0.0000,0.0000,0.0000,0.0000,0.00,0.00,0.00,0.000000,0.000000,-0.18,1
96291,0.00,0.0,0.0,0.0,0.0000,0.0000,0.0000,0.0000,0.00,0.00,0.00,0.000000,0.000000,-0.18,1
96291,0.00,0.0,0.0,0.0,0.0000,0.0000,0.0000,0.0000,0.00,0.00,0.00,0.000000,0.000000,-0.18,1
96304,0.00,0.0,0.0,0.0,0.0000,0.0000,0.0000,0.0000,0.00,0.00,0.00,0.000000,0.000000,-0.18,1
96304,0.00,0.0,0.0,0.0,0.0000,0.0000,0.0000,0.0000,0.00,0.00,0.00,0.000000,0.000000,-0.18,1
96304,0.00,0.0,0.0,0.0,0.0000,0.0000,0.0000,0.0000,0.00,0.00,0.00,0.000000,0.000000,-0.18,1
96304,0.00,0.0,0.0,0.0,0.0000,0.0000,0.0000,0.0000,0.00,0.00,0.00,0.000000,0.000000,-0.18,1
96304,0.00,0.0,0.0,0.0,0.0000,0.0000,0.0000,0.0000,0.00,0.00,0.00,0.000000,0.000000,-0.18,1
96316,0.00,0.0,0.0,0.0,0.0000,0.0000,0.0000,0.0000,0.00,0.00,0.00,0.000000,0.000000,-0.18,1
96316,0.00,0.0,0.0,0.0,0.0000,0.0000,0.0000,0.0000,0.00,0.00,0.00,0.000000,0.000000,-0.18,1
96316,0.00,0.0,0.0,0.0,0.0000,0.0000,0.0000,0.0000,0.00,0.00,0.00,0.000000,0.000000,-0.18,1
96316,0.00,0.0,0.0,0.0,0.0000,0.0000,0.0000,0.0000,0.00,0.00,0.00,0.000000,0.000000,-0.18,1
96316,0.00,0.0,0.0,0.0,0.0000,0.0000,0.0000,0.0000,0.00,0.00,0.00,0.000000,0.000000,-0.18,1
96329,0.00,0.0,0.0,0.0,0.0000,0.0000,0.0000,0.0000,0.00,0.00,0.00,0.000000,0.000000,-0.18,1
96329,0.00,0.0,0.0,0.0,0.0000,0.0000,0.0000,0.0000,0.00,0.00,0.00,0.000000,0.000000,-0.18,1
96329,0.00,0.0,0.0,0.0,0.0000,0.0000,0.0000,0.0000,0.00,0.00,0.00,0.000000,0.000000,-0.18,1
96329,0.00,0.0,0.0,0.0,0.0000,0.0000,0.0000,0.0000,0.00,0.00,0.00,0.000000,0.000000,-0.18,1
96329,0.00,0.0,0.0,0.0,0.0000,0.0000,0.0000,0.0000,0.00,0.00,0.00,0.000000,0.000000,-0.18,1
96342,0.00,0.0,0.0,0.0,0.0000,0.0000,0.0000,0.0000,0.00,0.00,0.00,0.000000,0.000000,-0.18,1
96342,0.00,0.0,0.0,0.0,0.0000,0.0000,0.0000,0.0000,0.00,0.00,0.00,0.000000,0.000000,-0.18,1
96342,0.00,0.0,0.0,0.0,0.0000,0.0000,0.0000,0.0000,0.00,0.00,0.00,0.000000,0.000000,-0.18,1
96342,0.00,0.0,0.0,0.0,0.0000,0.0000,0.0000,0.0000,0.00,0.00,0.00,0.000000,0.000000,-0.18,1
96342,0.00,0.0,0.0,0.0,0.0000,0.0000,0.0000,0.0000,0.00,0.00,0.00,0.000000,0.000000,-0.18,1
96355,0.00,0.0,0.0,0.0,0.0000,0.0000,0.0000,0.0000,0.00,0.00,0.00,0.000000,0.000000,-0.18,1
96355,0.00,0.0,0.0,0.0,0.0000,0.0000,0.0000,0.0000,0.00,0.00,0.00,0.000000,0.000000,-0.18,1
96355,0.00,0.0,0.0,0.0,0.0000,0.0000,0.0000,0.0000,0.00,0.00,0.00,0.000000,0.000000,-0.18,1
96355,0.00,0.0,0.0,0.0,0.0000,0.0000,0.0000,0.0000,0.00,0.00,0.00,0.000000,0.000000,-0.18,1
96355,0.00,0.0,0.0,0.0,0.0000,0.0000,0.0000,0.0000,0.00,0.00,0.00,0.000000,0.000000,-0.18,1
96368,0.00,0.0,0.0,0.0,0.0000,0.0000,0.0000,0.0000,0.00,0.00,0.00,0.000000,0.000000,-0.18,1
96380,0.00,0.0,0.0,0.0,0.0000,0.0000,0.0000,0.0000,0.00,0.00,0.00,0.000000,0.000000,-0.18,1
96380,0.00,0.0,0.0,0.0,0.0000,0.0000,0.0000,0.0000,0.00,0.00,0.00,0.000000,0.000000,-0.18,1
96380,0.00,0.0,0.0,0.0,0.0000,0.0000,0.0000,0.0000,0.00,0.00,0.00,0.000000,0.000000,-0.18,1
96393,0.00,0.0,0.0,0.0,0.0000,0.0000,0.0000,0.0000,0.00,0.00,0.00,0.000000,0.000000,-0.18,1
96393,0.00,0.0,0.0,0.0,0.0000,0.0000,0.0000,0.0000,0.00,0.00,0.00,0.000000,0.000000,-0.18,1
96393,0.00,0.0,0.0,0.0,0.0000,0.0000,0.0000,0.0000,0.00,0.00,0.00,0.000000,0.000000,-0.18,1
96393,0.00,0.0,0.0,0.0,0.0000,0.0000,0.0000,0.0000,0.00,0.00,0.00,0.000000,0.000000,-0.18,1
96393,0.00,0.0,0.0,0.0,0.0000,0.0000,0.0000,0.0000,0.00,0.00,0.00,0.000000,0.000000,-0.18,1
96406,0.00,0.0,0.0,0.0,0.0000,0.0000,0.0000,0.0000,0.00,0.00,0.00,0.000000,0.000000,-0.18,1
96406,0.00,0.0,0.0,0.0,0.0000,0.0000,0.0000,0.0000,0.00,0.00,0.00,0.000000,0.000000,-0.18,1
96406,0.00,0.0,0.0,0.0,0.0000,0.0000,0.0000,0.0000,0.00,0.00,0.00,0.000000,0.000000,-0.18,1
96406,0.00,0.0,0.0,0.0,0.0000,0.0000,0.0000,0.0000,0.00,0.00,0.00,0.000000,0.000000,-0.18,1
96406,0.00,0.0,0.0,0.0,0.0000,0.0000,0.0000,0.0000,0.00,0.00,0.00,0.000000,0.000000,-0.18,1
96419,0.00,0.0,0.0,0.0,0.0000,0.0000,0.0000,0.0000,0.00,0.00,0.00,0.000000,0.000000,-0.18,1
96419,0.00,0.0,0.0,0.0,0.0000,0.0000,0.0000,0.0000,0.00,0.00,0.00,0.000000,0.000000,-0.18,1
96419,0.00,0.0,0.0,0.0,0.0000,0.0000,0.0000,0.0000,0.00,0.00,0.00,0.000000,0.000000,-0.18,1
96419,0.00,0.0,0.0,0.0,0.0000,0.0000,0.0000,0.0000,0.00,0.00,0.00,0.000000,0.000000,-0.18,1
96419,0.00,0.0,0.0,0.0,0.0000,0.0000,0.0000,0.0000,0.00,0.00,0.00,0.000000,0.000000,-0.18,1
96431,0.00,0.0,0.0,0.0,0.0000,0.0000,0.0000,0.0000,0.00,0.00,0.00,0.000000,0.000000,-0.18,1
96431,0.00,0.0,0.0,0.0,0.0000,0.0000,0.0000,0.0000,0.00,0.00,0.00,0.000000,0.000000,-0.18,1
96431,0.00,0.0,0.0,0.0,0.0000,0.0000,0.0000,0.0000,0.00,0.00,0.00,0.000000,0.000000,-0.18,1
96431,0.00,0.0,0.0,0.0,0.0000,0.0000,0.0000,0.0000,0.00,0.00,0.00,0.000000,0.000000,-0.18,1
96431,0.00,0.0,0.0,0.0,0.0000,0.0000,0.0000,0.0000,0.00,0.00,0.00,0.000000,0.000000,-0.18,1
96444,0.00,0.0,0.0,0.0,0.0000,0.0000,0.0000,0.0000,0.00,0.00,0.00,0.000000,0.000000,-0.18,1
96444,0.00,0.0,0.0,0.0,0.0000,0.0000,0.0000,0.0000,0.00,0.00,0.00,0.000000,0.000000,-0.18,1
96444,0.00,0.0,0.0,0.0,0.0000,0.0000,0.0000,0.0000,0.00,0.00,0.00,0.000000,0.000000,-0.18,1
96444,0.00,0.0,0.0,0.0,0.0000,0.0000,0.0000,0.0000,0.00,0.00,0.00,0.000000,0.000000,-0.18,1
96444,0.00,0.0,0.0,0.0,0.0000,0.0000,0.0000,0.0000,0.00,0.00,0.00,0.000000,0.000000,-0.18,1
96457,0.00,0.0,0.0,0.0,0.0000,0.0000,0.0000,0.0000,0.00,0.00,0.00,0.000000,0.000000,-0.18,1
96457,0.00,0.0,0.0,0.0,0.0000,0.0000,0.0000,0.0000,0.00,0.00,0.00,0.000000,0.000000,-0.18,1
96457,0.00,0.0,0.0,0.0,0.0000,0.0000,0.0000,0.0000,0.00,0.00,0.00,0.000000,0.000000,-0.18,1
96457,0.00,0.0,0.0,0.0,0.0000,0.0000,0.0000,0.0000,0.00,0.00,0.00,0.000000,0.000000,-0.18,1
96457,0.00,0.0,0.0,0.0,0.0000,0.0000,0.0000,0.0000,0.00,0.00,0.00,0.000000,0.000000,-0.18,1
96469,0.00,0.0,0.0,0.0,0.0000,0.0000,0.0000,0.0000,0.00,0.00,0.00,0.000000,0.000000,-0.18,1
96469,0.00,0.0,0.0,0.0,0.0000,0.0000,0.0000,0.0000,0.00,0.00,0.00,0.000000,0.000000,-0.18,1
96469,0.00,0.0,0.0,0.0,0.0000,0.0000,0.0000,0.0000,0.00,0.00,0.00,0.000000,0.000000,-0.18,1
96469,0.00,0.0,0.0,0.0,0.0000,0.0000,0.0000,0.0000,0.00,0.00,0.00,0.000000,0.000000,-0.18,1
96469,0.00,0.0,0.0,0.0,0.0000,0.0000,0.0000,0.0000,0.00,0.00,0.00,0.000000,0.000000,-0.18,1
96482,0.00,0.0,0.0,0.0,0.0000,0.0000,0.0000,0.0000,0.00,0.00,0.00,0.000000,0.000000,-0.18,1
96482,0.00,0.0,0.0,0.0,0.0000,0.0000,0.0000,0.0000,0.00,0.00,0.00,0.000000,0.000000,-0.18,1
96482,0.00,0.0,0.0,0.0,0.0000,0.0000,0.0000,0.0000,0.00,0.00,0.00,0.000000,0.000000,-0.18,1
96482,0.00,0.0,0.0,0.0,0.0000,0.0000,0.0000,0.0000,0.00,0.00,0.00,0.000000,0.000000,-0.18,1
96482,0.00,0.0,0.0,0.0,0.0000,0.0000,0.0000,0.0000,0.00,0.00,0.00,0.000000,0.000000,-0.18,1
96495,0.00,0.0,0.0,0.0,0.0000,0.0000,0.0000,0.0000,0.00,0.00,0.00,0.000000,0.000000,-0.18,1
96495,0.00,0.0,0.0,0.0,0.0000,0.0000,0.0000,0.0000,0.00,0.00,0.00,0.000000,0.000000,-0.18,1
96495,0.00,0.0,0.0,0.0,0.0000,0.0000,0.0000,0.0000,0.00,0.00,0.00,0.000000,0.000000,-0.18,1
96495,0.00,0.0,0.0,0.0,0.0000,0.0000,0.0000,0.0000,0.00,0.00,0.00,0.000000,0.000000,-0.18,1
96495,0.00,0.0,0.0,0.0,0.0000,0.0000,0.0000,0.0000,0.00,0.00,0.00,0.000000,0.000000,-0.18,1
96508,0.00,0.0,0.0,0.0,0.0000,0.0000,0.0000,0.0000,0.00,0.00,0.00,0.000000,0.000000,-0.18,1
96508,0.00,0.0,0.0,0.0,0.0000,0.0000,0.0000,0.0000,0.00,0.00,0.00,0.000000,0.000000,-0.18,1
96508,0.00,0.0,0.0,0.0,0.0000,0.0000,0.0000,0.0000,0.00,0.00,0.00,0.000000,0.000000,-0.18,1
96508,0.00,0.0,0.0,0.0,0.0000,0.0000,0.0000,0.0000,0.00,0.00,0.00,0.000000,0.000000,-0.18,1
96508,0.00,0.0,0.0,0.0,0.0000,0.0000,0.0000,0.0000,0.00,0.00,0.00,0.000000,0.000000,-0.18,1
96520,0.00,0.0,0.0,0.0,0.0000,0.0000,0.0000,0.0000,0.00,0.00,0.00,0.000000,0.000000,-0.18,1
96520,0.00,0.0,0.0,0.0,0.0000,0.0000,0.0000,0.0000,0.00,0.00,0.00,0.000000,0.000000,-0.18,1
96520,0.00,0.0,0.0,0.0,0.0000,0.0000,0.0000,0.0000,0.00,0.00,0.00,0.000000,0.000000,-0.18,1
96520,0.00,0.0,0.0,0.0,0.0000,0.0000,0.0000,0.0000,0.00,0.00,0.00,0.000000,0.000000,-0.18,1
96520,0.00,0.0,0.0,0.0,0.0000,0.0000,0.0000,0.0000,0.00,0.00,0.00,0.000000,0.000000,-0.18,1
96533,0.00,0.0,0.0,0.0,0.0000,0.0000,0.0000,0.0000,0.00,0.00,0.00,0.000000,0.000000,-0.18,1
96533,0.00,0.0,0.0,0.0,0.0000,0.0000,0.0000,0.0000,0.00,0.00,0.00,0.000000,0.000000,-0.18,1
96533,0.00,0.0,0.0,0.0,0.0000,0.0000,0.0000,0.0000,0.00,0.00,0.00,0.000000,0.000000,-0.18,1
96533,0.00,0.0,0.0,0.0,0.0000,0.0000,0.0000,0.0000,0.00,0.00,0.00,0.000000,0.000000,-0.18,1
96533,0.00,0.0,0.0,0.0,0.0000,0.0000,0.0000,0.0000,0.00,0.00,0.00,0.000000,0.000000,-0.18,1
96546,0.00,0.0,0.0,0.0,0.0000,0.0000,0.0000,0.0000,0.00,0.00,0.00,0.000000,0.000000,-0.18,1
96546,0.00,0.0,0.0,0.0,0.0000,0.0000,0.0000,0.0000,0.00,0.00,0.00,0.000000,0.000000,-0.18,1
96546,0.00,0.0,0.0,0.0,0.0000,0.0000,0.0000,0.0000,0.00,0.00,0.00,0.000000,0.000000,-0.18,1
96546,0.00,0.0,0.0,0.0,0.0000,0.0000,0.0000,0.0000,0.00,0.00,0.00,0.000000,0.000000,-0.18,1
96546,0.00,0.0,0.0,0.0,0.0000,0.0000,0.0000,0.0000,0.00,0.00,0.00,0.000000,0.000000,-0.18,1
96559,0.00,0.0,0.0,0.0,0.0000,0.0000,0.0000,0.0000,0.00,0.00,0.00,0.000000,0.000000,-0.18,1
96559,0.00,0.0,0.0,0.0,0.0000,0.0000,0.0000,0.0000,0.00,0.00,0.00,0.000000,0.000000,-0.18,1
96559,0.00,0.0,0.0,0.0,0.0000,0.0000,0.0000,0.0000,0.00,0.00,0.00,0.000000,0.000000,-0.18,1
96559,0.00,0.0,0.0,0.0,0.0000,0.0000,0.0000,0.0000,0.00,0.00,0.00,0.000000,0.000000,-0.18,1
96559,0.00,0.0,0.0,0.0,0.0000,0.0000,0.0000,0.0000,0.00,0.00,0.00,0.000000,0.000000,-0.18,1
96571,0.00,0.0,0.0,0.0,0.0000,0.0000,0.0000,0.0000,0.00,0.00,0.00,0.000000,0.000000,-0.18,1
96571,0.00,0.0,0.0,0.0,0.0000,0.0000,0.0000,0.0000,0.00,0.00,0.00,0.000000,0.000000,-0.18,1
96571,0.00,0.0,0.0,0.0,0.0000,0.0000,0.0000,0.0000,0.00,0.00,0.00,0.000000,0.000000,-0.18,1
96571,0.00,0.0,0.0,0.0,0.0000,0.0000,0.0000,0.0000,0.00,0.00,0.00,0.000000,0.000000,-0.18,1
96571,0.00,0.0,0.0,0.0,0.0000,0.0000,0.0000,0.0000,0.00,0.00,0.00,0.000000,0.000000,-0.18,1
96584,0.00,0.0,0.0,0.0,0.0000,0.0000,0.0000,0.0000,0.00,0.00,0.00,0.000000,0.000000,-0.18,1
96584,0.00,0.0,0.0,0.0,0.0000,0.0000,0.0000,0.0000,0.00,0.00,0.00,0.000000,0.000000,-0.18,1
96584,0.00,0.0,0.0,0.0,0.0000,0.0000,0.0000,0.0000,0.00,0.00,0.00,0.000000,0.000000,-0.18,1
96584,0.00,0.0,0.0,0.0,0.0000,0.0000,0.0000,0.0000,0.00,0.00,0.00,0.000000,0.000000,-0.18,1
96584,0.00,0.0,0.0,0.0,0.0000,0.0000,0.0000,0.0000,0.00,0.00,0.00,0.000000,0.000000,-0.18,1
96597,0.00,0.0,0.0,0.0,0.0000,0.0000,0.0000,0.0000,0.00,0.00,0.00,0.000000,0.000000,-0.18,1
96597,0.00,0.0,0.0,0.0,0.0000,0.0000,0.0000,0.0000,0.00,0.00,0.00,0.000000,0.000000,-0.18,1
96597,0.00,0.0,0.0,0.0,0.0000,0.0000,0.0000,0.0000,0.00,0.00,0.00,0.000000,0.000000,-0.18,1
96597,0.00,0.0,0.0,0.0,0.0000,0.0000,0.0000,0.0000,0.00,0.00,0.00,0.000000,0.000000,-0.18,1
96597,0.00,0.0,0.0,0.0,0.0000,0.0000,0.0000,0.0000,0.00,0.00,0.00,0.000000,0.000000,-0.18,1
96610,0.00,0.0,0.0,0.0,0.0000,0.0000,0.0000,0.0000,0.00,0.00,0.00,0.000000,0.000000,-0.18,1
96610,0.00,0.0,0.0,0.0,0.0000,0.0000,0.0000,0.0000,0.00,0.00,0.00,0.000000,0.000000,-0.18,1
96610,0.00,0.0,0.0,0.0,0.0000,0.0000,0.0000,0.0000,0.00,0.00,0.00,0.000000,0.000000,-0.18,1
96610,0.00,0.0,0.0,0.0,0.0000,0.0000,0.0000,0.0000,0.00,0.00,0.00,0.000000,0.000000,-0.18,1
96610,0.00,0.0,0.0,0.0,0.0000,0.0000,0.0000,0.0000,0.00,0.00,0.00,0.000000,0.000000,-0.18,1
96623,0.00,0.0,0.0,0.0,0.0000,0.0000,0.0000,0.0000,0.00,0.00,0.00,0.000000,0.000000,-0.18,1
96623,0.00,0.0,0.0,0.0,0.0000,0.0000,0.0000,0.0000,0.00,0.00,0.00,0.000000,0.000000,-0.18,1
96623,0.00,0.0,0.0,0.0,0.0000,0.0000,0.0000,0.0000,0.00,0.00,0.00,0.000000,0.000000,-0.18,1
96623,0.00,0.0,0.0,0.0,0.0000,0.0000,0.0000,0.0000,0.00,0.00,0.00,0.000000,0.000000,-0.18,1
96623,0.00,0.0,0.0,0.0,0.0000,0.0000,0.0000,0.0000,0.00,0.00,0.00,0.000000,0.000000,-0.18,1
96635,0.00,0.0,0.0,0.0,0.0000,0.0000,0.0000,0.0000,0.00,0.00,0.00,0.000000,0.000000,-0.18,1
96635,0.00,0.0,0.0,0.0,0.0000,0.0000,0.0000,0.0000,0.00,0.00,0.00,0.000000,0.000000,-0.18,1
96635,0.00,0.0,0.0,0.0,0.0000,0.0000,0.0000,0.0000,0.00,0.00,0.00,0.000000,0.000000,-0.18,1
96635,0.00,0.0,0.0,0.0,0.0000,0.0000,0.0000,0.0000,0.00,0.00,0.00,0.000000,0.000000,-0.18,1
96635,0.00,0.0,0.0,0.0,0.0000,0.0000,0.0000,0.0000,0.00,0.00,0.00,0.000000,0.000000,-0.18,1
96648,0.00,0.0,0.0,0.0,0.0000,0.0000,0.0000,0.0000,0.00,0.00,0.00,0.000000,0.000000,-0.18,1
96648,0.00,0.0,0.0,0.0,0.0000,0.0000,0.0000,0.0000,0.00,0.00,0.00,0.000000,0.000000,-0.18,1
96648,0.00,0.0,0.0,0.0,0.0000,0.0000,0.0000,0.0000,0.00,0.00,0.00,0.000000,0.000000,-0.18,1
96648,0.00,0.0,0.0,0.0,0.0000,0.0000,0.0000,0.0000,0.00,0.00,0.00,0.000000,0.000000,-0.18,1
96648,0.00,0.0,0.0,0.0,0.0000,0.0000,0.0000,0.0000,0.00,0.00,0.00,0.000000,0.000000,-0.18,1
96661,0.00,0.0,0.0,0.0,0.0000,0.0000,0.0000,0.0000,0.00,0.00,0.00,0.000000,0.000000,-0.18,1
96661,0.00,0.0,0.0,0.0,0.0000,0.0000,0.0000,0.0000,0.00,0.00,0.00,0.000000,0.000000,-0.18,1
96661,0.00,0.0,0.0,0.0,0.0000,0.0000,0.0000,0.0000,0.00,0.00,0.00,0.000000,0.000000,-0.18,1
96661,0.00,0.0,0.0,0.0,0.0000,0.0000,0.0000,0.0000,0.00,0.00,0.00,0.000000,0.000000,-0.18,1
96661,0.00,0.0,0.0,0.0,0.0000,0.0000,0.0000,0.0000,0.00,0.00,0.00,0.000000,0.000000,-0.18,1
96673,0.00,0.0,0.0,0.0,0.0000,0.0000,0.0000,0.0000,0.00,0.00,0.00,0.000000,0.000000,-0.18,1
96673,0.00,0.0,0.0,0.0,0.0000,0.0000,0.0000,0.0000,0.00,0.00,0.00,0.000000,0.000000,-0.18,1
96673,0.00,0.0,0.0,0.0,0.0000,0.0000,0.0000,0.0000,0.00,0.00,0.00,0.000000,0.000000,-0.18,1
96673,0.00,0.0,0.0,0.0,0.0000,0.0000,0.0000,0.0000,0.00,0.00,0.00,0.000000,0.000000,-0.18,1
96673,0.00,0.0,0.0,0.0,0.0000,0.0000,0.0000,0.0000,0.00,0.00,0.00,0.000000,0.000000,-0.18,1
96686,0.00,0.0,0.0,0.0,0.0000,0.0000,0.0000,0.0000,0.00,0.00,0.00,0.000000,0.000000,-0.18,1
96686,0.00,0.0,0.0,0.0,0.0000,0.0000,0.0000,0.0000,0.00,0.00,0.00,0.000000,0.000000,-0.18,1
96686,0.00,0.0,0.0,0.0,0.0000,0.0000,0.0000,0.0000,0.00,0.00,0.00,0.000000,0.000000,-0.18,1
96686,0.00,0.0,0.0,0.0,0.0000,0.0000,0.0000,0.0000,0.00,0.00,0.00,0.000000,0.000000,-0.18,1
96686,0.00,0.0,0.0,0.0,0.0000,0.0000,0.0000,0.0000,0.00,0.00,0.00,0.000000,0.000000,-0.18,1
96699,0.00,0.0,0.0,0.0,0.0000,0.0000,0.0000,0.0000,0.00,0.00,0.00,0.000000,0.000000,-0.18,1
96699,0.00,0.0,0.0,0.0,0.0000,0.0000,0.0000,0.0000,0.00,0.00,0.00,0.000000,0.000000,-0.18,1
96699,0.00,0.0,0.0,0.0,0.0000,0.0000,0.0000,0.0000,0.00,0.00,0.00,0.000000,0.000000,-0.18,1
96699,0.00,0.0,0.0,0.0,0.0000,0.0000,0.0000,0.0000,0.00,0.00,0.00,0.000000,0.000000,-0.18,1
96699,0.00,0.0,0.0,0.0,0.0000,0.0000,0.0000,0.0000,0.00,0.00,0.00,0.000000,0.000000,-0.18,1
96712,0.00,0.0,0.0,0.0,0.0000,0.0000,0.0000,0.0000,0.00,0.00,0.00,0.000000,0.000000,-0.18,1
96712,0.00,0.0,0.0,0.0,0.0000,0.0000,0.0000,0.0000,0.00,0.00,0.00,0.000000,0.000000,-0.18,1
96712,0.00,0.0,0.0,0.0,0.0000,0.0000,0.0000,0.0000,0.00,0.00,0.00,0.000000,0.000000,-0.18,1
96712,0.00,0.0,0.0,0.0,0.0000,0.0000,0.0000,0.0000,0.00,0.00,0.00,0.000000,0.000000,-0.18,1
96712,0.00,0.0,0.0,0.0,0.0000,0.0000,0.0000,0.0000,0.00,0.00,0.00,0.000000,0.000000,-0.18,1
96725,0.00,0.0,0.0,0.0,0.0000,0.0000,0.0000,0.0000,0.00,0.00,0.00,0.000000,0.000000,-0.18,1
96725,0.00,0.0,0.0,0.0,0.0000,0.0000,0.0000,0.0000,0.00,0.00,0.00,0.000000,0.000000,-0.18,1
96725,0.00,0.0,0.0,0.0,0.0000,0.0000,0.0000,0.0000,0.00,0.00,0.00,0.000000,0.000000,-0.18,1
96725,0.00,0.0,0.0,0.0,0.0000,0.0000,0.0000,0.0000,0.00,0.00,0.00,0.000000,0.000000,-0.18,1
96725,0.00,0.0,0.0,0.0,0.0000,0.0000,0.0000,0.0000,0.00,0.00,0.00,0.000000,0.000000,-0.18,1
96737,0.00,0.0,0.0,0.0,0.0000,0.0000,0.0000,0.0000,0.00,0.00,0.00,0.000000,0.000000,-0.18,1
96737,0.00,0.0,0.0,0.0,0.0000,0.0000,0.0000,0.0000,0.00,0.00,0.00,0.000000,0.000000,-0.18,1
96737,0.00,0.0,0.0,0.0,0.0000,0.0000,0.0000,0.0000,0.00,0.00,0.00,0.000000,0.000000,-0.18,1
96737,0.00,0.0,0.0,0.0,0.0000,0.0000,0.0000,0.0000,0.00,0.00,0.00,0.000000,0.000000,-0.18,1
96737,0.00,0.0,0.0,0.0,0.0000,0.0000,0.0000,0.0000,0.00,0.00,0.00,0.000000,0.000000,-0.18,1
96750,0.00,0.0,0.0,0.0,0.0000,0.0000,0.0000,0.0000,0.00,0.00,0.00,0.000000,0.000000,-0.18,1
96750,0.00,0.0,0.0,0.0,0.0000,0.0000,0.0000,0.0000,0.00,0.00,0.00,0.000000,0.000000,-0.18,1
96750,0.00,0.0,0.0,0.0,0.0000,0.0000,0.0000,0.0000,0.00,0.00,0.00,0.000000,0.000000,-0.18,1
96750,0.00,0.0,0.0,0.0,0.0000,0.0000,0.0000,0.0000,0.00,0.00,0.00,0.000000,0.000000,-0.18,1
96750,0.00,0.0,0.0,0.0,0.0000,0.0000,0.0000,0.0000,0.00,0.00,0.00,0.000000,0.000000,-0.18,1
96763,0.00,0.0,0.0,0.0,0.0000,0.0000,0.0000,0.0000,0.00,0.00,0.00,0.000000,0.000000,-0.18,1
96763,0.00,0.0,0.0,0.0,0.0000,0.0000,0.0000,0.0000,0.00,0.00,0.00,0.000000,0.000000,-0.18,1
96763,0.00,0.0,0.0,0.0,0.0000,0.0000,0.0000,0.0000,0.00,0.00,0.00,0.000000,0.000000,-0.18,1
96763,0.00,0.0,0.0,0.0,0.0000,0.0000,0.0000,0.0000,0.00,0.00,0.00,0.000000,0.000000,-0.18,1
96763,0.00,0.0,0.0,0.0,0.0000,0.0000,0.0000,0.0000,0.00,0.00,0.00,0.000000,0.000000,-0.18,1
96775,0.00,0.0,0.0,0.0,0.0000,0.0000,0.0000,0.0000,0.00,0.00,0.00,0.000000,0.000000,-0.18,1
96775,0.00,0.0,0.0,0.0,0.0000,0.0000,0.0000,0.0000,0.00,0.00,0.00,0.000000,0.000000,-0.18,1
96775,0.00,0.0,0.0,0.0,0.0000,0.0000,0.0000,0.0000,0.00,0.00,0.00,0.000000,0.000000,-0.18,1
96775,0.00,0.0,0.0,0.0,0.0000,0.0000,0.0000,0.0000,0.00,0.00,0.00,0.000000,0.000000,-0.18,1
96775,0.00,0.0,0.0,0.0,0.0000,0.0000,0.0000,0.0000,0.00,0.00,0.00,0.000000,0.000000,-0.18,1
96788,0.00,0.0,0.0,0.0,0.0000,0.0000,0.0000,0.0000,0.00,0.00,0.00,0.000000,0.000000,-0.18,1
96788,0.00,0.0,0.0,0.0,0.0000,0.0000,0.0000,0.0000,0.00,0.00,0.00,0.000000,0.000000,-0.18,1
96788,0.00,0.0,0.0,0.0,0.0000,0.0000,0.0000,0.0000,0.00,0.00,0.00,0.000000,0.000000,-0.18,1
96788,0.00,0.0,0.0,0.0,0.0000,0.0000,0.0000,0.0000,0.00,0.00,0.00,0.000000,0.000000,-0.18,1
96788,0.00,0.0,0.0,0.0,0.0000,0.0000,0.0000,0.0000,0.00,0.00,0.00,0.000000,0.000000,-0.18,1
96801,0.00,0.0,0.0,0.0,0.0000,0.0000,0.0000,0.0000,0.00,0.00,0.00,0.000000,0.000000,-0.18,1
96801,0.00,0.0,0.0,0.0,0.0000,0.0000,0.0000,0.0000,0.00,0.00,0.00,0.000000,0.000000,-0.18,1
96801,0.00,0.0,0.0,0.0,0.0000,0.0000,0.0000,0.0000,0.00,0.00,0.00,0.000000,0.000000,-0.18,1
96801,0.00,0.0,0.0,0.0,0.0000,0.0000,0.0000,0.0000,0.00,0.00,0.00,0.000000,0.000000,-0.18,1
96801,0.00,0.0,0.0,0.0,0.0000,0.0000,0.0000,0.0000,0.00,0.00,0.00,0.000000,0.000000,-0.18,1
96890,0.00,0.0,0.0,0.0,0.0000,0.0000,0.0000,0.0000,0.00,0.00,0.00,0.000000,0.000000,-0.18,1
96890,0.00,0.0,0.0,0.0,0.0000,0.0000,0.0000,0.0000,0.00,0.00,0.00,0.000000,0.000000,-0.18,1
96903,0.00,0.0,0.0,0.0,0.0000,0.0000,0.0000,0.0000,0.00,0.00,0.00,0.000000,0.000000,-0.18,1
96903,0.00,0.0,0.0,0.0,0.0000,0.0000,0.0000,0.0000,0.00,0.00,0.00,0.000000,0.000000,-0.18,1
96903,0.00,0.0,0.0,0.0,0.0000,0.0000,0.0000,0.0000,0.00,0.00,0.00,0.000000,0.000000,-0.18,1
96903,0.00,0.0,0.0,0.0,0.0000,0.0000,0.0000,0.0000,0.00,0.00,0.00,0.000000,0.000000,-0.18,1
96903,0.00,0.0,0.0,0.0,0.0000,0.0000,0.0000,0.0000,0.00,0.00,0.00,0.000000,0.000000,-0.18,1
96916,0.00,0.0,0.0,0.0,0.0000,0.0000,0.0000,0.0000,0.00,0.00,0.00,0.000000,0.000000,-0.19,1
96916,0.00,0.0,0.0,0.0,0.0000,0.0000,0.0000,0.0000,0.00,0.00,0.00,0.000000,0.000000,-0.19,1
96916,0.00,0.0,0.0,0.0,0.0000,0.0000,0.0000,0.0000,0.00,0.00,0.00,0.000000,0.000000,-0.19,1
96916,0.00,0.0,0.0,0.0,0.0000,0.0000,0.0000,0.0000,0.00,0.00,0.00,0.000000,0.000000,-0.19,1
96916,0.00,0.0,0.0,0.0,0.0000,0.0000,0.0000,0.0000,0.00,0.00,0.00,0.000000,0.000000,-0.19,1
96929,0.00,0.0,0.0,0.0,0.0000,0.0000,0.0000,0.0000,0.00,0.00,0.00,0.000000,0.000000,-0.19,1
96929,0.00,0.0,0.0,0.0,0.0000,0.0000,0.0000,0.0000,0.00,0.00,0.00,0.000000,0.000000,-0.19,1
96929,0.00,0.0,0.0,0.0,0.0000,0.0000,0.0000,0.0000,0.00,0.00,0.00,0.000000,0.000000,-0.19,1
96929,0.00,0.0,0.0,0.0,0.0000,0.0000,0.0000,0.0000,0.00,0.00,0.00,0.000000,0.000000,-0.19,1
96929,0.00,0.0,0.0,0.0,0.0000,0.0000,0.0000,0.0000,0.00,0.00,0.00,0.000000,0.000000,-0.19,1
96941,0.00,0.0,0.0,0.0,0.0000,0.0000,0.0000,0.0000,0.00,0.00,0.00,0.000000,0.000000,-0.19,1
96941,0.00,0.0,0.0,0.0,0.0000,0.0000,0.0000,0.0000,0.00,0.00,0.00,0.000000,0.000000,-0.19,1
96941,0.00,0.0,0.0,0.0,0.0000,0.0000,0.0000,0.0000,0.00,0.00,0.00,0.000000,0.000000,-0.19,1
96941,0.00,0.0,0.0,0.0,0.0000,0.0000,0.0000,0.0000,0.00,0.00,0.00,0.000000,0.000000,-0.19,1
96941,0.00,0.0,0.0,0.0,0.0000,0.0000,0.0000,0.0000,0.00,0.00,0.00,0.000000,0.000000,-0.19,1
96954,0.00,0.0,0.0,0.0,0.0000,0.0000,0.0000,0.0000,0.00,0.00,0.00,0.000000,0.000000,-0.19,1
96954,0.00,0.0,0.0,0.0,0.0000,0.0000,0.0000,0.0000,0.00,0.00,0.00,0.000000,0.000000,-0.19,1
96954,0.00,0.0,0.0,0.0,0.0000,0.0000,0.0000,0.0000,0.00,0.00,0.00,0.000000,0.000000,-0.19,1
96954,0.00,0.0,0.0,0.0,0.0000,0.0000,0.0000,0.0000,0.00,0.00,0.00,0.000000,0.000000,-0.19,1
96954,0.00,0.0,0.0,0.0,0.0000,0.0000,0.0000,0.0000,0.00,0.00,0.00,0.000000,0.000000,-0.19,1
96967,0.00,0.0,0.0,0.0,0.0000,0.0000,0.0000,0.0000,0.00,0.00,0.00,0.000000,0.000000,-0.18,1
96967,0.00,0.0,0.0,0.0,0.0000,0.0000,0.0000,0.0000,0.00,0.00,0.00,0.000000,0.000000,-0.18,1
96967,0.00,0.0,0.0,0.0,0.0000,0.0000,0.0000,0.0000,0.00,0.00,0.00,0.000000,0.000000,-0.18,1
96967,0.00,0.0,0.0,0.0,0.0000,0.0000,0.0000,0.0000,0.00,0.00,0.00,0.000000,0.000000,-0.18,1
96967,0.00,0.0,0.0,0.0,0.0000,0.0000,0.0000,0.0000,0.00,0.00,0.00,0.000000,0.000000,-0.18,1
96980,0.00,0.0,0.0,0.0,0.0000,0.0000,0.0000,0.0000,0.00,0.00,0.00,0.000000,0.000000,-0.18,1
96980,0.00,0.0,0.0,0.0,0.0000,0.0000,0.0000,0.0000,0.00,0.00,0.00,0.000000,0.000000,-0.18,1
96980,0.00,0.0,0.0,0.0,0.0000,0.0000,0.0000,0.0000,0.00,0.00,0.00,0.000000,0.000000,-0.18,1
96980,0.00,0.0,0.0,0.0,0.0000,0.0000,0.0000,0.0000,0.00,0.00,0.00,0.000000,0.000000,-0.18,1
96980,0.00,0.0,0.0,0.0,0.0000,0.0000,0.0000,0.0000,0.00,0.00,0.00,0.000000,0.000000,-0.18,1
96992,0.00,0.0,0.0,0.0,0.0000,0.0000,0.0000,0.0000,0.00,0.00,0.00,0.000000,0.000000,-0.18,1
96992,0.00,0.0,0.0,0.0,0.0000,0.0000,0.0000,0.0000,0.00,0.00,0.00,0.000000,0.000000,-0.18,1
96992,0.00,0.0,0.0,0.0,0.0000,0.0000,0.0000,0.0000,0.00,0.00,0.00,0.000000,0.000000,-0.18,1
96992,0.00,0.0,0.0,0.0,0.0000,0.0000,0.0000,0.0000,0.00,0.00,0.00,0.000000,0.000000,-0.18,1
96992,0.00,0.0,0.0,0.0,0.0000,0.0000,0.0000,0.0000,0.00,0.00,0.00,0.000000,0.000000,-0.18,1
97005,0.00,0.0,0.0,0.0,0.0000,0.0000,0.0000,0.0000,0.00,0.00,0.00,0.000000,0.000000,-0.18,1
97005,0.00,0.0,0.0,0.0,0.0000,0.0000,0.0000,0.0000,0.00,0.00,0.00,0.000000,0.000000,-0.18,1
97005,0.00,0.0,0.0,0.0,0.0000,0.0000,0.0000,0.0000,0.00,0.00,0.00,0.000000,0.000000,-0.18,1
97005,0.00,0.0,0.0,0.0,0.0000,0.0000,0.0000,0.0000,0.00,0.00,0.00,0.000000,0.000000,-0.18,1
97005,0.00,0.0,0.0,0.0,0.0000,0.0000,0.0000,0.0000,0.00,0.00,0.00,0.000000,0.000000,-0.18,1
97018,0.00,0.0,0.0,0.0,0.0000,0.0000,0.0000,0.0000,0.00,0.00,0.00,0.000000,0.000000,-0.19,1
97018,0.00,0.0,0.0,0.0,0.0000,0.0000,0.0000,0.0000,0.00,0.00,0.00,0.000000,0.000000,-0.19,1
97018,0.00,0.0,0.0,0.0,0.0000,0.0000,0.0000,0.0000,0.00,0.00,0.00,0.000000,0.000000,-0.19,1
97018,0.00,0.0,0.0,0.0,0.0000,0.0000,0.0000,0.0000,0.00,0.00,0.00,0.000000,0.000000,-0.19,1
97018,0.00,0.0,0.0,0.0,0.0000,0.0000,0.0000,0.0000,0.00,0.00,0.00,0.000000,0.000000,-0.19,1
97031,0.00,0.0,0.0,0.0,0.0000,0.0000,0.0000,0.0000,0.00,0.00,0.00,0.000000,0.000000,-0.19,1
97031,0.00,0.0,0.0,0.0,0.0000,0.0000,0.0000,0.0000,0.00,0.00,0.00,0.000000,0.000000,-0.19,1
97031,0.00,0.0,0.0,0.0,0.0000,0.0000,0.0000,0.0000,0.00,0.00,0.00,0.000000,0.000000,-0.19,1
97031,0.00,0.0,0.0,0.0,0.0000,0.0000,0.0000,0.0000,0.00,0.00,0.00,0.000000,0.000000,-0.19,1
97031,0.00,0.0,0.0,0.0,0.0000,0.0000,0.0000,0.0000,0.00,0.00,0.00,0.000000,0.000000,-0.19,1
97043,0.00,0.0,0.0,0.0,0.0000,0.0000,0.0000,0.0000,0.00,0.00,0.00,0.000000,0.000000,-0.19,1
97043,0.00,0.0,0.0,0.0,0.0000,0.0000,0.0000,0.0000,0.00,0.00,0.00,0.000000,0.000000,-0.19,1
97043,0.00,0.0,0.0,0.0,0.0000,0.0000,0.0000,0.0000,0.00,0.00,0.00,0.000000,0.000000,-0.19,1
97043,0.00,0.0,0.0,0.0,0.0000,0.0000,0.0000,0.0000,0.00,0.00,0.00,0.000000,0.000000,-0.19,1
97043,0.00,0.0,0.0,0.0,0.0000,0.0000,0.0000,0.0000,0.00,0.00,0.00,0.000000,0.000000,-0.19,1
97056,0.00,0.0,0.0,0.0,0.0000,0.0000,0.0000,0.0000,0.00,0.00,0.00,0.000000,0.000000,-0.19,1
97056,0.00,0.0,0.0,0.0,0.0000,0.0000,0.0000,0.0000,0.00,0.00,0.00,0.000000,0.000000,-0.19,1
97056,0.00,0.0,0.0,0.0,0.0000,0.0000,0.0000,0.0000,0.00,0.00,0.00,0.000000,0.000000,-0.19,1
97056,0.00,0.0,0.0,0.0,0.0000,0.0000,0.0000,0.0000,0.00,0.00,0.00,0.000000,0.000000,-0.19,1
97056,0.00,0.0,0.0,0.0,0.0000,0.0000,0.0000,0.0000,0.00,0.00,0.00,0.000000,0.000000,-0.19,1
97069,0.00,0.0,0.0,0.0,0.0000,0.0000,0.0000,0.0000,0.00,0.00,0.00,0.000000,0.000000,-0.19,1
97069,0.00,0.0,0.0,0.0,0.0000,0.0000,0.0000,0.0000,0.00,0.00,0.00,0.000000,0.000000,-0.19,1
97069,0.00,0.0,0.0,0.0,0.0000,0.0000,0.0000,0.0000,0.00,0.00,0.00,0.000000,0.000000,-0.19,1
97069,0.00,0.0,0.0,0.0,0.0000,0.0000,0.0000,0.0000,0.00,0.00,0.00,0.000000,0.000000,-0.19,1
97069,0.00,0.0,0.0,0.0,0.0000,0.0000,0.0000,0.0000,0.00,0.00,0.00,0.000000,0.000000,-0.19,1
97082,0.00,0.0,0.0,0.0,0.0000,0.0000,0.0000,0.0000,0.00,0.00,0.00,0.000000,0.000000,-0.19,1
97082,0.00,0.0,0.0,0.0,0.0000,0.0000,0.0000,0.0000,0.00,0.00,0.00,0.000000,0.000000,-0.19,1
97082,0.00,0.0,0.0,0.0,0.0000,0.0000,0.0000,0.0000,0.00,0.00,0.00,0.000000,0.000000,-0.19,1
97082,0.00,0.0,0.0,0.0,0.0000,0.0000,0.0000,0.0000,0.00,0.00,0.00,0.000000,0.000000,-0.19,1
97082,0.00,0.0,0.0,0.0,0.0000,0.0000,0.0000,0.0000,0.00,0.00,0.00,0.000000,0.000000,-0.19,1
97094,0.00,0.0,0.0,0.0,0.0000,0.0000,0.0000,0.0000,0.00,0.00,0.00,0.000000,0.000000,-0.19,1
97094,0.00,0.0,0.0,0.0,0.0000,0.0000,0.0000,0.0000,0.00,0.00,0.00,0.000000,0.000000,-0.19,1
97094,0.00,0.0,0.0,0.0,0.0000,0.0000,0.0000,0.0000,0.00,0.00,0.00,0.000000,0.000000,-0.19,1
97094,0.00,0.0,0.0,0.0,0.0000,0.0000,0.0000,0.0000,0.00,0.00,0.00,0.000000,0.000000,-0.19,1
97094,0.00,0.0,0.0,0.0,0.0000,0.0000,0.0000,0.0000,0.00,0.00,0.00,0.000000,0.000000,-0.19,1
97107,0.00,0.0,0.0,0.0,0.0000,0.0000,0.0000,0.0000,0.00,0.00,0.00,0.000000,0.000000,-0.19,1
97107,0.00,0.0,0.0,0.0,0.0000,0.0000,0.0000,0.0000,0.00,0.00,0.00,0.000000,0.000000,-0.19,1
97107,0.00,0.0,0.0,0.0,0.0000,0.0000,0.0000,0.0000,0.00,0.00,0.00,0.000000,0.000000,-0.19,1
97107,0.00,0.0,0.0,0.0,0.0000,0.0000,0.0000,0.0000,0.00,0.00,0.00,0.000000,0.000000,-0.19,1
97107,0.00,0.0,0.0,0.0,0.0000,0.0000,0.0000,0.0000,0.00,0.00,0.00,0.000000,0.000000,-0.19,1
97120,0.00,0.0,0.0,0.0,0.0000,0.0000,0.0000,0.0000,0.00,0.00,0.00,0.000000,0.000000,-0.18,1
97120,0.00,0.0,0.0,0.0,0.0000,0.0000,0.0000,0.0000,0.00,0.00,0.00,0.000000,0.000000,-0.18,1
97120,0.00,0.0,0.0,0.0,0.0000,0.0000,0.0000,0.0000,0.00,0.00,0.00,0.000000,0.000000,-0.18,1
97120,0.00,0.0,0.0,0.0,0.0000,0.0000,0.0000,0.0000,0.00,0.00,0.00,0.000000,0.000000,-0.18,1
97120,0.00,0.0,0.0,0.0,0.0000,0.0000,0.0000,0.0000,0.00,0.00,0.00,0.000000,0.000000,-0.18,1
97132,0.00,0.0,0.0,0.0,0.0000,0.0000,0.0000,0.0000,0.00,0.00,0.00,0.000000,0.000000,-0.18,1
97132,0.00,0.0,0.0,0.0,0.0000,0.0000,0.0000,0.0000,0.00,0.00,0.00,0.000000,0.000000,-0.18,1
97132,0.00,0.0,0.0,0.0,0.0000,0.0000,0.0000,0.0000,0.00,0.00,0.00,0.000000,0.000000,-0.18,1
97132,0.00,0.0,0.0,0.0,0.0000,0.0000,0.0000,0.0000,0.00,0.00,0.00,0.000000,0.000000,-0.18,1
97132,0.00,0.0,0.0,0.0,0.0000,0.0000,0.0000,0.0000,0.00,0.00,0.00,0.000000,0.000000,-0.18,1
97145,0.00,0.0,0.0,0.0,0.0000,0.0000,0.0000,0.0000,0.00,0.00,0.00,0.000000,0.000000,-0.18,1
97145,0.00,0.0,0.0,0.0,0.0000,0.0000,0.0000,0.0000,0.00,0.00,0.00,0.000000,0.000000,-0.18,1
97145,0.00,0.0,0.0,0.0,0.0000,0.0000,0.0000,0.0000,0.00,0.00,0.00,0.000000,0.000000,-0.18,1
97145,0.00,0.0,0.0,0.0,0.0000,0.0000,0.0000,0.0000,0.00,0.00,0.00,0.000000,0.000000,-0.18,1
97145,0.00,0.0,0.0,0.0,0.0000,0.0000,0.0000,0.0000,0.00,0.00,0.00,0.000000,0.000000,-0.18,1
97158,0.00,0.0,0.0,0.0,0.0000,0.0000,0.0000,0.0000,0.00,0.00,0.00,0.000000,0.000000,-0.18,1
97158,0.00,0.0,0.0,0.0,0.0000,0.0000,0.0000,0.0000,0.00,0.00,0.00,0.000000,0.000000,-0.18,1
97158,0.00,0.0,0.0,0.0,0.0000,0.0000,0.0000,0.0000,0.00,0.00,0.00,0.000000,0.000000,-0.18,1
97158,0.00,0.0,0.0,0.0,0.0000,0.0000,0.0000,0.0000,0.00,0.00,0.00,0.000000,0.000000,-0.18,1
97158,0.00,0.0,0.0,0.0,0.0000,0.0000,0.0000,0.0000,0.00,0.00,0.00,0.000000,0.000000,-0.18,1
97171,0.00,0.0,0.0,0.0,0.0000,0.0000,0.0000,0.0000,0.00,0.00,0.00,0.000000,0.000000,-0.18,1
97171,0.00,0.0,0.0,0.0,0.0000,0.0000,0.0000,0.0000,0.00,0.00,0.00,0.000000,0.000000,-0.18,1
97171,0.00,0.0,0.0,0.0,0.0000,0.0000,0.0000,0.0000,0.00,0.00,0.00,0.000000,0.000000,-0.18,1
97171,0.00,0.0,0.0,0.0,0.0000,0.0000,0.0000,0.0000,0.00,0.00,0.00,0.000000,0.000000,-0.18,1
97171,0.00,0.0,0.0,0.0,0.0000,0.0000,0.0000,0.0000,0.00,0.00,0.00,0.000000,0.000000,-0.18,1
97184,0.00,0.0,0.0,0.0,0.0000,0.0000,0.0000,0.0000,0.00,0.00,0.00,0.000000,0.000000,-0.18,1
97184,0.00,0.0,0.0,0.0,0.0000,0.0000,0.0000,0.0000,0.00,0.00,0.00,0.000000,0.000000,-0.18,1
97184,0.00,0.0,0.0,0.0,0.0000,0.0000,0.0000,0.0000,0.00,0.00,0.00,0.000000,0.000000,-0.18,1
97184,0.00,0.0,0.0,0.0,0.0000,0.0000,0.0000,0.0000,0.00,0.00,0.00,0.000000,0.000000,-0.18,1
97184,0.00,0.0,0.0,0.0,0.0000,0.0000,0.0000,0.0000,0.00,0.00,0.00,0.000000,0.000000,-0.18,1
97196,0.00,0.0,0.0,0.0,0.0000,0.0000,0.0000,0.0000,0.00,0.00,0.00,0.000000,0.000000,-0.18,1
97196,0.00,0.0,0.0,0.0,0.0000,0.0000,0.0000,0.0000,0.00,0.00,0.00,0.000000,0.000000,-0.18,1
97196,0.00,0.0,0.0,0.0,0.0000,0.0000,0.0000,0.0000,0.00,0.00,0.00,0.000000,0.000000,-0.18,1
97196,0.00,0.0,0.0,0.0,0.0000,0.0000,0.0000,0.0000,0.00,0.00,0.00,0.000000,0.000000,-0.18,1
97196,0.00,0.0,0.0,0.0,0.0000,0.0000,0.0000,0.0000,0.00,0.00,0.00,0.000000,0.000000,-0.18,1
97209,0.00,0.0,0.0,0.0,0.0000,0.0000,0.0000,0.0000,0.00,0.00,0.00,0.000000,0.000000,-0.18,1
97209,0.00,0.0,0.0,0.0,0.0000,0.0000,0.0000,0.0000,0.00,0.00,0.00,0.000000,0.000000,-0.18,1
97209,0.00,0.0,0.0,0.0,0.0000,0.0000,0.0000,0.0000,0.00,0.00,0.00,0.000000,0.000000,-0.18,1
97209,0.00,0.0,0.0,0.0,0.0000,0.0000,0.0000,0.0000,0.00,0.00,0.00,0.000000,0.000000,-0.18,1
97209,0.00,0.0,0.0,0.0,0.0000,0.0000,0.0000,0.0000,0.00,0.00,0.00,0.000000,0.000000,-0.18,1
97222,0.00,0.0,0.0,0.0,0.0000,0.0000,0.0000,0.0000,0.00,0.00,0.00,0.000000,0.000000,-0.18,1
97222,0.00,0.0,0.0,0.0,0.0000,0.0000,0.0000,0.0000,0.00,0.00,0.00,0.000000,0.000000,-0.18,1
97222,0.00,0.0,0.0,0.0,0.0000,0.0000,0.0000,0.0000,0.00,0.00,0.00,0.000000,0.000000,-0.18,1
97222,0.00,0.0,0.0,0.0,0.0000,0.0000,0.0000,0.0000,0.00,0.00,0.00,0.000000,0.000000,-0.18,1
97222,0.00,0.0,0.0,0.0,0.0000,0.0000,0.0000,0.0000,0.00,0.00,0.00,0.000000,0.000000,-0.18,1
97235,0.00,0.0,0.0,0.0,0.0000,0.0000,0.0000,0.0000,0.00,0.00,0.00,0.000000,0.000000,-0.18,1
97235,0.00,0.0,0.0,0.0,0.0000,0.0000,0.0000,0.0000,0.00,0.00,0.00,0.000000,0.000000,-0.18,1
97235,0.00,0.0,0.0,0.0,0.0000,0.0000,0.0000,0.0000,0.00,0.00,0.00,0.000000,0.000000,-0.18,1
97235,0.00,0.0,0.0,0.0,0.0000,0.0000,0.0000,0.0000,0.00,0.00,0.00,0.000000,0.000000,-0.18,1
97235,0.00,0.0,0.0,0.0,0.0000,0.0000,0.0000,0.0000,0.00,0.00,0.00,0.000000,0.000000,-0.18,1
97247,0.00,0.0,0.0,0.0,0.0000,0.0000,0.0000,0.0000,0.00,0.00,0.00,0.000000,0.000000,-0.18,1
97247,0.00,0.0,0.0,0.0,0.0000,0.0000,0.0000,0.0000,0.00,0.00,0.00,0.000000,0.000000,-0.18,1
97247,0.00,0.0,0.0,0.0,0.0000,0.0000,0.0000,0.0000,0.00,0.00,0.00,0.000000,0.000000,-0.18,1
97247,0.00,0.0,0.0,0.0,0.0000,0.0000,0.0000,0.0000,0.00,0.00,0.00,0.000000,0.000000,-0.18,1
97247,0.00,0.0,0.0,0.0,0.0000,0.0000,0.0000,0.0000,0.00,0.00,0.00,0.000000,0.000000,-0.18,1
97260,0.00,0.0,0.0,0.0,0.0000,0.0000,0.0000,0.0000,0.00,0.00,0.00,0.000000,0.000000,-0.18,1
97260,0.00,0.0,0.0,0.0,0.0000,0.0000,0.0000,0.0000,0.00,0.00,0.00,0.000000,0.000000,-0.18,1
97260,0.00,0.0,0.0,0.0,0.0000,0.0000,0.0000,0.0000,0.00,0.00,0.00,0.000000,0.000000,-0.18,1
97260,0.00,0.0,0.0,0.0,0.0000,0.0000,0.0000,0.0000,0.00,0.00,0.00,0.000000,0.000000,-0.18,1
97260,0.00,0.0,0.0,0.0,0.0000,0.0000,0.0000,0.0000,0.00,0.00,0.00,0.000000,0.000000,-0.18,1
97273,0.00,0.0,0.0,0.0,0.0000,0.0000,0.0000,0.0000,0.00,0.00,0.00,0.000000,0.000000,-0.18,1
97273,0.00,0.0,0.0,0.0,0.0000,0.0000,0.0000,0.0000,0.00,0.00,0.00,0.000000,0.000000,-0.18,1
97273,0.00,0.0,0.0,0.0,0.0000,0.0000,0.0000,0.0000,0.00,0.00,0.00,0.000000,0.000000,-0.18,1
97273,0.00,0.0,0.0,0.0,0.0000,0.0000,0.0000,0.0000,0.00,0.00,0.00,0.000000,0.000000,-0.18,1
97273,0.00,0.0,0.0,0.0,0.0000,0.0000,0.0000,0.0000,0.00,0.00,0.00,0.000000,0.000000,-0.18,1
97285,0.00,0.0,0.0,0.0,0.0000,0.0000,0.0000,0.0000,0.00,0.00,0.00,0.000000,0.000000,-0.18,1
97285,0.00,0.0,0.0,0.0,0.0000,0.0000,0.0000,0.0000,0.00,0.00,0.00,0.000000,0.000000,-0.18,1
97285,0.00,0.0,0.0,0.0,0.0000,0.0000,0.0000,0.0000,0.00,0.00,0.00,0.000000,0.000000,-0.18,1
97285,0.00,0.0,0.0,0.0,0.0000,0.0000,0.0000,0.0000,0.00,0.00,0.00,0.000000,0.000000,-0.18,1
97285,0.00,0.0,0.0,0.0,0.0000,0.0000,0.0000,0.0000,0.00,0.00,0.00,0.000000,0.000000,-0.18,1
97298,0.00,0.0,0.0,0.0,0.0000,0.0000,0.0000,0.0000,0.00,0.00,0.00,0.000000,0.000000,-0.18,1
97298,0.00,0.0,0.0,0.0,0.0000,0.0000,0.0000,0.0000,0.00,0.00,0.00,0.000000,0.000000,-0.18,1
97298,0.00,0.0,0.0,0.0,0.0000,0.0000,0.0000,0.0000,0.00,0.00,0.00,0.000000,0.000000,-0.18,1
97298,0.00,0.0,0.0,0.0,0.0000,0.0000,0.0000,0.0000,0.00,0.00,0.00,0.000000,0.000000,-0.18,1
97298,0.00,0.0,0.0,0.0,0.0000,0.0000,0.0000,0.0000,0.00,0.00,0.00,0.000000,0.000000,-0.18,1
97311,0.00,0.0,0.0,0.0,0.0000,0.0000,0.0000,0.0000,0.00,0.00,0.00,0.000000,0.000000,-0.18,1
97311,0.00,0.0,0.0,0.0,0.0000,0.0000,0.0000,0.0000,0.00,0.00,0.00,0.000000,0.000000,-0.18,1
97311,0.00,0.0,0.0,0.0,0.0000,0.0000,0.0000,0.0000,0.00,0.00,0.00,0.000000,0.000000,-0.18,1
97311,0.00,0.0,0.0,0.0,0.0000,0.0000,0.0000,0.0000,0.00,0.00,0.00,0.000000,0.000000,-0.18,1
97311,0.00,0.0,0.0,0.0,0.0000,0.0000,0.0000,0.0000,0.00,0.00,0.00,0.000000,0.000000,-0.18,1
97324,0.00,0.0,0.0,0.0,0.0000,0.0000,0.0000,0.0000,0.00,0.00,0.00,0.000000,0.000000,-0.18,1
97324,0.00,0.0,0.0,0.0,0.0000,0.0000,0.0000,0.0000,0.00,0.00,0.00,0.000000,0.000000,-0.18,1
97324,0.00,0.0,0.0,0.0,0.0000,0.0000,0.0000,0.0000,0.00,0.00,0.00,0.000000,0.000000,-0.18,1
97324,0.00,0.0,0.0,0.0,0.0000,0.0000,0.0000,0.0000,0.00,0.00,0.00,0.000000,0.000000,-0.18,1
97324,0.00,0.0,0.0,0.0,0.0000,0.0000,0.0000,0.0000,0.00,0.00,0.00,0.000000,0.000000,-0.18,1
97336,0.00,0.0,0.0,0.0,0.0000,0.0000,0.0000,0.0000,0.00,0.00,0.00,0.000000,0.000000,-0.18,1
97349,0.00,0.0,0.0,0.0,0.0000,0.0000,0.0000,0.0000,0.00,0.00,0.00,0.000000,0.000000,-0.18,1
97349,0.00,0.0,0.0,0.0,0.0000,0.0000,0.0000,0.0000,0.00,0.00,0.00,0.000000,0.000000,-0.18,1
97349,0.00,0.0,0.0,0.0,0.0000,0.0000,0.0000,0.0000,0.00,0.00,0.00,0.000000,0.000000,-0.18,1
97349,0.00,0.0,0.0,0.0,0.0000,0.0000,0.0000,0.0000,0.00,0.00,0.00,0.000000,0.000000,-0.18,1
97349,0.00,0.0,0.0,0.0,0.0000,0.0000,0.0000,0.0000,0.00,0.00,0.00,0.000000,0.000000,-0.18,1
97362,0.00,0.0,0.0,0.0,0.0000,0.0000,0.0000,0.0000,0.00,0.00,0.00,0.000000,0.000000,-0.18,1
97362,0.00,0.0,0.0,0.0,0.0000,0.0000,0.0000,0.0000,0.00,0.00,0.00,0.000000,0.000000,-0.18,1
97362,0.00,0.0,0.0,0.0,0.0000,0.0000,0.0000,0.0000,0.00,0.00,0.00,0.000000,0.000000,-0.18,1
97362,0.00,0.0,0.0,0.0,0.0000,0.0000,0.0000,0.0000,0.00,0.00,0.00,0.000000,0.000000,-0.18,1
97362,0.00,0.0,0.0,0.0,0.0000,0.0000,0.0000,0.0000,0.00,0.00,0.00,0.000000,0.000000,-0.18,1
97375,0.00,0.0,0.0,0.0,0.0000,0.0000,0.0000,0.0000,0.00,0.00,0.00,0.000000,0.000000,-0.18,1
97375,0.00,0.0,0.0,0.0,0.0000,0.0000,0.0000,0.0000,0.00,0.00,0.00,0.000000,0.000000,-0.18,1
97375,0.00,0.0,0.0,0.0,0.0000,0.0000,0.0000,0.0000,0.00,0.00,0.00,0.000000,0.000000,-0.18,1
97375,0.00,0.0,0.0,0.0,0.0000,0.0000,0.0000,0.0000,0.00,0.00,0.00,0.000000,0.000000,-0.18,1
97375,0.00,0.0,0.0,0.0,0.0000,0.0000,0.0000,0.0000,0.00,0.00,0.00,0.000000,0.000000,-0.18,1
97388,0.00,0.0,0.0,0.0,0.0000,0.0000,0.0000,0.0000,0.00,0.00,0.00,0.000000,0.000000,-0.18,1
97388,0.00,0.0,0.0,0.0,0.0000,0.0000,0.0000,0.0000,0.00,0.00,0.00,0.000000,0.000000,-0.18,1
97388,0.00,0.0,0.0,0.0,0.0000,0.0000,0.0000,0.0000,0.00,0.00,0.00,0.000000,0.000000,-0.18,1
97388,0.00,0.0,0.0,0.0,0.0000,0.0000,0.0000,0.0000,0.00,0.00,0.00,0.000000,0.000000,-0.18,1
97388,0.00,0.0,0.0,0.0,0.0000,0.0000,0.0000,0.0000,0.00,0.00,0.00,0.000000,0.000000,-0.18,1
97400,0.00,0.0,0.0,0.0,0.0000,0.0000,0.0000,0.0000,0.00,0.00,0.00,0.000000,0.000000,-0.18,1
97400,0.00,0.0,0.0,0.0,0.0000,0.0000,0.0000,0.0000,0.00,0.00,0.00,0.000000,0.000000,-0.18,1
97400,0.00,0.0,0.0,0.0,0.0000,0.0000,0.0000,0.0000,0.00,0.00,0.00,0.000000,0.000000,-0.18,1
97400,0.00,0.0,0.0,0.0,0.0000,0.0000,0.0000,0.0000,0.00,0.00,0.00,0.000000,0.000000,-0.18,1
97400,0.00,0.0,0.0,0.0,0.0000,0.0000,0.0000,0.0000,0.00,0.00,0.00,0.000000,0.000000,-0.18,1
97413,0.00,0.0,0.0,0.0,0.0000,0.0000,0.0000,0.0000,0.00,0.00,0.00,0.000000,0.000000,-0.18,1
97413,0.00,0.0,0.0,0.0,0.0000,0.0000,0.0000,0.0000,0.00,0.00,0.00,0.000000,0.000000,-0.18,1
97413,0.00,0.0,0.0,0.0,0.0000,0.0000,0.0000,0.0000,0.00,0.00,0.00,0.000000,0.000000,-0.18,1
97413,0.00,0.0,0.0,0.0,0.0000,0.0000,0.0000,0.0000,0.00,0.00,0.00,0.000000,0.000000,-0.18,1
97413,0.00,0.0,0.0,0.0,0.0000,0.0000,0.0000,0.0000,0.00,0.00,0.00,0.000000,0.000000,-0.18,1
97426,0.00,0.0,0.0,0.0,0.0000,0.0000,0.0000,0.0000,0.00,0.00,0.00,0.000000,0.000000,-0.18,1
97426,0.00,0.0,0.0,0.0,0.0000,0.0000,0.0000,0.0000,0.00,0.00,0.00,0.000000,0.000000,-0.18,1
97426,0.00,0.0,0.0,0.0,0.0000,0.0000,0.0000,0.0000,0.00,0.00,0.00,0.000000,0.000000,-0.18,1
97426,0.00,0.0,0.0,0.0,0.0000,0.0000,0.0000,0.0000,0.00,0.00,0.00,0.000000,0.000000,-0.18,1
97426,0.00,0.0,0.0,0.0,0.0000,0.0000,0.0000,0.0000,0.00,0.00,0.00,0.000000,0.000000,-0.18,1
97439,0.00,0.0,0.0,0.0,0.0000,0.0000,0.0000,0.0000,0.00,0.00,0.00,0.000000,0.000000,-0.18,1
97439,0.00,0.0,0.0,0.0,0.0000,0.0000,0.0000,0.0000,0.00,0.00,0.00,0.000000,0.000000,-0.18,1
97439,0.00,0.0,0.0,0.0,0.0000,0.0000,0.0000,0.0000,0.00,0.00,0.00,0.000000,0.000000,-0.18,1
97439,0.00,0.0,0.0,0.0,0.0000,0.0000,0.0000,0.0000,0.00,0.00,0.00,0.000000,0.000000,-0.18,1
97439,0.00,0.0,0.0,0.0,0.0000,0.0000,0.0000,0.0000,0.00,0.00,0.00,0.000000,0.000000,-0.18,1
97451,0.00,0.0,0.0,0.0,0.0000,0.0000,0.0000,0.0000,0.00,0.00,0.00,0.000000,0.000000,-0.18,1
97451,0.00,0.0,0.0,0.0,0.0000,0.0000,0.0000,0.0000,0.00,0.00,0.00,0.000000,0.000000,-0.18,1
97451,0.00,0.0,0.0,0.0,0.0000,0.0000,0.0000,0.0000,0.00,0.00,0.00,0.000000,0.000000,-0.18,1
97451,0.00,0.0,0.0,0.0,0.0000,0.0000,0.0000,0.0000,0.00,0.00,0.00,0.000000,0.000000,-0.18,1
97451,0.00,0.0,0.0,0.0,0.0000,0.0000,0.0000,0.0000,0.00,0.00,0.00,0.000000,0.000000,-0.18,1
97464,0.00,0.0,0.0,0.0,0.0000,0.0000,0.0000,0.0000,0.00,0.00,0.00,0.000000,0.000000,-0.18,1
97464,0.00,0.0,0.0,0.0,0.0000,0.0000,0.0000,0.0000,0.00,0.00,0.00,0.000000,0.000000,-0.18,1
97464,0.00,0.0,0.0,0.0,0.0000,0.0000,0.0000,0.0000,0.00,0.00,0.00,0.000000,0.000000,-0.18,1
97464,0.00,0.0,0.0,0.0,0.0000,0.0000,0.0000,0.0000,0.00,0.00,0.00,0.000000,0.000000,-0.18,1
97464,0.00,0.0,0.0,0.0,0.0000,0.0000,0.0000,0.0000,0.00,0.00,0.00,0.000000,0.000000,-0.18,1
97477,0.00,0.0,0.0,0.0,0.0000,0.0000,0.0000,0.0000,0.00,0.00,0.00,0.000000,0.000000,-0.19,1
97477,0.00,0.0,0.0,0.0,0.0000,0.0000,0.0000,0.0000,0.00,0.00,0.00,0.000000,0.000000,-0.19,1
97477,0.00,0.0,0.0,0.0,0.0000,0.0000,0.0000,0.0000,0.00,0.00,0.00,0.000000,0.000000,-0.19,1
97477,0.00,0.0,0.0,0.0,0.0000,0.0000,0.0000,0.0000,0.00,0.00,0.00,0.000000,0.000000,-0.19,1
97477,0.00,0.0,0.0,0.0,0.0000,0.0000,0.0000,0.0000,0.00,0.00,0.00,0.000000,0.000000,-0.19,1
97490,0.00,0.0,0.0,0.0,0.0000,0.0000,0.0000,0.0000,0.00,0.00,0.00,0.000000,0.000000,-0.19,1
97490,0.00,0.0,0.0,0.0,0.0000,0.0000,0.0000,0.0000,0.00,0.00,0.00,0.000000,0.000000,-0.19,1
97490,0.00,0.0,0.0,0.0,0.0000,0.0000,0.0000,0.0000,0.00,0.00,0.00,0.000000,0.000000,-0.19,1
97490,0.00,0.0,0.0,0.0,0.0000,0.0000,0.0000,0.0000,0.00,0.00,0.00,0.000000,0.000000,-0.19,1
97490,0.00,0.0,0.0,0.0,0.0000,0.0000,0.0000,0.0000,0.00,0.00,0.00,0.000000,0.000000,-0.19,1
97502,0.00,0.0,0.0,0.0,0.0000,0.0000,0.0000,0.0000,0.00,0.00,0.00,0.000000,0.000000,-0.19,1
97502,0.00,0.0,0.0,0.0,0.0000,0.0000,0.0000,0.0000,0.00,0.00,0.00,0.000000,0.000000,-0.19,1
97502,0.00,0.0,0.0,0.0,0.0000,0.0000,0.0000,0.0000,0.00,0.00,0.00,0.000000,0.000000,-0.19,1
97502,0.00,0.0,0.0,0.0,0.0000,0.0000,0.0000,0.0000,0.00,0.00,0.00,0.000000,0.000000,-0.19,1
97502,0.00,0.0,0.0,0.0,0.0000,0.0000,0.0000,0.0000,0.00,0.00,0.00,0.000000,0.000000,-0.19,1
97515,0.00,0.0,0.0,0.0,0.0000,0.0000,0.0000,0.0000,0.00,0.00,0.00,0.000000,0.000000,-0.19,1
97515,0.00,0.0,0.0,0.0,0.0000,0.0000,0.0000,0.0000,0.00,0.00,0.00,0.000000,0.000000,-0.19,1
97515,0.00,0.0,0.0,0.0,0.0000,0.0000,0.0000,0.0000,0.00,0.00,0.00,0.000000,0.000000,-0.19,1
97515,0.00,0.0,0.0,0.0,0.0000,0.0000,0.0000,0.0000,0.00,0.00,0.00,0.000000,0.000000,-0.19,1
97515,0.00,0.0,0.0,0.0,0.0000,0.0000,0.0000,0.0000,0.00,0.00,0.00,0.000000,0.000000,-0.19,1
97528,0.00,0.0,0.0,0.0,0.0000,0.0000,0.0000,0.0000,0.00,0.00,0.00,0.000000,0.000000,-0.19,1
97528,0.00,0.0,0.0,0.0,0.0000,0.0000,0.0000,0.0000,0.00,0.00,0.00,0.000000,0.000000,-0.19,1
97528,0.00,0.0,0.0,0.0,0.0000,0.0000,0.0000,0.0000,0.00,0.00,0.00,0.000000,0.000000,-0.19,1
97528,0.00,0.0,0.0,0.0,0.0000,0.0000,0.0000,0.0000,0.00,0.00,0.00,0.000000,0.000000,-0.19,1
97528,0.00,0.0,0.0,0.0,0.0000,0.0000,0.0000,0.0000,0.00,0.00,0.00,0.000000,0.000000,-0.19,1
97541,0.00,0.0,0.0,0.0,0.0000,0.0000,0.0000,0.0000,0.00,0.00,0.00,0.000000,0.000000,-0.19,1
97541,0.00,0.0,0.0,0.0,0.0000,0.0000,0.0000,0.0000,0.00,0.00,0.00,0.000000,0.000000,-0.19,1
97541,0.00,0.0,0.0,0.0,0.0000,0.0000,0.0000,0.0000,0.00,0.00,0.00,0.000000,0.000000,-0.19,1
97541,0.00,0.0,0.0,0.0,0.0000,0.0000,0.0000,0.0000,0.00,0.00,0.00,0.000000,0.000000,-0.19,1
97541,0.00,0.0,0.0,0.0,0.0000,0.0000,0.0000,0.0000,0.00,0.00,0.00,0.000000,0.000000,-0.19,1
97553,0.00,0.0,0.0,0.0,0.0000,0.0000,0.0000,0.0000,0.00,0.00,0.00,0.000000,0.000000,-0.19,1
97553,0.00,0.0,0.0,0.0,0.0000,0.0000,0.0000,0.0000,0.00,0.00,0.00,0.000000,0.000000,-0.19,1
97553,0.00,0.0,0.0,0.0,0.0000,0.0000,0.0000,0.0000,0.00,0.00,0.00,0.000000,0.000000,-0.19,1
97553,0.00,0.0,0.0,0.0,0.0000,0.0000,0.0000,0.0000,0.00,0.00,0.00,0.000000,0.000000,-0.19,1
97553,0.00,0.0,0.0,0.0,0.0000,0.0000,0.0000,0.0000,0.00,0.00,0.00,0.000000,0.000000,-0.19,1
97566,0.00,0.0,0.0,0.0,0.0000,0.0000,0.0000,0.0000,0.00,0.00,0.00,0.000000,0.000000,-0.19,1
97566,0.00,0.0,0.0,0.0,0.0000,0.0000,0.0000,0.0000,0.00,0.00,0.00,0.000000,0.000000,-0.19,1
97566,0.00,0.0,0.0,0.0,0.0000,0.0000,0.0000,0.0000,0.00,0.00,0.00,0.000000,0.000000,-0.19,1
97566,0.00,0.0,0.0,0.0,0.0000,0.0000,0.0000,0.0000,0.00,0.00,0.00,0.000000,0.000000,-0.19,1
97566,0.00,0.0,0.0,0.0,0.0000,0.0000,0.0000,0.0000,0.00,0.00,0.00,0.000000,0.000000,-0.19,1
97579,0.00,0.0,0.0,0.0,0.0000,0.0000,0.0000,0.0000,0.00,0.00,0.00,0.000000,0.000000,-0.19,1
97579,0.00,0.0,0.0,0.0,0.0000,0.0000,0.0000,0.0000,0.00,0.00,0.00,0.000000,0.000000,-0.19,1
97579,0.00,0.0,0.0,0.0,0.0000,0.0000,0.0000,0.0000,0.00,0.00,0.00,0.000000,0.000000,-0.19,1
97579,0.00,0.0,0.0,0.0,0.0000,0.0000,0.0000,0.0000,0.00,0.00,0.00,0.000000,0.000000,-0.19,1
97579,0.00,0.0,0.0,0.0,0.0000,0.0000,0.0000,0.0000,0.00,0.00,0.00,0.000000,0.000000,-0.19,1
97592,0.00,0.0,0.0,0.0,0.0000,0.0000,0.0000,0.0000,0.00,0.00,0.00,0.000000,0.000000,-0.19,1
97592,0.00,0.0,0.0,0.0,0.0000,0.0000,0.0000,0.0000,0.00,0.00,0.00,0.000000,0.000000,-0.19,1
97592,0.00,0.0,0.0,0.0,0.0000,0.0000,0.0000,0.0000,0.00,0.00,0.00,0.000000,0.000000,-0.19,1
97592,0.00,0.0,0.0,0.0,0.0000,0.0000,0.0000,0.0000,0.00,0.00,0.00,0.000000,0.000000,-0.19,1
97592,0.00,0.0,0.0,0.0,0.0000,0.0000,0.0000,0.0000,0.00,0.00,0.00,0.000000,0.000000,-0.19,1
97604,0.00,0.0,0.0,0.0,0.0000,0.0000,0.0000,0.0000,0.00,0.00,0.00,0.000000,0.000000,-0.19,1
97604,0.00,0.0,0.0,0.0,0.0000,0.0000,0.0000,0.0000,0.00,0.00,0.00,0.000000,0.000000,-0.19,1
97604,0.00,0.0,0.0,0.0,0.0000,0.0000,0.0000,0.0000,0.00,0.00,0.00,0.000000,0.000000,-0.19,1
97604,0.00,0.0,0.0,0.0,0.0000,0.0000,0.0000,0.0000,0.00,0.00,0.00,0.000000,0.000000,-0.19,1
97604,0.00,0.0,0.0,0.0,0.0000,0.0000,0.0000,0.0000,0.00,0.00,0.00,0.000000,0.000000,-0.19,1
97617,0.00,0.0,0.0,0.0,0.0000,0.0000,0.0000,0.0000,0.00,0.00,0.00,0.000000,0.000000,-0.19,1
97617,0.00,0.0,0.0,0.0,0.0000,0.0000,0.0000,0.0000,0.00,0.00,0.00,0.000000,0.000000,-0.19,1
97617,0.00,0.0,0.0,0.0,0.0000,0.0000,0.0000,0.0000,0.00,0.00,0.00,0.000000,0.000000,-0.19,1
97617,0.00,0.0,0.0,0.0,0.0000,0.0000,0.0000,0.0000,0.00,0.00,0.00,0.000000,0.000000,-0.19,1
97617,0.00,0.0,0.0,0.0,0.0000,0.0000,0.0000,0.0000,0.00,0.00,0.00,0.000000,0.000000,-0.19,1
97630,0.00,0.0,0.0,0.0,0.0000,0.0000,0.0000,0.0000,0.00,0.00,0.00,0.000000,0.000000,-0.19,1
97630,0.00,0.0,0.0,0.0,0.0000,0.0000,0.0000,0.0000,0.00,0.00,0.00,0.000000,0.000000,-0.19,1
97630,0.00,0.0,0.0,0.0,0.0000,0.0000,0.0000,0.0000,0.00,0.00,0.00,0.000000,0.000000,-0.19,1
97630,0.00,0.0,0.0,0.0,0.0000,0.0000,0.0000,0.0000,0.00,0.00,0.00,0.000000,0.000000,-0.19,1
97630,0.00,0.0,0.0,0.0,0.0000,0.0000,0.0000,0.0000,0.00,0.00,0.00,0.000000,0.000000,-0.19,1
97643,0.00,0.0,0.0,0.0,0.0000,0.0000,0.0000,0.0000,0.00,0.00,0.00,0.000000,0.000000,-0.19,1
97643,0.00,0.0,0.0,0.0,0.0000,0.0000,0.0000,0.0000,0.00,0.00,0.00,0.000000,0.000000,-0.19,1
97643,0.00,0.0,0.0,0.0,0.0000,0.0000,0.0000,0.0000,0.00,0.00,0.00,0.000000,0.000000,-0.19,1
97643,0.00,0.0,0.0,0.0,0.0000,0.0000,0.0000,0.0000,0.00,0.00,0.00,0.000000,0.000000,-0.19,1
97643,0.00,0.0,0.0,0.0,0.0000,0.0000,0.0000,0.0000,0.00,0.00,0.00,0.000000,0.000000,-0.19,1
97655,0.00,0.0,0.0,0.0,0.0000,0.0000,0.0000,0.0000,0.00,0.00,0.00,0.000000,0.000000,-0.19,1
97655,0.00,0.0,0.0,0.0,0.0000,0.0000,0.0000,0.0000,0.00,0.00,0.00,0.000000,0.000000,-0.19,1
97655,0.00,0.0,0.0,0.0,0.0000,0.0000,0.0000,0.0000,0.00,0.00,0.00,0.000000,0.000000,-0.19,1
97655,0.00,0.0,0.0,0.0,0.0000,0.0000,0.0000,0.0000,0.00,0.00,0.00,0.000000,0.000000,-0.19,1
97655,0.00,0.0,0.0,0.0,0.0000,0.0000,0.0000,0.0000,0.00,0.00,0.00,0.000000,0.000000,-0.19,1
97668,0.00,0.0,0.0,0.0,0.0000,0.0000,0.0000,0.0000,0.00,0.00,0.00,0.000000,0.000000,-0.19,1
97668,0.00,0.0,0.0,0.0,0.0000,0.0000,0.0000,0.0000,0.00,0.00,0.00,0.000000,0.000000,-0.19,1
97668,0.00,0.0,0.0,0.0,0.0000,0.0000,0.0000,0.0000,0.00,0.00,0.00,0.000000,0.000000,-0.19,1
97668,0.00,0.0,0.0,0.0,0.0000,0.0000,0.0000,0.0000,0.00,0.00,0.00,0.000000,0.000000,-0.19,1
97668,0.00,0.0,0.0,0.0,0.0000,0.0000,0.0000,0.0000,0.00,0.00,0.00,0.000000,0.000000,-0.19,1
97681,0.00,0.0,0.0,0.0,0.0000,0.0000,0.0000,0.0000,0.00,0.00,0.00,0.000000,0.000000,-0.19,1
97681,0.00,0.0,0.0,0.0,0.0000,0.0000,0.0000,0.0000,0.00,0.00,0.00,0.000000,0.000000,-0.19,1
97681,0.00,0.0,0.0,0.0,0.0000,0.0000,0.0000,0.0000,0.00,0.00,0.00,0.000000,0.000000,-0.19,1
97681,0.00,0.0,0.0,0.0,0.0000,0.0000,0.0000,0.0000,0.00,0.00,0.00,0.000000,0.000000,-0.19,1
97681,0.00,0.0,0.0,0.0,0.0000,0.0000,0.0000,0.0000,0.00,0.00,0.00,0.000000,0.000000,-0.19,1
97693,0.00,0.0,0.0,0.0,0.0000,0.0000,0.0000,0.0000,0.00,0.00,0.00,0.000000,0.000000,-0.19,1
97693,0.00,0.0,0.0,0.0,0.0000,0.0000,0.0000,0.0000,0.00,0.00,0.00,0.000000,0.000000,-0.19,1
97693,0.00,0.0,0.0,0.0,0.0000,0.0000,0.0000,0.0000,0.00,0.00,0.00,0.000000,0.000000,-0.19,1
97693,0.00,0.0,0.0,0.0,0.0000,0.0000,0.0000,0.0000,0.00,0.00,0.00,0.000000,0.000000,-0.19,1
97693,0.00,0.0,0.0,0.0,0.0000,0.0000,0.0000,0.0000,0.00,0.00,0.00,0.000000,0.000000,-0.19,1
97706,0.00,0.0,0.0,0.0,0.0000,0.0000,0.0000,0.0000,0.00,0.00,0.00,0.000000,0.000000,-0.19,1
97706,0.00,0.0,0.0,0.0,0.0000,0.0000,0.0000,0.0000,0.00,0.00,0.00,0.000000,0.000000,-0.19,1
97706,0.00,0.0,0.0,0.0,0.0000,0.0000,0.0000,0.0000,0.00,0.00,0.00,0.000000,0.000000,-0.19,1
97706,0.00,0.0,0.0,0.0,0.0000,0.0000,0.0000,0.0000,0.00,0.00,0.00,0.000000,0.000000,-0.19,1
97706,0.00,0.0,0.0,0.0,0.0000,0.0000,0.0000,0.0000,0.00,0.00,0.00,0.000000,0.000000,-0.19,1
97719,0.00,0.0,0.0,0.0,0.0000,0.0000,0.0000,0.0000,0.00,0.00,0.00,0.000000,0.000000,-0.19,1
97719,0.00,0.0,0.0,0.0,0.0000,0.0000,0.0000,0.0000,0.00,0.00,0.00,0.000000,0.000000,-0.19,1
97719,0.00,0.0,0.0,0.0,0.0000,0.0000,0.0000,0.0000,0.00,0.00,0.00,0.000000,0.000000,-0.19,1
97719,0.00,0.0,0.0,0.0,0.0000,0.0000,0.0000,0.0000,0.00,0.00,0.00,0.000000,0.000000,-0.19,1
97719,0.00,0.0,0.0,0.0,0.0000,0.0000,0.0000,0.0000,0.00,0.00,0.00,0.000000,0.000000,-0.19,1
97732,0.00,0.0,0.0,0.0,0.0000,0.0000,0.0000,0.0000,0.00,0.00,0.00,0.000000,0.000000,-0.19,1
97732,0.00,0.0,0.0,0.0,0.0000,0.0000,0.0000,0.0000,0.00,0.00,0.00,0.000000,0.000000,-0.19,1
97732,0.00,0.0,0.0,0.0,0.0000,0.0000,0.0000,0.0000,0.00,0.00,0.00,0.000000,0.000000,-0.19,1
97732,0.00,0.0,0.0,0.0,0.0000,0.0000,0.0000,0.0000,0.00,0.00,0.00,0.000000,0.000000,-0.19,1
97732,0.00,0.0,0.0,0.0,0.0000,0.0000,0.0000,0.0000,0.00,0.00,0.00,0.000000,0.000000,-0.19,1
97745,0.00,0.0,0.0,0.0,0.0000,0.0000,0.0000,0.0000,0.00,0.00,0.00,0.000000,0.000000,-0.19,1
97745,0.00,0.0,0.0,0.0,0.0000,0.0000,0.0000,0.0000,0.00,0.00,0.00,0.000000,0.000000,-0.19,1
97745,0.00,0.0,0.0,0.0,0.0000,0.0000,0.0000,0.0000,0.00,0.00,0.00,0.000000,0.000000,-0.19,1
97745,0.00,0.0,0.0,0.0,0.0000,0.0000,0.0000,0.0000,0.00,0.00,0.00,0.000000,0.000000,-0.19,1
97745,0.00,0.0,0.0,0.0,0.0000,0.0000,0.0000,0.0000,0.00,0.00,0.00,0.000000,0.000000,-0.19,1
97757,0.00,0.0,0.0,0.0,0.0000,0.0000,0.0000,0.0000,0.00,0.00,0.00,0.000000,0.000000,-0.19,1
97757,0.00,0.0,0.0,0.0,0.0000,0.0000,0.0000,0.0000,0.00,0.00,0.00,0.000000,0.000000,-0.19,1
97757,0.00,0.0,0.0,0.0,0.0000,0.0000,0.0000,0.0000,0.00,0.00,0.00,0.000000,0.000000,-0.19,1
97757,0.00,0.0,0.0,0.0,0.0000,0.0000,0.0000,0.0000,0.00,0.00,0.00,0.000000,0.000000,-0.19,1
97757,0.00,0.0,0.0,0.0,0.0000,0.0000,0.0000,0.0000,0.00,0.00,0.00,0.000000,0.000000,-0.19,1
97770,0.00,0.0,0.0,0.0,0.0000,0.0000,0.0000,0.0000,0.00,0.00,0.00,0.000000,0.000000,-0.19,1
97770,0.00,0.0,0.0,0.0,0.0000,0.0000,0.0000,0.0000,0.00,0.00,0.00,0.000000,0.000000,-0.19,1
97770,0.00,0.0,0.0,0.0,0.0000,0.0000,0.0000,0.0000,0.00,0.00,0.00,0.000000,0.000000,-0.19,1
97770,0.00,0.0,0.0,0.0,0.0000,0.0000,0.0000,0.0000,0.00,0.00,0.00,0.000000,0.000000,-0.19,1
97770,0.00,0.0,0.0,0.0,0.0000,0.0000,0.0000,0.0000,0.00,0.00,0.00,0.000000,0.000000,-0.19,1
97783,0.00,0.0,0.0,0.0,0.0000,0.0000,0.0000,0.0000,0.00,0.00,0.00,0.000000,0.000000,-0.18,1
97783,0.00,0.0,0.0,0.0,0.0000,0.0000,0.0000,0.0000,0.00,0.00,0.00,0.000000,0.000000,-0.18,1
97783,0.00,0.0,0.0,0.0,0.0000,0.0000,0.0000,0.0000,0.00,0.00,0.00,0.000000,0.000000,-0.18,1
97783,0.00,0.0,0.0,0.0,0.0000,0.0000,0.0000,0.0000,0.00,0.00,0.00,0.000000,0.000000,-0.18,1
97783,0.00,0.0,0.0,0.0,0.0000,0.0000,0.0000,0.0000,0.00,0.00,0.00,0.000000,0.000000,-0.18,1
97796,0.00,0.0,0.0,0.0,0.0000,0.0000,0.0000,0.0000,0.00,0.00,0.00,0.000000,0.000000,-0.18,1
97796,0.00,0.0,0.0,0.0,0.0000,0.0000,0.0000,0.0000,0.00,0.00,0.00,0.000000,0.000000,-0.18,1
97796,0.00,0.0,0.0,0.0,0.0000,0.0000,0.0000,0.0000,0.00,0.00,0.00,0.000000,0.000000,-0.18,1
97796,0.00,0.0,0.0,0.0,0.0000,0.0000,0.0000,0.0000,0.00,0.00,0.00,0.000000,0.000000,-0.18,1
97796,0.00,0.0,0.0,0.0,0.0000,0.0000,0.0000,0.0000,0.00,0.00,0.00,0.000000,0.000000,-0.18,1
97808,0.00,0.0,0.0,0.0,0.0000,0.0000,0.0000,0.0000,0.00,0.00,0.00,0.000000,0.000000,-0.18,1
97808,0.00,0.0,0.0,0.0,0.0000,0.0000,0.0000,0.0000,0.00,0.00,0.00,0.000000,0.000000,-0.18,1
97808,0.00,0.0,0.0,0.0,0.0000,0.0000,0.0000,0.0000,0.00,0.00,0.00,0.000000,0.000000,-0.18,1
97808,0.00,0.0,0.0,0.0,0.0000,0.0000,0.0000,0.0000,0.00,0.00,0.00,0.000000,0.000000,-0.18,1
97808,0.00,0.0,0.0,0.0,0.0000,0.0000,0.0000,0.0000,0.00,0.00,0.00,0.000000,0.000000,-0.18,1
97821,0.00,0.0,0.0,0.0,0.0000,0.0000,0.0000,0.0000,0.00,0.00,0.00,0.000000,0.000000,-0.18,1
97821,0.00,0.0,0.0,0.0,0.0000,0.0000,0.0000,0.0000,0.00,0.00,0.00,0.000000,0.000000,-0.18,1
97821,0.00,0.0,0.0,0.0,0.0000,0.0000,0.0000,0.0000,0.00,0.00,0.00,0.000000,0.000000,-0.18,1
97821,0.00,0.0,0.0,0.0,0.0000,0.0000,0.0000,0.0000,0.00,0.00,0.00,0.000000,0.000000,-0.18,1
97821,0.00,0.0,0.0,0.0,0.0000,0.0000,0.0000,0.0000,0.00,0.00,0.00,0.000000,0.000000,-0.18,1
97834,0.00,0.0,0.0,0.0,0.0000,0.0000,0.0000,0.0000,0.00,0.00,0.00,0.000000,0.000000,-0.19,1
97834,0.00,0.0,0.0,0.0,0.0000,0.0000,0.0000,0.0000,0.00,0.00,0.00,0.000000,0.000000,-0.19,1
97834,0.00,0.0,0.0,0.0,0.0000,0.0000,0.0000,0.0000,0.00,0.00,0.00,0.000000,0.000000,-0.19,1
97834,0.00,0.0,0.0,0.0,0.0000,0.0000,0.0000,0.0000,0.00,0.00,0.00,0.000000,0.000000,-0.19,1
97834,0.00,0.0,0.0,0.0,0.0000,0.0000,0.0000,0.0000,0.00,0.00,0.00,0.000000,0.000000,-0.19,1
97847,0.00,0.0,0.0,0.0,0.0000,0.0000,0.0000,0.0000,0.00,0.00,0.00,0.000000,0.000000,-0.19,1
97847,0.00,0.0,0.0,0.0,0.0000,0.0000,0.0000,0.0000,0.00,0.00,0.00,0.000000,0.000000,-0.19,1
97847,0.00,0.0,0.0,0.0,0.0000,0.0000,0.0000,0.0000,0.00,0.00,0.00,0.000000,0.000000,-0.19,1
97847,0.00,0.0,0.0,0.0,0.0000,0.0000,0.0000,0.0000,0.00,0.00,0.00,0.000000,0.000000,-0.19,1
97847,0.00,0.0,0.0,0.0,0.0000,0.0000,0.0000,0.0000,0.00,0.00,0.00,0.000000,0.000000,-0.19,1
97859,0.00,0.0,0.0,0.0,0.0000,0.0000,0.0000,0.0000,0.00,0.00,0.00,0.000000,0.000000,-0.19,1
97859,0.00,0.0,0.0,0.0,0.0000,0.0000,0.0000,0.0000,0.00,0.00,0.00,0.000000,0.000000,-0.19,1
97859,0.00,0.0,0.0,0.0,0.0000,0.0000,0.0000,0.0000,0.00,0.00,0.00,0.000000,0.000000,-0.19,1
97859,0.00,0.0,0.0,0.0,0.0000,0.0000,0.0000,0.0000,0.00,0.00,0.00,0.000000,0.000000,-0.19,1
97859,0.00,0.0,0.0,0.0,0.0000,0.0000,0.0000,0.0000,0.00,0.00,0.00,0.000000,0.000000,-0.19,1
97872,0.00,0.0,0.0,0.0,0.0000,0.0000,0.0000,0.0000,0.00,0.00,0.00,0.000000,0.000000,-0.19,1
97872,0.00,0.0,0.0,0.0,0.0000,0.0000,0.0000,0.0000,0.00,0.00,0.00,0.000000,0.000000,-0.19,1
97872,0.00,0.0,0.0,0.0,0.0000,0.0000,0.0000,0.0000,0.00,0.00,0.00,0.000000,0.000000,-0.19,1
97872,0.00,0.0,0.0,0.0,0.0000,0.0000,0.0000,0.0000,0.00,0.00,0.00,0.000000,0.000000,-0.19,1
97872,0.00,0.0,0.0,0.0,0.0000,0.0000,0.0000,0.0000,0.00,0.00,0.00,0.000000,0.000000,-0.19,1
97885,0.00,0.0,0.0,0.0,0.0000,0.0000,0.0000,0.0000,0.00,0.00,0.00,0.000000,0.000000,-0.18,1
97885,0.00,0.0,0.0,0.0,0.0000,0.0000,0.0000,0.0000,0.00,0.00,0.00,0.000000,0.000000,-0.18,1
97885,0.00,0.0,0.0,0.0,0.0000,0.0000,0.0000,0.0000,0.00,0.00,0.00,0.000000,0.000000,-0.18,1
97885,0.00,0.0,0.0,0.0,0.0000,0.0000,0.0000,0.0000,0.00,0.00,0.00,0.000000,0.000000,-0.18,1
97885,0.00,0.0,0.0,0.0,0.0000,0.0000,0.0000,0.0000,0.00,0.00,0.00,0.000000,0.000000,-0.18,1
97898,0.00,0.0,0.0,0.0,0.0000,0.0000,0.0000,0.0000,0.00,0.00,0.00,0.000000,0.000000,-0.18,1
97898,0.00,0.0,0.0,0.0,0.0000,0.0000,0.0000,0.0000,0.00,0.00,0.00,0.000000,0.000000,-0.18,1
97898,0.00,0.0,0.0,0.0,0.0000,0.0000,0.0000,0.0000,0.00,0.00,0.00,0.000000,0.000000,-0.18,1
97898,0.00,0.0,0.0,0.0,0.0000,0.0000,0.0000,0.0000,0.00,0.00,0.00,0.000000,0.000000,-0.18,1
97898,0.00,0.0,0.0,0.0,0.0000,0.0000,0.0000,0.0000,0.00,0.00,0.00,0.000000,0.000000,-0.18,1
97910,0.00,0.0,0.0,0.0,0.0000,0.0000,0.0000,0.0000,0.00,0.00,0.00,0.000000,0.000000,-0.18,1
97910,0.00,0.0,0.0,0.0,0.0000,0.0000,0.0000,0.0000,0.00,0.00,0.00,0.000000,0.000000,-0.18,1
97910,0.00,0.0,0.0,0.0,0.0000,0.0000,0.0000,0.0000,0.00,0.00,0.00,0.000000,0.000000,-0.18,1
97910,0.00,0.0,0.0,0.0,0.0000,0.0000,0.0000,0.0000,0.00,0.00,0.00,0.000000,0.000000,-0.18,1
97910,0.00,0.0,0.0,0.0,0.0000,0.0000,0.0000,0.0000,0.00,0.00,0.00,0.000000,0.000000,-0.18,1
97923,0.00,0.0,0.0,0.0,0.0000,0.0000,0.0000,0.0000,0.00,0.00,0.00,0.000000,0.000000,-0.18,1
97923,0.00,0.0,0.0,0.0,0.0000,0.0000,0.0000,0.0000,0.00,0.00,0.00,0.000000,0.000000,-0.18,1
97923,0.00,0.0,0.0,0.0,0.0000,0.0000,0.0000,0.0000,0.00,0.00,0.00,0.000000,0.000000,-0.18,1
97923,0.00,0.0,0.0,0.0,0.0000,0.0000,0.0000,0.0000,0.00,0.00,0.00,0.000000,0.000000,-0.18,1
97923,0.00,0.0,0.0,0.0,0.0000,0.0000,0.0000,0.0000,0.00,0.00,0.00,0.000000,0.000000,-0.18,1
97936,0.00,0.0,0.0,0.0,0.0000,0.0000,0.0000,0.0000,0.00,0.00,0.00,0.000000,0.000000,-0.19,1
97936,0.00,0.0,0.0,0.0,0.0000,0.0000,0.0000,0.0000,0.00,0.00,0.00,0.000000,0.000000,-0.19,1
97936,0.00,0.0,0.0,0.0,0.0000,0.0000,0.0000,0.0000,0.00,0.00,0.00,0.000000,0.000000,-0.19,1
97936,0.00,0.0,0.0,0.0,0.0000,0.0000,0.0000,0.0000,0.00,0.00,0.00,0.000000,0.000000,-0.19,1
97936,0.00,0.0,0.0,0.0,0.0000,0.0000,0.0000,0.0000,0.00,0.00,0.00,0.000000,0.000000,-0.19,1
97949,0.00,0.0,0.0,0.0,0.0000,0.0000,0.0000,0.0000,0.00,0.00,0.00,0.000000,0.000000,-0.19,1
97949,0.00,0.0,0.0,0.0,0.0000,0.0000,0.0000,0.0000,0.00,0.00,0.00,0.000000,0.000000,-0.19,1
97949,0.00,0.0,0.0,0.0,0.0000,0.0000,0.0000,0.0000,0.00,0.00,0.00,0.000000,0.000000,-0.19,1
97949,0.00,0.0,0.0,0.0,0.0000,0.0000,0.0000,0.0000,0.00,0.00,0.00,0.000000,0.000000,-0.19,1
97949,0.00,0.0,0.0,0.0,0.0000,0.0000,0.0000,0.0000,0.00,0.00,0.00,0.000000,0.000000,-0.19,1
97961,0.00,0.0,0.0,0.0,0.0000,0.0000,0.0000,0.0000,0.00,0.00,0.00,0.000000,0.000000,-0.19,1
97961,0.00,0.0,0.0,0.0,0.0000,0.0000,0.0000,0.0000,0.00,0.00,0.00,0.000000,0.000000,-0.19,1
97961,0.00,0.0,0.0,0.0,0.0000,0.0000,0.0000,0.0000,0.00,0.00,0.00,0.000000,0.000000,-0.19,1
97961,0.00,0.0,0.0,0.0,0.0000,0.0000,0.0000,0.0000,0.00,0.00,0.00,0.000000,0.000000,-0.19,1
97961,0.00,0.0,0.0,0.0,0.0000,0.0000,0.0000,0.0000,0.00,0.00,0.00,0.000000,0.000000,-0.19,1
97974,0.00,0.0,0.0,0.0,0.0000,0.0000,0.0000,0.0000,0.00,0.00,0.00,0.000000,0.000000,-0.19,1
97974,0.00,0.0,0.0,0.0,0.0000,0.0000,0.0000,0.0000,0.00,0.00,0.00,0.000000,0.000000,-0.19,1
97974,0.00,0.0,0.0,0.0,0.0000,0.0000,0.0000,0.0000,0.00,0.00,0.00,0.000000,0.000000,-0.19,1
97974,0.00,0.0,0.0,0.0,0.0000,0.0000,0.0000,0.0000,0.00,0.00,0.00,0.000000,0.000000,-0.19,1
97974,0.00,0.0,0.0,0.0,0.0000,0.0000,0.0000,0.0000,0.00,0.00,0.00,0.000000,0.000000,-0.19,1
97987,0.00,0.0,0.0,0.0,0.0000,0.0000,0.0000,0.0000,0.00,0.00,0.00,0.000000,0.000000,-0.19,1
97987,0.00,0.0,0.0,0.0,0.0000,0.0000,0.0000,0.0000,0.00,0.00,0.00,0.000000,0.000000,-0.19,1
97987,0.00,0.0,0.0,0.0,0.0000,0.0000,0.0000,0.0000,0.00,0.00,0.00,0.000000,0.000000,-0.19,1
97987,0.00,0.0,0.0,0.0,0.0000,0.0000,0.0000,0.0000,0.00,0.00,0.00,0.000000,0.000000,-0.19,1
97987,0.00,0.0,0.0,0.0,0.0000,0.0000,0.0000,0.0000,0.00,0.00,0.00,0.000000,0.000000,-0.19,1
98000,0.00,0.0,0.0,0.0,0.0000,0.0000,0.0000,0.0000,0.00,0.00,0.00,0.000000,0.000000,-0.19,1
98000,0.00,0.0,0.0,0.0,0.0000,0.0000,0.0000,0.0000,0.00,0.00,0.00,0.000000,0.000000,-0.19,1
98000,0.00,0.0,0.0,0.0,0.0000,0.0000,0.0000,0.0000,0.00,0.00,0.00,0.000000,0.000000,-0.19,1
98000,0.00,0.0,0.0,0.0,0.0000,0.0000,0.0000,0.0000,0.00,0.00,0.00,0.000000,0.000000,-0.19,1
98000,0.00,0.0,0.0,0.0,0.0000,0.0000,0.0000,0.0000,0.00,0.00,0.00,0.000000,0.000000,-0.19,1
98012,0.00,0.0,0.0,0.0,0.0000,0.0000,0.0000,0.0000,0.00,0.00,0.00,0.000000,0.000000,-0.19,1
98012,0.00,0.0,0.0,0.0,0.0000,0.0000,0.0000,0.0000,0.00,0.00,0.00,0.000000,0.000000,-0.19,1
98012,0.00,0.0,0.0,0.0,0.0000,0.0000,0.0000,0.0000,0.00,0.00,0.00,0.000000,0.000000,-0.19,1
98012,0.00,0.0,0.0,0.0,0.0000,0.0000,0.0000,0.0000,0.00,0.00,0.00,0.000000,0.000000,-0.19,1
98012,0.00,0.0,0.0,0.0,0.0000,0.0000,0.0000,0.0000,0.00,0.00,0.00,0.000000,0.000000,-0.19,1
98025,0.00,0.0,0.0,0.0,0.0000,0.0000,0.0000,0.0000,0.00,0.00,0.00,0.000000,0.000000,-0.19,1
98025,0.00,0.0,0.0,0.0,0.0000,0.0000,0.0000,0.0000,0.00,0.00,0.00,0.000000,0.000000,-0.19,1
98025,0.00,0.0,0.0,0.0,0.0000,0.0000,0.0000,0.0000,0.00,0.00,0.00,0.000000,0.000000,-0.19,1
98025,0.00,0.0,0.0,0.0,0.0000,0.0000,0.0000,0.0000,0.00,0.00,0.00,0.000000,0.000000,-0.19,1
98025,0.00,0.0,0.0,0.0,0.0000,0.0000,0.0000,0.0000,0.00,0.00,0.00,0.000000,0.000000,-0.19,1
98173,0.00,0.0,0.0,0.0,0.0000,0.0000,0.0000,0.0000,0.00,0.00,0.00,0.000000,0.000000,-0.18,1
98173,0.00,0.0,0.0,0.0,0.0000,0.0000,0.0000,0.0000,0.00,0.00,0.00,0.000000,0.000000,-0.18,1
98173,0.00,0.0,0.0,0.0,0.0000,0.0000,0.0000,0.0000,0.00,0.00,0.00,0.000000,0.000000,-0.18,1
98173,0.00,0.0,0.0,0.0,0.0000,0.0000,0.0000,0.0000,0.00,0.00,0.00,0.000000,0.000000,-0.18,1
98173,0.00,0.0,0.0,0.0,0.0000,0.0000,0.0000,0.0000,0.00,0.00,0.00,0.000000,0.000000,-0.18,1
98198,0.00,0.0,0.0,0.0,0.0000,0.0000,0.0000,0.0000,0.00,0.00,0.00,0.000000,0.000000,-0.19,1
98198,0.00,0.0,0.0,0.0,0.0000,0.0000,0.0000,0.0000,0.00,0.00,0.00,0.000000,0.000000,-0.19,1
98198,0.00,0.0,0.0,0.0,0.0000,0.0000,0.0000,0.0000,0.00,0.00,0.00,0.000000,0.000000,-0.19,1
98198,0.00,0.0,0.0,0.0,0.0000,0.0000,0.0000,0.0000,0.00,0.00,0.00,0.000000,0.000000,-0.19,1
98221,0.00,0.0,0.0,0.0,0.0000,0.0000,0.0000,0.0000,0.00,0.00,0.00,0.000000,0.000000,-0.19,1
98221,0.00,0.0,0.0,0.0,0.0000,0.0000,0.0000,0.0000,0.00,0.00,0.00,0.000000,0.000000,-0.19,1
98221,0.00,0.0,0.0,0.0,0.0000,0.0000,0.0000,0.0000,0.00,0.00,0.00,0.000000,0.000000,-0.19,1
98221,0.00,0.0,0.0,0.0,0.0000,0.0000,0.0000,0.0000,0.00,0.00,0.00,0.000000,0.000000,-0.19,1
98221,0.00,0.0,0.0,0.0,0.0000,0.0000,0.0000,0.0000,0.00,0.00,0.00,0.000000,0.000000,-0.19,1
98234,0.00,0.0,0.0,0.0,0.0000,0.0000,0.0000,0.0000,0.00,0.00,0.00,0.000000,0.000000,-0.19,1
98234,0.00,0.0,0.0,0.0,0.0000,0.0000,0.0000,0.0000,0.00,0.00,0.00,0.000000,0.000000,-0.19,1
98234,0.00,0.0,0.0,0.0,0.0000,0.0000,0.0000,0.0000,0.00,0.00,0.00,0.000000,0.000000,-0.19,1
98234,0.00,0.0,0.0,0.0,0.0000,0.0000,0.0000,0.0000,0.00,0.00,0.00,0.000000,0.000000,-0.19,1
98234,0.00,0.0,0.0,0.0,0.0000,0.0000,0.0000,0.0000,0.00,0.00,0.00,0.000000,0.000000,-0.19,1
98247,0.00,0.0,0.0,0.0,0.0000,0.0000,0.0000,0.0000,0.00,0.00,0.00,0.000000,0.000000,-0.19,1
98247,0.00,0.0,0.0,0.0,0.0000,0.0000,0.0000,0.0000,0.00,0.00,0.00,0.000000,0.000000,-0.19,1
98247,0.00,0.0,0.0,0.0,0.0000,0.0000,0.0000,0.0000,0.00,0.00,0.00,0.000000,0.000000,-0.19,1
98247,0.00,0.0,0.0,0.0,0.0000,0.0000,0.0000,0.0000,0.00,0.00,0.00,0.000000,0.000000,-0.19,1
98247,0.00,0.0,0.0,0.0,0.0000,0.0000,0.0000,0.0000,0.00,0.00,0.00,0.000000,0.000000,-0.19,1
98259,0.00,0.0,0.0,0.0,0.0000,0.0000,0.0000,0.0000,0.00,0.00,0.00,0.000000,0.000000,-0.19,1
98259,0.00,0.0,0.0,0.0,0.0000,0.0000,0.0000,0.0000,0.00,0.00,0.00,0.000000,0.000000,-0.19,1
98259,0.00,0.0,0.0,0.0,0.0000,0.0000,0.0000,0.0000,0.00,0.00,0.00,0.000000,0.000000,-0.19,1
98259,0.00,0.0,0.0,0.0,0.0000,0.0000,0.0000,0.0000,0.00,0.00,0.00,0.000000,0.000000,-0.19,1
98259,0.00,0.0,0.0,0.0,0.0000,0.0000,0.0000,0.0000,0.00,0.00,0.00,0.000000,0.000000,-0.19,1
98374,0.00,0.0,0.0,0.0,0.0000,0.0000,0.0000,0.0000,0.00,0.00,0.00,0.000000,0.000000,-0.19,1
98374,0.00,0.0,0.0,0.0,0.0000,0.0000,0.0000,0.0000,0.00,0.00,0.00,0.000000,0.000000,-0.19,1
98374,0.00,0.0,0.0,0.0,0.0000,0.0000,0.0000,0.0000,0.00,0.00,0.00,0.000000,0.000000,-0.19,1
98374,0.00,0.0,0.0,0.0,0.0000,0.0000,0.0000,0.0000,0.00,0.00,0.00,0.000000,0.000000,-0.19,1
98374,0.00,0.0,0.0,0.0,0.0000,0.0000,0.0000,0.0000,0.00,0.00,0.00,0.000000,0.000000,-0.19,1
98387,0.00,0.0,0.0,0.0,0.0000,0.0000,0.0000,0.0000,0.00,0.00,0.00,0.000000,0.000000,-0.19,1
98387,0.00,0.0,0.0,0.0,0.0000,0.0000,0.0000,0.0000,0.00,0.00,0.00,0.000000,0.000000,-0.19,1
98387,0.00,0.0,0.0,0.0,0.0000,0.0000,0.0000,0.0000,0.00,0.00,0.00,0.000000,0.000000,-0.19,1
98387,0.00,0.0,0.0,0.0,0.0000,0.0000,0.0000,0.0000,0.00,0.00,0.00,0.000000,0.000000,-0.19,1
98387,0.00,0.0,0.0,0.0,0.0000,0.0000,0.0000,0.0000,0.00,0.00,0.00,0.000000,0.000000,-0.19,1
98428,0.00,0.0,0.0,0.0,0.0000,0.0000,0.0000,0.0000,0.00,0.00,0.00,0.000000,0.000000,-0.19,1
98428,0.00,0.0,0.0,0.0,0.0000,0.0000,0.0000,0.0000,0.00,0.00,0.00,0.000000,0.000000,-0.19,1
98428,0.00,0.0,0.0,0.0,0.0000,0.0000,0.0000,0.0000,0.00,0.00,0.00,0.000000,0.000000,-0.19,1
98428,0.00,0.0,0.0,0.0,0.0000,0.0000,0.0000,0.0000,0.00,0.00,0.00,0.000000,0.000000,-0.19,1
98428,0.00,0.0,0.0,0.0,0.0000,0.0000,0.0000,0.0000,0.00,0.00,0.00,0.000000,0.000000,-0.19,1
98441,0.00,0.0,0.0,0.0,0.0000,0.0000,0.0000,0.0000,0.00,0.00,0.00,0.000000,0.000000,-0.19,1
98441,0.00,0.0,0.0,0.0,0.0000,0.0000,0.0000,0.0000,0.00,0.00,0.00,0.000000,0.000000,-0.19,1
98441,0.00,0.0,0.0,0.0,0.0000,0.0000,0.0000,0.0000,0.00,0.00,0.00,0.000000,0.000000,-0.19,1
98441,0.00,0.0,0.0,0.0,0.0000,0.0000,0.0000,0.0000,0.00,0.00,0.00,0.000000,0.000000,-0.19,1
98441,0.00,0.0,0.0,0.0,0.0000,0.0000,0.0000,0.0000,0.00,0.00,0.00,0.000000,0.000000,-0.19,1
98453,0.00,0.0,0.0,0.0,0.0000,0.0000,0.0000,0.0000,0.00,0.00,0.00,0.000000,0.000000,-0.19,1
98453,0.00,0.0,0.0,0.0,0.0000,0.0000,0.0000,0.0000,0.00,0.00,0.00,0.000000,0.000000,-0.19,1
98453,0.00,0.0,0.0,0.0,0.0000,0.0000,0.0000,0.0000,0.00,0.00,0.00,0.000000,0.000000,-0.19,1
98453,0.00,0.0,0.0,0.0,0.0000,0.0000,0.0000,0.0000,0.00,0.00,0.00,0.000000,0.000000,-0.19,1
98453,0.00,0.0,0.0,0.0,0.0000,0.0000,0.0000,0.0000,0.00,0.00,0.00,0.000000,0.000000,-0.19,1
98466,0.00,0.0,0.0,0.0,0.0000,0.0000,0.0000,0.0000,0.00,0.00,0.00,0.000000,0.000000,-0.19,1
98466,0.00,0.0,0.0,0.0,0.0000,0.0000,0.0000,0.0000,0.00,0.00,0.00,0.000000,0.000000,-0.19,1
98466,0.00,0.0,0.0,0.0,0.0000,0.0000,0.0000,0.0000,0.00,0.00,0.00,0.000000,0.000000,-0.19,1
98466,0.00,0.0,0.0,0.0,0.0000,0.0000,0.0000,0.0000,0.00,0.00,0.00,0.000000,0.000000,-0.19,1
98466,0.00,0.0,0.0,0.0,0.0000,0.0000,0.0000,0.0000,0.00,0.00,0.00,0.000000,0.000000,-0.19,1
98479,0.00,0.0,0.0,0.0,0.0000,0.0000,0.0000,0.0000,0.00,0.00,0.00,0.000000,0.000000,-0.19,1
98479,0.00,0.0,0.0,0.0,0.0000,0.0000,0.0000,0.0000,0.00,0.00,0.00,0.000000,0.000000,-0.19,1
98479,0.00,0.0,0.0,0.0,0.0000,0.0000,0.0000,0.0000,0.00,0.00,0.00,0.000000,0.000000,-0.19,1
98479,0.00,0.0,0.0,0.0,0.0000,0.0000,0.0000,0.0000,0.00,0.00,0.00,0.000000,0.000000,-0.19,1
98479,0.00,0.0,0.0,0.0,0.0000,0.0000,0.0000,0.0000,0.00,0.00,0.00,0.000000,0.000000,-0.19,1
98492,0.00,0.0,0.0,0.0,0.0000,0.0000,0.0000,0.0000,0.00,0.00,0.00,0.000000,0.000000,-0.19,1
98492,0.00,0.0,0.0,0.0,0.0000,0.0000,0.0000,0.0000,0.00,0.00,0.00,0.000000,0.000000,-0.19,1
98492,0.00,0.0,0.0,0.0,0.0000,0.0000,0.0000,0.0000,0.00,0.00,0.00,0.000000,0.000000,-0.19,1
98492,0.00,0.0,0.0,0.0,0.0000,0.0000,0.0000,0.0000,0.00,0.00,0.00,0.000000,0.000000,-0.19,1
98492,0.00,0.0,0.0,0.0,0.0000,0.0000,0.0000,0.0000,0.00,0.00,0.00,0.000000,0.000000,-0.19,1
98504,0.00,0.0,0.0,0.0,0.0000,0.0000,0.0000,0.0000,0.00,0.00,0.00,0.000000,0.000000,-0.19,1
98504,0.00,0.0,0.0,0.0,0.0000,0.0000,0.0000,0.0000,0.00,0.00,0.00,0.000000,0.000000,-0.19,1
98504,0.00,0.0,0.0,0.0,0.0000,0.0000,0.0000,0.0000,0.00,0.00,0.00,0.000000,0.000000,-0.19,1
98504,0.00,0.0,0.0,0.0,0.0000,0.0000,0.0000,0.0000,0.00,0.00,0.00,0.000000,0.000000,-0.19,1
98504,0.00,0.0,0.0,0.0,0.0000,0.0000,0.0000,0.0000,0.00,0.00,0.00,0.000000,0.000000,-0.19,1
98533,0.00,0.0,0.0,0.0,0.0000,0.0000,0.0000,0.0000,0.00,0.00,0.00,0.000000,0.000000,-0.19,1
98533,0.00,0.0,0.0,0.0,0.0000,0.0000,0.0000,0.0000,0.00,0.00,0.00,0.000000,0.000000,-0.19,1
98533,0.00,0.0,0.0,0.0,0.0000,0.0000,0.0000,0.0000,0.00,0.00,0.00,0.000000,0.000000,-0.19,1
98533,0.00,0.0,0.0,0.0,0.0000,0.0000,0.0000,0.0000,0.00,0.00,0.00,0.000000,0.000000,-0.19,1
98533,0.00,0.0,0.0,0.0,0.0000,0.0000,0.0000,0.0000,0.00,0.00,0.00,0.000000,0.000000,-0.19,1
98545,0.00,0.0,0.0,0.0,0.0000,0.0000,0.0000,0.0000,0.00,0.00,0.00,0.000000,0.000000,-0.19,1
98545,0.00,0.0,0.0,0.0,0.0000,0.0000,0.0000,0.0000,0.00,0.00,0.00,0.000000,0.000000,-0.19,1
98545,0.00,0.0,0.0,0.0,0.0000,0.0000,0.0000,0.0000,0.00,0.00,0.00,0.000000,0.000000,-0.19,1
98545,0.00,0.0,0.0,0.0,0.0000,0.0000,0.0000,0.0000,0.00,0.00,0.00,0.000000,0.000000,-0.19,1
98545,0.00,0.0,0.0,0.0,0.0000,0.0000,0.0000,0.0000,0.00,0.00,0.00,0.000000,0.000000,-0.19,1
98558,0.00,0.0,0.0,0.0,0.0000,0.0000,0.0000,0.0000,0.00,0.00,0.00,0.000000,0.000000,-0.19,1
98558,0.00,0.0,0.0,0.0,0.0000,0.0000,0.0000,0.0000,0.00,0.00,0.00,0.000000,0.000000,-0.19,1
98558,0.00,0.0,0.0,0.0,0.0000,0.0000,0.0000,0.0000,0.00,0.00,0.00,0.000000,0.000000,-0.19,1
98558,0.00,0.0,0.0,0.0,0.0000,0.0000,0.0000,0.0000,0.00,0.00,0.00,0.000000,0.000000,-0.19,1
98558,0.00,0.0,0.0,0.0,0.0000,0.0000,0.0000,0.0000,0.00,0.00,0.00,0.000000,0.000000,-0.19,1
98571,0.00,0.0,0.0,0.0,0.0000,0.0000,0.0000,0.0000,0.00,0.00,0.00,0.000000,0.000000,-0.19,1
98571,0.00,0.0,0.0,0.0,0.0000,0.0000,0.0000,0.0000,0.00,0.00,0.00,0.000000,0.000000,-0.19,1
98571,0.00,0.0,0.0,0.0,0.0000,0.0000,0.0000,0.0000,0.00,0.00,0.00,0.000000,0.000000,-0.19,1
98571,0.00,0.0,0.0,0.0,0.0000,0.0000,0.0000,0.0000,0.00,0.00,0.00,0.000000,0.000000,-0.19,1
98571,0.00,0.0,0.0,0.0,0.0000,0.0000,0.0000,0.0000,0.00,0.00,0.00,0.000000,0.000000,-0.19,1
98583,0.00,0.0,0.0,0.0,0.0000,0.0000,0.0000,0.0000,0.00,0.00,0.00,0.000000,0.000000,-0.19,1
98583,0.00,0.0,0.0,0.0,0.0000,0.0000,0.0000,0.0000,0.00,0.00,0.00,0.000000,0.000000,-0.19,1
98583,0.00,0.0,0.0,0.0,0.0000,0.0000,0.0000,0.0000,0.00,0.00,0.00,0.000000,0.000000,-0.19,1
98583,0.00,0.0,0.0,0.0,0.0000,0.0000,0.0000,0.0000,0.00,0.00,0.00,0.000000,0.000000,-0.19,1
98583,0.00,0.0,0.0,0.0,0.0000,0.0000,0.0000,0.0000,0.00,0.00,0.00,0.000000,0.000000,-0.19,1
98596,0.00,0.0,0.0,0.0,0.0000,0.0000,0.0000,0.0000,0.00,0.00,0.00,0.000000,0.000000,-0.19,1
98596,0.00,0.0,0.0,0.0,0.0000,0.0000,0.0000,0.0000,0.00,0.00,0.00,0.000000,0.000000,-0.19,1
98596,0.00,0.0,0.0,0.0,0.0000,0.0000,0.0000,0.0000,0.00,0.00,0.00,0.000000,0.000000,-0.19,1
98596,0.00,0.0,0.0,0.0,0.0000,0.0000,0.0000,0.0000,0.00,0.00,0.00,0.000000,0.000000,-0.19,1
98596,0.00,0.0,0.0,0.0,0.0000,0.0000,0.0000,0.0000,0.00,0.00,0.00,0.000000,0.000000,-0.19,1
98609,0.00,0.0,0.0,0.0,0.0000,0.0000,0.0000,0.0000,0.00,0.00,0.00,0.000000,0.000000,-0.19,1
98609,0.00,0.0,0.0,0.0,0.0000,0.0000,0.0000,0.0000,0.00,0.00,0.00,0.000000,0.000000,-0.19,1
98609,0.00,0.0,0.0,0.0,0.0000,0.0000,0.0000,0.0000,0.00,0.00,0.00,0.000000,0.000000,-0.19,1
98609,0.00,0.0,0.0,0.0,0.0000,0.0000,0.0000,0.0000,0.00,0.00,0.00,0.000000,0.000000,-0.19,1
98609,0.00,0.0,0.0,0.0,0.0000,0.0000,0.0000,0.0000,0.00,0.00,0.00,0.000000,0.000000,-0.19,1
98622,0.00,0.0,0.0,0.0,0.0000,0.0000,0.0000,0.0000,0.00,0.00,0.00,0.000000,0.000000,-0.19,1
98622,0.00,0.0,0.0,0.0,0.0000,0.0000,0.0000,0.0000,0.00,0.00,0.00,0.000000,0.000000,-0.19,1
98622,0.00,0.0,0.0,0.0,0.0000,0.0000,0.0000,0.0000,0.00,0.00,0.00,0.000000,0.000000,-0.19,1
98622,0.00,0.0,0.0,0.0,0.0000,0.0000,0.0000,0.0000,0.00,0.00,0.00,0.000000,0.000000,-0.19,1
98622,0.00,0.0,0.0,0.0,0.0000,0.0000,0.0000,0.0000,0.00,0.00,0.00,0.000000,0.000000,-0.19,1
98634,0.00,0.0,0.0,0.0,0.0000,0.0000,0.0000,0.0000,0.00,0.00,0.00,0.000000,0.000000,-0.19,1
98634,0.00,0.0,0.0,0.0,0.0000,0.0000,0.0000,0.0000,0.00,0.00,0.00,0.000000,0.000000,-0.19,1
98634,0.00,0.0,0.0,0.0,0.0000,0.0000,0.0000,0.0000,0.00,0.00,0.00,0.000000,0.000000,-0.19,1
98634,0.00,0.0,0.0,0.0,0.0000,0.0000,0.0000,0.0000,0.00,0.00,0.00,0.000000,0.000000,-0.19,1
98634,0.00,0.0,0.0,0.0,0.0000,0.0000,0.0000,0.0000,0.00,0.00,0.00,0.000000,0.000000,-0.19,1
98647,0.00,0.0,0.0,0.0,0.0000,0.0000,0.0000,0.0000,0.00,0.00,0.00,0.000000,0.000000,-0.19,1
98647,0.00,0.0,0.0,0.0,0.0000,0.0000,0.0000,0.0000,0.00,0.00,0.00,0.000000,0.000000,-0.19,1
98647,0.00,0.0,0.0,0.0,0.0000,0.0000,0.0000,0.0000,0.00,0.00,0.00,0.000000,0.000000,-0.19,1
98647,0.00,0.0,0.0,0.0,0.0000,0.0000,0.0000,0.0000,0.00,0.00,0.00,0.000000,0.000000,-0.19,1
98647,0.00,0.0,0.0,0.0,0.0000,0.0000,0.0000,0.0000,0.00,0.00,0.00,0.000000,0.000000,-0.19,1
98660,0.00,0.0,0.0,0.0,0.0000,0.0000,0.0000,0.0000,0.00,0.00,0.00,0.000000,0.000000,-0.19,1
98660,0.00,0.0,0.0,0.0,0.0000,0.0000,0.0000,0.0000,0.00,0.00,0.00,0.000000,0.000000,-0.19,1
98660,0.00,0.0,0.0,0.0,0.0000,0.0000,0.0000,0.0000,0.00,0.00,0.00,0.000000,0.000000,-0.19,1
98660,0.00,0.0,0.0,0.0,0.0000,0.0000,0.0000,0.0000,0.00,0.00,0.00,0.000000,0.000000,-0.19,1
98660,0.00,0.0,0.0,0.0,0.0000,0.0000,0.0000,0.0000,0.00,0.00,0.00,0.000000,0.000000,-0.19,1
98673,0.00,0.0,0.0,0.0,0.0000,0.0000,0.0000,0.0000,0.00,0.00,0.00,0.000000,0.000000,-0.19,1
98673,0.00,0.0,0.0,0.0,0.0000,0.0000,0.0000,0.0000,0.00,0.00,0.00,0.000000,0.000000,-0.19,1
98673,0.00,0.0,0.0,0.0,0.0000,0.0000,0.0000,0.0000,0.00,0.00,0.00,0.000000,0.000000,-0.19,1
98673,0.00,0.0,0.0,0.0,0.0000,0.0000,0.0000,0.0000,0.00,0.00,0.00,0.000000,0.000000,-0.19,1
98673,0.00,0.0,0.0,0.0,0.0000,0.0000,0.0000,0.0000,0.00,0.00,0.00,0.000000,0.000000,-0.19,1
98686,0.00,0.0,0.0,0.0,0.0000,0.0000,0.0000,0.0000,0.00,0.00,0.00,0.000000,0.000000,-0.19,1
98686,0.00,0.0,0.0,0.0,0.0000,0.0000,0.0000,0.0000,0.00,0.00,0.00,0.000000,0.000000,-0.19,1
98686,0.00,0.0,0.0,0.0,0.0000,0.0000,0.0000,0.0000,0.00,0.00,0.00,0.000000,0.000000,-0.19,1
98686,0.00,0.0,0.0,0.0,0.0000,0.0000,0.0000,0.0000,0.00,0.00,0.00,0.000000,0.000000,-0.19,1
98686,0.00,0.0,0.0,0.0,0.0000,0.0000,0.0000,0.0000,0.00,0.00,0.00,0.000000,0.000000,-0.19,1
98698,0.00,0.0,0.0,0.0,0.0000,0.0000,0.0000,0.0000,0.00,0.00,0.00,0.000000,0.000000,-0.19,1
98698,0.00,0.0,0.0,0.0,0.0000,0.0000,0.0000,0.0000,0.00,0.00,0.00,0.000000,0.000000,-0.19,1
98698,0.00,0.0,0.0,0.0,0.0000,0.0000,0.0000,0.0000,0.00,0.00,0.00,0.000000,0.000000,-0.19,1
98698,0.00,0.0,0.0,0.0,0.0000,0.0000,0.0000,0.0000,0.00,0.00,0.00,0.000000,0.000000,-0.19,1
98698,0.00,0.0,0.0,0.0,0.0000,0.0000,0.0000,0.0000,0.00,0.00,0.00,0.000000,0.000000,-0.19,1
98711,0.00,0.0,0.0,0.0,0.0000,0.0000,0.0000,0.0000,0.00,0.00,0.00,0.000000,0.000000,-0.19,1
98711,0.00,0.0,0.0,0.0,0.0000,0.0000,0.0000,0.0000,0.00,0.00,0.00,0.000000,0.000000,-0.19,1
98711,0.00,0.0,0.0,0.0,0.0000,0.0000,0.0000,0.0000,0.00,0.00,0.00,0.000000,0.000000,-0.19,1
98711,0.00,0.0,0.0,0.0,0.0000,0.0000,0.0000,0.0000,0.00,0.00,0.00,0.000000,0.000000,-0.19,1
98711,0.00,0.0,0.0,0.0,0.0000,0.0000,0.0000,0.0000,0.00,0.00,0.00,0.000000,0.000000,-0.19,1
98724,0.00,0.0,0.0,0.0,0.0000,0.0000,0.0000,0.0000,0.00,0.00,0.00,0.000000,0.000000,-0.19,1
98724,0.00,0.0,0.0,0.0,0.0000,0.0000,0.0000,0.0000,0.00,0.00,0.00,0.000000,0.000000,-0.19,1
98724,0.00,0.0,0.0,0.0,0.0000,0.0000,0.0000,0.0000,0.00,0.00,0.00,0.000000,0.000000,-0.19,1
98724,0.00,0.0,0.0,0.0,0.0000,0.0000,0.0000,0.0000,0.00,0.00,0.00,0.000000,0.000000,-0.19,1
98724,0.00,0.0,0.0,0.0,0.0000,0.0000,0.0000,0.0000,0.00,0.00,0.00,0.000000,0.000000,-0.19,1
98737,0.00,0.0,0.0,0.0,0.0000,0.0000,0.0000,0.0000,0.00,0.00,0.00,0.000000,0.000000,-0.19,1
98737,0.00,0.0,0.0,0.0,0.0000,0.0000,0.0000,0.0000,0.00,0.00,0.00,0.000000,0.000000,-0.19,1
98737,0.00,0.0,0.0,0.0,0.0000,0.0000,0.0000,0.0000,0.00,0.00,0.00,0.000000,0.000000,-0.19,1
98737,0.00,0.0,0.0,0.0,0.0000,0.0000,0.0000,0.0000,0.00,0.00,0.00,0.000000,0.000000,-0.19,1
98737,0.00,0.0,0.0,0.0,0.0000,0.0000,0.0000,0.0000,0.00,0.00,0.00,0.000000,0.000000,-0.19,1
98749,0.00,0.0,0.0,0.0,0.0000,0.0000,0.0000,0.0000,0.00,0.00,0.00,0.000000,0.000000,-0.19,1
98749,0.00,0.0,0.0,0.0,0.0000,0.0000,0.0000,0.0000,0.00,0.00,0.00,0.000000,0.000000,-0.19,1
98749,0.00,0.0,0.0,0.0,0.0000,0.0000,0.0000,0.0000,0.00,0.00,0.00,0.000000,0.000000,-0.19,1
98749,0.00,0.0,0.0,0.0,0.0000,0.0000,0.0000,0.0000,0.00,0.00,0.00,0.000000,0.000000,-0.19,1
98749,0.00,0.0,0.0,0.0,0.0000,0.0000,0.0000,0.0000,0.00,0.00,0.00,0.000000,0.000000,-0.19,1
98762,0.00,0.0,0.0,0.0,0.0000,0.0000,0.0000,0.0000,0.00,0.00,0.00,0.000000,0.000000,-0.19,1
98762,0.00,0.0,0.0,0.0,0.0000,0.0000,0.0000,0.0000,0.00,0.00,0.00,0.000000,0.000000,-0.19,1
98762,0.00,0.0,0.0,0.0,0.0000,0.0000,0.0000,0.0000,0.00,0.00,0.00,0.000000,0.000000,-0.19,1
98762,0.00,0.0,0.0,0.0,0.0000,0.0000,0.0000,0.0000,0.00,0.00,0.00,0.000000,0.000000,-0.19,1
98762,0.00,0.0,0.0,0.0,0.0000,0.0000,0.0000,0.0000,0.00,0.00,0.00,0.000000,0.000000,-0.19,1
98775,0.00,0.0,0.0,0.0,0.0000,0.0000,0.0000,0.0000,0.00,0.00,0.00,0.000000,0.000000,-0.19,1
98775,0.00,0.0,0.0,0.0,0.0000,0.0000,0.0000,0.0000,0.00,0.00,0.00,0.000000,0.000000,-0.19,1
98775,0.00,0.0,0.0,0.0,0.0000,0.0000,0.0000,0.0000,0.00,0.00,0.00,0.000000,0.000000,-0.19,1
98775,0.00,0.0,0.0,0.0,0.0000,0.0000,0.0000,0.0000,0.00,0.00,0.00,0.000000,0.000000,-0.19,1
98775,0.00,0.0,0.0,0.0,0.0000,0.0000,0.0000,0.0000,0.00,0.00,0.00,0.000000,0.000000,-0.19,1
98788,0.00,0.0,0.0,0.0,0.0000,0.0000,0.0000,0.0000,0.00,0.00,0.00,0.000000,0.000000,-0.19,1
98788,0.00,0.0,0.0,0.0,0.0000,0.0000,0.0000,0.0000,0.00,0.00,0.00,0.000000,0.000000,-0.19,1
98788,0.00,0.0,0.0,0.0,0.0000,0.0000,0.0000,0.0000,0.00,0.00,0.00,0.000000,0.000000,-0.19,1
98788,0.00,0.0,0.0,0.0,0.0000,0.0000,0.0000,0.0000,0.00,0.00,0.00,0.000000,0.000000,-0.19,1
98788,0.00,0.0,0.0,0.0,0.0000,0.0000,0.0000,0.0000,0.00,0.00,0.00,0.000000,0.000000,-0.19,1
98800,0.00,0.0,0.0,0.0,0.0000,0.0000,0.0000,0.0000,0.00,0.00,0.00,0.000000,0.000000,-0.19,1
98800,0.00,0.0,0.0,0.0,0.0000,0.0000,0.0000,0.0000,0.00,0.00,0.00,0.000000,0.000000,-0.19,1
98800,0.00,0.0,0.0,0.0,0.0000,0.0000,0.0000,0.0000,0.00,0.00,0.00,0.000000,0.000000,-0.19,1
98800,0.00,0.0,0.0,0.0,0.0000,0.0000,0.0000,0.0000,0.00,0.00,0.00,0.000000,0.000000,-0.19,1
98800,0.00,0.0,0.0,0.0,0.0000,0.0000,0.0000,0.0000,0.00,0.00,0.00,0.000000,0.000000,-0.19,1
98813,0.00,0.0,0.0,0.0,0.0000,0.0000,0.0000,0.0000,0.00,0.00,0.00,0.000000,0.000000,-0.19,1
98813,0.00,0.0,0.0,0.0,0.0000,0.0000,0.0000,0.0000,0.00,0.00,0.00,0.000000,0.000000,-0.19,1
98813,0.00,0.0,0.0,0.0,0.0000,0.0000,0.0000,0.0000,0.00,0.00,0.00,0.000000,0.000000,-0.19,1
98813,0.00,0.0,0.0,0.0,0.0000,0.0000,0.0000,0.0000,0.00,0.00,0.00,0.000000,0.000000,-0.19,1
98813,0.00,0.0,0.0,0.0,0.0000,0.0000,0.0000,0.0000,0.00,0.00,0.00,0.000000,0.000000,-0.19,1
98826,0.00,0.0,0.0,0.0,0.0000,0.0000,0.0000,0.0000,0.00,0.00,0.00,0.000000,0.000000,-0.19,1
98826,0.00,0.0,0.0,0.0,0.0000,0.0000,0.0000,0.0000,0.00,0.00,0.00,0.000000,0.000000,-0.19,1
98826,0.00,0.0,0.0,0.0,0.0000,0.0000,0.0000,0.0000,0.00,0.00,0.00,0.000000,0.000000,-0.19,1
98826,0.00,0.0,0.0,0.0,0.0000,0.0000,0.0000,0.0000,0.00,0.00,0.00,0.000000,0.000000,-0.19,1
98826,0.00,0.0,0.0,0.0,0.0000,0.0000,0.0000,0.0000,0.00,0.00,0.00,0.000000,0.000000,-0.19,1
98839,0.00,0.0,0.0,0.0,0.0000,0.0000,0.0000,0.0000,0.00,0.00,0.00,0.000000,0.000000,-0.19,1
98839,0.00,0.0,0.0,0.0,0.0000,0.0000,0.0000,0.0000,0.00,0.00,0.00,0.000000,0.000000,-0.19,1
98839,0.00,0.0,0.0,0.0,0.0000,0.0000,0.0000,0.0000,0.00,0.00,0.00,0.000000,0.000000,-0.19,1
98839,0.00,0.0,0.0,0.0,0.0000,0.0000,0.0000,0.0000,0.00,0.00,0.00,0.000000,0.000000,-0.19,1
98839,0.00,0.0,0.0,0.0,0.0000,0.0000,0.0000,0.0000,0.00,0.00,0.00,0.000000,0.000000,-0.19,1
98851,0.00,0.0,0.0,0.0,0.0000,0.0000,0.0000,0.0000,0.00,0.00,0.00,0.000000,0.000000,-0.19,1
98851,0.00,0.0,0.0,0.0,0.0000,0.0000,0.0000,0.0000,0.00,0.00,0.00,0.000000,0.000000,-0.19,1
98851,0.00,0.0,0.0,0.0,0.0000,0.0000,0.0000,0.0000,0.00,0.00,0.00,0.000000,0.000000,-0.19,1
98851,0.00,0.0,0.0,0.0,0.0000,0.0000,0.0000,0.0000,0.00,0.00,0.00,0.000000,0.000000,-0.19,1
98851,0.00,0.0,0.0,0.0,0.0000,0.0000,0.0000,0.0000,0.00,0.00,0.00,0.000000,0.000000,-0.19,1
