tx_timestamp_ms,distance,roll,pitch,yaw,quat_w,quat_x,quat_y,quat_z,accel_x,accel_y,accel_z,latitude,longitude,altitude,flags_raw
33997,1.96,0.0,0.0,0.0,0.0000,0.0000,0.0000,0.0000,0.00,0.00,0.00,0.000000,0.000000,-0.07,1
33997,1.96,0.0,0.0,0.0,0.0000,0.0000,0.0000,0.0000,0.00,0.00,0.00,0.000000,0.000000,-0.07,1
33997,1.88,0.0,0.0,0.0,0.0000,0.0000,0.0000,0.0000,0.00,0.00,0.00,0.000000,0.000000,-0.07,1
33997,1.88,0.0,0.0,0.0,0.0000,0.0000,0.0000,0.0000,0.00,0.00,0.00,0.000000,0.000000,-0.07,1
33997,1.88,0.0,0.0,0.0,0.0000,0.0000,0.0000,0.0000,0.00,0.00,0.00,0.000000,0.000000,-0.07,1
34010,1.88,0.0,0.0,0.0,0.0000,0.0000,0.0000,0.0000,0.00,0.00,0.00,0.000000,0.000000,-0.07,1
34010,1.88,0.0,0.0,0.0,0.0000,0.0000,0.0000,0.0000,0.00,0.00,0.00,0.000000,0.000000,-0.07,1
34010,1.88,0.0,0.0,0.0,0.0000,0.0000,0.0000,0.0000,0.00,0.00,0.00,0.000000,0.000000,-0.07,1
34010,1.88,0.0,0.0,0.0,0.0000,0.0000,0.0000,0.0000,0.00,0.00,0.00,0.000000,0.000000,-0.07,1
34010,1.88,0.0,0.0,0.0,0.0000,0.0000,0.0000,0.0000,0.00,0.00,0.00,0.000000,0.000000,-0.07,1
34022,1.88,0.0,0.0,0.0,0.0000,0.0000,0.0000,0.0000,0.00,0.00,0.00,0.000000,0.000000,-0.07,1
34022,1.88,0.0,0.0,0.0,0.0000,0.0000,0.0000,0.0000,0.00,0.00,0.00,0.000000,0.000000,-0.07,1
34022,1.88,0.0,0.0,0.0,0.0000,0.0000,0.0000,0.0000,0.00,0.00,0.00,0.000000,0.000000,-0.07,1
34022,1.88,0.0,0.0,0.0,0.0000,0.0000,0.0000,0.0000,0.00,0.00,0.00,0.000000,0.000000,-0.07,1
34022,1.88,0.0,0.0,0.0,0.0000,0.0000,0.0000,0.0000,0.00,0.00,0.00,0.000000,0.000000,-0.07,1
34035,1.88,0.0,0.0,0.0,0.0000,0.0000,0.0000,0.0000,0.00,0.00,0.00,0.000000,0.000000,-0.07,1
34035,1.88,0.0,0.0,0.0,0.0000,0.0000,0.0000,0.0000,0.00,0.00,0.00,0.000000,0.000000,-0.07,1
34035,1.88,0.0,0.0,0.0,0.0000,0.0000,0.0000,0.0000,0.00,0.00,0.00,0.000000,0.000000,-0.07,1
34035,1.88,0.0,0.0,0.0,0.0000,0.0000,0.0000,0.0000,0.00,0.00,0.00,0.000000,0.000000,-0.07,1
34035,1.88,0.0,0.0,0.0,0.0000,0.0000,0.0000,0.0000,0.00,0.00,0.00,0.000000,0.000000,-0.07,1
34048,1.88,0.0,0.0,0.0,0.0000,0.0000,0.0000,0.0000,0.00,0.00,0.00,0.000000,0.000000,-0.07,1
34048,1.88,0.0,0.0,0.0,0.0000,0.0000,0.0000,0.0000,0.00,0.00,0.00,0.000000,0.000000,-0.07,1
34048,1.88,0.0,0.0,0.0,0.0000,0.0000,0.0000,0.0000,0.00,0.00,0.00,0.000000,0.000000,-0.07,1
34048,1.88,0.0,0.0,0.0,0.0000,0.0000,0.0000,0.0000,0.00,0.00,0.00,0.000000,0.000000,-0.07,1
34048,1.88,0.0,0.0,0.0,0.0000,0.0000,0.0000,0.0000,0.00,0.00,0.00,0.000000,0.000000,-0.07,1
34061,1.88,0.0,0.0,0.0,0.0000,0.0000,0.0000,0.0000,0.00,0.00,0.00,0.000000,0.000000,-0.07,1
34061,1.88,0.0,0.0,0.0,0.0000,0.0000,0.0000,0.0000,0.00,0.00,0.00,0.000000,0.000000,-0.07,1
34061,1.88,0.0,0.0,0.0,0.0000,0.0000,0.0000,0.0000,0.00,0.00,0.00,0.000000,0.000000,-0.07,1
34061,1.88,0.0,0.0,0.0,0.0000,0.0000,0.0000,0.0000,0.00,0.00,0.00,0.000000,0.000000,-0.07,1
34061,1.88,0.0,0.0,0.0,0.0000,0.0000,0.0000,0.0000,0.00,0.00,0.00,0.000000,0.000000,-0.07,1
34073,1.88,0.0,0.0,0.0,0.0000,0.0000,0.0000,0.0000,0.00,0.00,0.00,0.000000,0.000000,-0.07,1
34073,1.88,0.0,0.0,0.0,0.0000,0.0000,0.0000,0.0000,0.00,0.00,0.00,0.000000,0.000000,-0.07,1
34073,1.88,0.0,0.0,0.0,0.0000,0.0000,0.0000,0.0000,0.00,0.00,0.00,0.000000,0.000000,-0.07,1
34073,1.88,0.0,0.0,0.0,0.0000,0.0000,0.0000,0.0000,0.00,0.00,0.00,0.000000,0.000000,-0.07,1
34073,1.88,0.0,0.0,0.0,0.0000,0.0000,0.0000,0.0000,0.00,0.00,0.00,0.000000,0.000000,-0.07,1
34086,1.88,0.0,0.0,0.0,0.0000,0.0000,0.0000,0.0000,0.00,0.00,0.00,0.000000,0.000000,-0.07,1
34086,1.88,0.0,0.0,0.0,0.0000,0.0000,0.0000,0.0000,0.00,0.00,0.00,0.000000,0.000000,-0.07,1
34086,1.88,0.0,0.0,0.0,0.0000,0.0000,0.0000,0.0000,0.00,0.00,0.00,0.000000,0.000000,-0.07,1
34086,1.88,0.0,0.0,0.0,0.0000,0.0000,0.0000,0.0000,0.00,0.00,0.00,0.000000,0.000000,-0.07,1
34086,1.88,0.0,0.0,0.0,0.0000,0.0000,0.0000,0.0000,0.00,0.00,0.00,0.000000,0.000000,-0.07,1
34186,1.88,0.0,0.0,0.0,0.0000,0.0000,0.0000,0.0000,0.00,0.00,0.00,0.000000,0.000000,-0.08,1
34186,1.88,0.0,0.0,0.0,0.0000,0.0000,0.0000,0.0000,0.00,0.00,0.00,0.000000,0.000000,-0.08,1
34186,1.88,0.0,0.0,0.0,0.0000,0.0000,0.0000,0.0000,0.00,0.00,0.00,0.000000,0.000000,-0.08,1
34186,1.88,0.0,0.0,0.0,0.0000,0.0000,0.0000,0.0000,0.00,0.00,0.00,0.000000,0.000000,-0.08,1
34186,1.88,0.0,0.0,0.0,0.0000,0.0000,0.0000,0.0000,0.00,0.00,0.00,0.000000,0.000000,-0.08,1
34186,1.88,0.0,0.0,0.0,0.0000,0.0000,0.0000,0.0000,0.00,0.00,0.00,0.000000,0.000000,-0.08,1
34186,1.88,0.0,0.0,0.0,0.0000,0.0000,0.0000,0.0000,0.00,0.00,0.00,0.000000,0.000000,-0.08,1
34186,1.88,0.0,0.0,0.0,0.0000,0.0000,0.0000,0.0000,0.00,0.00,0.00,0.000000,0.000000,-0.08,1
34186,1.88,0.0,0.0,0.0,0.0000,0.0000,0.0000,0.0000,0.00,0.00,0.00,0.000000,0.000000,-0.08,1
34186,1.88,0.0,0.0,0.0,0.0000,0.0000,0.0000,0.0000,0.00,0.00,0.00,0.000000,0.000000,-0.08,1
34186,1.88,0.0,0.0,0.0,0.0000,0.0000,0.0000,0.0000,0.00,0.00,0.00,0.000000,0.000000,-0.08,1
34186,1.88,0.0,0.0,0.0,0.0000,0.0000,0.0000,0.0000,0.00,0.00,0.00,0.000000,0.000000,-0.08,1
34186,1.88,0.0,0.0,0.0,0.0000,0.0000,0.0000,0.0000,0.00,0.00,0.00,0.000000,0.000000,-0.08,1
34186,1.88,0.0,0.0,0.0,0.0000,0.0000,0.0000,0.0000,0.00,0.00,0.00,0.000000,0.000000,-0.08,1
34186,1.88,0.0,0.0,0.0,0.0000,0.0000,0.0000,0.0000,0.00,0.00,0.00,0.000000,0.000000,-0.08,1
34186,1.88,0.0,0.0,0.0,0.0000,0.0000,0.0000,0.0000,0.00,0.00,0.00,0.000000,0.000000,-0.08,1
34186,1.88,0.0,0.0,0.0,0.0000,0.0000,0.0000,0.0000,0.00,0.00,0.00,0.000000,0.000000,-0.08,1
34186,1.88,0.0,0.0,0.0,0.0000,0.0000,0.0000,0.0000,0.00,0.00,0.00,0.000000,0.000000,-0.08,1
34186,1.88,0.0,0.0,0.0,0.0000,0.0000,0.0000,0.0000,0.00,0.00,0.00,0.000000,0.000000,-0.08,1
34186,1.88,0.0,0.0,0.0,0.0000,0.0000,0.0000,0.0000,0.00,0.00,0.00,0.000000,0.000000,-0.08,1
34186,1.88,0.0,0.0,0.0,0.0000,0.0000,0.0000,0.0000,0.00,0.00,0.00,0.000000,0.000000,-0.08,1
34186,1.88,0.0,0.0,0.0,0.0000,0.0000,0.0000,0.0000,0.00,0.00,0.00,0.000000,0.000000,-0.08,1
34186,1.88,0.0,0.0,0.0,0.0000,0.0000,0.0000,0.0000,0.00,0.00,0.00,0.000000,0.000000,-0.08,1
34186,1.88,0.0,0.0,0.0,0.0000,0.0000,0.0000,0.0000,0.00,0.00,0.00,0.000000,0.000000,-0.08,1
34186,1.88,0.0,0.0,0.0,0.0000,0.0000,0.0000,0.0000,0.00,0.00,0.00,0.000000,0.000000,-0.08,1
34186,1.88,0.0,0.0,0.0,0.0000,0.0000,0.0000,0.0000,0.00,0.00,0.00,0.000000,0.000000,-0.08,1
34186,1.88,0.0,0.0,0.0,0.0000,0.0000,0.0000,0.0000,0.00,0.00,0.00,0.000000,0.000000,-0.08,1
34186,1.88,0.0,0.0,0.0,0.0000,0.0000,0.0000,0.0000,0.00,0.00,0.00,0.000000,0.000000,-0.08,1
34186,1.88,0.0,0.0,0.0,0.0000,0.0000,0.0000,0.0000,0.00,0.00,0.00,0.000000,0.000000,-0.08,1
34186,1.88,0.0,0.0,0.0,0.0000,0.0000,0.0000,0.0000,0.00,0.00,0.00,0.000000,0.000000,-0.08,1
34186,1.88,0.0,0.0,0.0,0.0000,0.0000,0.0000,0.0000,0.00,0.00,0.00,0.000000,0.000000,-0.08,1
34186,1.88,0.0,0.0,0.0,0.0000,0.0000,0.0000,0.0000,0.00,0.00,0.00,0.000000,0.000000,-0.08,1
34186,1.88,0.0,0.0,0.0,0.0000,0.0000,0.0000,0.0000,0.00,0.00,0.00,0.000000,0.000000,-0.08,1
34186,1.88,0.0,0.0,0.0,0.0000,0.0000,0.0000,0.0000,0.00,0.00,0.00,0.000000,0.000000,-0.08,1
34186,1.88,0.0,0.0,0.0,0.0000,0.0000,0.0000,0.0000,0.00,0.00,0.00,0.000000,0.000000,-0.08,1
34188,1.88,0.0,0.0,0.0,0.0000,0.0000,0.0000,0.0000,0.00,0.00,0.00,0.000000,0.000000,-0.08,1
34188,1.88,0.0,0.0,0.0,0.0000,0.0000,0.0000,0.0000,0.00,0.00,0.00,0.000000,0.000000,-0.08,1
34201,1.88,0.0,0.0,0.0,0.0000,0.0000,0.0000,0.0000,0.00,0.00,0.00,0.000000,0.000000,-0.08,1
34201,1.88,0.0,0.0,0.0,0.0000,0.0000,0.0000,0.0000,0.00,0.00,0.00,0.000000,0.000000,-0.08,1
34201,1.88,0.0,0.0,0.0,0.0000,0.0000,0.0000,0.0000,0.00,0.00,0.00,0.000000,0.000000,-0.08,1
34201,1.88,0.0,0.0,0.0,0.0000,0.0000,0.0000,0.0000,0.00,0.00,0.00,0.000000,0.000000,-0.08,1
34201,1.88,0.0,0.0,0.0,0.0000,0.0000,0.0000,0.0000,0.00,0.00,0.00,0.000000,0.000000,-0.08,1
34214,1.88,0.0,0.0,0.0,0.0000,0.0000,0.0000,0.0000,0.00,0.00,0.00,0.000000,0.000000,-0.08,1
34214,1.88,0.0,0.0,0.0,0.0000,0.0000,0.0000,0.0000,0.00,0.00,0.00,0.000000,0.000000,-0.08,1
34214,1.88,0.0,0.0,0.0,0.0000,0.0000,0.0000,0.0000,0.00,0.00,0.00,0.000000,0.000000,-0.08,1
34214,1.88,0.0,0.0,0.0,0.0000,0.0000,0.0000,0.0000,0.00,0.00,0.00,0.000000,0.000000,-0.08,1
34214,1.88,0.0,0.0,0.0,0.0000,0.0000,0.0000,0.0000,0.00,0.00,0.00,0.000000,0.000000,-0.08,1
34226,1.88,0.0,0.0,0.0,0.0000,0.0000,0.0000,0.0000,0.00,0.00,0.00,0.000000,0.000000,-0.08,1
34226,1.88,0.0,0.0,0.0,0.0000,0.0000,0.0000,0.0000,0.00,0.00,0.00,0.000000,0.000000,-0.08,1
34226,1.88,0.0,0.0,0.0,0.0000,0.0000,0.0000,0.0000,0.00,0.00,0.00,0.000000,0.000000,-0.08,1
34226,1.88,0.0,0.0,0.0,0.0000,0.0000,0.0000,0.0000,0.00,0.00,0.00,0.000000,0.000000,-0.08,1
34226,1.88,0.0,0.0,0.0,0.0000,0.0000,0.0000,0.0000,0.00,0.00,0.00,0.000000,0.000000,-0.08,1
34239,1.88,0.0,0.0,0.0,0.0000,0.0000,0.0000,0.0000,0.00,0.00,0.00,0.000000,0.000000,-0.08,1
34239,1.88,0.0,0.0,0.0,0.0000,0.0000,0.0000,0.0000,0.00,0.00,0.00,0.000000,0.000000,-0.08,1
34239,1.88,0.0,0.0,0.0,0.0000,0.0000,0.0000,0.0000,0.00,0.00,0.00,0.000000,0.000000,-0.08,1
34239,1.88,0.0,0.0,0.0,0.0000,0.0000,0.0000,0.0000,0.00,0.00,0.00,0.000000,0.000000,-0.08,1
34239,1.88,0.0,0.0,0.0,0.0000,0.0000,0.0000,0.0000,0.00,0.00,0.00,0.000000,0.000000,-0.08,1
34252,1.88,0.0,0.0,0.0,0.0000,0.0000,0.0000,0.0000,0.00,0.00,0.00,0.000000,0.000000,-0.08,1
34252,1.86,0.0,0.0,0.0,0.0000,0.0000,0.0000,0.0000,0.00,0.00,0.00,0.000000,0.000000,-0.08,1
34252,1.86,0.0,0.0,0.0,0.0000,0.0000,0.0000,0.0000,0.00,0.00,0.00,0.000000,0.000000,-0.08,1
34252,1.86,0.0,0.0,0.0,0.0000,0.0000,0.0000,0.0000,0.00,0.00,0.00,0.000000,0.000000,-0.08,1
34252,1.86,0.0,0.0,0.0,0.0000,0.0000,0.0000,0.0000,0.00,0.00,0.00,0.000000,0.000000,-0.08,1
34265,1.86,0.0,0.0,0.0,0.0000,0.0000,0.0000,0.0000,0.00,0.00,0.00,0.000000,0.000000,-0.08,1
34265,1.85,0.0,0.0,0.0,0.0000,0.0000,0.0000,0.0000,0.00,0.00,0.00,0.000000,0.000000,-0.08,1
34265,1.84,0.0,0.0,0.0,0.0000,0.0000,0.0000,0.0000,0.00,0.00,0.00,0.000000,0.000000,-0.08,1
34265,1.84,0.0,0.0,0.0,0.0000,0.0000,0.0000,0.0000,0.00,0.00,0.00,0.000000,0.000000,-0.08,1
34265,1.84,0.0,0.0,0.0,0.0000,0.0000,0.0000,0.0000,0.00,0.00,0.00,0.000000,0.000000,-0.08,1
34277,1.84,0.0,0.0,0.0,0.0000,0.0000,0.0000,0.0000,0.00,0.00,0.00,0.000000,0.000000,-0.08,1
34277,1.83,0.0,0.0,0.0,0.0000,0.0000,0.0000,0.0000,0.00,0.00,0.00,0.000000,0.000000,-0.08,1
34277,1.82,0.0,0.0,0.0,0.0000,0.0000,0.0000,0.0000,0.00,0.00,0.00,0.000000,0.000000,-0.08,1
34277,1.80,0.0,0.0,0.0,0.0000,0.0000,0.0000,0.0000,0.00,0.00,0.00,0.000000,0.000000,-0.08,1
34277,1.77,0.0,0.0,0.0,0.0000,0.0000,0.0000,0.0000,0.00,0.00,0.00,0.000000,0.000000,-0.08,1
34290,1.79,0.0,0.0,0.0,0.0000,0.0000,0.0000,0.0000,0.00,0.00,0.00,0.000000,0.000000,-0.07,1
34290,1.71,0.0,0.0,0.0,0.0000,0.0000,0.0000,0.0000,0.00,0.00,0.00,0.000000,0.000000,-0.07,1
34290,1.72,0.0,0.0,0.0,0.0000,0.0000,0.0000,0.0000,0.00,0.00,0.00,0.000000,0.000000,-0.07,1
34290,1.70,0.0,0.0,0.0,0.0000,0.0000,0.0000,0.0000,0.00,0.00,0.00,0.000000,0.000000,-0.07,1
34290,1.67,0.0,0.0,0.0,0.0000,0.0000,0.0000,0.0000,0.00,0.00,0.00,0.000000,0.000000,-0.07,1
34303,1.61,0.0,0.0,0.0,0.0000,0.0000,0.0000,0.0000,0.00,0.00,0.00,0.000000,0.000000,-0.07,1
34303,1.59,0.0,0.0,0.0,0.0000,0.0000,0.0000,0.0000,0.00,0.00,0.00,0.000000,0.000000,-0.07,1
34303,1.54,0.0,0.0,0.0,0.0000,0.0000,0.0000,0.0000,0.00,0.00,0.00,0.000000,0.000000,-0.07,1
34303,1.52,0.0,0.0,0.0,0.0000,0.0000,0.0000,0.0000,0.00,0.00,0.00,0.000000,0.000000,-0.07,1
34303,1.50,0.0,0.0,0.0,0.0000,0.0000,0.0000,0.0000,0.00,0.00,0.00,0.000000,0.000000,-0.07,1
34316,1.42,0.0,0.0,0.0,0.0000,0.0000,0.0000,0.0000,0.00,0.00,0.00,0.000000,0.000000,-0.07,1
34316,1.40,0.0,0.0,0.0,0.0000,0.0000,0.0000,0.0000,0.00,0.00,0.00,0.000000,0.000000,-0.07,1
34316,1.37,0.0,0.0,0.0,0.0000,0.0000,0.0000,0.0000,0.00,0.00,0.00,0.000000,0.000000,-0.07,1
34316,1.37,0.0,0.0,0.0,0.0000,0.0000,0.0000,0.0000,0.00,0.00,0.00,0.000000,0.000000,-0.07,1
34316,1.33,0.0,0.0,0.0,0.0000,0.0000,0.0000,0.0000,0.00,0.00,0.00,0.000000,0.000000,-0.07,1
34328,1.27,0.0,0.0,0.0,0.0000,0.0000,0.0000,0.0000,0.00,0.00,0.00,0.000000,0.000000,-0.07,1
34328,1.25,0.0,0.0,0.0,0.0000,0.0000,0.0000,0.0000,0.00,0.00,0.00,0.000000,0.000000,-0.07,1
34328,1.25,0.0,0.0,0.0,0.0000,0.0000,0.0000,0.0000,0.00,0.00,0.00,0.000000,0.000000,-0.07,1
34328,1.22,0.0,0.0,0.0,0.0000,0.0000,0.0000,0.0000,0.00,0.00,0.00,0.000000,0.000000,-0.07,1
34328,1.20,0.0,0.0,0.0,0.0000,0.0000,0.0000,0.0000,0.00,0.00,0.00,0.000000,0.000000,-0.07,1
34341,1.15,0.0,0.0,0.0,0.0000,0.0000,0.0000,0.0000,0.00,0.00,0.00,0.000000,0.000000,-0.07,1
34341,1.17,0.0,0.0,0.0,0.0000,0.0000,0.0000,0.0000,0.00,0.00,0.00,0.000000,0.000000,-0.07,1
34341,1.13,0.0,0.0,0.0,0.0000,0.0000,0.0000,0.0000,0.00,0.00,0.00,0.000000,0.000000,-0.07,1
34341,1.11,0.0,0.0,0.0,0.0000,0.0000,0.0000,0.0000,0.00,0.00,0.00,0.000000,0.000000,-0.07,1
34341,1.13,0.0,0.0,0.0,0.0000,0.0000,0.0000,0.0000,0.00,0.00,0.00,0.000000,0.000000,-0.07,1
34354,1.11,0.0,0.0,0.0,0.0000,0.0000,0.0000,0.0000,0.00,0.00,0.00,0.000000,0.000000,-0.07,1
34354,1.12,0.0,0.0,0.0,0.0000,0.0000,0.0000,0.0000,0.00,0.00,0.00,0.000000,0.000000,-0.07,1
34354,1.09,0.0,0.0,0.0,0.0000,0.0000,0.0000,0.0000,0.00,0.00,0.00,0.000000,0.000000,-0.07,1
34354,1.08,0.0,0.0,0.0,0.0000,0.0000,0.0000,0.0000,0.00,0.00,0.00,0.000000,0.000000,-0.07,1
34354,1.03,0.0,0.0,0.0,0.0000,0.0000,0.0000,0.0000,0.00,0.00,0.00,0.000000,0.000000,-0.07,1
34367,1.09,0.0,0.0,0.0,0.0000,0.0000,0.0000,0.0000,0.00,0.00,0.00,0.000000,0.000000,-0.07,1
34367,1.01,0.0,0.0,0.0,0.0000,0.0000,0.0000,0.0000,0.00,0.00,0.00,0.000000,0.000000,-0.07,1
34367,1.04,0.0,0.0,0.0,0.0000,0.0000,0.0000,0.0000,0.00,0.00,0.00,0.000000,0.000000,-0.07,1
34367,1.01,0.0,0.0,0.0,0.0000,0.0000,0.0000,0.0000,0.00,0.00,0.00,0.000000,0.000000,-0.07,1
34367,1.04,0.0,0.0,0.0,0.0000,0.0000,0.0000,0.0000,0.00,0.00,0.00,0.000000,0.000000,-0.07,1
34379,1.00,0.0,0.0,0.0,0.0000,0.0000,0.0000,0.0000,0.00,0.00,0.00,0.000000,0.000000,-0.07,1
34379,1.00,0.0,0.0,0.0,0.0000,0.0000,0.0000,0.0000,0.00,0.00,0.00,0.000000,0.000000,-0.07,1
34379,1.01,0.0,0.0,0.0,0.0000,0.0000,0.0000,0.0000,0.00,0.00,0.00,0.000000,0.000000,-0.07,1
34379,0.98,0.0,0.0,0.0,0.0000,0.0000,0.0000,0.0000,0.00,0.00,0.00,0.000000,0.000000,-0.07,1
34379,1.00,0.0,0.0,0.0,0.0000,0.0000,0.0000,0.0000,0.00,0.00,0.00,0.000000,0.000000,-0.07,1
34392,1.00,0.0,0.0,0.0,0.0000,0.0000,0.0000,0.0000,0.00,0.00,0.00,0.000000,0.000000,-0.07,1
34392,1.00,0.0,0.0,0.0,0.0000,0.0000,0.0000,0.0000,0.00,0.00,0.00,0.000000,0.000000,-0.07,1
34392,0.98,0.0,0.0,0.0,0.0000,0.0000,0.0000,0.0000,0.00,0.00,0.00,0.000000,0.000000,-0.07,1
34392,0.98,0.0,0.0,0.0,0.0000,0.0000,0.0000,0.0000,0.00,0.00,0.00,0.000000,0.000000,-0.07,1
34392,0.97,0.0,0.0,0.0,0.0000,0.0000,0.0000,0.0000,0.00,0.00,0.00,0.000000,0.000000,-0.07,1
34405,0.97,0.0,0.0,0.0,0.0000,0.0000,0.0000,0.0000,0.00,0.00,0.00,0.000000,0.000000,-0.07,1
34405,0.97,0.0,0.0,0.0,0.0000,0.0000,0.0000,0.0000,0.00,0.00,0.00,0.000000,0.000000,-0.07,1
34405,0.93,0.0,0.0,0.0,0.0000,0.0000,0.0000,0.0000,0.00,0.00,0.00,0.000000,0.000000,-0.07,1
34405,0.95,0.0,0.0,0.0,0.0000,0.0000,0.0000,0.0000,0.00,0.00,0.00,0.000000,0.000000,-0.07,1
34405,0.91,0.0,0.0,0.0,0.0000,0.0000,0.0000,0.0000,0.00,0.00,0.00,0.000000,0.000000,-0.07,1
34418,0.91,0.0,0.0,0.0,0.0000,0.0000,0.0000,0.0000,0.00,0.00,0.00,0.000000,0.000000,-0.07,1
34418,0.90,0.0,0.0,0.0,0.0000,0.0000,0.0000,0.0000,0.00,0.00,0.00,0.000000,0.000000,-0.07,1
34418,0.88,0.0,0.0,0.0,0.0000,0.0000,0.0000,0.0000,0.00,0.00,0.00,0.000000,0.000000,-0.07,1
34418,0.85,0.0,0.0,0.0,0.0000,0.0000,0.0000,0.0000,0.00,0.00,0.00,0.000000,0.000000,-0.07,1
34418,0.86,0.0,0.0,0.0,0.0000,0.0000,0.0000,0.0000,0.00,0.00,0.00,0.000000,0.000000,-0.07,1
34430,0.85,0.0,0.0,0.0,0.0000,0.0000,0.0000,0.0000,0.00,0.00,0.00,0.000000,0.000000,-0.07,1
34430,0.81,0.0,0.0,0.0,0.0000,0.0000,0.0000,0.0000,0.00,0.00,0.00,0.000000,0.000000,-0.07,1
34430,0.81,0.0,0.0,0.0,0.0000,0.0000,0.0000,0.0000,0.00,0.00,0.00,0.000000,0.000000,-0.07,1
34430,0.79,0.0,0.0,0.0,0.0000,0.0000,0.0000,0.0000,0.00,0.00,0.00,0.000000,0.000000,-0.07,1
34430,0.76,0.0,0.0,0.0,0.0000,0.0000,0.0000,0.0000,0.00,0.00,0.00,0.000000,0.000000,-0.07,1
34443,0.75,0.0,0.0,0.0,0.0000,0.0000,0.0000,0.0000,0.00,0.00,0.00,0.000000,0.000000,-0.07,1
34443,0.75,0.0,0.0,0.0,0.0000,0.0000,0.0000,0.0000,0.00,0.00,0.00,0.000000,0.000000,-0.07,1
34443,0.74,0.0,0.0,0.0,0.0000,0.0000,0.0000,0.0000,0.00,0.00,0.00,0.000000,0.000000,-0.07,1
34443,0.72,0.0,0.0,0.0,0.0000,0.0000,0.0000,0.0000,0.00,0.00,0.00,0.000000,0.000000,-0.07,1
34443,0.70,0.0,0.0,0.0,0.0000,0.0000,0.0000,0.0000,0.00,0.00,0.00,0.000000,0.000000,-0.07,1
34456,0.70,0.0,0.0,0.0,0.0000,0.0000,0.0000,0.0000,0.00,0.00,0.00,0.000000,0.000000,-0.07,1
34456,0.69,0.0,0.0,0.0,0.0000,0.0000,0.0000,0.0000,0.00,0.00,0.00,0.000000,0.000000,-0.07,1
34456,0.67,0.0,0.0,0.0,0.0000,0.0000,0.0000,0.0000,0.00,0.00,0.00,0.000000,0.000000,-0.07,1
34456,0.66,0.0,0.0,0.0,0.0000,0.0000,0.0000,0.0000,0.00,0.00,0.00,0.000000,0.000000,-0.07,1
34456,0.66,0.0,0.0,0.0,0.0000,0.0000,0.0000,0.0000,0.00,0.00,0.00,0.000000,0.000000,-0.07,1
34468,0.63,0.0,0.0,0.0,0.0000,0.0000,0.0000,0.0000,0.00,0.00,0.00,0.000000,0.000000,-0.07,1
34468,0.63,0.0,0.0,0.0,0.0000,0.0000,0.0000,0.0000,0.00,0.00,0.00,0.000000,0.000000,-0.07,1
34468,0.63,0.0,0.0,0.0,0.0000,0.0000,0.0000,0.0000,0.00,0.00,0.00,0.000000,0.000000,-0.07,1
34468,0.61,0.0,0.0,0.0,0.0000,0.0000,0.0000,0.0000,0.00,0.00,0.00,0.000000,0.000000,-0.07,1
34468,0.60,0.0,0.0,0.0,0.0000,0.0000,0.0000,0.0000,0.00,0.00,0.00,0.000000,0.000000,-0.07,1
34481,0.60,0.0,0.0,0.0,0.0000,0.0000,0.0000,0.0000,0.00,0.00,0.00,0.000000,0.000000,-0.07,1
34481,0.58,0.0,0.0,0.0,0.0000,0.0000,0.0000,0.0000,0.00,0.00,0.00,0.000000,0.000000,-0.07,1
34481,0.57,0.0,0.0,0.0,0.0000,0.0000,0.0000,0.0000,0.00,0.00,0.00,0.000000,0.000000,-0.07,1
34481,0.56,0.0,0.0,0.0,0.0000,0.0000,0.0000,0.0000,0.00,0.00,0.00,0.000000,0.000000,-0.07,1
34481,0.56,0.0,0.0,0.0,0.0000,0.0000,0.0000,0.0000,0.00,0.00,0.00,0.000000,0.000000,-0.07,1
34494,0.55,0.0,0.0,0.0,0.0000,0.0000,0.0000,0.0000,0.00,0.00,0.00,0.000000,0.000000,-0.07,1
34494,0.54,0.0,0.0,0.0,0.0000,0.0000,0.0000,0.0000,0.00,0.00,0.00,0.000000,0.000000,-0.07,1
34494,0.55,0.0,0.0,0.0,0.0000,0.0000,0.0000,0.0000,0.00,0.00,0.00,0.000000,0.000000,-0.07,1
34494,0.54,0.0,0.0,0.0,0.0000,0.0000,0.0000,0.0000,0.00,0.00,0.00,0.000000,0.000000,-0.07,1
34494,0.51,0.0,0.0,0.0,0.0000,0.0000,0.0000,0.0000,0.00,0.00,0.00,0.000000,0.000000,-0.07,1
34507,0.51,0.0,0.0,0.0,0.0000,0.0000,0.0000,0.0000,0.00,0.00,0.00,0.000000,0.000000,-0.07,1
34507,0.50,0.0,0.0,0.0,0.0000,0.0000,0.0000,0.0000,0.00,0.00,0.00,0.000000,0.000000,-0.07,1
34507,0.50,0.0,0.0,0.0,0.0000,0.0000,0.0000,0.0000,0.00,0.00,0.00,0.000000,0.000000,-0.07,1
34507,0.50,0.0,0.0,0.0,0.0000,0.0000,0.0000,0.0000,0.00,0.00,0.00,0.000000,0.000000,-0.07,1
34507,0.50,0.0,0.0,0.0,0.0000,0.0000,0.0000,0.0000,0.00,0.00,0.00,0.000000,0.000000,-0.07,1
34519,0.50,0.0,0.0,0.0,0.0000,0.0000,0.0000,0.0000,0.00,0.00,0.00,0.000000,0.000000,-0.07,1
34519,0.49,0.0,0.0,0.0,0.0000,0.0000,0.0000,0.0000,0.00,0.00,0.00,0.000000,0.000000,-0.07,1
34519,0.47,0.0,0.0,0.0,0.0000,0.0000,0.0000,0.0000,0.00,0.00,0.00,0.000000,0.000000,-0.07,1
34519,0.49,0.0,0.0,0.0,0.0000,0.0000,0.0000,0.0000,0.00,0.00,0.00,0.000000,0.000000,-0.07,1
34519,0.47,0.0,0.0,0.0,0.0000,0.0000,0.0000,0.0000,0.00,0.00,0.00,0.000000,0.000000,-0.07,1
34532,0.46,0.0,0.0,0.0,0.0000,0.0000,0.0000,0.0000,0.00,0.00,0.00,0.000000,0.000000,-0.07,1
34532,0.45,0.0,0.0,0.0,0.0000,0.0000,0.0000,0.0000,0.00,0.00,0.00,0.000000,0.000000,-0.07,1
34532,0.45,0.0,0.0,0.0,0.0000,0.0000,0.0000,0.0000,0.00,0.00,0.00,0.000000,0.000000,-0.07,1
34532,0.45,0.0,0.0,0.0,0.0000,0.0000,0.0000,0.0000,0.00,0.00,0.00,0.000000,0.000000,-0.07,1
34532,0.45,0.0,0.0,0.0,0.0000,0.0000,0.0000,0.0000,0.00,0.00,0.00,0.000000,0.000000,-0.07,1
34545,0.45,0.0,0.0,0.0,0.0000,0.0000,0.0000,0.0000,0.00,0.00,0.00,0.000000,0.000000,-0.07,1
34545,0.44,0.0,0.0,0.0,0.0000,0.0000,0.0000,0.0000,0.00,0.00,0.00,0.000000,0.000000,-0.07,1
34545,0.44,0.0,0.0,0.0,0.0000,0.0000,0.0000,0.0000,0.00,0.00,0.00,0.000000,0.000000,-0.07,1
34545,0.43,0.0,0.0,0.0,0.0000,0.0000,0.0000,0.0000,0.00,0.00,0.00,0.000000,0.000000,-0.07,1
34545,0.43,0.0,0.0,0.0,0.0000,0.0000,0.0000,0.0000,0.00,0.00,0.00,0.000000,0.000000,-0.07,1
34558,0.38,0.0,0.0,0.0,0.0000,0.0000,0.0000,0.0000,0.00,0.00,0.00,0.000000,0.000000,-0.07,1
34558,0.35,0.0,0.0,0.0,0.0000,0.0000,0.0000,0.0000,0.00,0.00,0.00,0.000000,0.000000,-0.07,1
34558,0.28,0.0,0.0,0.0,0.0000,0.0000,0.0000,0.0000,0.00,0.00,0.00,0.000000,0.000000,-0.07,1
34558,0.22,0.0,0.0,0.0,0.0000,0.0000,0.0000,0.0000,0.00,0.00,0.00,0.000000,0.000000,-0.07,1
34558,0.15,0.0,0.0,0.0,0.0000,0.0000,0.0000,0.0000,0.00,0.00,0.00,0.000000,0.000000,-0.07,1
34570,0.11,0.0,0.0,0.0,0.0000,0.0000,0.0000,0.0000,0.00,0.00,0.00,0.000000,0.000000,-0.07,1
34570,0.07,0.0,0.0,0.0,0.0000,0.0000,0.0000,0.0000,0.00,0.00,0.00,0.000000,0.000000,-0.07,1
34570,0.05,0.0,0.0,0.0,0.0000,0.0000,0.0000,0.0000,0.00,0.00,0.00,0.000000,0.000000,-0.07,1
34570,0.05,0.0,0.0,0.0,0.0000,0.0000,0.0000,0.0000,0.00,0.00,0.00,0.000000,0.000000,-0.07,1
34570,0.02,0.0,0.0,0.0,0.0000,0.0000,0.0000,0.0000,0.00,0.00,0.00,0.000000,0.000000,-0.07,1
34583,0.05,0.0,0.0,0.0,0.0000,0.0000,0.0000,0.0000,0.00,0.00,0.00,0.000000,0.000000,-0.07,1
34583,0.05,0.0,0.0,0.0,0.0000,0.0000,0.0000,0.0000,0.00,0.00,0.00,0.000000,0.000000,-0.07,1
34583,0.03,0.0,0.0,0.0,0.0000,0.0000,0.0000,0.0000,0.00,0.00,0.00,0.000000,0.000000,-0.07,1
34583,0.05,0.0,0.0,0.0,0.0000,0.0000,0.0000,0.0000,0.00,0.00,0.00,0.000000,0.000000,-0.07,1
34583,0.02,0.0,0.0,0.0,0.0000,0.0000,0.0000,0.0000,0.00,0.00,0.00,0.000000,0.000000,-0.07,1
34596,0.03,0.0,0.0,0.0,0.0000,0.0000,0.0000,0.0000,0.00,0.00,0.00,0.000000,0.000000,-0.07,1
34596,0.05,0.0,0.0,0.0,0.0000,0.0000,0.0000,0.0000,0.00,0.00,0.00,0.000000,0.000000,-0.07,1
34596,0.05,0.0,0.0,0.0,0.0000,0.0000,0.0000,0.0000,0.00,0.00,0.00,0.000000,0.000000,-0.07,1
34596,0.03,0.0,0.0,0.0,0.0000,0.0000,0.0000,0.0000,0.00,0.00,0.00,0.000000,0.000000,-0.07,1
34596,0.05,0.0,0.0,0.0,0.0000,0.0000,0.0000,0.0000,0.00,0.00,0.00,0.000000,0.000000,-0.07,1
34609,0.05,0.0,0.0,0.0,0.0000,0.0000,0.0000,0.0000,0.00,0.00,0.00,0.000000,0.000000,-0.07,1
34609,0.05,0.0,0.0,0.0,0.0000,0.0000,0.0000,0.0000,0.00,0.00,0.00,0.000000,0.000000,-0.07,1
34609,0.07,0.0,0.0,0.0,0.0000,0.0000,0.0000,0.0000,0.00,0.00,0.00,0.000000,0.000000,-0.07,1
34609,0.07,0.0,0.0,0.0,0.0000,0.0000,0.0000,0.0000,0.00,0.00,0.00,0.000000,0.000000,-0.07,1
34609,0.07,0.0,0.0,0.0,0.0000,0.0000,0.0000,0.0000,0.00,0.00,0.00,0.000000,0.000000,-0.07,1
34622,0.07,0.0,0.0,0.0,0.0000,0.0000,0.0000,0.0000,0.00,0.00,0.00,0.000000,0.000000,-0.07,1
34622,0.07,0.0,0.0,0.0,0.0000,0.0000,0.0000,0.0000,0.00,0.00,0.00,0.000000,0.000000,-0.07,1
34622,0.10,0.0,0.0,0.0,0.0000,0.0000,0.0000,0.0000,0.00,0.00,0.00,0.000000,0.000000,-0.07,1
34622,0.11,0.0,0.0,0.0,0.0000,0.0000,0.0000,0.0000,0.00,0.00,0.00,0.000000,0.000000,-0.07,1
34622,0.11,0.0,0.0,0.0,0.0000,0.0000,0.0000,0.0000,0.00,0.00,0.00,0.000000,0.000000,-0.07,1
34634,0.11,0.0,0.0,0.0,0.0000,0.0000,0.0000,0.0000,0.00,0.00,0.00,0.000000,0.000000,-0.07,1
34634,0.15,0.0,0.0,0.0,0.0000,0.0000,0.0000,0.0000,0.00,0.00,0.00,0.000000,0.000000,-0.07,1
34634,0.15,0.0,0.0,0.0,0.0000,0.0000,0.0000,0.0000,0.00,0.00,0.00,0.000000,0.000000,-0.07,1
34634,0.18,0.0,0.0,0.0,0.0000,0.0000,0.0000,0.0000,0.00,0.00,0.00,0.000000,0.000000,-0.07,1
34634,0.19,0.0,0.0,0.0,0.0000,0.0000,0.0000,0.0000,0.00,0.00,0.00,0.000000,0.000000,-0.07,1
34647,0.22,0.0,0.0,0.0,0.0000,0.0000,0.0000,0.0000,0.00,0.00,0.00,0.000000,0.000000,-0.07,1
34647,0.22,0.0,0.0,0.0,0.0000,0.0000,0.0000,0.0000,0.00,0.00,0.00,0.000000,0.000000,-0.07,1
34647,0.27,0.0,0.0,0.0,0.0000,0.0000,0.0000,0.0000,0.00,0.00,0.00,0.000000,0.000000,-0.07,1
34647,0.28,0.0,0.0,0.0,0.0000,0.0000,0.0000,0.0000,0.00,0.00,0.00,0.000000,0.000000,-0.07,1
34647,0.31,0.0,0.0,0.0,0.0000,0.0000,0.0000,0.0000,0.00,0.00,0.00,0.000000,0.000000,-0.07,1
34660,0.34,0.0,0.0,0.0,0.0000,0.0000,0.0000,0.0000,0.00,0.00,0.00,0.000000,0.000000,-0.07,1
34660,0.35,0.0,0.0,0.0,0.0000,0.0000,0.0000,0.0000,0.00,0.00,0.00,0.000000,0.000000,-0.07,1
34660,0.36,0.0,0.0,0.0,0.0000,0.0000,0.0000,0.0000,0.00,0.00,0.00,0.000000,0.000000,-0.07,1
34660,0.37,0.0,0.0,0.0,0.0000,0.0000,0.0000,0.0000,0.00,0.00,0.00,0.000000,0.000000,-0.07,1
34660,0.38,0.0,0.0,0.0,0.0000,0.0000,0.0000,0.0000,0.00,0.00,0.00,0.000000,0.000000,-0.07,1
34673,0.40,0.0,0.0,0.0,0.0000,0.0000,0.0000,0.0000,0.00,0.00,0.00,0.000000,0.000000,-0.07,1
34673,0.40,0.0,0.0,0.0,0.0000,0.0000,0.0000,0.0000,0.00,0.00,0.00,0.000000,0.000000,-0.07,1
34673,0.43,0.0,0.0,0.0,0.0000,0.0000,0.0000,0.0000,0.00,0.00,0.00,0.000000,0.000000,-0.07,1
34673,0.43,0.0,0.0,0.0,0.0000,0.0000,0.0000,0.0000,0.00,0.00,0.00,0.000000,0.000000,-0.07,1
34673,0.43,0.0,0.0,0.0,0.0000,0.0000,0.0000,0.0000,0.00,0.00,0.00,0.000000,0.000000,-0.07,1
34685,0.43,0.0,0.0,0.0,0.0000,0.0000,0.0000,0.0000,0.00,0.00,0.00,0.000000,0.000000,-0.07,1
34685,0.43,0.0,0.0,0.0,0.0000,0.0000,0.0000,0.0000,0.00,0.00,0.00,0.000000,0.000000,-0.07,1
34685,0.43,0.0,0.0,0.0,0.0000,0.0000,0.0000,0.0000,0.00,0.00,0.00,0.000000,0.000000,-0.07,1
34685,0.43,0.0,0.0,0.0,0.0000,0.0000,0.0000,0.0000,0.00,0.00,0.00,0.000000,0.000000,-0.07,1
34685,0.44,0.0,0.0,0.0,0.0000,0.0000,0.0000,0.0000,0.00,0.00,0.00,0.000000,0.000000,-0.07,1
34698,0.43,0.0,0.0,0.0,0.0000,0.0000,0.0000,0.0000,0.00,0.00,0.00,0.000000,0.000000,-0.07,1
34698,0.44,0.0,0.0,0.0,0.0000,0.0000,0.0000,0.0000,0.00,0.00,0.00,0.000000,0.000000,-0.07,1
34698,0.44,0.0,0.0,0.0,0.0000,0.0000,0.0000,0.0000,0.00,0.00,0.00,0.000000,0.000000,-0.07,1
34698,0.43,0.0,0.0,0.0,0.0000,0.0000,0.0000,0.0000,0.00,0.00,0.00,0.000000,0.000000,-0.07,1
34698,0.44,0.0,0.0,0.0,0.0000,0.0000,0.0000,0.0000,0.00,0.00,0.00,0.000000,0.000000,-0.07,1
34711,0.44,0.0,0.0,0.0,0.0000,0.0000,0.0000,0.0000,0.00,0.00,0.00,0.000000,0.000000,-0.07,1
34711,0.44,0.0,0.0,0.0,0.0000,0.0000,0.0000,0.0000,0.00,0.00,0.00,0.000000,0.000000,-0.07,1
34711,0.44,0.0,0.0,0.0,0.0000,0.0000,0.0000,0.0000,0.00,0.00,0.00,0.000000,0.000000,-0.07,1
34711,0.45,0.0,0.0,0.0,0.0000,0.0000,0.0000,0.0000,0.00,0.00,0.00,0.000000,0.000000,-0.07,1
34711,0.45,0.0,0.0,0.0,0.0000,0.0000,0.0000,0.0000,0.00,0.00,0.00,0.000000,0.000000,-0.07,1
34724,0.45,0.0,0.0,0.0,0.0000,0.0000,0.0000,0.0000,0.00,0.00,0.00,0.000000,0.000000,-0.07,1
34724,0.45,0.0,0.0,0.0,0.0000,0.0000,0.0000,0.0000,0.00,0.00,0.00,0.000000,0.000000,-0.07,1
34724,0.45,0.0,0.0,0.0,0.0000,0.0000,0.0000,0.0000,0.00,0.00,0.00,0.000000,0.000000,-0.07,1
34724,0.45,0.0,0.0,0.0,0.0000,0.0000,0.0000,0.0000,0.00,0.00,0.00,0.000000,0.000000,-0.07,1
34724,0.45,0.0,0.0,0.0,0.0000,0.0000,0.0000,0.0000,0.00,0.00,0.00,0.000000,0.000000,-0.07,1
34736,0.45,0.0,0.0,0.0,0.0000,0.0000,0.0000,0.0000,0.00,0.00,0.00,0.000000,0.000000,-0.07,1
34736,0.45,0.0,0.0,0.0,0.0000,0.0000,0.0000,0.0000,0.00,0.00,0.00,0.000000,0.000000,-0.07,1
34736,0.45,0.0,0.0,0.0,0.0000,0.0000,0.0000,0.0000,0.00,0.00,0.00,0.000000,0.000000,-0.07,1
34736,0.45,0.0,0.0,0.0,0.0000,0.0000,0.0000,0.0000,0.00,0.00,0.00,0.000000,0.000000,-0.07,1
34736,0.45,0.0,0.0,0.0,0.0000,0.0000,0.0000,0.0000,0.00,0.00,0.00,0.000000,0.000000,-0.07,1
34749,0.45,0.0,0.0,0.0,0.0000,0.0000,0.0000,0.0000,0.00,0.00,0.00,0.000000,0.000000,-0.07,1
34749,0.45,0.0,0.0,0.0,0.0000,0.0000,0.0000,0.0000,0.00,0.00,0.00,0.000000,0.000000,-0.07,1
34749,0.46,0.0,0.0,0.0,0.0000,0.0000,0.0000,0.0000,0.00,0.00,0.00,0.000000,0.000000,-0.07,1
34749,0.46,0.0,0.0,0.0,0.0000,0.0000,0.0000,0.0000,0.00,0.00,0.00,0.000000,0.000000,-0.07,1
34749,0.46,0.0,0.0,0.0,0.0000,0.0000,0.0000,0.0000,0.00,0.00,0.00,0.000000,0.000000,-0.07,1
34762,0.47,0.0,0.0,0.0,0.0000,0.0000,0.0000,0.0000,0.00,0.00,0.00,0.000000,0.000000,-0.07,1
34762,0.47,0.0,0.0,0.0,0.0000,0.0000,0.0000,0.0000,0.00,0.00,0.00,0.000000,0.000000,-0.07,1
34762,0.47,0.0,0.0,0.0,0.0000,0.0000,0.0000,0.0000,0.00,0.00,0.00,0.000000,0.000000,-0.07,1
34762,0.49,0.0,0.0,0.0,0.0000,0.0000,0.0000,0.0000,0.00,0.00,0.00,0.000000,0.000000,-0.07,1
34762,0.49,0.0,0.0,0.0,0.0000,0.0000,0.0000,0.0000,0.00,0.00,0.00,0.000000,0.000000,-0.07,1
34775,0.49,0.0,0.0,0.0,0.0000,0.0000,0.0000,0.0000,0.00,0.00,0.00,0.000000,0.000000,-0.07,1
34775,0.49,0.0,0.0,0.0,0.0000,0.0000,0.0000,0.0000,0.00,0.00,0.00,0.000000,0.000000,-0.07,1
34775,0.50,0.0,0.0,0.0,0.0000,0.0000,0.0000,0.0000,0.00,0.00,0.00,0.000000,0.000000,-0.07,1
34775,0.49,0.0,0.0,0.0,0.0000,0.0000,0.0000,0.0000,0.00,0.00,0.00,0.000000,0.000000,-0.07,1
34775,0.49,0.0,0.0,0.0,0.0000,0.0000,0.0000,0.0000,0.00,0.00,0.00,0.000000,0.000000,-0.07,1
34787,0.50,0.0,0.0,0.0,0.0000,0.0000,0.0000,0.0000,0.00,0.00,0.00,0.000000,0.000000,-0.07,1
34787,0.50,0.0,0.0,0.0,0.0000,0.0000,0.0000,0.0000,0.00,0.00,0.00,0.000000,0.000000,-0.07,1
34787,0.50,0.0,0.0,0.0,0.0000,0.0000,0.0000,0.0000,0.00,0.00,0.00,0.000000,0.000000,-0.07,1
34787,0.50,0.0,0.0,0.0,0.0000,0.0000,0.0000,0.0000,0.00,0.00,0.00,0.000000,0.000000,-0.07,1
34787,0.50,0.0,0.0,0.0,0.0000,0.0000,0.0000,0.0000,0.00,0.00,0.00,0.000000,0.000000,-0.07,1
34800,0.50,0.0,0.0,0.0,0.0000,0.0000,0.0000,0.0000,0.00,0.00,0.00,0.000000,0.000000,-0.07,1
34800,0.50,0.0,0.0,0.0,0.0000,0.0000,0.0000,0.0000,0.00,0.00,0.00,0.000000,0.000000,-0.07,1
34800,0.50,0.0,0.0,0.0,0.0000,0.0000,0.0000,0.0000,0.00,0.00,0.00,0.000000,0.000000,-0.07,1
34800,0.50,0.0,0.0,0.0,0.0000,0.0000,0.0000,0.0000,0.00,0.00,0.00,0.000000,0.000000,-0.07,1
34800,0.50,0.0,0.0,0.0,0.0000,0.0000,0.0000,0.0000,0.00,0.00,0.00,0.000000,0.000000,-0.07,1
34813,0.50,0.0,0.0,0.0,0.0000,0.0000,0.0000,0.0000,0.00,0.00,0.00,0.000000,0.000000,-0.07,1
34813,0.50,0.0,0.0,0.0,0.0000,0.0000,0.0000,0.0000,0.00,0.00,0.00,0.000000,0.000000,-0.07,1
34813,0.50,0.0,0.0,0.0,0.0000,0.0000,0.0000,0.0000,0.00,0.00,0.00,0.000000,0.000000,-0.07,1
34813,0.50,0.0,0.0,0.0,0.0000,0.0000,0.0000,0.0000,0.00,0.00,0.00,0.000000,0.000000,-0.07,1
34813,0.50,0.0,0.0,0.0,0.0000,0.0000,0.0000,0.0000,0.00,0.00,0.00,0.000000,0.000000,-0.07,1
34826,0.50,0.0,0.0,0.0,0.0000,0.0000,0.0000,0.0000,0.00,0.00,0.00,0.000000,0.000000,-0.07,1
34826,0.50,0.0,0.0,0.0,0.0000,0.0000,0.0000,0.0000,0.00,0.00,0.00,0.000000,0.000000,-0.07,1
34826,0.50,0.0,0.0,0.0,0.0000,0.0000,0.0000,0.0000,0.00,0.00,0.00,0.000000,0.000000,-0.07,1
34826,0.50,0.0,0.0,0.0,0.0000,0.0000,0.0000,0.0000,0.00,0.00,0.00,0.000000,0.000000,-0.07,1
34826,0.49,0.0,0.0,0.0,0.0000,0.0000,0.0000,0.0000,0.00,0.00,0.00,0.000000,0.000000,-0.07,1
34838,0.50,0.0,0.0,0.0,0.0000,0.0000,0.0000,0.0000,0.00,0.00,0.00,0.000000,0.000000,-0.07,1
34838,0.50,0.0,0.0,0.0,0.0000,0.0000,0.0000,0.0000,0.00,0.00,0.00,0.000000,0.000000,-0.07,1
34838,0.49,0.0,0.0,0.0,0.0000,0.0000,0.0000,0.0000,0.00,0.00,0.00,0.000000,0.000000,-0.07,1
34838,0.50,0.0,0.0,0.0,0.0000,0.0000,0.0000,0.0000,0.00,0.00,0.00,0.000000,0.000000,-0.07,1
34838,0.49,0.0,0.0,0.0,0.0000,0.0000,0.0000,0.0000,0.00,0.00,0.00,0.000000,0.000000,-0.07,1
34851,0.49,0.0,0.0,0.0,0.0000,0.0000,0.0000,0.0000,0.00,0.00,0.00,0.000000,0.000000,-0.07,1
34851,0.49,0.0,0.0,0.0,0.0000,0.0000,0.0000,0.0000,0.00,0.00,0.00,0.000000,0.000000,-0.07,1
34851,0.49,0.0,0.0,0.0,0.0000,0.0000,0.0000,0.0000,0.00,0.00,0.00,0.000000,0.000000,-0.07,1
34851,0.49,0.0,0.0,0.0,0.0000,0.0000,0.0000,0.0000,0.00,0.00,0.00,0.000000,0.000000,-0.07,1
34851,0.47,0.0,0.0,0.0,0.0000,0.0000,0.0000,0.0000,0.00,0.00,0.00,0.000000,0.000000,-0.07,1
34864,0.47,0.0,0.0,0.0,0.0000,0.0000,0.0000,0.0000,0.00,0.00,0.00,0.000000,0.000000,-0.07,1
34864,0.47,0.0,0.0,0.0,0.0000,0.0000,0.0000,0.0000,0.00,0.00,0.00,0.000000,0.000000,-0.07,1
34864,0.47,0.0,0.0,0.0,0.0000,0.0000,0.0000,0.0000,0.00,0.00,0.00,0.000000,0.000000,-0.07,1
34864,0.49,0.0,0.0,0.0,0.0000,0.0000,0.0000,0.0000,0.00,0.00,0.00,0.000000,0.000000,-0.07,1
34864,0.47,0.0,0.0,0.0,0.0000,0.0000,0.0000,0.0000,0.00,0.00,0.00,0.000000,0.000000,-0.07,1
34877,0.47,0.0,0.0,0.0,0.0000,0.0000,0.0000,0.0000,0.00,0.00,0.00,0.000000,0.000000,-0.07,1
34877,0.47,0.0,0.0,0.0,0.0000,0.0000,0.0000,0.0000,0.00,0.00,0.00,0.000000,0.000000,-0.07,1
34877,0.47,0.0,0.0,0.0,0.0000,0.0000,0.0000,0.0000,0.00,0.00,0.00,0.000000,0.000000,-0.07,1
34877,0.47,0.0,0.0,0.0,0.0000,0.0000,0.0000,0.0000,0.00,0.00,0.00,0.000000,0.000000,-0.07,1
34877,0.47,0.0,0.0,0.0,0.0000,0.0000,0.0000,0.0000,0.00,0.00,0.00,0.000000,0.000000,-0.07,1
34889,0.47,0.0,0.0,0.0,0.0000,0.0000,0.0000,0.0000,0.00,0.00,0.00,0.000000,0.000000,-0.07,1
34889,0.46,0.0,0.0,0.0,0.0000,0.0000,0.0000,0.0000,0.00,0.00,0.00,0.000000,0.000000,-0.07,1
34889,0.46,0.0,0.0,0.0,0.0000,0.0000,0.0000,0.0000,0.00,0.00,0.00,0.000000,0.000000,-0.07,1
34889,0.46,0.0,0.0,0.0,0.0000,0.0000,0.0000,0.0000,0.00,0.00,0.00,0.000000,0.000000,-0.07,1
34889,0.46,0.0,0.0,0.0,0.0000,0.0000,0.0000,0.0000,0.00,0.00,0.00,0.000000,0.000000,-0.07,1
34902,0.45,0.0,0.0,0.0,0.0000,0.0000,0.0000,0.0000,0.00,0.00,0.00,0.000000,0.000000,-0.07,1
34902,0.45,0.0,0.0,0.0,0.0000,0.0000,0.0000,0.0000,0.00,0.00,0.00,0.000000,0.000000,-0.07,1
34902,0.45,0.0,0.0,0.0,0.0000,0.0000,0.0000,0.0000,0.00,0.00,0.00,0.000000,0.000000,-0.07,1
34902,0.45,0.0,0.0,0.0,0.0000,0.0000,0.0000,0.0000,0.00,0.00,0.00,0.000000,0.000000,-0.07,1
34902,0.45,0.0,0.0,0.0,0.0000,0.0000,0.0000,0.0000,0.00,0.00,0.00,0.000000,0.000000,-0.07,1
34915,0.45,0.0,0.0,0.0,0.0000,0.0000,0.0000,0.0000,0.00,0.00,0.00,0.000000,0.000000,-0.07,1
34915,0.44,0.0,0.0,0.0,0.0000,0.0000,0.0000,0.0000,0.00,0.00,0.00,0.000000,0.000000,-0.07,1
34915,0.45,0.0,0.0,0.0,0.0000,0.0000,0.0000,0.0000,0.00,0.00,0.00,0.000000,0.000000,-0.07,1
34915,0.45,0.0,0.0,0.0,0.0000,0.0000,0.0000,0.0000,0.00,0.00,0.00,0.000000,0.000000,-0.07,1
34915,0.44,0.0,0.0,0.0,0.0000,0.0000,0.0000,0.0000,0.00,0.00,0.00,0.000000,0.000000,-0.07,1
34928,0.45,0.0,0.0,0.0,0.0000,0.0000,0.0000,0.0000,0.00,0.00,0.00,0.000000,0.000000,-0.07,1
34928,0.44,0.0,0.0,0.0,0.0000,0.0000,0.0000,0.0000,0.00,0.00,0.00,0.000000,0.000000,-0.07,1
34928,0.44,0.0,0.0,0.0,0.0000,0.0000,0.0000,0.0000,0.00,0.00,0.00,0.000000,0.000000,-0.07,1
34928,0.44,0.0,0.0,0.0,0.0000,0.0000,0.0000,0.0000,0.00,0.00,0.00,0.000000,0.000000,-0.07,1
34928,0.43,0.0,0.0,0.0,0.0000,0.0000,0.0000,0.0000,0.00,0.00,0.00,0.000000,0.000000,-0.07,1
34940,0.43,0.0,0.0,0.0,0.0000,0.0000,0.0000,0.0000,0.00,0.00,0.00,0.000000,0.000000,-0.07,1
34940,0.41,0.0,0.0,0.0,0.0000,0.0000,0.0000,0.0000,0.00,0.00,0.00,0.000000,0.000000,-0.07,1
34940,0.40,0.0,0.0,0.0,0.0000,0.0000,0.0000,0.0000,0.00,0.00,0.00,0.000000,0.000000,-0.07,1
34940,0.40,0.0,0.0,0.0,0.0000,0.0000,0.0000,0.0000,0.00,0.00,0.00,0.000000,0.000000,-0.07,1
34940,0.38,0.0,0.0,0.0,0.0000,0.0000,0.0000,0.0000,0.00,0.00,0.00,0.000000,0.000000,-0.07,1
34953,0.37,0.0,0.0,0.0,0.0000,0.0000,0.0000,0.0000,0.00,0.00,0.00,0.000000,0.000000,-0.07,1
34953,0.36,0.0,0.0,0.0,0.0000,0.0000,0.0000,0.0000,0.00,0.00,0.00,0.000000,0.000000,-0.07,1
34953,0.35,0.0,0.0,0.0,0.0000,0.0000,0.0000,0.0000,0.00,0.00,0.00,0.000000,0.000000,-0.07,1
34953,0.33,0.0,0.0,0.0,0.0000,0.0000,0.0000,0.0000,0.00,0.00,0.00,0.000000,0.000000,-0.07,1
34953,0.30,0.0,0.0,0.0,0.0000,0.0000,0.0000,0.0000,0.00,0.00,0.00,0.000000,0.000000,-0.07,1
34966,0.27,0.0,0.0,0.0,0.0000,0.0000,0.0000,0.0000,0.00,0.00,0.00,0.000000,0.000000,-0.07,1
34966,0.25,0.0,0.0,0.0,0.0000,0.0000,0.0000,0.0000,0.00,0.00,0.00,0.000000,0.000000,-0.07,1
34966,0.22,0.0,0.0,0.0,0.0000,0.0000,0.0000,0.0000,0.00,0.00,0.00,0.000000,0.000000,-0.07,1
34966,0.22,0.0,0.0,0.0,0.0000,0.0000,0.0000,0.0000,0.00,0.00,0.00,0.000000,0.000000,-0.07,1
34966,0.20,0.0,0.0,0.0,0.0000,0.0000,0.0000,0.0000,0.00,0.00,0.00,0.000000,0.000000,-0.07,1
34979,0.18,0.0,0.0,0.0,0.0000,0.0000,0.0000,0.0000,0.00,0.00,0.00,0.000000,0.000000,-0.07,1
34979,0.15,0.0,0.0,0.0,0.0000,0.0000,0.0000,0.0000,0.00,0.00,0.00,0.000000,0.000000,-0.07,1
34979,0.12,0.0,0.0,0.0,0.0000,0.0000,0.0000,0.0000,0.00,0.00,0.00,0.000000,0.000000,-0.07,1
34979,0.11,0.0,0.0,0.0,0.0000,0.0000,0.0000,0.0000,0.00,0.00,0.00,0.000000,0.000000,-0.07,1
34979,0.07,0.0,0.0,0.0,0.0000,0.0000,0.0000,0.0000,0.00,0.00,0.00,0.000000,0.000000,-0.07,1
34991,0.07,0.0,0.0,0.0,0.0000,0.0000,0.0000,0.0000,0.00,0.00,0.00,0.000000,0.000000,-0.07,1
34991,0.05,0.0,0.0,0.0,0.0000,0.0000,0.0000,0.0000,0.00,0.00,0.00,0.000000,0.000000,-0.07,1
34991,0.05,0.0,0.0,0.0,0.0000,0.0000,0.0000,0.0000,0.00,0.00,0.00,0.000000,0.000000,-0.07,1
34991,0.03,0.0,0.0,0.0,0.0000,0.0000,0.0000,0.0000,0.00,0.00,0.00,0.000000,0.000000,-0.07,1
34991,0.02,0.0,0.0,0.0,0.0000,0.0000,0.0000,0.0000,0.00,0.00,0.00,0.000000,0.000000,-0.07,1
35004,0.03,0.0,0.0,0.0,0.0000,0.0000,0.0000,0.0000,0.00,0.00,0.00,0.000000,0.000000,-0.06,1
35004,0.03,0.0,0.0,0.0,0.0000,0.0000,0.0000,0.0000,0.00,0.00,0.00,0.000000,0.000000,-0.06,1
35004,0.02,0.0,0.0,0.0,0.0000,0.0000,0.0000,0.0000,0.00,0.00,0.00,0.000000,0.000000,-0.06,1
35004,0.02,0.0,0.0,0.0,0.0000,0.0000,0.0000,0.0000,0.00,0.00,0.00,0.000000,0.000000,-0.06,1
35004,0.02,0.0,0.0,0.0,0.0000,0.0000,0.0000,0.0000,0.00,0.00,0.00,0.000000,0.000000,-0.06,1
35017,0.02,0.0,0.0,0.0,0.0000,0.0000,0.0000,0.0000,0.00,0.00,0.00,0.000000,0.000000,-0.06,1
35017,0.01,0.0,0.0,0.0,0.0000,0.0000,0.0000,0.0000,0.00,0.00,0.00,0.000000,0.000000,-0.06,1
35017,0.02,0.0,0.0,0.0,0.0000,0.0000,0.0000,0.0000,0.00,0.00,0.00,0.000000,0.000000,-0.06,1
35017,0.01,0.0,0.0,0.0,0.0000,0.0000,0.0000,0.0000,0.00,0.00,0.00,0.000000,0.000000,-0.06,1
35017,0.01,0.0,0.0,0.0,0.0000,0.0000,0.0000,0.0000,0.00,0.00,0.00,0.000000,0.000000,-0.06,1
35030,0.01,0.0,0.0,0.0,0.0000,0.0000,0.0000,0.0000,0.00,0.00,0.00,0.000000,0.000000,-0.06,1
35030,0.01,0.0,0.0,0.0,0.0000,0.0000,0.0000,0.0000,0.00,0.00,0.00,0.000000,0.000000,-0.06,1
35030,0.01,0.0,0.0,0.0,0.0000,0.0000,0.0000,0.0000,0.00,0.00,0.00,0.000000,0.000000,-0.06,1
35030,0.01,0.0,0.0,0.0,0.0000,0.0000,0.0000,0.0000,0.00,0.00,0.00,0.000000,0.000000,-0.06,1
35030,0.01,0.0,0.0,0.0,0.0000,0.0000,0.0000,0.0000,0.00,0.00,0.00,0.000000,0.000000,-0.06,1
35042,0.00,0.0,0.0,0.0,0.0000,0.0000,0.0000,0.0000,0.00,0.00,0.00,0.000000,0.000000,-0.06,1
35042,0.01,0.0,0.0,0.0,0.0000,0.0000,0.0000,0.0000,0.00,0.00,0.00,0.000000,0.000000,-0.06,1
35042,0.01,0.0,0.0,0.0,0.0000,0.0000,0.0000,0.0000,0.00,0.00,0.00,0.000000,0.000000,-0.06,1
35042,0.01,0.0,0.0,0.0,0.0000,0.0000,0.0000,0.0000,0.00,0.00,0.00,0.000000,0.000000,-0.06,1
35042,0.01,0.0,0.0,0.0,0.0000,0.0000,0.0000,0.0000,0.00,0.00,0.00,0.000000,0.000000,-0.06,1
35055,0.00,0.0,0.0,0.0,0.0000,0.0000,0.0000,0.0000,0.00,0.00,0.00,0.000000,0.000000,-0.06,1
35055,0.00,0.0,0.0,0.0,0.0000,0.0000,0.0000,0.0000,0.00,0.00,0.00,0.000000,0.000000,-0.06,1
35055,0.01,0.0,0.0,0.0,0.0000,0.0000,0.0000,0.0000,0.00,0.00,0.00,0.000000,0.000000,-0.06,1
35055,0.00,0.0,0.0,0.0,0.0000,0.0000,0.0000,0.0000,0.00,0.00,0.00,0.000000,0.000000,-0.06,1
35055,0.01,0.0,0.0,0.0,0.0000,0.0000,0.0000,0.0000,0.00,0.00,0.00,0.000000,0.000000,-0.06,1
35068,0.00,0.0,0.0,0.0,0.0000,0.0000,0.0000,0.0000,0.00,0.00,0.00,0.000000,0.000000,-0.06,1
35068,0.00,0.0,0.0,0.0,0.0000,0.0000,0.0000,0.0000,0.00,0.00,0.00,0.000000,0.000000,-0.06,1
35068,0.01,0.0,0.0,0.0,0.0000,0.0000,0.0000,0.0000,0.00,0.00,0.00,0.000000,0.000000,-0.06,1
35068,0.00,0.0,0.0,0.0,0.0000,0.0000,0.0000,0.0000,0.00,0.00,0.00,0.000000,0.000000,-0.06,1
35068,0.01,0.0,0.0,0.0,0.0000,0.0000,0.0000,0.0000,0.00,0.00,0.00,0.000000,0.000000,-0.06,1
35081,0.01,0.0,0.0,0.0,0.0000,0.0000,0.0000,0.0000,0.00,0.00,0.00,0.000000,0.000000,-0.06,1
35081,0.01,0.0,0.0,0.0,0.0000,0.0000,0.0000,0.0000,0.00,0.00,0.00,0.000000,0.000000,-0.06,1
35081,0.01,0.0,0.0,0.0,0.0000,0.0000,0.0000,0.0000,0.00,0.00,0.00,0.000000,0.000000,-0.06,1
35081,0.01,0.0,0.0,0.0,0.0000,0.0000,0.0000,0.0000,0.00,0.00,0.00,0.000000,0.000000,-0.06,1
35081,0.01,0.0,0.0,0.0,0.0000,0.0000,0.0000,0.0000,0.00,0.00,0.00,0.000000,0.000000,-0.06,1
35093,0.01,0.0,0.0,0.0,0.0000,0.0000,0.0000,0.0000,0.00,0.00,0.00,0.000000,0.000000,-0.06,1
35093,0.02,0.0,0.0,0.0,0.0000,0.0000,0.0000,0.0000,0.00,0.00,0.00,0.000000,0.000000,-0.06,1
35093,0.01,0.0,0.0,0.0,0.0000,0.0000,0.0000,0.0000,0.00,0.00,0.00,0.000000,0.000000,-0.06,1
35093,0.01,0.0,0.0,0.0,0.0000,0.0000,0.0000,0.0000,0.00,0.00,0.00,0.000000,0.000000,-0.06,1
35093,0.01,0.0,0.0,0.0,0.0000,0.0000,0.0000,0.0000,0.00,0.00,0.00,0.000000,0.000000,-0.06,1
35106,0.01,0.0,0.0,0.0,0.0000,0.0000,0.0000,0.0000,0.00,0.00,0.00,0.000000,0.000000,-0.07,1
35106,0.01,0.0,0.0,0.0,0.0000,0.0000,0.0000,0.0000,0.00,0.00,0.00,0.000000,0.000000,-0.07,1
35106,0.00,0.0,0.0,0.0,0.0000,0.0000,0.0000,0.0000,0.00,0.00,0.00,0.000000,0.000000,-0.07,1
35106,0.01,0.0,0.0,0.0,0.0000,0.0000,0.0000,0.0000,0.00,0.00,0.00,0.000000,0.000000,-0.07,1
35106,0.00,0.0,0.0,0.0,0.0000,0.0000,0.0000,0.0000,0.00,0.00,0.00,0.000000,0.000000,-0.07,1
35119,0.00,0.0,0.0,0.0,0.0000,0.0000,0.0000,0.0000,0.00,0.00,0.00,0.000000,0.000000,-0.07,1
35119,0.01,0.0,0.0,0.0,0.0000,0.0000,0.0000,0.0000,0.00,0.00,0.00,0.000000,0.000000,-0.07,1
35119,0.01,0.0,0.0,0.0,0.0000,0.0000,0.0000,0.0000,0.00,0.00,0.00,0.000000,0.000000,-0.07,1
35119,0.00,0.0,0.0,0.0,0.0000,0.0000,0.0000,0.0000,0.00,0.00,0.00,0.000000,0.000000,-0.07,1
35119,0.01,0.0,0.0,0.0,0.0000,0.0000,0.0000,0.0000,0.00,0.00,0.00,0.000000,0.000000,-0.07,1
35132,0.00,0.0,0.0,0.0,0.0000,0.0000,0.0000,0.0000,0.00,0.00,0.00,0.000000,0.000000,-0.07,1
35132,0.00,0.0,0.0,0.0,0.0000,0.0000,0.0000,0.0000,0.00,0.00,0.00,0.000000,0.000000,-0.07,1
35132,0.01,0.0,0.0,0.0,0.0000,0.0000,0.0000,0.0000,0.00,0.00,0.00,0.000000,0.000000,-0.07,1
35132,0.01,0.0,0.0,0.0,0.0000,0.0000,0.0000,0.0000,0.00,0.00,0.00,0.000000,0.000000,-0.07,1
35132,0.01,0.0,0.0,0.0,0.0000,0.0000,0.0000,0.0000,0.00,0.00,0.00,0.000000,0.000000,-0.07,1
35144,0.01,0.0,0.0,0.0,0.0000,0.0000,0.0000,0.0000,0.00,0.00,0.00,0.000000,0.000000,-0.07,1
35144,0.00,0.0,0.0,0.0,0.0000,0.0000,0.0000,0.0000,0.00,0.00,0.00,0.000000,0.000000,-0.07,1
35144,0.01,0.0,0.0,0.0,0.0000,0.0000,0.0000,0.0000,0.00,0.00,0.00,0.000000,0.000000,-0.07,1
35144,0.00,0.0,0.0,0.0,0.0000,0.0000,0.0000,0.0000,0.00,0.00,0.00,0.000000,0.000000,-0.07,1
35144,0.00,0.0,0.0,0.0,0.0000,0.0000,0.0000,0.0000,0.00,0.00,0.00,0.000000,0.000000,-0.07,1
35157,0.00,0.0,0.0,0.0,0.0000,0.0000,0.0000,0.0000,0.00,0.00,0.00,0.000000,0.000000,-0.07,1
35157,0.01,0.0,0.0,0.0,0.0000,0.0000,0.0000,0.0000,0.00,0.00,0.00,0.000000,0.000000,-0.07,1
35157,0.01,0.0,0.0,0.0,0.0000,0.0000,0.0000,0.0000,0.00,0.00,0.00,0.000000,0.000000,-0.07,1
35157,0.01,0.0,0.0,0.0,0.0000,0.0000,0.0000,0.0000,0.00,0.00,0.00,0.000000,0.000000,-0.07,1
35157,0.01,0.0,0.0,0.0,0.0000,0.0000,0.0000,0.0000,0.00,0.00,0.00,0.000000,0.000000,-0.07,1
35170,0.01,0.0,0.0,0.0,0.0000,0.0000,0.0000,0.0000,0.00,0.00,0.00,0.000000,0.000000,-0.07,1
35170,0.00,0.0,0.0,0.0,0.0000,0.0000,0.0000,0.0000,0.00,0.00,0.00,0.000000,0.000000,-0.07,1
35170,0.01,0.0,0.0,0.0,0.0000,0.0000,0.0000,0.0000,0.00,0.00,0.00,0.000000,0.000000,-0.07,1
35170,0.01,0.0,0.0,0.0,0.0000,0.0000,0.0000,0.0000,0.00,0.00,0.00,0.000000,0.000000,-0.07,1
35170,0.00,0.0,0.0,0.0,0.0000,0.0000,0.0000,0.0000,0.00,0.00,0.00,0.000000,0.000000,-0.07,1
35183,0.01,0.0,0.0,0.0,0.0000,0.0000,0.0000,0.0000,0.00,0.00,0.00,0.000000,0.000000,-0.07,1
35183,0.00,0.0,0.0,0.0,0.0000,0.0000,0.0000,0.0000,0.00,0.00,0.00,0.000000,0.000000,-0.07,1
35183,0.00,0.0,0.0,0.0,0.0000,0.0000,0.0000,0.0000,0.00,0.00,0.00,0.000000,0.000000,-0.07,1
35183,0.00,0.0,0.0,0.0,0.0000,0.0000,0.0000,0.0000,0.00,0.00,0.00,0.000000,0.000000,-0.07,1
35183,0.00,0.0,0.0,0.0,0.0000,0.0000,0.0000,0.0000,0.00,0.00,0.00,0.000000,0.000000,-0.07,1
35195,0.01,0.0,0.0,0.0,0.0000,0.0000,0.0000,0.0000,0.00,0.00,0.00,0.000000,0.000000,-0.07,1
35195,0.02,0.0,0.0,0.0,0.0000,0.0000,0.0000,0.0000,0.00,0.00,0.00,0.000000,0.000000,-0.07,1
35195,0.00,0.0,0.0,0.0,0.0000,0.0000,0.0000,0.0000,0.00,0.00,0.00,0.000000,0.000000,-0.07,1
35195,0.01,0.0,0.0,0.0,0.0000,0.0000,0.0000,0.0000,0.00,0.00,0.00,0.000000,0.000000,-0.07,1
35195,0.00,0.0,0.0,0.0,0.0000,0.0000,0.0000,0.0000,0.00,0.00,0.00,0.000000,0.000000,-0.07,1
35208,0.00,0.0,0.0,0.0,0.0000,0.0000,0.0000,0.0000,0.00,0.00,0.00,0.000000,0.000000,-0.07,1
35208,0.01,0.0,0.0,0.0,0.0000,0.0000,0.0000,0.0000,0.00,0.00,0.00,0.000000,0.000000,-0.07,1
35208,0.00,0.0,0.0,0.0,0.0000,0.0000,0.0000,0.0000,0.00,0.00,0.00,0.000000,0.000000,-0.07,1
35208,0.00,0.0,0.0,0.0,0.0000,0.0000,0.0000,0.0000,0.00,0.00,0.00,0.000000,0.000000,-0.07,1
35208,0.00,0.0,0.0,0.0,0.0000,0.0000,0.0000,0.0000,0.00,0.00,0.00,0.000000,0.000000,-0.07,1
35221,0.01,0.0,0.0,0.0,0.0000,0.0000,0.0000,0.0000,0.00,0.00,0.00,0.000000,0.000000,-0.07,1
35221,0.01,0.0,0.0,0.0,0.0000,0.0000,0.0000,0.0000,0.00,0.00,0.00,0.000000,0.000000,-0.07,1
35221,0.01,0.0,0.0,0.0,0.0000,0.0000,0.0000,0.0000,0.00,0.00,0.00,0.000000,0.000000,-0.07,1
35221,0.00,0.0,0.0,0.0,0.0000,0.0000,0.0000,0.0000,0.00,0.00,0.00,0.000000,0.000000,-0.07,1
35221,0.02,0.0,0.0,0.0,0.0000,0.0000,0.0000,0.0000,0.00,0.00,0.00,0.000000,0.000000,-0.07,1
35234,0.01,0.0,0.0,0.0,0.0000,0.0000,0.0000,0.0000,0.00,0.00,0.00,0.000000,0.000000,-0.07,1
35234,0.00,0.0,0.0,0.0,0.0000,0.0000,0.0000,0.0000,0.00,0.00,0.00,0.000000,0.000000,-0.07,1
35234,0.01,0.0,0.0,0.0,0.0000,0.0000,0.0000,0.0000,0.00,0.00,0.00,0.000000,0.000000,-0.07,1
35234,0.01,0.0,0.0,0.0,0.0000,0.0000,0.0000,0.0000,0.00,0.00,0.00,0.000000,0.000000,-0.07,1
35234,0.01,0.0,0.0,0.0,0.0000,0.0000,0.0000,0.0000,0.00,0.00,0.00,0.000000,0.000000,-0.07,1
35246,0.00,0.0,0.0,0.0,0.0000,0.0000,0.0000,0.0000,0.00,0.00,0.00,0.000000,0.000000,-0.07,1
35246,0.00,0.0,0.0,0.0,0.0000,0.0000,0.0000,0.0000,0.00,0.00,0.00,0.000000,0.000000,-0.07,1
35246,0.01,0.0,0.0,0.0,0.0000,0.0000,0.0000,0.0000,0.00,0.00,0.00,0.000000,0.000000,-0.07,1
35246,0.01,0.0,0.0,0.0,0.0000,0.0000,0.0000,0.0000,0.00,0.00,0.00,0.000000,0.000000,-0.07,1
35246,0.00,0.0,0.0,0.0,0.0000,0.0000,0.0000,0.0000,0.00,0.00,0.00,0.000000,0.000000,-0.07,1
35259,0.01,0.0,0.0,0.0,0.0000,0.0000,0.0000,0.0000,0.00,0.00,0.00,0.000000,0.000000,-0.07,1
35259,0.00,0.0,0.0,0.0,0.0000,0.0000,0.0000,0.0000,0.00,0.00,0.00,0.000000,0.000000,-0.07,1
35259,0.01,0.0,0.0,0.0,0.0000,0.0000,0.0000,0.0000,0.00,0.00,0.00,0.000000,0.000000,-0.07,1
35259,0.00,0.0,0.0,0.0,0.0000,0.0000,0.0000,0.0000,0.00,0.00,0.00,0.000000,0.000000,-0.07,1
35259,0.00,0.0,0.0,0.0,0.0000,0.0000,0.0000,0.0000,0.00,0.00,0.00,0.000000,0.000000,-0.07,1
35272,0.01,0.0,0.0,0.0,0.0000,0.0000,0.0000,0.0000,0.00,0.00,0.00,0.000000,0.000000,-0.07,1
35272,0.01,0.0,0.0,0.0,0.0000,0.0000,0.0000,0.0000,0.00,0.00,0.00,0.000000,0.000000,-0.07,1
35272,0.00,0.0,0.0,0.0,0.0000,0.0000,0.0000,0.0000,0.00,0.00,0.00,0.000000,0.000000,-0.07,1
35272,0.01,0.0,0.0,0.0,0.0000,0.0000,0.0000,0.0000,0.00,0.00,0.00,0.000000,0.000000,-0.07,1
35272,0.01,0.0,0.0,0.0,0.0000,0.0000,0.0000,0.0000,0.00,0.00,0.00,0.000000,0.000000,-0.07,1
35285,0.01,0.0,0.0,0.0,0.0000,0.0000,0.0000,0.0000,0.00,0.00,0.00,0.000000,0.000000,-0.07,1
35285,0.00,0.0,0.0,0.0,0.0000,0.0000,0.0000,0.0000,0.00,0.00,0.00,0.000000,0.000000,-0.07,1
35285,0.01,0.0,0.0,0.0,0.0000,0.0000,0.0000,0.0000,0.00,0.00,0.00,0.000000,0.000000,-0.07,1
35285,0.01,0.0,0.0,0.0,0.0000,0.0000,0.0000,0.0000,0.00,0.00,0.00,0.000000,0.000000,-0.07,1
35285,0.00,0.0,0.0,0.0,0.0000,0.0000,0.0000,0.0000,0.00,0.00,0.00,0.000000,0.000000,-0.07,1
35297,0.01,0.0,0.0,0.0,0.0000,0.0000,0.0000,0.0000,0.00,0.00,0.00,0.000000,0.000000,-0.07,1
35297,0.00,0.0,0.0,0.0,0.0000,0.0000,0.0000,0.0000,0.00,0.00,0.00,0.000000,0.000000,-0.07,1
35297,0.00,0.0,0.0,0.0,0.0000,0.0000,0.0000,0.0000,0.00,0.00,0.00,0.000000,0.000000,-0.07,1
35297,0.00,0.0,0.0,0.0,0.0000,0.0000,0.0000,0.0000,0.00,0.00,0.00,0.000000,0.000000,-0.07,1
35297,0.00,0.0,0.0,0.0,0.0000,0.0000,0.0000,0.0000,0.00,0.00,0.00,0.000000,0.000000,-0.07,1
35310,0.00,0.0,0.0,0.0,0.0000,0.0000,0.0000,0.0000,0.00,0.00,0.00,0.000000,0.000000,-0.07,1
35310,0.01,0.0,0.0,0.0,0.0000,0.0000,0.0000,0.0000,0.00,0.00,0.00,0.000000,0.000000,-0.07,1
35310,0.01,0.0,0.0,0.0,0.0000,0.0000,0.0000,0.0000,0.00,0.00,0.00,0.000000,0.000000,-0.07,1
35310,0.00,0.0,0.0,0.0,0.0000,0.0000,0.0000,0.0000,0.00,0.00,0.00,0.000000,0.000000,-0.07,1
35310,0.01,0.0,0.0,0.0,0.0000,0.0000,0.0000,0.0000,0.00,0.00,0.00,0.000000,0.000000,-0.07,1
35323,0.01,0.0,0.0,0.0,0.0000,0.0000,0.0000,0.0000,0.00,0.00,0.00,0.000000,0.000000,-0.07,1
35323,0.00,0.0,0.0,0.0,0.0000,0.0000,0.0000,0.0000,0.00,0.00,0.00,0.000000,0.000000,-0.07,1
35323,0.00,0.0,0.0,0.0,0.0000,0.0000,0.0000,0.0000,0.00,0.00,0.00,0.000000,0.000000,-0.07,1
35323,0.01,0.0,0.0,0.0,0.0000,0.0000,0.0000,0.0000,0.00,0.00,0.00,0.000000,0.000000,-0.07,1
35323,0.02,0.0,0.0,0.0,0.0000,0.0000,0.0000,0.0000,0.00,0.00,0.00,0.000000,0.000000,-0.07,1
35336,0.00,0.0,0.0,0.0,0.0000,0.0000,0.0000,0.0000,0.00,0.00,0.00,0.000000,0.000000,-0.07,1
35336,0.01,0.0,0.0,0.0,0.0000,0.0000,0.0000,0.0000,0.00,0.00,0.00,0.000000,0.000000,-0.07,1
35336,0.01,0.0,0.0,0.0,0.0000,0.0000,0.0000,0.0000,0.00,0.00,0.00,0.000000,0.000000,-0.07,1
35336,0.01,0.0,0.0,0.0,0.0000,0.0000,0.0000,0.0000,0.00,0.00,0.00,0.000000,0.000000,-0.07,1
35336,0.00,0.0,0.0,0.0,0.0000,0.0000,0.0000,0.0000,0.00,0.00,0.00,0.000000,0.000000,-0.07,1
35348,0.00,0.0,0.0,0.0,0.0000,0.0000,0.0000,0.0000,0.00,0.00,0.00,0.000000,0.000000,-0.07,1
35348,0.01,0.0,0.0,0.0,0.0000,0.0000,0.0000,0.0000,0.00,0.00,0.00,0.000000,0.000000,-0.07,1
35348,0.01,0.0,0.0,0.0,0.0000,0.0000,0.0000,0.0000,0.00,0.00,0.00,0.000000,0.000000,-0.07,1
35348,0.00,0.0,0.0,0.0,0.0000,0.0000,0.0000,0.0000,0.00,0.00,0.00,0.000000,0.000000,-0.07,1
35348,0.01,0.0,0.0,0.0,0.0000,0.0000,0.0000,0.0000,0.00,0.00,0.00,0.000000,0.000000,-0.07,1
35361,0.00,0.0,0.0,0.0,0.0000,0.0000,0.0000,0.0000,0.00,0.00,0.00,0.000000,0.000000,-0.07,1
35361,0.00,0.0,0.0,0.0,0.0000,0.0000,0.0000,0.0000,0.00,0.00,0.00,0.000000,0.000000,-0.07,1
35361,0.00,0.0,0.0,0.0,0.0000,0.0000,0.0000,0.0000,0.00,0.00,0.00,0.000000,0.000000,-0.07,1
35361,0.01,0.0,0.0,0.0,0.0000,0.0000,0.0000,0.0000,0.00,0.00,0.00,0.000000,0.000000,-0.07,1
35361,0.01,0.0,0.0,0.0,0.0000,0.0000,0.0000,0.0000,0.00,0.00,0.00,0.000000,0.000000,-0.07,1
35374,0.01,0.0,0.0,0.0,0.0000,0.0000,0.0000,0.0000,0.00,0.00,0.00,0.000000,0.000000,-0.07,1
35374,0.00,0.0,0.0,0.0,0.0000,0.0000,0.0000,0.0000,0.00,0.00,0.00,0.000000,0.000000,-0.07,1
35374,0.01,0.0,0.0,0.0,0.0000,0.0000,0.0000,0.0000,0.00,0.00,0.00,0.000000,0.000000,-0.07,1
35374,0.00,0.0,0.0,0.0,0.0000,0.0000,0.0000,0.0000,0.00,0.00,0.00,0.000000,0.000000,-0.07,1
35374,0.00,0.0,0.0,0.0,0.0000,0.0000,0.0000,0.0000,0.00,0.00,0.00,0.000000,0.000000,-0.07,1
35387,0.00,0.0,0.0,0.0,0.0000,0.0000,0.0000,0.0000,0.00,0.00,0.00,0.000000,0.000000,-0.07,1
35387,0.01,0.0,0.0,0.0,0.0000,0.0000,0.0000,0.0000,0.00,0.00,0.00,0.000000,0.000000,-0.07,1
35387,0.01,0.0,0.0,0.0,0.0000,0.0000,0.0000,0.0000,0.00,0.00,0.00,0.000000,0.000000,-0.07,1
35387,0.01,0.0,0.0,0.0,0.0000,0.0000,0.0000,0.0000,0.00,0.00,0.00,0.000000,0.000000,-0.07,1
35387,0.01,0.0,0.0,0.0,0.0000,0.0000,0.0000,0.0000,0.00,0.00,0.00,0.000000,0.000000,-0.07,1
35399,0.00,0.0,0.0,0.0,0.0000,0.0000,0.0000,0.0000,0.00,0.00,0.00,0.000000,0.000000,-0.07,1
35399,0.00,0.0,0.0,0.0,0.0000,0.0000,0.0000,0.0000,0.00,0.00,0.00,0.000000,0.000000,-0.07,1
35399,0.01,0.0,0.0,0.0,0.0000,0.0000,0.0000,0.0000,0.00,0.00,0.00,0.000000,0.000000,-0.07,1
35399,0.01,0.0,0.0,0.0,0.0000,0.0000,0.0000,0.0000,0.00,0.00,0.00,0.000000,0.000000,-0.07,1
35399,0.01,0.0,0.0,0.0,0.0000,0.0000,0.0000,0.0000,0.00,0.00,0.00,0.000000,0.000000,-0.07,1
35412,0.01,0.0,0.0,0.0,0.0000,0.0000,0.0000,0.0000,0.00,0.00,0.00,0.000000,0.000000,-0.07,1
35412,0.00,0.0,0.0,0.0,0.0000,0.0000,0.0000,0.0000,0.00,0.00,0.00,0.000000,0.000000,-0.07,1
35412,0.01,0.0,0.0,0.0,0.0000,0.0000,0.0000,0.0000,0.00,0.00,0.00,0.000000,0.000000,-0.07,1
35412,0.01,0.0,0.0,0.0,0.0000,0.0000,0.0000,0.0000,0.00,0.00,0.00,0.000000,0.000000,-0.07,1
35412,0.01,0.0,0.0,0.0,0.0000,0.0000,0.0000,0.0000,0.00,0.00,0.00,0.000000,0.000000,-0.07,1
35425,0.01,0.0,0.0,0.0,0.0000,0.0000,0.0000,0.0000,0.00,0.00,0.00,0.000000,0.000000,-0.07,1
35425,0.00,0.0,0.0,0.0,0.0000,0.0000,0.0000,0.0000,0.00,0.00,0.00,0.000000,0.000000,-0.07,1
35425,0.00,0.0,0.0,0.0,0.0000,0.0000,0.0000,0.0000,0.00,0.00,0.00,0.000000,0.000000,-0.07,1
35425,0.00,0.0,0.0,0.0,0.0000,0.0000,0.0000,0.0000,0.00,0.00,0.00,0.000000,0.000000,-0.07,1
35425,0.00,0.0,0.0,0.0,0.0000,0.0000,0.0000,0.0000,0.00,0.00,0.00,0.000000,0.000000,-0.07,1
35438,0.00,0.0,0.0,0.0,0.0000,0.0000,0.0000,0.0000,0.00,0.00,0.00,0.000000,0.000000,-0.07,1
35438,0.01,0.0,0.0,0.0,0.0000,0.0000,0.0000,0.0000,0.00,0.00,0.00,0.000000,0.000000,-0.07,1
35438,0.01,0.0,0.0,0.0,0.0000,0.0000,0.0000,0.0000,0.00,0.00,0.00,0.000000,0.000000,-0.07,1
35438,0.01,0.0,0.0,0.0,0.0000,0.0000,0.0000,0.0000,0.00,0.00,0.00,0.000000,0.000000,-0.07,1
35438,0.01,0.0,0.0,0.0,0.0000,0.0000,0.0000,0.0000,0.00,0.00,0.00,0.000000,0.000000,-0.07,1
35450,0.00,0.0,0.0,0.0,0.0000,0.0000,0.0000,0.0000,0.00,0.00,0.00,0.000000,0.000000,-0.07,1
35450,0.00,0.0,0.0,0.0,0.0000,0.0000,0.0000,0.0000,0.00,0.00,0.00,0.000000,0.000000,-0.07,1
35450,0.00,0.0,0.0,0.0,0.0000,0.0000,0.0000,0.0000,0.00,0.00,0.00,0.000000,0.000000,-0.07,1
35450,0.00,0.0,0.0,0.0,0.0000,0.0000,0.0000,0.0000,0.00,0.00,0.00,0.000000,0.000000,-0.07,1
35450,0.01,0.0,0.0,0.0,0.0000,0.0000,0.0000,0.0000,0.00,0.00,0.00,0.000000,0.000000,-0.07,1
35463,0.00,0.0,0.0,0.0,0.0000,0.0000,0.0000,0.0000,0.00,0.00,0.00,0.000000,0.000000,-0.07,1
35463,0.00,0.0,0.0,0.0,0.0000,0.0000,0.0000,0.0000,0.00,0.00,0.00,0.000000,0.000000,-0.07,1
35463,0.01,0.0,0.0,0.0,0.0000,0.0000,0.0000,0.0000,0.00,0.00,0.00,0.000000,0.000000,-0.07,1
35463,0.01,0.0,0.0,0.0,0.0000,0.0000,0.0000,0.0000,0.00,0.00,0.00,0.000000,0.000000,-0.07,1
35463,0.00,0.0,0.0,0.0,0.0000,0.0000,0.0000,0.0000,0.00,0.00,0.00,0.000000,0.000000,-0.07,1
35476,0.01,0.0,0.0,0.0,0.0000,0.0000,0.0000,0.0000,0.00,0.00,0.00,0.000000,0.000000,-0.07,1
35476,0.00,0.0,0.0,0.0,0.0000,0.0000,0.0000,0.0000,0.00,0.00,0.00,0.000000,0.000000,-0.07,1
35476,0.00,0.0,0.0,0.0,0.0000,0.0000,0.0000,0.0000,0.00,0.00,0.00,0.000000,0.000000,-0.07,1
35476,0.01,0.0,0.0,0.0,0.0000,0.0000,0.0000,0.0000,0.00,0.00,0.00,0.000000,0.000000,-0.07,1
35476,0.00,0.0,0.0,0.0,0.0000,0.0000,0.0000,0.0000,0.00,0.00,0.00,0.000000,0.000000,-0.07,1
35489,0.01,0.0,0.0,0.0,0.0000,0.0000,0.0000,0.0000,0.00,0.00,0.00,0.000000,0.000000,-0.07,1
35489,0.01,0.0,0.0,0.0,0.0000,0.0000,0.0000,0.0000,0.00,0.00,0.00,0.000000,0.000000,-0.07,1
35489,0.01,0.0,0.0,0.0,0.0000,0.0000,0.0000,0.0000,0.00,0.00,0.00,0.000000,0.000000,-0.07,1
35489,0.01,0.0,0.0,0.0,0.0000,0.0000,0.0000,0.0000,0.00,0.00,0.00,0.000000,0.000000,-0.07,1
35489,0.01,0.0,0.0,0.0,0.0000,0.0000,0.0000,0.0000,0.00,0.00,0.00,0.000000,0.000000,-0.07,1
35501,0.00,0.0,0.0,0.0,0.0000,0.0000,0.0000,0.0000,0.00,0.00,0.00,0.000000,0.000000,-0.07,1
35501,0.01,0.0,0.0,0.0,0.0000,0.0000,0.0000,0.0000,0.00,0.00,0.00,0.000000,0.000000,-0.07,1
35501,0.01,0.0,0.0,0.0,0.0000,0.0000,0.0000,0.0000,0.00,0.00,0.00,0.000000,0.000000,-0.07,1
35501,0.01,0.0,0.0,0.0,0.0000,0.0000,0.0000,0.0000,0.00,0.00,0.00,0.000000,0.000000,-0.07,1
35501,0.00,0.0,0.0,0.0,0.0000,0.0000,0.0000,0.0000,0.00,0.00,0.00,0.000000,0.000000,-0.07,1
35514,0.01,0.0,0.0,0.0,0.0000,0.0000,0.0000,0.0000,0.00,0.00,0.00,0.000000,0.000000,-0.07,1
35514,0.01,0.0,0.0,0.0,0.0000,0.0000,0.0000,0.0000,0.00,0.00,0.00,0.000000,0.000000,-0.07,1
35514,0.01,0.0,0.0,0.0,0.0000,0.0000,0.0000,0.0000,0.00,0.00,0.00,0.000000,0.000000,-0.07,1
35514,0.01,0.0,0.0,0.0,0.0000,0.0000,0.0000,0.0000,0.00,0.00,0.00,0.000000,0.000000,-0.07,1
35514,0.01,0.0,0.0,0.0,0.0000,0.0000,0.0000,0.0000,0.00,0.00,0.00,0.000000,0.000000,-0.07,1
35527,0.02,0.0,0.0,0.0,0.0000,0.0000,0.0000,0.0000,0.00,0.00,0.00,0.000000,0.000000,-0.07,1
35527,0.01,0.0,0.0,0.0,0.0000,0.0000,0.0000,0.0000,0.00,0.00,0.00,0.000000,0.000000,-0.07,1
35527,0.01,0.0,0.0,0.0,0.0000,0.0000,0.0000,0.0000,0.00,0.00,0.00,0.000000,0.000000,-0.07,1
35527,0.01,0.0,0.0,0.0,0.0000,0.0000,0.0000,0.0000,0.00,0.00,0.00,0.000000,0.000000,-0.07,1
35527,0.01,0.0,0.0,0.0,0.0000,0.0000,0.0000,0.0000,0.00,0.00,0.00,0.000000,0.000000,-0.07,1
35540,0.00,0.0,0.0,0.0,0.0000,0.0000,0.0000,0.0000,0.00,0.00,0.00,0.000000,0.000000,-0.07,1
35540,0.01,0.0,0.0,0.0,0.0000,0.0000,0.0000,0.0000,0.00,0.00,0.00,0.000000,0.000000,-0.07,1
35540,0.01,0.0,0.0,0.0,0.0000,0.0000,0.0000,0.0000,0.00,0.00,0.00,0.000000,0.000000,-0.07,1
35540,0.02,0.0,0.0,0.0,0.0000,0.0000,0.0000,0.0000,0.00,0.00,0.00,0.000000,0.000000,-0.07,1
35540,0.01,0.0,0.0,0.0,0.0000,0.0000,0.0000,0.0000,0.00,0.00,0.00,0.000000,0.000000,-0.07,1
35552,0.01,0.0,0.0,0.0,0.0000,0.0000,0.0000,0.0000,0.00,0.00,0.00,0.000000,0.000000,-0.07,1
35552,0.01,0.0,0.0,0.0,0.0000,0.0000,0.0000,0.0000,0.00,0.00,0.00,0.000000,0.000000,-0.07,1
35552,0.02,0.0,0.0,0.0,0.0000,0.0000,0.0000,0.0000,0.00,0.00,0.00,0.000000,0.000000,-0.07,1
35552,0.02,0.0,0.0,0.0,0.0000,0.0000,0.0000,0.0000,0.00,0.00,0.00,0.000000,0.000000,-0.07,1
35552,0.01,0.0,0.0,0.0,0.0000,0.0000,0.0000,0.0000,0.00,0.00,0.00,0.000000,0.000000,-0.07,1
35565,0.02,0.0,0.0,0.0,0.0000,0.0000,0.0000,0.0000,0.00,0.00,0.00,0.000000,0.000000,-0.07,1
35565,0.02,0.0,0.0,0.0,0.0000,0.0000,0.0000,0.0000,0.00,0.00,0.00,0.000000,0.000000,-0.07,1
35565,0.03,0.0,0.0,0.0,0.0000,0.0000,0.0000,0.0000,0.00,0.00,0.00,0.000000,0.000000,-0.07,1
35565,0.02,0.0,0.0,0.0,0.0000,0.0000,0.0000,0.0000,0.00,0.00,0.00,0.000000,0.000000,-0.07,1
35565,0.02,0.0,0.0,0.0,0.0000,0.0000,0.0000,0.0000,0.00,0.00,0.00,0.000000,0.000000,-0.07,1
35578,0.02,0.0,0.0,0.0,0.0000,0.0000,0.0000,0.0000,0.00,0.00,0.00,0.000000,0.000000,-0.07,1
35578,0.03,0.0,0.0,0.0,0.0000,0.0000,0.0000,0.0000,0.00,0.00,0.00,0.000000,0.000000,-0.07,1
35578,0.03,0.0,0.0,0.0,0.0000,0.0000,0.0000,0.0000,0.00,0.00,0.00,0.000000,0.000000,-0.07,1
35578,0.02,0.0,0.0,0.0,0.0000,0.0000,0.0000,0.0000,0.00,0.00,0.00,0.000000,0.000000,-0.07,1
35578,0.02,0.0,0.0,0.0,0.0000,0.0000,0.0000,0.0000,0.00,0.00,0.00,0.000000,0.000000,-0.07,1
35591,0.02,0.0,0.0,0.0,0.0000,0.0000,0.0000,0.0000,0.00,0.00,0.00,0.000000,0.000000,-0.07,1
35591,0.03,0.0,0.0,0.0,0.0000,0.0000,0.0000,0.0000,0.00,0.00,0.00,0.000000,0.000000,-0.07,1
35591,0.05,0.0,0.0,0.0,0.0000,0.0000,0.0000,0.0000,0.00,0.00,0.00,0.000000,0.000000,-0.07,1
35591,0.05,0.0,0.0,0.0,0.0000,0.0000,0.0000,0.0000,0.00,0.00,0.00,0.000000,0.000000,-0.07,1
35591,0.03,0.0,0.0,0.0,0.0000,0.0000,0.0000,0.0000,0.00,0.00,0.00,0.000000,0.000000,-0.07,1
35603,0.05,0.0,0.0,0.0,0.0000,0.0000,0.0000,0.0000,0.00,0.00,0.00,0.000000,0.000000,-0.07,1
35603,0.05,0.0,0.0,0.0,0.0000,0.0000,0.0000,0.0000,0.00,0.00,0.00,0.000000,0.000000,-0.07,1
35603,0.07,0.0,0.0,0.0,0.0000,0.0000,0.0000,0.0000,0.00,0.00,0.00,0.000000,0.000000,-0.07,1
35603,0.10,0.0,0.0,0.0,0.0000,0.0000,0.0000,0.0000,0.00,0.00,0.00,0.000000,0.000000,-0.07,1
35603,0.12,0.0,0.0,0.0,0.0000,0.0000,0.0000,0.0000,0.00,0.00,0.00,0.000000,0.000000,-0.07,1
35616,0.20,0.0,0.0,0.0,0.0000,0.0000,0.0000,0.0000,0.00,0.00,0.00,0.000000,0.000000,-0.07,1
35616,0.23,0.0,0.0,0.0,0.0000,0.0000,0.0000,0.0000,0.00,0.00,0.00,0.000000,0.000000,-0.07,1
35616,0.30,0.0,0.0,0.0,0.0000,0.0000,0.0000,0.0000,0.00,0.00,0.00,0.000000,0.000000,-0.07,1
35616,0.35,0.0,0.0,0.0,0.0000,0.0000,0.0000,0.0000,0.00,0.00,0.00,0.000000,0.000000,-0.07,1
35616,0.37,0.0,0.0,0.0,0.0000,0.0000,0.0000,0.0000,0.00,0.00,0.00,0.000000,0.000000,-0.07,1
35629,0.38,0.0,0.0,0.0,0.0000,0.0000,0.0000,0.0000,0.00,0.00,0.00,0.000000,0.000000,-0.07,1
35629,0.40,0.0,0.0,0.0,0.0000,0.0000,0.0000,0.0000,0.00,0.00,0.00,0.000000,0.000000,-0.07,1
35629,0.41,0.0,0.0,0.0,0.0000,0.0000,0.0000,0.0000,0.00,0.00,0.00,0.000000,0.000000,-0.07,1
35629,0.43,0.0,0.0,0.0,0.0000,0.0000,0.0000,0.0000,0.00,0.00,0.00,0.000000,0.000000,-0.07,1
35629,0.44,0.0,0.0,0.0,0.0000,0.0000,0.0000,0.0000,0.00,0.00,0.00,0.000000,0.000000,-0.07,1
35642,0.45,0.0,0.0,0.0,0.0000,0.0000,0.0000,0.0000,0.00,0.00,0.00,0.000000,0.000000,-0.07,1
35642,0.45,0.0,0.0,0.0,0.0000,0.0000,0.0000,0.0000,0.00,0.00,0.00,0.000000,0.000000,-0.07,1
35642,0.45,0.0,0.0,0.0,0.0000,0.0000,0.0000,0.0000,0.00,0.00,0.00,0.000000,0.000000,-0.07,1
35642,0.45,0.0,0.0,0.0,0.0000,0.0000,0.0000,0.0000,0.00,0.00,0.00,0.000000,0.000000,-0.07,1
35642,0.45,0.0,0.0,0.0,0.0000,0.0000,0.0000,0.0000,0.00,0.00,0.00,0.000000,0.000000,-0.07,1
35654,0.46,0.0,0.0,0.0,0.0000,0.0000,0.0000,0.0000,0.00,0.00,0.00,0.000000,0.000000,-0.07,1
35654,0.46,0.0,0.0,0.0,0.0000,0.0000,0.0000,0.0000,0.00,0.00,0.00,0.000000,0.000000,-0.07,1
35654,0.47,0.0,0.0,0.0,0.0000,0.0000,0.0000,0.0000,0.00,0.00,0.00,0.000000,0.000000,-0.07,1
35654,0.47,0.0,0.0,0.0,0.0000,0.0000,0.0000,0.0000,0.00,0.00,0.00,0.000000,0.000000,-0.07,1
35654,0.47,0.0,0.0,0.0,0.0000,0.0000,0.0000,0.0000,0.00,0.00,0.00,0.000000,0.000000,-0.07,1
35667,0.49,0.0,0.0,0.0,0.0000,0.0000,0.0000,0.0000,0.00,0.00,0.00,0.000000,0.000000,-0.07,1
35667,0.49,0.0,0.0,0.0,0.0000,0.0000,0.0000,0.0000,0.00,0.00,0.00,0.000000,0.000000,-0.07,1
35667,0.50,0.0,0.0,0.0,0.0000,0.0000,0.0000,0.0000,0.00,0.00,0.00,0.000000,0.000000,-0.07,1
35667,0.50,0.0,0.0,0.0,0.0000,0.0000,0.0000,0.0000,0.00,0.00,0.00,0.000000,0.000000,-0.07,1
35667,0.51,0.0,0.0,0.0,0.0000,0.0000,0.0000,0.0000,0.00,0.00,0.00,0.000000,0.000000,-0.07,1
35680,0.51,0.0,0.0,0.0,0.0000,0.0000,0.0000,0.0000,0.00,0.00,0.00,0.000000,0.000000,-0.07,1
35680,0.52,0.0,0.0,0.0,0.0000,0.0000,0.0000,0.0000,0.00,0.00,0.00,0.000000,0.000000,-0.07,1
35680,0.52,0.0,0.0,0.0,0.0000,0.0000,0.0000,0.0000,0.00,0.00,0.00,0.000000,0.000000,-0.07,1
35680,0.55,0.0,0.0,0.0,0.0000,0.0000,0.0000,0.0000,0.00,0.00,0.00,0.000000,0.000000,-0.07,1
35680,0.55,0.0,0.0,0.0,0.0000,0.0000,0.0000,0.0000,0.00,0.00,0.00,0.000000,0.000000,-0.07,1
35693,0.55,0.0,0.0,0.0,0.0000,0.0000,0.0000,0.0000,0.00,0.00,0.00,0.000000,0.000000,-0.07,1
35693,0.56,0.0,0.0,0.0,0.0000,0.0000,0.0000,0.0000,0.00,0.00,0.00,0.000000,0.000000,-0.07,1
35693,0.57,0.0,0.0,0.0,0.0000,0.0000,0.0000,0.0000,0.00,0.00,0.00,0.000000,0.000000,-0.07,1
35693,0.57,0.0,0.0,0.0,0.0000,0.0000,0.0000,0.0000,0.00,0.00,0.00,0.000000,0.000000,-0.07,1
35693,0.57,0.0,0.0,0.0,0.0000,0.0000,0.0000,0.0000,0.00,0.00,0.00,0.000000,0.000000,-0.07,1
35705,0.60,0.0,0.0,0.0,0.0000,0.0000,0.0000,0.0000,0.00,0.00,0.00,0.000000,0.000000,-0.07,1
35705,0.61,0.0,0.0,0.0,0.0000,0.0000,0.0000,0.0000,0.00,0.00,0.00,0.000000,0.000000,-0.07,1
35705,0.61,0.0,0.0,0.0,0.0000,0.0000,0.0000,0.0000,0.00,0.00,0.00,0.000000,0.000000,-0.07,1
35705,0.61,0.0,0.0,0.0,0.0000,0.0000,0.0000,0.0000,0.00,0.00,0.00,0.000000,0.000000,-0.07,1
35705,0.63,0.0,0.0,0.0,0.0000,0.0000,0.0000,0.0000,0.00,0.00,0.00,0.000000,0.000000,-0.07,1
35718,0.63,0.0,0.0,0.0,0.0000,0.0000,0.0000,0.0000,0.00,0.00,0.00,0.000000,0.000000,-0.07,1
35718,0.65,0.0,0.0,0.0,0.0000,0.0000,0.0000,0.0000,0.00,0.00,0.00,0.000000,0.000000,-0.07,1
35718,0.65,0.0,0.0,0.0,0.0000,0.0000,0.0000,0.0000,0.00,0.00,0.00,0.000000,0.000000,-0.07,1
35718,0.66,0.0,0.0,0.0,0.0000,0.0000,0.0000,0.0000,0.00,0.00,0.00,0.000000,0.000000,-0.07,1
35718,0.68,0.0,0.0,0.0,0.0000,0.0000,0.0000,0.0000,0.00,0.00,0.00,0.000000,0.000000,-0.07,1
35731,0.68,0.0,0.0,0.0,0.0000,0.0000,0.0000,0.0000,0.00,0.00,0.00,0.000000,0.000000,-0.07,1
35731,0.69,0.0,0.0,0.0,0.0000,0.0000,0.0000,0.0000,0.00,0.00,0.00,0.000000,0.000000,-0.07,1
35731,0.72,0.0,0.0,0.0,0.0000,0.0000,0.0000,0.0000,0.00,0.00,0.00,0.000000,0.000000,-0.07,1
35731,0.75,0.0,0.0,0.0,0.0000,0.0000,0.0000,0.0000,0.00,0.00,0.00,0.000000,0.000000,-0.07,1
35731,0.75,0.0,0.0,0.0,0.0000,0.0000,0.0000,0.0000,0.00,0.00,0.00,0.000000,0.000000,-0.07,1
35744,0.79,0.0,0.0,0.0,0.0000,0.0000,0.0000,0.0000,0.00,0.00,0.00,0.000000,0.000000,-0.07,1
35744,0.83,0.0,0.0,0.0,0.0000,0.0000,0.0000,0.0000,0.00,0.00,0.00,0.000000,0.000000,-0.07,1
35744,0.88,0.0,0.0,0.0,0.0000,0.0000,0.0000,0.0000,0.00,0.00,0.00,0.000000,0.000000,-0.07,1
35744,0.93,0.0,0.0,0.0,0.0000,0.0000,0.0000,0.0000,0.00,0.00,0.00,0.000000,0.000000,-0.07,1
35744,0.98,0.0,0.0,0.0,0.0000,0.0000,0.0000,0.0000,0.00,0.00,0.00,0.000000,0.000000,-0.07,1
35756,1.09,0.0,0.0,0.0,0.0000,0.0000,0.0000,0.0000,0.00,0.00,0.00,0.000000,0.000000,-0.07,1
35756,1.16,0.0,0.0,0.0,0.0000,0.0000,0.0000,0.0000,0.00,0.00,0.00,0.000000,0.000000,-0.07,1
35756,1.30,0.0,0.0,0.0,0.0000,0.0000,0.0000,0.0000,0.00,0.00,0.00,0.000000,0.000000,-0.07,1
35756,1.52,0.0,0.0,0.0,0.0000,0.0000,0.0000,0.0000,0.00,0.00,0.00,0.000000,0.000000,-0.07,1
35756,1.84,0.0,0.0,0.0,0.0000,0.0000,0.0000,0.0000,0.00,0.00,0.00,0.000000,0.000000,-0.07,1
35769,2.08,0.0,0.0,0.0,0.0000,0.0000,0.0000,0.0000,0.00,0.00,0.00,0.000000,0.000000,-0.08,1
35769,2.25,0.0,0.0,0.0,0.0000,0.0000,0.0000,0.0000,0.00,0.00,0.00,0.000000,0.000000,-0.08,1
35769,2.24,0.0,0.0,0.0,0.0000,0.0000,0.0000,0.0000,0.00,0.00,0.00,0.000000,0.000000,-0.08,1
35769,2.22,0.0,0.0,0.0,0.0000,0.0000,0.0000,0.0000,0.00,0.00,0.00,0.000000,0.000000,-0.08,1
35769,2.19,0.0,0.0,0.0,0.0000,0.0000,0.0000,0.0000,0.00,0.00,0.00,0.000000,0.000000,-0.08,1
35782,2.11,0.0,0.0,0.0,0.0000,0.0000,0.0000,0.0000,0.00,0.00,0.00,0.000000,0.000000,-0.08,1
35782,2.03,0.0,0.0,0.0,0.0000,0.0000,0.0000,0.0000,0.00,0.00,0.00,0.000000,0.000000,-0.08,1
35782,1.98,0.0,0.0,0.0,0.0000,0.0000,0.0000,0.0000,0.00,0.00,0.00,0.000000,0.000000,-0.08,1
35782,1.95,0.0,0.0,0.0,0.0000,0.0000,0.0000,0.0000,0.00,0.00,0.00,0.000000,0.000000,-0.08,1
35782,1.94,0.0,0.0,0.0,0.0000,0.0000,0.0000,0.0000,0.00,0.00,0.00,0.000000,0.000000,-0.08,1
35795,1.92,0.0,0.0,0.0,0.0000,0.0000,0.0000,0.0000,0.00,0.00,0.00,0.000000,0.000000,-0.08,1
35795,1.92,0.0,0.0,0.0,0.0000,0.0000,0.0000,0.0000,0.00,0.00,0.00,0.000000,0.000000,-0.08,1
35795,1.91,0.0,0.0,0.0,0.0000,0.0000,0.0000,0.0000,0.00,0.00,0.00,0.000000,0.000000,-0.08,1
35795,1.91,0.0,0.0,0.0,0.0000,0.0000,0.0000,0.0000,0.00,0.00,0.00,0.000000,0.000000,-0.08,1
35795,1.91,0.0,0.0,0.0,0.0000,0.0000,0.0000,0.0000,0.00,0.00,0.00,0.000000,0.000000,-0.08,1
35807,1.91,0.0,0.0,0.0,0.0000,0.0000,0.0000,0.0000,0.00,0.00,0.00,0.000000,0.000000,-0.08,1
35807,1.91,0.0,0.0,0.0,0.0000,0.0000,0.0000,0.0000,0.00,0.00,0.00,0.000000,0.000000,-0.08,1
35807,1.91,0.0,0.0,0.0,0.0000,0.0000,0.0000,0.0000,0.00,0.00,0.00,0.000000,0.000000,-0.08,1
35807,1.91,0.0,0.0,0.0,0.0000,0.0000,0.0000,0.0000,0.00,0.00,0.00,0.000000,0.000000,-0.08,1
35807,1.91,0.0,0.0,0.0,0.0000,0.0000,0.0000,0.0000,0.00,0.00,0.00,0.000000,0.000000,-0.08,1
35820,1.91,0.0,0.0,0.0,0.0000,0.0000,0.0000,0.0000,0.00,0.00,0.00,0.000000,0.000000,-0.07,1
35820,1.91,0.0,0.0,0.0,0.0000,0.0000,0.0000,0.0000,0.00,0.00,0.00,0.000000,0.000000,-0.07,1
35820,1.91,0.0,0.0,0.0,0.0000,0.0000,0.0000,0.0000,0.00,0.00,0.00,0.000000,0.000000,-0.07,1
35820,1.91,0.0,0.0,0.0,0.0000,0.0000,0.0000,0.0000,0.00,0.00,0.00,0.000000,0.000000,-0.07,1
35820,1.91,0.0,0.0,0.0,0.0000,0.0000,0.0000,0.0000,0.00,0.00,0.00,0.000000,0.000000,-0.07,1
35833,1.91,0.0,0.0,0.0,0.0000,0.0000,0.0000,0.0000,0.00,0.00,0.00,0.000000,0.000000,-0.07,1
35833,1.91,0.0,0.0,0.0,0.0000,0.0000,0.0000,0.0000,0.00,0.00,0.00,0.000000,0.000000,-0.07,1
35833,1.90,0.0,0.0,0.0,0.0000,0.0000,0.0000,0.0000,0.00,0.00,0.00,0.000000,0.000000,-0.07,1
35833,1.90,0.0,0.0,0.0,0.0000,0.0000,0.0000,0.0000,0.00,0.00,0.00,0.000000,0.000000,-0.07,1
35833,1.90,0.0,0.0,0.0,0.0000,0.0000,0.0000,0.0000,0.00,0.00,0.00,0.000000,0.000000,-0.07,1
35846,1.90,0.0,0.0,0.0,0.0000,0.0000,0.0000,0.0000,0.00,0.00,0.00,0.000000,0.000000,-0.07,1
35846,1.90,0.0,0.0,0.0,0.0000,0.0000,0.0000,0.0000,0.00,0.00,0.00,0.000000,0.000000,-0.07,1
35846,1.90,0.0,0.0,0.0,0.0000,0.0000,0.0000,0.0000,0.00,0.00,0.00,0.000000,0.000000,-0.07,1
35846,1.90,0.0,0.0,0.0,0.0000,0.0000,0.0000,0.0000,0.00,0.00,0.00,0.000000,0.000000,-0.07,1
35846,1.90,0.0,0.0,0.0,0.0000,0.0000,0.0000,0.0000,0.00,0.00,0.00,0.000000,0.000000,-0.07,1
35858,1.90,0.0,0.0,0.0,0.0000,0.0000,0.0000,0.0000,0.00,0.00,0.00,0.000000,0.000000,-0.07,1
35858,1.90,0.0,0.0,0.0,0.0000,0.0000,0.0000,0.0000,0.00,0.00,0.00,0.000000,0.000000,-0.07,1
35858,1.90,0.0,0.0,0.0,0.0000,0.0000,0.0000,0.0000,0.00,0.00,0.00,0.000000,0.000000,-0.07,1
35858,1.90,0.0,0.0,0.0,0.0000,0.0000,0.0000,0.0000,0.00,0.00,0.00,0.000000,0.000000,-0.07,1
35858,1.90,0.0,0.0,0.0,0.0000,0.0000,0.0000,0.0000,0.00,0.00,0.00,0.000000,0.000000,-0.07,1
35871,1.90,0.0,0.0,0.0,0.0000,0.0000,0.0000,0.0000,0.00,0.00,0.00,0.000000,0.000000,-0.07,1
35871,1.90,0.0,0.0,0.0,0.0000,0.0000,0.0000,0.0000,0.00,0.00,0.00,0.000000,0.000000,-0.07,1
35871,1.90,0.0,0.0,0.0,0.0000,0.0000,0.0000,0.0000,0.00,0.00,0.00,0.000000,0.000000,-0.07,1
35871,1.90,0.0,0.0,0.0,0.0000,0.0000,0.0000,0.0000,0.00,0.00,0.00,0.000000,0.000000,-0.07,1
35871,1.90,0.0,0.0,0.0,0.0000,0.0000,0.0000,0.0000,0.00,0.00,0.00,0.000000,0.000000,-0.07,1
35884,1.90,0.0,0.0,0.0,0.0000,0.0000,0.0000,0.0000,0.00,0.00,0.00,0.000000,0.000000,-0.07,1
35884,1.90,0.0,0.0,0.0,0.0000,0.0000,0.0000,0.0000,0.00,0.00,0.00,0.000000,0.000000,-0.07,1
35884,1.90,0.0,0.0,0.0,0.0000,0.0000,0.0000,0.0000,0.00,0.00,0.00,0.000000,0.000000,-0.07,1
35884,1.90,0.0,0.0,0.0,0.0000,0.0000,0.0000,0.0000,0.00,0.00,0.00,0.000000,0.000000,-0.07,1
35884,1.90,0.0,0.0,0.0,0.0000,0.0000,0.0000,0.0000,0.00,0.00,0.00,0.000000,0.000000,-0.07,1
35897,1.90,0.0,0.0,0.0,0.0000,0.0000,0.0000,0.0000,0.00,0.00,0.00,0.000000,0.000000,-0.07,1
35897,1.90,0.0,0.0,0.0,0.0000,0.0000,0.0000,0.0000,0.00,0.00,0.00,0.000000,0.000000,-0.07,1
35897,1.90,0.0,0.0,0.0,0.0000,0.0000,0.0000,0.0000,0.00,0.00,0.00,0.000000,0.000000,-0.07,1
35897,1.90,0.0,0.0,0.0,0.0000,0.0000,0.0000,0.0000,0.00,0.00,0.00,0.000000,0.000000,-0.07,1
35897,1.90,0.0,0.0,0.0,0.0000,0.0000,0.0000,0.0000,0.00,0.00,0.00,0.000000,0.000000,-0.07,1
35909,1.90,0.0,0.0,0.0,0.0000,0.0000,0.0000,0.0000,0.00,0.00,0.00,0.000000,0.000000,-0.07,1
35909,1.90,0.0,0.0,0.0,0.0000,0.0000,0.0000,0.0000,0.00,0.00,0.00,0.000000,0.000000,-0.07,1
35909,1.90,0.0,0.0,0.0,0.0000,0.0000,0.0000,0.0000,0.00,0.00,0.00,0.000000,0.000000,-0.07,1
35909,1.90,0.0,0.0,0.0,0.0000,0.0000,0.0000,0.0000,0.00,0.00,0.00,0.000000,0.000000,-0.07,1
35909,1.90,0.0,0.0,0.0,0.0000,0.0000,0.0000,0.0000,0.00,0.00,0.00,0.000000,0.000000,-0.07,1
35922,1.90,0.0,0.0,0.0,0.0000,0.0000,0.0000,0.0000,0.00,0.00,0.00,0.000000,0.000000,-0.07,1
35922,1.90,0.0,0.0,0.0,0.0000,0.0000,0.0000,0.0000,0.00,0.00,0.00,0.000000,0.000000,-0.07,1
35922,1.90,0.0,0.0,0.0,0.0000,0.0000,0.0000,0.0000,0.00,0.00,0.00,0.000000,0.000000,-0.07,1
35922,1.90,0.0,0.0,0.0,0.0000,0.0000,0.0000,0.0000,0.00,0.00,0.00,0.000000,0.000000,-0.07,1
35922,1.90,0.0,0.0,0.0,0.0000,0.0000,0.0000,0.0000,0.00,0.00,0.00,0.000000,0.000000,-0.07,1
35935,1.90,0.0,0.0,0.0,0.0000,0.0000,0.0000,0.0000,0.00,0.00,0.00,0.000000,0.000000,-0.07,1
35935,1.90,0.0,0.0,0.0,0.0000,0.0000,0.0000,0.0000,0.00,0.00,0.00,0.000000,0.000000,-0.07,1
35935,1.90,0.0,0.0,0.0,0.0000,0.0000,0.0000,0.0000,0.00,0.00,0.00,0.000000,0.000000,-0.07,1
35935,1.90,0.0,0.0,0.0,0.0000,0.0000,0.0000,0.0000,0.00,0.00,0.00,0.000000,0.000000,-0.07,1
35935,1.90,0.0,0.0,0.0,0.0000,0.0000,0.0000,0.0000,0.00,0.00,0.00,0.000000,0.000000,-0.07,1
35948,1.90,0.0,0.0,0.0,0.0000,0.0000,0.0000,0.0000,0.00,0.00,0.00,0.000000,0.000000,-0.07,1
35948,1.88,0.0,0.0,0.0,0.0000,0.0000,0.0000,0.0000,0.00,0.00,0.00,0.000000,0.000000,-0.07,1
35948,1.88,0.0,0.0,0.0,0.0000,0.0000,0.0000,0.0000,0.00,0.00,0.00,0.000000,0.000000,-0.07,1
35948,1.88,0.0,0.0,0.0,0.0000,0.0000,0.0000,0.0000,0.00,0.00,0.00,0.000000,0.000000,-0.07,1
35948,1.90,0.0,0.0,0.0,0.0000,0.0000,0.0000,0.0000,0.00,0.00,0.00,0.000000,0.000000,-0.07,1
35960,1.88,0.0,0.0,0.0,0.0000,0.0000,0.0000,0.0000,0.00,0.00,0.00,0.000000,0.000000,-0.07,1
35960,1.88,0.0,0.0,0.0,0.0000,0.0000,0.0000,0.0000,0.00,0.00,0.00,0.000000,0.000000,-0.07,1
35960,1.88,0.0,0.0,0.0,0.0000,0.0000,0.0000,0.0000,0.00,0.00,0.00,0.000000,0.000000,-0.07,1
35960,1.90,0.0,0.0,0.0,0.0000,0.0000,0.0000,0.0000,0.00,0.00,0.00,0.000000,0.000000,-0.07,1
35960,1.90,0.0,0.0,0.0,0.0000,0.0000,0.0000,0.0000,0.00,0.00,0.00,0.000000,0.000000,-0.07,1
35973,1.90,0.0,0.0,0.0,0.0000,0.0000,0.0000,0.0000,0.00,0.00,0.00,0.000000,0.000000,-0.07,1
35973,1.88,0.0,0.0,0.0,0.0000,0.0000,0.0000,0.0000,0.00,0.00,0.00,0.000000,0.000000,-0.07,1
35973,1.88,0.0,0.0,0.0,0.0000,0.0000,0.0000,0.0000,0.00,0.00,0.00,0.000000,0.000000,-0.07,1
35973,1.90,0.0,0.0,0.0,0.0000,0.0000,0.0000,0.0000,0.00,0.00,0.00,0.000000,0.000000,-0.07,1
35973,1.88,0.0,0.0,0.0,0.0000,0.0000,0.0000,0.0000,0.00,0.00,0.00,0.000000,0.000000,-0.07,1
35986,1.88,0.0,0.0,0.0,0.0000,0.0000,0.0000,0.0000,0.00,0.00,0.00,0.000000,0.000000,-0.07,1
35986,1.88,0.0,0.0,0.0,0.0000,0.0000,0.0000,0.0000,0.00,0.00,0.00,0.000000,0.000000,-0.07,1
35986,1.88,0.0,0.0,0.0,0.0000,0.0000,0.0000,0.0000,0.00,0.00,0.00,0.000000,0.000000,-0.07,1
35986,1.88,0.0,0.0,0.0,0.0000,0.0000,0.0000,0.0000,0.00,0.00,0.00,0.000000,0.000000,-0.07,1
35986,1.88,0.0,0.0,0.0,0.0000,0.0000,0.0000,0.0000,0.00,0.00,0.00,0.000000,0.000000,-0.07,1
35999,1.88,0.0,0.0,0.0,0.0000,0.0000,0.0000,0.0000,0.00,0.00,0.00,0.000000,0.000000,-0.07,1
35999,1.88,0.0,0.0,0.0,0.0000,0.0000,0.0000,0.0000,0.00,0.00,0.00,0.000000,0.000000,-0.07,1
35999,1.88,0.0,0.0,0.0,0.0000,0.0000,0.0000,0.0000,0.00,0.00,0.00,0.000000,0.000000,-0.07,1
35999,1.88,0.0,0.0,0.0,0.0000,0.0000,0.0000,0.0000,0.00,0.00,0.00,0.000000,0.000000,-0.07,1
35999,1.88,0.0,0.0,0.0,0.0000,0.0000,0.0000,0.0000,0.00,0.00,0.00,0.000000,0.000000,-0.07,1
36011,1.88,0.0,0.0,0.0,0.0000,0.0000,0.0000,0.0000,0.00,0.00,0.00,0.000000,0.000000,-0.07,1
36011,1.88,0.0,0.0,0.0,0.0000,0.0000,0.0000,0.0000,0.00,0.00,0.00,0.000000,0.000000,-0.07,1
36011,1.88,0.0,0.0,0.0,0.0000,0.0000,0.0000,0.0000,0.00,0.00,0.00,0.000000,0.000000,-0.07,1
36011,1.88,0.0,0.0,0.0,0.0000,0.0000,0.0000,0.0000,0.00,0.00,0.00,0.000000,0.000000,-0.07,1
36011,1.88,0.0,0.0,0.0,0.0000,0.0000,0.0000,0.0000,0.00,0.00,0.00,0.000000,0.000000,-0.07,1
36024,1.88,0.0,0.0,0.0,0.0000,0.0000,0.0000,0.0000,0.00,0.00,0.00,0.000000,0.000000,-0.07,1
36024,1.88,0.0,0.0,0.0,0.0000,0.0000,0.0000,0.0000,0.00,0.00,0.00,0.000000,0.000000,-0.07,1
36024,1.88,0.0,0.0,0.0,0.0000,0.0000,0.0000,0.0000,0.00,0.00,0.00,0.000000,0.000000,-0.07,1
36024,1.88,0.0,0.0,0.0,0.0000,0.0000,0.0000,0.0000,0.00,0.00,0.00,0.000000,0.000000,-0.07,1
36024,1.88,0.0,0.0,0.0,0.0000,0.0000,0.0000,0.0000,0.00,0.00,0.00,0.000000,0.000000,-0.07,1
36037,1.88,0.0,0.0,0.0,0.0000,0.0000,0.0000,0.0000,0.00,0.00,0.00,0.000000,0.000000,-0.07,1
36037,1.88,0.0,0.0,0.0,0.0000,0.0000,0.0000,0.0000,0.00,0.00,0.00,0.000000,0.000000,-0.07,1
36037,1.88,0.0,0.0,0.0,0.0000,0.0000,0.0000,0.0000,0.00,0.00,0.00,0.000000,0.000000,-0.07,1
36037,1.88,0.0,0.0,0.0,0.0000,0.0000,0.0000,0.0000,0.00,0.00,0.00,0.000000,0.000000,-0.07,1
36037,1.88,0.0,0.0,0.0,0.0000,0.0000,0.0000,0.0000,0.00,0.00,0.00,0.000000,0.000000,-0.07,1
36050,1.88,0.0,0.0,0.0,0.0000,0.0000,0.0000,0.0000,0.00,0.00,0.00,0.000000,0.000000,-0.07,1
36050,1.88,0.0,0.0,0.0,0.0000,0.0000,0.0000,0.0000,0.00,0.00,0.00,0.000000,0.000000,-0.07,1
36050,1.88,0.0,0.0,0.0,0.0000,0.0000,0.0000,0.0000,0.00,0.00,0.00,0.000000,0.000000,-0.07,1
36050,1.88,0.0,0.0,0.0,0.0000,0.0000,0.0000,0.0000,0.00,0.00,0.00,0.000000,0.000000,-0.07,1
36050,1.88,0.0,0.0,0.0,0.0000,0.0000,0.0000,0.0000,0.00,0.00,0.00,0.000000,0.000000,-0.07,1
36126,1.90,0.0,0.0,0.0,0.0000,0.0000,0.0000,0.0000,0.00,0.00,0.00,0.000000,0.000000,-0.08,1
36126,1.90,0.0,0.0,0.0,0.0000,0.0000,0.0000,0.0000,0.00,0.00,0.00,0.000000,0.000000,-0.08,1
36139,1.90,0.0,0.0,0.0,0.0000,0.0000,0.0000,0.0000,0.00,0.00,0.00,0.000000,0.000000,-0.08,1
36139,1.90,0.0,0.0,0.0,0.0000,0.0000,0.0000,0.0000,0.00,0.00,0.00,0.000000,0.000000,-0.08,1
36139,1.90,0.0,0.0,0.0,0.0000,0.0000,0.0000,0.0000,0.00,0.00,0.00,0.000000,0.000000,-0.08,1
36139,1.90,0.0,0.0,0.0,0.0000,0.0000,0.0000,0.0000,0.00,0.00,0.00,0.000000,0.000000,-0.08,1
36139,1.90,0.0,0.0,0.0,0.0000,0.0000,0.0000,0.0000,0.00,0.00,0.00,0.000000,0.000000,-0.08,1
36152,1.90,0.0,0.0,0.0,0.0000,0.0000,0.0000,0.0000,0.00,0.00,0.00,0.000000,0.000000,-0.08,1
36152,1.90,0.0,0.0,0.0,0.0000,0.0000,0.0000,0.0000,0.00,0.00,0.00,0.000000,0.000000,-0.08,1
36152,1.90,0.0,0.0,0.0,0.0000,0.0000,0.0000,0.0000,0.00,0.00,0.00,0.000000,0.000000,-0.08,1
36152,1.90,0.0,0.0,0.0,0.0000,0.0000,0.0000,0.0000,0.00,0.00,0.00,0.000000,0.000000,-0.08,1
36152,1.90,0.0,0.0,0.0,0.0000,0.0000,0.0000,0.0000,0.00,0.00,0.00,0.000000,0.000000,-0.08,1
36164,1.90,0.0,0.0,0.0,0.0000,0.0000,0.0000,0.0000,0.00,0.00,0.00,0.000000,0.000000,-0.08,1
36164,1.90,0.0,0.0,0.0,0.0000,0.0000,0.0000,0.0000,0.00,0.00,0.00,0.000000,0.000000,-0.08,1
36164,1.90,0.0,0.0,0.0,0.0000,0.0000,0.0000,0.0000,0.00,0.00,0.00,0.000000,0.000000,-0.08,1
36164,1.90,0.0,0.0,0.0,0.0000,0.0000,0.0000,0.0000,0.00,0.00,0.00,0.000000,0.000000,-0.08,1
36164,1.90,0.0,0.0,0.0,0.0000,0.0000,0.0000,0.0000,0.00,0.00,0.00,0.000000,0.000000,-0.08,1
36177,1.90,0.0,0.0,0.0,0.0000,0.0000,0.0000,0.0000,0.00,0.00,0.00,0.000000,0.000000,-0.08,1
36177,1.90,0.0,0.0,0.0,0.0000,0.0000,0.0000,0.0000,0.00,0.00,0.00,0.000000,0.000000,-0.08,1
36177,1.90,0.0,0.0,0.0,0.0000,0.0000,0.0000,0.0000,0.00,0.00,0.00,0.000000,0.000000,-0.08,1
36177,1.90,0.0,0.0,0.0,0.0000,0.0000,0.0000,0.0000,0.00,0.00,0.00,0.000000,0.000000,-0.08,1
36177,1.90,0.0,0.0,0.0,0.0000,0.0000,0.0000,0.0000,0.00,0.00,0.00,0.000000,0.000000,-0.08,1
36190,1.90,0.0,0.0,0.0,0.0000,0.0000,0.0000,0.0000,0.00,0.00,0.00,0.000000,0.000000,-0.08,1
36190,1.90,0.0,0.0,0.0,0.0000,0.0000,0.0000,0.0000,0.00,0.00,0.00,0.000000,0.000000,-0.08,1
36190,1.90,0.0,0.0,0.0,0.0000,0.0000,0.0000,0.0000,0.00,0.00,0.00,0.000000,0.000000,-0.08,1
36190,1.90,0.0,0.0,0.0,0.0000,0.0000,0.0000,0.0000,0.00,0.00,0.00,0.000000,0.000000,-0.08,1
36190,1.90,0.0,0.0,0.0,0.0000,0.0000,0.0000,0.0000,0.00,0.00,0.00,0.000000,0.000000,-0.08,1
36203,1.90,0.0,0.0,0.0,0.0000,0.0000,0.0000,0.0000,0.00,0.00,0.00,0.000000,0.000000,-0.08,1
36203,1.90,0.0,0.0,0.0,0.0000,0.0000,0.0000,0.0000,0.00,0.00,0.00,0.000000,0.000000,-0.08,1
36203,1.90,0.0,0.0,0.0,0.0000,0.0000,0.0000,0.0000,0.00,0.00,0.00,0.000000,0.000000,-0.08,1
36203,1.90,0.0,0.0,0.0,0.0000,0.0000,0.0000,0.0000,0.00,0.00,0.00,0.000000,0.000000,-0.08,1
36203,1.90,0.0,0.0,0.0,0.0000,0.0000,0.0000,0.0000,0.00,0.00,0.00,0.000000,0.000000,-0.08,1
36215,1.90,0.0,0.0,0.0,0.0000,0.0000,0.0000,0.0000,0.00,0.00,0.00,0.000000,0.000000,-0.08,1
36215,1.90,0.0,0.0,0.0,0.0000,0.0000,0.0000,0.0000,0.00,0.00,0.00,0.000000,0.000000,-0.08,1
36215,1.90,0.0,0.0,0.0,0.0000,0.0000,0.0000,0.0000,0.00,0.00,0.00,0.000000,0.000000,-0.08,1
36215,1.90,0.0,0.0,0.0,0.0000,0.0000,0.0000,0.0000,0.00,0.00,0.00,0.000000,0.000000,-0.08,1
36215,1.91,0.0,0.0,0.0,0.0000,0.0000,0.0000,0.0000,0.00,0.00,0.00,0.000000,0.000000,-0.08,1
36228,1.91,0.0,0.0,0.0,0.0000,0.0000,0.0000,0.0000,0.00,0.00,0.00,0.000000,0.000000,-0.07,1
36228,1.91,0.0,0.0,0.0,0.0000,0.0000,0.0000,0.0000,0.00,0.00,0.00,0.000000,0.000000,-0.07,1
36228,1.91,0.0,0.0,0.0,0.0000,0.0000,0.0000,0.0000,0.00,0.00,0.00,0.000000,0.000000,-0.07,1
36228,1.90,0.0,0.0,0.0,0.0000,0.0000,0.0000,0.0000,0.00,0.00,0.00,0.000000,0.000000,-0.07,1
36228,1.91,0.0,0.0,0.0,0.0000,0.0000,0.0000,0.0000,0.00,0.00,0.00,0.000000,0.000000,-0.07,1
36241,1.90,0.0,0.0,0.0,0.0000,0.0000,0.0000,0.0000,0.00,0.00,0.00,0.000000,0.000000,-0.07,1
36241,1.91,0.0,0.0,0.0,0.0000,0.0000,0.0000,0.0000,0.00,0.00,0.00,0.000000,0.000000,-0.07,1
36241,1.90,0.0,0.0,0.0,0.0000,0.0000,0.0000,0.0000,0.00,0.00,0.00,0.000000,0.000000,-0.07,1
36241,1.91,0.0,0.0,0.0,0.0000,0.0000,0.0000,0.0000,0.00,0.00,0.00,0.000000,0.000000,-0.07,1
36241,1.91,0.0,0.0,0.0,0.0000,0.0000,0.0000,0.0000,0.00,0.00,0.00,0.000000,0.000000,-0.07,1
36254,1.91,0.0,0.0,0.0,0.0000,0.0000,0.0000,0.0000,0.00,0.00,0.00,0.000000,0.000000,-0.07,1
36254,1.90,0.0,0.0,0.0,0.0000,0.0000,0.0000,0.0000,0.00,0.00,0.00,0.000000,0.000000,-0.07,1
36254,1.91,0.0,0.0,0.0,0.0000,0.0000,0.0000,0.0000,0.00,0.00,0.00,0.000000,0.000000,-0.07,1
36254,1.91,0.0,0.0,0.0,0.0000,0.0000,0.0000,0.0000,0.00,0.00,0.00,0.000000,0.000000,-0.07,1
36254,1.91,0.0,0.0,0.0,0.0000,0.0000,0.0000,0.0000,0.00,0.00,0.00,0.000000,0.000000,-0.07,1
36266,1.91,0.0,0.0,0.0,0.0000,0.0000,0.0000,0.0000,0.00,0.00,0.00,0.000000,0.000000,-0.07,1
36266,1.91,0.0,0.0,0.0,0.0000,0.0000,0.0000,0.0000,0.00,0.00,0.00,0.000000,0.000000,-0.07,1
36266,1.91,0.0,0.0,0.0,0.0000,0.0000,0.0000,0.0000,0.00,0.00,0.00,0.000000,0.000000,-0.07,1
36266,1.91,0.0,0.0,0.0,0.0000,0.0000,0.0000,0.0000,0.00,0.00,0.00,0.000000,0.000000,-0.07,1
36266,1.91,0.0,0.0,0.0,0.0000,0.0000,0.0000,0.0000,0.00,0.00,0.00,0.000000,0.000000,-0.07,1
36279,1.91,0.0,0.0,0.0,0.0000,0.0000,0.0000,0.0000,0.00,0.00,0.00,0.000000,0.000000,-0.07,1
36279,1.91,0.0,0.0,0.0,0.0000,0.0000,0.0000,0.0000,0.00,0.00,0.00,0.000000,0.000000,-0.07,1
36279,1.91,0.0,0.0,0.0,0.0000,0.0000,0.0000,0.0000,0.00,0.00,0.00,0.000000,0.000000,-0.07,1
36279,1.91,0.0,0.0,0.0,0.0000,0.0000,0.0000,0.0000,0.00,0.00,0.00,0.000000,0.000000,-0.07,1
36279,1.91,0.0,0.0,0.0,0.0000,0.0000,0.0000,0.0000,0.00,0.00,0.00,0.000000,0.000000,-0.07,1
36292,1.90,0.0,0.0,0.0,0.0000,0.0000,0.0000,0.0000,0.00,0.00,0.00,0.000000,0.000000,-0.07,1
36292,1.91,0.0,0.0,0.0,0.0000,0.0000,0.0000,0.0000,0.00,0.00,0.00,0.000000,0.000000,-0.07,1
36292,1.91,0.0,0.0,0.0,0.0000,0.0000,0.0000,0.0000,0.00,0.00,0.00,0.000000,0.000000,-0.07,1
36292,1.90,0.0,0.0,0.0,0.0000,0.0000,0.0000,0.0000,0.00,0.00,0.00,0.000000,0.000000,-0.07,1
36292,1.91,0.0,0.0,0.0,0.0000,0.0000,0.0000,0.0000,0.00,0.00,0.00,0.000000,0.000000,-0.07,1
36305,1.90,0.0,0.0,0.0,0.0000,0.0000,0.0000,0.0000,0.00,0.00,0.00,0.000000,0.000000,-0.07,1
36305,1.90,0.0,0.0,0.0,0.0000,0.0000,0.0000,0.0000,0.00,0.00,0.00,0.000000,0.000000,-0.07,1
36305,1.90,0.0,0.0,0.0,0.0000,0.0000,0.0000,0.0000,0.00,0.00,0.00,0.000000,0.000000,-0.07,1
36305,1.90,0.0,0.0,0.0,0.0000,0.0000,0.0000,0.0000,0.00,0.00,0.00,0.000000,0.000000,-0.07,1
36305,1.90,0.0,0.0,0.0,0.0000,0.0000,0.0000,0.0000,0.00,0.00,0.00,0.000000,0.000000,-0.07,1
36317,1.90,0.0,0.0,0.0,0.0000,0.0000,0.0000,0.0000,0.00,0.00,0.00,0.000000,0.000000,-0.07,1
36317,1.90,0.0,0.0,0.0,0.0000,0.0000,0.0000,0.0000,0.00,0.00,0.00,0.000000,0.000000,-0.07,1
36317,1.90,0.0,0.0,0.0,0.0000,0.0000,0.0000,0.0000,0.00,0.00,0.00,0.000000,0.000000,-0.07,1
36317,1.90,0.0,0.0,0.0,0.0000,0.0000,0.0000,0.0000,0.00,0.00,0.00,0.000000,0.000000,-0.07,1
36317,1.90,0.0,0.0,0.0,0.0000,0.0000,0.0000,0.0000,0.00,0.00,0.00,0.000000,0.000000,-0.07,1
36330,1.90,0.0,0.0,0.0,0.0000,0.0000,0.0000,0.0000,0.00,0.00,0.00,0.000000,0.000000,-0.07,1
36330,1.90,0.0,0.0,0.0,0.0000,0.0000,0.0000,0.0000,0.00,0.00,0.00,0.000000,0.000000,-0.07,1
36330,1.90,0.0,0.0,0.0,0.0000,0.0000,0.0000,0.0000,0.00,0.00,0.00,0.000000,0.000000,-0.07,1
36330,1.90,0.0,0.0,0.0,0.0000,0.0000,0.0000,0.0000,0.00,0.00,0.00,0.000000,0.000000,-0.07,1
36330,1.90,0.0,0.0,0.0,0.0000,0.0000,0.0000,0.0000,0.00,0.00,0.00,0.000000,0.000000,-0.07,1
36343,1.90,0.0,0.0,0.0,0.0000,0.0000,0.0000,0.0000,0.00,0.00,0.00,0.000000,0.000000,-0.07,1
36343,1.90,0.0,0.0,0.0,0.0000,0.0000,0.0000,0.0000,0.00,0.00,0.00,0.000000,0.000000,-0.07,1
36343,1.90,0.0,0.0,0.0,0.0000,0.0000,0.0000,0.0000,0.00,0.00,0.00,0.000000,0.000000,-0.07,1
36343,1.90,0.0,0.0,0.0,0.0000,0.0000,0.0000,0.0000,0.00,0.00,0.00,0.000000,0.000000,-0.07,1
36343,1.90,0.0,0.0,0.0,0.0000,0.0000,0.0000,0.0000,0.00,0.00,0.00,0.000000,0.000000,-0.07,1
36356,1.90,0.0,0.0,0.0,0.0000,0.0000,0.0000,0.0000,0.00,0.00,0.00,0.000000,0.000000,-0.07,1
36356,1.90,0.0,0.0,0.0,0.0000,0.0000,0.0000,0.0000,0.00,0.00,0.00,0.000000,0.000000,-0.07,1
36356,1.88,0.0,0.0,0.0,0.0000,0.0000,0.0000,0.0000,0.00,0.00,0.00,0.000000,0.000000,-0.07,1
36356,1.90,0.0,0.0,0.0,0.0000,0.0000,0.0000,0.0000,0.00,0.00,0.00,0.000000,0.000000,-0.07,1
36356,1.88,0.0,0.0,0.0,0.0000,0.0000,0.0000,0.0000,0.00,0.00,0.00,0.000000,0.000000,-0.07,1
36368,1.88,0.0,0.0,0.0,0.0000,0.0000,0.0000,0.0000,0.00,0.00,0.00,0.000000,0.000000,-0.07,1
36368,1.88,0.0,0.0,0.0,0.0000,0.0000,0.0000,0.0000,0.00,0.00,0.00,0.000000,0.000000,-0.07,1
36368,1.88,0.0,0.0,0.0,0.0000,0.0000,0.0000,0.0000,0.00,0.00,0.00,0.000000,0.000000,-0.07,1
36368,1.88,0.0,0.0,0.0,0.0000,0.0000,0.0000,0.0000,0.00,0.00,0.00,0.000000,0.000000,-0.07,1
36368,1.88,0.0,0.0,0.0,0.0000,0.0000,0.0000,0.0000,0.00,0.00,0.00,0.000000,0.000000,-0.07,1
36381,1.88,0.0,0.0,0.0,0.0000,0.0000,0.0000,0.0000,0.00,0.00,0.00,0.000000,0.000000,-0.08,1
36381,1.88,0.0,0.0,0.0,0.0000,0.0000,0.0000,0.0000,0.00,0.00,0.00,0.000000,0.000000,-0.08,1
36381,1.88,0.0,0.0,0.0,0.0000,0.0000,0.0000,0.0000,0.00,0.00,0.00,0.000000,0.000000,-0.08,1
36381,1.88,0.0,0.0,0.0,0.0000,0.0000,0.0000,0.0000,0.00,0.00,0.00,0.000000,0.000000,-0.08,1
36381,1.88,0.0,0.0,0.0,0.0000,0.0000,0.0000,0.0000,0.00,0.00,0.00,0.000000,0.000000,-0.08,1
36394,1.88,0.0,0.0,0.0,0.0000,0.0000,0.0000,0.0000,0.00,0.00,0.00,0.000000,0.000000,-0.08,1
36394,1.88,0.0,0.0,0.0,0.0000,0.0000,0.0000,0.0000,0.00,0.00,0.00,0.000000,0.000000,-0.08,1
36394,1.88,0.0,0.0,0.0,0.0000,0.0000,0.0000,0.0000,0.00,0.00,0.00,0.000000,0.000000,-0.08,1
36394,1.88,0.0,0.0,0.0,0.0000,0.0000,0.0000,0.0000,0.00,0.00,0.00,0.000000,0.000000,-0.08,1
36394,1.88,0.0,0.0,0.0,0.0000,0.0000,0.0000,0.0000,0.00,0.00,0.00,0.000000,0.000000,-0.08,1
36407,1.88,0.0,0.0,0.0,0.0000,0.0000,0.0000,0.0000,0.00,0.00,0.00,0.000000,0.000000,-0.08,1
36407,1.88,0.0,0.0,0.0,0.0000,0.0000,0.0000,0.0000,0.00,0.00,0.00,0.000000,0.000000,-0.08,1
36407,1.88,0.0,0.0,0.0,0.0000,0.0000,0.0000,0.0000,0.00,0.00,0.00,0.000000,0.000000,-0.08,1
36407,1.88,0.0,0.0,0.0,0.0000,0.0000,0.0000,0.0000,0.00,0.00,0.00,0.000000,0.000000,-0.08,1
36407,1.88,0.0,0.0,0.0,0.0000,0.0000,0.0000,0.0000,0.00,0.00,0.00,0.000000,0.000000,-0.08,1
36419,1.88,0.0,0.0,0.0,0.0000,0.0000,0.0000,0.0000,0.00,0.00,0.00,0.000000,0.000000,-0.08,1
36419,1.88,0.0,0.0,0.0,0.0000,0.0000,0.0000,0.0000,0.00,0.00,0.00,0.000000,0.000000,-0.08,1
36419,1.88,0.0,0.0,0.0,0.0000,0.0000,0.0000,0.0000,0.00,0.00,0.00,0.000000,0.000000,-0.08,1
36419,1.88,0.0,0.0,0.0,0.0000,0.0000,0.0000,0.0000,0.00,0.00,0.00,0.000000,0.000000,-0.08,1
36419,1.88,0.0,0.0,0.0,0.0000,0.0000,0.0000,0.0000,0.00,0.00,0.00,0.000000,0.000000,-0.08,1
36432,1.88,0.0,0.0,0.0,0.0000,0.0000,0.0000,0.0000,0.00,0.00,0.00,0.000000,0.000000,-0.08,1
36432,1.88,0.0,0.0,0.0,0.0000,0.0000,0.0000,0.0000,0.00,0.00,0.00,0.000000,0.000000,-0.08,1
36432,1.88,0.0,0.0,0.0,0.0000,0.0000,0.0000,0.0000,0.00,0.00,0.00,0.000000,0.000000,-0.08,1
36432,1.88,0.0,0.0,0.0,0.0000,0.0000,0.0000,0.0000,0.00,0.00,0.00,0.000000,0.000000,-0.08,1
36432,1.88,0.0,0.0,0.0,0.0000,0.0000,0.0000,0.0000,0.00,0.00,0.00,0.000000,0.000000,-0.08,1
36445,1.88,0.0,0.0,0.0,0.0000,0.0000,0.0000,0.0000,0.00,0.00,0.00,0.000000,0.000000,-0.08,1
36445,1.88,0.0,0.0,0.0,0.0000,0.0000,0.0000,0.0000,0.00,0.00,0.00,0.000000,0.000000,-0.08,1
36445,1.88,0.0,0.0,0.0,0.0000,0.0000,0.0000,0.0000,0.00,0.00,0.00,0.000000,0.000000,-0.08,1
36445,1.88,0.0,0.0,0.0,0.0000,0.0000,0.0000,0.0000,0.00,0.00,0.00,0.000000,0.000000,-0.08,1
36445,1.88,0.0,0.0,0.0,0.0000,0.0000,0.0000,0.0000,0.00,0.00,0.00,0.000000,0.000000,-0.08,1
36458,1.88,0.0,0.0,0.0,0.0000,0.0000,0.0000,0.0000,0.00,0.00,0.00,0.000000,0.000000,-0.08,1
36458,1.88,0.0,0.0,0.0,0.0000,0.0000,0.0000,0.0000,0.00,0.00,0.00,0.000000,0.000000,-0.08,1
36458,1.88,0.0,0.0,0.0,0.0000,0.0000,0.0000,0.0000,0.00,0.00,0.00,0.000000,0.000000,-0.08,1
36458,1.88,0.0,0.0,0.0,0.0000,0.0000,0.0000,0.0000,0.00,0.00,0.00,0.000000,0.000000,-0.08,1
36458,1.88,0.0,0.0,0.0,0.0000,0.0000,0.0000,0.0000,0.00,0.00,0.00,0.000000,0.000000,-0.08,1
36470,1.88,0.0,0.0,0.0,0.0000,0.0000,0.0000,0.0000,0.00,0.00,0.00,0.000000,0.000000,-0.08,1
36470,1.88,0.0,0.0,0.0,0.0000,0.0000,0.0000,0.0000,0.00,0.00,0.00,0.000000,0.000000,-0.08,1
36470,1.88,0.0,0.0,0.0,0.0000,0.0000,0.0000,0.0000,0.00,0.00,0.00,0.000000,0.000000,-0.08,1
36470,1.88,0.0,0.0,0.0,0.0000,0.0000,0.0000,0.0000,0.00,0.00,0.00,0.000000,0.000000,-0.08,1
36470,1.88,0.0,0.0,0.0,0.0000,0.0000,0.0000,0.0000,0.00,0.00,0.00,0.000000,0.000000,-0.08,1
36483,1.88,0.0,0.0,0.0,0.0000,0.0000,0.0000,0.0000,0.00,0.00,0.00,0.000000,0.000000,-0.07,1
36483,1.88,0.0,0.0,0.0,0.0000,0.0000,0.0000,0.0000,0.00,0.00,0.00,0.000000,0.000000,-0.07,1
36483,1.88,0.0,0.0,0.0,0.0000,0.0000,0.0000,0.0000,0.00,0.00,0.00,0.000000,0.000000,-0.07,1
36483,1.88,0.0,0.0,0.0,0.0000,0.0000,0.0000,0.0000,0.00,0.00,0.00,0.000000,0.000000,-0.07,1
36483,1.88,0.0,0.0,0.0,0.0000,0.0000,0.0000,0.0000,0.00,0.00,0.00,0.000000,0.000000,-0.07,1
36496,1.88,0.0,0.0,0.0,0.0000,0.0000,0.0000,0.0000,0.00,0.00,0.00,0.000000,0.000000,-0.07,1
36496,1.88,0.0,0.0,0.0,0.0000,0.0000,0.0000,0.0000,0.00,0.00,0.00,0.000000,0.000000,-0.07,1
36496,1.88,0.0,0.0,0.0,0.0000,0.0000,0.0000,0.0000,0.00,0.00,0.00,0.000000,0.000000,-0.07,1
36496,1.88,0.0,0.0,0.0,0.0000,0.0000,0.0000,0.0000,0.00,0.00,0.00,0.000000,0.000000,-0.07,1
36496,1.88,0.0,0.0,0.0,0.0000,0.0000,0.0000,0.0000,0.00,0.00,0.00,0.000000,0.000000,-0.07,1
36509,1.88,0.0,0.0,0.0,0.0000,0.0000,0.0000,0.0000,0.00,0.00,0.00,0.000000,0.000000,-0.07,1
36509,1.88,0.0,0.0,0.0,0.0000,0.0000,0.0000,0.0000,0.00,0.00,0.00,0.000000,0.000000,-0.07,1
36509,1.88,0.0,0.0,0.0,0.0000,0.0000,0.0000,0.0000,0.00,0.00,0.00,0.000000,0.000000,-0.07,1
36509,1.88,0.0,0.0,0.0,0.0000,0.0000,0.0000,0.0000,0.00,0.00,0.00,0.000000,0.000000,-0.07,1
36509,1.88,0.0,0.0,0.0,0.0000,0.0000,0.0000,0.0000,0.00,0.00,0.00,0.000000,0.000000,-0.07,1
36521,1.88,0.0,0.0,0.0,0.0000,0.0000,0.0000,0.0000,0.00,0.00,0.00,0.000000,0.000000,-0.07,1
36521,1.88,0.0,0.0,0.0,0.0000,0.0000,0.0000,0.0000,0.00,0.00,0.00,0.000000,0.000000,-0.07,1
36521,1.88,0.0,0.0,0.0,0.0000,0.0000,0.0000,0.0000,0.00,0.00,0.00,0.000000,0.000000,-0.07,1
36521,1.88,0.0,0.0,0.0,0.0000,0.0000,0.0000,0.0000,0.00,0.00,0.00,0.000000,0.000000,-0.07,1
36521,1.88,0.0,0.0,0.0,0.0000,0.0000,0.0000,0.0000,0.00,0.00,0.00,0.000000,0.000000,-0.07,1
36534,1.88,0.0,0.0,0.0,0.0000,0.0000,0.0000,0.0000,0.00,0.00,0.00,0.000000,0.000000,-0.07,1
36534,1.88,0.0,0.0,0.0,0.0000,0.0000,0.0000,0.0000,0.00,0.00,0.00,0.000000,0.000000,-0.07,1
36534,1.88,0.0,0.0,0.0,0.0000,0.0000,0.0000,0.0000,0.00,0.00,0.00,0.000000,0.000000,-0.07,1
36534,1.88,0.0,0.0,0.0,0.0000,0.0000,0.0000,0.0000,0.00,0.00,0.00,0.000000,0.000000,-0.07,1
36534,1.88,0.0,0.0,0.0,0.0000,0.0000,0.0000,0.0000,0.00,0.00,0.00,0.000000,0.000000,-0.07,1
36547,1.88,0.0,0.0,0.0,0.0000,0.0000,0.0000,0.0000,0.00,0.00,0.00,0.000000,0.000000,-0.07,1
36547,1.88,0.0,0.0,0.0,0.0000,0.0000,0.0000,0.0000,0.00,0.00,0.00,0.000000,0.000000,-0.07,1
36547,1.88,0.0,0.0,0.0,0.0000,0.0000,0.0000,0.0000,0.00,0.00,0.00,0.000000,0.000000,-0.07,1
36547,1.88,0.0,0.0,0.0,0.0000,0.0000,0.0000,0.0000,0.00,0.00,0.00,0.000000,0.000000,-0.07,1
36547,1.88,0.0,0.0,0.0,0.0000,0.0000,0.0000,0.0000,0.00,0.00,0.00,0.000000,0.000000,-0.07,1
36560,1.88,0.0,0.0,0.0,0.0000,0.0000,0.0000,0.0000,0.00,0.00,0.00,0.000000,0.000000,-0.07,1
36560,1.88,0.0,0.0,0.0,0.0000,0.0000,0.0000,0.0000,0.00,0.00,0.00,0.000000,0.000000,-0.07,1
36560,1.88,0.0,0.0,0.0,0.0000,0.0000,0.0000,0.0000,0.00,0.00,0.00,0.000000,0.000000,-0.07,1
36560,1.88,0.0,0.0,0.0,0.0000,0.0000,0.0000,0.0000,0.00,0.00,0.00,0.000000,0.000000,-0.07,1
36560,1.88,0.0,0.0,0.0,0.0000,0.0000,0.0000,0.0000,0.00,0.00,0.00,0.000000,0.000000,-0.07,1
36572,1.88,0.0,0.0,0.0,0.0000,0.0000,0.0000,0.0000,0.00,0.00,0.00,0.000000,0.000000,-0.07,1
36572,1.88,0.0,0.0,0.0,0.0000,0.0000,0.0000,0.0000,0.00,0.00,0.00,0.000000,0.000000,-0.07,1
36572,1.88,0.0,0.0,0.0,0.0000,0.0000,0.0000,0.0000,0.00,0.00,0.00,0.000000,0.000000,-0.07,1
36572,1.88,0.0,0.0,0.0,0.0000,0.0000,0.0000,0.0000,0.00,0.00,0.00,0.000000,0.000000,-0.07,1
36572,1.88,0.0,0.0,0.0,0.0000,0.0000,0.0000,0.0000,0.00,0.00,0.00,0.000000,0.000000,-0.07,1
36585,1.88,0.0,0.0,0.0,0.0000,0.0000,0.0000,0.0000,0.00,0.00,0.00,0.000000,0.000000,-0.07,1
36585,1.88,0.0,0.0,0.0,0.0000,0.0000,0.0000,0.0000,0.00,0.00,0.00,0.000000,0.000000,-0.07,1
36598,1.88,0.0,0.0,0.0,0.0000,0.0000,0.0000,0.0000,0.00,0.00,0.00,0.000000,0.000000,-0.07,1
36598,1.88,0.0,0.0,0.0,0.0000,0.0000,0.0000,0.0000,0.00,0.00,0.00,0.000000,0.000000,-0.07,1
36598,1.88,0.0,0.0,0.0,0.0000,0.0000,0.0000,0.0000,0.00,0.00,0.00,0.000000,0.000000,-0.07,1
36598,1.88,0.0,0.0,0.0,0.0000,0.0000,0.0000,0.0000,0.00,0.00,0.00,0.000000,0.000000,-0.07,1
36598,1.88,0.0,0.0,0.0,0.0000,0.0000,0.0000,0.0000,0.00,0.00,0.00,0.000000,0.000000,-0.07,1
36611,1.88,0.0,0.0,0.0,0.0000,0.0000,0.0000,0.0000,0.00,0.00,0.00,0.000000,0.000000,-0.07,1
36611,1.88,0.0,0.0,0.0,0.0000,0.0000,0.0000,0.0000,0.00,0.00,0.00,0.000000,0.000000,-0.07,1
36611,1.88,0.0,0.0,0.0,0.0000,0.0000,0.0000,0.0000,0.00,0.00,0.00,0.000000,0.000000,-0.07,1
36611,1.88,0.0,0.0,0.0,0.0000,0.0000,0.0000,0.0000,0.00,0.00,0.00,0.000000,0.000000,-0.07,1
36611,1.88,0.0,0.0,0.0,0.0000,0.0000,0.0000,0.0000,0.00,0.00,0.00,0.000000,0.000000,-0.07,1
36623,1.88,0.0,0.0,0.0,0.0000,0.0000,0.0000,0.0000,0.00,0.00,0.00,0.000000,0.000000,-0.07,1
36623,1.88,0.0,0.0,0.0,0.0000,0.0000,0.0000,0.0000,0.00,0.00,0.00,0.000000,0.000000,-0.07,1
36623,1.88,0.0,0.0,0.0,0.0000,0.0000,0.0000,0.0000,0.00,0.00,0.00,0.000000,0.000000,-0.07,1
36623,1.88,0.0,0.0,0.0,0.0000,0.0000,0.0000,0.0000,0.00,0.00,0.00,0.000000,0.000000,-0.07,1
36623,1.88,0.0,0.0,0.0,0.0000,0.0000,0.0000,0.0000,0.00,0.00,0.00,0.000000,0.000000,-0.07,1
36636,1.88,0.0,0.0,0.0,0.0000,0.0000,0.0000,0.0000,0.00,0.00,0.00,0.000000,0.000000,-0.07,1
36636,1.88,0.0,0.0,0.0,0.0000,0.0000,0.0000,0.0000,0.00,0.00,0.00,0.000000,0.000000,-0.07,1
36636,1.88,0.0,0.0,0.0,0.0000,0.0000,0.0000,0.0000,0.00,0.00,0.00,0.000000,0.000000,-0.07,1
36636,1.88,0.0,0.0,0.0,0.0000,0.0000,0.0000,0.0000,0.00,0.00,0.00,0.000000,0.000000,-0.07,1
36636,1.88,0.0,0.0,0.0,0.0000,0.0000,0.0000,0.0000,0.00,0.00,0.00,0.000000,0.000000,-0.07,1
36649,1.88,0.0,0.0,0.0,0.0000,0.0000,0.0000,0.0000,0.00,0.00,0.00,0.000000,0.000000,-0.07,1
36649,1.88,0.0,0.0,0.0,0.0000,0.0000,0.0000,0.0000,0.00,0.00,0.00,0.000000,0.000000,-0.07,1
36649,1.88,0.0,0.0,0.0,0.0000,0.0000,0.0000,0.0000,0.00,0.00,0.00,0.000000,0.000000,-0.07,1
36649,1.88,0.0,0.0,0.0,0.0000,0.0000,0.0000,0.0000,0.00,0.00,0.00,0.000000,0.000000,-0.07,1
36649,1.88,0.0,0.0,0.0,0.0000,0.0000,0.0000,0.0000,0.00,0.00,0.00,0.000000,0.000000,-0.07,1
36662,1.88,0.0,0.0,0.0,0.0000,0.0000,0.0000,0.0000,0.00,0.00,0.00,0.000000,0.000000,-0.07,1
36662,1.88,0.0,0.0,0.0,0.0000,0.0000,0.0000,0.0000,0.00,0.00,0.00,0.000000,0.000000,-0.07,1
36662,1.88,0.0,0.0,0.0,0.0000,0.0000,0.0000,0.0000,0.00,0.00,0.00,0.000000,0.000000,-0.07,1
36662,1.88,0.0,0.0,0.0,0.0000,0.0000,0.0000,0.0000,0.00,0.00,0.00,0.000000,0.000000,-0.07,1
36662,1.88,0.0,0.0,0.0,0.0000,0.0000,0.0000,0.0000,0.00,0.00,0.00,0.000000,0.000000,-0.07,1
36674,1.88,0.0,0.0,0.0,0.0000,0.0000,0.0000,0.0000,0.00,0.00,0.00,0.000000,0.000000,-0.07,1
36674,1.88,0.0,0.0,0.0,0.0000,0.0000,0.0000,0.0000,0.00,0.00,0.00,0.000000,0.000000,-0.07,1
36674,1.88,0.0,0.0,0.0,0.0000,0.0000,0.0000,0.0000,0.00,0.00,0.00,0.000000,0.000000,-0.07,1
36674,1.88,0.0,0.0,0.0,0.0000,0.0000,0.0000,0.0000,0.00,0.00,0.00,0.000000,0.000000,-0.07,1
36674,1.88,0.0,0.0,0.0,0.0000,0.0000,0.0000,0.0000,0.00,0.00,0.00,0.000000,0.000000,-0.07,1
36687,1.88,0.0,0.0,0.0,0.0000,0.0000,0.0000,0.0000,0.00,0.00,0.00,0.000000,0.000000,-0.07,1
36687,1.88,0.0,0.0,0.0,0.0000,0.0000,0.0000,0.0000,0.00,0.00,0.00,0.000000,0.000000,-0.07,1
36687,1.88,0.0,0.0,0.0,0.0000,0.0000,0.0000,0.0000,0.00,0.00,0.00,0.000000,0.000000,-0.07,1
36687,1.88,0.0,0.0,0.0,0.0000,0.0000,0.0000,0.0000,0.00,0.00,0.00,0.000000,0.000000,-0.07,1
36687,1.88,0.0,0.0,0.0,0.0000,0.0000,0.0000,0.0000,0.00,0.00,0.00,0.000000,0.000000,-0.07,1
36700,1.88,0.0,0.0,0.0,0.0000,0.0000,0.0000,0.0000,0.00,0.00,0.00,0.000000,0.000000,-0.07,1
36700,1.88,0.0,0.0,0.0,0.0000,0.0000,0.0000,0.0000,0.00,0.00,0.00,0.000000,0.000000,-0.07,1
36700,1.88,0.0,0.0,0.0,0.0000,0.0000,0.0000,0.0000,0.00,0.00,0.00,0.000000,0.000000,-0.07,1
36700,1.88,0.0,0.0,0.0,0.0000,0.0000,0.0000,0.0000,0.00,0.00,0.00,0.000000,0.000000,-0.07,1
36700,1.88,0.0,0.0,0.0,0.0000,0.0000,0.0000,0.0000,0.00,0.00,0.00,0.000000,0.000000,-0.07,1
36713,1.88,0.0,0.0,0.0,0.0000,0.0000,0.0000,0.0000,0.00,0.00,0.00,0.000000,0.000000,-0.07,1
36713,1.88,0.0,0.0,0.0,0.0000,0.0000,0.0000,0.0000,0.00,0.00,0.00,0.000000,0.000000,-0.07,1
36713,1.88,0.0,0.0,0.0,0.0000,0.0000,0.0000,0.0000,0.00,0.00,0.00,0.000000,0.000000,-0.07,1
36713,1.88,0.0,0.0,0.0,0.0000,0.0000,0.0000,0.0000,0.00,0.00,0.00,0.000000,0.000000,-0.07,1
36713,1.88,0.0,0.0,0.0,0.0000,0.0000,0.0000,0.0000,0.00,0.00,0.00,0.000000,0.000000,-0.07,1
36725,1.88,0.0,0.0,0.0,0.0000,0.0000,0.0000,0.0000,0.00,0.00,0.00,0.000000,0.000000,-0.07,1
36725,1.88,0.0,0.0,0.0,0.0000,0.0000,0.0000,0.0000,0.00,0.00,0.00,0.000000,0.000000,-0.07,1
36725,1.88,0.0,0.0,0.0,0.0000,0.0000,0.0000,0.0000,0.00,0.00,0.00,0.000000,0.000000,-0.07,1
36725,1.88,0.0,0.0,0.0,0.0000,0.0000,0.0000,0.0000,0.00,0.00,0.00,0.000000,0.000000,-0.07,1
36725,1.88,0.0,0.0,0.0,0.0000,0.0000,0.0000,0.0000,0.00,0.00,0.00,0.000000,0.000000,-0.07,1
36738,1.88,0.0,0.0,0.0,0.0000,0.0000,0.0000,0.0000,0.00,0.00,0.00,0.000000,0.000000,-0.08,1
36738,1.88,0.0,0.0,0.0,0.0000,0.0000,0.0000,0.0000,0.00,0.00,0.00,0.000000,0.000000,-0.08,1
36738,1.88,0.0,0.0,0.0,0.0000,0.0000,0.0000,0.0000,0.00,0.00,0.00,0.000000,0.000000,-0.08,1
36738,1.88,0.0,0.0,0.0,0.0000,0.0000,0.0000,0.0000,0.00,0.00,0.00,0.000000,0.000000,-0.08,1
36738,1.88,0.0,0.0,0.0,0.0000,0.0000,0.0000,0.0000,0.00,0.00,0.00,0.000000,0.000000,-0.08,1
36751,1.88,0.0,0.0,0.0,0.0000,0.0000,0.0000,0.0000,0.00,0.00,0.00,0.000000,0.000000,-0.08,1
36751,1.88,0.0,0.0,0.0,0.0000,0.0000,0.0000,0.0000,0.00,0.00,0.00,0.000000,0.000000,-0.08,1
36751,1.88,0.0,0.0,0.0,0.0000,0.0000,0.0000,0.0000,0.00,0.00,0.00,0.000000,0.000000,-0.08,1
36751,1.88,0.0,0.0,0.0,0.0000,0.0000,0.0000,0.0000,0.00,0.00,0.00,0.000000,0.000000,-0.08,1
36751,1.88,0.0,0.0,0.0,0.0000,0.0000,0.0000,0.0000,0.00,0.00,0.00,0.000000,0.000000,-0.08,1
36764,1.88,0.0,0.0,0.0,0.0000,0.0000,0.0000,0.0000,0.00,0.00,0.00,0.000000,0.000000,-0.08,1
36764,1.88,0.0,0.0,0.0,0.0000,0.0000,0.0000,0.0000,0.00,0.00,0.00,0.000000,0.000000,-0.08,1
36764,1.88,0.0,0.0,0.0,0.0000,0.0000,0.0000,0.0000,0.00,0.00,0.00,0.000000,0.000000,-0.08,1
36764,1.88,0.0,0.0,0.0,0.0000,0.0000,0.0000,0.0000,0.00,0.00,0.00,0.000000,0.000000,-0.08,1
36764,1.88,0.0,0.0,0.0,0.0000,0.0000,0.0000,0.0000,0.00,0.00,0.00,0.000000,0.000000,-0.08,1
36776,1.88,0.0,0.0,0.0,0.0000,0.0000,0.0000,0.0000,0.00,0.00,0.00,0.000000,0.000000,-0.08,1
36776,1.88,0.0,0.0,0.0,0.0000,0.0000,0.0000,0.0000,0.00,0.00,0.00,0.000000,0.000000,-0.08,1
36776,1.88,0.0,0.0,0.0,0.0000,0.0000,0.0000,0.0000,0.00,0.00,0.00,0.000000,0.000000,-0.08,1
36776,1.88,0.0,0.0,0.0,0.0000,0.0000,0.0000,0.0000,0.00,0.00,0.00,0.000000,0.000000,-0.08,1
36776,1.88,0.0,0.0,0.0,0.0000,0.0000,0.0000,0.0000,0.00,0.00,0.00,0.000000,0.000000,-0.08,1
36789,1.88,0.0,0.0,0.0,0.0000,0.0000,0.0000,0.0000,0.00,0.00,0.00,0.000000,0.000000,-0.08,1
36789,1.88,0.0,0.0,0.0,0.0000,0.0000,0.0000,0.0000,0.00,0.00,0.00,0.000000,0.000000,-0.08,1
36789,1.88,0.0,0.0,0.0,0.0000,0.0000,0.0000,0.0000,0.00,0.00,0.00,0.000000,0.000000,-0.08,1
36789,1.88,0.0,0.0,0.0,0.0000,0.0000,0.0000,0.0000,0.00,0.00,0.00,0.000000,0.000000,-0.08,1
36789,1.88,0.0,0.0,0.0,0.0000,0.0000,0.0000,0.0000,0.00,0.00,0.00,0.000000,0.000000,-0.08,1
36802,1.88,0.0,0.0,0.0,0.0000,0.0000,0.0000,0.0000,0.00,0.00,0.00,0.000000,0.000000,-0.08,1
36802,1.88,0.0,0.0,0.0,0.0000,0.0000,0.0000,0.0000,0.00,0.00,0.00,0.000000,0.000000,-0.08,1
36802,1.88,0.0,0.0,0.0,0.0000,0.0000,0.0000,0.0000,0.00,0.00,0.00,0.000000,0.000000,-0.08,1
36802,1.88,0.0,0.0,0.0,0.0000,0.0000,0.0000,0.0000,0.00,0.00,0.00,0.000000,0.000000,-0.08,1
36802,1.88,0.0,0.0,0.0,0.0000,0.0000,0.0000,0.0000,0.00,0.00,0.00,0.000000,0.000000,-0.08,1
36815,1.88,0.0,0.0,0.0,0.0000,0.0000,0.0000,0.0000,0.00,0.00,0.00,0.000000,0.000000,-0.08,1
36815,1.88,0.0,0.0,0.0,0.0000,0.0000,0.0000,0.0000,0.00,0.00,0.00,0.000000,0.000000,-0.08,1
36815,1.88,0.0,0.0,0.0,0.0000,0.0000,0.0000,0.0000,0.00,0.00,0.00,0.000000,0.000000,-0.08,1
36815,1.88,0.0,0.0,0.0,0.0000,0.0000,0.0000,0.0000,0.00,0.00,0.00,0.000000,0.000000,-0.08,1
36815,1.88,0.0,0.0,0.0,0.0000,0.0000,0.0000,0.0000,0.00,0.00,0.00,0.000000,0.000000,-0.08,1
36827,1.88,0.0,0.0,0.0,0.0000,0.0000,0.0000,0.0000,0.00,0.00,0.00,0.000000,0.000000,-0.08,1
36827,1.88,0.0,0.0,0.0,0.0000,0.0000,0.0000,0.0000,0.00,0.00,0.00,0.000000,0.000000,-0.08,1
36827,1.88,0.0,0.0,0.0,0.0000,0.0000,0.0000,0.0000,0.00,0.00,0.00,0.000000,0.000000,-0.08,1
36827,1.88,0.0,0.0,0.0,0.0000,0.0000,0.0000,0.0000,0.00,0.00,0.00,0.000000,0.000000,-0.08,1
36827,1.88,0.0,0.0,0.0,0.0000,0.0000,0.0000,0.0000,0.00,0.00,0.00,0.000000,0.000000,-0.08,1
36840,1.88,0.0,0.0,0.0,0.0000,0.0000,0.0000,0.0000,0.00,0.00,0.00,0.000000,0.000000,-0.07,1
36840,1.88,0.0,0.0,0.0,0.0000,0.0000,0.0000,0.0000,0.00,0.00,0.00,0.000000,0.000000,-0.07,1
36840,1.88,0.0,0.0,0.0,0.0000,0.0000,0.0000,0.0000,0.00,0.00,0.00,0.000000,0.000000,-0.07,1
36840,1.88,0.0,0.0,0.0,0.0000,0.0000,0.0000,0.0000,0.00,0.00,0.00,0.000000,0.000000,-0.07,1
36840,1.88,0.0,0.0,0.0,0.0000,0.0000,0.0000,0.0000,0.00,0.00,0.00,0.000000,0.000000,-0.07,1
36853,1.88,0.0,0.0,0.0,0.0000,0.0000,0.0000,0.0000,0.00,0.00,0.00,0.000000,0.000000,-0.07,1
36853,1.88,0.0,0.0,0.0,0.0000,0.0000,0.0000,0.0000,0.00,0.00,0.00,0.000000,0.000000,-0.07,1
36853,1.88,0.0,0.0,0.0,0.0000,0.0000,0.0000,0.0000,0.00,0.00,0.00,0.000000,0.000000,-0.07,1
36853,1.88,0.0,0.0,0.0,0.0000,0.0000,0.0000,0.0000,0.00,0.00,0.00,0.000000,0.000000,-0.07,1
36853,1.88,0.0,0.0,0.0,0.0000,0.0000,0.0000,0.0000,0.00,0.00,0.00,0.000000,0.000000,-0.07,1
36866,1.88,0.0,0.0,0.0,0.0000,0.0000,0.0000,0.0000,0.00,0.00,0.00,0.000000,0.000000,-0.07,1
36866,1.88,0.0,0.0,0.0,0.0000,0.0000,0.0000,0.0000,0.00,0.00,0.00,0.000000,0.000000,-0.07,1
36866,1.88,0.0,0.0,0.0,0.0000,0.0000,0.0000,0.0000,0.00,0.00,0.00,0.000000,0.000000,-0.07,1
36866,1.88,0.0,0.0,0.0,0.0000,0.0000,0.0000,0.0000,0.00,0.00,0.00,0.000000,0.000000,-0.07,1
36866,1.88,0.0,0.0,0.0,0.0000,0.0000,0.0000,0.0000,0.00,0.00,0.00,0.000000,0.000000,-0.07,1
36878,1.88,0.0,0.0,0.0,0.0000,0.0000,0.0000,0.0000,0.00,0.00,0.00,0.000000,0.000000,-0.07,1
36878,1.88,0.0,0.0,0.0,0.0000,0.0000,0.0000,0.0000,0.00,0.00,0.00,0.000000,0.000000,-0.07,1
36878,1.88,0.0,0.0,0.0,0.0000,0.0000,0.0000,0.0000,0.00,0.00,0.00,0.000000,0.000000,-0.07,1
36878,1.88,0.0,0.0,0.0,0.0000,0.0000,0.0000,0.0000,0.00,0.00,0.00,0.000000,0.000000,-0.07,1
36878,1.88,0.0,0.0,0.0,0.0000,0.0000,0.0000,0.0000,0.00,0.00,0.00,0.000000,0.000000,-0.07,1
36891,1.88,0.0,0.0,0.0,0.0000,0.0000,0.0000,0.0000,0.00,0.00,0.00,0.000000,0.000000,-0.08,1
36891,1.88,0.0,0.0,0.0,0.0000,0.0000,0.0000,0.0000,0.00,0.00,0.00,0.000000,0.000000,-0.08,1
36891,1.88,0.0,0.0,0.0,0.0000,0.0000,0.0000,0.0000,0.00,0.00,0.00,0.000000,0.000000,-0.08,1
36891,1.88,0.0,0.0,0.0,0.0000,0.0000,0.0000,0.0000,0.00,0.00,0.00,0.000000,0.000000,-0.08,1
36891,1.88,0.0,0.0,0.0,0.0000,0.0000,0.0000,0.0000,0.00,0.00,0.00,0.000000,0.000000,-0.08,1
36904,1.88,0.0,0.0,0.0,0.0000,0.0000,0.0000,0.0000,0.00,0.00,0.00,0.000000,0.000000,-0.08,1
36904,1.88,0.0,0.0,0.0,0.0000,0.0000,0.0000,0.0000,0.00,0.00,0.00,0.000000,0.000000,-0.08,1
36904,1.88,0.0,0.0,0.0,0.0000,0.0000,0.0000,0.0000,0.00,0.00,0.00,0.000000,0.000000,-0.08,1
36904,1.88,0.0,0.0,0.0,0.0000,0.0000,0.0000,0.0000,0.00,0.00,0.00,0.000000,0.000000,-0.08,1
36904,1.88,0.0,0.0,0.0,0.0000,0.0000,0.0000,0.0000,0.00,0.00,0.00,0.000000,0.000000,-0.08,1
36917,1.88,0.0,0.0,0.0,0.0000,0.0000,0.0000,0.0000,0.00,0.00,0.00,0.000000,0.000000,-0.08,1
36917,1.88,0.0,0.0,0.0,0.0000,0.0000,0.0000,0.0000,0.00,0.00,0.00,0.000000,0.000000,-0.08,1
36917,1.88,0.0,0.0,0.0,0.0000,0.0000,0.0000,0.0000,0.00,0.00,0.00,0.000000,0.000000,-0.08,1
36917,1.88,0.0,0.0,0.0,0.0000,0.0000,0.0000,0.0000,0.00,0.00,0.00,0.000000,0.000000,-0.08,1
36917,1.88,0.0,0.0,0.0,0.0000,0.0000,0.0000,0.0000,0.00,0.00,0.00,0.000000,0.000000,-0.08,1
36929,1.88,0.0,0.0,0.0,0.0000,0.0000,0.0000,0.0000,0.00,0.00,0.00,0.000000,0.000000,-0.08,1
36929,1.88,0.0,0.0,0.0,0.0000,0.0000,0.0000,0.0000,0.00,0.00,0.00,0.000000,0.000000,-0.08,1
36929,1.88,0.0,0.0,0.0,0.0000,0.0000,0.0000,0.0000,0.00,0.00,0.00,0.000000,0.000000,-0.08,1
36929,1.88,0.0,0.0,0.0,0.0000,0.0000,0.0000,0.0000,0.00,0.00,0.00,0.000000,0.000000,-0.08,1
36929,1.88,0.0,0.0,0.0,0.0000,0.0000,0.0000,0.0000,0.00,0.00,0.00,0.000000,0.000000,-0.08,1
36942,1.88,0.0,0.0,0.0,0.0000,0.0000,0.0000,0.0000,0.00,0.00,0.00,0.000000,0.000000,-0.08,1
36942,1.88,0.0,0.0,0.0,0.0000,0.0000,0.0000,0.0000,0.00,0.00,0.00,0.000000,0.000000,-0.08,1
36942,1.88,0.0,0.0,0.0,0.0000,0.0000,0.0000,0.0000,0.00,0.00,0.00,0.000000,0.000000,-0.08,1
36942,1.88,0.0,0.0,0.0,0.0000,0.0000,0.0000,0.0000,0.00,0.00,0.00,0.000000,0.000000,-0.08,1
36942,1.88,0.0,0.0,0.0,0.0000,0.0000,0.0000,0.0000,0.00,0.00,0.00,0.000000,0.000000,-0.08,1
36955,1.88,0.0,0.0,0.0,0.0000,0.0000,0.0000,0.0000,0.00,0.00,0.00,0.000000,0.000000,-0.08,1
36955,1.88,0.0,0.0,0.0,0.0000,0.0000,0.0000,0.0000,0.00,0.00,0.00,0.000000,0.000000,-0.08,1
36955,1.88,0.0,0.0,0.0,0.0000,0.0000,0.0000,0.0000,0.00,0.00,0.00,0.000000,0.000000,-0.08,1
36955,1.88,0.0,0.0,0.0,0.0000,0.0000,0.0000,0.0000,0.00,0.00,0.00,0.000000,0.000000,-0.08,1
36955,1.88,0.0,0.0,0.0,0.0000,0.0000,0.0000,0.0000,0.00,0.00,0.00,0.000000,0.000000,-0.08,1
36968,1.88,0.0,0.0,0.0,0.0000,0.0000,0.0000,0.0000,0.00,0.00,0.00,0.000000,0.000000,-0.08,1
36968,1.88,0.0,0.0,0.0,0.0000,0.0000,0.0000,0.0000,0.00,0.00,0.00,0.000000,0.000000,-0.08,1
36968,1.88,0.0,0.0,0.0,0.0000,0.0000,0.0000,0.0000,0.00,0.00,0.00,0.000000,0.000000,-0.08,1
36968,1.88,0.0,0.0,0.0,0.0000,0.0000,0.0000,0.0000,0.00,0.00,0.00,0.000000,0.000000,-0.08,1
36968,1.88,0.0,0.0,0.0,0.0000,0.0000,0.0000,0.0000,0.00,0.00,0.00,0.000000,0.000000,-0.08,1
36980,1.88,0.0,0.0,0.0,0.0000,0.0000,0.0000,0.0000,0.00,0.00,0.00,0.000000,0.000000,-0.08,1
36980,1.88,0.0,0.0,0.0,0.0000,0.0000,0.0000,0.0000,0.00,0.00,0.00,0.000000,0.000000,-0.08,1
36980,1.88,0.0,0.0,0.0,0.0000,0.0000,0.0000,0.0000,0.00,0.00,0.00,0.000000,0.000000,-0.08,1
36980,1.88,0.0,0.0,0.0,0.0000,0.0000,0.0000,0.0000,0.00,0.00,0.00,0.000000,0.000000,-0.08,1
36980,1.88,0.0,0.0,0.0,0.0000,0.0000,0.0000,0.0000,0.00,0.00,0.00,0.000000,0.000000,-0.08,1
36993,1.88,0.0,0.0,0.0,0.0000,0.0000,0.0000,0.0000,0.00,0.00,0.00,0.000000,0.000000,-0.08,1
36993,1.88,0.0,0.0,0.0,0.0000,0.0000,0.0000,0.0000,0.00,0.00,0.00,0.000000,0.000000,-0.08,1
36993,1.88,0.0,0.0,0.0,0.0000,0.0000,0.0000,0.0000,0.00,0.00,0.00,0.000000,0.000000,-0.08,1
36993,1.88,0.0,0.0,0.0,0.0000,0.0000,0.0000,0.0000,0.00,0.00,0.00,0.000000,0.000000,-0.08,1
36993,1.88,0.0,0.0,0.0,0.0000,0.0000,0.0000,0.0000,0.00,0.00,0.00,0.000000,0.000000,-0.08,1
37006,1.88,0.0,0.0,0.0,0.0000,0.0000,0.0000,0.0000,0.00,0.00,0.00,0.000000,0.000000,-0.08,1
37006,1.88,0.0,0.0,0.0,0.0000,0.0000,0.0000,0.0000,0.00,0.00,0.00,0.000000,0.000000,-0.08,1
37006,1.88,0.0,0.0,0.0,0.0000,0.0000,0.0000,0.0000,0.00,0.00,0.00,0.000000,0.000000,-0.08,1
37006,1.88,0.0,0.0,0.0,0.0000,0.0000,0.0000,0.0000,0.00,0.00,0.00,0.000000,0.000000,-0.08,1
37006,1.88,0.0,0.0,0.0,0.0000,0.0000,0.0000,0.0000,0.00,0.00,0.00,0.000000,0.000000,-0.08,1
37019,1.88,0.0,0.0,0.0,0.0000,0.0000,0.0000,0.0000,0.00,0.00,0.00,0.000000,0.000000,-0.08,1
37019,1.88,0.0,0.0,0.0,0.0000,0.0000,0.0000,0.0000,0.00,0.00,0.00,0.000000,0.000000,-0.08,1
37019,1.88,0.0,0.0,0.0,0.0000,0.0000,0.0000,0.0000,0.00,0.00,0.00,0.000000,0.000000,-0.08,1
37019,1.88,0.0,0.0,0.0,0.0000,0.0000,0.0000,0.0000,0.00,0.00,0.00,0.000000,0.000000,-0.08,1
37019,1.88,0.0,0.0,0.0,0.0000,0.0000,0.0000,0.0000,0.00,0.00,0.00,0.000000,0.000000,-0.08,1
37031,1.88,0.0,0.0,0.0,0.0000,0.0000,0.0000,0.0000,0.00,0.00,0.00,0.000000,0.000000,-0.08,1
37031,1.88,0.0,0.0,0.0,0.0000,0.0000,0.0000,0.0000,0.00,0.00,0.00,0.000000,0.000000,-0.08,1
37031,1.88,0.0,0.0,0.0,0.0000,0.0000,0.0000,0.0000,0.00,0.00,0.00,0.000000,0.000000,-0.08,1
37031,1.88,0.0,0.0,0.0,0.0000,0.0000,0.0000,0.0000,0.00,0.00,0.00,0.000000,0.000000,-0.08,1
37031,1.88,0.0,0.0,0.0,0.0000,0.0000,0.0000,0.0000,0.00,0.00,0.00,0.000000,0.000000,-0.08,1
37044,1.88,0.0,0.0,0.0,0.0000,0.0000,0.0000,0.0000,0.00,0.00,0.00,0.000000,0.000000,-0.08,1
37044,1.88,0.0,0.0,0.0,0.0000,0.0000,0.0000,0.0000,0.00,0.00,0.00,0.000000,0.000000,-0.08,1
37044,1.88,0.0,0.0,0.0,0.0000,0.0000,0.0000,0.0000,0.00,0.00,0.00,0.000000,0.000000,-0.08,1
37044,1.88,0.0,0.0,0.0,0.0000,0.0000,0.0000,0.0000,0.00,0.00,0.00,0.000000,0.000000,-0.08,1
37044,1.88,0.0,0.0,0.0,0.0000,0.0000,0.0000,0.0000,0.00,0.00,0.00,0.000000,0.000000,-0.08,1
37057,1.88,0.0,0.0,0.0,0.0000,0.0000,0.0000,0.0000,0.00,0.00,0.00,0.000000,0.000000,-0.08,1
37057,1.88,0.0,0.0,0.0,0.0000,0.0000,0.0000,0.0000,0.00,0.00,0.00,0.000000,0.000000,-0.08,1
37057,1.88,0.0,0.0,0.0,0.0000,0.0000,0.0000,0.0000,0.00,0.00,0.00,0.000000,0.000000,-0.08,1
37057,1.88,0.0,0.0,0.0,0.0000,0.0000,0.0000,0.0000,0.00,0.00,0.00,0.000000,0.000000,-0.08,1
37057,1.88,0.0,0.0,0.0,0.0000,0.0000,0.0000,0.0000,0.00,0.00,0.00,0.000000,0.000000,-0.08,1
37070,1.88,0.0,0.0,0.0,0.0000,0.0000,0.0000,0.0000,0.00,0.00,0.00,0.000000,0.000000,-0.08,1
37070,1.88,0.0,0.0,0.0,0.0000,0.0000,0.0000,0.0000,0.00,0.00,0.00,0.000000,0.000000,-0.08,1
37070,1.88,0.0,0.0,0.0,0.0000,0.0000,0.0000,0.0000,0.00,0.00,0.00,0.000000,0.000000,-0.08,1
37070,1.88,0.0,0.0,0.0,0.0000,0.0000,0.0000,0.0000,0.00,0.00,0.00,0.000000,0.000000,-0.08,1
37070,1.88,0.0,0.0,0.0,0.0000,0.0000,0.0000,0.0000,0.00,0.00,0.00,0.000000,0.000000,-0.08,1
37082,1.88,0.0,0.0,0.0,0.0000,0.0000,0.0000,0.0000,0.00,0.00,0.00,0.000000,0.000000,-0.08,1
37082,1.88,0.0,0.0,0.0,0.0000,0.0000,0.0000,0.0000,0.00,0.00,0.00,0.000000,0.000000,-0.08,1
37082,1.88,0.0,0.0,0.0,0.0000,0.0000,0.0000,0.0000,0.00,0.00,0.00,0.000000,0.000000,-0.08,1
37082,1.88,0.0,0.0,0.0,0.0000,0.0000,0.0000,0.0000,0.00,0.00,0.00,0.000000,0.000000,-0.08,1
37082,1.88,0.0,0.0,0.0,0.0000,0.0000,0.0000,0.0000,0.00,0.00,0.00,0.000000,0.000000,-0.08,1
37100,1.88,0.0,0.0,0.0,0.0000,0.0000,0.0000,0.0000,0.00,0.00,0.00,0.000000,0.000000,-0.08,1
37100,1.88,0.0,0.0,0.0,0.0000,0.0000,0.0000,0.0000,0.00,0.00,0.00,0.000000,0.000000,-0.08,1
37100,1.88,0.0,0.0,0.0,0.0000,0.0000,0.0000,0.0000,0.00,0.00,0.00,0.000000,0.000000,-0.08,1
37100,1.88,0.0,0.0,0.0,0.0000,0.0000,0.0000,0.0000,0.00,0.00,0.00,0.000000,0.000000,-0.08,1
37100,1.88,0.0,0.0,0.0,0.0000,0.0000,0.0000,0.0000,0.00,0.00,0.00,0.000000,0.000000,-0.08,1
37108,1.88,0.0,0.0,0.0,0.0000,0.0000,0.0000,0.0000,0.00,0.00,0.00,0.000000,0.000000,-0.08,1
37108,1.88,0.0,0.0,0.0,0.0000,0.0000,0.0000,0.0000,0.00,0.00,0.00,0.000000,0.000000,-0.08,1
37108,1.88,0.0,0.0,0.0,0.0000,0.0000,0.0000,0.0000,0.00,0.00,0.00,0.000000,0.000000,-0.08,1
37108,1.88,0.0,0.0,0.0,0.0000,0.0000,0.0000,0.0000,0.00,0.00,0.00,0.000000,0.000000,-0.08,1
37108,1.88,0.0,0.0,0.0,0.0000,0.0000,0.0000,0.0000,0.00,0.00,0.00,0.000000,0.000000,-0.08,1
37121,1.88,0.0,0.0,0.0,0.0000,0.0000,0.0000,0.0000,0.00,0.00,0.00,0.000000,0.000000,-0.08,1
37121,1.88,0.0,0.0,0.0,0.0000,0.0000,0.0000,0.0000,0.00,0.00,0.00,0.000000,0.000000,-0.08,1
37121,1.88,0.0,0.0,0.0,0.0000,0.0000,0.0000,0.0000,0.00,0.00,0.00,0.000000,0.000000,-0.08,1
37121,1.88,0.0,0.0,0.0,0.0000,0.0000,0.0000,0.0000,0.00,0.00,0.00,0.000000,0.000000,-0.08,1
37121,1.88,0.0,0.0,0.0,0.0000,0.0000,0.0000,0.0000,0.00,0.00,0.00,0.000000,0.000000,-0.08,1
37133,1.88,0.0,0.0,0.0,0.0000,0.0000,0.0000,0.0000,0.00,0.00,0.00,0.000000,0.000000,-0.08,1
37133,1.88,0.0,0.0,0.0,0.0000,0.0000,0.0000,0.0000,0.00,0.00,0.00,0.000000,0.000000,-0.08,1
37133,1.88,0.0,0.0,0.0,0.0000,0.0000,0.0000,0.0000,0.00,0.00,0.00,0.000000,0.000000,-0.08,1
37133,1.88,0.0,0.0,0.0,0.0000,0.0000,0.0000,0.0000,0.00,0.00,0.00,0.000000,0.000000,-0.08,1
37133,1.88,0.0,0.0,0.0,0.0000,0.0000,0.0000,0.0000,0.00,0.00,0.00,0.000000,0.000000,-0.08,1
37146,1.88,0.0,0.0,0.0,0.0000,0.0000,0.0000,0.0000,0.00,0.00,0.00,0.000000,0.000000,-0.08,1
37146,1.88,0.0,0.0,0.0,0.0000,0.0000,0.0000,0.0000,0.00,0.00,0.00,0.000000,0.000000,-0.08,1
37146,1.88,0.0,0.0,0.0,0.0000,0.0000,0.0000,0.0000,0.00,0.00,0.00,0.000000,0.000000,-0.08,1
37146,1.88,0.0,0.0,0.0,0.0000,0.0000,0.0000,0.0000,0.00,0.00,0.00,0.000000,0.000000,-0.08,1
37146,1.88,0.0,0.0,0.0,0.0000,0.0000,0.0000,0.0000,0.00,0.00,0.00,0.000000,0.000000,-0.08,1
37159,1.88,0.0,0.0,0.0,0.0000,0.0000,0.0000,0.0000,0.00,0.00,0.00,0.000000,0.000000,-0.07,1
37159,1.88,0.0,0.0,0.0,0.0000,0.0000,0.0000,0.0000,0.00,0.00,0.00,0.000000,0.000000,-0.07,1
37159,1.88,0.0,0.0,0.0,0.0000,0.0000,0.0000,0.0000,0.00,0.00,0.00,0.000000,0.000000,-0.07,1
37159,1.88,0.0,0.0,0.0,0.0000,0.0000,0.0000,0.0000,0.00,0.00,0.00,0.000000,0.000000,-0.07,1
37159,1.88,0.0,0.0,0.0,0.0000,0.0000,0.0000,0.0000,0.00,0.00,0.00,0.000000,0.000000,-0.07,1
37172,1.88,0.0,0.0,0.0,0.0000,0.0000,0.0000,0.0000,0.00,0.00,0.00,0.000000,0.000000,-0.07,1
37172,1.88,0.0,0.0,0.0,0.0000,0.0000,0.0000,0.0000,0.00,0.00,0.00,0.000000,0.000000,-0.07,1
37172,1.88,0.0,0.0,0.0,0.0000,0.0000,0.0000,0.0000,0.00,0.00,0.00,0.000000,0.000000,-0.07,1
37172,1.88,0.0,0.0,0.0,0.0000,0.0000,0.0000,0.0000,0.00,0.00,0.00,0.000000,0.000000,-0.07,1
37172,1.88,0.0,0.0,0.0,0.0000,0.0000,0.0000,0.0000,0.00,0.00,0.00,0.000000,0.000000,-0.07,1
37185,1.88,0.0,0.0,0.0,0.0000,0.0000,0.0000,0.0000,0.00,0.00,0.00,0.000000,0.000000,-0.07,1
37185,1.88,0.0,0.0,0.0,0.0000,0.0000,0.0000,0.0000,0.00,0.00,0.00,0.000000,0.000000,-0.07,1
37185,1.88,0.0,0.0,0.0,0.0000,0.0000,0.0000,0.0000,0.00,0.00,0.00,0.000000,0.000000,-0.07,1
37185,1.88,0.0,0.0,0.0,0.0000,0.0000,0.0000,0.0000,0.00,0.00,0.00,0.000000,0.000000,-0.07,1
37185,1.88,0.0,0.0,0.0,0.0000,0.0000,0.0000,0.0000,0.00,0.00,0.00,0.000000,0.000000,-0.07,1
37197,1.88,0.0,0.0,0.0,0.0000,0.0000,0.0000,0.0000,0.00,0.00,0.00,0.000000,0.000000,-0.07,1
37197,1.88,0.0,0.0,0.0,0.0000,0.0000,0.0000,0.0000,0.00,0.00,0.00,0.000000,0.000000,-0.07,1
37197,1.88,0.0,0.0,0.0,0.0000,0.0000,0.0000,0.0000,0.00,0.00,0.00,0.000000,0.000000,-0.07,1
37197,1.88,0.0,0.0,0.0,0.0000,0.0000,0.0000,0.0000,0.00,0.00,0.00,0.000000,0.000000,-0.07,1
37197,1.88,0.0,0.0,0.0,0.0000,0.0000,0.0000,0.0000,0.00,0.00,0.00,0.000000,0.000000,-0.07,1
37210,1.88,0.0,0.0,0.0,0.0000,0.0000,0.0000,0.0000,0.00,0.00,0.00,0.000000,0.000000,-0.08,1
37210,1.88,0.0,0.0,0.0,0.0000,0.0000,0.0000,0.0000,0.00,0.00,0.00,0.000000,0.000000,-0.08,1
37210,1.88,0.0,0.0,0.0,0.0000,0.0000,0.0000,0.0000,0.00,0.00,0.00,0.000000,0.000000,-0.08,1
37210,1.88,0.0,0.0,0.0,0.0000,0.0000,0.0000,0.0000,0.00,0.00,0.00,0.000000,0.000000,-0.08,1
37210,1.88,0.0,0.0,0.0,0.0000,0.0000,0.0000,0.0000,0.00,0.00,0.00,0.000000,0.000000,-0.08,1
37223,1.88,0.0,0.0,0.0,0.0000,0.0000,0.0000,0.0000,0.00,0.00,0.00,0.000000,0.000000,-0.08,1
37223,1.88,0.0,0.0,0.0,0.0000,0.0000,0.0000,0.0000,0.00,0.00,0.00,0.000000,0.000000,-0.08,1
37223,1.88,0.0,0.0,0.0,0.0000,0.0000,0.0000,0.0000,0.00,0.00,0.00,0.000000,0.000000,-0.08,1
37223,1.88,0.0,0.0,0.0,0.0000,0.0000,0.0000,0.0000,0.00,0.00,0.00,0.000000,0.000000,-0.08,1
37223,1.88,0.0,0.0,0.0,0.0000,0.0000,0.0000,0.0000,0.00,0.00,0.00,0.000000,0.000000,-0.08,1
37235,1.88,0.0,0.0,0.0,0.0000,0.0000,0.0000,0.0000,0.00,0.00,0.00,0.000000,0.000000,-0.08,1
37235,1.88,0.0,0.0,0.0,0.0000,0.0000,0.0000,0.0000,0.00,0.00,0.00,0.000000,0.000000,-0.08,1
37235,1.88,0.0,0.0,0.0,0.0000,0.0000,0.0000,0.0000,0.00,0.00,0.00,0.000000,0.000000,-0.08,1
37235,1.88,0.0,0.0,0.0,0.0000,0.0000,0.0000,0.0000,0.00,0.00,0.00,0.000000,0.000000,-0.08,1
37235,1.88,0.0,0.0,0.0,0.0000,0.0000,0.0000,0.0000,0.00,0.00,0.00,0.000000,0.000000,-0.08,1
37248,1.88,0.0,0.0,0.0,0.0000,0.0000,0.0000,0.0000,0.00,0.00,0.00,0.000000,0.000000,-0.08,1
37248,1.88,0.0,0.0,0.0,0.0000,0.0000,0.0000,0.0000,0.00,0.00,0.00,0.000000,0.000000,-0.08,1
37248,1.88,0.0,0.0,0.0,0.0000,0.0000,0.0000,0.0000,0.00,0.00,0.00,0.000000,0.000000,-0.08,1
37248,1.88,0.0,0.0,0.0,0.0000,0.0000,0.0000,0.0000,0.00,0.00,0.00,0.000000,0.000000,-0.08,1
37248,1.88,0.0,0.0,0.0,0.0000,0.0000,0.0000,0.0000,0.00,0.00,0.00,0.000000,0.000000,-0.08,1
37261,1.88,0.0,0.0,0.0,0.0000,0.0000,0.0000,0.0000,0.00,0.00,0.00,0.000000,0.000000,-0.08,1
37261,1.88,0.0,0.0,0.0,0.0000,0.0000,0.0000,0.0000,0.00,0.00,0.00,0.000000,0.000000,-0.08,1
37261,1.88,0.0,0.0,0.0,0.0000,0.0000,0.0000,0.0000,0.00,0.00,0.00,0.000000,0.000000,-0.08,1
37261,1.88,0.0,0.0,0.0,0.0000,0.0000,0.0000,0.0000,0.00,0.00,0.00,0.000000,0.000000,-0.08,1
37261,1.88,0.0,0.0,0.0,0.0000,0.0000,0.0000,0.0000,0.00,0.00,0.00,0.000000,0.000000,-0.08,1
37274,1.88,0.0,0.0,0.0,0.0000,0.0000,0.0000,0.0000,0.00,0.00,0.00,0.000000,0.000000,-0.08,1
37274,1.88,0.0,0.0,0.0,0.0000,0.0000,0.0000,0.0000,0.00,0.00,0.00,0.000000,0.000000,-0.08,1
37274,1.88,0.0,0.0,0.0,0.0000,0.0000,0.0000,0.0000,0.00,0.00,0.00,0.000000,0.000000,-0.08,1
37274,1.88,0.0,0.0,0.0,0.0000,0.0000,0.0000,0.0000,0.00,0.00,0.00,0.000000,0.000000,-0.08,1
37274,1.88,0.0,0.0,0.0,0.0000,0.0000,0.0000,0.0000,0.00,0.00,0.00,0.000000,0.000000,-0.08,1
37286,1.88,0.0,0.0,0.0,0.0000,0.0000,0.0000,0.0000,0.00,0.00,0.00,0.000000,0.000000,-0.08,1
37286,1.88,0.0,0.0,0.0,0.0000,0.0000,0.0000,0.0000,0.00,0.00,0.00,0.000000,0.000000,-0.08,1
37286,1.88,0.0,0.0,0.0,0.0000,0.0000,0.0000,0.0000,0.00,0.00,0.00,0.000000,0.000000,-0.08,1
37286,1.88,0.0,0.0,0.0,0.0000,0.0000,0.0000,0.0000,0.00,0.00,0.00,0.000000,0.000000,-0.08,1
37286,1.88,0.0,0.0,0.0,0.0000,0.0000,0.0000,0.0000,0.00,0.00,0.00,0.000000,0.000000,-0.08,1
37299,1.88,0.0,0.0,0.0,0.0000,0.0000,0.0000,0.0000,0.00,0.00,0.00,0.000000,0.000000,-0.08,1
37299,1.88,0.0,0.0,0.0,0.0000,0.0000,0.0000,0.0000,0.00,0.00,0.00,0.000000,0.000000,-0.08,1
37299,1.88,0.0,0.0,0.0,0.0000,0.0000,0.0000,0.0000,0.00,0.00,0.00,0.000000,0.000000,-0.08,1
37299,1.88,0.0,0.0,0.0,0.0000,0.0000,0.0000,0.0000,0.00,0.00,0.00,0.000000,0.000000,-0.08,1
37299,1.88,0.0,0.0,0.0,0.0000,0.0000,0.0000,0.0000,0.00,0.00,0.00,0.000000,0.000000,-0.08,1
37312,1.88,0.0,0.0,0.0,0.0000,0.0000,0.0000,0.0000,0.00,0.00,0.00,0.000000,0.000000,-0.08,1
37312,1.88,0.0,0.0,0.0,0.0000,0.0000,0.0000,0.0000,0.00,0.00,0.00,0.000000,0.000000,-0.08,1
37312,1.88,0.0,0.0,0.0,0.0000,0.0000,0.0000,0.0000,0.00,0.00,0.00,0.000000,0.000000,-0.08,1
37312,1.88,0.0,0.0,0.0,0.0000,0.0000,0.0000,0.0000,0.00,0.00,0.00,0.000000,0.000000,-0.08,1
37312,1.88,0.0,0.0,0.0,0.0000,0.0000,0.0000,0.0000,0.00,0.00,0.00,0.000000,0.000000,-0.08,1
37325,1.88,0.0,0.0,0.0,0.0000,0.0000,0.0000,0.0000,0.00,0.00,0.00,0.000000,0.000000,-0.08,1
37325,1.88,0.0,0.0,0.0,0.0000,0.0000,0.0000,0.0000,0.00,0.00,0.00,0.000000,0.000000,-0.08,1
37325,1.88,0.0,0.0,0.0,0.0000,0.0000,0.0000,0.0000,0.00,0.00,0.00,0.000000,0.000000,-0.08,1
37325,1.88,0.0,0.0,0.0,0.0000,0.0000,0.0000,0.0000,0.00,0.00,0.00,0.000000,0.000000,-0.08,1
37325,1.88,0.0,0.0,0.0,0.0000,0.0000,0.0000,0.0000,0.00,0.00,0.00,0.000000,0.000000,-0.08,1
37337,1.88,0.0,0.0,0.0,0.0000,0.0000,0.0000,0.0000,0.00,0.00,0.00,0.000000,0.000000,-0.08,1
37337,1.88,0.0,0.0,0.0,0.0000,0.0000,0.0000,0.0000,0.00,0.00,0.00,0.000000,0.000000,-0.08,1
37337,1.88,0.0,0.0,0.0,0.0000,0.0000,0.0000,0.0000,0.00,0.00,0.00,0.000000,0.000000,-0.08,1
37337,1.88,0.0,0.0,0.0,0.0000,0.0000,0.0000,0.0000,0.00,0.00,0.00,0.000000,0.000000,-0.08,1
37337,1.88,0.0,0.0,0.0,0.0000,0.0000,0.0000,0.0000,0.00,0.00,0.00,0.000000,0.000000,-0.08,1
37350,1.88,0.0,0.0,0.0,0.0000,0.0000,0.0000,0.0000,0.00,0.00,0.00,0.000000,0.000000,-0.08,1
37363,1.88,0.0,0.0,0.0,0.0000,0.0000,0.0000,0.0000,0.00,0.00,0.00,0.000000,0.000000,-0.08,1
37363,1.88,0.0,0.0,0.0,0.0000,0.0000,0.0000,0.0000,0.00,0.00,0.00,0.000000,0.000000,-0.08,1
37363,1.88,0.0,0.0,0.0,0.0000,0.0000,0.0000,0.0000,0.00,0.00,0.00,0.000000,0.000000,-0.08,1
37363,1.88,0.0,0.0,0.0,0.0000,0.0000,0.0000,0.0000,0.00,0.00,0.00,0.000000,0.000000,-0.08,1
37363,1.88,0.0,0.0,0.0,0.0000,0.0000,0.0000,0.0000,0.00,0.00,0.00,0.000000,0.000000,-0.08,1
37376,1.88,0.0,0.0,0.0,0.0000,0.0000,0.0000,0.0000,0.00,0.00,0.00,0.000000,0.000000,-0.08,1
37376,1.88,0.0,0.0,0.0,0.0000,0.0000,0.0000,0.0000,0.00,0.00,0.00,0.000000,0.000000,-0.08,1
37376,1.88,0.0,0.0,0.0,0.0000,0.0000,0.0000,0.0000,0.00,0.00,0.00,0.000000,0.000000,-0.08,1
37376,1.88,0.0,0.0,0.0,0.0000,0.0000,0.0000,0.0000,0.00,0.00,0.00,0.000000,0.000000,-0.08,1
37376,1.88,0.0,0.0,0.0,0.0000,0.0000,0.0000,0.0000,0.00,0.00,0.00,0.000000,0.000000,-0.08,1
37389,1.88,0.0,0.0,0.0,0.0000,0.0000,0.0000,0.0000,0.00,0.00,0.00,0.000000,0.000000,-0.08,1
37389,1.88,0.0,0.0,0.0,0.0000,0.0000,0.0000,0.0000,0.00,0.00,0.00,0.000000,0.000000,-0.08,1
37389,1.88,0.0,0.0,0.0,0.0000,0.0000,0.0000,0.0000,0.00,0.00,0.00,0.000000,0.000000,-0.08,1
37389,1.88,0.0,0.0,0.0,0.0000,0.0000,0.0000,0.0000,0.00,0.00,0.00,0.000000,0.000000,-0.08,1
37389,1.88,0.0,0.0,0.0,0.0000,0.0000,0.0000,0.0000,0.00,0.00,0.00,0.000000,0.000000,-0.08,1
37401,1.88,0.0,0.0,0.0,0.0000,0.0000,0.0000,0.0000,0.00,0.00,0.00,0.000000,0.000000,-0.08,1
37401,1.88,0.0,0.0,0.0,0.0000,0.0000,0.0000,0.0000,0.00,0.00,0.00,0.000000,0.000000,-0.08,1
37401,1.88,0.0,0.0,0.0,0.0000,0.0000,0.0000,0.0000,0.00,0.00,0.00,0.000000,0.000000,-0.08,1
37401,1.88,0.0,0.0,0.0,0.0000,0.0000,0.0000,0.0000,0.00,0.00,0.00,0.000000,0.000000,-0.08,1
37401,1.88,0.0,0.0,0.0,0.0000,0.0000,0.0000,0.0000,0.00,0.00,0.00,0.000000,0.000000,-0.08,1
37414,1.88,0.0,0.0,0.0,0.0000,0.0000,0.0000,0.0000,0.00,0.00,0.00,0.000000,0.000000,-0.08,1
37414,1.88,0.0,0.0,0.0,0.0000,0.0000,0.0000,0.0000,0.00,0.00,0.00,0.000000,0.000000,-0.08,1
37414,1.88,0.0,0.0,0.0,0.0000,0.0000,0.0000,0.0000,0.00,0.00,0.00,0.000000,0.000000,-0.08,1
37414,1.88,0.0,0.0,0.0,0.0000,0.0000,0.0000,0.0000,0.00,0.00,0.00,0.000000,0.000000,-0.08,1
37414,1.88,0.0,0.0,0.0,0.0000,0.0000,0.0000,0.0000,0.00,0.00,0.00,0.000000,0.000000,-0.08,1
37427,1.88,0.0,0.0,0.0,0.0000,0.0000,0.0000,0.0000,0.00,0.00,0.00,0.000000,0.000000,-0.08,1
37427,1.88,0.0,0.0,0.0,0.0000,0.0000,0.0000,0.0000,0.00,0.00,0.00,0.000000,0.000000,-0.08,1
37427,1.88,0.0,0.0,0.0,0.0000,0.0000,0.0000,0.0000,0.00,0.00,0.00,0.000000,0.000000,-0.08,1
37427,1.88,0.0,0.0,0.0,0.0000,0.0000,0.0000,0.0000,0.00,0.00,0.00,0.000000,0.000000,-0.08,1
37427,1.88,0.0,0.0,0.0,0.0000,0.0000,0.0000,0.0000,0.00,0.00,0.00,0.000000,0.000000,-0.08,1
37439,1.88,0.0,0.0,0.0,0.0000,0.0000,0.0000,0.0000,0.00,0.00,0.00,0.000000,0.000000,-0.08,1
37439,1.88,0.0,0.0,0.0,0.0000,0.0000,0.0000,0.0000,0.00,0.00,0.00,0.000000,0.000000,-0.08,1
37439,1.88,0.0,0.0,0.0,0.0000,0.0000,0.0000,0.0000,0.00,0.00,0.00,0.000000,0.000000,-0.08,1
37439,1.88,0.0,0.0,0.0,0.0000,0.0000,0.0000,0.0000,0.00,0.00,0.00,0.000000,0.000000,-0.08,1
37439,1.88,0.0,0.0,0.0,0.0000,0.0000,0.0000,0.0000,0.00,0.00,0.00,0.000000,0.000000,-0.08,1
37452,1.88,0.0,0.0,0.0,0.0000,0.0000,0.0000,0.0000,0.00,0.00,0.00,0.000000,0.000000,-0.08,1
37452,1.88,0.0,0.0,0.0,0.0000,0.0000,0.0000,0.0000,0.00,0.00,0.00,0.000000,0.000000,-0.08,1
37452,1.88,0.0,0.0,0.0,0.0000,0.0000,0.0000,0.0000,0.00,0.00,0.00,0.000000,0.000000,-0.08,1
37452,1.88,0.0,0.0,0.0,0.0000,0.0000,0.0000,0.0000,0.00,0.00,0.00,0.000000,0.000000,-0.08,1
37452,1.88,0.0,0.0,0.0,0.0000,0.0000,0.0000,0.0000,0.00,0.00,0.00,0.000000,0.000000,-0.08,1
37465,1.88,0.0,0.0,0.0,0.0000,0.0000,0.0000,0.0000,0.00,0.00,0.00,0.000000,0.000000,-0.08,1
37465,1.88,0.0,0.0,0.0,0.0000,0.0000,0.0000,0.0000,0.00,0.00,0.00,0.000000,0.000000,-0.08,1
37465,1.88,0.0,0.0,0.0,0.0000,0.0000,0.0000,0.0000,0.00,0.00,0.00,0.000000,0.000000,-0.08,1
37465,1.88,0.0,0.0,0.0,0.0000,0.0000,0.0000,0.0000,0.00,0.00,0.00,0.000000,0.000000,-0.08,1
37465,1.88,0.0,0.0,0.0,0.0000,0.0000,0.0000,0.0000,0.00,0.00,0.00,0.000000,0.000000,-0.08,1
37478,1.88,0.0,0.0,0.0,0.0000,0.0000,0.0000,0.0000,0.00,0.00,0.00,0.000000,0.000000,-0.07,1
37478,1.88,0.0,0.0,0.0,0.0000,0.0000,0.0000,0.0000,0.00,0.00,0.00,0.000000,0.000000,-0.07,1
37478,1.88,0.0,0.0,0.0,0.0000,0.0000,0.0000,0.0000,0.00,0.00,0.00,0.000000,0.000000,-0.07,1
37478,1.88,0.0,0.0,0.0,0.0000,0.0000,0.0000,0.0000,0.00,0.00,0.00,0.000000,0.000000,-0.07,1
37478,1.88,0.0,0.0,0.0,0.0000,0.0000,0.0000,0.0000,0.00,0.00,0.00,0.000000,0.000000,-0.07,1
37490,1.88,0.0,0.0,0.0,0.0000,0.0000,0.0000,0.0000,0.00,0.00,0.00,0.000000,0.000000,-0.07,1
37490,1.88,0.0,0.0,0.0,0.0000,0.0000,0.0000,0.0000,0.00,0.00,0.00,0.000000,0.000000,-0.07,1
37490,1.88,0.0,0.0,0.0,0.0000,0.0000,0.0000,0.0000,0.00,0.00,0.00,0.000000,0.000000,-0.07,1
37490,1.88,0.0,0.0,0.0,0.0000,0.0000,0.0000,0.0000,0.00,0.00,0.00,0.000000,0.000000,-0.07,1
37490,1.88,0.0,0.0,0.0,0.0000,0.0000,0.0000,0.0000,0.00,0.00,0.00,0.000000,0.000000,-0.07,1
37503,1.88,0.0,0.0,0.0,0.0000,0.0000,0.0000,0.0000,0.00,0.00,0.00,0.000000,0.000000,-0.07,1
37503,1.88,0.0,0.0,0.0,0.0000,0.0000,0.0000,0.0000,0.00,0.00,0.00,0.000000,0.000000,-0.07,1
37503,1.88,0.0,0.0,0.0,0.0000,0.0000,0.0000,0.0000,0.00,0.00,0.00,0.000000,0.000000,-0.07,1
37503,1.88,0.0,0.0,0.0,0.0000,0.0000,0.0000,0.0000,0.00,0.00,0.00,0.000000,0.000000,-0.07,1
37503,1.88,0.0,0.0,0.0,0.0000,0.0000,0.0000,0.0000,0.00,0.00,0.00,0.000000,0.000000,-0.07,1
37516,1.88,0.0,0.0,0.0,0.0000,0.0000,0.0000,0.0000,0.00,0.00,0.00,0.000000,0.000000,-0.07,1
37516,1.88,0.0,0.0,0.0,0.0000,0.0000,0.0000,0.0000,0.00,0.00,0.00,0.000000,0.000000,-0.07,1
37516,1.88,0.0,0.0,0.0,0.0000,0.0000,0.0000,0.0000,0.00,0.00,0.00,0.000000,0.000000,-0.07,1
37516,1.88,0.0,0.0,0.0,0.0000,0.0000,0.0000,0.0000,0.00,0.00,0.00,0.000000,0.000000,-0.07,1
37516,1.88,0.0,0.0,0.0,0.0000,0.0000,0.0000,0.0000,0.00,0.00,0.00,0.000000,0.000000,-0.07,1
37529,1.88,0.0,0.0,0.0,0.0000,0.0000,0.0000,0.0000,0.00,0.00,0.00,0.000000,0.000000,-0.07,1
37529,1.88,0.0,0.0,0.0,0.0000,0.0000,0.0000,0.0000,0.00,0.00,0.00,0.000000,0.000000,-0.07,1
37529,1.88,0.0,0.0,0.0,0.0000,0.0000,0.0000,0.0000,0.00,0.00,0.00,0.000000,0.000000,-0.07,1
37529,1.88,0.0,0.0,0.0,0.0000,0.0000,0.0000,0.0000,0.00,0.00,0.00,0.000000,0.000000,-0.07,1
37529,1.88,0.0,0.0,0.0,0.0000,0.0000,0.0000,0.0000,0.00,0.00,0.00,0.000000,0.000000,-0.07,1
37541,1.88,0.0,0.0,0.0,0.0000,0.0000,0.0000,0.0000,0.00,0.00,0.00,0.000000,0.000000,-0.07,1
37541,1.88,0.0,0.0,0.0,0.0000,0.0000,0.0000,0.0000,0.00,0.00,0.00,0.000000,0.000000,-0.07,1
37541,1.88,0.0,0.0,0.0,0.0000,0.0000,0.0000,0.0000,0.00,0.00,0.00,0.000000,0.000000,-0.07,1
37541,1.88,0.0,0.0,0.0,0.0000,0.0000,0.0000,0.0000,0.00,0.00,0.00,0.000000,0.000000,-0.07,1
37541,1.88,0.0,0.0,0.0,0.0000,0.0000,0.0000,0.0000,0.00,0.00,0.00,0.000000,0.000000,-0.07,1
37554,1.88,0.0,0.0,0.0,0.0000,0.0000,0.0000,0.0000,0.00,0.00,0.00,0.000000,0.000000,-0.07,1
37554,1.88,0.0,0.0,0.0,0.0000,0.0000,0.0000,0.0000,0.00,0.00,0.00,0.000000,0.000000,-0.07,1
37554,1.88,0.0,0.0,0.0,0.0000,0.0000,0.0000,0.0000,0.00,0.00,0.00,0.000000,0.000000,-0.07,1
37554,1.88,0.0,0.0,0.0,0.0000,0.0000,0.0000,0.0000,0.00,0.00,0.00,0.000000,0.000000,-0.07,1
37554,1.88,0.0,0.0,0.0,0.0000,0.0000,0.0000,0.0000,0.00,0.00,0.00,0.000000,0.000000,-0.07,1
37567,1.88,0.0,0.0,0.0,0.0000,0.0000,0.0000,0.0000,0.00,0.00,0.00,0.000000,0.000000,-0.07,1
37567,1.88,0.0,0.0,0.0,0.0000,0.0000,0.0000,0.0000,0.00,0.00,0.00,0.000000,0.000000,-0.07,1
37567,1.88,0.0,0.0,0.0,0.0000,0.0000,0.0000,0.0000,0.00,0.00,0.00,0.000000,0.000000,-0.07,1
37567,1.88,0.0,0.0,0.0,0.0000,0.0000,0.0000,0.0000,0.00,0.00,0.00,0.000000,0.000000,-0.07,1
37567,1.88,0.0,0.0,0.0,0.0000,0.0000,0.0000,0.0000,0.00,0.00,0.00,0.000000,0.000000,-0.07,1
37581,1.88,0.0,0.0,0.0,0.0000,0.0000,0.0000,0.0000,0.00,0.00,0.00,0.000000,0.000000,-0.07,1
37581,1.88,0.0,0.0,0.0,0.0000,0.0000,0.0000,0.0000,0.00,0.00,0.00,0.000000,0.000000,-0.07,1
37581,1.88,0.0,0.0,0.0,0.0000,0.0000,0.0000,0.0000,0.00,0.00,0.00,0.000000,0.000000,-0.07,1
37581,1.88,0.0,0.0,0.0,0.0000,0.0000,0.0000,0.0000,0.00,0.00,0.00,0.000000,0.000000,-0.07,1
37581,1.88,0.0,0.0,0.0,0.0000,0.0000,0.0000,0.0000,0.00,0.00,0.00,0.000000,0.000000,-0.07,1
37592,1.88,0.0,0.0,0.0,0.0000,0.0000,0.0000,0.0000,0.00,0.00,0.00,0.000000,0.000000,-0.07,1
37592,1.88,0.0,0.0,0.0,0.0000,0.0000,0.0000,0.0000,0.00,0.00,0.00,0.000000,0.000000,-0.07,1
37592,1.88,0.0,0.0,0.0,0.0000,0.0000,0.0000,0.0000,0.00,0.00,0.00,0.000000,0.000000,-0.07,1
37592,1.88,0.0,0.0,0.0,0.0000,0.0000,0.0000,0.0000,0.00,0.00,0.00,0.000000,0.000000,-0.07,1
37592,1.88,0.0,0.0,0.0,0.0000,0.0000,0.0000,0.0000,0.00,0.00,0.00,0.000000,0.000000,-0.07,1
37605,1.88,0.0,0.0,0.0,0.0000,0.0000,0.0000,0.0000,0.00,0.00,0.00,0.000000,0.000000,-0.07,1
37605,1.88,0.0,0.0,0.0,0.0000,0.0000,0.0000,0.0000,0.00,0.00,0.00,0.000000,0.000000,-0.07,1
37605,1.88,0.0,0.0,0.0,0.0000,0.0000,0.0000,0.0000,0.00,0.00,0.00,0.000000,0.000000,-0.07,1
37605,1.88,0.0,0.0,0.0,0.0000,0.0000,0.0000,0.0000,0.00,0.00,0.00,0.000000,0.000000,-0.07,1
37605,1.88,0.0,0.0,0.0,0.0000,0.0000,0.0000,0.0000,0.00,0.00,0.00,0.000000,0.000000,-0.07,1
37618,1.88,0.0,0.0,0.0,0.0000,0.0000,0.0000,0.0000,0.00,0.00,0.00,0.000000,0.000000,-0.07,1
37618,1.88,0.0,0.0,0.0,0.0000,0.0000,0.0000,0.0000,0.00,0.00,0.00,0.000000,0.000000,-0.07,1
37618,1.88,0.0,0.0,0.0,0.0000,0.0000,0.0000,0.0000,0.00,0.00,0.00,0.000000,0.000000,-0.07,1
37618,1.88,0.0,0.0,0.0,0.0000,0.0000,0.0000,0.0000,0.00,0.00,0.00,0.000000,0.000000,-0.07,1
37618,1.88,0.0,0.0,0.0,0.0000,0.0000,0.0000,0.0000,0.00,0.00,0.00,0.000000,0.000000,-0.07,1
37631,1.88,0.0,0.0,0.0,0.0000,0.0000,0.0000,0.0000,0.00,0.00,0.00,0.000000,0.000000,-0.07,1
37631,1.88,0.0,0.0,0.0,0.0000,0.0000,0.0000,0.0000,0.00,0.00,0.00,0.000000,0.000000,-0.07,1
37631,1.88,0.0,0.0,0.0,0.0000,0.0000,0.0000,0.0000,0.00,0.00,0.00,0.000000,0.000000,-0.07,1
37631,1.88,0.0,0.0,0.0,0.0000,0.0000,0.0000,0.0000,0.00,0.00,0.00,0.000000,0.000000,-0.07,1
37631,1.88,0.0,0.0,0.0,0.0000,0.0000,0.0000,0.0000,0.00,0.00,0.00,0.000000,0.000000,-0.07,1
37643,1.88,0.0,0.0,0.0,0.0000,0.0000,0.0000,0.0000,0.00,0.00,0.00,0.000000,0.000000,-0.07,1
37643,1.88,0.0,0.0,0.0,0.0000,0.0000,0.0000,0.0000,0.00,0.00,0.00,0.000000,0.000000,-0.07,1
37643,1.88,0.0,0.0,0.0,0.0000,0.0000,0.0000,0.0000,0.00,0.00,0.00,0.000000,0.000000,-0.07,1
37643,1.88,0.0,0.0,0.0,0.0000,0.0000,0.0000,0.0000,0.00,0.00,0.00,0.000000,0.000000,-0.07,1
37643,1.88,0.0,0.0,0.0,0.0000,0.0000,0.0000,0.0000,0.00,0.00,0.00,0.000000,0.000000,-0.07,1
37656,1.88,0.0,0.0,0.0,0.0000,0.0000,0.0000,0.0000,0.00,0.00,0.00,0.000000,0.000000,-0.07,1
37656,1.88,0.0,0.0,0.0,0.0000,0.0000,0.0000,0.0000,0.00,0.00,0.00,0.000000,0.000000,-0.07,1
37656,1.88,0.0,0.0,0.0,0.0000,0.0000,0.0000,0.0000,0.00,0.00,0.00,0.000000,0.000000,-0.07,1
37656,1.88,0.0,0.0,0.0,0.0000,0.0000,0.0000,0.0000,0.00,0.00,0.00,0.000000,0.000000,-0.07,1
37656,1.88,0.0,0.0,0.0,0.0000,0.0000,0.0000,0.0000,0.00,0.00,0.00,0.000000,0.000000,-0.07,1
37669,1.88,0.0,0.0,0.0,0.0000,0.0000,0.0000,0.0000,0.00,0.00,0.00,0.000000,0.000000,-0.07,1
37669,1.88,0.0,0.0,0.0,0.0000,0.0000,0.0000,0.0000,0.00,0.00,0.00,0.000000,0.000000,-0.07,1
37669,1.88,0.0,0.0,0.0,0.0000,0.0000,0.0000,0.0000,0.00,0.00,0.00,0.000000,0.000000,-0.07,1
37669,1.88,0.0,0.0,0.0,0.0000,0.0000,0.0000,0.0000,0.00,0.00,0.00,0.000000,0.000000,-0.07,1
37669,1.88,0.0,0.0,0.0,0.0000,0.0000,0.0000,0.0000,0.00,0.00,0.00,0.000000,0.000000,-0.07,1
37682,1.88,0.0,0.0,0.0,0.0000,0.0000,0.0000,0.0000,0.00,0.00,0.00,0.000000,0.000000,-0.07,1
37682,1.88,0.0,0.0,0.0,0.0000,0.0000,0.0000,0.0000,0.00,0.00,0.00,0.000000,0.000000,-0.07,1
37682,1.88,0.0,0.0,0.0,0.0000,0.0000,0.0000,0.0000,0.00,0.00,0.00,0.000000,0.000000,-0.07,1
37682,1.88,0.0,0.0,0.0,0.0000,0.0000,0.0000,0.0000,0.00,0.00,0.00,0.000000,0.000000,-0.07,1
37682,1.88,0.0,0.0,0.0,0.0000,0.0000,0.0000,0.0000,0.00,0.00,0.00,0.000000,0.000000,-0.07,1
37694,1.88,0.0,0.0,0.0,0.0000,0.0000,0.0000,0.0000,0.00,0.00,0.00,0.000000,0.000000,-0.07,1
37694,1.88,0.0,0.0,0.0,0.0000,0.0000,0.0000,0.0000,0.00,0.00,0.00,0.000000,0.000000,-0.07,1
37694,1.88,0.0,0.0,0.0,0.0000,0.0000,0.0000,0.0000,0.00,0.00,0.00,0.000000,0.000000,-0.07,1
37694,1.88,0.0,0.0,0.0,0.0000,0.0000,0.0000,0.0000,0.00,0.00,0.00,0.000000,0.000000,-0.07,1
37694,1.88,0.0,0.0,0.0,0.0000,0.0000,0.0000,0.0000,0.00,0.00,0.00,0.000000,0.000000,-0.07,1
37707,1.88,0.0,0.0,0.0,0.0000,0.0000,0.0000,0.0000,0.00,0.00,0.00,0.000000,0.000000,-0.07,1
37707,1.88,0.0,0.0,0.0,0.0000,0.0000,0.0000,0.0000,0.00,0.00,0.00,0.000000,0.000000,-0.07,1
37707,1.88,0.0,0.0,0.0,0.0000,0.0000,0.0000,0.0000,0.00,0.00,0.00,0.000000,0.000000,-0.07,1
37707,1.88,0.0,0.0,0.0,0.0000,0.0000,0.0000,0.0000,0.00,0.00,0.00,0.000000,0.000000,-0.07,1
37707,1.88,0.0,0.0,0.0,0.0000,0.0000,0.0000,0.0000,0.00,0.00,0.00,0.000000,0.000000,-0.07,1
37722,1.88,0.0,0.0,0.0,0.0000,0.0000,0.0000,0.0000,0.00,0.00,0.00,0.000000,0.000000,-0.07,1
37722,1.88,0.0,0.0,0.0,0.0000,0.0000,0.0000,0.0000,0.00,0.00,0.00,0.000000,0.000000,-0.07,1
37722,1.88,0.0,0.0,0.0,0.0000,0.0000,0.0000,0.0000,0.00,0.00,0.00,0.000000,0.000000,-0.07,1
37722,1.88,0.0,0.0,0.0,0.0000,0.0000,0.0000,0.0000,0.00,0.00,0.00,0.000000,0.000000,-0.07,1
37722,1.88,0.0,0.0,0.0,0.0000,0.0000,0.0000,0.0000,0.00,0.00,0.00,0.000000,0.000000,-0.07,1
37733,1.88,0.0,0.0,0.0,0.0000,0.0000,0.0000,0.0000,0.00,0.00,0.00,0.000000,0.000000,-0.07,1
37733,1.88,0.0,0.0,0.0,0.0000,0.0000,0.0000,0.0000,0.00,0.00,0.00,0.000000,0.000000,-0.07,1
37733,1.88,0.0,0.0,0.0,0.0000,0.0000,0.0000,0.0000,0.00,0.00,0.00,0.000000,0.000000,-0.07,1
37733,1.88,0.0,0.0,0.0,0.0000,0.0000,0.0000,0.0000,0.00,0.00,0.00,0.000000,0.000000,-0.07,1
37733,1.88,0.0,0.0,0.0,0.0000,0.0000,0.0000,0.0000,0.00,0.00,0.00,0.000000,0.000000,-0.07,1
37745,1.88,0.0,0.0,0.0,0.0000,0.0000,0.0000,0.0000,0.00,0.00,0.00,0.000000,0.000000,-0.07,1
37745,1.88,0.0,0.0,0.0,0.0000,0.0000,0.0000,0.0000,0.00,0.00,0.00,0.000000,0.000000,-0.07,1
37745,1.88,0.0,0.0,0.0,0.0000,0.0000,0.0000,0.0000,0.00,0.00,0.00,0.000000,0.000000,-0.07,1
37745,1.88,0.0,0.0,0.0,0.0000,0.0000,0.0000,0.0000,0.00,0.00,0.00,0.000000,0.000000,-0.07,1
37745,1.88,0.0,0.0,0.0,0.0000,0.0000,0.0000,0.0000,0.00,0.00,0.00,0.000000,0.000000,-0.07,1
37758,1.88,0.0,0.0,0.0,0.0000,0.0000,0.0000,0.0000,0.00,0.00,0.00,0.000000,0.000000,-0.07,1
37758,1.88,0.0,0.0,0.0,0.0000,0.0000,0.0000,0.0000,0.00,0.00,0.00,0.000000,0.000000,-0.07,1
37758,1.88,0.0,0.0,0.0,0.0000,0.0000,0.0000,0.0000,0.00,0.00,0.00,0.000000,0.000000,-0.07,1
37758,1.88,0.0,0.0,0.0,0.0000,0.0000,0.0000,0.0000,0.00,0.00,0.00,0.000000,0.000000,-0.07,1
37758,1.88,0.0,0.0,0.0,0.0000,0.0000,0.0000,0.0000,0.00,0.00,0.00,0.000000,0.000000,-0.07,1
37771,1.88,0.0,0.0,0.0,0.0000,0.0000,0.0000,0.0000,0.00,0.00,0.00,0.000000,0.000000,-0.07,1
37771,1.88,0.0,0.0,0.0,0.0000,0.0000,0.0000,0.0000,0.00,0.00,0.00,0.000000,0.000000,-0.07,1
37771,1.88,0.0,0.0,0.0,0.0000,0.0000,0.0000,0.0000,0.00,0.00,0.00,0.000000,0.000000,-0.07,1
37771,1.88,0.0,0.0,0.0,0.0000,0.0000,0.0000,0.0000,0.00,0.00,0.00,0.000000,0.000000,-0.07,1
37771,1.88,0.0,0.0,0.0,0.0000,0.0000,0.0000,0.0000,0.00,0.00,0.00,0.000000,0.000000,-0.07,1
37784,1.88,0.0,0.0,0.0,0.0000,0.0000,0.0000,0.0000,0.00,0.00,0.00,0.000000,0.000000,-0.07,1
37784,1.88,0.0,0.0,0.0,0.0000,0.0000,0.0000,0.0000,0.00,0.00,0.00,0.000000,0.000000,-0.07,1
37784,1.88,0.0,0.0,0.0,0.0000,0.0000,0.0000,0.0000,0.00,0.00,0.00,0.000000,0.000000,-0.07,1
37784,1.88,0.0,0.0,0.0,0.0000,0.0000,0.0000,0.0000,0.00,0.00,0.00,0.000000,0.000000,-0.07,1
37784,1.88,0.0,0.0,0.0,0.0000,0.0000,0.0000,0.0000,0.00,0.00,0.00,0.000000,0.000000,-0.07,1
37796,1.88,0.0,0.0,0.0,0.0000,0.0000,0.0000,0.0000,0.00,0.00,0.00,0.000000,0.000000,-0.07,1
37796,1.88,0.0,0.0,0.0,0.0000,0.0000,0.0000,0.0000,0.00,0.00,0.00,0.000000,0.000000,-0.07,1
37796,1.88,0.0,0.0,0.0,0.0000,0.0000,0.0000,0.0000,0.00,0.00,0.00,0.000000,0.000000,-0.07,1
37796,1.88,0.0,0.0,0.0,0.0000,0.0000,0.0000,0.0000,0.00,0.00,0.00,0.000000,0.000000,-0.07,1
37796,1.88,0.0,0.0,0.0,0.0000,0.0000,0.0000,0.0000,0.00,0.00,0.00,0.000000,0.000000,-0.07,1
37809,1.88,0.0,0.0,0.0,0.0000,0.0000,0.0000,0.0000,0.00,0.00,0.00,0.000000,0.000000,-0.07,1
37809,1.88,0.0,0.0,0.0,0.0000,0.0000,0.0000,0.0000,0.00,0.00,0.00,0.000000,0.000000,-0.07,1
37809,1.88,0.0,0.0,0.0,0.0000,0.0000,0.0000,0.0000,0.00,0.00,0.00,0.000000,0.000000,-0.07,1
37809,1.88,0.0,0.0,0.0,0.0000,0.0000,0.0000,0.0000,0.00,0.00,0.00,0.000000,0.000000,-0.07,1
37809,1.88,0.0,0.0,0.0,0.0000,0.0000,0.0000,0.0000,0.00,0.00,0.00,0.000000,0.000000,-0.07,1
37822,1.88,0.0,0.0,0.0,0.0000,0.0000,0.0000,0.0000,0.00,0.00,0.00,0.000000,0.000000,-0.07,1
37822,1.88,0.0,0.0,0.0,0.0000,0.0000,0.0000,0.0000,0.00,0.00,0.00,0.000000,0.000000,-0.07,1
37822,1.88,0.0,0.0,0.0,0.0000,0.0000,0.0000,0.0000,0.00,0.00,0.00,0.000000,0.000000,-0.07,1
37822,1.88,0.0,0.0,0.0,0.0000,0.0000,0.0000,0.0000,0.00,0.00,0.00,0.000000,0.000000,-0.07,1
37822,1.88,0.0,0.0,0.0,0.0000,0.0000,0.0000,0.0000,0.00,0.00,0.00,0.000000,0.000000,-0.07,1
37835,1.88,0.0,0.0,0.0,0.0000,0.0000,0.0000,0.0000,0.00,0.00,0.00,0.000000,0.000000,-0.07,1
37835,1.88,0.0,0.0,0.0,0.0000,0.0000,0.0000,0.0000,0.00,0.00,0.00,0.000000,0.000000,-0.07,1
37835,1.88,0.0,0.0,0.0,0.0000,0.0000,0.0000,0.0000,0.00,0.00,0.00,0.000000,0.000000,-0.07,1
37835,1.88,0.0,0.0,0.0,0.0000,0.0000,0.0000,0.0000,0.00,0.00,0.00,0.000000,0.000000,-0.07,1
37835,1.88,0.0,0.0,0.0,0.0000,0.0000,0.0000,0.0000,0.00,0.00,0.00,0.000000,0.000000,-0.07,1
37847,1.88,0.0,0.0,0.0,0.0000,0.0000,0.0000,0.0000,0.00,0.00,0.00,0.000000,0.000000,-0.07,1
37847,1.88,0.0,0.0,0.0,0.0000,0.0000,0.0000,0.0000,0.00,0.00,0.00,0.000000,0.000000,-0.07,1
37847,1.88,0.0,0.0,0.0,0.0000,0.0000,0.0000,0.0000,0.00,0.00,0.00,0.000000,0.000000,-0.07,1
37847,1.88,0.0,0.0,0.0,0.0000,0.0000,0.0000,0.0000,0.00,0.00,0.00,0.000000,0.000000,-0.07,1
37847,1.88,0.0,0.0,0.0,0.0000,0.0000,0.0000,0.0000,0.00,0.00,0.00,0.000000,0.000000,-0.07,1
37860,1.88,0.0,0.0,0.0,0.0000,0.0000,0.0000,0.0000,0.00,0.00,0.00,0.000000,0.000000,-0.07,1
37860,1.88,0.0,0.0,0.0,0.0000,0.0000,0.0000,0.0000,0.00,0.00,0.00,0.000000,0.000000,-0.07,1
37860,1.88,0.0,0.0,0.0,0.0000,0.0000,0.0000,0.0000,0.00,0.00,0.00,0.000000,0.000000,-0.07,1
37860,1.88,0.0,0.0,0.0,0.0000,0.0000,0.0000,0.0000,0.00,0.00,0.00,0.000000,0.000000,-0.07,1
37860,1.88,0.0,0.0,0.0,0.0000,0.0000,0.0000,0.0000,0.00,0.00,0.00,0.000000,0.000000,-0.07,1
37873,1.88,0.0,0.0,0.0,0.0000,0.0000,0.0000,0.0000,0.00,0.00,0.00,0.000000,0.000000,-0.07,1
37873,1.88,0.0,0.0,0.0,0.0000,0.0000,0.0000,0.0000,0.00,0.00,0.00,0.000000,0.000000,-0.07,1
37873,1.88,0.0,0.0,0.0,0.0000,0.0000,0.0000,0.0000,0.00,0.00,0.00,0.000000,0.000000,-0.07,1
37873,1.88,0.0,0.0,0.0,0.0000,0.0000,0.0000,0.0000,0.00,0.00,0.00,0.000000,0.000000,-0.07,1
37873,1.88,0.0,0.0,0.0,0.0000,0.0000,0.0000,0.0000,0.00,0.00,0.00,0.000000,0.000000,-0.07,1
37886,1.88,0.0,0.0,0.0,0.0000,0.0000,0.0000,0.0000,0.00,0.00,0.00,0.000000,0.000000,-0.07,1
37886,1.88,0.0,0.0,0.0,0.0000,0.0000,0.0000,0.0000,0.00,0.00,0.00,0.000000,0.000000,-0.07,1
37886,1.88,0.0,0.0,0.0,0.0000,0.0000,0.0000,0.0000,0.00,0.00,0.00,0.000000,0.000000,-0.07,1
37886,1.88,0.0,0.0,0.0,0.0000,0.0000,0.0000,0.0000,0.00,0.00,0.00,0.000000,0.000000,-0.07,1
37886,1.88,0.0,0.0,0.0,0.0000,0.0000,0.0000,0.0000,0.00,0.00,0.00,0.000000,0.000000,-0.07,1
37898,1.88,0.0,0.0,0.0,0.0000,0.0000,0.0000,0.0000,0.00,0.00,0.00,0.000000,0.000000,-0.07,1
37898,1.88,0.0,0.0,0.0,0.0000,0.0000,0.0000,0.0000,0.00,0.00,0.00,0.000000,0.000000,-0.07,1
37898,1.88,0.0,0.0,0.0,0.0000,0.0000,0.0000,0.0000,0.00,0.00,0.00,0.000000,0.000000,-0.07,1
37898,1.88,0.0,0.0,0.0,0.0000,0.0000,0.0000,0.0000,0.00,0.00,0.00,0.000000,0.000000,-0.07,1
37898,1.88,0.0,0.0,0.0,0.0000,0.0000,0.0000,0.0000,0.00,0.00,0.00,0.000000,0.000000,-0.07,1
37911,1.88,0.0,0.0,0.0,0.0000,0.0000,0.0000,0.0000,0.00,0.00,0.00,0.000000,0.000000,-0.07,1
37911,1.88,0.0,0.0,0.0,0.0000,0.0000,0.0000,0.0000,0.00,0.00,0.00,0.000000,0.000000,-0.07,1
37911,1.88,0.0,0.0,0.0,0.0000,0.0000,0.0000,0.0000,0.00,0.00,0.00,0.000000,0.000000,-0.07,1
37911,1.88,0.0,0.0,0.0,0.0000,0.0000,0.0000,0.0000,0.00,0.00,0.00,0.000000,0.000000,-0.07,1
37911,1.88,0.0,0.0,0.0,0.0000,0.0000,0.0000,0.0000,0.00,0.00,0.00,0.000000,0.000000,-0.07,1
37924,1.88,0.0,0.0,0.0,0.0000,0.0000,0.0000,0.0000,0.00,0.00,0.00,0.000000,0.000000,-0.07,1
37924,1.88,0.0,0.0,0.0,0.0000,0.0000,0.0000,0.0000,0.00,0.00,0.00,0.000000,0.000000,-0.07,1
37924,1.88,0.0,0.0,0.0,0.0000,0.0000,0.0000,0.0000,0.00,0.00,0.00,0.000000,0.000000,-0.07,1
37924,1.88,0.0,0.0,0.0,0.0000,0.0000,0.0000,0.0000,0.00,0.00,0.00,0.000000,0.000000,-0.07,1
37924,1.88,0.0,0.0,0.0,0.0000,0.0000,0.0000,0.0000,0.00,0.00,0.00,0.000000,0.000000,-0.07,1
37941,1.88,0.0,0.0,0.0,0.0000,0.0000,0.0000,0.0000,0.00,0.00,0.00,0.000000,0.000000,-0.07,1
37941,1.88,0.0,0.0,0.0,0.0000,0.0000,0.0000,0.0000,0.00,0.00,0.00,0.000000,0.000000,-0.07,1
37941,1.88,0.0,0.0,0.0,0.0000,0.0000,0.0000,0.0000,0.00,0.00,0.00,0.000000,0.000000,-0.07,1
37941,1.88,0.0,0.0,0.0,0.0000,0.0000,0.0000,0.0000,0.00,0.00,0.00,0.000000,0.000000,-0.07,1
37941,1.88,0.0,0.0,0.0,0.0000,0.0000,0.0000,0.0000,0.00,0.00,0.00,0.000000,0.000000,-0.07,1
37949,1.88,0.0,0.0,0.0,0.0000,0.0000,0.0000,0.0000,0.00,0.00,0.00,0.000000,0.000000,-0.07,1
37949,1.88,0.0,0.0,0.0,0.0000,0.0000,0.0000,0.0000,0.00,0.00,0.00,0.000000,0.000000,-0.07,1
37975,1.88,0.0,0.0,0.0,0.0000,0.0000,0.0000,0.0000,0.00,0.00,0.00,0.000000,0.000000,-0.08,1
37975,1.88,0.0,0.0,0.0,0.0000,0.0000,0.0000,0.0000,0.00,0.00,0.00,0.000000,0.000000,-0.08,1
37975,1.88,0.0,0.0,0.0,0.0000,0.0000,0.0000,0.0000,0.00,0.00,0.00,0.000000,0.000000,-0.08,1
37975,1.88,0.0,0.0,0.0,0.0000,0.0000,0.0000,0.0000,0.00,0.00,0.00,0.000000,0.000000,-0.08,1
37975,1.88,0.0,0.0,0.0,0.0000,0.0000,0.0000,0.0000,0.00,0.00,0.00,0.000000,0.000000,-0.08,1
37988,1.88,0.0,0.0,0.0,0.0000,0.0000,0.0000,0.0000,0.00,0.00,0.00,0.000000,0.000000,-0.08,1
37988,1.88,0.0,0.0,0.0,0.0000,0.0000,0.0000,0.0000,0.00,0.00,0.00,0.000000,0.000000,-0.08,1
37988,1.88,0.0,0.0,0.0,0.0000,0.0000,0.0000,0.0000,0.00,0.00,0.00,0.000000,0.000000,-0.08,1
37988,1.88,0.0,0.0,0.0,0.0000,0.0000,0.0000,0.0000,0.00,0.00,0.00,0.000000,0.000000,-0.08,1
37988,1.88,0.0,0.0,0.0,0.0000,0.0000,0.0000,0.0000,0.00,0.00,0.00,0.000000,0.000000,-0.08,1
38000,1.88,0.0,0.0,0.0,0.0000,0.0000,0.0000,0.0000,0.00,0.00,0.00,0.000000,0.000000,-0.08,1
38000,1.88,0.0,0.0,0.0,0.0000,0.0000,0.0000,0.0000,0.00,0.00,0.00,0.000000,0.000000,-0.08,1
38000,1.88,0.0,0.0,0.0,0.0000,0.0000,0.0000,0.0000,0.00,0.00,0.00,0.000000,0.000000,-0.08,1
38000,1.88,0.0,0.0,0.0,0.0000,0.0000,0.0000,0.0000,0.00,0.00,0.00,0.000000,0.000000,-0.08,1
38000,1.88,0.0,0.0,0.0,0.0000,0.0000,0.0000,0.0000,0.00,0.00,0.00,0.000000,0.000000,-0.08,1
38013,1.88,0.0,0.0,0.0,0.0000,0.0000,0.0000,0.0000,0.00,0.00,0.00,0.000000,0.000000,-0.08,1
38013,1.88,0.0,0.0,0.0,0.0000,0.0000,0.0000,0.0000,0.00,0.00,0.00,0.000000,0.000000,-0.08,1
38013,1.88,0.0,0.0,0.0,0.0000,0.0000,0.0000,0.0000,0.00,0.00,0.00,0.000000,0.000000,-0.08,1
38013,1.88,0.0,0.0,0.0,0.0000,0.0000,0.0000,0.0000,0.00,0.00,0.00,0.000000,0.000000,-0.08,1
38013,1.88,0.0,0.0,0.0,0.0000,0.0000,0.0000,0.0000,0.00,0.00,0.00,0.000000,0.000000,-0.08,1
38026,1.88,0.0,0.0,0.0,0.0000,0.0000,0.0000,0.0000,0.00,0.00,0.00,0.000000,0.000000,-0.08,1
38026,1.88,0.0,0.0,0.0,0.0000,0.0000,0.0000,0.0000,0.00,0.00,0.00,0.000000,0.000000,-0.08,1
38026,1.88,0.0,0.0,0.0,0.0000,0.0000,0.0000,0.0000,0.00,0.00,0.00,0.000000,0.000000,-0.08,1
38026,1.88,0.0,0.0,0.0,0.0000,0.0000,0.0000,0.0000,0.00,0.00,0.00,0.000000,0.000000,-0.08,1
38026,1.88,0.0,0.0,0.0,0.0000,0.0000,0.0000,0.0000,0.00,0.00,0.00,0.000000,0.000000,-0.08,1
38039,1.88,0.0,0.0,0.0,0.0000,0.0000,0.0000,0.0000,0.00,0.00,0.00,0.000000,0.000000,-0.08,1
38039,1.88,0.0,0.0,0.0,0.0000,0.0000,0.0000,0.0000,0.00,0.00,0.00,0.000000,0.000000,-0.08,1
38039,1.88,0.0,0.0,0.0,0.0000,0.0000,0.0000,0.0000,0.00,0.00,0.00,0.000000,0.000000,-0.08,1
38039,1.88,0.0,0.0,0.0,0.0000,0.0000,0.0000,0.0000,0.00,0.00,0.00,0.000000,0.000000,-0.08,1
38039,1.88,0.0,0.0,0.0,0.0000,0.0000,0.0000,0.0000,0.00,0.00,0.00,0.000000,0.000000,-0.08,1
38051,1.88,0.0,0.0,0.0,0.0000,0.0000,0.0000,0.0000,0.00,0.00,0.00,0.000000,0.000000,-0.08,1
38051,1.88,0.0,0.0,0.0,0.0000,0.0000,0.0000,0.0000,0.00,0.00,0.00,0.000000,0.000000,-0.08,1
38051,1.88,0.0,0.0,0.0,0.0000,0.0000,0.0000,0.0000,0.00,0.00,0.00,0.000000,0.000000,-0.08,1
38051,1.88,0.0,0.0,0.0,0.0000,0.0000,0.0000,0.0000,0.00,0.00,0.00,0.000000,0.000000,-0.08,1
38051,1.88,0.0,0.0,0.0,0.0000,0.0000,0.0000,0.0000,0.00,0.00,0.00,0.000000,0.000000,-0.08,1
38064,1.88,0.0,0.0,0.0,0.0000,0.0000,0.0000,0.0000,0.00,0.00,0.00,0.000000,0.000000,-0.08,1
38064,1.88,0.0,0.0,0.0,0.0000,0.0000,0.0000,0.0000,0.00,0.00,0.00,0.000000,0.000000,-0.08,1
38064,1.88,0.0,0.0,0.0,0.0000,0.0000,0.0000,0.0000,0.00,0.00,0.00,0.000000,0.000000,-0.08,1
38064,1.88,0.0,0.0,0.0,0.0000,0.0000,0.0000,0.0000,0.00,0.00,0.00,0.000000,0.000000,-0.08,1
38064,1.88,0.0,0.0,0.0,0.0000,0.0000,0.0000,0.0000,0.00,0.00,0.00,0.000000,0.000000,-0.08,1
38077,1.88,0.0,0.0,0.0,0.0000,0.0000,0.0000,0.0000,0.00,0.00,0.00,0.000000,0.000000,-0.07,1
38077,1.88,0.0,0.0,0.0,0.0000,0.0000,0.0000,0.0000,0.00,0.00,0.00,0.000000,0.000000,-0.07,1
38077,1.88,0.0,0.0,0.0,0.0000,0.0000,0.0000,0.0000,0.00,0.00,0.00,0.000000,0.000000,-0.07,1
38077,1.88,0.0,0.0,0.0,0.0000,0.0000,0.0000,0.0000,0.00,0.00,0.00,0.000000,0.000000,-0.07,1
38077,1.88,0.0,0.0,0.0,0.0000,0.0000,0.0000,0.0000,0.00,0.00,0.00,0.000000,0.000000,-0.07,1
38090,1.88,0.0,0.0,0.0,0.0000,0.0000,0.0000,0.0000,0.00,0.00,0.00,0.000000,0.000000,-0.07,1
38090,1.88,0.0,0.0,0.0,0.0000,0.0000,0.0000,0.0000,0.00,0.00,0.00,0.000000,0.000000,-0.07,1
38090,1.88,0.0,0.0,0.0,0.0000,0.0000,0.0000,0.0000,0.00,0.00,0.00,0.000000,0.000000,-0.07,1
38090,1.88,0.0,0.0,0.0,0.0000,0.0000,0.0000,0.0000,0.00,0.00,0.00,0.000000,0.000000,-0.07,1
38090,1.88,0.0,0.0,0.0,0.0000,0.0000,0.0000,0.0000,0.00,0.00,0.00,0.000000,0.000000,-0.07,1
38102,1.88,0.0,0.0,0.0,0.0000,0.0000,0.0000,0.0000,0.00,0.00,0.00,0.000000,0.000000,-0.07,1
38102,1.88,0.0,0.0,0.0,0.0000,0.0000,0.0000,0.0000,0.00,0.00,0.00,0.000000,0.000000,-0.07,1
38102,1.88,0.0,0.0,0.0,0.0000,0.0000,0.0000,0.0000,0.00,0.00,0.00,0.000000,0.000000,-0.07,1
38102,1.88,0.0,0.0,0.0,0.0000,0.0000,0.0000,0.0000,0.00,0.00,0.00,0.000000,0.000000,-0.07,1
38102,1.88,0.0,0.0,0.0,0.0000,0.0000,0.0000,0.0000,0.00,0.00,0.00,0.000000,0.000000,-0.07,1
38115,1.88,0.0,0.0,0.0,0.0000,0.0000,0.0000,0.0000,0.00,0.00,0.00,0.000000,0.000000,-0.07,1
38115,1.88,0.0,0.0,0.0,0.0000,0.0000,0.0000,0.0000,0.00,0.00,0.00,0.000000,0.000000,-0.07,1
38115,1.88,0.0,0.0,0.0,0.0000,0.0000,0.0000,0.0000,0.00,0.00,0.00,0.000000,0.000000,-0.07,1
38115,1.88,0.0,0.0,0.0,0.0000,0.0000,0.0000,0.0000,0.00,0.00,0.00,0.000000,0.000000,-0.07,1
38115,1.88,0.0,0.0,0.0,0.0000,0.0000,0.0000,0.0000,0.00,0.00,0.00,0.000000,0.000000,-0.07,1
38128,1.88,0.0,0.0,0.0,0.0000,0.0000,0.0000,0.0000,0.00,0.00,0.00,0.000000,0.000000,-0.08,1
38128,1.88,0.0,0.0,0.0,0.0000,0.0000,0.0000,0.0000,0.00,0.00,0.00,0.000000,0.000000,-0.08,1
38128,1.88,0.0,0.0,0.0,0.0000,0.0000,0.0000,0.0000,0.00,0.00,0.00,0.000000,0.000000,-0.08,1
38128,1.88,0.0,0.0,0.0,0.0000,0.0000,0.0000,0.0000,0.00,0.00,0.00,0.000000,0.000000,-0.08,1
38128,1.88,0.0,0.0,0.0,0.0000,0.0000,0.0000,0.0000,0.00,0.00,0.00,0.000000,0.000000,-0.08,1
38141,1.88,0.0,0.0,0.0,0.0000,0.0000,0.0000,0.0000,0.00,0.00,0.00,0.000000,0.000000,-0.08,1
38141,1.88,0.0,0.0,0.0,0.0000,0.0000,0.0000,0.0000,0.00,0.00,0.00,0.000000,0.000000,-0.08,1
38141,1.88,0.0,0.0,0.0,0.0000,0.0000,0.0000,0.0000,0.00,0.00,0.00,0.000000,0.000000,-0.08,1
38141,1.88,0.0,0.0,0.0,0.0000,0.0000,0.0000,0.0000,0.00,0.00,0.00,0.000000,0.000000,-0.08,1
38141,1.88,0.0,0.0,0.0,0.0000,0.0000,0.0000,0.0000,0.00,0.00,0.00,0.000000,0.000000,-0.08,1
38160,1.88,0.0,0.0,0.0,0.0000,0.0000,0.0000,0.0000,0.00,0.00,0.00,0.000000,0.000000,-0.08,1
38160,1.88,0.0,0.0,0.0,0.0000,0.0000,0.0000,0.0000,0.00,0.00,0.00,0.000000,0.000000,-0.08,1
38160,1.88,0.0,0.0,0.0,0.0000,0.0000,0.0000,0.0000,0.00,0.00,0.00,0.000000,0.000000,-0.08,1
38160,1.88,0.0,0.0,0.0,0.0000,0.0000,0.0000,0.0000,0.00,0.00,0.00,0.000000,0.000000,-0.08,1
38160,1.88,0.0,0.0,0.0,0.0000,0.0000,0.0000,0.0000,0.00,0.00,0.00,0.000000,0.000000,-0.08,1
38166,1.88,0.0,0.0,0.0,0.0000,0.0000,0.0000,0.0000,0.00,0.00,0.00,0.000000,0.000000,-0.08,1
38166,1.88,0.0,0.0,0.0,0.0000,0.0000,0.0000,0.0000,0.00,0.00,0.00,0.000000,0.000000,-0.08,1
38166,1.88,0.0,0.0,0.0,0.0000,0.0000,0.0000,0.0000,0.00,0.00,0.00,0.000000,0.000000,-0.08,1
38166,1.88,0.0,0.0,0.0,0.0000,0.0000,0.0000,0.0000,0.00,0.00,0.00,0.000000,0.000000,-0.08,1
38166,1.88,0.0,0.0,0.0,0.0000,0.0000,0.0000,0.0000,0.00,0.00,0.00,0.000000,0.000000,-0.08,1
38179,1.88,0.0,0.0,0.0,0.0000,0.0000,0.0000,0.0000,0.00,0.00,0.00,0.000000,0.000000,-0.08,1
38179,1.88,0.0,0.0,0.0,0.0000,0.0000,0.0000,0.0000,0.00,0.00,0.00,0.000000,0.000000,-0.08,1
38179,1.88,0.0,0.0,0.0,0.0000,0.0000,0.0000,0.0000,0.00,0.00,0.00,0.000000,0.000000,-0.08,1
38179,1.88,0.0,0.0,0.0,0.0000,0.0000,0.0000,0.0000,0.00,0.00,0.00,0.000000,0.000000,-0.08,1
38179,1.88,0.0,0.0,0.0,0.0000,0.0000,0.0000,0.0000,0.00,0.00,0.00,0.000000,0.000000,-0.08,1
38192,1.88,0.0,0.0,0.0,0.0000,0.0000,0.0000,0.0000,0.00,0.00,0.00,0.000000,0.000000,-0.08,1
38192,1.88,0.0,0.0,0.0,0.0000,0.0000,0.0000,0.0000,0.00,0.00,0.00,0.000000,0.000000,-0.08,1
38192,1.88,0.0,0.0,0.0,0.0000,0.0000,0.0000,0.0000,0.00,0.00,0.00,0.000000,0.000000,-0.08,1
38192,1.88,0.0,0.0,0.0,0.0000,0.0000,0.0000,0.0000,0.00,0.00,0.00,0.000000,0.000000,-0.08,1
38192,1.88,0.0,0.0,0.0,0.0000,0.0000,0.0000,0.0000,0.00,0.00,0.00,0.000000,0.000000,-0.08,1
38205,1.88,0.0,0.0,0.0,0.0000,0.0000,0.0000,0.0000,0.00,0.00,0.00,0.000000,0.000000,-0.08,1
38205,1.88,0.0,0.0,0.0,0.0000,0.0000,0.0000,0.0000,0.00,0.00,0.00,0.000000,0.000000,-0.08,1
38205,1.88,0.0,0.0,0.0,0.0000,0.0000,0.0000,0.0000,0.00,0.00,0.00,0.000000,0.000000,-0.08,1
38205,1.88,0.0,0.0,0.0,0.0000,0.0000,0.0000,0.0000,0.00,0.00,0.00,0.000000,0.000000,-0.08,1
38205,1.88,0.0,0.0,0.0,0.0000,0.0000,0.0000,0.0000,0.00,0.00,0.00,0.000000,0.000000,-0.08,1
38217,1.88,0.0,0.0,0.0,0.0000,0.0000,0.0000,0.0000,0.00,0.00,0.00,0.000000,0.000000,-0.08,1
38217,1.88,0.0,0.0,0.0,0.0000,0.0000,0.0000,0.0000,0.00,0.00,0.00,0.000000,0.000000,-0.08,1
38217,1.88,0.0,0.0,0.0,0.0000,0.0000,0.0000,0.0000,0.00,0.00,0.00,0.000000,0.000000,-0.08,1
38217,1.88,0.0,0.0,0.0,0.0000,0.0000,0.0000,0.0000,0.00,0.00,0.00,0.000000,0.000000,-0.08,1
38217,1.88,0.0,0.0,0.0,0.0000,0.0000,0.0000,0.0000,0.00,0.00,0.00,0.000000,0.000000,-0.08,1
38230,1.88,0.0,0.0,0.0,0.0000,0.0000,0.0000,0.0000,0.00,0.00,0.00,0.000000,0.000000,-0.08,1
38230,1.88,0.0,0.0,0.0,0.0000,0.0000,0.0000,0.0000,0.00,0.00,0.00,0.000000,0.000000,-0.08,1
38230,1.88,0.0,0.0,0.0,0.0000,0.0000,0.0000,0.0000,0.00,0.00,0.00,0.000000,0.000000,-0.08,1
38230,1.88,0.0,0.0,0.0,0.0000,0.0000,0.0000,0.0000,0.00,0.00,0.00,0.000000,0.000000,-0.08,1
38230,1.88,0.0,0.0,0.0,0.0000,0.0000,0.0000,0.0000,0.00,0.00,0.00,0.000000,0.000000,-0.08,1
38243,1.88,0.0,0.0,0.0,0.0000,0.0000,0.0000,0.0000,0.00,0.00,0.00,0.000000,0.000000,-0.08,1
38243,1.88,0.0,0.0,0.0,0.0000,0.0000,0.0000,0.0000,0.00,0.00,0.00,0.000000,0.000000,-0.08,1
38243,1.88,0.0,0.0,0.0,0.0000,0.0000,0.0000,0.0000,0.00,0.00,0.00,0.000000,0.000000,-0.08,1
38243,1.88,0.0,0.0,0.0,0.0000,0.0000,0.0000,0.0000,0.00,0.00,0.00,0.000000,0.000000,-0.08,1
38243,1.88,0.0,0.0,0.0,0.0000,0.0000,0.0000,0.0000,0.00,0.00,0.00,0.000000,0.000000,-0.08,1
38255,1.88,0.0,0.0,0.0,0.0000,0.0000,0.0000,0.0000,0.00,0.00,0.00,0.000000,0.000000,-0.08,1
38255,1.88,0.0,0.0,0.0,0.0000,0.0000,0.0000,0.0000,0.00,0.00,0.00,0.000000,0.000000,-0.08,1
38255,1.88,0.0,0.0,0.0,0.0000,0.0000,0.0000,0.0000,0.00,0.00,0.00,0.000000,0.000000,-0.08,1
38255,1.88,0.0,0.0,0.0,0.0000,0.0000,0.0000,0.0000,0.00,0.00,0.00,0.000000,0.000000,-0.08,1
38255,1.88,0.0,0.0,0.0,0.0000,0.0000,0.0000,0.0000,0.00,0.00,0.00,0.000000,0.000000,-0.08,1
38270,1.88,0.0,0.0,0.0,0.0000,0.0000,0.0000,0.0000,0.00,0.00,0.00,0.000000,0.000000,-0.08,1
38270,1.88,0.0,0.0,0.0,0.0000,0.0000,0.0000,0.0000,0.00,0.00,0.00,0.000000,0.000000,-0.08,1
38270,1.88,0.0,0.0,0.0,0.0000,0.0000,0.0000,0.0000,0.00,0.00,0.00,0.000000,0.000000,-0.08,1
38270,1.88,0.0,0.0,0.0,0.0000,0.0000,0.0000,0.0000,0.00,0.00,0.00,0.000000,0.000000,-0.08,1
38270,1.88,0.0,0.0,0.0,0.0000,0.0000,0.0000,0.0000,0.00,0.00,0.00,0.000000,0.000000,-0.08,1
38281,1.88,0.0,0.0,0.0,0.0000,0.0000,0.0000,0.0000,0.00,0.00,0.00,0.000000,0.000000,-0.08,1
38281,1.88,0.0,0.0,0.0,0.0000,0.0000,0.0000,0.0000,0.00,0.00,0.00,0.000000,0.000000,-0.08,1
38281,1.88,0.0,0.0,0.0,0.0000,0.0000,0.0000,0.0000,0.00,0.00,0.00,0.000000,0.000000,-0.08,1
38281,1.88,0.0,0.0,0.0,0.0000,0.0000,0.0000,0.0000,0.00,0.00,0.00,0.000000,0.000000,-0.08,1
38281,1.88,0.0,0.0,0.0,0.0000,0.0000,0.0000,0.0000,0.00,0.00,0.00,0.000000,0.000000,-0.08,1
38294,1.88,0.0,0.0,0.0,0.0000,0.0000,0.0000,0.0000,0.00,0.00,0.00,0.000000,0.000000,-0.08,1
38294,1.88,0.0,0.0,0.0,0.0000,0.0000,0.0000,0.0000,0.00,0.00,0.00,0.000000,0.000000,-0.08,1
38294,1.88,0.0,0.0,0.0,0.0000,0.0000,0.0000,0.0000,0.00,0.00,0.00,0.000000,0.000000,-0.08,1
38294,1.88,0.0,0.0,0.0,0.0000,0.0000,0.0000,0.0000,0.00,0.00,0.00,0.000000,0.000000,-0.08,1
38294,1.88,0.0,0.0,0.0,0.0000,0.0000,0.0000,0.0000,0.00,0.00,0.00,0.000000,0.000000,-0.08,1
38306,1.88,0.0,0.0,0.0,0.0000,0.0000,0.0000,0.0000,0.00,0.00,0.00,0.000000,0.000000,-0.08,1
38306,1.88,0.0,0.0,0.0,0.0000,0.0000,0.0000,0.0000,0.00,0.00,0.00,0.000000,0.000000,-0.08,1
38306,1.88,0.0,0.0,0.0,0.0000,0.0000,0.0000,0.0000,0.00,0.00,0.00,0.000000,0.000000,-0.08,1
38306,1.88,0.0,0.0,0.0,0.0000,0.0000,0.0000,0.0000,0.00,0.00,0.00,0.000000,0.000000,-0.08,1
38306,1.88,0.0,0.0,0.0,0.0000,0.0000,0.0000,0.0000,0.00,0.00,0.00,0.000000,0.000000,-0.08,1
38319,1.88,0.0,0.0,0.0,0.0000,0.0000,0.0000,0.0000,0.00,0.00,0.00,0.000000,0.000000,-0.08,1
38319,1.88,0.0,0.0,0.0,0.0000,0.0000,0.0000,0.0000,0.00,0.00,0.00,0.000000,0.000000,-0.08,1
38319,1.88,0.0,0.0,0.0,0.0000,0.0000,0.0000,0.0000,0.00,0.00,0.00,0.000000,0.000000,-0.08,1
38319,1.88,0.0,0.0,0.0,0.0000,0.0000,0.0000,0.0000,0.00,0.00,0.00,0.000000,0.000000,-0.08,1
38319,1.88,0.0,0.0,0.0,0.0000,0.0000,0.0000,0.0000,0.00,0.00,0.00,0.000000,0.000000,-0.08,1
38332,1.88,0.0,0.0,0.0,0.0000,0.0000,0.0000,0.0000,0.00,0.00,0.00,0.000000,0.000000,-0.08,1
38332,1.88,0.0,0.0,0.0,0.0000,0.0000,0.0000,0.0000,0.00,0.00,0.00,0.000000,0.000000,-0.08,1
38332,1.88,0.0,0.0,0.0,0.0000,0.0000,0.0000,0.0000,0.00,0.00,0.00,0.000000,0.000000,-0.08,1
38332,1.88,0.0,0.0,0.0,0.0000,0.0000,0.0000,0.0000,0.00,0.00,0.00,0.000000,0.000000,-0.08,1
38332,1.88,0.0,0.0,0.0,0.0000,0.0000,0.0000,0.0000,0.00,0.00,0.00,0.000000,0.000000,-0.08,1
38345,1.88,0.0,0.0,0.0,0.0000,0.0000,0.0000,0.0000,0.00,0.00,0.00,0.000000,0.000000,-0.08,1
38345,1.88,0.0,0.0,0.0,0.0000,0.0000,0.0000,0.0000,0.00,0.00,0.00,0.000000,0.000000,-0.08,1
38345,1.88,0.0,0.0,0.0,0.0000,0.0000,0.0000,0.0000,0.00,0.00,0.00,0.000000,0.000000,-0.08,1
38345,1.88,0.0,0.0,0.0,0.0000,0.0000,0.0000,0.0000,0.00,0.00,0.00,0.000000,0.000000,-0.08,1
38345,1.88,0.0,0.0,0.0,0.0000,0.0000,0.0000,0.0000,0.00,0.00,0.00,0.000000,0.000000,-0.08,1
38357,1.88,0.0,0.0,0.0,0.0000,0.0000,0.0000,0.0000,0.00,0.00,0.00,0.000000,0.000000,-0.08,1
38357,1.88,0.0,0.0,0.0,0.0000,0.0000,0.0000,0.0000,0.00,0.00,0.00,0.000000,0.000000,-0.08,1
38357,1.88,0.0,0.0,0.0,0.0000,0.0000,0.0000,0.0000,0.00,0.00,0.00,0.000000,0.000000,-0.08,1
38357,1.88,0.0,0.0,0.0,0.0000,0.0000,0.0000,0.0000,0.00,0.00,0.00,0.000000,0.000000,-0.08,1
38357,1.88,0.0,0.0,0.0,0.0000,0.0000,0.0000,0.0000,0.00,0.00,0.00,0.000000,0.000000,-0.08,1
38370,1.88,0.0,0.0,0.0,0.0000,0.0000,0.0000,0.0000,0.00,0.00,0.00,0.000000,0.000000,-0.08,1
38370,1.88,0.0,0.0,0.0,0.0000,0.0000,0.0000,0.0000,0.00,0.00,0.00,0.000000,0.000000,-0.08,1
38370,1.88,0.0,0.0,0.0,0.0000,0.0000,0.0000,0.0000,0.00,0.00,0.00,0.000000,0.000000,-0.08,1
38370,1.88,0.0,0.0,0.0,0.0000,0.0000,0.0000,0.0000,0.00,0.00,0.00,0.000000,0.000000,-0.08,1
38370,1.88,0.0,0.0,0.0,0.0000,0.0000,0.0000,0.0000,0.00,0.00,0.00,0.000000,0.000000,-0.08,1
38383,1.88,0.0,0.0,0.0,0.0000,0.0000,0.0000,0.0000,0.00,0.00,0.00,0.000000,0.000000,-0.08,1
38383,1.88,0.0,0.0,0.0,0.0000,0.0000,0.0000,0.0000,0.00,0.00,0.00,0.000000,0.000000,-0.08,1
38383,1.88,0.0,0.0,0.0,0.0000,0.0000,0.0000,0.0000,0.00,0.00,0.00,0.000000,0.000000,-0.08,1
38383,1.88,0.0,0.0,0.0,0.0000,0.0000,0.0000,0.0000,0.00,0.00,0.00,0.000000,0.000000,-0.08,1
38383,1.88,0.0,0.0,0.0,0.0000,0.0000,0.0000,0.0000,0.00,0.00,0.00,0.000000,0.000000,-0.08,1
38396,1.88,0.0,0.0,0.0,0.0000,0.0000,0.0000,0.0000,0.00,0.00,0.00,0.000000,0.000000,-0.08,1
38396,1.88,0.0,0.0,0.0,0.0000,0.0000,0.0000,0.0000,0.00,0.00,0.00,0.000000,0.000000,-0.08,1
38396,1.88,0.0,0.0,0.0,0.0000,0.0000,0.0000,0.0000,0.00,0.00,0.00,0.000000,0.000000,-0.08,1
38396,1.88,0.0,0.0,0.0,0.0000,0.0000,0.0000,0.0000,0.00,0.00,0.00,0.000000,0.000000,-0.08,1
38396,1.88,0.0,0.0,0.0,0.0000,0.0000,0.0000,0.0000,0.00,0.00,0.00,0.000000,0.000000,-0.08,1
38408,1.88,0.0,0.0,0.0,0.0000,0.0000,0.0000,0.0000,0.00,0.00,0.00,0.000000,0.000000,-0.08,1
38408,1.88,0.0,0.0,0.0,0.0000,0.0000,0.0000,0.0000,0.00,0.00,0.00,0.000000,0.000000,-0.08,1
38408,1.88,0.0,0.0,0.0,0.0000,0.0000,0.0000,0.0000,0.00,0.00,0.00,0.000000,0.000000,-0.08,1
38408,1.86,0.0,0.0,0.0,0.0000,0.0000,0.0000,0.0000,0.00,0.00,0.00,0.000000,0.000000,-0.08,1
38408,1.86,0.0,0.0,0.0,0.0000,0.0000,0.0000,0.0000,0.00,0.00,0.00,0.000000,0.000000,-0.08,1
38421,1.86,0.0,0.0,0.0,0.0000,0.0000,0.0000,0.0000,0.00,0.00,0.00,0.000000,0.000000,-0.08,1
38421,1.86,0.0,0.0,0.0,0.0000,0.0000,0.0000,0.0000,0.00,0.00,0.00,0.000000,0.000000,-0.08,1
38421,1.86,0.0,0.0,0.0,0.0000,0.0000,0.0000,0.0000,0.00,0.00,0.00,0.000000,0.000000,-0.08,1
38421,1.86,0.0,0.0,0.0,0.0000,0.0000,0.0000,0.0000,0.00,0.00,0.00,0.000000,0.000000,-0.08,1
38421,1.86,0.0,0.0,0.0,0.0000,0.0000,0.0000,0.0000,0.00,0.00,0.00,0.000000,0.000000,-0.08,1
38434,1.85,0.0,0.0,0.0,0.0000,0.0000,0.0000,0.0000,0.00,0.00,0.00,0.000000,0.000000,-0.08,1
38434,1.84,0.0,0.0,0.0,0.0000,0.0000,0.0000,0.0000,0.00,0.00,0.00,0.000000,0.000000,-0.08,1
38434,1.84,0.0,0.0,0.0,0.0000,0.0000,0.0000,0.0000,0.00,0.00,0.00,0.000000,0.000000,-0.08,1
38434,1.82,0.0,0.0,0.0,0.0000,0.0000,0.0000,0.0000,0.00,0.00,0.00,0.000000,0.000000,-0.08,1
38434,1.78,0.0,0.0,0.0,0.0000,0.0000,0.0000,0.0000,0.00,0.00,0.00,0.000000,0.000000,-0.08,1
38447,1.71,0.0,0.0,0.0,0.0000,0.0000,0.0000,0.0000,0.00,0.00,0.00,0.000000,0.000000,-0.08,1
38447,1.61,0.0,0.0,0.0,0.0000,0.0000,0.0000,0.0000,0.00,0.00,0.00,0.000000,0.000000,-0.08,1
38447,1.50,0.0,0.0,0.0,0.0000,0.0000,0.0000,0.0000,0.00,0.00,0.00,0.000000,0.000000,-0.08,1
38447,1.38,0.0,0.0,0.0,0.0000,0.0000,0.0000,0.0000,0.00,0.00,0.00,0.000000,0.000000,-0.08,1
38447,1.28,0.0,0.0,0.0,0.0000,0.0000,0.0000,0.0000,0.00,0.00,0.00,0.000000,0.000000,-0.08,1
38460,1.17,0.0,0.0,0.0,0.0000,0.0000,0.0000,0.0000,0.00,0.00,0.00,0.000000,0.000000,-0.07,1
38460,1.12,0.0,0.0,0.0,0.0000,0.0000,0.0000,0.0000,0.00,0.00,0.00,0.000000,0.000000,-0.07,1
38460,1.05,0.0,0.0,0.0,0.0000,0.0000,0.0000,0.0000,0.00,0.00,0.00,0.000000,0.000000,-0.07,1
38460,0.98,0.0,0.0,0.0,0.0000,0.0000,0.0000,0.0000,0.00,0.00,0.00,0.000000,0.000000,-0.07,1
38460,0.97,0.0,0.0,0.0,0.0000,0.0000,0.0000,0.0000,0.00,0.00,0.00,0.000000,0.000000,-0.07,1
38472,0.93,0.0,0.0,0.0,0.0000,0.0000,0.0000,0.0000,0.00,0.00,0.00,0.000000,0.000000,-0.07,1
38472,0.93,0.0,0.0,0.0,0.0000,0.0000,0.0000,0.0000,0.00,0.00,0.00,0.000000,0.000000,-0.07,1
38472,0.91,0.0,0.0,0.0,0.0000,0.0000,0.0000,0.0000,0.00,0.00,0.00,0.000000,0.000000,-0.07,1
38472,0.90,0.0,0.0,0.0,0.0000,0.0000,0.0000,0.0000,0.00,0.00,0.00,0.000000,0.000000,-0.07,1
38472,0.88,0.0,0.0,0.0,0.0000,0.0000,0.0000,0.0000,0.00,0.00,0.00,0.000000,0.000000,-0.07,1
38485,0.88,0.0,0.0,0.0,0.0000,0.0000,0.0000,0.0000,0.00,0.00,0.00,0.000000,0.000000,-0.07,1
38485,0.90,0.0,0.0,0.0,0.0000,0.0000,0.0000,0.0000,0.00,0.00,0.00,0.000000,0.000000,-0.07,1
38485,0.85,0.0,0.0,0.0,0.0000,0.0000,0.0000,0.0000,0.00,0.00,0.00,0.000000,0.000000,-0.07,1
38485,0.83,0.0,0.0,0.0,0.0000,0.0000,0.0000,0.0000,0.00,0.00,0.00,0.000000,0.000000,-0.07,1
38485,0.83,0.0,0.0,0.0,0.0000,0.0000,0.0000,0.0000,0.00,0.00,0.00,0.000000,0.000000,-0.07,1
38498,0.83,0.0,0.0,0.0,0.0000,0.0000,0.0000,0.0000,0.00,0.00,0.00,0.000000,0.000000,-0.07,1
38498,0.81,0.0,0.0,0.0,0.0000,0.0000,0.0000,0.0000,0.00,0.00,0.00,0.000000,0.000000,-0.07,1
38498,0.80,0.0,0.0,0.0,0.0000,0.0000,0.0000,0.0000,0.00,0.00,0.00,0.000000,0.000000,-0.07,1
38498,0.76,0.0,0.0,0.0,0.0000,0.0000,0.0000,0.0000,0.00,0.00,0.00,0.000000,0.000000,-0.07,1
38498,0.77,0.0,0.0,0.0,0.0000,0.0000,0.0000,0.0000,0.00,0.00,0.00,0.000000,0.000000,-0.07,1
38511,0.79,0.0,0.0,0.0,0.0000,0.0000,0.0000,0.0000,0.00,0.00,0.00,0.000000,0.000000,-0.08,1
38511,0.75,0.0,0.0,0.0,0.0000,0.0000,0.0000,0.0000,0.00,0.00,0.00,0.000000,0.000000,-0.08,1
38511,0.77,0.0,0.0,0.0,0.0000,0.0000,0.0000,0.0000,0.00,0.00,0.00,0.000000,0.000000,-0.08,1
38511,0.73,0.0,0.0,0.0,0.0000,0.0000,0.0000,0.0000,0.00,0.00,0.00,0.000000,0.000000,-0.08,1
38511,0.75,0.0,0.0,0.0,0.0000,0.0000,0.0000,0.0000,0.00,0.00,0.00,0.000000,0.000000,-0.08,1
38523,0.75,0.0,0.0,0.0,0.0000,0.0000,0.0000,0.0000,0.00,0.00,0.00,0.000000,0.000000,-0.08,1
38523,0.75,0.0,0.0,0.0,0.0000,0.0000,0.0000,0.0000,0.00,0.00,0.00,0.000000,0.000000,-0.08,1
38523,0.73,0.0,0.0,0.0,0.0000,0.0000,0.0000,0.0000,0.00,0.00,0.00,0.000000,0.000000,-0.08,1
38523,0.73,0.0,0.0,0.0,0.0000,0.0000,0.0000,0.0000,0.00,0.00,0.00,0.000000,0.000000,-0.08,1
38523,0.73,0.0,0.0,0.0,0.0000,0.0000,0.0000,0.0000,0.00,0.00,0.00,0.000000,0.000000,-0.08,1
38536,0.73,0.0,0.0,0.0,0.0000,0.0000,0.0000,0.0000,0.00,0.00,0.00,0.000000,0.000000,-0.08,1
38536,0.74,0.0,0.0,0.0,0.0000,0.0000,0.0000,0.0000,0.00,0.00,0.00,0.000000,0.000000,-0.08,1
38536,0.75,0.0,0.0,0.0,0.0000,0.0000,0.0000,0.0000,0.00,0.00,0.00,0.000000,0.000000,-0.08,1
38536,0.75,0.0,0.0,0.0,0.0000,0.0000,0.0000,0.0000,0.00,0.00,0.00,0.000000,0.000000,-0.08,1
38536,0.76,0.0,0.0,0.0,0.0000,0.0000,0.0000,0.0000,0.00,0.00,0.00,0.000000,0.000000,-0.08,1
38549,0.76,0.0,0.0,0.0,0.0000,0.0000,0.0000,0.0000,0.00,0.00,0.00,0.000000,0.000000,-0.08,1
38549,0.80,0.0,0.0,0.0,0.0000,0.0000,0.0000,0.0000,0.00,0.00,0.00,0.000000,0.000000,-0.08,1
38549,0.81,0.0,0.0,0.0,0.0000,0.0000,0.0000,0.0000,0.00,0.00,0.00,0.000000,0.000000,-0.08,1
38549,0.80,0.0,0.0,0.0,0.0000,0.0000,0.0000,0.0000,0.00,0.00,0.00,0.000000,0.000000,-0.08,1
38549,0.81,0.0,0.0,0.0,0.0000,0.0000,0.0000,0.0000,0.00,0.00,0.00,0.000000,0.000000,-0.08,1
38561,0.81,0.0,0.0,0.0,0.0000,0.0000,0.0000,0.0000,0.00,0.00,0.00,0.000000,0.000000,-0.08,1
38574,0.88,0.0,0.0,0.0,0.0000,0.0000,0.0000,0.0000,0.00,0.00,0.00,0.000000,0.000000,-0.08,1
38574,0.88,0.0,0.0,0.0,0.0000,0.0000,0.0000,0.0000,0.00,0.00,0.00,0.000000,0.000000,-0.08,1
38574,0.90,0.0,0.0,0.0,0.0000,0.0000,0.0000,0.0000,0.00,0.00,0.00,0.000000,0.000000,-0.08,1
38574,0.90,0.0,0.0,0.0,0.0000,0.0000,0.0000,0.0000,0.00,0.00,0.00,0.000000,0.000000,-0.08,1
38574,0.90,0.0,0.0,0.0,0.0000,0.0000,0.0000,0.0000,0.00,0.00,0.00,0.000000,0.000000,-0.08,1
38587,0.91,0.0,0.0,0.0,0.0000,0.0000,0.0000,0.0000,0.00,0.00,0.00,0.000000,0.000000,-0.08,1
38587,0.93,0.0,0.0,0.0,0.0000,0.0000,0.0000,0.0000,0.00,0.00,0.00,0.000000,0.000000,-0.08,1
38587,0.91,0.0,0.0,0.0,0.0000,0.0000,0.0000,0.0000,0.00,0.00,0.00,0.000000,0.000000,-0.08,1
38587,0.91,0.0,0.0,0.0,0.0000,0.0000,0.0000,0.0000,0.00,0.00,0.00,0.000000,0.000000,-0.08,1
38587,0.93,0.0,0.0,0.0,0.0000,0.0000,0.0000,0.0000,0.00,0.00,0.00,0.000000,0.000000,-0.08,1
38600,0.93,0.0,0.0,0.0,0.0000,0.0000,0.0000,0.0000,0.00,0.00,0.00,0.000000,0.000000,-0.08,1
38600,0.91,0.0,0.0,0.0,0.0000,0.0000,0.0000,0.0000,0.00,0.00,0.00,0.000000,0.000000,-0.08,1
38600,0.91,0.0,0.0,0.0,0.0000,0.0000,0.0000,0.0000,0.00,0.00,0.00,0.000000,0.000000,-0.08,1
38600,0.93,0.0,0.0,0.0,0.0000,0.0000,0.0000,0.0000,0.00,0.00,0.00,0.000000,0.000000,-0.08,1
38600,0.91,0.0,0.0,0.0,0.0000,0.0000,0.0000,0.0000,0.00,0.00,0.00,0.000000,0.000000,-0.08,1
38612,0.91,0.0,0.0,0.0,0.0000,0.0000,0.0000,0.0000,0.00,0.00,0.00,0.000000,0.000000,-0.08,1
38612,0.91,0.0,0.0,0.0,0.0000,0.0000,0.0000,0.0000,0.00,0.00,0.00,0.000000,0.000000,-0.08,1
38612,0.91,0.0,0.0,0.0,0.0000,0.0000,0.0000,0.0000,0.00,0.00,0.00,0.000000,0.000000,-0.08,1
38612,0.91,0.0,0.0,0.0,0.0000,0.0000,0.0000,0.0000,0.00,0.00,0.00,0.000000,0.000000,-0.08,1
38612,0.91,0.0,0.0,0.0,0.0000,0.0000,0.0000,0.0000,0.00,0.00,0.00,0.000000,0.000000,-0.08,1
38625,0.91,0.0,0.0,0.0,0.0000,0.0000,0.0000,0.0000,0.00,0.00,0.00,0.000000,0.000000,-0.08,1
38625,0.91,0.0,0.0,0.0,0.0000,0.0000,0.0000,0.0000,0.00,0.00,0.00,0.000000,0.000000,-0.08,1
38625,0.91,0.0,0.0,0.0,0.0000,0.0000,0.0000,0.0000,0.00,0.00,0.00,0.000000,0.000000,-0.08,1
38625,0.90,0.0,0.0,0.0,0.0000,0.0000,0.0000,0.0000,0.00,0.00,0.00,0.000000,0.000000,-0.08,1
38625,0.91,0.0,0.0,0.0,0.0000,0.0000,0.0000,0.0000,0.00,0.00,0.00,0.000000,0.000000,-0.08,1
38638,0.91,0.0,0.0,0.0,0.0000,0.0000,0.0000,0.0000,0.00,0.00,0.00,0.000000,0.000000,-0.08,1
38638,0.93,0.0,0.0,0.0,0.0000,0.0000,0.0000,0.0000,0.00,0.00,0.00,0.000000,0.000000,-0.08,1
38638,0.93,0.0,0.0,0.0,0.0000,0.0000,0.0000,0.0000,0.00,0.00,0.00,0.000000,0.000000,-0.08,1
38638,0.95,0.0,0.0,0.0,0.0000,0.0000,0.0000,0.0000,0.00,0.00,0.00,0.000000,0.000000,-0.08,1
38638,0.95,0.0,0.0,0.0,0.0000,0.0000,0.0000,0.0000,0.00,0.00,0.00,0.000000,0.000000,-0.08,1
38651,0.95,0.0,0.0,0.0,0.0000,0.0000,0.0000,0.0000,0.00,0.00,0.00,0.000000,0.000000,-0.08,1
38651,1.00,0.0,0.0,0.0,0.0000,0.0000,0.0000,0.0000,0.00,0.00,0.00,0.000000,0.000000,-0.08,1
38651,1.00,0.0,0.0,0.0,0.0000,0.0000,0.0000,0.0000,0.00,0.00,0.00,0.000000,0.000000,-0.08,1
38651,1.02,0.0,0.0,0.0,0.0000,0.0000,0.0000,0.0000,0.00,0.00,0.00,0.000000,0.000000,-0.08,1
38651,1.04,0.0,0.0,0.0,0.0000,0.0000,0.0000,0.0000,0.00,0.00,0.00,0.000000,0.000000,-0.08,1
38663,1.02,0.0,0.0,0.0,0.0000,0.0000,0.0000,0.0000,0.00,0.00,0.00,0.000000,0.000000,-0.08,1
38663,1.04,0.0,0.0,0.0,0.0000,0.0000,0.0000,0.0000,0.00,0.00,0.00,0.000000,0.000000,-0.08,1
38663,1.09,0.0,0.0,0.0,0.0000,0.0000,0.0000,0.0000,0.00,0.00,0.00,0.000000,0.000000,-0.08,1
38663,1.11,0.0,0.0,0.0,0.0000,0.0000,0.0000,0.0000,0.00,0.00,0.00,0.000000,0.000000,-0.08,1
38663,1.09,0.0,0.0,0.0,0.0000,0.0000,0.0000,0.0000,0.00,0.00,0.00,0.000000,0.000000,-0.08,1
38676,1.09,0.0,0.0,0.0,0.0000,0.0000,0.0000,0.0000,0.00,0.00,0.00,0.000000,0.000000,-0.08,1
38676,1.12,0.0,0.0,0.0,0.0000,0.0000,0.0000,0.0000,0.00,0.00,0.00,0.000000,0.000000,-0.08,1
38676,1.11,0.0,0.0,0.0,0.0000,0.0000,0.0000,0.0000,0.00,0.00,0.00,0.000000,0.000000,-0.08,1
38676,1.16,0.0,0.0,0.0,0.0000,0.0000,0.0000,0.0000,0.00,0.00,0.00,0.000000,0.000000,-0.08,1
38676,1.17,0.0,0.0,0.0,0.0000,0.0000,0.0000,0.0000,0.00,0.00,0.00,0.000000,0.000000,-0.08,1
38689,1.17,0.0,0.0,0.0,0.0000,0.0000,0.0000,0.0000,0.00,0.00,0.00,0.000000,0.000000,-0.08,1
38689,1.15,0.0,0.0,0.0,0.0000,0.0000,0.0000,0.0000,0.00,0.00,0.00,0.000000,0.000000,-0.08,1
38689,1.12,0.0,0.0,0.0,0.0000,0.0000,0.0000,0.0000,0.00,0.00,0.00,0.000000,0.000000,-0.08,1
38689,1.17,0.0,0.0,0.0,0.0000,0.0000,0.0000,0.0000,0.00,0.00,0.00,0.000000,0.000000,-0.08,1
38689,1.16,0.0,0.0,0.0,0.0000,0.0000,0.0000,0.0000,0.00,0.00,0.00,0.000000,0.000000,-0.08,1
38702,1.17,0.0,0.0,0.0,0.0000,0.0000,0.0000,0.0000,0.00,0.00,0.00,0.000000,0.000000,-0.08,1
38702,1.12,0.0,0.0,0.0,0.0000,0.0000,0.0000,0.0000,0.00,0.00,0.00,0.000000,0.000000,-0.08,1
38702,1.10,0.0,0.0,0.0,0.0000,0.0000,0.0000,0.0000,0.00,0.00,0.00,0.000000,0.000000,-0.08,1
38702,1.12,0.0,0.0,0.0,0.0000,0.0000,0.0000,0.0000,0.00,0.00,0.00,0.000000,0.000000,-0.08,1
38702,1.12,0.0,0.0,0.0,0.0000,0.0000,0.0000,0.0000,0.00,0.00,0.00,0.000000,0.000000,-0.08,1
38740,1.05,0.0,0.0,0.0,0.0000,0.0000,0.0000,0.0000,0.00,0.00,0.00,0.000000,0.000000,-0.08,1
38740,1.04,0.0,0.0,0.0,0.0000,0.0000,0.0000,0.0000,0.00,0.00,0.00,0.000000,0.000000,-0.08,1
38753,1.07,0.0,0.0,0.0,0.0000,0.0000,0.0000,0.0000,0.00,0.00,0.00,0.000000,0.000000,-0.08,1
38753,1.03,0.0,0.0,0.0,0.0000,0.0000,0.0000,0.0000,0.00,0.00,0.00,0.000000,0.000000,-0.08,1
38753,1.04,0.0,0.0,0.0,0.0000,0.0000,0.0000,0.0000,0.00,0.00,0.00,0.000000,0.000000,-0.08,1
38778,1.05,0.0,0.0,0.0,0.0000,0.0000,0.0000,0.0000,0.00,0.00,0.00,0.000000,0.000000,-0.08,1
38778,1.05,0.0,0.0,0.0,0.0000,0.0000,0.0000,0.0000,0.00,0.00,0.00,0.000000,0.000000,-0.08,1
38778,1.08,0.0,0.0,0.0,0.0000,0.0000,0.0000,0.0000,0.00,0.00,0.00,0.000000,0.000000,-0.08,1
38778,1.09,0.0,0.0,0.0,0.0000,0.0000,0.0000,0.0000,0.00,0.00,0.00,0.000000,0.000000,-0.08,1
38778,1.08,0.0,0.0,0.0,0.0000,0.0000,0.0000,0.0000,0.00,0.00,0.00,0.000000,0.000000,-0.08,1
38791,1.10,0.0,0.0,0.0,0.0000,0.0000,0.0000,0.0000,0.00,0.00,0.00,0.000000,0.000000,-0.08,1
38791,1.04,0.0,0.0,0.0,0.0000,0.0000,0.0000,0.0000,0.00,0.00,0.00,0.000000,0.000000,-0.08,1
38791,1.02,0.0,0.0,0.0,0.0000,0.0000,0.0000,0.0000,0.00,0.00,0.00,0.000000,0.000000,-0.08,1
38791,1.07,0.0,0.0,0.0,0.0000,0.0000,0.0000,0.0000,0.00,0.00,0.00,0.000000,0.000000,-0.08,1
38791,1.08,0.0,0.0,0.0,0.0000,0.0000,0.0000,0.0000,0.00,0.00,0.00,0.000000,0.000000,-0.08,1
38804,1.09,0.0,0.0,0.0,0.0000,0.0000,0.0000,0.0000,0.00,0.00,0.00,0.000000,0.000000,-0.08,1
38804,1.01,0.0,0.0,0.0,0.0000,0.0000,0.0000,0.0000,0.00,0.00,0.00,0.000000,0.000000,-0.08,1
38804,1.03,0.0,0.0,0.0,0.0000,0.0000,0.0000,0.0000,0.00,0.00,0.00,0.000000,0.000000,-0.08,1
38804,1.03,0.0,0.0,0.0,0.0000,0.0000,0.0000,0.0000,0.00,0.00,0.00,0.000000,0.000000,-0.08,1
38804,1.04,0.0,0.0,0.0,0.0000,0.0000,0.0000,0.0000,0.00,0.00,0.00,0.000000,0.000000,-0.08,1
38816,1.05,0.0,0.0,0.0,0.0000,0.0000,0.0000,0.0000,0.00,0.00,0.00,0.000000,0.000000,-0.08,1
38816,1.00,0.0,0.0,0.0,0.0000,0.0000,0.0000,0.0000,0.00,0.00,0.00,0.000000,0.000000,-0.08,1
38816,0.98,0.0,0.0,0.0,0.0000,0.0000,0.0000,0.0000,0.00,0.00,0.00,0.000000,0.000000,-0.08,1
38816,1.01,0.0,0.0,0.0,0.0000,0.0000,0.0000,0.0000,0.00,0.00,0.00,0.000000,0.000000,-0.08,1
38816,1.00,0.0,0.0,0.0,0.0000,0.0000,0.0000,0.0000,0.00,0.00,0.00,0.000000,0.000000,-0.08,1
38829,0.97,0.0,0.0,0.0,0.0000,0.0000,0.0000,0.0000,0.00,0.00,0.00,0.000000,0.000000,-0.08,1
38829,0.97,0.0,0.0,0.0,0.0000,0.0000,0.0000,0.0000,0.00,0.00,0.00,0.000000,0.000000,-0.08,1
38829,0.98,0.0,0.0,0.0,0.0000,0.0000,0.0000,0.0000,0.00,0.00,0.00,0.000000,0.000000,-0.08,1
38829,1.00,0.0,0.0,0.0,0.0000,0.0000,0.0000,0.0000,0.00,0.00,0.00,0.000000,0.000000,-0.08,1
38829,0.97,0.0,0.0,0.0,0.0000,0.0000,0.0000,0.0000,0.00,0.00,0.00,0.000000,0.000000,-0.08,1
38842,0.95,0.0,0.0,0.0,0.0000,0.0000,0.0000,0.0000,0.00,0.00,0.00,0.000000,0.000000,-0.08,1
38842,0.95,0.0,0.0,0.0,0.0000,0.0000,0.0000,0.0000,0.00,0.00,0.00,0.000000,0.000000,-0.08,1
38842,0.93,0.0,0.0,0.0,0.0000,0.0000,0.0000,0.0000,0.00,0.00,0.00,0.000000,0.000000,-0.08,1
38842,0.93,0.0,0.0,0.0,0.0000,0.0000,0.0000,0.0000,0.00,0.00,0.00,0.000000,0.000000,-0.08,1
38842,0.93,0.0,0.0,0.0,0.0000,0.0000,0.0000,0.0000,0.00,0.00,0.00,0.000000,0.000000,-0.08,1
38855,0.93,0.0,0.0,0.0,0.0000,0.0000,0.0000,0.0000,0.00,0.00,0.00,0.000000,0.000000,-0.08,1
38855,0.93,0.0,0.0,0.0,0.0000,0.0000,0.0000,0.0000,0.00,0.00,0.00,0.000000,0.000000,-0.08,1
38855,0.91,0.0,0.0,0.0,0.0000,0.0000,0.0000,0.0000,0.00,0.00,0.00,0.000000,0.000000,-0.08,1
38855,0.91,0.0,0.0,0.0,0.0000,0.0000,0.0000,0.0000,0.00,0.00,0.00,0.000000,0.000000,-0.08,1
38855,0.88,0.0,0.0,0.0,0.0000,0.0000,0.0000,0.0000,0.00,0.00,0.00,0.000000,0.000000,-0.08,1
38867,0.91,0.0,0.0,0.0,0.0000,0.0000,0.0000,0.0000,0.00,0.00,0.00,0.000000,0.000000,-0.08,1
38867,0.88,0.0,0.0,0.0,0.0000,0.0000,0.0000,0.0000,0.00,0.00,0.00,0.000000,0.000000,-0.08,1
38867,0.88,0.0,0.0,0.0,0.0000,0.0000,0.0000,0.0000,0.00,0.00,0.00,0.000000,0.000000,-0.08,1
38867,0.90,0.0,0.0,0.0,0.0000,0.0000,0.0000,0.0000,0.00,0.00,0.00,0.000000,0.000000,-0.08,1
38867,0.86,0.0,0.0,0.0,0.0000,0.0000,0.0000,0.0000,0.00,0.00,0.00,0.000000,0.000000,-0.08,1
38880,0.88,0.0,0.0,0.0,0.0000,0.0000,0.0000,0.0000,0.00,0.00,0.00,0.000000,0.000000,-0.08,1
38880,0.88,0.0,0.0,0.0,0.0000,0.0000,0.0000,0.0000,0.00,0.00,0.00,0.000000,0.000000,-0.08,1
38880,0.86,0.0,0.0,0.0,0.0000,0.0000,0.0000,0.0000,0.00,0.00,0.00,0.000000,0.000000,-0.08,1
38880,0.88,0.0,0.0,0.0,0.0000,0.0000,0.0000,0.0000,0.00,0.00,0.00,0.000000,0.000000,-0.08,1
38880,0.88,0.0,0.0,0.0,0.0000,0.0000,0.0000,0.0000,0.00,0.00,0.00,0.000000,0.000000,-0.08,1
38894,0.85,0.0,0.0,0.0,0.0000,0.0000,0.0000,0.0000,0.00,0.00,0.00,0.000000,0.000000,-0.08,1
38894,0.88,0.0,0.0,0.0,0.0000,0.0000,0.0000,0.0000,0.00,0.00,0.00,0.000000,0.000000,-0.08,1
38894,0.90,0.0,0.0,0.0,0.0000,0.0000,0.0000,0.0000,0.00,0.00,0.00,0.000000,0.000000,-0.08,1
38894,0.88,0.0,0.0,0.0,0.0000,0.0000,0.0000,0.0000,0.00,0.00,0.00,0.000000,0.000000,-0.08,1
38894,0.88,0.0,0.0,0.0,0.0000,0.0000,0.0000,0.0000,0.00,0.00,0.00,0.000000,0.000000,-0.08,1
38906,0.88,0.0,0.0,0.0,0.0000,0.0000,0.0000,0.0000,0.00,0.00,0.00,0.000000,0.000000,-0.08,1
38906,0.86,0.0,0.0,0.0,0.0000,0.0000,0.0000,0.0000,0.00,0.00,0.00,0.000000,0.000000,-0.08,1
38906,0.88,0.0,0.0,0.0,0.0000,0.0000,0.0000,0.0000,0.00,0.00,0.00,0.000000,0.000000,-0.08,1
38906,0.86,0.0,0.0,0.0,0.0000,0.0000,0.0000,0.0000,0.00,0.00,0.00,0.000000,0.000000,-0.08,1
38906,0.86,0.0,0.0,0.0,0.0000,0.0000,0.0000,0.0000,0.00,0.00,0.00,0.000000,0.000000,-0.08,1
38919,0.85,0.0,0.0,0.0,0.0000,0.0000,0.0000,0.0000,0.00,0.00,0.00,0.000000,0.000000,-0.08,1
38919,0.83,0.0,0.0,0.0,0.0000,0.0000,0.0000,0.0000,0.00,0.00,0.00,0.000000,0.000000,-0.08,1
38919,0.83,0.0,0.0,0.0,0.0000,0.0000,0.0000,0.0000,0.00,0.00,0.00,0.000000,0.000000,-0.08,1
38919,0.81,0.0,0.0,0.0,0.0000,0.0000,0.0000,0.0000,0.00,0.00,0.00,0.000000,0.000000,-0.08,1
38919,0.81,0.0,0.0,0.0,0.0000,0.0000,0.0000,0.0000,0.00,0.00,0.00,0.000000,0.000000,-0.08,1
38931,0.81,0.0,0.0,0.0,0.0000,0.0000,0.0000,0.0000,0.00,0.00,0.00,0.000000,0.000000,-0.08,1
38931,0.81,0.0,0.0,0.0,0.0000,0.0000,0.0000,0.0000,0.00,0.00,0.00,0.000000,0.000000,-0.08,1
38931,0.79,0.0,0.0,0.0,0.0000,0.0000,0.0000,0.0000,0.00,0.00,0.00,0.000000,0.000000,-0.08,1
38931,0.77,0.0,0.0,0.0,0.0000,0.0000,0.0000,0.0000,0.00,0.00,0.00,0.000000,0.000000,-0.08,1
38931,0.80,0.0,0.0,0.0,0.0000,0.0000,0.0000,0.0000,0.00,0.00,0.00,0.000000,0.000000,-0.08,1
38944,0.76,0.0,0.0,0.0,0.0000,0.0000,0.0000,0.0000,0.00,0.00,0.00,0.000000,0.000000,-0.08,1
38944,0.77,0.0,0.0,0.0,0.0000,0.0000,0.0000,0.0000,0.00,0.00,0.00,0.000000,0.000000,-0.08,1
38944,0.76,0.0,0.0,0.0,0.0000,0.0000,0.0000,0.0000,0.00,0.00,0.00,0.000000,0.000000,-0.08,1
38944,0.79,0.0,0.0,0.0,0.0000,0.0000,0.0000,0.0000,0.00,0.00,0.00,0.000000,0.000000,-0.08,1
38944,0.75,0.0,0.0,0.0,0.0000,0.0000,0.0000,0.0000,0.00,0.00,0.00,0.000000,0.000000,-0.08,1
38957,0.75,0.0,0.0,0.0,0.0000,0.0000,0.0000,0.0000,0.00,0.00,0.00,0.000000,0.000000,-0.07,1
38957,0.75,0.0,0.0,0.0,0.0000,0.0000,0.0000,0.0000,0.00,0.00,0.00,0.000000,0.000000,-0.07,1
38957,0.75,0.0,0.0,0.0,0.0000,0.0000,0.0000,0.0000,0.00,0.00,0.00,0.000000,0.000000,-0.07,1
38957,0.75,0.0,0.0,0.0,0.0000,0.0000,0.0000,0.0000,0.00,0.00,0.00,0.000000,0.000000,-0.07,1
38957,0.75,0.0,0.0,0.0,0.0000,0.0000,0.0000,0.0000,0.00,0.00,0.00,0.000000,0.000000,-0.07,1
38969,0.75,0.0,0.0,0.0,0.0000,0.0000,0.0000,0.0000,0.00,0.00,0.00,0.000000,0.000000,-0.07,1
38969,0.75,0.0,0.0,0.0,0.0000,0.0000,0.0000,0.0000,0.00,0.00,0.00,0.000000,0.000000,-0.07,1
38969,0.75,0.0,0.0,0.0,0.0000,0.0000,0.0000,0.0000,0.00,0.00,0.00,0.000000,0.000000,-0.07,1
38969,0.75,0.0,0.0,0.0,0.0000,0.0000,0.0000,0.0000,0.00,0.00,0.00,0.000000,0.000000,-0.07,1
38969,0.75,0.0,0.0,0.0,0.0000,0.0000,0.0000,0.0000,0.00,0.00,0.00,0.000000,0.000000,-0.07,1
38984,0.74,0.0,0.0,0.0,0.0000,0.0000,0.0000,0.0000,0.00,0.00,0.00,0.000000,0.000000,-0.07,1
38984,0.75,0.0,0.0,0.0,0.0000,0.0000,0.0000,0.0000,0.00,0.00,0.00,0.000000,0.000000,-0.07,1
38984,0.75,0.0,0.0,0.0,0.0000,0.0000,0.0000,0.0000,0.00,0.00,0.00,0.000000,0.000000,-0.07,1
38984,0.72,0.0,0.0,0.0,0.0000,0.0000,0.0000,0.0000,0.00,0.00,0.00,0.000000,0.000000,-0.07,1
38984,0.74,0.0,0.0,0.0,0.0000,0.0000,0.0000,0.0000,0.00,0.00,0.00,0.000000,0.000000,-0.07,1
38995,0.73,0.0,0.0,0.0,0.0000,0.0000,0.0000,0.0000,0.00,0.00,0.00,0.000000,0.000000,-0.07,1
38995,0.73,0.0,0.0,0.0,0.0000,0.0000,0.0000,0.0000,0.00,0.00,0.00,0.000000,0.000000,-0.07,1
38995,0.73,0.0,0.0,0.0,0.0000,0.0000,0.0000,0.0000,0.00,0.00,0.00,0.000000,0.000000,-0.07,1
38995,0.72,0.0,0.0,0.0,0.0000,0.0000,0.0000,0.0000,0.00,0.00,0.00,0.000000,0.000000,-0.07,1
38995,0.73,0.0,0.0,0.0,0.0000,0.0000,0.0000,0.0000,0.00,0.00,0.00,0.000000,0.000000,-0.07,1
39008,0.72,0.0,0.0,0.0,0.0000,0.0000,0.0000,0.0000,0.00,0.00,0.00,0.000000,0.000000,-0.07,1
39008,0.70,0.0,0.0,0.0,0.0000,0.0000,0.0000,0.0000,0.00,0.00,0.00,0.000000,0.000000,-0.07,1
39008,0.70,0.0,0.0,0.0,0.0000,0.0000,0.0000,0.0000,0.00,0.00,0.00,0.000000,0.000000,-0.07,1
39008,0.68,0.0,0.0,0.0,0.0000,0.0000,0.0000,0.0000,0.00,0.00,0.00,0.000000,0.000000,-0.07,1
39008,0.68,0.0,0.0,0.0,0.0000,0.0000,0.0000,0.0000,0.00,0.00,0.00,0.000000,0.000000,-0.07,1
39020,0.67,0.0,0.0,0.0,0.0000,0.0000,0.0000,0.0000,0.00,0.00,0.00,0.000000,0.000000,-0.08,1
39020,0.65,0.0,0.0,0.0,0.0000,0.0000,0.0000,0.0000,0.00,0.00,0.00,0.000000,0.000000,-0.08,1
39020,0.65,0.0,0.0,0.0,0.0000,0.0000,0.0000,0.0000,0.00,0.00,0.00,0.000000,0.000000,-0.08,1
39020,0.61,0.0,0.0,0.0,0.0000,0.0000,0.0000,0.0000,0.00,0.00,0.00,0.000000,0.000000,-0.08,1
39020,0.61,0.0,0.0,0.0,0.0000,0.0000,0.0000,0.0000,0.00,0.00,0.00,0.000000,0.000000,-0.08,1
39033,0.58,0.0,0.0,0.0,0.0000,0.0000,0.0000,0.0000,0.00,0.00,0.00,0.000000,0.000000,-0.08,1
39033,0.58,0.0,0.0,0.0,0.0000,0.0000,0.0000,0.0000,0.00,0.00,0.00,0.000000,0.000000,-0.08,1
39033,0.58,0.0,0.0,0.0,0.0000,0.0000,0.0000,0.0000,0.00,0.00,0.00,0.000000,0.000000,-0.08,1
39033,0.57,0.0,0.0,0.0,0.0000,0.0000,0.0000,0.0000,0.00,0.00,0.00,0.000000,0.000000,-0.08,1
39033,0.58,0.0,0.0,0.0,0.0000,0.0000,0.0000,0.0000,0.00,0.00,0.00,0.000000,0.000000,-0.08,1
39046,0.56,0.0,0.0,0.0,0.0000,0.0000,0.0000,0.0000,0.00,0.00,0.00,0.000000,0.000000,-0.08,1
39046,0.56,0.0,0.0,0.0,0.0000,0.0000,0.0000,0.0000,0.00,0.00,0.00,0.000000,0.000000,-0.08,1
39046,0.56,0.0,0.0,0.0,0.0000,0.0000,0.0000,0.0000,0.00,0.00,0.00,0.000000,0.000000,-0.08,1
39046,0.55,0.0,0.0,0.0,0.0000,0.0000,0.0000,0.0000,0.00,0.00,0.00,0.000000,0.000000,-0.08,1
39046,0.55,0.0,0.0,0.0,0.0000,0.0000,0.0000,0.0000,0.00,0.00,0.00,0.000000,0.000000,-0.08,1
39063,0.56,0.0,0.0,0.0,0.0000,0.0000,0.0000,0.0000,0.00,0.00,0.00,0.000000,0.000000,-0.08,1
39063,0.55,0.0,0.0,0.0,0.0000,0.0000,0.0000,0.0000,0.00,0.00,0.00,0.000000,0.000000,-0.08,1
39063,0.55,0.0,0.0,0.0,0.0000,0.0000,0.0000,0.0000,0.00,0.00,0.00,0.000000,0.000000,-0.08,1
39063,0.55,0.0,0.0,0.0,0.0000,0.0000,0.0000,0.0000,0.00,0.00,0.00,0.000000,0.000000,-0.08,1
39063,0.55,0.0,0.0,0.0,0.0000,0.0000,0.0000,0.0000,0.00,0.00,0.00,0.000000,0.000000,-0.08,1
39071,0.55,0.0,0.0,0.0,0.0000,0.0000,0.0000,0.0000,0.00,0.00,0.00,0.000000,0.000000,-0.08,1
39071,0.55,0.0,0.0,0.0,0.0000,0.0000,0.0000,0.0000,0.00,0.00,0.00,0.000000,0.000000,-0.08,1
39071,0.55,0.0,0.0,0.0,0.0000,0.0000,0.0000,0.0000,0.00,0.00,0.00,0.000000,0.000000,-0.08,1
39071,0.52,0.0,0.0,0.0,0.0000,0.0000,0.0000,0.0000,0.00,0.00,0.00,0.000000,0.000000,-0.08,1
39071,0.54,0.0,0.0,0.0,0.0000,0.0000,0.0000,0.0000,0.00,0.00,0.00,0.000000,0.000000,-0.08,1
39084,0.54,0.0,0.0,0.0,0.0000,0.0000,0.0000,0.0000,0.00,0.00,0.00,0.000000,0.000000,-0.08,1
39084,0.54,0.0,0.0,0.0,0.0000,0.0000,0.0000,0.0000,0.00,0.00,0.00,0.000000,0.000000,-0.08,1
39084,0.54,0.0,0.0,0.0,0.0000,0.0000,0.0000,0.0000,0.00,0.00,0.00,0.000000,0.000000,-0.08,1
39084,0.54,0.0,0.0,0.0,0.0000,0.0000,0.0000,0.0000,0.00,0.00,0.00,0.000000,0.000000,-0.08,1
39084,0.54,0.0,0.0,0.0,0.0000,0.0000,0.0000,0.0000,0.00,0.00,0.00,0.000000,0.000000,-0.08,1
39097,0.54,0.0,0.0,0.0,0.0000,0.0000,0.0000,0.0000,0.00,0.00,0.00,0.000000,0.000000,-0.08,1
39097,0.54,0.0,0.0,0.0,0.0000,0.0000,0.0000,0.0000,0.00,0.00,0.00,0.000000,0.000000,-0.08,1
39097,0.54,0.0,0.0,0.0,0.0000,0.0000,0.0000,0.0000,0.00,0.00,0.00,0.000000,0.000000,-0.08,1
39097,0.54,0.0,0.0,0.0,0.0000,0.0000,0.0000,0.0000,0.00,0.00,0.00,0.000000,0.000000,-0.08,1
39097,0.54,0.0,0.0,0.0,0.0000,0.0000,0.0000,0.0000,0.00,0.00,0.00,0.000000,0.000000,-0.08,1
39110,0.55,0.0,0.0,0.0,0.0000,0.0000,0.0000,0.0000,0.00,0.00,0.00,0.000000,0.000000,-0.08,1
39110,0.54,0.0,0.0,0.0,0.0000,0.0000,0.0000,0.0000,0.00,0.00,0.00,0.000000,0.000000,-0.08,1
39110,0.55,0.0,0.0,0.0,0.0000,0.0000,0.0000,0.0000,0.00,0.00,0.00,0.000000,0.000000,-0.08,1
39110,0.55,0.0,0.0,0.0,0.0000,0.0000,0.0000,0.0000,0.00,0.00,0.00,0.000000,0.000000,-0.08,1
39110,0.55,0.0,0.0,0.0,0.0000,0.0000,0.0000,0.0000,0.00,0.00,0.00,0.000000,0.000000,-0.08,1
39123,0.55,0.0,0.0,0.0,0.0000,0.0000,0.0000,0.0000,0.00,0.00,0.00,0.000000,0.000000,-0.08,1
39123,0.55,0.0,0.0,0.0,0.0000,0.0000,0.0000,0.0000,0.00,0.00,0.00,0.000000,0.000000,-0.08,1
39123,0.55,0.0,0.0,0.0,0.0000,0.0000,0.0000,0.0000,0.00,0.00,0.00,0.000000,0.000000,-0.08,1
39123,0.55,0.0,0.0,0.0,0.0000,0.0000,0.0000,0.0000,0.00,0.00,0.00,0.000000,0.000000,-0.08,1
39123,0.55,0.0,0.0,0.0,0.0000,0.0000,0.0000,0.0000,0.00,0.00,0.00,0.000000,0.000000,-0.08,1
39135,0.55,0.0,0.0,0.0,0.0000,0.0000,0.0000,0.0000,0.00,0.00,0.00,0.000000,0.000000,-0.08,1
39135,0.55,0.0,0.0,0.0,0.0000,0.0000,0.0000,0.0000,0.00,0.00,0.00,0.000000,0.000000,-0.08,1
39135,0.55,0.0,0.0,0.0,0.0000,0.0000,0.0000,0.0000,0.00,0.00,0.00,0.000000,0.000000,-0.08,1
39135,0.55,0.0,0.0,0.0,0.0000,0.0000,0.0000,0.0000,0.00,0.00,0.00,0.000000,0.000000,-0.08,1
39135,0.55,0.0,0.0,0.0,0.0000,0.0000,0.0000,0.0000,0.00,0.00,0.00,0.000000,0.000000,-0.08,1
39153,0.55,0.0,0.0,0.0,0.0000,0.0000,0.0000,0.0000,0.00,0.00,0.00,0.000000,0.000000,-0.08,1
39153,0.55,0.0,0.0,0.0,0.0000,0.0000,0.0000,0.0000,0.00,0.00,0.00,0.000000,0.000000,-0.08,1
39153,0.55,0.0,0.0,0.0,0.0000,0.0000,0.0000,0.0000,0.00,0.00,0.00,0.000000,0.000000,-0.08,1
39153,0.55,0.0,0.0,0.0,0.0000,0.0000,0.0000,0.0000,0.00,0.00,0.00,0.000000,0.000000,-0.08,1
39153,0.55,0.0,0.0,0.0,0.0000,0.0000,0.0000,0.0000,0.00,0.00,0.00,0.000000,0.000000,-0.08,1
39161,0.55,0.0,0.0,0.0,0.0000,0.0000,0.0000,0.0000,0.00,0.00,0.00,0.000000,0.000000,-0.08,1
39161,0.55,0.0,0.0,0.0,0.0000,0.0000,0.0000,0.0000,0.00,0.00,0.00,0.000000,0.000000,-0.08,1
39161,0.55,0.0,0.0,0.0,0.0000,0.0000,0.0000,0.0000,0.00,0.00,0.00,0.000000,0.000000,-0.08,1
39161,0.55,0.0,0.0,0.0,0.0000,0.0000,0.0000,0.0000,0.00,0.00,0.00,0.000000,0.000000,-0.08,1
39161,0.56,0.0,0.0,0.0,0.0000,0.0000,0.0000,0.0000,0.00,0.00,0.00,0.000000,0.000000,-0.08,1
39174,0.55,0.0,0.0,0.0,0.0000,0.0000,0.0000,0.0000,0.00,0.00,0.00,0.000000,0.000000,-0.08,1
39174,0.55,0.0,0.0,0.0,0.0000,0.0000,0.0000,0.0000,0.00,0.00,0.00,0.000000,0.000000,-0.08,1
39174,0.55,0.0,0.0,0.0,0.0000,0.0000,0.0000,0.0000,0.00,0.00,0.00,0.000000,0.000000,-0.08,1
39174,0.56,0.0,0.0,0.0,0.0000,0.0000,0.0000,0.0000,0.00,0.00,0.00,0.000000,0.000000,-0.08,1
39174,0.55,0.0,0.0,0.0,0.0000,0.0000,0.0000,0.0000,0.00,0.00,0.00,0.000000,0.000000,-0.08,1
39186,0.56,0.0,0.0,0.0,0.0000,0.0000,0.0000,0.0000,0.00,0.00,0.00,0.000000,0.000000,-0.08,1
39186,0.56,0.0,0.0,0.0,0.0000,0.0000,0.0000,0.0000,0.00,0.00,0.00,0.000000,0.000000,-0.08,1
39186,0.56,0.0,0.0,0.0,0.0000,0.0000,0.0000,0.0000,0.00,0.00,0.00,0.000000,0.000000,-0.08,1
39186,0.56,0.0,0.0,0.0,0.0000,0.0000,0.0000,0.0000,0.00,0.00,0.00,0.000000,0.000000,-0.08,1
39186,0.56,0.0,0.0,0.0,0.0000,0.0000,0.0000,0.0000,0.00,0.00,0.00,0.000000,0.000000,-0.08,1
39199,0.56,0.0,0.0,0.0,0.0000,0.0000,0.0000,0.0000,0.00,0.00,0.00,0.000000,0.000000,-0.08,1
39199,0.57,0.0,0.0,0.0,0.0000,0.0000,0.0000,0.0000,0.00,0.00,0.00,0.000000,0.000000,-0.08,1
39199,0.57,0.0,0.0,0.0,0.0000,0.0000,0.0000,0.0000,0.00,0.00,0.00,0.000000,0.000000,-0.08,1
39199,0.57,0.0,0.0,0.0,0.0000,0.0000,0.0000,0.0000,0.00,0.00,0.00,0.000000,0.000000,-0.08,1
39199,0.57,0.0,0.0,0.0,0.0000,0.0000,0.0000,0.0000,0.00,0.00,0.00,0.000000,0.000000,-0.08,1
39212,0.57,0.0,0.0,0.0,0.0000,0.0000,0.0000,0.0000,0.00,0.00,0.00,0.000000,0.000000,-0.08,1
39212,0.57,0.0,0.0,0.0,0.0000,0.0000,0.0000,0.0000,0.00,0.00,0.00,0.000000,0.000000,-0.08,1
39212,0.58,0.0,0.0,0.0,0.0000,0.0000,0.0000,0.0000,0.00,0.00,0.00,0.000000,0.000000,-0.08,1
39212,0.58,0.0,0.0,0.0,0.0000,0.0000,0.0000,0.0000,0.00,0.00,0.00,0.000000,0.000000,-0.08,1
39212,0.57,0.0,0.0,0.0,0.0000,0.0000,0.0000,0.0000,0.00,0.00,0.00,0.000000,0.000000,-0.08,1
39232,0.57,0.0,0.0,0.0,0.0000,0.0000,0.0000,0.0000,0.00,0.00,0.00,0.000000,0.000000,-0.08,1
39232,0.58,0.0,0.0,0.0,0.0000,0.0000,0.0000,0.0000,0.00,0.00,0.00,0.000000,0.000000,-0.08,1
39232,0.60,0.0,0.0,0.0,0.0000,0.0000,0.0000,0.0000,0.00,0.00,0.00,0.000000,0.000000,-0.08,1
39232,0.58,0.0,0.0,0.0,0.0000,0.0000,0.0000,0.0000,0.00,0.00,0.00,0.000000,0.000000,-0.08,1
39232,0.58,0.0,0.0,0.0,0.0000,0.0000,0.0000,0.0000,0.00,0.00,0.00,0.000000,0.000000,-0.08,1
39237,0.58,0.0,0.0,0.0,0.0000,0.0000,0.0000,0.0000,0.00,0.00,0.00,0.000000,0.000000,-0.08,1
39237,0.60,0.0,0.0,0.0,0.0000,0.0000,0.0000,0.0000,0.00,0.00,0.00,0.000000,0.000000,-0.08,1
39237,0.61,0.0,0.0,0.0,0.0000,0.0000,0.0000,0.0000,0.00,0.00,0.00,0.000000,0.000000,-0.08,1
39237,0.60,0.0,0.0,0.0,0.0000,0.0000,0.0000,0.0000,0.00,0.00,0.00,0.000000,0.000000,-0.08,1
39237,0.61,0.0,0.0,0.0,0.0000,0.0000,0.0000,0.0000,0.00,0.00,0.00,0.000000,0.000000,-0.08,1
39250,0.61,0.0,0.0,0.0,0.0000,0.0000,0.0000,0.0000,0.00,0.00,0.00,0.000000,0.000000,-0.08,1
39250,0.61,0.0,0.0,0.0,0.0000,0.0000,0.0000,0.0000,0.00,0.00,0.00,0.000000,0.000000,-0.08,1
39250,0.61,0.0,0.0,0.0,0.0000,0.0000,0.0000,0.0000,0.00,0.00,0.00,0.000000,0.000000,-0.08,1
39250,0.61,0.0,0.0,0.0,0.0000,0.0000,0.0000,0.0000,0.00,0.00,0.00,0.000000,0.000000,-0.08,1
39250,0.61,0.0,0.0,0.0,0.0000,0.0000,0.0000,0.0000,0.00,0.00,0.00,0.000000,0.000000,-0.08,1
39263,0.61,0.0,0.0,0.0,0.0000,0.0000,0.0000,0.0000,0.00,0.00,0.00,0.000000,0.000000,-0.08,1
39263,0.63,0.0,0.0,0.0,0.0000,0.0000,0.0000,0.0000,0.00,0.00,0.00,0.000000,0.000000,-0.08,1
39263,0.61,0.0,0.0,0.0,0.0000,0.0000,0.0000,0.0000,0.00,0.00,0.00,0.000000,0.000000,-0.08,1
39263,0.63,0.0,0.0,0.0,0.0000,0.0000,0.0000,0.0000,0.00,0.00,0.00,0.000000,0.000000,-0.08,1
39263,0.63,0.0,0.0,0.0,0.0000,0.0000,0.0000,0.0000,0.00,0.00,0.00,0.000000,0.000000,-0.08,1
39275,0.61,0.0,0.0,0.0,0.0000,0.0000,0.0000,0.0000,0.00,0.00,0.00,0.000000,0.000000,-0.08,1
39275,0.61,0.0,0.0,0.0,0.0000,0.0000,0.0000,0.0000,0.00,0.00,0.00,0.000000,0.000000,-0.08,1
39275,0.61,0.0,0.0,0.0,0.0000,0.0000,0.0000,0.0000,0.00,0.00,0.00,0.000000,0.000000,-0.08,1
39275,0.60,0.0,0.0,0.0,0.0000,0.0000,0.0000,0.0000,0.00,0.00,0.00,0.000000,0.000000,-0.08,1
39275,0.61,0.0,0.0,0.0,0.0000,0.0000,0.0000,0.0000,0.00,0.00,0.00,0.000000,0.000000,-0.08,1
39288,0.60,0.0,0.0,0.0,0.0000,0.0000,0.0000,0.0000,0.00,0.00,0.00,0.000000,0.000000,-0.08,1
39288,0.61,0.0,0.0,0.0,0.0000,0.0000,0.0000,0.0000,0.00,0.00,0.00,0.000000,0.000000,-0.08,1
39288,0.60,0.0,0.0,0.0,0.0000,0.0000,0.0000,0.0000,0.00,0.00,0.00,0.000000,0.000000,-0.08,1
39288,0.58,0.0,0.0,0.0,0.0000,0.0000,0.0000,0.0000,0.00,0.00,0.00,0.000000,0.000000,-0.08,1
39288,0.58,0.0,0.0,0.0,0.0000,0.0000,0.0000,0.0000,0.00,0.00,0.00,0.000000,0.000000,-0.08,1
39301,0.57,0.0,0.0,0.0,0.0000,0.0000,0.0000,0.0000,0.00,0.00,0.00,0.000000,0.000000,-0.08,1
39301,0.57,0.0,0.0,0.0,0.0000,0.0000,0.0000,0.0000,0.00,0.00,0.00,0.000000,0.000000,-0.08,1
39301,0.58,0.0,0.0,0.0,0.0000,0.0000,0.0000,0.0000,0.00,0.00,0.00,0.000000,0.000000,-0.08,1
39301,0.57,0.0,0.0,0.0,0.0000,0.0000,0.0000,0.0000,0.00,0.00,0.00,0.000000,0.000000,-0.08,1
39301,0.57,0.0,0.0,0.0,0.0000,0.0000,0.0000,0.0000,0.00,0.00,0.00,0.000000,0.000000,-0.08,1
39314,0.56,0.0,0.0,0.0,0.0000,0.0000,0.0000,0.0000,0.00,0.00,0.00,0.000000,0.000000,-0.08,1
39314,0.56,0.0,0.0,0.0,0.0000,0.0000,0.0000,0.0000,0.00,0.00,0.00,0.000000,0.000000,-0.08,1
39314,0.55,0.0,0.0,0.0,0.0000,0.0000,0.0000,0.0000,0.00,0.00,0.00,0.000000,0.000000,-0.08,1
39314,0.55,0.0,0.0,0.0,0.0000,0.0000,0.0000,0.0000,0.00,0.00,0.00,0.000000,0.000000,-0.08,1
39314,0.55,0.0,0.0,0.0,0.0000,0.0000,0.0000,0.0000,0.00,0.00,0.00,0.000000,0.000000,-0.08,1
39327,0.55,0.0,0.0,0.0,0.0000,0.0000,0.0000,0.0000,0.00,0.00,0.00,0.000000,0.000000,-0.08,1
39327,0.54,0.0,0.0,0.0,0.0000,0.0000,0.0000,0.0000,0.00,0.00,0.00,0.000000,0.000000,-0.08,1
39327,0.54,0.0,0.0,0.0,0.0000,0.0000,0.0000,0.0000,0.00,0.00,0.00,0.000000,0.000000,-0.08,1
39327,0.51,0.0,0.0,0.0,0.0000,0.0000,0.0000,0.0000,0.00,0.00,0.00,0.000000,0.000000,-0.08,1
39327,0.52,0.0,0.0,0.0,0.0000,0.0000,0.0000,0.0000,0.00,0.00,0.00,0.000000,0.000000,-0.08,1
39339,0.51,0.0,0.0,0.0,0.0000,0.0000,0.0000,0.0000,0.00,0.00,0.00,0.000000,0.000000,-0.08,1
39339,0.52,0.0,0.0,0.0,0.0000,0.0000,0.0000,0.0000,0.00,0.00,0.00,0.000000,0.000000,-0.08,1
39339,0.52,0.0,0.0,0.0,0.0000,0.0000,0.0000,0.0000,0.00,0.00,0.00,0.000000,0.000000,-0.08,1
39339,0.52,0.0,0.0,0.0,0.0000,0.0000,0.0000,0.0000,0.00,0.00,0.00,0.000000,0.000000,-0.08,1
39339,0.54,0.0,0.0,0.0,0.0000,0.0000,0.0000,0.0000,0.00,0.00,0.00,0.000000,0.000000,-0.08,1
39454,0.81,0.0,0.0,0.0,0.0000,0.0000,0.0000,0.0000,0.00,0.00,0.00,0.000000,0.000000,-0.09,1
39480,0.70,0.0,0.0,0.0,0.0000,0.0000,0.0000,0.0000,0.00,0.00,0.00,0.000000,0.000000,-0.09,1
39480,0.72,0.0,0.0,0.0,0.0000,0.0000,0.0000,0.0000,0.00,0.00,0.00,0.000000,0.000000,-0.09,1
39480,0.70,0.0,0.0,0.0,0.0000,0.0000,0.0000,0.0000,0.00,0.00,0.00,0.000000,0.000000,-0.09,1
39480,0.72,0.0,0.0,0.0,0.0000,0.0000,0.0000,0.0000,0.00,0.00,0.00,0.000000,0.000000,-0.09,1
39480,0.72,0.0,0.0,0.0,0.0000,0.0000,0.0000,0.0000,0.00,0.00,0.00,0.000000,0.000000,-0.09,1
39492,0.72,0.0,0.0,0.0,0.0000,0.0000,0.0000,0.0000,0.00,0.00,0.00,0.000000,0.000000,-0.09,1
39492,0.70,0.0,0.0,0.0,0.0000,0.0000,0.0000,0.0000,0.00,0.00,0.00,0.000000,0.000000,-0.09,1
39492,0.70,0.0,0.0,0.0,0.0000,0.0000,0.0000,0.0000,0.00,0.00,0.00,0.000000,0.000000,-0.09,1
39492,0.70,0.0,0.0,0.0,0.0000,0.0000,0.0000,0.0000,0.00,0.00,0.00,0.000000,0.000000,-0.09,1
39492,0.70,0.0,0.0,0.0,0.0000,0.0000,0.0000,0.0000,0.00,0.00,0.00,0.000000,0.000000,-0.09,1
39505,0.69,0.0,0.0,0.0,0.0000,0.0000,0.0000,0.0000,0.00,0.00,0.00,0.000000,0.000000,-0.09,1
39505,0.69,0.0,0.0,0.0,0.0000,0.0000,0.0000,0.0000,0.00,0.00,0.00,0.000000,0.000000,-0.09,1
39505,0.69,0.0,0.0,0.0,0.0000,0.0000,0.0000,0.0000,0.00,0.00,0.00,0.000000,0.000000,-0.09,1
39505,0.68,0.0,0.0,0.0,0.0000,0.0000,0.0000,0.0000,0.00,0.00,0.00,0.000000,0.000000,-0.09,1
39505,0.67,0.0,0.0,0.0,0.0000,0.0000,0.0000,0.0000,0.00,0.00,0.00,0.000000,0.000000,-0.09,1
39518,0.68,0.0,0.0,0.0,0.0000,0.0000,0.0000,0.0000,0.00,0.00,0.00,0.000000,0.000000,-0.09,1
39518,0.68,0.0,0.0,0.0,0.0000,0.0000,0.0000,0.0000,0.00,0.00,0.00,0.000000,0.000000,-0.09,1
39518,0.67,0.0,0.0,0.0,0.0000,0.0000,0.0000,0.0000,0.00,0.00,0.00,0.000000,0.000000,-0.09,1
39518,0.66,0.0,0.0,0.0,0.0000,0.0000,0.0000,0.0000,0.00,0.00,0.00,0.000000,0.000000,-0.09,1
39518,0.66,0.0,0.0,0.0,0.0000,0.0000,0.0000,0.0000,0.00,0.00,0.00,0.000000,0.000000,-0.09,1
39530,0.67,0.0,0.0,0.0,0.0000,0.0000,0.0000,0.0000,0.00,0.00,0.00,0.000000,0.000000,-0.09,1
39530,0.67,0.0,0.0,0.0,0.0000,0.0000,0.0000,0.0000,0.00,0.00,0.00,0.000000,0.000000,-0.09,1
39530,0.67,0.0,0.0,0.0,0.0000,0.0000,0.0000,0.0000,0.00,0.00,0.00,0.000000,0.000000,-0.09,1
39530,0.67,0.0,0.0,0.0,0.0000,0.0000,0.0000,0.0000,0.00,0.00,0.00,0.000000,0.000000,-0.09,1
39530,0.66,0.0,0.0,0.0,0.0000,0.0000,0.0000,0.0000,0.00,0.00,0.00,0.000000,0.000000,-0.09,1
39547,0.66,0.0,0.0,0.0,0.0000,0.0000,0.0000,0.0000,0.00,0.00,0.00,0.000000,0.000000,-0.09,1
39547,0.65,0.0,0.0,0.0,0.0000,0.0000,0.0000,0.0000,0.00,0.00,0.00,0.000000,0.000000,-0.09,1
39547,0.66,0.0,0.0,0.0,0.0000,0.0000,0.0000,0.0000,0.00,0.00,0.00,0.000000,0.000000,-0.09,1
39547,0.65,0.0,0.0,0.0,0.0000,0.0000,0.0000,0.0000,0.00,0.00,0.00,0.000000,0.000000,-0.09,1
39547,0.67,0.0,0.0,0.0,0.0000,0.0000,0.0000,0.0000,0.00,0.00,0.00,0.000000,0.000000,-0.09,1
39556,0.67,0.0,0.0,0.0,0.0000,0.0000,0.0000,0.0000,0.00,0.00,0.00,0.000000,0.000000,-0.09,1
39556,0.68,0.0,0.0,0.0,0.0000,0.0000,0.0000,0.0000,0.00,0.00,0.00,0.000000,0.000000,-0.09,1
39556,0.67,0.0,0.0,0.0,0.0000,0.0000,0.0000,0.0000,0.00,0.00,0.00,0.000000,0.000000,-0.09,1
39556,0.67,0.0,0.0,0.0,0.0000,0.0000,0.0000,0.0000,0.00,0.00,0.00,0.000000,0.000000,-0.09,1
39556,0.68,0.0,0.0,0.0,0.0000,0.0000,0.0000,0.0000,0.00,0.00,0.00,0.000000,0.000000,-0.09,1
39569,0.68,0.0,0.0,0.0,0.0000,0.0000,0.0000,0.0000,0.00,0.00,0.00,0.000000,0.000000,-0.09,1
39569,0.68,0.0,0.0,0.0,0.0000,0.0000,0.0000,0.0000,0.00,0.00,0.00,0.000000,0.000000,-0.09,1
39569,0.70,0.0,0.0,0.0,0.0000,0.0000,0.0000,0.0000,0.00,0.00,0.00,0.000000,0.000000,-0.09,1
39569,0.69,0.0,0.0,0.0,0.0000,0.0000,0.0000,0.0000,0.00,0.00,0.00,0.000000,0.000000,-0.09,1
39569,0.69,0.0,0.0,0.0,0.0000,0.0000,0.0000,0.0000,0.00,0.00,0.00,0.000000,0.000000,-0.09,1
39582,0.72,0.0,0.0,0.0,0.0000,0.0000,0.0000,0.0000,0.00,0.00,0.00,0.000000,0.000000,-0.09,1
39582,0.70,0.0,0.0,0.0,0.0000,0.0000,0.0000,0.0000,0.00,0.00,0.00,0.000000,0.000000,-0.09,1
39582,0.72,0.0,0.0,0.0,0.0000,0.0000,0.0000,0.0000,0.00,0.00,0.00,0.000000,0.000000,-0.09,1
39582,0.70,0.0,0.0,0.0,0.0000,0.0000,0.0000,0.0000,0.00,0.00,0.00,0.000000,0.000000,-0.09,1
39582,0.73,0.0,0.0,0.0,0.0000,0.0000,0.0000,0.0000,0.00,0.00,0.00,0.000000,0.000000,-0.09,1
39594,0.70,0.0,0.0,0.0,0.0000,0.0000,0.0000,0.0000,0.00,0.00,0.00,0.000000,0.000000,-0.09,1
39594,0.70,0.0,0.0,0.0,0.0000,0.0000,0.0000,0.0000,0.00,0.00,0.00,0.000000,0.000000,-0.09,1
39594,0.70,0.0,0.0,0.0,0.0000,0.0000,0.0000,0.0000,0.00,0.00,0.00,0.000000,0.000000,-0.09,1
39594,0.70,0.0,0.0,0.0,0.0000,0.0000,0.0000,0.0000,0.00,0.00,0.00,0.000000,0.000000,-0.09,1
39594,0.69,0.0,0.0,0.0,0.0000,0.0000,0.0000,0.0000,0.00,0.00,0.00,0.000000,0.000000,-0.09,1
39607,0.70,0.0,0.0,0.0,0.0000,0.0000,0.0000,0.0000,0.00,0.00,0.00,0.000000,0.000000,-0.09,1
39607,0.70,0.0,0.0,0.0,0.0000,0.0000,0.0000,0.0000,0.00,0.00,0.00,0.000000,0.000000,-0.09,1
39607,0.70,0.0,0.0,0.0,0.0000,0.0000,0.0000,0.0000,0.00,0.00,0.00,0.000000,0.000000,-0.09,1
39607,0.70,0.0,0.0,0.0,0.0000,0.0000,0.0000,0.0000,0.00,0.00,0.00,0.000000,0.000000,-0.09,1
39607,0.70,0.0,0.0,0.0,0.0000,0.0000,0.0000,0.0000,0.00,0.00,0.00,0.000000,0.000000,-0.09,1
39626,0.70,0.0,0.0,0.0,0.0000,0.0000,0.0000,0.0000,0.00,0.00,0.00,0.000000,0.000000,-0.09,1
39626,0.72,0.0,0.0,0.0,0.0000,0.0000,0.0000,0.0000,0.00,0.00,0.00,0.000000,0.000000,-0.09,1
39626,0.73,0.0,0.0,0.0,0.0000,0.0000,0.0000,0.0000,0.00,0.00,0.00,0.000000,0.000000,-0.09,1
39626,0.72,0.0,0.0,0.0,0.0000,0.0000,0.0000,0.0000,0.00,0.00,0.00,0.000000,0.000000,-0.09,1
39626,0.74,0.0,0.0,0.0,0.0000,0.0000,0.0000,0.0000,0.00,0.00,0.00,0.000000,0.000000,-0.09,1
39633,0.76,0.0,0.0,0.0,0.0000,0.0000,0.0000,0.0000,0.00,0.00,0.00,0.000000,0.000000,-0.09,1
39633,0.75,0.0,0.0,0.0,0.0000,0.0000,0.0000,0.0000,0.00,0.00,0.00,0.000000,0.000000,-0.09,1
39633,0.76,0.0,0.0,0.0,0.0000,0.0000,0.0000,0.0000,0.00,0.00,0.00,0.000000,0.000000,-0.09,1
39633,0.77,0.0,0.0,0.0,0.0000,0.0000,0.0000,0.0000,0.00,0.00,0.00,0.000000,0.000000,-0.09,1
39633,0.76,0.0,0.0,0.0,0.0000,0.0000,0.0000,0.0000,0.00,0.00,0.00,0.000000,0.000000,-0.09,1
39645,0.76,0.0,0.0,0.0,0.0000,0.0000,0.0000,0.0000,0.00,0.00,0.00,0.000000,0.000000,-0.09,1
39645,0.76,0.0,0.0,0.0,0.0000,0.0000,0.0000,0.0000,0.00,0.00,0.00,0.000000,0.000000,-0.09,1
39645,0.77,0.0,0.0,0.0,0.0000,0.0000,0.0000,0.0000,0.00,0.00,0.00,0.000000,0.000000,-0.09,1
39645,0.79,0.0,0.0,0.0,0.0000,0.0000,0.0000,0.0000,0.00,0.00,0.00,0.000000,0.000000,-0.09,1
39645,0.80,0.0,0.0,0.0,0.0000,0.0000,0.0000,0.0000,0.00,0.00,0.00,0.000000,0.000000,-0.09,1
39658,0.80,0.0,0.0,0.0,0.0000,0.0000,0.0000,0.0000,0.00,0.00,0.00,0.000000,0.000000,-0.09,1
39658,0.79,0.0,0.0,0.0,0.0000,0.0000,0.0000,0.0000,0.00,0.00,0.00,0.000000,0.000000,-0.09,1
39658,0.81,0.0,0.0,0.0,0.0000,0.0000,0.0000,0.0000,0.00,0.00,0.00,0.000000,0.000000,-0.09,1
39658,0.81,0.0,0.0,0.0,0.0000,0.0000,0.0000,0.0000,0.00,0.00,0.00,0.000000,0.000000,-0.09,1
39658,0.80,0.0,0.0,0.0,0.0000,0.0000,0.0000,0.0000,0.00,0.00,0.00,0.000000,0.000000,-0.09,1
39671,0.81,0.0,0.0,0.0,0.0000,0.0000,0.0000,0.0000,0.00,0.00,0.00,0.000000,0.000000,-0.09,1
39671,0.81,0.0,0.0,0.0,0.0000,0.0000,0.0000,0.0000,0.00,0.00,0.00,0.000000,0.000000,-0.09,1
39671,0.81,0.0,0.0,0.0,0.0000,0.0000,0.0000,0.0000,0.00,0.00,0.00,0.000000,0.000000,-0.09,1
39671,0.81,0.0,0.0,0.0,0.0000,0.0000,0.0000,0.0000,0.00,0.00,0.00,0.000000,0.000000,-0.09,1
39671,0.83,0.0,0.0,0.0,0.0000,0.0000,0.0000,0.0000,0.00,0.00,0.00,0.000000,0.000000,-0.09,1
39684,0.83,0.0,0.0,0.0,0.0000,0.0000,0.0000,0.0000,0.00,0.00,0.00,0.000000,0.000000,-0.09,1
39684,0.86,0.0,0.0,0.0,0.0000,0.0000,0.0000,0.0000,0.00,0.00,0.00,0.000000,0.000000,-0.09,1
39684,0.86,0.0,0.0,0.0,0.0000,0.0000,0.0000,0.0000,0.00,0.00,0.00,0.000000,0.000000,-0.09,1
39684,0.83,0.0,0.0,0.0,0.0000,0.0000,0.0000,0.0000,0.00,0.00,0.00,0.000000,0.000000,-0.09,1
39684,0.86,0.0,0.0,0.0,0.0000,0.0000,0.0000,0.0000,0.00,0.00,0.00,0.000000,0.000000,-0.09,1
39696,0.86,0.0,0.0,0.0,0.0000,0.0000,0.0000,0.0000,0.00,0.00,0.00,0.000000,0.000000,-0.09,1
39696,0.86,0.0,0.0,0.0,0.0000,0.0000,0.0000,0.0000,0.00,0.00,0.00,0.000000,0.000000,-0.09,1
39696,0.88,0.0,0.0,0.0,0.0000,0.0000,0.0000,0.0000,0.00,0.00,0.00,0.000000,0.000000,-0.09,1
39696,0.86,0.0,0.0,0.0,0.0000,0.0000,0.0000,0.0000,0.00,0.00,0.00,0.000000,0.000000,-0.09,1
39696,0.88,0.0,0.0,0.0,0.0000,0.0000,0.0000,0.0000,0.00,0.00,0.00,0.000000,0.000000,-0.09,1
39709,0.88,0.0,0.0,0.0,0.0000,0.0000,0.0000,0.0000,0.00,0.00,0.00,0.000000,0.000000,-0.09,1
39709,0.88,0.0,0.0,0.0,0.0000,0.0000,0.0000,0.0000,0.00,0.00,0.00,0.000000,0.000000,-0.09,1
39709,0.88,0.0,0.0,0.0,0.0000,0.0000,0.0000,0.0000,0.00,0.00,0.00,0.000000,0.000000,-0.09,1
39709,0.88,0.0,0.0,0.0,0.0000,0.0000,0.0000,0.0000,0.00,0.00,0.00,0.000000,0.000000,-0.09,1
39709,0.90,0.0,0.0,0.0,0.0000,0.0000,0.0000,0.0000,0.00,0.00,0.00,0.000000,0.000000,-0.09,1
39722,0.88,0.0,0.0,0.0,0.0000,0.0000,0.0000,0.0000,0.00,0.00,0.00,0.000000,0.000000,-0.09,1
39722,0.88,0.0,0.0,0.0,0.0000,0.0000,0.0000,0.0000,0.00,0.00,0.00,0.000000,0.000000,-0.09,1
39722,0.88,0.0,0.0,0.0,0.0000,0.0000,0.0000,0.0000,0.00,0.00,0.00,0.000000,0.000000,-0.09,1
39722,0.90,0.0,0.0,0.0,0.0000,0.0000,0.0000,0.0000,0.00,0.00,0.00,0.000000,0.000000,-0.09,1
39722,0.91,0.0,0.0,0.0,0.0000,0.0000,0.0000,0.0000,0.00,0.00,0.00,0.000000,0.000000,-0.09,1
39735,0.91,0.0,0.0,0.0,0.0000,0.0000,0.0000,0.0000,0.00,0.00,0.00,0.000000,0.000000,-0.09,1
39735,0.93,0.0,0.0,0.0,0.0000,0.0000,0.0000,0.0000,0.00,0.00,0.00,0.000000,0.000000,-0.09,1
39735,0.91,0.0,0.0,0.0,0.0000,0.0000,0.0000,0.0000,0.00,0.00,0.00,0.000000,0.000000,-0.09,1
39735,0.95,0.0,0.0,0.0,0.0000,0.0000,0.0000,0.0000,0.00,0.00,0.00,0.000000,0.000000,-0.09,1
39735,0.95,0.0,0.0,0.0,0.0000,0.0000,0.0000,0.0000,0.00,0.00,0.00,0.000000,0.000000,-0.09,1
39747,0.95,0.0,0.0,0.0,0.0000,0.0000,0.0000,0.0000,0.00,0.00,0.00,0.000000,0.000000,-0.08,1
39747,0.95,0.0,0.0,0.0,0.0000,0.0000,0.0000,0.0000,0.00,0.00,0.00,0.000000,0.000000,-0.08,1
39747,0.97,0.0,0.0,0.0,0.0000,0.0000,0.0000,0.0000,0.00,0.00,0.00,0.000000,0.000000,-0.08,1
39747,0.97,0.0,0.0,0.0,0.0000,0.0000,0.0000,0.0000,0.00,0.00,0.00,0.000000,0.000000,-0.08,1
39747,0.97,0.0,0.0,0.0,0.0000,0.0000,0.0000,0.0000,0.00,0.00,0.00,0.000000,0.000000,-0.08,1
39760,1.00,0.0,0.0,0.0,0.0000,0.0000,0.0000,0.0000,0.00,0.00,0.00,0.000000,0.000000,-0.08,1
39760,0.97,0.0,0.0,0.0,0.0000,0.0000,0.0000,0.0000,0.00,0.00,0.00,0.000000,0.000000,-0.08,1
39760,1.00,0.0,0.0,0.0,0.0000,0.0000,0.0000,0.0000,0.00,0.00,0.00,0.000000,0.000000,-0.08,1
39760,1.00,0.0,0.0,0.0,0.0000,0.0000,0.0000,0.0000,0.00,0.00,0.00,0.000000,0.000000,-0.08,1
39760,1.02,0.0,0.0,0.0,0.0000,0.0000,0.0000,0.0000,0.00,0.00,0.00,0.000000,0.000000,-0.08,1
39774,1.01,0.0,0.0,0.0,0.0000,0.0000,0.0000,0.0000,0.00,0.00,0.00,0.000000,0.000000,-0.08,1
39774,1.02,0.0,0.0,0.0,0.0000,0.0000,0.0000,0.0000,0.00,0.00,0.00,0.000000,0.000000,-0.08,1
39774,1.05,0.0,0.0,0.0,0.0000,0.0000,0.0000,0.0000,0.00,0.00,0.00,0.000000,0.000000,-0.08,1
39774,1.07,0.0,0.0,0.0,0.0000,0.0000,0.0000,0.0000,0.00,0.00,0.00,0.000000,0.000000,-0.08,1
39774,1.05,0.0,0.0,0.0,0.0000,0.0000,0.0000,0.0000,0.00,0.00,0.00,0.000000,0.000000,-0.08,1
39786,1.07,0.0,0.0,0.0,0.0000,0.0000,0.0000,0.0000,0.00,0.00,0.00,0.000000,0.000000,-0.08,1
39786,1.07,0.0,0.0,0.0,0.0000,0.0000,0.0000,0.0000,0.00,0.00,0.00,0.000000,0.000000,-0.08,1
39786,1.12,0.0,0.0,0.0,0.0000,0.0000,0.0000,0.0000,0.00,0.00,0.00,0.000000,0.000000,-0.08,1
39786,1.11,0.0,0.0,0.0,0.0000,0.0000,0.0000,0.0000,0.00,0.00,0.00,0.000000,0.000000,-0.08,1
39786,1.11,0.0,0.0,0.0,0.0000,0.0000,0.0000,0.0000,0.00,0.00,0.00,0.000000,0.000000,-0.08,1
39798,1.11,0.0,0.0,0.0,0.0000,0.0000,0.0000,0.0000,0.00,0.00,0.00,0.000000,0.000000,-0.08,1
39798,1.12,0.0,0.0,0.0,0.0000,0.0000,0.0000,0.0000,0.00,0.00,0.00,0.000000,0.000000,-0.08,1
39798,1.12,0.0,0.0,0.0,0.0000,0.0000,0.0000,0.0000,0.00,0.00,0.00,0.000000,0.000000,-0.08,1
39798,1.12,0.0,0.0,0.0,0.0000,0.0000,0.0000,0.0000,0.00,0.00,0.00,0.000000,0.000000,-0.08,1
39798,1.11,0.0,0.0,0.0,0.0000,0.0000,0.0000,0.0000,0.00,0.00,0.00,0.000000,0.000000,-0.08,1
39811,1.13,0.0,0.0,0.0,0.0000,0.0000,0.0000,0.0000,0.00,0.00,0.00,0.000000,0.000000,-0.08,1
39811,1.12,0.0,0.0,0.0,0.0000,0.0000,0.0000,0.0000,0.00,0.00,0.00,0.000000,0.000000,-0.08,1
39811,1.13,0.0,0.0,0.0,0.0000,0.0000,0.0000,0.0000,0.00,0.00,0.00,0.000000,0.000000,-0.08,1
39811,1.15,0.0,0.0,0.0,0.0000,0.0000,0.0000,0.0000,0.00,0.00,0.00,0.000000,0.000000,-0.08,1
39811,1.14,0.0,0.0,0.0,0.0000,0.0000,0.0000,0.0000,0.00,0.00,0.00,0.000000,0.000000,-0.08,1
39824,1.17,0.0,0.0,0.0,0.0000,0.0000,0.0000,0.0000,0.00,0.00,0.00,0.000000,0.000000,-0.08,1
39824,1.17,0.0,0.0,0.0,0.0000,0.0000,0.0000,0.0000,0.00,0.00,0.00,0.000000,0.000000,-0.08,1
39824,1.17,0.0,0.0,0.0,0.0000,0.0000,0.0000,0.0000,0.00,0.00,0.00,0.000000,0.000000,-0.08,1
39824,1.20,0.0,0.0,0.0,0.0000,0.0000,0.0000,0.0000,0.00,0.00,0.00,0.000000,0.000000,-0.08,1
39824,1.25,0.0,0.0,0.0,0.0000,0.0000,0.0000,0.0000,0.00,0.00,0.00,0.000000,0.000000,-0.08,1
39837,1.24,0.0,0.0,0.0,0.0000,0.0000,0.0000,0.0000,0.00,0.00,0.00,0.000000,0.000000,-0.08,1
39837,1.25,0.0,0.0,0.0,0.0000,0.0000,0.0000,0.0000,0.00,0.00,0.00,0.000000,0.000000,-0.08,1
39837,1.25,0.0,0.0,0.0,0.0000,0.0000,0.0000,0.0000,0.00,0.00,0.00,0.000000,0.000000,-0.08,1
39837,1.25,0.0,0.0,0.0,0.0000,0.0000,0.0000,0.0000,0.00,0.00,0.00,0.000000,0.000000,-0.08,1
39837,1.28,0.0,0.0,0.0,0.0000,0.0000,0.0000,0.0000,0.00,0.00,0.00,0.000000,0.000000,-0.08,1
39853,1.30,0.0,0.0,0.0,0.0000,0.0000,0.0000,0.0000,0.00,0.00,0.00,0.000000,0.000000,-0.08,1
39853,1.30,0.0,0.0,0.0,0.0000,0.0000,0.0000,0.0000,0.00,0.00,0.00,0.000000,0.000000,-0.08,1
39853,1.30,0.0,0.0,0.0,0.0000,0.0000,0.0000,0.0000,0.00,0.00,0.00,0.000000,0.000000,-0.08,1
39853,1.30,0.0,0.0,0.0,0.0000,0.0000,0.0000,0.0000,0.00,0.00,0.00,0.000000,0.000000,-0.08,1
39853,1.30,0.0,0.0,0.0,0.0000,0.0000,0.0000,0.0000,0.00,0.00,0.00,0.000000,0.000000,-0.08,1
39862,1.32,0.0,0.0,0.0,0.0000,0.0000,0.0000,0.0000,0.00,0.00,0.00,0.000000,0.000000,-0.08,1
39862,1.37,0.0,0.0,0.0,0.0000,0.0000,0.0000,0.0000,0.00,0.00,0.00,0.000000,0.000000,-0.08,1
39862,1.36,0.0,0.0,0.0,0.0000,0.0000,0.0000,0.0000,0.00,0.00,0.00,0.000000,0.000000,-0.08,1
39862,1.35,0.0,0.0,0.0,0.0000,0.0000,0.0000,0.0000,0.00,0.00,0.00,0.000000,0.000000,-0.08,1
39862,1.36,0.0,0.0,0.0,0.0000,0.0000,0.0000,0.0000,0.00,0.00,0.00,0.000000,0.000000,-0.08,1
39875,1.38,0.0,0.0,0.0,0.0000,0.0000,0.0000,0.0000,0.00,0.00,0.00,0.000000,0.000000,-0.09,1
39875,1.44,0.0,0.0,0.0,0.0000,0.0000,0.0000,0.0000,0.00,0.00,0.00,0.000000,0.000000,-0.09,1
39875,1.41,0.0,0.0,0.0,0.0000,0.0000,0.0000,0.0000,0.00,0.00,0.00,0.000000,0.000000,-0.09,1
39875,1.41,0.0,0.0,0.0,0.0000,0.0000,0.0000,0.0000,0.00,0.00,0.00,0.000000,0.000000,-0.09,1
39875,1.48,0.0,0.0,0.0,0.0000,0.0000,0.0000,0.0000,0.00,0.00,0.00,0.000000,0.000000,-0.09,1
39887,1.52,0.0,0.0,0.0,0.0000,0.0000,0.0000,0.0000,0.00,0.00,0.00,0.000000,0.000000,-0.09,1
39887,1.50,0.0,0.0,0.0,0.0000,0.0000,0.0000,0.0000,0.00,0.00,0.00,0.000000,0.000000,-0.09,1
39887,1.50,0.0,0.0,0.0,0.0000,0.0000,0.0000,0.0000,0.00,0.00,0.00,0.000000,0.000000,-0.09,1
39887,1.49,0.0,0.0,0.0,0.0000,0.0000,0.0000,0.0000,0.00,0.00,0.00,0.000000,0.000000,-0.09,1
39887,1.52,0.0,0.0,0.0,0.0000,0.0000,0.0000,0.0000,0.00,0.00,0.00,0.000000,0.000000,-0.09,1
39900,1.54,0.0,0.0,0.0,0.0000,0.0000,0.0000,0.0000,0.00,0.00,0.00,0.000000,0.000000,-0.09,1
39900,1.60,0.0,0.0,0.0,0.0000,0.0000,0.0000,0.0000,0.00,0.00,0.00,0.000000,0.000000,-0.09,1
39900,1.60,0.0,0.0,0.0,0.0000,0.0000,0.0000,0.0000,0.00,0.00,0.00,0.000000,0.000000,-0.09,1
39900,1.61,0.0,0.0,0.0,0.0000,0.0000,0.0000,0.0000,0.00,0.00,0.00,0.000000,0.000000,-0.09,1
39900,1.72,0.0,0.0,0.0,0.0000,0.0000,0.0000,0.0000,0.00,0.00,0.00,0.000000,0.000000,-0.09,1
39913,1.70,0.0,0.0,0.0,0.0000,0.0000,0.0000,0.0000,0.00,0.00,0.00,0.000000,0.000000,-0.09,1
39913,1.71,0.0,0.0,0.0,0.0000,0.0000,0.0000,0.0000,0.00,0.00,0.00,0.000000,0.000000,-0.09,1
39913,1.71,0.0,0.0,0.0,0.0000,0.0000,0.0000,0.0000,0.00,0.00,0.00,0.000000,0.000000,-0.09,1
39913,1.76,0.0,0.0,0.0,0.0000,0.0000,0.0000,0.0000,0.00,0.00,0.00,0.000000,0.000000,-0.09,1
39913,1.78,0.0,0.0,0.0,0.0000,0.0000,0.0000,0.0000,0.00,0.00,0.00,0.000000,0.000000,-0.09,1
39926,1.78,0.0,0.0,0.0,0.0000,0.0000,0.0000,0.0000,0.00,0.00,0.00,0.000000,0.000000,-0.09,1
39926,1.82,0.0,0.0,0.0,0.0000,0.0000,0.0000,0.0000,0.00,0.00,0.00,0.000000,0.000000,-0.09,1
39926,1.82,0.0,0.0,0.0,0.0000,0.0000,0.0000,0.0000,0.00,0.00,0.00,0.000000,0.000000,-0.09,1
39926,1.83,0.0,0.0,0.0,0.0000,0.0000,0.0000,0.0000,0.00,0.00,0.00,0.000000,0.000000,-0.09,1
39926,1.86,0.0,0.0,0.0,0.0000,0.0000,0.0000,0.0000,0.00,0.00,0.00,0.000000,0.000000,-0.09,1
39939,1.86,0.0,0.0,0.0,0.0000,0.0000,0.0000,0.0000,0.00,0.00,0.00,0.000000,0.000000,-0.09,1
39939,1.86,0.0,0.0,0.0,0.0000,0.0000,0.0000,0.0000,0.00,0.00,0.00,0.000000,0.000000,-0.09,1
39939,1.88,0.0,0.0,0.0,0.0000,0.0000,0.0000,0.0000,0.00,0.00,0.00,0.000000,0.000000,-0.09,1
39939,1.88,0.0,0.0,0.0,0.0000,0.0000,0.0000,0.0000,0.00,0.00,0.00,0.000000,0.000000,-0.09,1
39939,1.88,0.0,0.0,0.0,0.0000,0.0000,0.0000,0.0000,0.00,0.00,0.00,0.000000,0.000000,-0.09,1
39951,1.88,0.0,0.0,0.0,0.0000,0.0000,0.0000,0.0000,0.00,0.00,0.00,0.000000,0.000000,-0.09,1
39951,1.88,0.0,0.0,0.0,0.0000,0.0000,0.0000,0.0000,0.00,0.00,0.00,0.000000,0.000000,-0.09,1
39951,1.88,0.0,0.0,0.0,0.0000,0.0000,0.0000,0.0000,0.00,0.00,0.00,0.000000,0.000000,-0.09,1
39951,1.90,0.0,0.0,0.0,0.0000,0.0000,0.0000,0.0000,0.00,0.00,0.00,0.000000,0.000000,-0.09,1
39951,1.90,0.0,0.0,0.0,0.0000,0.0000,0.0000,0.0000,0.00,0.00,0.00,0.000000,0.000000,-0.09,1
39964,1.90,0.0,0.0,0.0,0.0000,0.0000,0.0000,0.0000,0.00,0.00,0.00,0.000000,0.000000,-0.09,1
39964,1.90,0.0,0.0,0.0,0.0000,0.0000,0.0000,0.0000,0.00,0.00,0.00,0.000000,0.000000,-0.09,1
39964,1.90,0.0,0.0,0.0,0.0000,0.0000,0.0000,0.0000,0.00,0.00,0.00,0.000000,0.000000,-0.09,1
39964,1.90,0.0,0.0,0.0,0.0000,0.0000,0.0000,0.0000,0.00,0.00,0.00,0.000000,0.000000,-0.09,1
39964,1.90,0.0,0.0,0.0,0.0000,0.0000,0.0000,0.0000,0.00,0.00,0.00,0.000000,0.000000,-0.09,1
39977,1.90,0.0,0.0,0.0,0.0000,0.0000,0.0000,0.0000,0.00,0.00,0.00,0.000000,0.000000,-0.09,1
39977,1.91,0.0,0.0,0.0,0.0000,0.0000,0.0000,0.0000,0.00,0.00,0.00,0.000000,0.000000,-0.09,1
39977,1.91,0.0,0.0,0.0,0.0000,0.0000,0.0000,0.0000,0.00,0.00,0.00,0.000000,0.000000,-0.09,1
39977,1.91,0.0,0.0,0.0,0.0000,0.0000,0.0000,0.0000,0.00,0.00,0.00,0.000000,0.000000,-0.09,1
39977,1.91,0.0,0.0,0.0,0.0000,0.0000,0.0000,0.0000,0.00,0.00,0.00,0.000000,0.000000,-0.09,1
39990,1.91,0.0,0.0,0.0,0.0000,0.0000,0.0000,0.0000,0.00,0.00,0.00,0.000000,0.000000,-0.09,1
39990,1.92,0.0,0.0,0.0,0.0000,0.0000,0.0000,0.0000,0.00,0.00,0.00,0.000000,0.000000,-0.09,1
39990,1.92,0.0,0.0,0.0,0.0000,0.0000,0.0000,0.0000,0.00,0.00,0.00,0.000000,0.000000,-0.09,1
39990,1.91,0.0,0.0,0.0,0.0000,0.0000,0.0000,0.0000,0.00,0.00,0.00,0.000000,0.000000,-0.09,1
39990,1.92,0.0,0.0,0.0,0.0000,0.0000,0.0000,0.0000,0.00,0.00,0.00,0.000000,0.000000,-0.09,1
40002,1.92,0.0,0.0,0.0,0.0000,0.0000,0.0000,0.0000,0.00,0.00,0.00,0.000000,0.000000,-0.09,1
40002,1.92,0.0,0.0,0.0,0.0000,0.0000,0.0000,0.0000,0.00,0.00,0.00,0.000000,0.000000,-0.09,1
40002,1.92,0.0,0.0,0.0,0.0000,0.0000,0.0000,0.0000,0.00,0.00,0.00,0.000000,0.000000,-0.09,1
40002,1.92,0.0,0.0,0.0,0.0000,0.0000,0.0000,0.0000,0.00,0.00,0.00,0.000000,0.000000,-0.09,1
40002,1.92,0.0,0.0,0.0,0.0000,0.0000,0.0000,0.0000,0.00,0.00,0.00,0.000000,0.000000,-0.09,1
40015,1.92,0.0,0.0,0.0,0.0000,0.0000,0.0000,0.0000,0.00,0.00,0.00,0.000000,0.000000,-0.09,1
40015,1.92,0.0,0.0,0.0,0.0000,0.0000,0.0000,0.0000,0.00,0.00,0.00,0.000000,0.000000,-0.09,1
40015,1.92,0.0,0.0,0.0,0.0000,0.0000,0.0000,0.0000,0.00,0.00,0.00,0.000000,0.000000,-0.09,1
40015,1.92,0.0,0.0,0.0,0.0000,0.0000,0.0000,0.0000,0.00,0.00,0.00,0.000000,0.000000,-0.09,1
40015,1.92,0.0,0.0,0.0,0.0000,0.0000,0.0000,0.0000,0.00,0.00,0.00,0.000000,0.000000,-0.09,1
40028,1.92,0.0,0.0,0.0,0.0000,0.0000,0.0000,0.0000,0.00,0.00,0.00,0.000000,0.000000,-0.09,1
40028,1.94,0.0,0.0,0.0,0.0000,0.0000,0.0000,0.0000,0.00,0.00,0.00,0.000000,0.000000,-0.09,1
40028,1.94,0.0,0.0,0.0,0.0000,0.0000,0.0000,0.0000,0.00,0.00,0.00,0.000000,0.000000,-0.09,1
40028,1.92,0.0,0.0,0.0,0.0000,0.0000,0.0000,0.0000,0.00,0.00,0.00,0.000000,0.000000,-0.09,1
40028,1.94,0.0,0.0,0.0,0.0000,0.0000,0.0000,0.0000,0.00,0.00,0.00,0.000000,0.000000,-0.09,1
40041,1.94,0.0,0.0,0.0,0.0000,0.0000,0.0000,0.0000,0.00,0.00,0.00,0.000000,0.000000,-0.09,1
40041,1.92,0.0,0.0,0.0,0.0000,0.0000,0.0000,0.0000,0.00,0.00,0.00,0.000000,0.000000,-0.09,1
40041,1.94,0.0,0.0,0.0,0.0000,0.0000,0.0000,0.0000,0.00,0.00,0.00,0.000000,0.000000,-0.09,1
40041,1.94,0.0,0.0,0.0,0.0000,0.0000,0.0000,0.0000,0.00,0.00,0.00,0.000000,0.000000,-0.09,1
40041,1.94,0.0,0.0,0.0,0.0000,0.0000,0.0000,0.0000,0.00,0.00,0.00,0.000000,0.000000,-0.09,1
40053,1.94,0.0,0.0,0.0,0.0000,0.0000,0.0000,0.0000,0.00,0.00,0.00,0.000000,0.000000,-0.09,1
40053,1.94,0.0,0.0,0.0,0.0000,0.0000,0.0000,0.0000,0.00,0.00,0.00,0.000000,0.000000,-0.09,1
40053,1.94,0.0,0.0,0.0,0.0000,0.0000,0.0000,0.0000,0.00,0.00,0.00,0.000000,0.000000,-0.09,1
40053,1.94,0.0,0.0,0.0,0.0000,0.0000,0.0000,0.0000,0.00,0.00,0.00,0.000000,0.000000,-0.09,1
40053,1.94,0.0,0.0,0.0,0.0000,0.0000,0.0000,0.0000,0.00,0.00,0.00,0.000000,0.000000,-0.09,1
40069,1.94,0.0,0.0,0.0,0.0000,0.0000,0.0000,0.0000,0.00,0.00,0.00,0.000000,0.000000,-0.09,1
40069,1.94,0.0,0.0,0.0,0.0000,0.0000,0.0000,0.0000,0.00,0.00,0.00,0.000000,0.000000,-0.09,1
40069,1.94,0.0,0.0,0.0,0.0000,0.0000,0.0000,0.0000,0.00,0.00,0.00,0.000000,0.000000,-0.09,1
40069,1.94,0.0,0.0,0.0,0.0000,0.0000,0.0000,0.0000,0.00,0.00,0.00,0.000000,0.000000,-0.09,1
40069,1.94,0.0,0.0,0.0,0.0000,0.0000,0.0000,0.0000,0.00,0.00,0.00,0.000000,0.000000,-0.09,1
40079,1.94,0.0,0.0,0.0,0.0000,0.0000,0.0000,0.0000,0.00,0.00,0.00,0.000000,0.000000,-0.09,1
40079,1.94,0.0,0.0,0.0,0.0000,0.0000,0.0000,0.0000,0.00,0.00,0.00,0.000000,0.000000,-0.09,1
40079,1.94,0.0,0.0,0.0,0.0000,0.0000,0.0000,0.0000,0.00,0.00,0.00,0.000000,0.000000,-0.09,1
40079,1.94,0.0,0.0,0.0,0.0000,0.0000,0.0000,0.0000,0.00,0.00,0.00,0.000000,0.000000,-0.09,1
40079,1.94,0.0,0.0,0.0,0.0000,0.0000,0.0000,0.0000,0.00,0.00,0.00,0.000000,0.000000,-0.09,1
40104,1.94,0.0,0.0,0.0,0.0000,0.0000,0.0000,0.0000,0.00,0.00,0.00,0.000000,0.000000,-0.08,1
40104,1.94,0.0,0.0,0.0,0.0000,0.0000,0.0000,0.0000,0.00,0.00,0.00,0.000000,0.000000,-0.08,1
40130,1.95,0.0,0.0,0.0,0.0000,0.0000,0.0000,0.0000,0.00,0.00,0.00,0.000000,0.000000,-0.08,1
40130,1.94,0.0,0.0,0.0,0.0000,0.0000,0.0000,0.0000,0.00,0.00,0.00,0.000000,0.000000,-0.08,1
40130,1.94,0.0,0.0,0.0,0.0000,0.0000,0.0000,0.0000,0.00,0.00,0.00,0.000000,0.000000,-0.08,1
40130,1.94,0.0,0.0,0.0,0.0000,0.0000,0.0000,0.0000,0.00,0.00,0.00,0.000000,0.000000,-0.08,1
40130,1.94,0.0,0.0,0.0,0.0000,0.0000,0.0000,0.0000,0.00,0.00,0.00,0.000000,0.000000,-0.08,1
40143,1.94,0.0,0.0,0.0,0.0000,0.0000,0.0000,0.0000,0.00,0.00,0.00,0.000000,0.000000,-0.08,1
40143,1.94,0.0,0.0,0.0,0.0000,0.0000,0.0000,0.0000,0.00,0.00,0.00,0.000000,0.000000,-0.08,1
40143,1.94,0.0,0.0,0.0,0.0000,0.0000,0.0000,0.0000,0.00,0.00,0.00,0.000000,0.000000,-0.08,1
40143,1.94,0.0,0.0,0.0,0.0000,0.0000,0.0000,0.0000,0.00,0.00,0.00,0.000000,0.000000,-0.08,1
40143,1.94,0.0,0.0,0.0,0.0000,0.0000,0.0000,0.0000,0.00,0.00,0.00,0.000000,0.000000,-0.08,1
40155,1.94,0.0,0.0,0.0,0.0000,0.0000,0.0000,0.0000,0.00,0.00,0.00,0.000000,0.000000,-0.08,1
40155,1.94,0.0,0.0,0.0,0.0000,0.0000,0.0000,0.0000,0.00,0.00,0.00,0.000000,0.000000,-0.08,1
40155,1.94,0.0,0.0,0.0,0.0000,0.0000,0.0000,0.0000,0.00,0.00,0.00,0.000000,0.000000,-0.08,1
40155,1.94,0.0,0.0,0.0,0.0000,0.0000,0.0000,0.0000,0.00,0.00,0.00,0.000000,0.000000,-0.08,1
40155,1.94,0.0,0.0,0.0,0.0000,0.0000,0.0000,0.0000,0.00,0.00,0.00,0.000000,0.000000,-0.08,1
40168,1.94,0.0,0.0,0.0,0.0000,0.0000,0.0000,0.0000,0.00,0.00,0.00,0.000000,0.000000,-0.08,1
40168,1.94,0.0,0.0,0.0,0.0000,0.0000,0.0000,0.0000,0.00,0.00,0.00,0.000000,0.000000,-0.08,1
40168,1.94,0.0,0.0,0.0,0.0000,0.0000,0.0000,0.0000,0.00,0.00,0.00,0.000000,0.000000,-0.08,1
40168,1.94,0.0,0.0,0.0,0.0000,0.0000,0.0000,0.0000,0.00,0.00,0.00,0.000000,0.000000,-0.08,1
40168,1.94,0.0,0.0,0.0,0.0000,0.0000,0.0000,0.0000,0.00,0.00,0.00,0.000000,0.000000,-0.08,1
40181,1.94,0.0,0.0,0.0,0.0000,0.0000,0.0000,0.0000,0.00,0.00,0.00,0.000000,0.000000,-0.08,1
40181,1.94,0.0,0.0,0.0,0.0000,0.0000,0.0000,0.0000,0.00,0.00,0.00,0.000000,0.000000,-0.08,1
40181,1.94,0.0,0.0,0.0,0.0000,0.0000,0.0000,0.0000,0.00,0.00,0.00,0.000000,0.000000,-0.08,1
40181,1.94,0.0,0.0,0.0,0.0000,0.0000,0.0000,0.0000,0.00,0.00,0.00,0.000000,0.000000,-0.08,1
40181,1.94,0.0,0.0,0.0,0.0000,0.0000,0.0000,0.0000,0.00,0.00,0.00,0.000000,0.000000,-0.08,1
40194,1.94,0.0,0.0,0.0,0.0000,0.0000,0.0000,0.0000,0.00,0.00,0.00,0.000000,0.000000,-0.08,1
40194,1.94,0.0,0.0,0.0,0.0000,0.0000,0.0000,0.0000,0.00,0.00,0.00,0.000000,0.000000,-0.08,1
40194,1.94,0.0,0.0,0.0,0.0000,0.0000,0.0000,0.0000,0.00,0.00,0.00,0.000000,0.000000,-0.08,1
40194,1.94,0.0,0.0,0.0,0.0000,0.0000,0.0000,0.0000,0.00,0.00,0.00,0.000000,0.000000,-0.08,1
40194,1.94,0.0,0.0,0.0,0.0000,0.0000,0.0000,0.0000,0.00,0.00,0.00,0.000000,0.000000,-0.08,1
40207,1.94,0.0,0.0,0.0,0.0000,0.0000,0.0000,0.0000,0.00,0.00,0.00,0.000000,0.000000,-0.08,1
40207,1.94,0.0,0.0,0.0,0.0000,0.0000,0.0000,0.0000,0.00,0.00,0.00,0.000000,0.000000,-0.08,1
40207,1.94,0.0,0.0,0.0,0.0000,0.0000,0.0000,0.0000,0.00,0.00,0.00,0.000000,0.000000,-0.08,1
40207,1.94,0.0,0.0,0.0,0.0000,0.0000,0.0000,0.0000,0.00,0.00,0.00,0.000000,0.000000,-0.08,1
40207,1.94,0.0,0.0,0.0,0.0000,0.0000,0.0000,0.0000,0.00,0.00,0.00,0.000000,0.000000,-0.08,1
40219,1.94,0.0,0.0,0.0,0.0000,0.0000,0.0000,0.0000,0.00,0.00,0.00,0.000000,0.000000,-0.08,1
40219,1.94,0.0,0.0,0.0,0.0000,0.0000,0.0000,0.0000,0.00,0.00,0.00,0.000000,0.000000,-0.08,1
40219,1.94,0.0,0.0,0.0,0.0000,0.0000,0.0000,0.0000,0.00,0.00,0.00,0.000000,0.000000,-0.08,1
40219,1.94,0.0,0.0,0.0,0.0000,0.0000,0.0000,0.0000,0.00,0.00,0.00,0.000000,0.000000,-0.08,1
40219,1.94,0.0,0.0,0.0,0.0000,0.0000,0.0000,0.0000,0.00,0.00,0.00,0.000000,0.000000,-0.08,1
40232,1.94,0.0,0.0,0.0,0.0000,0.0000,0.0000,0.0000,0.00,0.00,0.00,0.000000,0.000000,-0.08,1
40232,1.94,0.0,0.0,0.0,0.0000,0.0000,0.0000,0.0000,0.00,0.00,0.00,0.000000,0.000000,-0.08,1
40232,1.94,0.0,0.0,0.0,0.0000,0.0000,0.0000,0.0000,0.00,0.00,0.00,0.000000,0.000000,-0.08,1
40232,1.94,0.0,0.0,0.0,0.0000,0.0000,0.0000,0.0000,0.00,0.00,0.00,0.000000,0.000000,-0.08,1
40232,1.94,0.0,0.0,0.0,0.0000,0.0000,0.0000,0.0000,0.00,0.00,0.00,0.000000,0.000000,-0.08,1
40245,1.94,0.0,0.0,0.0,0.0000,0.0000,0.0000,0.0000,0.00,0.00,0.00,0.000000,0.000000,-0.08,1
40245,1.94,0.0,0.0,0.0,0.0000,0.0000,0.0000,0.0000,0.00,0.00,0.00,0.000000,0.000000,-0.08,1
40245,1.94,0.0,0.0,0.0,0.0000,0.0000,0.0000,0.0000,0.00,0.00,0.00,0.000000,0.000000,-0.08,1
40245,1.94,0.0,0.0,0.0,0.0000,0.0000,0.0000,0.0000,0.00,0.00,0.00,0.000000,0.000000,-0.08,1
40245,1.92,0.0,0.0,0.0,0.0000,0.0000,0.0000,0.0000,0.00,0.00,0.00,0.000000,0.000000,-0.08,1
40257,1.92,0.0,0.0,0.0,0.0000,0.0000,0.0000,0.0000,0.00,0.00,0.00,0.000000,0.000000,-0.08,1
40257,1.92,0.0,0.0,0.0,0.0000,0.0000,0.0000,0.0000,0.00,0.00,0.00,0.000000,0.000000,-0.08,1
40257,1.92,0.0,0.0,0.0,0.0000,0.0000,0.0000,0.0000,0.00,0.00,0.00,0.000000,0.000000,-0.08,1
40257,1.91,0.0,0.0,0.0,0.0000,0.0000,0.0000,0.0000,0.00,0.00,0.00,0.000000,0.000000,-0.08,1
40257,1.91,0.0,0.0,0.0,0.0000,0.0000,0.0000,0.0000,0.00,0.00,0.00,0.000000,0.000000,-0.08,1
40270,1.91,0.0,0.0,0.0,0.0000,0.0000,0.0000,0.0000,0.00,0.00,0.00,0.000000,0.000000,-0.08,1
40270,1.91,0.0,0.0,0.0,0.0000,0.0000,0.0000,0.0000,0.00,0.00,0.00,0.000000,0.000000,-0.08,1
40270,1.91,0.0,0.0,0.0,0.0000,0.0000,0.0000,0.0000,0.00,0.00,0.00,0.000000,0.000000,-0.08,1
40270,1.91,0.0,0.0,0.0,0.0000,0.0000,0.0000,0.0000,0.00,0.00,0.00,0.000000,0.000000,-0.08,1
40270,1.90,0.0,0.0,0.0,0.0000,0.0000,0.0000,0.0000,0.00,0.00,0.00,0.000000,0.000000,-0.08,1
40285,1.90,0.0,0.0,0.0,0.0000,0.0000,0.0000,0.0000,0.00,0.00,0.00,0.000000,0.000000,-0.08,1
40285,1.90,0.0,0.0,0.0,0.0000,0.0000,0.0000,0.0000,0.00,0.00,0.00,0.000000,0.000000,-0.08,1
40285,1.90,0.0,0.0,0.0,0.0000,0.0000,0.0000,0.0000,0.00,0.00,0.00,0.000000,0.000000,-0.08,1
40285,1.90,0.0,0.0,0.0,0.0000,0.0000,0.0000,0.0000,0.00,0.00,0.00,0.000000,0.000000,-0.08,1
40285,1.90,0.0,0.0,0.0,0.0000,0.0000,0.0000,0.0000,0.00,0.00,0.00,0.000000,0.000000,-0.08,1
40296,1.90,0.0,0.0,0.0,0.0000,0.0000,0.0000,0.0000,0.00,0.00,0.00,0.000000,0.000000,-0.08,1
40296,1.90,0.0,0.0,0.0,0.0000,0.0000,0.0000,0.0000,0.00,0.00,0.00,0.000000,0.000000,-0.08,1
40296,1.90,0.0,0.0,0.0,0.0000,0.0000,0.0000,0.0000,0.00,0.00,0.00,0.000000,0.000000,-0.08,1
40296,1.88,0.0,0.0,0.0,0.0000,0.0000,0.0000,0.0000,0.00,0.00,0.00,0.000000,0.000000,-0.08,1
40296,1.88,0.0,0.0,0.0,0.0000,0.0000,0.0000,0.0000,0.00,0.00,0.00,0.000000,0.000000,-0.08,1
40308,1.88,0.0,0.0,0.0,0.0000,0.0000,0.0000,0.0000,0.00,0.00,0.00,0.000000,0.000000,-0.08,1
40308,1.88,0.0,0.0,0.0,0.0000,0.0000,0.0000,0.0000,0.00,0.00,0.00,0.000000,0.000000,-0.08,1
40308,1.86,0.0,0.0,0.0,0.0000,0.0000,0.0000,0.0000,0.00,0.00,0.00,0.000000,0.000000,-0.08,1
40308,1.86,0.0,0.0,0.0,0.0000,0.0000,0.0000,0.0000,0.00,0.00,0.00,0.000000,0.000000,-0.08,1
40308,1.86,0.0,0.0,0.0,0.0000,0.0000,0.0000,0.0000,0.00,0.00,0.00,0.000000,0.000000,-0.08,1
40321,1.86,0.0,0.0,0.0,0.0000,0.0000,0.0000,0.0000,0.00,0.00,0.00,0.000000,0.000000,-0.08,1
40321,1.86,0.0,0.0,0.0,0.0000,0.0000,0.0000,0.0000,0.00,0.00,0.00,0.000000,0.000000,-0.08,1
40321,1.86,0.0,0.0,0.0,0.0000,0.0000,0.0000,0.0000,0.00,0.00,0.00,0.000000,0.000000,-0.08,1
40321,1.86,0.0,0.0,0.0,0.0000,0.0000,0.0000,0.0000,0.00,0.00,0.00,0.000000,0.000000,-0.08,1
40321,1.86,0.0,0.0,0.0,0.0000,0.0000,0.0000,0.0000,0.00,0.00,0.00,0.000000,0.000000,-0.08,1
40334,1.86,0.0,0.0,0.0,0.0000,0.0000,0.0000,0.0000,0.00,0.00,0.00,0.000000,0.000000,-0.08,1
40334,1.86,0.0,0.0,0.0,0.0000,0.0000,0.0000,0.0000,0.00,0.00,0.00,0.000000,0.000000,-0.08,1
40334,1.86,0.0,0.0,0.0,0.0000,0.0000,0.0000,0.0000,0.00,0.00,0.00,0.000000,0.000000,-0.08,1
40334,1.86,0.0,0.0,0.0,0.0000,0.0000,0.0000,0.0000,0.00,0.00,0.00,0.000000,0.000000,-0.08,1
40334,1.86,0.0,0.0,0.0,0.0000,0.0000,0.0000,0.0000,0.00,0.00,0.00,0.000000,0.000000,-0.08,1
40354,1.88,0.0,0.0,0.0,0.0000,0.0000,0.0000,0.0000,0.00,0.00,0.00,0.000000,0.000000,-0.08,1
40354,1.88,0.0,0.0,0.0,0.0000,0.0000,0.0000,0.0000,0.00,0.00,0.00,0.000000,0.000000,-0.08,1
40354,1.88,0.0,0.0,0.0,0.0000,0.0000,0.0000,0.0000,0.00,0.00,0.00,0.000000,0.000000,-0.08,1
40354,1.88,0.0,0.0,0.0,0.0000,0.0000,0.0000,0.0000,0.00,0.00,0.00,0.000000,0.000000,-0.08,1
40354,1.88,0.0,0.0,0.0,0.0000,0.0000,0.0000,0.0000,0.00,0.00,0.00,0.000000,0.000000,-0.08,1
40359,1.88,0.0,0.0,0.0,0.0000,0.0000,0.0000,0.0000,0.00,0.00,0.00,0.000000,0.000000,-0.08,1
40359,1.88,0.0,0.0,0.0,0.0000,0.0000,0.0000,0.0000,0.00,0.00,0.00,0.000000,0.000000,-0.08,1
40359,1.88,0.0,0.0,0.0,0.0000,0.0000,0.0000,0.0000,0.00,0.00,0.00,0.000000,0.000000,-0.08,1
40359,1.88,0.0,0.0,0.0,0.0000,0.0000,0.0000,0.0000,0.00,0.00,0.00,0.000000,0.000000,-0.08,1
40359,1.88,0.0,0.0,0.0,0.0000,0.0000,0.0000,0.0000,0.00,0.00,0.00,0.000000,0.000000,-0.08,1
40372,1.90,0.0,0.0,0.0,0.0000,0.0000,0.0000,0.0000,0.00,0.00,0.00,0.000000,0.000000,-0.08,1
40372,1.90,0.0,0.0,0.0,0.0000,0.0000,0.0000,0.0000,0.00,0.00,0.00,0.000000,0.000000,-0.08,1
40372,1.90,0.0,0.0,0.0,0.0000,0.0000,0.0000,0.0000,0.00,0.00,0.00,0.000000,0.000000,-0.08,1
40372,1.90,0.0,0.0,0.0,0.0000,0.0000,0.0000,0.0000,0.00,0.00,0.00,0.000000,0.000000,-0.08,1
40372,1.90,0.0,0.0,0.0,0.0000,0.0000,0.0000,0.0000,0.00,0.00,0.00,0.000000,0.000000,-0.08,1
40385,1.90,0.0,0.0,0.0,0.0000,0.0000,0.0000,0.0000,0.00,0.00,0.00,0.000000,0.000000,-0.08,1
40385,1.90,0.0,0.0,0.0,0.0000,0.0000,0.0000,0.0000,0.00,0.00,0.00,0.000000,0.000000,-0.08,1
40385,1.90,0.0,0.0,0.0,0.0000,0.0000,0.0000,0.0000,0.00,0.00,0.00,0.000000,0.000000,-0.08,1
40385,1.90,0.0,0.0,0.0,0.0000,0.0000,0.0000,0.0000,0.00,0.00,0.00,0.000000,0.000000,-0.08,1
40385,1.90,0.0,0.0,0.0,0.0000,0.0000,0.0000,0.0000,0.00,0.00,0.00,0.000000,0.000000,-0.08,1
40398,1.90,0.0,0.0,0.0,0.0000,0.0000,0.0000,0.0000,0.00,0.00,0.00,0.000000,0.000000,-0.08,1
40398,1.90,0.0,0.0,0.0,0.0000,0.0000,0.0000,0.0000,0.00,0.00,0.00,0.000000,0.000000,-0.08,1
40398,1.90,0.0,0.0,0.0,0.0000,0.0000,0.0000,0.0000,0.00,0.00,0.00,0.000000,0.000000,-0.08,1
40398,1.91,0.0,0.0,0.0,0.0000,0.0000,0.0000,0.0000,0.00,0.00,0.00,0.000000,0.000000,-0.08,1
40398,1.91,0.0,0.0,0.0,0.0000,0.0000,0.0000,0.0000,0.00,0.00,0.00,0.000000,0.000000,-0.08,1
40410,1.91,0.0,0.0,0.0,0.0000,0.0000,0.0000,0.0000,0.00,0.00,0.00,0.000000,0.000000,-0.08,1
40410,1.91,0.0,0.0,0.0,0.0000,0.0000,0.0000,0.0000,0.00,0.00,0.00,0.000000,0.000000,-0.08,1
40410,1.91,0.0,0.0,0.0,0.0000,0.0000,0.0000,0.0000,0.00,0.00,0.00,0.000000,0.000000,-0.08,1
40410,1.91,0.0,0.0,0.0,0.0000,0.0000,0.0000,0.0000,0.00,0.00,0.00,0.000000,0.000000,-0.08,1
40410,1.91,0.0,0.0,0.0,0.0000,0.0000,0.0000,0.0000,0.00,0.00,0.00,0.000000,0.000000,-0.08,1
40423,1.91,0.0,0.0,0.0,0.0000,0.0000,0.0000,0.0000,0.00,0.00,0.00,0.000000,0.000000,-0.08,1
40423,1.91,0.0,0.0,0.0,0.0000,0.0000,0.0000,0.0000,0.00,0.00,0.00,0.000000,0.000000,-0.08,1
40423,1.91,0.0,0.0,0.0,0.0000,0.0000,0.0000,0.0000,0.00,0.00,0.00,0.000000,0.000000,-0.08,1
40423,1.91,0.0,0.0,0.0,0.0000,0.0000,0.0000,0.0000,0.00,0.00,0.00,0.000000,0.000000,-0.08,1
40423,1.91,0.0,0.0,0.0,0.0000,0.0000,0.0000,0.0000,0.00,0.00,0.00,0.000000,0.000000,-0.08,1
40436,1.91,0.0,0.0,0.0,0.0000,0.0000,0.0000,0.0000,0.00,0.00,0.00,0.000000,0.000000,-0.08,1
40436,1.92,0.0,0.0,0.0,0.0000,0.0000,0.0000,0.0000,0.00,0.00,0.00,0.000000,0.000000,-0.08,1
40436,1.92,0.0,0.0,0.0,0.0000,0.0000,0.0000,0.0000,0.00,0.00,0.00,0.000000,0.000000,-0.08,1
40436,1.92,0.0,0.0,0.0,0.0000,0.0000,0.0000,0.0000,0.00,0.00,0.00,0.000000,0.000000,-0.08,1
40436,1.92,0.0,0.0,0.0,0.0000,0.0000,0.0000,0.0000,0.00,0.00,0.00,0.000000,0.000000,-0.08,1
40449,1.92,0.0,0.0,0.0,0.0000,0.0000,0.0000,0.0000,0.00,0.00,0.00,0.000000,0.000000,-0.08,1
40449,1.92,0.0,0.0,0.0,0.0000,0.0000,0.0000,0.0000,0.00,0.00,0.00,0.000000,0.000000,-0.08,1
40449,1.92,0.0,0.0,0.0,0.0000,0.0000,0.0000,0.0000,0.00,0.00,0.00,0.000000,0.000000,-0.08,1
40449,1.92,0.0,0.0,0.0,0.0000,0.0000,0.0000,0.0000,0.00,0.00,0.00,0.000000,0.000000,-0.08,1
40449,1.92,0.0,0.0,0.0,0.0000,0.0000,0.0000,0.0000,0.00,0.00,0.00,0.000000,0.000000,-0.08,1
40461,1.92,0.0,0.0,0.0,0.0000,0.0000,0.0000,0.0000,0.00,0.00,0.00,0.000000,0.000000,-0.08,1
40461,1.92,0.0,0.0,0.0,0.0000,0.0000,0.0000,0.0000,0.00,0.00,0.00,0.000000,0.000000,-0.08,1
40461,1.92,0.0,0.0,0.0,0.0000,0.0000,0.0000,0.0000,0.00,0.00,0.00,0.000000,0.000000,-0.08,1
40461,1.92,0.0,0.0,0.0,0.0000,0.0000,0.0000,0.0000,0.00,0.00,0.00,0.000000,0.000000,-0.08,1
40461,1.92,0.0,0.0,0.0,0.0000,0.0000,0.0000,0.0000,0.00,0.00,0.00,0.000000,0.000000,-0.08,1
40474,1.92,0.0,0.0,0.0,0.0000,0.0000,0.0000,0.0000,0.00,0.00,0.00,0.000000,0.000000,-0.08,1
40474,1.92,0.0,0.0,0.0,0.0000,0.0000,0.0000,0.0000,0.00,0.00,0.00,0.000000,0.000000,-0.08,1
40474,1.92,0.0,0.0,0.0,0.0000,0.0000,0.0000,0.0000,0.00,0.00,0.00,0.000000,0.000000,-0.08,1
40474,1.92,0.0,0.0,0.0,0.0000,0.0000,0.0000,0.0000,0.00,0.00,0.00,0.000000,0.000000,-0.08,1
40474,1.94,0.0,0.0,0.0,0.0000,0.0000,0.0000,0.0000,0.00,0.00,0.00,0.000000,0.000000,-0.08,1
40492,1.94,0.0,0.0,0.0,0.0000,0.0000,0.0000,0.0000,0.00,0.00,0.00,0.000000,0.000000,-0.08,1
40492,1.92,0.0,0.0,0.0,0.0000,0.0000,0.0000,0.0000,0.00,0.00,0.00,0.000000,0.000000,-0.08,1
40492,1.92,0.0,0.0,0.0,0.0000,0.0000,0.0000,0.0000,0.00,0.00,0.00,0.000000,0.000000,-0.08,1
40492,1.92,0.0,0.0,0.0,0.0000,0.0000,0.0000,0.0000,0.00,0.00,0.00,0.000000,0.000000,-0.08,1
40492,1.94,0.0,0.0,0.0,0.0000,0.0000,0.0000,0.0000,0.00,0.00,0.00,0.000000,0.000000,-0.08,1
40500,1.94,0.0,0.0,0.0,0.0000,0.0000,0.0000,0.0000,0.00,0.00,0.00,0.000000,0.000000,-0.08,1
40500,1.92,0.0,0.0,0.0,0.0000,0.0000,0.0000,0.0000,0.00,0.00,0.00,0.000000,0.000000,-0.08,1
40500,1.94,0.0,0.0,0.0,0.0000,0.0000,0.0000,0.0000,0.00,0.00,0.00,0.000000,0.000000,-0.08,1
40500,1.92,0.0,0.0,0.0,0.0000,0.0000,0.0000,0.0000,0.00,0.00,0.00,0.000000,0.000000,-0.08,1
40500,1.94,0.0,0.0,0.0,0.0000,0.0000,0.0000,0.0000,0.00,0.00,0.00,0.000000,0.000000,-0.08,1
40512,1.94,0.0,0.0,0.0,0.0000,0.0000,0.0000,0.0000,0.00,0.00,0.00,0.000000,0.000000,-0.08,1
40512,1.94,0.0,0.0,0.0,0.0000,0.0000,0.0000,0.0000,0.00,0.00,0.00,0.000000,0.000000,-0.08,1
40512,1.94,0.0,0.0,0.0,0.0000,0.0000,0.0000,0.0000,0.00,0.00,0.00,0.000000,0.000000,-0.08,1
40512,1.94,0.0,0.0,0.0,0.0000,0.0000,0.0000,0.0000,0.00,0.00,0.00,0.000000,0.000000,-0.08,1
40512,1.94,0.0,0.0,0.0,0.0000,0.0000,0.0000,0.0000,0.00,0.00,0.00,0.000000,0.000000,-0.08,1
40525,1.94,0.0,0.0,0.0,0.0000,0.0000,0.0000,0.0000,0.00,0.00,0.00,0.000000,0.000000,-0.08,1
40525,1.94,0.0,0.0,0.0,0.0000,0.0000,0.0000,0.0000,0.00,0.00,0.00,0.000000,0.000000,-0.08,1
40525,1.94,0.0,0.0,0.0,0.0000,0.0000,0.0000,0.0000,0.00,0.00,0.00,0.000000,0.000000,-0.08,1
40525,1.94,0.0,0.0,0.0,0.0000,0.0000,0.0000,0.0000,0.00,0.00,0.00,0.000000,0.000000,-0.08,1
40525,1.94,0.0,0.0,0.0,0.0000,0.0000,0.0000,0.0000,0.00,0.00,0.00,0.000000,0.000000,-0.08,1
40538,1.94,0.0,0.0,0.0,0.0000,0.0000,0.0000,0.0000,0.00,0.00,0.00,0.000000,0.000000,-0.08,1
40538,1.94,0.0,0.0,0.0,0.0000,0.0000,0.0000,0.0000,0.00,0.00,0.00,0.000000,0.000000,-0.08,1
40538,1.94,0.0,0.0,0.0,0.0000,0.0000,0.0000,0.0000,0.00,0.00,0.00,0.000000,0.000000,-0.08,1
40538,1.94,0.0,0.0,0.0,0.0000,0.0000,0.0000,0.0000,0.00,0.00,0.00,0.000000,0.000000,-0.08,1
40538,1.94,0.0,0.0,0.0,0.0000,0.0000,0.0000,0.0000,0.00,0.00,0.00,0.000000,0.000000,-0.08,1
40551,1.94,0.0,0.0,0.0,0.0000,0.0000,0.0000,0.0000,0.00,0.00,0.00,0.000000,0.000000,-0.08,1
40551,1.94,0.0,0.0,0.0,0.0000,0.0000,0.0000,0.0000,0.00,0.00,0.00,0.000000,0.000000,-0.08,1
40551,1.94,0.0,0.0,0.0,0.0000,0.0000,0.0000,0.0000,0.00,0.00,0.00,0.000000,0.000000,-0.08,1
40551,1.94,0.0,0.0,0.0,0.0000,0.0000,0.0000,0.0000,0.00,0.00,0.00,0.000000,0.000000,-0.08,1
40551,1.94,0.0,0.0,0.0,0.0000,0.0000,0.0000,0.0000,0.00,0.00,0.00,0.000000,0.000000,-0.08,1
40563,1.92,0.0,0.0,0.0,0.0000,0.0000,0.0000,0.0000,0.00,0.00,0.00,0.000000,0.000000,-0.08,1
40563,1.94,0.0,0.0,0.0,0.0000,0.0000,0.0000,0.0000,0.00,0.00,0.00,0.000000,0.000000,-0.08,1
40563,1.94,0.0,0.0,0.0,0.0000,0.0000,0.0000,0.0000,0.00,0.00,0.00,0.000000,0.000000,-0.08,1
40563,1.92,0.0,0.0,0.0,0.0000,0.0000,0.0000,0.0000,0.00,0.00,0.00,0.000000,0.000000,-0.08,1
40563,1.92,0.0,0.0,0.0,0.0000,0.0000,0.0000,0.0000,0.00,0.00,0.00,0.000000,0.000000,-0.08,1
40576,1.92,0.0,0.0,0.0,0.0000,0.0000,0.0000,0.0000,0.00,0.00,0.00,0.000000,0.000000,-0.08,1
40576,1.92,0.0,0.0,0.0,0.0000,0.0000,0.0000,0.0000,0.00,0.00,0.00,0.000000,0.000000,-0.08,1
40576,1.94,0.0,0.0,0.0,0.0000,0.0000,0.0000,0.0000,0.00,0.00,0.00,0.000000,0.000000,-0.08,1
40576,1.92,0.0,0.0,0.0,0.0000,0.0000,0.0000,0.0000,0.00,0.00,0.00,0.000000,0.000000,-0.08,1
40576,1.92,0.0,0.0,0.0,0.0000,0.0000,0.0000,0.0000,0.00,0.00,0.00,0.000000,0.000000,-0.08,1
40589,1.92,0.0,0.0,0.0,0.0000,0.0000,0.0000,0.0000,0.00,0.00,0.00,0.000000,0.000000,-0.08,1
40589,1.94,0.0,0.0,0.0,0.0000,0.0000,0.0000,0.0000,0.00,0.00,0.00,0.000000,0.000000,-0.08,1
40589,1.92,0.0,0.0,0.0,0.0000,0.0000,0.0000,0.0000,0.00,0.00,0.00,0.000000,0.000000,-0.08,1
40589,1.94,0.0,0.0,0.0,0.0000,0.0000,0.0000,0.0000,0.00,0.00,0.00,0.000000,0.000000,-0.08,1
40589,1.94,0.0,0.0,0.0,0.0000,0.0000,0.0000,0.0000,0.00,0.00,0.00,0.000000,0.000000,-0.08,1
40602,1.94,0.0,0.0,0.0,0.0000,0.0000,0.0000,0.0000,0.00,0.00,0.00,0.000000,0.000000,-0.08,1
40602,1.94,0.0,0.0,0.0,0.0000,0.0000,0.0000,0.0000,0.00,0.00,0.00,0.000000,0.000000,-0.08,1
40602,1.94,0.0,0.0,0.0,0.0000,0.0000,0.0000,0.0000,0.00,0.00,0.00,0.000000,0.000000,-0.08,1
40602,1.94,0.0,0.0,0.0,0.0000,0.0000,0.0000,0.0000,0.00,0.00,0.00,0.000000,0.000000,-0.08,1
40602,1.94,0.0,0.0,0.0,0.0000,0.0000,0.0000,0.0000,0.00,0.00,0.00,0.000000,0.000000,-0.08,1
40614,1.94,0.0,0.0,0.0,0.0000,0.0000,0.0000,0.0000,0.00,0.00,0.00,0.000000,0.000000,-0.08,1
40614,1.94,0.0,0.0,0.0,0.0000,0.0000,0.0000,0.0000,0.00,0.00,0.00,0.000000,0.000000,-0.08,1
40614,1.94,0.0,0.0,0.0,0.0000,0.0000,0.0000,0.0000,0.00,0.00,0.00,0.000000,0.000000,-0.08,1
40614,1.95,0.0,0.0,0.0,0.0000,0.0000,0.0000,0.0000,0.00,0.00,0.00,0.000000,0.000000,-0.08,1
40614,1.95,0.0,0.0,0.0,0.0000,0.0000,0.0000,0.0000,0.00,0.00,0.00,0.000000,0.000000,-0.08,1
40627,1.95,0.0,0.0,0.0,0.0000,0.0000,0.0000,0.0000,0.00,0.00,0.00,0.000000,0.000000,-0.08,1
40627,1.95,0.0,0.0,0.0,0.0000,0.0000,0.0000,0.0000,0.00,0.00,0.00,0.000000,0.000000,-0.08,1
40627,1.96,0.0,0.0,0.0,0.0000,0.0000,0.0000,0.0000,0.00,0.00,0.00,0.000000,0.000000,-0.08,1
40627,1.97,0.0,0.0,0.0,0.0000,0.0000,0.0000,0.0000,0.00,0.00,0.00,0.000000,0.000000,-0.08,1
40627,1.98,0.0,0.0,0.0,0.0000,0.0000,0.0000,0.0000,0.00,0.00,0.00,0.000000,0.000000,-0.08,1
40640,2.02,0.0,0.0,0.0,0.0000,0.0000,0.0000,0.0000,0.00,0.00,0.00,0.000000,0.000000,-0.08,1
40640,2.06,0.0,0.0,0.0,0.0000,0.0000,0.0000,0.0000,0.00,0.00,0.00,0.000000,0.000000,-0.08,1
40640,2.13,0.0,0.0,0.0,0.0000,0.0000,0.0000,0.0000,0.00,0.00,0.00,0.000000,0.000000,-0.08,1
40640,2.19,0.0,0.0,0.0,0.0000,0.0000,0.0000,0.0000,0.00,0.00,0.00,0.000000,0.000000,-0.08,1
40640,2.25,0.0,0.0,0.0,0.0000,0.0000,0.0000,0.0000,0.00,0.00,0.00,0.000000,0.000000,-0.08,1
40653,2.28,0.0,0.0,0.0,0.0000,0.0000,0.0000,0.0000,0.00,0.00,0.00,0.000000,0.000000,-0.08,1
40653,2.32,0.0,0.0,0.0,0.0000,0.0000,0.0000,0.0000,0.00,0.00,0.00,0.000000,0.000000,-0.08,1
40653,2.36,0.0,0.0,0.0,0.0000,0.0000,0.0000,0.0000,0.00,0.00,0.00,0.000000,0.000000,-0.08,1
40653,2.41,0.0,0.0,0.0,0.0000,0.0000,0.0000,0.0000,0.00,0.00,0.00,0.000000,0.000000,-0.08,1
40653,2.43,0.0,0.0,0.0,0.0000,0.0000,0.0000,0.0000,0.00,0.00,0.00,0.000000,0.000000,-0.08,1
40665,2.45,0.0,0.0,0.0,0.0000,0.0000,0.0000,0.0000,0.00,0.00,0.00,0.000000,0.000000,-0.08,1
40665,2.46,0.0,0.0,0.0,0.0000,0.0000,0.0000,0.0000,0.00,0.00,0.00,0.000000,0.000000,-0.08,1
40665,2.46,0.0,0.0,0.0,0.0000,0.0000,0.0000,0.0000,0.00,0.00,0.00,0.000000,0.000000,-0.08,1
40665,2.45,0.0,0.0,0.0,0.0000,0.0000,0.0000,0.0000,0.00,0.00,0.00,0.000000,0.000000,-0.08,1
40665,2.43,0.0,0.0,0.0,0.0000,0.0000,0.0000,0.0000,0.00,0.00,0.00,0.000000,0.000000,-0.08,1
40678,2.41,0.0,0.0,0.0,0.0000,0.0000,0.0000,0.0000,0.00,0.00,0.00,0.000000,0.000000,-0.08,1
40678,2.38,0.0,0.0,0.0,0.0000,0.0000,0.0000,0.0000,0.00,0.00,0.00,0.000000,0.000000,-0.08,1
40678,2.32,0.0,0.0,0.0,0.0000,0.0000,0.0000,0.0000,0.00,0.00,0.00,0.000000,0.000000,-0.08,1
40678,2.27,0.0,0.0,0.0,0.0000,0.0000,0.0000,0.0000,0.00,0.00,0.00,0.000000,0.000000,-0.08,1
40678,2.23,0.0,0.0,0.0,0.0000,0.0000,0.0000,0.0000,0.00,0.00,0.00,0.000000,0.000000,-0.08,1
40691,2.16,0.0,0.0,0.0,0.0000,0.0000,0.0000,0.0000,0.00,0.00,0.00,0.000000,0.000000,-0.08,1
40691,2.08,0.0,0.0,0.0,0.0000,0.0000,0.0000,0.0000,0.00,0.00,0.00,0.000000,0.000000,-0.08,1
40691,2.02,0.0,0.0,0.0,0.0000,0.0000,0.0000,0.0000,0.00,0.00,0.00,0.000000,0.000000,-0.08,1
40691,1.98,0.0,0.0,0.0,0.0000,0.0000,0.0000,0.0000,0.00,0.00,0.00,0.000000,0.000000,-0.08,1
40691,1.96,0.0,0.0,0.0,0.0000,0.0000,0.0000,0.0000,0.00,0.00,0.00,0.000000,0.000000,-0.08,1
40709,1.94,0.0,0.0,0.0,0.0000,0.0000,0.0000,0.0000,0.00,0.00,0.00,0.000000,0.000000,-0.08,1
40716,1.91,0.0,0.0,0.0,0.0000,0.0000,0.0000,0.0000,0.00,0.00,0.00,0.000000,0.000000,-0.08,1
40716,1.91,0.0,0.0,0.0,0.0000,0.0000,0.0000,0.0000,0.00,0.00,0.00,0.000000,0.000000,-0.08,1
40716,1.91,0.0,0.0,0.0,0.0000,0.0000,0.0000,0.0000,0.00,0.00,0.00,0.000000,0.000000,-0.08,1
40716,1.91,0.0,0.0,0.0,0.0000,0.0000,0.0000,0.0000,0.00,0.00,0.00,0.000000,0.000000,-0.08,1
40716,1.91,0.0,0.0,0.0,0.0000,0.0000,0.0000,0.0000,0.00,0.00,0.00,0.000000,0.000000,-0.08,1
40755,1.91,0.0,0.0,0.0,0.0000,0.0000,0.0000,0.0000,0.00,0.00,0.00,0.000000,0.000000,-0.08,1
40755,1.91,0.0,0.0,0.0,0.0000,0.0000,0.0000,0.0000,0.00,0.00,0.00,0.000000,0.000000,-0.08,1
40755,1.91,0.0,0.0,0.0,0.0000,0.0000,0.0000,0.0000,0.00,0.00,0.00,0.000000,0.000000,-0.08,1
40755,1.91,0.0,0.0,0.0,0.0000,0.0000,0.0000,0.0000,0.00,0.00,0.00,0.000000,0.000000,-0.08,1
40755,1.91,0.0,0.0,0.0,0.0000,0.0000,0.0000,0.0000,0.00,0.00,0.00,0.000000,0.000000,-0.08,1
40767,1.91,0.0,0.0,0.0,0.0000,0.0000,0.0000,0.0000,0.00,0.00,0.00,0.000000,0.000000,-0.08,1
40767,1.91,0.0,0.0,0.0,0.0000,0.0000,0.0000,0.0000,0.00,0.00,0.00,0.000000,0.000000,-0.08,1
40767,1.91,0.0,0.0,0.0,0.0000,0.0000,0.0000,0.0000,0.00,0.00,0.00,0.000000,0.000000,-0.08,1
40767,1.91,0.0,0.0,0.0,0.0000,0.0000,0.0000,0.0000,0.00,0.00,0.00,0.000000,0.000000,-0.08,1
40767,1.91,0.0,0.0,0.0,0.0000,0.0000,0.0000,0.0000,0.00,0.00,0.00,0.000000,0.000000,-0.08,1
40780,1.91,0.0,0.0,0.0,0.0000,0.0000,0.0000,0.0000,0.00,0.00,0.00,0.000000,0.000000,-0.09,1
40780,1.91,0.0,0.0,0.0,0.0000,0.0000,0.0000,0.0000,0.00,0.00,0.00,0.000000,0.000000,-0.09,1
40780,1.91,0.0,0.0,0.0,0.0000,0.0000,0.0000,0.0000,0.00,0.00,0.00,0.000000,0.000000,-0.09,1
40780,1.91,0.0,0.0,0.0,0.0000,0.0000,0.0000,0.0000,0.00,0.00,0.00,0.000000,0.000000,-0.09,1
40780,1.91,0.0,0.0,0.0,0.0000,0.0000,0.0000,0.0000,0.00,0.00,0.00,0.000000,0.000000,-0.09,1
40793,1.91,0.0,0.0,0.0,0.0000,0.0000,0.0000,0.0000,0.00,0.00,0.00,0.000000,0.000000,-0.09,1
40793,1.90,0.0,0.0,0.0,0.0000,0.0000,0.0000,0.0000,0.00,0.00,0.00,0.000000,0.000000,-0.09,1
40793,1.90,0.0,0.0,0.0,0.0000,0.0000,0.0000,0.0000,0.00,0.00,0.00,0.000000,0.000000,-0.09,1
40793,1.90,0.0,0.0,0.0,0.0000,0.0000,0.0000,0.0000,0.00,0.00,0.00,0.000000,0.000000,-0.09,1
40793,1.90,0.0,0.0,0.0,0.0000,0.0000,0.0000,0.0000,0.00,0.00,0.00,0.000000,0.000000,-0.09,1
40806,1.90,0.0,0.0,0.0,0.0000,0.0000,0.0000,0.0000,0.00,0.00,0.00,0.000000,0.000000,-0.09,1
40806,1.90,0.0,0.0,0.0,0.0000,0.0000,0.0000,0.0000,0.00,0.00,0.00,0.000000,0.000000,-0.09,1
40806,1.90,0.0,0.0,0.0,0.0000,0.0000,0.0000,0.0000,0.00,0.00,0.00,0.000000,0.000000,-0.09,1
40806,1.90,0.0,0.0,0.0,0.0000,0.0000,0.0000,0.0000,0.00,0.00,0.00,0.000000,0.000000,-0.09,1
40806,1.90,0.0,0.0,0.0,0.0000,0.0000,0.0000,0.0000,0.00,0.00,0.00,0.000000,0.000000,-0.09,1
40818,1.90,0.0,0.0,0.0,0.0000,0.0000,0.0000,0.0000,0.00,0.00,0.00,0.000000,0.000000,-0.09,1
40818,1.90,0.0,0.0,0.0,0.0000,0.0000,0.0000,0.0000,0.00,0.00,0.00,0.000000,0.000000,-0.09,1
40818,1.90,0.0,0.0,0.0,0.0000,0.0000,0.0000,0.0000,0.00,0.00,0.00,0.000000,0.000000,-0.09,1
40818,1.90,0.0,0.0,0.0,0.0000,0.0000,0.0000,0.0000,0.00,0.00,0.00,0.000000,0.000000,-0.09,1
40818,1.90,0.0,0.0,0.0,0.0000,0.0000,0.0000,0.0000,0.00,0.00,0.00,0.000000,0.000000,-0.09,1
40831,1.90,0.0,0.0,0.0,0.0000,0.0000,0.0000,0.0000,0.00,0.00,0.00,0.000000,0.000000,-0.09,1
40831,1.90,0.0,0.0,0.0,0.0000,0.0000,0.0000,0.0000,0.00,0.00,0.00,0.000000,0.000000,-0.09,1
40831,1.90,0.0,0.0,0.0,0.0000,0.0000,0.0000,0.0000,0.00,0.00,0.00,0.000000,0.000000,-0.09,1
40831,1.90,0.0,0.0,0.0,0.0000,0.0000,0.0000,0.0000,0.00,0.00,0.00,0.000000,0.000000,-0.09,1
40831,1.90,0.0,0.0,0.0,0.0000,0.0000,0.0000,0.0000,0.00,0.00,0.00,0.000000,0.000000,-0.09,1
40844,1.90,0.0,0.0,0.0,0.0000,0.0000,0.0000,0.0000,0.00,0.00,0.00,0.000000,0.000000,-0.09,1
40844,1.90,0.0,0.0,0.0,0.0000,0.0000,0.0000,0.0000,0.00,0.00,0.00,0.000000,0.000000,-0.09,1
40844,1.90,0.0,0.0,0.0,0.0000,0.0000,0.0000,0.0000,0.00,0.00,0.00,0.000000,0.000000,-0.09,1
40844,1.90,0.0,0.0,0.0,0.0000,0.0000,0.0000,0.0000,0.00,0.00,0.00,0.000000,0.000000,-0.09,1
40844,1.90,0.0,0.0,0.0,0.0000,0.0000,0.0000,0.0000,0.00,0.00,0.00,0.000000,0.000000,-0.09,1
40857,1.90,0.0,0.0,0.0,0.0000,0.0000,0.0000,0.0000,0.00,0.00,0.00,0.000000,0.000000,-0.09,1
40857,1.90,0.0,0.0,0.0,0.0000,0.0000,0.0000,0.0000,0.00,0.00,0.00,0.000000,0.000000,-0.09,1
40857,1.90,0.0,0.0,0.0,0.0000,0.0000,0.0000,0.0000,0.00,0.00,0.00,0.000000,0.000000,-0.09,1
40857,1.90,0.0,0.0,0.0,0.0000,0.0000,0.0000,0.0000,0.00,0.00,0.00,0.000000,0.000000,-0.09,1
40857,1.90,0.0,0.0,0.0,0.0000,0.0000,0.0000,0.0000,0.00,0.00,0.00,0.000000,0.000000,-0.09,1
40869,1.90,0.0,0.0,0.0,0.0000,0.0000,0.0000,0.0000,0.00,0.00,0.00,0.000000,0.000000,-0.09,1
40869,1.90,0.0,0.0,0.0,0.0000,0.0000,0.0000,0.0000,0.00,0.00,0.00,0.000000,0.000000,-0.09,1
40869,1.90,0.0,0.0,0.0,0.0000,0.0000,0.0000,0.0000,0.00,0.00,0.00,0.000000,0.000000,-0.09,1
40869,1.90,0.0,0.0,0.0,0.0000,0.0000,0.0000,0.0000,0.00,0.00,0.00,0.000000,0.000000,-0.09,1
40869,1.90,0.0,0.0,0.0,0.0000,0.0000,0.0000,0.0000,0.00,0.00,0.00,0.000000,0.000000,-0.09,1
40882,1.90,0.0,0.0,0.0,0.0000,0.0000,0.0000,0.0000,0.00,0.00,0.00,0.000000,0.000000,-0.09,1
40882,1.90,0.0,0.0,0.0,0.0000,0.0000,0.0000,0.0000,0.00,0.00,0.00,0.000000,0.000000,-0.09,1
40882,1.90,0.0,0.0,0.0,0.0000,0.0000,0.0000,0.0000,0.00,0.00,0.00,0.000000,0.000000,-0.09,1
40882,1.90,0.0,0.0,0.0,0.0000,0.0000,0.0000,0.0000,0.00,0.00,0.00,0.000000,0.000000,-0.09,1
40882,1.90,0.0,0.0,0.0,0.0000,0.0000,0.0000,0.0000,0.00,0.00,0.00,0.000000,0.000000,-0.09,1
40895,1.90,0.0,0.0,0.0,0.0000,0.0000,0.0000,0.0000,0.00,0.00,0.00,0.000000,0.000000,-0.09,1
40895,1.90,0.0,0.0,0.0,0.0000,0.0000,0.0000,0.0000,0.00,0.00,0.00,0.000000,0.000000,-0.09,1
40895,1.90,0.0,0.0,0.0,0.0000,0.0000,0.0000,0.0000,0.00,0.00,0.00,0.000000,0.000000,-0.09,1
40895,1.90,0.0,0.0,0.0,0.0000,0.0000,0.0000,0.0000,0.00,0.00,0.00,0.000000,0.000000,-0.09,1
40895,1.90,0.0,0.0,0.0,0.0000,0.0000,0.0000,0.0000,0.00,0.00,0.00,0.000000,0.000000,-0.09,1
40908,1.90,0.0,0.0,0.0,0.0000,0.0000,0.0000,0.0000,0.00,0.00,0.00,0.000000,0.000000,-0.09,1
40908,1.90,0.0,0.0,0.0,0.0000,0.0000,0.0000,0.0000,0.00,0.00,0.00,0.000000,0.000000,-0.09,1
40908,1.90,0.0,0.0,0.0,0.0000,0.0000,0.0000,0.0000,0.00,0.00,0.00,0.000000,0.000000,-0.09,1
40908,1.88,0.0,0.0,0.0,0.0000,0.0000,0.0000,0.0000,0.00,0.00,0.00,0.000000,0.000000,-0.09,1
40908,1.88,0.0,0.0,0.0,0.0000,0.0000,0.0000,0.0000,0.00,0.00,0.00,0.000000,0.000000,-0.09,1
40924,1.88,0.0,0.0,0.0,0.0000,0.0000,0.0000,0.0000,0.00,0.00,0.00,0.000000,0.000000,-0.09,1
40924,1.88,0.0,0.0,0.0,0.0000,0.0000,0.0000,0.0000,0.00,0.00,0.00,0.000000,0.000000,-0.09,1
40924,1.88,0.0,0.0,0.0,0.0000,0.0000,0.0000,0.0000,0.00,0.00,0.00,0.000000,0.000000,-0.09,1
40924,1.88,0.0,0.0,0.0,0.0000,0.0000,0.0000,0.0000,0.00,0.00,0.00,0.000000,0.000000,-0.09,1
40924,1.88,0.0,0.0,0.0,0.0000,0.0000,0.0000,0.0000,0.00,0.00,0.00,0.000000,0.000000,-0.09,1
40933,1.88,0.0,0.0,0.0,0.0000,0.0000,0.0000,0.0000,0.00,0.00,0.00,0.000000,0.000000,-0.09,1
40933,1.88,0.0,0.0,0.0,0.0000,0.0000,0.0000,0.0000,0.00,0.00,0.00,0.000000,0.000000,-0.09,1
40933,1.88,0.0,0.0,0.0,0.0000,0.0000,0.0000,0.0000,0.00,0.00,0.00,0.000000,0.000000,-0.09,1
40933,1.88,0.0,0.0,0.0,0.0000,0.0000,0.0000,0.0000,0.00,0.00,0.00,0.000000,0.000000,-0.09,1
40933,1.88,0.0,0.0,0.0,0.0000,0.0000,0.0000,0.0000,0.00,0.00,0.00,0.000000,0.000000,-0.09,1
40946,1.88,0.0,0.0,0.0,0.0000,0.0000,0.0000,0.0000,0.00,0.00,0.00,0.000000,0.000000,-0.08,1
40946,1.88,0.0,0.0,0.0,0.0000,0.0000,0.0000,0.0000,0.00,0.00,0.00,0.000000,0.000000,-0.08,1
40946,1.88,0.0,0.0,0.0,0.0000,0.0000,0.0000,0.0000,0.00,0.00,0.00,0.000000,0.000000,-0.08,1
40946,1.88,0.0,0.0,0.0,0.0000,0.0000,0.0000,0.0000,0.00,0.00,0.00,0.000000,0.000000,-0.08,1
40946,1.88,0.0,0.0,0.0,0.0000,0.0000,0.0000,0.0000,0.00,0.00,0.00,0.000000,0.000000,-0.08,1
40959,1.88,0.0,0.0,0.0,0.0000,0.0000,0.0000,0.0000,0.00,0.00,0.00,0.000000,0.000000,-0.08,1
40959,1.88,0.0,0.0,0.0,0.0000,0.0000,0.0000,0.0000,0.00,0.00,0.00,0.000000,0.000000,-0.08,1
40959,1.88,0.0,0.0,0.0,0.0000,0.0000,0.0000,0.0000,0.00,0.00,0.00,0.000000,0.000000,-0.08,1
40959,1.88,0.0,0.0,0.0,0.0000,0.0000,0.0000,0.0000,0.00,0.00,0.00,0.000000,0.000000,-0.08,1
40959,1.88,0.0,0.0,0.0,0.0000,0.0000,0.0000,0.0000,0.00,0.00,0.00,0.000000,0.000000,-0.08,1
40971,1.88,0.0,0.0,0.0,0.0000,0.0000,0.0000,0.0000,0.00,0.00,0.00,0.000000,0.000000,-0.08,1
40971,1.88,0.0,0.0,0.0,0.0000,0.0000,0.0000,0.0000,0.00,0.00,0.00,0.000000,0.000000,-0.08,1
40971,1.88,0.0,0.0,0.0,0.0000,0.0000,0.0000,0.0000,0.00,0.00,0.00,0.000000,0.000000,-0.08,1
40971,1.88,0.0,0.0,0.0,0.0000,0.0000,0.0000,0.0000,0.00,0.00,0.00,0.000000,0.000000,-0.08,1
40971,1.90,0.0,0.0,0.0,0.0000,0.0000,0.0000,0.0000,0.00,0.00,0.00,0.000000,0.000000,-0.08,1
40984,1.90,0.0,0.0,0.0,0.0000,0.0000,0.0000,0.0000,0.00,0.00,0.00,0.000000,0.000000,-0.08,1
40984,1.90,0.0,0.0,0.0,0.0000,0.0000,0.0000,0.0000,0.00,0.00,0.00,0.000000,0.000000,-0.08,1
40984,1.90,0.0,0.0,0.0,0.0000,0.0000,0.0000,0.0000,0.00,0.00,0.00,0.000000,0.000000,-0.08,1
40984,1.90,0.0,0.0,0.0,0.0000,0.0000,0.0000,0.0000,0.00,0.00,0.00,0.000000,0.000000,-0.08,1
40984,1.90,0.0,0.0,0.0,0.0000,0.0000,0.0000,0.0000,0.00,0.00,0.00,0.000000,0.000000,-0.08,1
40997,1.90,0.0,0.0,0.0,0.0000,0.0000,0.0000,0.0000,0.00,0.00,0.00,0.000000,0.000000,-0.08,1
40997,1.90,0.0,0.0,0.0,0.0000,0.0000,0.0000,0.0000,0.00,0.00,0.00,0.000000,0.000000,-0.08,1
40997,1.90,0.0,0.0,0.0,0.0000,0.0000,0.0000,0.0000,0.00,0.00,0.00,0.000000,0.000000,-0.08,1
40997,1.90,0.0,0.0,0.0,0.0000,0.0000,0.0000,0.0000,0.00,0.00,0.00,0.000000,0.000000,-0.08,1
40997,1.90,0.0,0.0,0.0,0.0000,0.0000,0.0000,0.0000,0.00,0.00,0.00,0.000000,0.000000,-0.08,1
41010,1.90,0.0,0.0,0.0,0.0000,0.0000,0.0000,0.0000,0.00,0.00,0.00,0.000000,0.000000,-0.08,1
41010,1.90,0.0,0.0,0.0,0.0000,0.0000,0.0000,0.0000,0.00,0.00,0.00,0.000000,0.000000,-0.08,1
41010,1.90,0.0,0.0,0.0,0.0000,0.0000,0.0000,0.0000,0.00,0.00,0.00,0.000000,0.000000,-0.08,1
41010,1.90,0.0,0.0,0.0,0.0000,0.0000,0.0000,0.0000,0.00,0.00,0.00,0.000000,0.000000,-0.08,1
41010,1.90,0.0,0.0,0.0,0.0000,0.0000,0.0000,0.0000,0.00,0.00,0.00,0.000000,0.000000,-0.08,1
41022,1.90,0.0,0.0,0.0,0.0000,0.0000,0.0000,0.0000,0.00,0.00,0.00,0.000000,0.000000,-0.08,1
41022,1.90,0.0,0.0,0.0,0.0000,0.0000,0.0000,0.0000,0.00,0.00,0.00,0.000000,0.000000,-0.08,1
41022,1.90,0.0,0.0,0.0,0.0000,0.0000,0.0000,0.0000,0.00,0.00,0.00,0.000000,0.000000,-0.08,1
41022,1.90,0.0,0.0,0.0,0.0000,0.0000,0.0000,0.0000,0.00,0.00,0.00,0.000000,0.000000,-0.08,1
41022,1.90,0.0,0.0,0.0,0.0000,0.0000,0.0000,0.0000,0.00,0.00,0.00,0.000000,0.000000,-0.08,1
41035,1.90,0.0,0.0,0.0,0.0000,0.0000,0.0000,0.0000,0.00,0.00,0.00,0.000000,0.000000,-0.08,1
41035,1.90,0.0,0.0,0.0,0.0000,0.0000,0.0000,0.0000,0.00,0.00,0.00,0.000000,0.000000,-0.08,1
41035,1.90,0.0,0.0,0.0,0.0000,0.0000,0.0000,0.0000,0.00,0.00,0.00,0.000000,0.000000,-0.08,1
41035,1.90,0.0,0.0,0.0,0.0000,0.0000,0.0000,0.0000,0.00,0.00,0.00,0.000000,0.000000,-0.08,1
41035,1.90,0.0,0.0,0.0,0.0000,0.0000,0.0000,0.0000,0.00,0.00,0.00,0.000000,0.000000,-0.08,1
41048,1.90,0.0,0.0,0.0,0.0000,0.0000,0.0000,0.0000,0.00,0.00,0.00,0.000000,0.000000,-0.08,1
41048,1.90,0.0,0.0,0.0,0.0000,0.0000,0.0000,0.0000,0.00,0.00,0.00,0.000000,0.000000,-0.08,1
41048,1.90,0.0,0.0,0.0,0.0000,0.0000,0.0000,0.0000,0.00,0.00,0.00,0.000000,0.000000,-0.08,1
41048,1.90,0.0,0.0,0.0,0.0000,0.0000,0.0000,0.0000,0.00,0.00,0.00,0.000000,0.000000,-0.08,1
41048,1.90,0.0,0.0,0.0,0.0000,0.0000,0.0000,0.0000,0.00,0.00,0.00,0.000000,0.000000,-0.08,1
41061,1.90,0.0,0.0,0.0,0.0000,0.0000,0.0000,0.0000,0.00,0.00,0.00,0.000000,0.000000,-0.08,1
41061,1.90,0.0,0.0,0.0,0.0000,0.0000,0.0000,0.0000,0.00,0.00,0.00,0.000000,0.000000,-0.08,1
41061,1.90,0.0,0.0,0.0,0.0000,0.0000,0.0000,0.0000,0.00,0.00,0.00,0.000000,0.000000,-0.08,1
41061,1.90,0.0,0.0,0.0,0.0000,0.0000,0.0000,0.0000,0.00,0.00,0.00,0.000000,0.000000,-0.08,1
41061,1.90,0.0,0.0,0.0,0.0000,0.0000,0.0000,0.0000,0.00,0.00,0.00,0.000000,0.000000,-0.08,1
41073,1.90,0.0,0.0,0.0,0.0000,0.0000,0.0000,0.0000,0.00,0.00,0.00,0.000000,0.000000,-0.08,1
41073,1.90,0.0,0.0,0.0,0.0000,0.0000,0.0000,0.0000,0.00,0.00,0.00,0.000000,0.000000,-0.08,1
41073,1.90,0.0,0.0,0.0,0.0000,0.0000,0.0000,0.0000,0.00,0.00,0.00,0.000000,0.000000,-0.08,1
41073,1.90,0.0,0.0,0.0,0.0000,0.0000,0.0000,0.0000,0.00,0.00,0.00,0.000000,0.000000,-0.08,1
41073,1.90,0.0,0.0,0.0,0.0000,0.0000,0.0000,0.0000,0.00,0.00,0.00,0.000000,0.000000,-0.08,1
41086,1.90,0.0,0.0,0.0,0.0000,0.0000,0.0000,0.0000,0.00,0.00,0.00,0.000000,0.000000,-0.08,1
41086,1.90,0.0,0.0,0.0,0.0000,0.0000,0.0000,0.0000,0.00,0.00,0.00,0.000000,0.000000,-0.08,1
41086,1.90,0.0,0.0,0.0,0.0000,0.0000,0.0000,0.0000,0.00,0.00,0.00,0.000000,0.000000,-0.08,1
41086,1.90,0.0,0.0,0.0,0.0000,0.0000,0.0000,0.0000,0.00,0.00,0.00,0.000000,0.000000,-0.08,1
41086,1.90,0.0,0.0,0.0,0.0000,0.0000,0.0000,0.0000,0.00,0.00,0.00,0.000000,0.000000,-0.08,1
41099,1.90,0.0,0.0,0.0,0.0000,0.0000,0.0000,0.0000,0.00,0.00,0.00,0.000000,0.000000,-0.08,1
41099,1.90,0.0,0.0,0.0,0.0000,0.0000,0.0000,0.0000,0.00,0.00,0.00,0.000000,0.000000,-0.08,1
41099,1.90,0.0,0.0,0.0,0.0000,0.0000,0.0000,0.0000,0.00,0.00,0.00,0.000000,0.000000,-0.08,1
41099,1.90,0.0,0.0,0.0,0.0000,0.0000,0.0000,0.0000,0.00,0.00,0.00,0.000000,0.000000,-0.08,1
41099,1.90,0.0,0.0,0.0,0.0000,0.0000,0.0000,0.0000,0.00,0.00,0.00,0.000000,0.000000,-0.08,1
41112,1.90,0.0,0.0,0.0,0.0000,0.0000,0.0000,0.0000,0.00,0.00,0.00,0.000000,0.000000,-0.08,1
41112,1.90,0.0,0.0,0.0,0.0000,0.0000,0.0000,0.0000,0.00,0.00,0.00,0.000000,0.000000,-0.08,1
41112,1.90,0.0,0.0,0.0,0.0000,0.0000,0.0000,0.0000,0.00,0.00,0.00,0.000000,0.000000,-0.08,1
41112,1.90,0.0,0.0,0.0,0.0000,0.0000,0.0000,0.0000,0.00,0.00,0.00,0.000000,0.000000,-0.08,1
41112,1.90,0.0,0.0,0.0,0.0000,0.0000,0.0000,0.0000,0.00,0.00,0.00,0.000000,0.000000,-0.08,1
41124,1.90,0.0,0.0,0.0,0.0000,0.0000,0.0000,0.0000,0.00,0.00,0.00,0.000000,0.000000,-0.08,1
41124,1.90,0.0,0.0,0.0,0.0000,0.0000,0.0000,0.0000,0.00,0.00,0.00,0.000000,0.000000,-0.08,1
41124,1.90,0.0,0.0,0.0,0.0000,0.0000,0.0000,0.0000,0.00,0.00,0.00,0.000000,0.000000,-0.08,1
41124,1.90,0.0,0.0,0.0,0.0000,0.0000,0.0000,0.0000,0.00,0.00,0.00,0.000000,0.000000,-0.08,1
41124,1.90,0.0,0.0,0.0,0.0000,0.0000,0.0000,0.0000,0.00,0.00,0.00,0.000000,0.000000,-0.08,1
41141,1.90,0.0,0.0,0.0,0.0000,0.0000,0.0000,0.0000,0.00,0.00,0.00,0.000000,0.000000,-0.08,1
41141,1.90,0.0,0.0,0.0,0.0000,0.0000,0.0000,0.0000,0.00,0.00,0.00,0.000000,0.000000,-0.08,1
41141,1.90,0.0,0.0,0.0,0.0000,0.0000,0.0000,0.0000,0.00,0.00,0.00,0.000000,0.000000,-0.08,1
41141,1.90,0.0,0.0,0.0,0.0000,0.0000,0.0000,0.0000,0.00,0.00,0.00,0.000000,0.000000,-0.08,1
41141,1.90,0.0,0.0,0.0,0.0000,0.0000,0.0000,0.0000,0.00,0.00,0.00,0.000000,0.000000,-0.08,1
41150,1.90,0.0,0.0,0.0,0.0000,0.0000,0.0000,0.0000,0.00,0.00,0.00,0.000000,0.000000,-0.08,1
41150,1.90,0.0,0.0,0.0,0.0000,0.0000,0.0000,0.0000,0.00,0.00,0.00,0.000000,0.000000,-0.08,1
41150,1.90,0.0,0.0,0.0,0.0000,0.0000,0.0000,0.0000,0.00,0.00,0.00,0.000000,0.000000,-0.08,1
41150,1.90,0.0,0.0,0.0,0.0000,0.0000,0.0000,0.0000,0.00,0.00,0.00,0.000000,0.000000,-0.08,1
41150,1.90,0.0,0.0,0.0,0.0000,0.0000,0.0000,0.0000,0.00,0.00,0.00,0.000000,0.000000,-0.08,1
41163,1.90,0.0,0.0,0.0,0.0000,0.0000,0.0000,0.0000,0.00,0.00,0.00,0.000000,0.000000,-0.08,1
41163,1.90,0.0,0.0,0.0,0.0000,0.0000,0.0000,0.0000,0.00,0.00,0.00,0.000000,0.000000,-0.08,1
41163,1.90,0.0,0.0,0.0,0.0000,0.0000,0.0000,0.0000,0.00,0.00,0.00,0.000000,0.000000,-0.08,1
41163,1.90,0.0,0.0,0.0,0.0000,0.0000,0.0000,0.0000,0.00,0.00,0.00,0.000000,0.000000,-0.08,1
41163,1.90,0.0,0.0,0.0,0.0000,0.0000,0.0000,0.0000,0.00,0.00,0.00,0.000000,0.000000,-0.08,1
41175,1.90,0.0,0.0,0.0,0.0000,0.0000,0.0000,0.0000,0.00,0.00,0.00,0.000000,0.000000,-0.08,1
41175,1.90,0.0,0.0,0.0,0.0000,0.0000,0.0000,0.0000,0.00,0.00,0.00,0.000000,0.000000,-0.08,1
41175,1.90,0.0,0.0,0.0,0.0000,0.0000,0.0000,0.0000,0.00,0.00,0.00,0.000000,0.000000,-0.08,1
41175,1.90,0.0,0.0,0.0,0.0000,0.0000,0.0000,0.0000,0.00,0.00,0.00,0.000000,0.000000,-0.08,1
41175,1.90,0.0,0.0,0.0,0.0000,0.0000,0.0000,0.0000,0.00,0.00,0.00,0.000000,0.000000,-0.08,1
41188,1.90,0.0,0.0,0.0,0.0000,0.0000,0.0000,0.0000,0.00,0.00,0.00,0.000000,0.000000,-0.08,1
41188,1.90,0.0,0.0,0.0,0.0000,0.0000,0.0000,0.0000,0.00,0.00,0.00,0.000000,0.000000,-0.08,1
41188,1.90,0.0,0.0,0.0,0.0000,0.0000,0.0000,0.0000,0.00,0.00,0.00,0.000000,0.000000,-0.08,1
41188,1.88,0.0,0.0,0.0,0.0000,0.0000,0.0000,0.0000,0.00,0.00,0.00,0.000000,0.000000,-0.08,1
41188,1.88,0.0,0.0,0.0,0.0000,0.0000,0.0000,0.0000,0.00,0.00,0.00,0.000000,0.000000,-0.08,1
41201,1.88,0.0,0.0,0.0,0.0000,0.0000,0.0000,0.0000,0.00,0.00,0.00,0.000000,0.000000,-0.08,1
41201,1.88,0.0,0.0,0.0,0.0000,0.0000,0.0000,0.0000,0.00,0.00,0.00,0.000000,0.000000,-0.08,1
41201,1.88,0.0,0.0,0.0,0.0000,0.0000,0.0000,0.0000,0.00,0.00,0.00,0.000000,0.000000,-0.08,1
41201,1.88,0.0,0.0,0.0,0.0000,0.0000,0.0000,0.0000,0.00,0.00,0.00,0.000000,0.000000,-0.08,1
41201,1.88,0.0,0.0,0.0,0.0000,0.0000,0.0000,0.0000,0.00,0.00,0.00,0.000000,0.000000,-0.08,1
41214,1.88,0.0,0.0,0.0,0.0000,0.0000,0.0000,0.0000,0.00,0.00,0.00,0.000000,0.000000,-0.08,1
41214,1.88,0.0,0.0,0.0,0.0000,0.0000,0.0000,0.0000,0.00,0.00,0.00,0.000000,0.000000,-0.08,1
41214,1.88,0.0,0.0,0.0,0.0000,0.0000,0.0000,0.0000,0.00,0.00,0.00,0.000000,0.000000,-0.08,1
41214,1.88,0.0,0.0,0.0,0.0000,0.0000,0.0000,0.0000,0.00,0.00,0.00,0.000000,0.000000,-0.08,1
41214,1.88,0.0,0.0,0.0,0.0000,0.0000,0.0000,0.0000,0.00,0.00,0.00,0.000000,0.000000,-0.08,1
41226,1.88,0.0,0.0,0.0,0.0000,0.0000,0.0000,0.0000,0.00,0.00,0.00,0.000000,0.000000,-0.08,1
41226,1.88,0.0,0.0,0.0,0.0000,0.0000,0.0000,0.0000,0.00,0.00,0.00,0.000000,0.000000,-0.08,1
41226,1.88,0.0,0.0,0.0,0.0000,0.0000,0.0000,0.0000,0.00,0.00,0.00,0.000000,0.000000,-0.08,1
41226,1.88,0.0,0.0,0.0,0.0000,0.0000,0.0000,0.0000,0.00,0.00,0.00,0.000000,0.000000,-0.08,1
41226,1.88,0.0,0.0,0.0,0.0000,0.0000,0.0000,0.0000,0.00,0.00,0.00,0.000000,0.000000,-0.08,1
41239,1.88,0.0,0.0,0.0,0.0000,0.0000,0.0000,0.0000,0.00,0.00,0.00,0.000000,0.000000,-0.08,1
41239,1.88,0.0,0.0,0.0,0.0000,0.0000,0.0000,0.0000,0.00,0.00,0.00,0.000000,0.000000,-0.08,1
41239,1.88,0.0,0.0,0.0,0.0000,0.0000,0.0000,0.0000,0.00,0.00,0.00,0.000000,0.000000,-0.08,1
41239,1.88,0.0,0.0,0.0,0.0000,0.0000,0.0000,0.0000,0.00,0.00,0.00,0.000000,0.000000,-0.08,1
41239,1.88,0.0,0.0,0.0,0.0000,0.0000,0.0000,0.0000,0.00,0.00,0.00,0.000000,0.000000,-0.08,1
41252,1.88,0.0,0.0,0.0,0.0000,0.0000,0.0000,0.0000,0.00,0.00,0.00,0.000000,0.000000,-0.08,1
41252,1.88,0.0,0.0,0.0,0.0000,0.0000,0.0000,0.0000,0.00,0.00,0.00,0.000000,0.000000,-0.08,1
41252,1.88,0.0,0.0,0.0,0.0000,0.0000,0.0000,0.0000,0.00,0.00,0.00,0.000000,0.000000,-0.08,1
41252,1.88,0.0,0.0,0.0,0.0000,0.0000,0.0000,0.0000,0.00,0.00,0.00,0.000000,0.000000,-0.08,1
41252,1.88,0.0,0.0,0.0,0.0000,0.0000,0.0000,0.0000,0.00,0.00,0.00,0.000000,0.000000,-0.08,1
41265,1.88,0.0,0.0,0.0,0.0000,0.0000,0.0000,0.0000,0.00,0.00,0.00,0.000000,0.000000,-0.08,1
41265,1.88,0.0,0.0,0.0,0.0000,0.0000,0.0000,0.0000,0.00,0.00,0.00,0.000000,0.000000,-0.08,1
41265,1.90,0.0,0.0,0.0,0.0000,0.0000,0.0000,0.0000,0.00,0.00,0.00,0.000000,0.000000,-0.08,1
41265,1.90,0.0,0.0,0.0,0.0000,0.0000,0.0000,0.0000,0.00,0.00,0.00,0.000000,0.000000,-0.08,1
41265,1.90,0.0,0.0,0.0,0.0000,0.0000,0.0000,0.0000,0.00,0.00,0.00,0.000000,0.000000,-0.08,1
41278,1.90,0.0,0.0,0.0,0.0000,0.0000,0.0000,0.0000,0.00,0.00,0.00,0.000000,0.000000,-0.08,1
41278,1.90,0.0,0.0,0.0,0.0000,0.0000,0.0000,0.0000,0.00,0.00,0.00,0.000000,0.000000,-0.08,1
41278,1.90,0.0,0.0,0.0,0.0000,0.0000,0.0000,0.0000,0.00,0.00,0.00,0.000000,0.000000,-0.08,1
41278,1.90,0.0,0.0,0.0,0.0000,0.0000,0.0000,0.0000,0.00,0.00,0.00,0.000000,0.000000,-0.08,1
41278,1.90,0.0,0.0,0.0,0.0000,0.0000,0.0000,0.0000,0.00,0.00,0.00,0.000000,0.000000,-0.08,1
41290,1.90,0.0,0.0,0.0,0.0000,0.0000,0.0000,0.0000,0.00,0.00,0.00,0.000000,0.000000,-0.08,1
41290,1.90,0.0,0.0,0.0,0.0000,0.0000,0.0000,0.0000,0.00,0.00,0.00,0.000000,0.000000,-0.08,1
41290,1.90,0.0,0.0,0.0,0.0000,0.0000,0.0000,0.0000,0.00,0.00,0.00,0.000000,0.000000,-0.08,1
41290,1.90,0.0,0.0,0.0,0.0000,0.0000,0.0000,0.0000,0.00,0.00,0.00,0.000000,0.000000,-0.08,1
41290,1.90,0.0,0.0,0.0,0.0000,0.0000,0.0000,0.0000,0.00,0.00,0.00,0.000000,0.000000,-0.08,1
41303,1.90,0.0,0.0,0.0,0.0000,0.0000,0.0000,0.0000,0.00,0.00,0.00,0.000000,0.000000,-0.08,1
41303,1.90,0.0,0.0,0.0,0.0000,0.0000,0.0000,0.0000,0.00,0.00,0.00,0.000000,0.000000,-0.08,1
41303,1.90,0.0,0.0,0.0,0.0000,0.0000,0.0000,0.0000,0.00,0.00,0.00,0.000000,0.000000,-0.08,1
41303,1.90,0.0,0.0,0.0,0.0000,0.0000,0.0000,0.0000,0.00,0.00,0.00,0.000000,0.000000,-0.08,1
41303,1.90,0.0,0.0,0.0,0.0000,0.0000,0.0000,0.0000,0.00,0.00,0.00,0.000000,0.000000,-0.08,1
41316,1.90,0.0,0.0,0.0,0.0000,0.0000,0.0000,0.0000,0.00,0.00,0.00,0.000000,0.000000,-0.08,1
41316,1.90,0.0,0.0,0.0,0.0000,0.0000,0.0000,0.0000,0.00,0.00,0.00,0.000000,0.000000,-0.08,1
41316,1.90,0.0,0.0,0.0,0.0000,0.0000,0.0000,0.0000,0.00,0.00,0.00,0.000000,0.000000,-0.08,1
41316,1.90,0.0,0.0,0.0,0.0000,0.0000,0.0000,0.0000,0.00,0.00,0.00,0.000000,0.000000,-0.08,1
41316,1.90,0.0,0.0,0.0,0.0000,0.0000,0.0000,0.0000,0.00,0.00,0.00,0.000000,0.000000,-0.08,1
41328,1.90,0.0,0.0,0.0,0.0000,0.0000,0.0000,0.0000,0.00,0.00,0.00,0.000000,0.000000,-0.08,1
41328,1.90,0.0,0.0,0.0,0.0000,0.0000,0.0000,0.0000,0.00,0.00,0.00,0.000000,0.000000,-0.08,1
41328,1.90,0.0,0.0,0.0,0.0000,0.0000,0.0000,0.0000,0.00,0.00,0.00,0.000000,0.000000,-0.08,1
41328,1.90,0.0,0.0,0.0,0.0000,0.0000,0.0000,0.0000,0.00,0.00,0.00,0.000000,0.000000,-0.08,1
41328,1.90,0.0,0.0,0.0,0.0000,0.0000,0.0000,0.0000,0.00,0.00,0.00,0.000000,0.000000,-0.08,1
41347,1.90,0.0,0.0,0.0,0.0000,0.0000,0.0000,0.0000,0.00,0.00,0.00,0.000000,0.000000,-0.08,1
41347,1.90,0.0,0.0,0.0,0.0000,0.0000,0.0000,0.0000,0.00,0.00,0.00,0.000000,0.000000,-0.08,1
41347,1.90,0.0,0.0,0.0,0.0000,0.0000,0.0000,0.0000,0.00,0.00,0.00,0.000000,0.000000,-0.08,1
41347,1.90,0.0,0.0,0.0,0.0000,0.0000,0.0000,0.0000,0.00,0.00,0.00,0.000000,0.000000,-0.08,1
41347,1.90,0.0,0.0,0.0,0.0000,0.0000,0.0000,0.0000,0.00,0.00,0.00,0.000000,0.000000,-0.08,1
41354,1.90,0.0,0.0,0.0,0.0000,0.0000,0.0000,0.0000,0.00,0.00,0.00,0.000000,0.000000,-0.08,1
41354,1.90,0.0,0.0,0.0,0.0000,0.0000,0.0000,0.0000,0.00,0.00,0.00,0.000000,0.000000,-0.08,1
41354,1.90,0.0,0.0,0.0,0.0000,0.0000,0.0000,0.0000,0.00,0.00,0.00,0.000000,0.000000,-0.08,1
41354,1.90,0.0,0.0,0.0,0.0000,0.0000,0.0000,0.0000,0.00,0.00,0.00,0.000000,0.000000,-0.08,1
41354,1.90,0.0,0.0,0.0,0.0000,0.0000,0.0000,0.0000,0.00,0.00,0.00,0.000000,0.000000,-0.08,1
41367,1.90,0.0,0.0,0.0,0.0000,0.0000,0.0000,0.0000,0.00,0.00,0.00,0.000000,0.000000,-0.08,1
41367,1.90,0.0,0.0,0.0,0.0000,0.0000,0.0000,0.0000,0.00,0.00,0.00,0.000000,0.000000,-0.08,1
41367,1.90,0.0,0.0,0.0,0.0000,0.0000,0.0000,0.0000,0.00,0.00,0.00,0.000000,0.000000,-0.08,1
41367,1.90,0.0,0.0,0.0,0.0000,0.0000,0.0000,0.0000,0.00,0.00,0.00,0.000000,0.000000,-0.08,1
41367,1.90,0.0,0.0,0.0,0.0000,0.0000,0.0000,0.0000,0.00,0.00,0.00,0.000000,0.000000,-0.08,1
41392,1.91,0.0,0.0,0.0,0.0000,0.0000,0.0000,0.0000,0.00,0.00,0.00,0.000000,0.000000,-0.08,1
41392,1.91,0.0,0.0,0.0,0.0000,0.0000,0.0000,0.0000,0.00,0.00,0.00,0.000000,0.000000,-0.08,1
41392,1.91,0.0,0.0,0.0,0.0000,0.0000,0.0000,0.0000,0.00,0.00,0.00,0.000000,0.000000,-0.08,1
41405,1.91,0.0,0.0,0.0,0.0000,0.0000,0.0000,0.0000,0.00,0.00,0.00,0.000000,0.000000,-0.08,1
41405,1.92,0.0,0.0,0.0,0.0000,0.0000,0.0000,0.0000,0.00,0.00,0.00,0.000000,0.000000,-0.08,1
41405,1.91,0.0,0.0,0.0,0.0000,0.0000,0.0000,0.0000,0.00,0.00,0.00,0.000000,0.000000,-0.08,1
41405,1.92,0.0,0.0,0.0,0.0000,0.0000,0.0000,0.0000,0.00,0.00,0.00,0.000000,0.000000,-0.08,1
41405,1.92,0.0,0.0,0.0,0.0000,0.0000,0.0000,0.0000,0.00,0.00,0.00,0.000000,0.000000,-0.08,1
41418,1.92,0.0,0.0,0.0,0.0000,0.0000,0.0000,0.0000,0.00,0.00,0.00,0.000000,0.000000,-0.08,1
41418,1.92,0.0,0.0,0.0,0.0000,0.0000,0.0000,0.0000,0.00,0.00,0.00,0.000000,0.000000,-0.08,1
41418,1.94,0.0,0.0,0.0,0.0000,0.0000,0.0000,0.0000,0.00,0.00,0.00,0.000000,0.000000,-0.08,1
41418,1.94,0.0,0.0,0.0,0.0000,0.0000,0.0000,0.0000,0.00,0.00,0.00,0.000000,0.000000,-0.08,1
41418,1.94,0.0,0.0,0.0,0.0000,0.0000,0.0000,0.0000,0.00,0.00,0.00,0.000000,0.000000,-0.08,1
41430,1.95,0.0,0.0,0.0,0.0000,0.0000,0.0000,0.0000,0.00,0.00,0.00,0.000000,0.000000,-0.08,1
41443,2.30,0.0,0.0,0.0,0.0000,0.0000,0.0000,0.0000,0.00,0.00,0.00,0.000000,0.000000,-0.08,1
41443,2.45,0.0,0.0,0.0,0.0000,0.0000,0.0000,0.0000,0.00,0.00,0.00,0.000000,0.000000,-0.08,1
41443,2.52,0.0,0.0,0.0,0.0000,0.0000,0.0000,0.0000,0.00,0.00,0.00,0.000000,0.000000,-0.08,1
41443,2.55,0.0,0.0,0.0,0.0000,0.0000,0.0000,0.0000,0.00,0.00,0.00,0.000000,0.000000,-0.08,1
41443,2.56,0.0,0.0,0.0,0.0000,0.0000,0.0000,0.0000,0.00,0.00,0.00,0.000000,0.000000,-0.08,1
41456,2.56,0.0,0.0,0.0,0.0000,0.0000,0.0000,0.0000,0.00,0.00,0.00,0.000000,0.000000,-0.08,1
41456,2.57,0.0,0.0,0.0,0.0000,0.0000,0.0000,0.0000,0.00,0.00,0.00,0.000000,0.000000,-0.08,1
41456,2.57,0.0,0.0,0.0,0.0000,0.0000,0.0000,0.0000,0.00,0.00,0.00,0.000000,0.000000,-0.08,1
41456,2.58,0.0,0.0,0.0,0.0000,0.0000,0.0000,0.0000,0.00,0.00,0.00,0.000000,0.000000,-0.08,1
41456,2.58,0.0,0.0,0.0,0.0000,0.0000,0.0000,0.0000,0.00,0.00,0.00,0.000000,0.000000,-0.08,1
41469,2.59,0.0,0.0,0.0,0.0000,0.0000,0.0000,0.0000,0.00,0.00,0.00,0.000000,0.000000,-0.08,1
41469,2.59,0.0,0.0,0.0,0.0000,0.0000,0.0000,0.0000,0.00,0.00,0.00,0.000000,0.000000,-0.08,1
41469,2.59,0.0,0.0,0.0,0.0000,0.0000,0.0000,0.0000,0.00,0.00,0.00,0.000000,0.000000,-0.08,1
41469,2.60,0.0,0.0,0.0,0.0000,0.0000,0.0000,0.0000,0.00,0.00,0.00,0.000000,0.000000,-0.08,1
41469,2.60,0.0,0.0,0.0,0.0000,0.0000,0.0000,0.0000,0.00,0.00,0.00,0.000000,0.000000,-0.08,1
41481,2.60,0.0,0.0,0.0,0.0000,0.0000,0.0000,0.0000,0.00,0.00,0.00,0.000000,0.000000,-0.08,1
41481,2.60,0.0,0.0,0.0,0.0000,0.0000,0.0000,0.0000,0.00,0.00,0.00,0.000000,0.000000,-0.08,1
41481,2.60,0.0,0.0,0.0,0.0000,0.0000,0.0000,0.0000,0.00,0.00,0.00,0.000000,0.000000,-0.08,1
41481,2.60,0.0,0.0,0.0,0.0000,0.0000,0.0000,0.0000,0.00,0.00,0.00,0.000000,0.000000,-0.08,1
41481,2.60,0.0,0.0,0.0,0.0000,0.0000,0.0000,0.0000,0.00,0.00,0.00,0.000000,0.000000,-0.08,1
41494,2.60,0.0,0.0,0.0,0.0000,0.0000,0.0000,0.0000,0.00,0.00,0.00,0.000000,0.000000,-0.08,1
41494,2.60,0.0,0.0,0.0,0.0000,0.0000,0.0000,0.0000,0.00,0.00,0.00,0.000000,0.000000,-0.08,1
41494,2.60,0.0,0.0,0.0,0.0000,0.0000,0.0000,0.0000,0.00,0.00,0.00,0.000000,0.000000,-0.08,1
41494,2.60,0.0,0.0,0.0,0.0000,0.0000,0.0000,0.0000,0.00,0.00,0.00,0.000000,0.000000,-0.08,1
41494,2.60,0.0,0.0,0.0,0.0000,0.0000,0.0000,0.0000,0.00,0.00,0.00,0.000000,0.000000,-0.08,1
41507,2.60,0.0,0.0,0.0,0.0000,0.0000,0.0000,0.0000,0.00,0.00,0.00,0.000000,0.000000,-0.08,1
41507,2.60,0.0,0.0,0.0,0.0000,0.0000,0.0000,0.0000,0.00,0.00,0.00,0.000000,0.000000,-0.08,1
41507,2.60,0.0,0.0,0.0,0.0000,0.0000,0.0000,0.0000,0.00,0.00,0.00,0.000000,0.000000,-0.08,1
41507,2.60,0.0,0.0,0.0,0.0000,0.0000,0.0000,0.0000,0.00,0.00,0.00,0.000000,0.000000,-0.08,1
41507,2.60,0.0,0.0,0.0,0.0000,0.0000,0.0000,0.0000,0.00,0.00,0.00,0.000000,0.000000,-0.08,1
41520,2.60,0.0,0.0,0.0,0.0000,0.0000,0.0000,0.0000,0.00,0.00,0.00,0.000000,0.000000,-0.08,1
41520,2.60,0.0,0.0,0.0,0.0000,0.0000,0.0000,0.0000,0.00,0.00,0.00,0.000000,0.000000,-0.08,1
41520,2.60,0.0,0.0,0.0,0.0000,0.0000,0.0000,0.0000,0.00,0.00,0.00,0.000000,0.000000,-0.08,1
41520,2.60,0.0,0.0,0.0,0.0000,0.0000,0.0000,0.0000,0.00,0.00,0.00,0.000000,0.000000,-0.08,1
41520,2.60,0.0,0.0,0.0,0.0000,0.0000,0.0000,0.0000,0.00,0.00,0.00,0.000000,0.000000,-0.08,1
41532,2.60,0.0,0.0,0.0,0.0000,0.0000,0.0000,0.0000,0.00,0.00,0.00,0.000000,0.000000,-0.08,1
41532,2.60,0.0,0.0,0.0,0.0000,0.0000,0.0000,0.0000,0.00,0.00,0.00,0.000000,0.000000,-0.08,1
41532,2.60,0.0,0.0,0.0,0.0000,0.0000,0.0000,0.0000,0.00,0.00,0.00,0.000000,0.000000,-0.08,1
41532,2.59,0.0,0.0,0.0,0.0000,0.0000,0.0000,0.0000,0.00,0.00,0.00,0.000000,0.000000,-0.08,1
41532,2.59,0.0,0.0,0.0,0.0000,0.0000,0.0000,0.0000,0.00,0.00,0.00,0.000000,0.000000,-0.08,1
41545,2.59,0.0,0.0,0.0,0.0000,0.0000,0.0000,0.0000,0.00,0.00,0.00,0.000000,0.000000,-0.08,1
41545,2.59,0.0,0.0,0.0,0.0000,0.0000,0.0000,0.0000,0.00,0.00,0.00,0.000000,0.000000,-0.08,1
41545,2.59,0.0,0.0,0.0,0.0000,0.0000,0.0000,0.0000,0.00,0.00,0.00,0.000000,0.000000,-0.08,1
41545,2.58,0.0,0.0,0.0,0.0000,0.0000,0.0000,0.0000,0.00,0.00,0.00,0.000000,0.000000,-0.08,1
41545,2.58,0.0,0.0,0.0,0.0000,0.0000,0.0000,0.0000,0.00,0.00,0.00,0.000000,0.000000,-0.08,1
41563,2.58,0.0,0.0,0.0,0.0000,0.0000,0.0000,0.0000,0.00,0.00,0.00,0.000000,0.000000,-0.08,1
41563,2.58,0.0,0.0,0.0,0.0000,0.0000,0.0000,0.0000,0.00,0.00,0.00,0.000000,0.000000,-0.08,1
41563,2.57,0.0,0.0,0.0,0.0000,0.0000,0.0000,0.0000,0.00,0.00,0.00,0.000000,0.000000,-0.08,1
41563,2.57,0.0,0.0,0.0,0.0000,0.0000,0.0000,0.0000,0.00,0.00,0.00,0.000000,0.000000,-0.08,1
41563,2.56,0.0,0.0,0.0,0.0000,0.0000,0.0000,0.0000,0.00,0.00,0.00,0.000000,0.000000,-0.08,1
41571,2.56,0.0,0.0,0.0,0.0000,0.0000,0.0000,0.0000,0.00,0.00,0.00,0.000000,0.000000,-0.08,1
41571,2.55,0.0,0.0,0.0,0.0000,0.0000,0.0000,0.0000,0.00,0.00,0.00,0.000000,0.000000,-0.08,1
41571,2.54,0.0,0.0,0.0,0.0000,0.0000,0.0000,0.0000,0.00,0.00,0.00,0.000000,0.000000,-0.08,1
41571,2.51,0.0,0.0,0.0,0.0000,0.0000,0.0000,0.0000,0.00,0.00,0.00,0.000000,0.000000,-0.08,1
41571,2.46,0.0,0.0,0.0,0.0000,0.0000,0.0000,0.0000,0.00,0.00,0.00,0.000000,0.000000,-0.08,1
41583,2.35,0.0,0.0,0.0,0.0000,0.0000,0.0000,0.0000,0.00,0.00,0.00,0.000000,0.000000,-0.08,1
41583,2.25,0.0,0.0,0.0,0.0000,0.0000,0.0000,0.0000,0.00,0.00,0.00,0.000000,0.000000,-0.08,1
41583,2.15,0.0,0.0,0.0,0.0000,0.0000,0.0000,0.0000,0.00,0.00,0.00,0.000000,0.000000,-0.08,1
41583,2.04,0.0,0.0,0.0,0.0000,0.0000,0.0000,0.0000,0.00,0.00,0.00,0.000000,0.000000,-0.08,1
41583,1.98,0.0,0.0,0.0,0.0000,0.0000,0.0000,0.0000,0.00,0.00,0.00,0.000000,0.000000,-0.08,1
41596,1.96,0.0,0.0,0.0,0.0000,0.0000,0.0000,0.0000,0.00,0.00,0.00,0.000000,0.000000,-0.08,1
41596,1.94,0.0,0.0,0.0,0.0000,0.0000,0.0000,0.0000,0.00,0.00,0.00,0.000000,0.000000,-0.08,1
41596,1.92,0.0,0.0,0.0,0.0000,0.0000,0.0000,0.0000,0.00,0.00,0.00,0.000000,0.000000,-0.08,1
41596,1.92,0.0,0.0,0.0,0.0000,0.0000,0.0000,0.0000,0.00,0.00,0.00,0.000000,0.000000,-0.08,1
41596,1.92,0.0,0.0,0.0,0.0000,0.0000,0.0000,0.0000,0.00,0.00,0.00,0.000000,0.000000,-0.08,1
41609,1.91,0.0,0.0,0.0,0.0000,0.0000,0.0000,0.0000,0.00,0.00,0.00,0.000000,0.000000,-0.08,1
41609,1.91,0.0,0.0,0.0,0.0000,0.0000,0.0000,0.0000,0.00,0.00,0.00,0.000000,0.000000,-0.08,1
41609,1.91,0.0,0.0,0.0,0.0000,0.0000,0.0000,0.0000,0.00,0.00,0.00,0.000000,0.000000,-0.08,1
41609,1.91,0.0,0.0,0.0,0.0000,0.0000,0.0000,0.0000,0.00,0.00,0.00,0.000000,0.000000,-0.08,1
41609,1.90,0.0,0.0,0.0,0.0000,0.0000,0.0000,0.0000,0.00,0.00,0.00,0.000000,0.000000,-0.08,1
41622,1.90,0.0,0.0,0.0,0.0000,0.0000,0.0000,0.0000,0.00,0.00,0.00,0.000000,0.000000,-0.08,1
41622,1.90,0.0,0.0,0.0,0.0000,0.0000,0.0000,0.0000,0.00,0.00,0.00,0.000000,0.000000,-0.08,1
41622,1.90,0.0,0.0,0.0,0.0000,0.0000,0.0000,0.0000,0.00,0.00,0.00,0.000000,0.000000,-0.08,1
41622,1.90,0.0,0.0,0.0,0.0000,0.0000,0.0000,0.0000,0.00,0.00,0.00,0.000000,0.000000,-0.08,1
41622,1.90,0.0,0.0,0.0,0.0000,0.0000,0.0000,0.0000,0.00,0.00,0.00,0.000000,0.000000,-0.08,1
41634,1.90,0.0,0.0,0.0,0.0000,0.0000,0.0000,0.0000,0.00,0.00,0.00,0.000000,0.000000,-0.09,1
41634,1.90,0.0,0.0,0.0,0.0000,0.0000,0.0000,0.0000,0.00,0.00,0.00,0.000000,0.000000,-0.09,1
41634,1.90,0.0,0.0,0.0,0.0000,0.0000,0.0000,0.0000,0.00,0.00,0.00,0.000000,0.000000,-0.09,1
41634,1.90,0.0,0.0,0.0,0.0000,0.0000,0.0000,0.0000,0.00,0.00,0.00,0.000000,0.000000,-0.09,1
41634,1.90,0.0,0.0,0.0,0.0000,0.0000,0.0000,0.0000,0.00,0.00,0.00,0.000000,0.000000,-0.09,1
41647,1.88,0.0,0.0,0.0,0.0000,0.0000,0.0000,0.0000,0.00,0.00,0.00,0.000000,0.000000,-0.09,1
41647,1.88,0.0,0.0,0.0,0.0000,0.0000,0.0000,0.0000,0.00,0.00,0.00,0.000000,0.000000,-0.09,1
41647,1.88,0.0,0.0,0.0,0.0000,0.0000,0.0000,0.0000,0.00,0.00,0.00,0.000000,0.000000,-0.09,1
41647,1.88,0.0,0.0,0.0,0.0000,0.0000,0.0000,0.0000,0.00,0.00,0.00,0.000000,0.000000,-0.09,1
41647,1.88,0.0,0.0,0.0,0.0000,0.0000,0.0000,0.0000,0.00,0.00,0.00,0.000000,0.000000,-0.09,1
41660,1.88,0.0,0.0,0.0,0.0000,0.0000,0.0000,0.0000,0.00,0.00,0.00,0.000000,0.000000,-0.09,1
41660,1.88,0.0,0.0,0.0,0.0000,0.0000,0.0000,0.0000,0.00,0.00,0.00,0.000000,0.000000,-0.09,1
41660,1.88,0.0,0.0,0.0,0.0000,0.0000,0.0000,0.0000,0.00,0.00,0.00,0.000000,0.000000,-0.09,1
41660,1.88,0.0,0.0,0.0,0.0000,0.0000,0.0000,0.0000,0.00,0.00,0.00,0.000000,0.000000,-0.09,1
41660,1.88,0.0,0.0,0.0,0.0000,0.0000,0.0000,0.0000,0.00,0.00,0.00,0.000000,0.000000,-0.09,1
41673,1.88,0.0,0.0,0.0,0.0000,0.0000,0.0000,0.0000,0.00,0.00,0.00,0.000000,0.000000,-0.09,1
41673,1.88,0.0,0.0,0.0,0.0000,0.0000,0.0000,0.0000,0.00,0.00,0.00,0.000000,0.000000,-0.09,1
41673,1.88,0.0,0.0,0.0,0.0000,0.0000,0.0000,0.0000,0.00,0.00,0.00,0.000000,0.000000,-0.09,1
41673,1.88,0.0,0.0,0.0,0.0000,0.0000,0.0000,0.0000,0.00,0.00,0.00,0.000000,0.000000,-0.09,1
41673,1.88,0.0,0.0,0.0,0.0000,0.0000,0.0000,0.0000,0.00,0.00,0.00,0.000000,0.000000,-0.09,1
41685,1.88,0.0,0.0,0.0,0.0000,0.0000,0.0000,0.0000,0.00,0.00,0.00,0.000000,0.000000,-0.09,1
41685,1.88,0.0,0.0,0.0,0.0000,0.0000,0.0000,0.0000,0.00,0.00,0.00,0.000000,0.000000,-0.09,1
41685,1.88,0.0,0.0,0.0,0.0000,0.0000,0.0000,0.0000,0.00,0.00,0.00,0.000000,0.000000,-0.09,1
41685,1.88,0.0,0.0,0.0,0.0000,0.0000,0.0000,0.0000,0.00,0.00,0.00,0.000000,0.000000,-0.09,1
41685,1.88,0.0,0.0,0.0,0.0000,0.0000,0.0000,0.0000,0.00,0.00,0.00,0.000000,0.000000,-0.09,1
41698,1.88,0.0,0.0,0.0,0.0000,0.0000,0.0000,0.0000,0.00,0.00,0.00,0.000000,0.000000,-0.09,1
41698,1.88,0.0,0.0,0.0,0.0000,0.0000,0.0000,0.0000,0.00,0.00,0.00,0.000000,0.000000,-0.09,1
41698,1.88,0.0,0.0,0.0,0.0000,0.0000,0.0000,0.0000,0.00,0.00,0.00,0.000000,0.000000,-0.09,1
41698,1.88,0.0,0.0,0.0,0.0000,0.0000,0.0000,0.0000,0.00,0.00,0.00,0.000000,0.000000,-0.09,1
41698,1.90,0.0,0.0,0.0,0.0000,0.0000,0.0000,0.0000,0.00,0.00,0.00,0.000000,0.000000,-0.09,1
41711,1.88,0.0,0.0,0.0,0.0000,0.0000,0.0000,0.0000,0.00,0.00,0.00,0.000000,0.000000,-0.09,1
41711,1.90,0.0,0.0,0.0,0.0000,0.0000,0.0000,0.0000,0.00,0.00,0.00,0.000000,0.000000,-0.09,1
41711,1.90,0.0,0.0,0.0,0.0000,0.0000,0.0000,0.0000,0.00,0.00,0.00,0.000000,0.000000,-0.09,1
41711,1.88,0.0,0.0,0.0,0.0000,0.0000,0.0000,0.0000,0.00,0.00,0.00,0.000000,0.000000,-0.09,1
41711,1.90,0.0,0.0,0.0,0.0000,0.0000,0.0000,0.0000,0.00,0.00,0.00,0.000000,0.000000,-0.09,1
41724,1.88,0.0,0.0,0.0,0.0000,0.0000,0.0000,0.0000,0.00,0.00,0.00,0.000000,0.000000,-0.09,1
41724,1.88,0.0,0.0,0.0,0.0000,0.0000,0.0000,0.0000,0.00,0.00,0.00,0.000000,0.000000,-0.09,1
41724,1.90,0.0,0.0,0.0,0.0000,0.0000,0.0000,0.0000,0.00,0.00,0.00,0.000000,0.000000,-0.09,1
41724,1.90,0.0,0.0,0.0,0.0000,0.0000,0.0000,0.0000,0.00,0.00,0.00,0.000000,0.000000,-0.09,1
41724,1.90,0.0,0.0,0.0,0.0000,0.0000,0.0000,0.0000,0.00,0.00,0.00,0.000000,0.000000,-0.09,1
41736,1.90,0.0,0.0,0.0,0.0000,0.0000,0.0000,0.0000,0.00,0.00,0.00,0.000000,0.000000,-0.09,1
41736,1.90,0.0,0.0,0.0,0.0000,0.0000,0.0000,0.0000,0.00,0.00,0.00,0.000000,0.000000,-0.09,1
41736,1.90,0.0,0.0,0.0,0.0000,0.0000,0.0000,0.0000,0.00,0.00,0.00,0.000000,0.000000,-0.09,1
41736,1.90,0.0,0.0,0.0,0.0000,0.0000,0.0000,0.0000,0.00,0.00,0.00,0.000000,0.000000,-0.09,1
41736,1.90,0.0,0.0,0.0,0.0000,0.0000,0.0000,0.0000,0.00,0.00,0.00,0.000000,0.000000,-0.09,1
41749,1.90,0.0,0.0,0.0,0.0000,0.0000,0.0000,0.0000,0.00,0.00,0.00,0.000000,0.000000,-0.09,1
41749,1.90,0.0,0.0,0.0,0.0000,0.0000,0.0000,0.0000,0.00,0.00,0.00,0.000000,0.000000,-0.09,1
41749,1.90,0.0,0.0,0.0,0.0000,0.0000,0.0000,0.0000,0.00,0.00,0.00,0.000000,0.000000,-0.09,1
41749,1.88,0.0,0.0,0.0,0.0000,0.0000,0.0000,0.0000,0.00,0.00,0.00,0.000000,0.000000,-0.09,1
41749,1.90,0.0,0.0,0.0,0.0000,0.0000,0.0000,0.0000,0.00,0.00,0.00,0.000000,0.000000,-0.09,1
41762,1.90,0.0,0.0,0.0,0.0000,0.0000,0.0000,0.0000,0.00,0.00,0.00,0.000000,0.000000,-0.09,1
41762,1.90,0.0,0.0,0.0,0.0000,0.0000,0.0000,0.0000,0.00,0.00,0.00,0.000000,0.000000,-0.09,1
41762,1.88,0.0,0.0,0.0,0.0000,0.0000,0.0000,0.0000,0.00,0.00,0.00,0.000000,0.000000,-0.09,1
41762,1.88,0.0,0.0,0.0,0.0000,0.0000,0.0000,0.0000,0.00,0.00,0.00,0.000000,0.000000,-0.09,1
41762,1.90,0.0,0.0,0.0,0.0000,0.0000,0.0000,0.0000,0.00,0.00,0.00,0.000000,0.000000,-0.09,1
41780,1.88,0.0,0.0,0.0,0.0000,0.0000,0.0000,0.0000,0.00,0.00,0.00,0.000000,0.000000,-0.09,1
41780,1.88,0.0,0.0,0.0,0.0000,0.0000,0.0000,0.0000,0.00,0.00,0.00,0.000000,0.000000,-0.09,1
41780,1.88,0.0,0.0,0.0,0.0000,0.0000,0.0000,0.0000,0.00,0.00,0.00,0.000000,0.000000,-0.09,1
41780,1.88,0.0,0.0,0.0,0.0000,0.0000,0.0000,0.0000,0.00,0.00,0.00,0.000000,0.000000,-0.09,1
41780,1.88,0.0,0.0,0.0,0.0000,0.0000,0.0000,0.0000,0.00,0.00,0.00,0.000000,0.000000,-0.09,1
41787,1.88,0.0,0.0,0.0,0.0000,0.0000,0.0000,0.0000,0.00,0.00,0.00,0.000000,0.000000,-0.09,1
41787,1.88,0.0,0.0,0.0,0.0000,0.0000,0.0000,0.0000,0.00,0.00,0.00,0.000000,0.000000,-0.09,1
41787,1.88,0.0,0.0,0.0,0.0000,0.0000,0.0000,0.0000,0.00,0.00,0.00,0.000000,0.000000,-0.09,1
41787,1.88,0.0,0.0,0.0,0.0000,0.0000,0.0000,0.0000,0.00,0.00,0.00,0.000000,0.000000,-0.09,1
41787,1.88,0.0,0.0,0.0,0.0000,0.0000,0.0000,0.0000,0.00,0.00,0.00,0.000000,0.000000,-0.09,1
41800,1.88,0.0,0.0,0.0,0.0000,0.0000,0.0000,0.0000,0.00,0.00,0.00,0.000000,0.000000,-0.09,1
41800,1.88,0.0,0.0,0.0,0.0000,0.0000,0.0000,0.0000,0.00,0.00,0.00,0.000000,0.000000,-0.09,1
41800,1.86,0.0,0.0,0.0,0.0000,0.0000,0.0000,0.0000,0.00,0.00,0.00,0.000000,0.000000,-0.09,1
41800,1.88,0.0,0.0,0.0,0.0000,0.0000,0.0000,0.0000,0.00,0.00,0.00,0.000000,0.000000,-0.09,1
41800,1.88,0.0,0.0,0.0,0.0000,0.0000,0.0000,0.0000,0.00,0.00,0.00,0.000000,0.000000,-0.09,1
41813,1.88,0.0,0.0,0.0,0.0000,0.0000,0.0000,0.0000,0.00,0.00,0.00,0.000000,0.000000,-0.08,1
41813,1.88,0.0,0.0,0.0,0.0000,0.0000,0.0000,0.0000,0.00,0.00,0.00,0.000000,0.000000,-0.08,1
41813,1.88,0.0,0.0,0.0,0.0000,0.0000,0.0000,0.0000,0.00,0.00,0.00,0.000000,0.000000,-0.08,1
41813,1.88,0.0,0.0,0.0,0.0000,0.0000,0.0000,0.0000,0.00,0.00,0.00,0.000000,0.000000,-0.08,1
41813,1.88,0.0,0.0,0.0,0.0000,0.0000,0.0000,0.0000,0.00,0.00,0.00,0.000000,0.000000,-0.08,1
41826,1.88,0.0,0.0,0.0,0.0000,0.0000,0.0000,0.0000,0.00,0.00,0.00,0.000000,0.000000,-0.08,1
41826,1.88,0.0,0.0,0.0,0.0000,0.0000,0.0000,0.0000,0.00,0.00,0.00,0.000000,0.000000,-0.08,1
41826,1.88,0.0,0.0,0.0,0.0000,0.0000,0.0000,0.0000,0.00,0.00,0.00,0.000000,0.000000,-0.08,1
41826,1.88,0.0,0.0,0.0,0.0000,0.0000,0.0000,0.0000,0.00,0.00,0.00,0.000000,0.000000,-0.08,1
41826,1.88,0.0,0.0,0.0,0.0000,0.0000,0.0000,0.0000,0.00,0.00,0.00,0.000000,0.000000,-0.08,1
41838,1.88,0.0,0.0,0.0,0.0000,0.0000,0.0000,0.0000,0.00,0.00,0.00,0.000000,0.000000,-0.08,1
41838,1.88,0.0,0.0,0.0,0.0000,0.0000,0.0000,0.0000,0.00,0.00,0.00,0.000000,0.000000,-0.08,1
41838,1.88,0.0,0.0,0.0,0.0000,0.0000,0.0000,0.0000,0.00,0.00,0.00,0.000000,0.000000,-0.08,1
41838,1.88,0.0,0.0,0.0,0.0000,0.0000,0.0000,0.0000,0.00,0.00,0.00,0.000000,0.000000,-0.08,1
41838,1.88,0.0,0.0,0.0,0.0000,0.0000,0.0000,0.0000,0.00,0.00,0.00,0.000000,0.000000,-0.08,1
41851,1.88,0.0,0.0,0.0,0.0000,0.0000,0.0000,0.0000,0.00,0.00,0.00,0.000000,0.000000,-0.08,1
41851,1.88,0.0,0.0,0.0,0.0000,0.0000,0.0000,0.0000,0.00,0.00,0.00,0.000000,0.000000,-0.08,1
41851,1.88,0.0,0.0,0.0,0.0000,0.0000,0.0000,0.0000,0.00,0.00,0.00,0.000000,0.000000,-0.08,1
41851,1.90,0.0,0.0,0.0,0.0000,0.0000,0.0000,0.0000,0.00,0.00,0.00,0.000000,0.000000,-0.08,1
41851,1.90,0.0,0.0,0.0,0.0000,0.0000,0.0000,0.0000,0.00,0.00,0.00,0.000000,0.000000,-0.08,1
41864,1.90,0.0,0.0,0.0,0.0000,0.0000,0.0000,0.0000,0.00,0.00,0.00,0.000000,0.000000,-0.09,1
41864,1.90,0.0,0.0,0.0,0.0000,0.0000,0.0000,0.0000,0.00,0.00,0.00,0.000000,0.000000,-0.09,1
41864,1.90,0.0,0.0,0.0,0.0000,0.0000,0.0000,0.0000,0.00,0.00,0.00,0.000000,0.000000,-0.09,1
41864,1.90,0.0,0.0,0.0,0.0000,0.0000,0.0000,0.0000,0.00,0.00,0.00,0.000000,0.000000,-0.09,1
41864,1.90,0.0,0.0,0.0,0.0000,0.0000,0.0000,0.0000,0.00,0.00,0.00,0.000000,0.000000,-0.09,1
41877,1.90,0.0,0.0,0.0,0.0000,0.0000,0.0000,0.0000,0.00,0.00,0.00,0.000000,0.000000,-0.09,1
41877,1.90,0.0,0.0,0.0,0.0000,0.0000,0.0000,0.0000,0.00,0.00,0.00,0.000000,0.000000,-0.09,1
41877,1.90,0.0,0.0,0.0,0.0000,0.0000,0.0000,0.0000,0.00,0.00,0.00,0.000000,0.000000,-0.09,1
41877,1.90,0.0,0.0,0.0,0.0000,0.0000,0.0000,0.0000,0.00,0.00,0.00,0.000000,0.000000,-0.09,1
41877,1.90,0.0,0.0,0.0,0.0000,0.0000,0.0000,0.0000,0.00,0.00,0.00,0.000000,0.000000,-0.09,1
41889,1.90,0.0,0.0,0.0,0.0000,0.0000,0.0000,0.0000,0.00,0.00,0.00,0.000000,0.000000,-0.09,1
41889,1.90,0.0,0.0,0.0,0.0000,0.0000,0.0000,0.0000,0.00,0.00,0.00,0.000000,0.000000,-0.09,1
41889,1.90,0.0,0.0,0.0,0.0000,0.0000,0.0000,0.0000,0.00,0.00,0.00,0.000000,0.000000,-0.09,1
41889,1.90,0.0,0.0,0.0,0.0000,0.0000,0.0000,0.0000,0.00,0.00,0.00,0.000000,0.000000,-0.09,1
41889,1.88,0.0,0.0,0.0,0.0000,0.0000,0.0000,0.0000,0.00,0.00,0.00,0.000000,0.000000,-0.09,1
41902,1.88,0.0,0.0,0.0,0.0000,0.0000,0.0000,0.0000,0.00,0.00,0.00,0.000000,0.000000,-0.09,1
41902,1.88,0.0,0.0,0.0,0.0000,0.0000,0.0000,0.0000,0.00,0.00,0.00,0.000000,0.000000,-0.09,1
41902,1.88,0.0,0.0,0.0,0.0000,0.0000,0.0000,0.0000,0.00,0.00,0.00,0.000000,0.000000,-0.09,1
41902,1.88,0.0,0.0,0.0,0.0000,0.0000,0.0000,0.0000,0.00,0.00,0.00,0.000000,0.000000,-0.09,1
41902,1.88,0.0,0.0,0.0,0.0000,0.0000,0.0000,0.0000,0.00,0.00,0.00,0.000000,0.000000,-0.09,1
41917,1.88,0.0,0.0,0.0,0.0000,0.0000,0.0000,0.0000,0.00,0.00,0.00,0.000000,0.000000,-0.09,1
41917,1.88,0.0,0.0,0.0,0.0000,0.0000,0.0000,0.0000,0.00,0.00,0.00,0.000000,0.000000,-0.09,1
41917,1.88,0.0,0.0,0.0,0.0000,0.0000,0.0000,0.0000,0.00,0.00,0.00,0.000000,0.000000,-0.09,1
41917,1.88,0.0,0.0,0.0,0.0000,0.0000,0.0000,0.0000,0.00,0.00,0.00,0.000000,0.000000,-0.09,1
41917,1.88,0.0,0.0,0.0,0.0000,0.0000,0.0000,0.0000,0.00,0.00,0.00,0.000000,0.000000,-0.09,1
41928,1.88,0.0,0.0,0.0,0.0000,0.0000,0.0000,0.0000,0.00,0.00,0.00,0.000000,0.000000,-0.08,1
41928,1.88,0.0,0.0,0.0,0.0000,0.0000,0.0000,0.0000,0.00,0.00,0.00,0.000000,0.000000,-0.08,1
41928,1.88,0.0,0.0,0.0,0.0000,0.0000,0.0000,0.0000,0.00,0.00,0.00,0.000000,0.000000,-0.08,1
41928,1.88,0.0,0.0,0.0,0.0000,0.0000,0.0000,0.0000,0.00,0.00,0.00,0.000000,0.000000,-0.08,1
41928,1.88,0.0,0.0,0.0,0.0000,0.0000,0.0000,0.0000,0.00,0.00,0.00,0.000000,0.000000,-0.08,1
41940,1.88,0.0,0.0,0.0,0.0000,0.0000,0.0000,0.0000,0.00,0.00,0.00,0.000000,0.000000,-0.08,1
41940,1.88,0.0,0.0,0.0,0.0000,0.0000,0.0000,0.0000,0.00,0.00,0.00,0.000000,0.000000,-0.08,1
41940,1.88,0.0,0.0,0.0,0.0000,0.0000,0.0000,0.0000,0.00,0.00,0.00,0.000000,0.000000,-0.08,1
41940,1.88,0.0,0.0,0.0,0.0000,0.0000,0.0000,0.0000,0.00,0.00,0.00,0.000000,0.000000,-0.08,1
41940,1.88,0.0,0.0,0.0,0.0000,0.0000,0.0000,0.0000,0.00,0.00,0.00,0.000000,0.000000,-0.08,1
41953,1.88,0.0,0.0,0.0,0.0000,0.0000,0.0000,0.0000,0.00,0.00,0.00,0.000000,0.000000,-0.08,1
41953,1.88,0.0,0.0,0.0,0.0000,0.0000,0.0000,0.0000,0.00,0.00,0.00,0.000000,0.000000,-0.08,1
41953,1.88,0.0,0.0,0.0,0.0000,0.0000,0.0000,0.0000,0.00,0.00,0.00,0.000000,0.000000,-0.08,1
41953,1.88,0.0,0.0,0.0,0.0000,0.0000,0.0000,0.0000,0.00,0.00,0.00,0.000000,0.000000,-0.08,1
41953,1.88,0.0,0.0,0.0,0.0000,0.0000,0.0000,0.0000,0.00,0.00,0.00,0.000000,0.000000,-0.08,1
41966,1.88,0.0,0.0,0.0,0.0000,0.0000,0.0000,0.0000,0.00,0.00,0.00,0.000000,0.000000,-0.08,1
41966,1.88,0.0,0.0,0.0,0.0000,0.0000,0.0000,0.0000,0.00,0.00,0.00,0.000000,0.000000,-0.08,1
41966,1.88,0.0,0.0,0.0,0.0000,0.0000,0.0000,0.0000,0.00,0.00,0.00,0.000000,0.000000,-0.08,1
41966,1.88,0.0,0.0,0.0,0.0000,0.0000,0.0000,0.0000,0.00,0.00,0.00,0.000000,0.000000,-0.08,1
41966,1.90,0.0,0.0,0.0,0.0000,0.0000,0.0000,0.0000,0.00,0.00,0.00,0.000000,0.000000,-0.08,1
41979,1.90,0.0,0.0,0.0,0.0000,0.0000,0.0000,0.0000,0.00,0.00,0.00,0.000000,0.000000,-0.09,1
41979,1.90,0.0,0.0,0.0,0.0000,0.0000,0.0000,0.0000,0.00,0.00,0.00,0.000000,0.000000,-0.09,1
41979,1.90,0.0,0.0,0.0,0.0000,0.0000,0.0000,0.0000,0.00,0.00,0.00,0.000000,0.000000,-0.09,1
41979,1.90,0.0,0.0,0.0,0.0000,0.0000,0.0000,0.0000,0.00,0.00,0.00,0.000000,0.000000,-0.09,1
41979,1.90,0.0,0.0,0.0,0.0000,0.0000,0.0000,0.0000,0.00,0.00,0.00,0.000000,0.000000,-0.09,1
41991,1.90,0.0,0.0,0.0,0.0000,0.0000,0.0000,0.0000,0.00,0.00,0.00,0.000000,0.000000,-0.09,1
41991,1.90,0.0,0.0,0.0,0.0000,0.0000,0.0000,0.0000,0.00,0.00,0.00,0.000000,0.000000,-0.09,1
41991,1.90,0.0,0.0,0.0,0.0000,0.0000,0.0000,0.0000,0.00,0.00,0.00,0.000000,0.000000,-0.09,1
41991,1.90,0.0,0.0,0.0,0.0000,0.0000,0.0000,0.0000,0.00,0.00,0.00,0.000000,0.000000,-0.09,1
41991,1.90,0.0,0.0,0.0,0.0000,0.0000,0.0000,0.0000,0.00,0.00,0.00,0.000000,0.000000,-0.09,1
42004,1.90,0.0,0.0,0.0,0.0000,0.0000,0.0000,0.0000,0.00,0.00,0.00,0.000000,0.000000,-0.09,1
42004,1.90,0.0,0.0,0.0,0.0000,0.0000,0.0000,0.0000,0.00,0.00,0.00,0.000000,0.000000,-0.09,1
42004,1.90,0.0,0.0,0.0,0.0000,0.0000,0.0000,0.0000,0.00,0.00,0.00,0.000000,0.000000,-0.09,1
42004,1.90,0.0,0.0,0.0,0.0000,0.0000,0.0000,0.0000,0.00,0.00,0.00,0.000000,0.000000,-0.09,1
42004,1.90,0.0,0.0,0.0,0.0000,0.0000,0.0000,0.0000,0.00,0.00,0.00,0.000000,0.000000,-0.09,1
42017,1.90,0.0,0.0,0.0,0.0000,0.0000,0.0000,0.0000,0.00,0.00,0.00,0.000000,0.000000,-0.09,1
42017,1.90,0.0,0.0,0.0,0.0000,0.0000,0.0000,0.0000,0.00,0.00,0.00,0.000000,0.000000,-0.09,1
42017,1.90,0.0,0.0,0.0,0.0000,0.0000,0.0000,0.0000,0.00,0.00,0.00,0.000000,0.000000,-0.09,1
42017,1.90,0.0,0.0,0.0,0.0000,0.0000,0.0000,0.0000,0.00,0.00,0.00,0.000000,0.000000,-0.09,1
42017,1.88,0.0,0.0,0.0,0.0000,0.0000,0.0000,0.0000,0.00,0.00,0.00,0.000000,0.000000,-0.09,1
42042,1.88,0.0,0.0,0.0,0.0000,0.0000,0.0000,0.0000,0.00,0.00,0.00,0.000000,0.000000,-0.09,1
42055,1.88,0.0,0.0,0.0,0.0000,0.0000,0.0000,0.0000,0.00,0.00,0.00,0.000000,0.000000,-0.09,1
42055,1.88,0.0,0.0,0.0,0.0000,0.0000,0.0000,0.0000,0.00,0.00,0.00,0.000000,0.000000,-0.09,1
42055,1.88,0.0,0.0,0.0,0.0000,0.0000,0.0000,0.0000,0.00,0.00,0.00,0.000000,0.000000,-0.09,1
42068,1.88,0.0,0.0,0.0,0.0000,0.0000,0.0000,0.0000,0.00,0.00,0.00,0.000000,0.000000,-0.09,1
42068,1.88,0.0,0.0,0.0,0.0000,0.0000,0.0000,0.0000,0.00,0.00,0.00,0.000000,0.000000,-0.09,1
42068,1.90,0.0,0.0,0.0,0.0000,0.0000,0.0000,0.0000,0.00,0.00,0.00,0.000000,0.000000,-0.09,1
42081,1.90,0.0,0.0,0.0,0.0000,0.0000,0.0000,0.0000,0.00,0.00,0.00,0.000000,0.000000,-0.09,1
42081,1.90,0.0,0.0,0.0,0.0000,0.0000,0.0000,0.0000,0.00,0.00,0.00,0.000000,0.000000,-0.09,1
42081,1.88,0.0,0.0,0.0,0.0000,0.0000,0.0000,0.0000,0.00,0.00,0.00,0.000000,0.000000,-0.09,1
42081,1.90,0.0,0.0,0.0,0.0000,0.0000,0.0000,0.0000,0.00,0.00,0.00,0.000000,0.000000,-0.09,1
42081,1.90,0.0,0.0,0.0,0.0000,0.0000,0.0000,0.0000,0.00,0.00,0.00,0.000000,0.000000,-0.09,1
42093,1.90,0.0,0.0,0.0,0.0000,0.0000,0.0000,0.0000,0.00,0.00,0.00,0.000000,0.000000,-0.09,1
42093,1.90,0.0,0.0,0.0,0.0000,0.0000,0.0000,0.0000,0.00,0.00,0.00,0.000000,0.000000,-0.09,1
42093,1.90,0.0,0.0,0.0,0.0000,0.0000,0.0000,0.0000,0.00,0.00,0.00,0.000000,0.000000,-0.09,1
42093,1.90,0.0,0.0,0.0,0.0000,0.0000,0.0000,0.0000,0.00,0.00,0.00,0.000000,0.000000,-0.09,1
42093,1.90,0.0,0.0,0.0,0.0000,0.0000,0.0000,0.0000,0.00,0.00,0.00,0.000000,0.000000,-0.09,1
42106,1.88,0.0,0.0,0.0,0.0000,0.0000,0.0000,0.0000,0.00,0.00,0.00,0.000000,0.000000,-0.09,1
42106,1.90,0.0,0.0,0.0,0.0000,0.0000,0.0000,0.0000,0.00,0.00,0.00,0.000000,0.000000,-0.09,1
42106,1.90,0.0,0.0,0.0,0.0000,0.0000,0.0000,0.0000,0.00,0.00,0.00,0.000000,0.000000,-0.09,1
42106,1.90,0.0,0.0,0.0,0.0000,0.0000,0.0000,0.0000,0.00,0.00,0.00,0.000000,0.000000,-0.09,1
42106,1.90,0.0,0.0,0.0,0.0000,0.0000,0.0000,0.0000,0.00,0.00,0.00,0.000000,0.000000,-0.09,1
42122,1.90,0.0,0.0,0.0,0.0000,0.0000,0.0000,0.0000,0.00,0.00,0.00,0.000000,0.000000,-0.09,1
42122,1.90,0.0,0.0,0.0,0.0000,0.0000,0.0000,0.0000,0.00,0.00,0.00,0.000000,0.000000,-0.09,1
42122,1.88,0.0,0.0,0.0,0.0000,0.0000,0.0000,0.0000,0.00,0.00,0.00,0.000000,0.000000,-0.09,1
42122,1.90,0.0,0.0,0.0,0.0000,0.0000,0.0000,0.0000,0.00,0.00,0.00,0.000000,0.000000,-0.09,1
42122,1.90,0.0,0.0,0.0,0.0000,0.0000,0.0000,0.0000,0.00,0.00,0.00,0.000000,0.000000,-0.09,1
42132,1.90,0.0,0.0,0.0,0.0000,0.0000,0.0000,0.0000,0.00,0.00,0.00,0.000000,0.000000,-0.09,1
42132,1.90,0.0,0.0,0.0,0.0000,0.0000,0.0000,0.0000,0.00,0.00,0.00,0.000000,0.000000,-0.09,1
42132,1.90,0.0,0.0,0.0,0.0000,0.0000,0.0000,0.0000,0.00,0.00,0.00,0.000000,0.000000,-0.09,1
42132,1.88,0.0,0.0,0.0,0.0000,0.0000,0.0000,0.0000,0.00,0.00,0.00,0.000000,0.000000,-0.09,1
42132,1.90,0.0,0.0,0.0,0.0000,0.0000,0.0000,0.0000,0.00,0.00,0.00,0.000000,0.000000,-0.09,1
42144,1.90,0.0,0.0,0.0,0.0000,0.0000,0.0000,0.0000,0.00,0.00,0.00,0.000000,0.000000,-0.09,1
42144,1.90,0.0,0.0,0.0,0.0000,0.0000,0.0000,0.0000,0.00,0.00,0.00,0.000000,0.000000,-0.09,1
42144,1.88,0.0,0.0,0.0,0.0000,0.0000,0.0000,0.0000,0.00,0.00,0.00,0.000000,0.000000,-0.09,1
42144,1.90,0.0,0.0,0.0,0.0000,0.0000,0.0000,0.0000,0.00,0.00,0.00,0.000000,0.000000,-0.09,1
42144,1.90,0.0,0.0,0.0,0.0000,0.0000,0.0000,0.0000,0.00,0.00,0.00,0.000000,0.000000,-0.09,1
42157,1.90,0.0,0.0,0.0,0.0000,0.0000,0.0000,0.0000,0.00,0.00,0.00,0.000000,0.000000,-0.09,1
42157,1.88,0.0,0.0,0.0,0.0000,0.0000,0.0000,0.0000,0.00,0.00,0.00,0.000000,0.000000,-0.09,1
42157,1.88,0.0,0.0,0.0,0.0000,0.0000,0.0000,0.0000,0.00,0.00,0.00,0.000000,0.000000,-0.09,1
42157,1.88,0.0,0.0,0.0,0.0000,0.0000,0.0000,0.0000,0.00,0.00,0.00,0.000000,0.000000,-0.09,1
42157,1.88,0.0,0.0,0.0,0.0000,0.0000,0.0000,0.0000,0.00,0.00,0.00,0.000000,0.000000,-0.09,1
42170,1.90,0.0,0.0,0.0,0.0000,0.0000,0.0000,0.0000,0.00,0.00,0.00,0.000000,0.000000,-0.09,1
42170,1.90,0.0,0.0,0.0,0.0000,0.0000,0.0000,0.0000,0.00,0.00,0.00,0.000000,0.000000,-0.09,1
42170,1.90,0.0,0.0,0.0,0.0000,0.0000,0.0000,0.0000,0.00,0.00,0.00,0.000000,0.000000,-0.09,1
42170,1.90,0.0,0.0,0.0,0.0000,0.0000,0.0000,0.0000,0.00,0.00,0.00,0.000000,0.000000,-0.09,1
42170,1.88,0.0,0.0,0.0,0.0000,0.0000,0.0000,0.0000,0.00,0.00,0.00,0.000000,0.000000,-0.09,1
42183,1.88,0.0,0.0,0.0,0.0000,0.0000,0.0000,0.0000,0.00,0.00,0.00,0.000000,0.000000,-0.09,1
42183,1.90,0.0,0.0,0.0,0.0000,0.0000,0.0000,0.0000,0.00,0.00,0.00,0.000000,0.000000,-0.09,1
42183,1.90,0.0,0.0,0.0,0.0000,0.0000,0.0000,0.0000,0.00,0.00,0.00,0.000000,0.000000,-0.09,1
42183,1.88,0.0,0.0,0.0,0.0000,0.0000,0.0000,0.0000,0.00,0.00,0.00,0.000000,0.000000,-0.09,1
42183,1.90,0.0,0.0,0.0,0.0000,0.0000,0.0000,0.0000,0.00,0.00,0.00,0.000000,0.000000,-0.09,1
42195,1.90,0.0,0.0,0.0,0.0000,0.0000,0.0000,0.0000,0.00,0.00,0.00,0.000000,0.000000,-0.09,1
42195,1.88,0.0,0.0,0.0,0.0000,0.0000,0.0000,0.0000,0.00,0.00,0.00,0.000000,0.000000,-0.09,1
42195,1.90,0.0,0.0,0.0,0.0000,0.0000,0.0000,0.0000,0.00,0.00,0.00,0.000000,0.000000,-0.09,1
42195,1.90,0.0,0.0,0.0,0.0000,0.0000,0.0000,0.0000,0.00,0.00,0.00,0.000000,0.000000,-0.09,1
42195,1.90,0.0,0.0,0.0,0.0000,0.0000,0.0000,0.0000,0.00,0.00,0.00,0.000000,0.000000,-0.09,1
42208,1.90,0.0,0.0,0.0,0.0000,0.0000,0.0000,0.0000,0.00,0.00,0.00,0.000000,0.000000,-0.09,1
42208,1.90,0.0,0.0,0.0,0.0000,0.0000,0.0000,0.0000,0.00,0.00,0.00,0.000000,0.000000,-0.09,1
42208,1.88,0.0,0.0,0.0,0.0000,0.0000,0.0000,0.0000,0.00,0.00,0.00,0.000000,0.000000,-0.09,1
42208,1.90,0.0,0.0,0.0,0.0000,0.0000,0.0000,0.0000,0.00,0.00,0.00,0.000000,0.000000,-0.09,1
42208,1.90,0.0,0.0,0.0,0.0000,0.0000,0.0000,0.0000,0.00,0.00,0.00,0.000000,0.000000,-0.09,1
42221,1.90,0.0,0.0,0.0,0.0000,0.0000,0.0000,0.0000,0.00,0.00,0.00,0.000000,0.000000,-0.09,1
42221,1.90,0.0,0.0,0.0,0.0000,0.0000,0.0000,0.0000,0.00,0.00,0.00,0.000000,0.000000,-0.09,1
42221,1.88,0.0,0.0,0.0,0.0000,0.0000,0.0000,0.0000,0.00,0.00,0.00,0.000000,0.000000,-0.09,1
42221,1.90,0.0,0.0,0.0,0.0000,0.0000,0.0000,0.0000,0.00,0.00,0.00,0.000000,0.000000,-0.09,1
42221,1.90,0.0,0.0,0.0,0.0000,0.0000,0.0000,0.0000,0.00,0.00,0.00,0.000000,0.000000,-0.09,1
42234,1.90,0.0,0.0,0.0,0.0000,0.0000,0.0000,0.0000,0.00,0.00,0.00,0.000000,0.000000,-0.09,1
42234,1.90,0.0,0.0,0.0,0.0000,0.0000,0.0000,0.0000,0.00,0.00,0.00,0.000000,0.000000,-0.09,1
42234,1.90,0.0,0.0,0.0,0.0000,0.0000,0.0000,0.0000,0.00,0.00,0.00,0.000000,0.000000,-0.09,1
42234,1.90,0.0,0.0,0.0,0.0000,0.0000,0.0000,0.0000,0.00,0.00,0.00,0.000000,0.000000,-0.09,1
42234,1.88,0.0,0.0,0.0,0.0000,0.0000,0.0000,0.0000,0.00,0.00,0.00,0.000000,0.000000,-0.09,1
42249,1.90,0.0,0.0,0.0,0.0000,0.0000,0.0000,0.0000,0.00,0.00,0.00,0.000000,0.000000,-0.09,1
42249,1.88,0.0,0.0,0.0,0.0000,0.0000,0.0000,0.0000,0.00,0.00,0.00,0.000000,0.000000,-0.09,1
42249,1.88,0.0,0.0,0.0,0.0000,0.0000,0.0000,0.0000,0.00,0.00,0.00,0.000000,0.000000,-0.09,1
42249,1.90,0.0,0.0,0.0,0.0000,0.0000,0.0000,0.0000,0.00,0.00,0.00,0.000000,0.000000,-0.09,1
42249,1.88,0.0,0.0,0.0,0.0000,0.0000,0.0000,0.0000,0.00,0.00,0.00,0.000000,0.000000,-0.09,1
42259,1.90,0.0,0.0,0.0,0.0000,0.0000,0.0000,0.0000,0.00,0.00,0.00,0.000000,0.000000,-0.09,1
42259,1.90,0.0,0.0,0.0,0.0000,0.0000,0.0000,0.0000,0.00,0.00,0.00,0.000000,0.000000,-0.09,1
42259,1.90,0.0,0.0,0.0,0.0000,0.0000,0.0000,0.0000,0.00,0.00,0.00,0.000000,0.000000,-0.09,1
42259,1.90,0.0,0.0,0.0,0.0000,0.0000,0.0000,0.0000,0.00,0.00,0.00,0.000000,0.000000,-0.09,1
42259,1.88,0.0,0.0,0.0,0.0000,0.0000,0.0000,0.0000,0.00,0.00,0.00,0.000000,0.000000,-0.09,1
42272,1.90,0.0,0.0,0.0,0.0000,0.0000,0.0000,0.0000,0.00,0.00,0.00,0.000000,0.000000,-0.08,1
42272,1.90,0.0,0.0,0.0,0.0000,0.0000,0.0000,0.0000,0.00,0.00,0.00,0.000000,0.000000,-0.08,1
42272,1.90,0.0,0.0,0.0,0.0000,0.0000,0.0000,0.0000,0.00,0.00,0.00,0.000000,0.000000,-0.08,1
42272,1.90,0.0,0.0,0.0,0.0000,0.0000,0.0000,0.0000,0.00,0.00,0.00,0.000000,0.000000,-0.08,1
42272,1.90,0.0,0.0,0.0,0.0000,0.0000,0.0000,0.0000,0.00,0.00,0.00,0.000000,0.000000,-0.08,1
42285,1.90,0.0,0.0,0.0,0.0000,0.0000,0.0000,0.0000,0.00,0.00,0.00,0.000000,0.000000,-0.08,1
42285,1.90,0.0,0.0,0.0,0.0000,0.0000,0.0000,0.0000,0.00,0.00,0.00,0.000000,0.000000,-0.08,1
42285,1.90,0.0,0.0,0.0,0.0000,0.0000,0.0000,0.0000,0.00,0.00,0.00,0.000000,0.000000,-0.08,1
42285,1.90,0.0,0.0,0.0,0.0000,0.0000,0.0000,0.0000,0.00,0.00,0.00,0.000000,0.000000,-0.08,1
42285,1.90,0.0,0.0,0.0,0.0000,0.0000,0.0000,0.0000,0.00,0.00,0.00,0.000000,0.000000,-0.08,1
42297,1.88,0.0,0.0,0.0,0.0000,0.0000,0.0000,0.0000,0.00,0.00,0.00,0.000000,0.000000,-0.08,1
42297,1.90,0.0,0.0,0.0,0.0000,0.0000,0.0000,0.0000,0.00,0.00,0.00,0.000000,0.000000,-0.08,1
42297,1.90,0.0,0.0,0.0,0.0000,0.0000,0.0000,0.0000,0.00,0.00,0.00,0.000000,0.000000,-0.08,1
42297,1.90,0.0,0.0,0.0,0.0000,0.0000,0.0000,0.0000,0.00,0.00,0.00,0.000000,0.000000,-0.08,1
42297,1.90,0.0,0.0,0.0,0.0000,0.0000,0.0000,0.0000,0.00,0.00,0.00,0.000000,0.000000,-0.08,1
42310,1.90,0.0,0.0,0.0,0.0000,0.0000,0.0000,0.0000,0.00,0.00,0.00,0.000000,0.000000,-0.08,1
42310,1.90,0.0,0.0,0.0,0.0000,0.0000,0.0000,0.0000,0.00,0.00,0.00,0.000000,0.000000,-0.08,1
42310,1.90,0.0,0.0,0.0,0.0000,0.0000,0.0000,0.0000,0.00,0.00,0.00,0.000000,0.000000,-0.08,1
42310,1.90,0.0,0.0,0.0,0.0000,0.0000,0.0000,0.0000,0.00,0.00,0.00,0.000000,0.000000,-0.08,1
42310,1.90,0.0,0.0,0.0,0.0000,0.0000,0.0000,0.0000,0.00,0.00,0.00,0.000000,0.000000,-0.08,1
42323,1.90,0.0,0.0,0.0,0.0000,0.0000,0.0000,0.0000,0.00,0.00,0.00,0.000000,0.000000,-0.09,1
42323,1.90,0.0,0.0,0.0,0.0000,0.0000,0.0000,0.0000,0.00,0.00,0.00,0.000000,0.000000,-0.09,1
42323,1.90,0.0,0.0,0.0,0.0000,0.0000,0.0000,0.0000,0.00,0.00,0.00,0.000000,0.000000,-0.09,1
42323,1.90,0.0,0.0,0.0,0.0000,0.0000,0.0000,0.0000,0.00,0.00,0.00,0.000000,0.000000,-0.09,1
42323,1.88,0.0,0.0,0.0,0.0000,0.0000,0.0000,0.0000,0.00,0.00,0.00,0.000000,0.000000,-0.09,1
42336,1.90,0.0,0.0,0.0,0.0000,0.0000,0.0000,0.0000,0.00,0.00,0.00,0.000000,0.000000,-0.09,1
42336,1.90,0.0,0.0,0.0,0.0000,0.0000,0.0000,0.0000,0.00,0.00,0.00,0.000000,0.000000,-0.09,1
42336,1.90,0.0,0.0,0.0,0.0000,0.0000,0.0000,0.0000,0.00,0.00,0.00,0.000000,0.000000,-0.09,1
42336,1.90,0.0,0.0,0.0,0.0000,0.0000,0.0000,0.0000,0.00,0.00,0.00,0.000000,0.000000,-0.09,1
42336,1.90,0.0,0.0,0.0,0.0000,0.0000,0.0000,0.0000,0.00,0.00,0.00,0.000000,0.000000,-0.09,1
42348,1.90,0.0,0.0,0.0,0.0000,0.0000,0.0000,0.0000,0.00,0.00,0.00,0.000000,0.000000,-0.09,1
42348,1.90,0.0,0.0,0.0,0.0000,0.0000,0.0000,0.0000,0.00,0.00,0.00,0.000000,0.000000,-0.09,1
42348,1.90,0.0,0.0,0.0,0.0000,0.0000,0.0000,0.0000,0.00,0.00,0.00,0.000000,0.000000,-0.09,1
42348,1.90,0.0,0.0,0.0,0.0000,0.0000,0.0000,0.0000,0.00,0.00,0.00,0.000000,0.000000,-0.09,1
42348,1.90,0.0,0.0,0.0,0.0000,0.0000,0.0000,0.0000,0.00,0.00,0.00,0.000000,0.000000,-0.09,1
42361,1.90,0.0,0.0,0.0,0.0000,0.0000,0.0000,0.0000,0.00,0.00,0.00,0.000000,0.000000,-0.09,1
42361,1.90,0.0,0.0,0.0,0.0000,0.0000,0.0000,0.0000,0.00,0.00,0.00,0.000000,0.000000,-0.09,1
42361,1.88,0.0,0.0,0.0,0.0000,0.0000,0.0000,0.0000,0.00,0.00,0.00,0.000000,0.000000,-0.09,1
42361,1.90,0.0,0.0,0.0,0.0000,0.0000,0.0000,0.0000,0.00,0.00,0.00,0.000000,0.000000,-0.09,1
42361,1.90,0.0,0.0,0.0,0.0000,0.0000,0.0000,0.0000,0.00,0.00,0.00,0.000000,0.000000,-0.09,1
42376,1.88,0.0,0.0,0.0,0.0000,0.0000,0.0000,0.0000,0.00,0.00,0.00,0.000000,0.000000,-0.09,1
42376,1.90,0.0,0.0,0.0,0.0000,0.0000,0.0000,0.0000,0.00,0.00,0.00,0.000000,0.000000,-0.09,1
42376,1.90,0.0,0.0,0.0,0.0000,0.0000,0.0000,0.0000,0.00,0.00,0.00,0.000000,0.000000,-0.09,1
42376,1.90,0.0,0.0,0.0,0.0000,0.0000,0.0000,0.0000,0.00,0.00,0.00,0.000000,0.000000,-0.09,1
42376,1.90,0.0,0.0,0.0,0.0000,0.0000,0.0000,0.0000,0.00,0.00,0.00,0.000000,0.000000,-0.09,1
42387,1.88,0.0,0.0,0.0,0.0000,0.0000,0.0000,0.0000,0.00,0.00,0.00,0.000000,0.000000,-0.09,1
42387,1.90,0.0,0.0,0.0,0.0000,0.0000,0.0000,0.0000,0.00,0.00,0.00,0.000000,0.000000,-0.09,1
42387,1.88,0.0,0.0,0.0,0.0000,0.0000,0.0000,0.0000,0.00,0.00,0.00,0.000000,0.000000,-0.09,1
42387,1.88,0.0,0.0,0.0,0.0000,0.0000,0.0000,0.0000,0.00,0.00,0.00,0.000000,0.000000,-0.09,1
42387,1.90,0.0,0.0,0.0,0.0000,0.0000,0.0000,0.0000,0.00,0.00,0.00,0.000000,0.000000,-0.09,1
42399,1.90,0.0,0.0,0.0,0.0000,0.0000,0.0000,0.0000,0.00,0.00,0.00,0.000000,0.000000,-0.09,1
42399,1.90,0.0,0.0,0.0,0.0000,0.0000,0.0000,0.0000,0.00,0.00,0.00,0.000000,0.000000,-0.09,1
42399,1.90,0.0,0.0,0.0,0.0000,0.0000,0.0000,0.0000,0.00,0.00,0.00,0.000000,0.000000,-0.09,1
42399,1.90,0.0,0.0,0.0,0.0000,0.0000,0.0000,0.0000,0.00,0.00,0.00,0.000000,0.000000,-0.09,1
42399,1.88,0.0,0.0,0.0,0.0000,0.0000,0.0000,0.0000,0.00,0.00,0.00,0.000000,0.000000,-0.09,1
42412,1.90,0.0,0.0,0.0,0.0000,0.0000,0.0000,0.0000,0.00,0.00,0.00,0.000000,0.000000,-0.09,1
42412,1.90,0.0,0.0,0.0,0.0000,0.0000,0.0000,0.0000,0.00,0.00,0.00,0.000000,0.000000,-0.09,1
42412,1.90,0.0,0.0,0.0,0.0000,0.0000,0.0000,0.0000,0.00,0.00,0.00,0.000000,0.000000,-0.09,1
42412,1.90,0.0,0.0,0.0,0.0000,0.0000,0.0000,0.0000,0.00,0.00,0.00,0.000000,0.000000,-0.09,1
42412,1.90,0.0,0.0,0.0,0.0000,0.0000,0.0000,0.0000,0.00,0.00,0.00,0.000000,0.000000,-0.09,1
42425,1.90,0.0,0.0,0.0,0.0000,0.0000,0.0000,0.0000,0.00,0.00,0.00,0.000000,0.000000,-0.09,1
42425,1.90,0.0,0.0,0.0,0.0000,0.0000,0.0000,0.0000,0.00,0.00,0.00,0.000000,0.000000,-0.09,1
42425,1.90,0.0,0.0,0.0,0.0000,0.0000,0.0000,0.0000,0.00,0.00,0.00,0.000000,0.000000,-0.09,1
42425,1.90,0.0,0.0,0.0,0.0000,0.0000,0.0000,0.0000,0.00,0.00,0.00,0.000000,0.000000,-0.09,1
42425,1.90,0.0,0.0,0.0,0.0000,0.0000,0.0000,0.0000,0.00,0.00,0.00,0.000000,0.000000,-0.09,1
42438,1.90,0.0,0.0,0.0,0.0000,0.0000,0.0000,0.0000,0.00,0.00,0.00,0.000000,0.000000,-0.09,1
42438,1.90,0.0,0.0,0.0,0.0000,0.0000,0.0000,0.0000,0.00,0.00,0.00,0.000000,0.000000,-0.09,1
42438,1.90,0.0,0.0,0.0,0.0000,0.0000,0.0000,0.0000,0.00,0.00,0.00,0.000000,0.000000,-0.09,1
42438,1.90,0.0,0.0,0.0,0.0000,0.0000,0.0000,0.0000,0.00,0.00,0.00,0.000000,0.000000,-0.09,1
42438,1.90,0.0,0.0,0.0,0.0000,0.0000,0.0000,0.0000,0.00,0.00,0.00,0.000000,0.000000,-0.09,1
42456,1.90,0.0,0.0,0.0,0.0000,0.0000,0.0000,0.0000,0.00,0.00,0.00,0.000000,0.000000,-0.09,1
42456,1.90,0.0,0.0,0.0,0.0000,0.0000,0.0000,0.0000,0.00,0.00,0.00,0.000000,0.000000,-0.09,1
42456,1.90,0.0,0.0,0.0,0.0000,0.0000,0.0000,0.0000,0.00,0.00,0.00,0.000000,0.000000,-0.09,1
42456,1.90,0.0,0.0,0.0,0.0000,0.0000,0.0000,0.0000,0.00,0.00,0.00,0.000000,0.000000,-0.09,1
42456,1.88,0.0,0.0,0.0,0.0000,0.0000,0.0000,0.0000,0.00,0.00,0.00,0.000000,0.000000,-0.09,1
42463,1.90,0.0,0.0,0.0,0.0000,0.0000,0.0000,0.0000,0.00,0.00,0.00,0.000000,0.000000,-0.09,1
42463,1.88,0.0,0.0,0.0,0.0000,0.0000,0.0000,0.0000,0.00,0.00,0.00,0.000000,0.000000,-0.09,1
42463,1.88,0.0,0.0,0.0,0.0000,0.0000,0.0000,0.0000,0.00,0.00,0.00,0.000000,0.000000,-0.09,1
42463,1.90,0.0,0.0,0.0,0.0000,0.0000,0.0000,0.0000,0.00,0.00,0.00,0.000000,0.000000,-0.09,1
42463,1.90,0.0,0.0,0.0,0.0000,0.0000,0.0000,0.0000,0.00,0.00,0.00,0.000000,0.000000,-0.09,1
42476,1.88,0.0,0.0,0.0,0.0000,0.0000,0.0000,0.0000,0.00,0.00,0.00,0.000000,0.000000,-0.09,1
42476,1.90,0.0,0.0,0.0,0.0000,0.0000,0.0000,0.0000,0.00,0.00,0.00,0.000000,0.000000,-0.09,1
42476,1.90,0.0,0.0,0.0,0.0000,0.0000,0.0000,0.0000,0.00,0.00,0.00,0.000000,0.000000,-0.09,1
42476,1.90,0.0,0.0,0.0,0.0000,0.0000,0.0000,0.0000,0.00,0.00,0.00,0.000000,0.000000,-0.09,1
42476,1.90,0.0,0.0,0.0,0.0000,0.0000,0.0000,0.0000,0.00,0.00,0.00,0.000000,0.000000,-0.09,1
42489,1.90,0.0,0.0,0.0,0.0000,0.0000,0.0000,0.0000,0.00,0.00,0.00,0.000000,0.000000,-0.09,1
42489,1.90,0.0,0.0,0.0,0.0000,0.0000,0.0000,0.0000,0.00,0.00,0.00,0.000000,0.000000,-0.09,1
42489,1.90,0.0,0.0,0.0,0.0000,0.0000,0.0000,0.0000,0.00,0.00,0.00,0.000000,0.000000,-0.09,1
42489,1.90,0.0,0.0,0.0,0.0000,0.0000,0.0000,0.0000,0.00,0.00,0.00,0.000000,0.000000,-0.09,1
42489,1.90,0.0,0.0,0.0,0.0000,0.0000,0.0000,0.0000,0.00,0.00,0.00,0.000000,0.000000,-0.09,1
42501,1.90,0.0,0.0,0.0,0.0000,0.0000,0.0000,0.0000,0.00,0.00,0.00,0.000000,0.000000,-0.09,1
42501,1.90,0.0,0.0,0.0,0.0000,0.0000,0.0000,0.0000,0.00,0.00,0.00,0.000000,0.000000,-0.09,1
42501,1.90,0.0,0.0,0.0,0.0000,0.0000,0.0000,0.0000,0.00,0.00,0.00,0.000000,0.000000,-0.09,1
42501,1.90,0.0,0.0,0.0,0.0000,0.0000,0.0000,0.0000,0.00,0.00,0.00,0.000000,0.000000,-0.09,1
42501,1.90,0.0,0.0,0.0,0.0000,0.0000,0.0000,0.0000,0.00,0.00,0.00,0.000000,0.000000,-0.09,1
42514,1.90,0.0,0.0,0.0,0.0000,0.0000,0.0000,0.0000,0.00,0.00,0.00,0.000000,0.000000,-0.09,1
42514,1.90,0.0,0.0,0.0,0.0000,0.0000,0.0000,0.0000,0.00,0.00,0.00,0.000000,0.000000,-0.09,1
42514,1.90,0.0,0.0,0.0,0.0000,0.0000,0.0000,0.0000,0.00,0.00,0.00,0.000000,0.000000,-0.09,1
42514,1.90,0.0,0.0,0.0,0.0000,0.0000,0.0000,0.0000,0.00,0.00,0.00,0.000000,0.000000,-0.09,1
42514,1.90,0.0,0.0,0.0,0.0000,0.0000,0.0000,0.0000,0.00,0.00,0.00,0.000000,0.000000,-0.09,1
42527,1.88,0.0,0.0,0.0,0.0000,0.0000,0.0000,0.0000,0.00,0.00,0.00,0.000000,0.000000,-0.09,1
42527,1.90,0.0,0.0,0.0,0.0000,0.0000,0.0000,0.0000,0.00,0.00,0.00,0.000000,0.000000,-0.09,1
42527,1.90,0.0,0.0,0.0,0.0000,0.0000,0.0000,0.0000,0.00,0.00,0.00,0.000000,0.000000,-0.09,1
42527,1.90,0.0,0.0,0.0,0.0000,0.0000,0.0000,0.0000,0.00,0.00,0.00,0.000000,0.000000,-0.09,1
42527,1.90,0.0,0.0,0.0,0.0000,0.0000,0.0000,0.0000,0.00,0.00,0.00,0.000000,0.000000,-0.09,1
42540,1.90,0.0,0.0,0.0,0.0000,0.0000,0.0000,0.0000,0.00,0.00,0.00,0.000000,0.000000,-0.09,1
42540,1.90,0.0,0.0,0.0,0.0000,0.0000,0.0000,0.0000,0.00,0.00,0.00,0.000000,0.000000,-0.09,1
42540,1.90,0.0,0.0,0.0,0.0000,0.0000,0.0000,0.0000,0.00,0.00,0.00,0.000000,0.000000,-0.09,1
42540,1.90,0.0,0.0,0.0,0.0000,0.0000,0.0000,0.0000,0.00,0.00,0.00,0.000000,0.000000,-0.09,1
42540,1.90,0.0,0.0,0.0,0.0000,0.0000,0.0000,0.0000,0.00,0.00,0.00,0.000000,0.000000,-0.09,1
42552,1.90,0.0,0.0,0.0,0.0000,0.0000,0.0000,0.0000,0.00,0.00,0.00,0.000000,0.000000,-0.09,1
42552,1.90,0.0,0.0,0.0,0.0000,0.0000,0.0000,0.0000,0.00,0.00,0.00,0.000000,0.000000,-0.09,1
42552,1.90,0.0,0.0,0.0,0.0000,0.0000,0.0000,0.0000,0.00,0.00,0.00,0.000000,0.000000,-0.09,1
42552,1.90,0.0,0.0,0.0,0.0000,0.0000,0.0000,0.0000,0.00,0.00,0.00,0.000000,0.000000,-0.09,1
42552,1.90,0.0,0.0,0.0,0.0000,0.0000,0.0000,0.0000,0.00,0.00,0.00,0.000000,0.000000,-0.09,1
42565,1.90,0.0,0.0,0.0,0.0000,0.0000,0.0000,0.0000,0.00,0.00,0.00,0.000000,0.000000,-0.09,1
42565,1.90,0.0,0.0,0.0,0.0000,0.0000,0.0000,0.0000,0.00,0.00,0.00,0.000000,0.000000,-0.09,1
42565,1.90,0.0,0.0,0.0,0.0000,0.0000,0.0000,0.0000,0.00,0.00,0.00,0.000000,0.000000,-0.09,1
42565,1.90,0.0,0.0,0.0,0.0000,0.0000,0.0000,0.0000,0.00,0.00,0.00,0.000000,0.000000,-0.09,1
42565,1.90,0.0,0.0,0.0,0.0000,0.0000,0.0000,0.0000,0.00,0.00,0.00,0.000000,0.000000,-0.09,1
42583,1.90,0.0,0.0,0.0,0.0000,0.0000,0.0000,0.0000,0.00,0.00,0.00,0.000000,0.000000,-0.09,1
42583,1.90,0.0,0.0,0.0,0.0000,0.0000,0.0000,0.0000,0.00,0.00,0.00,0.000000,0.000000,-0.09,1
42583,1.88,0.0,0.0,0.0,0.0000,0.0000,0.0000,0.0000,0.00,0.00,0.00,0.000000,0.000000,-0.09,1
42583,1.90,0.0,0.0,0.0,0.0000,0.0000,0.0000,0.0000,0.00,0.00,0.00,0.000000,0.000000,-0.09,1
42583,1.88,0.0,0.0,0.0,0.0000,0.0000,0.0000,0.0000,0.00,0.00,0.00,0.000000,0.000000,-0.09,1
42591,1.90,0.0,0.0,0.0,0.0000,0.0000,0.0000,0.0000,0.00,0.00,0.00,0.000000,0.000000,-0.09,1
42591,1.90,0.0,0.0,0.0,0.0000,0.0000,0.0000,0.0000,0.00,0.00,0.00,0.000000,0.000000,-0.09,1
42591,1.90,0.0,0.0,0.0,0.0000,0.0000,0.0000,0.0000,0.00,0.00,0.00,0.000000,0.000000,-0.09,1
42591,1.90,0.0,0.0,0.0,0.0000,0.0000,0.0000,0.0000,0.00,0.00,0.00,0.000000,0.000000,-0.09,1
42591,1.90,0.0,0.0,0.0,0.0000,0.0000,0.0000,0.0000,0.00,0.00,0.00,0.000000,0.000000,-0.09,1
42604,1.90,0.0,0.0,0.0,0.0000,0.0000,0.0000,0.0000,0.00,0.00,0.00,0.000000,0.000000,-0.08,1
42604,1.90,0.0,0.0,0.0,0.0000,0.0000,0.0000,0.0000,0.00,0.00,0.00,0.000000,0.000000,-0.08,1
42604,1.88,0.0,0.0,0.0,0.0000,0.0000,0.0000,0.0000,0.00,0.00,0.00,0.000000,0.000000,-0.08,1
42604,1.90,0.0,0.0,0.0,0.0000,0.0000,0.0000,0.0000,0.00,0.00,0.00,0.000000,0.000000,-0.08,1
42616,1.90,0.0,0.0,0.0,0.0000,0.0000,0.0000,0.0000,0.00,0.00,0.00,0.000000,0.000000,-0.08,1
42616,1.90,0.0,0.0,0.0,0.0000,0.0000,0.0000,0.0000,0.00,0.00,0.00,0.000000,0.000000,-0.08,1
42616,1.88,0.0,0.0,0.0,0.0000,0.0000,0.0000,0.0000,0.00,0.00,0.00,0.000000,0.000000,-0.08,1
42616,1.90,0.0,0.0,0.0,0.0000,0.0000,0.0000,0.0000,0.00,0.00,0.00,0.000000,0.000000,-0.08,1
42616,1.90,0.0,0.0,0.0,0.0000,0.0000,0.0000,0.0000,0.00,0.00,0.00,0.000000,0.000000,-0.08,1
42629,1.90,0.0,0.0,0.0,0.0000,0.0000,0.0000,0.0000,0.00,0.00,0.00,0.000000,0.000000,-0.08,1
42629,1.90,0.0,0.0,0.0,0.0000,0.0000,0.0000,0.0000,0.00,0.00,0.00,0.000000,0.000000,-0.08,1
42629,1.90,0.0,0.0,0.0,0.0000,0.0000,0.0000,0.0000,0.00,0.00,0.00,0.000000,0.000000,-0.08,1
42629,1.88,0.0,0.0,0.0,0.0000,0.0000,0.0000,0.0000,0.00,0.00,0.00,0.000000,0.000000,-0.08,1
42629,1.90,0.0,0.0,0.0,0.0000,0.0000,0.0000,0.0000,0.00,0.00,0.00,0.000000,0.000000,-0.08,1
42642,1.90,0.0,0.0,0.0,0.0000,0.0000,0.0000,0.0000,0.00,0.00,0.00,0.000000,0.000000,-0.08,1
42642,1.90,0.0,0.0,0.0,0.0000,0.0000,0.0000,0.0000,0.00,0.00,0.00,0.000000,0.000000,-0.08,1
42642,1.90,0.0,0.0,0.0,0.0000,0.0000,0.0000,0.0000,0.00,0.00,0.00,0.000000,0.000000,-0.08,1
42642,1.90,0.0,0.0,0.0,0.0000,0.0000,0.0000,0.0000,0.00,0.00,0.00,0.000000,0.000000,-0.08,1
42642,1.90,0.0,0.0,0.0,0.0000,0.0000,0.0000,0.0000,0.00,0.00,0.00,0.000000,0.000000,-0.08,1
42654,1.88,0.0,0.0,0.0,0.0000,0.0000,0.0000,0.0000,0.00,0.00,0.00,0.000000,0.000000,-0.08,1
42654,1.90,0.0,0.0,0.0,0.0000,0.0000,0.0000,0.0000,0.00,0.00,0.00,0.000000,0.000000,-0.08,1
42654,1.88,0.0,0.0,0.0,0.0000,0.0000,0.0000,0.0000,0.00,0.00,0.00,0.000000,0.000000,-0.08,1
42654,1.90,0.0,0.0,0.0,0.0000,0.0000,0.0000,0.0000,0.00,0.00,0.00,0.000000,0.000000,-0.08,1
42654,1.90,0.0,0.0,0.0,0.0000,0.0000,0.0000,0.0000,0.00,0.00,0.00,0.000000,0.000000,-0.08,1
42667,1.90,0.0,0.0,0.0,0.0000,0.0000,0.0000,0.0000,0.00,0.00,0.00,0.000000,0.000000,-0.09,1
42667,1.90,0.0,0.0,0.0,0.0000,0.0000,0.0000,0.0000,0.00,0.00,0.00,0.000000,0.000000,-0.09,1
42667,1.90,0.0,0.0,0.0,0.0000,0.0000,0.0000,0.0000,0.00,0.00,0.00,0.000000,0.000000,-0.09,1
42667,1.90,0.0,0.0,0.0,0.0000,0.0000,0.0000,0.0000,0.00,0.00,0.00,0.000000,0.000000,-0.09,1
42667,1.90,0.0,0.0,0.0,0.0000,0.0000,0.0000,0.0000,0.00,0.00,0.00,0.000000,0.000000,-0.09,1
42680,1.90,0.0,0.0,0.0,0.0000,0.0000,0.0000,0.0000,0.00,0.00,0.00,0.000000,0.000000,-0.09,1
42680,1.90,0.0,0.0,0.0,0.0000,0.0000,0.0000,0.0000,0.00,0.00,0.00,0.000000,0.000000,-0.09,1
42680,1.88,0.0,0.0,0.0,0.0000,0.0000,0.0000,0.0000,0.00,0.00,0.00,0.000000,0.000000,-0.09,1
42680,1.90,0.0,0.0,0.0,0.0000,0.0000,0.0000,0.0000,0.00,0.00,0.00,0.000000,0.000000,-0.09,1
42680,1.90,0.0,0.0,0.0,0.0000,0.0000,0.0000,0.0000,0.00,0.00,0.00,0.000000,0.000000,-0.09,1
42693,1.90,0.0,0.0,0.0,0.0000,0.0000,0.0000,0.0000,0.00,0.00,0.00,0.000000,0.000000,-0.09,1
42693,1.90,0.0,0.0,0.0,0.0000,0.0000,0.0000,0.0000,0.00,0.00,0.00,0.000000,0.000000,-0.09,1
42693,1.90,0.0,0.0,0.0,0.0000,0.0000,0.0000,0.0000,0.00,0.00,0.00,0.000000,0.000000,-0.09,1
42693,1.90,0.0,0.0,0.0,0.0000,0.0000,0.0000,0.0000,0.00,0.00,0.00,0.000000,0.000000,-0.09,1
42693,1.90,0.0,0.0,0.0,0.0000,0.0000,0.0000,0.0000,0.00,0.00,0.00,0.000000,0.000000,-0.09,1
42710,1.90,0.0,0.0,0.0,0.0000,0.0000,0.0000,0.0000,0.00,0.00,0.00,0.000000,0.000000,-0.09,1
42710,1.90,0.0,0.0,0.0,0.0000,0.0000,0.0000,0.0000,0.00,0.00,0.00,0.000000,0.000000,-0.09,1
42710,1.88,0.0,0.0,0.0,0.0000,0.0000,0.0000,0.0000,0.00,0.00,0.00,0.000000,0.000000,-0.09,1
42710,1.90,0.0,0.0,0.0,0.0000,0.0000,0.0000,0.0000,0.00,0.00,0.00,0.000000,0.000000,-0.09,1
42710,1.90,0.0,0.0,0.0,0.0000,0.0000,0.0000,0.0000,0.00,0.00,0.00,0.000000,0.000000,-0.09,1
42718,1.88,0.0,0.0,0.0,0.0000,0.0000,0.0000,0.0000,0.00,0.00,0.00,0.000000,0.000000,-0.09,1
42718,1.90,0.0,0.0,0.0,0.0000,0.0000,0.0000,0.0000,0.00,0.00,0.00,0.000000,0.000000,-0.09,1
42718,1.90,0.0,0.0,0.0,0.0000,0.0000,0.0000,0.0000,0.00,0.00,0.00,0.000000,0.000000,-0.09,1
42718,1.90,0.0,0.0,0.0,0.0000,0.0000,0.0000,0.0000,0.00,0.00,0.00,0.000000,0.000000,-0.09,1
42718,1.88,0.0,0.0,0.0,0.0000,0.0000,0.0000,0.0000,0.00,0.00,0.00,0.000000,0.000000,-0.09,1
42731,1.90,0.0,0.0,0.0,0.0000,0.0000,0.0000,0.0000,0.00,0.00,0.00,0.000000,0.000000,-0.09,1
42731,1.90,0.0,0.0,0.0,0.0000,0.0000,0.0000,0.0000,0.00,0.00,0.00,0.000000,0.000000,-0.09,1
42731,1.88,0.0,0.0,0.0,0.0000,0.0000,0.0000,0.0000,0.00,0.00,0.00,0.000000,0.000000,-0.09,1
42731,1.90,0.0,0.0,0.0,0.0000,0.0000,0.0000,0.0000,0.00,0.00,0.00,0.000000,0.000000,-0.09,1
42731,1.90,0.0,0.0,0.0,0.0000,0.0000,0.0000,0.0000,0.00,0.00,0.00,0.000000,0.000000,-0.09,1
42744,1.90,0.0,0.0,0.0,0.0000,0.0000,0.0000,0.0000,0.00,0.00,0.00,0.000000,0.000000,-0.09,1
42744,1.90,0.0,0.0,0.0,0.0000,0.0000,0.0000,0.0000,0.00,0.00,0.00,0.000000,0.000000,-0.09,1
42744,1.90,0.0,0.0,0.0,0.0000,0.0000,0.0000,0.0000,0.00,0.00,0.00,0.000000,0.000000,-0.09,1
42744,1.90,0.0,0.0,0.0,0.0000,0.0000,0.0000,0.0000,0.00,0.00,0.00,0.000000,0.000000,-0.09,1
42744,1.90,0.0,0.0,0.0,0.0000,0.0000,0.0000,0.0000,0.00,0.00,0.00,0.000000,0.000000,-0.09,1
42756,1.90,0.0,0.0,0.0,0.0000,0.0000,0.0000,0.0000,0.00,0.00,0.00,0.000000,0.000000,-0.09,1
42756,1.90,0.0,0.0,0.0,0.0000,0.0000,0.0000,0.0000,0.00,0.00,0.00,0.000000,0.000000,-0.09,1
42756,1.90,0.0,0.0,0.0,0.0000,0.0000,0.0000,0.0000,0.00,0.00,0.00,0.000000,0.000000,-0.09,1
42756,1.88,0.0,0.0,0.0,0.0000,0.0000,0.0000,0.0000,0.00,0.00,0.00,0.000000,0.000000,-0.09,1
42756,1.90,0.0,0.0,0.0,0.0000,0.0000,0.0000,0.0000,0.00,0.00,0.00,0.000000,0.000000,-0.09,1
42769,1.90,0.0,0.0,0.0,0.0000,0.0000,0.0000,0.0000,0.00,0.00,0.00,0.000000,0.000000,-0.09,1
42769,1.90,0.0,0.0,0.0,0.0000,0.0000,0.0000,0.0000,0.00,0.00,0.00,0.000000,0.000000,-0.09,1
42769,1.90,0.0,0.0,0.0,0.0000,0.0000,0.0000,0.0000,0.00,0.00,0.00,0.000000,0.000000,-0.09,1
42769,1.90,0.0,0.0,0.0,0.0000,0.0000,0.0000,0.0000,0.00,0.00,0.00,0.000000,0.000000,-0.09,1
42769,1.90,0.0,0.0,0.0,0.0000,0.0000,0.0000,0.0000,0.00,0.00,0.00,0.000000,0.000000,-0.09,1
42782,1.90,0.0,0.0,0.0,0.0000,0.0000,0.0000,0.0000,0.00,0.00,0.00,0.000000,0.000000,-0.09,1
42782,1.90,0.0,0.0,0.0,0.0000,0.0000,0.0000,0.0000,0.00,0.00,0.00,0.000000,0.000000,-0.09,1
42782,1.90,0.0,0.0,0.0,0.0000,0.0000,0.0000,0.0000,0.00,0.00,0.00,0.000000,0.000000,-0.09,1
42782,1.88,0.0,0.0,0.0,0.0000,0.0000,0.0000,0.0000,0.00,0.00,0.00,0.000000,0.000000,-0.09,1
42782,1.90,0.0,0.0,0.0,0.0000,0.0000,0.0000,0.0000,0.00,0.00,0.00,0.000000,0.000000,-0.09,1
42795,1.90,0.0,0.0,0.0,0.0000,0.0000,0.0000,0.0000,0.00,0.00,0.00,0.000000,0.000000,-0.09,1
42795,1.90,0.0,0.0,0.0,0.0000,0.0000,0.0000,0.0000,0.00,0.00,0.00,0.000000,0.000000,-0.09,1
42795,1.90,0.0,0.0,0.0,0.0000,0.0000,0.0000,0.0000,0.00,0.00,0.00,0.000000,0.000000,-0.09,1
42795,1.90,0.0,0.0,0.0,0.0000,0.0000,0.0000,0.0000,0.00,0.00,0.00,0.000000,0.000000,-0.09,1
42795,1.90,0.0,0.0,0.0,0.0000,0.0000,0.0000,0.0000,0.00,0.00,0.00,0.000000,0.000000,-0.09,1
42807,1.90,0.0,0.0,0.0,0.0000,0.0000,0.0000,0.0000,0.00,0.00,0.00,0.000000,0.000000,-0.09,1
42807,1.90,0.0,0.0,0.0,0.0000,0.0000,0.0000,0.0000,0.00,0.00,0.00,0.000000,0.000000,-0.09,1
42807,1.90,0.0,0.0,0.0,0.0000,0.0000,0.0000,0.0000,0.00,0.00,0.00,0.000000,0.000000,-0.09,1
42807,1.90,0.0,0.0,0.0,0.0000,0.0000,0.0000,0.0000,0.00,0.00,0.00,0.000000,0.000000,-0.09,1
42807,1.90,0.0,0.0,0.0,0.0000,0.0000,0.0000,0.0000,0.00,0.00,0.00,0.000000,0.000000,-0.09,1
42820,1.90,0.0,0.0,0.0,0.0000,0.0000,0.0000,0.0000,0.00,0.00,0.00,0.000000,0.000000,-0.09,1
42820,1.90,0.0,0.0,0.0,0.0000,0.0000,0.0000,0.0000,0.00,0.00,0.00,0.000000,0.000000,-0.09,1
42820,1.90,0.0,0.0,0.0,0.0000,0.0000,0.0000,0.0000,0.00,0.00,0.00,0.000000,0.000000,-0.09,1
42820,1.90,0.0,0.0,0.0,0.0000,0.0000,0.0000,0.0000,0.00,0.00,0.00,0.000000,0.000000,-0.09,1
42820,1.90,0.0,0.0,0.0,0.0000,0.0000,0.0000,0.0000,0.00,0.00,0.00,0.000000,0.000000,-0.09,1
42837,1.90,0.0,0.0,0.0,0.0000,0.0000,0.0000,0.0000,0.00,0.00,0.00,0.000000,0.000000,-0.09,1
42837,1.90,0.0,0.0,0.0,0.0000,0.0000,0.0000,0.0000,0.00,0.00,0.00,0.000000,0.000000,-0.09,1
42837,1.90,0.0,0.0,0.0,0.0000,0.0000,0.0000,0.0000,0.00,0.00,0.00,0.000000,0.000000,-0.09,1
42837,1.90,0.0,0.0,0.0,0.0000,0.0000,0.0000,0.0000,0.00,0.00,0.00,0.000000,0.000000,-0.09,1
42837,1.90,0.0,0.0,0.0,0.0000,0.0000,0.0000,0.0000,0.00,0.00,0.00,0.000000,0.000000,-0.09,1
42846,1.90,0.0,0.0,0.0,0.0000,0.0000,0.0000,0.0000,0.00,0.00,0.00,0.000000,0.000000,-0.10,1
42846,1.90,0.0,0.0,0.0,0.0000,0.0000,0.0000,0.0000,0.00,0.00,0.00,0.000000,0.000000,-0.10,1
42846,1.90,0.0,0.0,0.0,0.0000,0.0000,0.0000,0.0000,0.00,0.00,0.00,0.000000,0.000000,-0.10,1
42846,1.88,0.0,0.0,0.0,0.0000,0.0000,0.0000,0.0000,0.00,0.00,0.00,0.000000,0.000000,-0.10,1
42846,1.90,0.0,0.0,0.0,0.0000,0.0000,0.0000,0.0000,0.00,0.00,0.00,0.000000,0.000000,-0.10,1
42858,1.90,0.0,0.0,0.0,0.0000,0.0000,0.0000,0.0000,0.00,0.00,0.00,0.000000,0.000000,-0.10,1
42858,1.90,0.0,0.0,0.0,0.0000,0.0000,0.0000,0.0000,0.00,0.00,0.00,0.000000,0.000000,-0.10,1
42858,1.90,0.0,0.0,0.0,0.0000,0.0000,0.0000,0.0000,0.00,0.00,0.00,0.000000,0.000000,-0.10,1
42858,1.90,0.0,0.0,0.0,0.0000,0.0000,0.0000,0.0000,0.00,0.00,0.00,0.000000,0.000000,-0.10,1
42858,1.90,0.0,0.0,0.0,0.0000,0.0000,0.0000,0.0000,0.00,0.00,0.00,0.000000,0.000000,-0.10,1
42871,1.90,0.0,0.0,0.0,0.0000,0.0000,0.0000,0.0000,0.00,0.00,0.00,0.000000,0.000000,-0.10,1
42871,1.88,0.0,0.0,0.0,0.0000,0.0000,0.0000,0.0000,0.00,0.00,0.00,0.000000,0.000000,-0.10,1
42871,1.90,0.0,0.0,0.0,0.0000,0.0000,0.0000,0.0000,0.00,0.00,0.00,0.000000,0.000000,-0.10,1
42871,1.90,0.0,0.0,0.0,0.0000,0.0000,0.0000,0.0000,0.00,0.00,0.00,0.000000,0.000000,-0.10,1
42871,1.90,0.0,0.0,0.0,0.0000,0.0000,0.0000,0.0000,0.00,0.00,0.00,0.000000,0.000000,-0.10,1
42884,1.90,0.0,0.0,0.0,0.0000,0.0000,0.0000,0.0000,0.00,0.00,0.00,0.000000,0.000000,-0.10,1
42884,1.90,0.0,0.0,0.0,0.0000,0.0000,0.0000,0.0000,0.00,0.00,0.00,0.000000,0.000000,-0.10,1
42884,1.90,0.0,0.0,0.0,0.0000,0.0000,0.0000,0.0000,0.00,0.00,0.00,0.000000,0.000000,-0.10,1
42884,1.90,0.0,0.0,0.0,0.0000,0.0000,0.0000,0.0000,0.00,0.00,0.00,0.000000,0.000000,-0.10,1
42884,1.90,0.0,0.0,0.0,0.0000,0.0000,0.0000,0.0000,0.00,0.00,0.00,0.000000,0.000000,-0.10,1
42897,1.90,0.0,0.0,0.0,0.0000,0.0000,0.0000,0.0000,0.00,0.00,0.00,0.000000,0.000000,-0.09,1
42897,1.90,0.0,0.0,0.0,0.0000,0.0000,0.0000,0.0000,0.00,0.00,0.00,0.000000,0.000000,-0.09,1
42897,1.88,0.0,0.0,0.0,0.0000,0.0000,0.0000,0.0000,0.00,0.00,0.00,0.000000,0.000000,-0.09,1
42897,1.90,0.0,0.0,0.0,0.0000,0.0000,0.0000,0.0000,0.00,0.00,0.00,0.000000,0.000000,-0.09,1
42897,1.90,0.0,0.0,0.0,0.0000,0.0000,0.0000,0.0000,0.00,0.00,0.00,0.000000,0.000000,-0.09,1
42917,1.90,0.0,0.0,0.0,0.0000,0.0000,0.0000,0.0000,0.00,0.00,0.00,0.000000,0.000000,-0.09,1
42917,1.90,0.0,0.0,0.0,0.0000,0.0000,0.0000,0.0000,0.00,0.00,0.00,0.000000,0.000000,-0.09,1
42917,1.90,0.0,0.0,0.0,0.0000,0.0000,0.0000,0.0000,0.00,0.00,0.00,0.000000,0.000000,-0.09,1
42917,1.90,0.0,0.0,0.0,0.0000,0.0000,0.0000,0.0000,0.00,0.00,0.00,0.000000,0.000000,-0.09,1
42917,1.90,0.0,0.0,0.0,0.0000,0.0000,0.0000,0.0000,0.00,0.00,0.00,0.000000,0.000000,-0.09,1
42922,1.90,0.0,0.0,0.0,0.0000,0.0000,0.0000,0.0000,0.00,0.00,0.00,0.000000,0.000000,-0.09,1
42922,1.90,0.0,0.0,0.0,0.0000,0.0000,0.0000,0.0000,0.00,0.00,0.00,0.000000,0.000000,-0.09,1
42922,1.90,0.0,0.0,0.0,0.0000,0.0000,0.0000,0.0000,0.00,0.00,0.00,0.000000,0.000000,-0.09,1
42922,1.90,0.0,0.0,0.0,0.0000,0.0000,0.0000,0.0000,0.00,0.00,0.00,0.000000,0.000000,-0.09,1
42922,1.88,0.0,0.0,0.0,0.0000,0.0000,0.0000,0.0000,0.00,0.00,0.00,0.000000,0.000000,-0.09,1
42935,1.90,0.0,0.0,0.0,0.0000,0.0000,0.0000,0.0000,0.00,0.00,0.00,0.000000,0.000000,-0.09,1
42935,1.90,0.0,0.0,0.0,0.0000,0.0000,0.0000,0.0000,0.00,0.00,0.00,0.000000,0.000000,-0.09,1
42935,1.88,0.0,0.0,0.0,0.0000,0.0000,0.0000,0.0000,0.00,0.00,0.00,0.000000,0.000000,-0.09,1
42935,1.90,0.0,0.0,0.0,0.0000,0.0000,0.0000,0.0000,0.00,0.00,0.00,0.000000,0.000000,-0.09,1
42935,1.90,0.0,0.0,0.0,0.0000,0.0000,0.0000,0.0000,0.00,0.00,0.00,0.000000,0.000000,-0.09,1
42948,1.90,0.0,0.0,0.0,0.0000,0.0000,0.0000,0.0000,0.00,0.00,0.00,0.000000,0.000000,-0.09,1
42948,1.90,0.0,0.0,0.0,0.0000,0.0000,0.0000,0.0000,0.00,0.00,0.00,0.000000,0.000000,-0.09,1
42948,1.88,0.0,0.0,0.0,0.0000,0.0000,0.0000,0.0000,0.00,0.00,0.00,0.000000,0.000000,-0.09,1
42948,1.90,0.0,0.0,0.0,0.0000,0.0000,0.0000,0.0000,0.00,0.00,0.00,0.000000,0.000000,-0.09,1
42948,1.88,0.0,0.0,0.0,0.0000,0.0000,0.0000,0.0000,0.00,0.00,0.00,0.000000,0.000000,-0.09,1
42960,1.90,0.0,0.0,0.0,0.0000,0.0000,0.0000,0.0000,0.00,0.00,0.00,0.000000,0.000000,-0.09,1
42960,1.88,0.0,0.0,0.0,0.0000,0.0000,0.0000,0.0000,0.00,0.00,0.00,0.000000,0.000000,-0.09,1
42960,1.90,0.0,0.0,0.0,0.0000,0.0000,0.0000,0.0000,0.00,0.00,0.00,0.000000,0.000000,-0.09,1
42960,1.90,0.0,0.0,0.0,0.0000,0.0000,0.0000,0.0000,0.00,0.00,0.00,0.000000,0.000000,-0.09,1
42960,1.90,0.0,0.0,0.0,0.0000,0.0000,0.0000,0.0000,0.00,0.00,0.00,0.000000,0.000000,-0.09,1
42973,1.90,0.0,0.0,0.0,0.0000,0.0000,0.0000,0.0000,0.00,0.00,0.00,0.000000,0.000000,-0.09,1
42973,1.90,0.0,0.0,0.0,0.0000,0.0000,0.0000,0.0000,0.00,0.00,0.00,0.000000,0.000000,-0.09,1
42973,1.90,0.0,0.0,0.0,0.0000,0.0000,0.0000,0.0000,0.00,0.00,0.00,0.000000,0.000000,-0.09,1
42973,1.90,0.0,0.0,0.0,0.0000,0.0000,0.0000,0.0000,0.00,0.00,0.00,0.000000,0.000000,-0.09,1
42973,1.90,0.0,0.0,0.0,0.0000,0.0000,0.0000,0.0000,0.00,0.00,0.00,0.000000,0.000000,-0.09,1
42986,1.90,0.0,0.0,0.0,0.0000,0.0000,0.0000,0.0000,0.00,0.00,0.00,0.000000,0.000000,-0.09,1
42986,1.90,0.0,0.0,0.0,0.0000,0.0000,0.0000,0.0000,0.00,0.00,0.00,0.000000,0.000000,-0.09,1
42986,1.90,0.0,0.0,0.0,0.0000,0.0000,0.0000,0.0000,0.00,0.00,0.00,0.000000,0.000000,-0.09,1
42986,1.90,0.0,0.0,0.0,0.0000,0.0000,0.0000,0.0000,0.00,0.00,0.00,0.000000,0.000000,-0.09,1
42986,1.90,0.0,0.0,0.0,0.0000,0.0000,0.0000,0.0000,0.00,0.00,0.00,0.000000,0.000000,-0.09,1
42999,1.90,0.0,0.0,0.0,0.0000,0.0000,0.0000,0.0000,0.00,0.00,0.00,0.000000,0.000000,-0.09,1
42999,1.90,0.0,0.0,0.0,0.0000,0.0000,0.0000,0.0000,0.00,0.00,0.00,0.000000,0.000000,-0.09,1
42999,1.90,0.0,0.0,0.0,0.0000,0.0000,0.0000,0.0000,0.00,0.00,0.00,0.000000,0.000000,-0.09,1
42999,1.90,0.0,0.0,0.0,0.0000,0.0000,0.0000,0.0000,0.00,0.00,0.00,0.000000,0.000000,-0.09,1
42999,1.88,0.0,0.0,0.0,0.0000,0.0000,0.0000,0.0000,0.00,0.00,0.00,0.000000,0.000000,-0.09,1
43011,1.90,0.0,0.0,0.0,0.0000,0.0000,0.0000,0.0000,0.00,0.00,0.00,0.000000,0.000000,-0.09,1
43011,1.90,0.0,0.0,0.0,0.0000,0.0000,0.0000,0.0000,0.00,0.00,0.00,0.000000,0.000000,-0.09,1
43011,1.90,0.0,0.0,0.0,0.0000,0.0000,0.0000,0.0000,0.00,0.00,0.00,0.000000,0.000000,-0.09,1
43011,1.88,0.0,0.0,0.0,0.0000,0.0000,0.0000,0.0000,0.00,0.00,0.00,0.000000,0.000000,-0.09,1
43011,1.90,0.0,0.0,0.0,0.0000,0.0000,0.0000,0.0000,0.00,0.00,0.00,0.000000,0.000000,-0.09,1
43024,1.90,0.0,0.0,0.0,0.0000,0.0000,0.0000,0.0000,0.00,0.00,0.00,0.000000,0.000000,-0.09,1
43024,1.90,0.0,0.0,0.0,0.0000,0.0000,0.0000,0.0000,0.00,0.00,0.00,0.000000,0.000000,-0.09,1
43024,1.90,0.0,0.0,0.0,0.0000,0.0000,0.0000,0.0000,0.00,0.00,0.00,0.000000,0.000000,-0.09,1
43024,1.90,0.0,0.0,0.0,0.0000,0.0000,0.0000,0.0000,0.00,0.00,0.00,0.000000,0.000000,-0.09,1
43024,1.90,0.0,0.0,0.0,0.0000,0.0000,0.0000,0.0000,0.00,0.00,0.00,0.000000,0.000000,-0.09,1
43037,1.90,0.0,0.0,0.0,0.0000,0.0000,0.0000,0.0000,0.00,0.00,0.00,0.000000,0.000000,-0.09,1
43037,1.90,0.0,0.0,0.0,0.0000,0.0000,0.0000,0.0000,0.00,0.00,0.00,0.000000,0.000000,-0.09,1
43037,1.90,0.0,0.0,0.0,0.0000,0.0000,0.0000,0.0000,0.00,0.00,0.00,0.000000,0.000000,-0.09,1
43037,1.90,0.0,0.0,0.0,0.0000,0.0000,0.0000,0.0000,0.00,0.00,0.00,0.000000,0.000000,-0.09,1
43037,1.90,0.0,0.0,0.0,0.0000,0.0000,0.0000,0.0000,0.00,0.00,0.00,0.000000,0.000000,-0.09,1
43055,1.90,0.0,0.0,0.0,0.0000,0.0000,0.0000,0.0000,0.00,0.00,0.00,0.000000,0.000000,-0.09,1
43055,1.88,0.0,0.0,0.0,0.0000,0.0000,0.0000,0.0000,0.00,0.00,0.00,0.000000,0.000000,-0.09,1
43055,1.90,0.0,0.0,0.0,0.0000,0.0000,0.0000,0.0000,0.00,0.00,0.00,0.000000,0.000000,-0.09,1
43055,1.90,0.0,0.0,0.0,0.0000,0.0000,0.0000,0.0000,0.00,0.00,0.00,0.000000,0.000000,-0.09,1
43055,1.90,0.0,0.0,0.0,0.0000,0.0000,0.0000,0.0000,0.00,0.00,0.00,0.000000,0.000000,-0.09,1
43062,1.90,0.0,0.0,0.0,0.0000,0.0000,0.0000,0.0000,0.00,0.00,0.00,0.000000,0.000000,-0.09,1
43062,1.90,0.0,0.0,0.0,0.0000,0.0000,0.0000,0.0000,0.00,0.00,0.00,0.000000,0.000000,-0.09,1
43062,1.90,0.0,0.0,0.0,0.0000,0.0000,0.0000,0.0000,0.00,0.00,0.00,0.000000,0.000000,-0.09,1
43062,1.90,0.0,0.0,0.0,0.0000,0.0000,0.0000,0.0000,0.00,0.00,0.00,0.000000,0.000000,-0.09,1
43062,1.90,0.0,0.0,0.0,0.0000,0.0000,0.0000,0.0000,0.00,0.00,0.00,0.000000,0.000000,-0.09,1
43075,1.90,0.0,0.0,0.0,0.0000,0.0000,0.0000,0.0000,0.00,0.00,0.00,0.000000,0.000000,-0.09,1
43075,1.90,0.0,0.0,0.0,0.0000,0.0000,0.0000,0.0000,0.00,0.00,0.00,0.000000,0.000000,-0.09,1
43075,1.90,0.0,0.0,0.0,0.0000,0.0000,0.0000,0.0000,0.00,0.00,0.00,0.000000,0.000000,-0.09,1
43075,1.88,0.0,0.0,0.0,0.0000,0.0000,0.0000,0.0000,0.00,0.00,0.00,0.000000,0.000000,-0.09,1
43075,1.90,0.0,0.0,0.0,0.0000,0.0000,0.0000,0.0000,0.00,0.00,0.00,0.000000,0.000000,-0.09,1
43088,1.90,0.0,0.0,0.0,0.0000,0.0000,0.0000,0.0000,0.00,0.00,0.00,0.000000,0.000000,-0.09,1
43088,1.90,0.0,0.0,0.0,0.0000,0.0000,0.0000,0.0000,0.00,0.00,0.00,0.000000,0.000000,-0.09,1
43088,1.90,0.0,0.0,0.0,0.0000,0.0000,0.0000,0.0000,0.00,0.00,0.00,0.000000,0.000000,-0.09,1
43088,1.90,0.0,0.0,0.0,0.0000,0.0000,0.0000,0.0000,0.00,0.00,0.00,0.000000,0.000000,-0.09,1
43088,1.90,0.0,0.0,0.0,0.0000,0.0000,0.0000,0.0000,0.00,0.00,0.00,0.000000,0.000000,-0.09,1
43101,1.90,0.0,0.0,0.0,0.0000,0.0000,0.0000,0.0000,0.00,0.00,0.00,0.000000,0.000000,-0.09,1
43101,1.90,0.0,0.0,0.0,0.0000,0.0000,0.0000,0.0000,0.00,0.00,0.00,0.000000,0.000000,-0.09,1
43101,1.90,0.0,0.0,0.0,0.0000,0.0000,0.0000,0.0000,0.00,0.00,0.00,0.000000,0.000000,-0.09,1
43101,1.90,0.0,0.0,0.0,0.0000,0.0000,0.0000,0.0000,0.00,0.00,0.00,0.000000,0.000000,-0.09,1
43101,1.88,0.0,0.0,0.0,0.0000,0.0000,0.0000,0.0000,0.00,0.00,0.00,0.000000,0.000000,-0.09,1
43114,1.90,0.0,0.0,0.0,0.0000,0.0000,0.0000,0.0000,0.00,0.00,0.00,0.000000,0.000000,-0.09,1
43114,1.90,0.0,0.0,0.0,0.0000,0.0000,0.0000,0.0000,0.00,0.00,0.00,0.000000,0.000000,-0.09,1
43114,1.90,0.0,0.0,0.0,0.0000,0.0000,0.0000,0.0000,0.00,0.00,0.00,0.000000,0.000000,-0.09,1
43114,1.90,0.0,0.0,0.0,0.0000,0.0000,0.0000,0.0000,0.00,0.00,0.00,0.000000,0.000000,-0.09,1
43114,1.88,0.0,0.0,0.0,0.0000,0.0000,0.0000,0.0000,0.00,0.00,0.00,0.000000,0.000000,-0.09,1
43126,1.90,0.0,0.0,0.0,0.0000,0.0000,0.0000,0.0000,0.00,0.00,0.00,0.000000,0.000000,-0.09,1
43126,1.88,0.0,0.0,0.0,0.0000,0.0000,0.0000,0.0000,0.00,0.00,0.00,0.000000,0.000000,-0.09,1
43126,1.90,0.0,0.0,0.0,0.0000,0.0000,0.0000,0.0000,0.00,0.00,0.00,0.000000,0.000000,-0.09,1
43126,1.90,0.0,0.0,0.0,0.0000,0.0000,0.0000,0.0000,0.00,0.00,0.00,0.000000,0.000000,-0.09,1
43126,1.90,0.0,0.0,0.0,0.0000,0.0000,0.0000,0.0000,0.00,0.00,0.00,0.000000,0.000000,-0.09,1
43139,1.88,0.0,0.0,0.0,0.0000,0.0000,0.0000,0.0000,0.00,0.00,0.00,0.000000,0.000000,-0.09,1
43139,1.90,0.0,0.0,0.0,0.0000,0.0000,0.0000,0.0000,0.00,0.00,0.00,0.000000,0.000000,-0.09,1
43139,1.90,0.0,0.0,0.0,0.0000,0.0000,0.0000,0.0000,0.00,0.00,0.00,0.000000,0.000000,-0.09,1
43139,1.90,0.0,0.0,0.0,0.0000,0.0000,0.0000,0.0000,0.00,0.00,0.00,0.000000,0.000000,-0.09,1
43139,1.88,0.0,0.0,0.0,0.0000,0.0000,0.0000,0.0000,0.00,0.00,0.00,0.000000,0.000000,-0.09,1
43152,1.90,0.0,0.0,0.0,0.0000,0.0000,0.0000,0.0000,0.00,0.00,0.00,0.000000,0.000000,-0.09,1
43152,1.90,0.0,0.0,0.0,0.0000,0.0000,0.0000,0.0000,0.00,0.00,0.00,0.000000,0.000000,-0.09,1
43152,1.90,0.0,0.0,0.0,0.0000,0.0000,0.0000,0.0000,0.00,0.00,0.00,0.000000,0.000000,-0.09,1
43152,1.90,0.0,0.0,0.0,0.0000,0.0000,0.0000,0.0000,0.00,0.00,0.00,0.000000,0.000000,-0.09,1
43152,1.90,0.0,0.0,0.0,0.0000,0.0000,0.0000,0.0000,0.00,0.00,0.00,0.000000,0.000000,-0.09,1
43164,1.90,0.0,0.0,0.0,0.0000,0.0000,0.0000,0.0000,0.00,0.00,0.00,0.000000,0.000000,-0.09,1
43164,1.88,0.0,0.0,0.0,0.0000,0.0000,0.0000,0.0000,0.00,0.00,0.00,0.000000,0.000000,-0.09,1
43164,1.90,0.0,0.0,0.0,0.0000,0.0000,0.0000,0.0000,0.00,0.00,0.00,0.000000,0.000000,-0.09,1
43164,1.90,0.0,0.0,0.0,0.0000,0.0000,0.0000,0.0000,0.00,0.00,0.00,0.000000,0.000000,-0.09,1
43164,1.90,0.0,0.0,0.0,0.0000,0.0000,0.0000,0.0000,0.00,0.00,0.00,0.000000,0.000000,-0.09,1
43183,1.90,0.0,0.0,0.0,0.0000,0.0000,0.0000,0.0000,0.00,0.00,0.00,0.000000,0.000000,-0.09,1
43183,1.90,0.0,0.0,0.0,0.0000,0.0000,0.0000,0.0000,0.00,0.00,0.00,0.000000,0.000000,-0.09,1
43183,1.90,0.0,0.0,0.0,0.0000,0.0000,0.0000,0.0000,0.00,0.00,0.00,0.000000,0.000000,-0.09,1
43183,1.90,0.0,0.0,0.0,0.0000,0.0000,0.0000,0.0000,0.00,0.00,0.00,0.000000,0.000000,-0.09,1
43183,1.90,0.0,0.0,0.0,0.0000,0.0000,0.0000,0.0000,0.00,0.00,0.00,0.000000,0.000000,-0.09,1
43190,1.88,0.0,0.0,0.0,0.0000,0.0000,0.0000,0.0000,0.00,0.00,0.00,0.000000,0.000000,-0.09,1
43190,1.90,0.0,0.0,0.0,0.0000,0.0000,0.0000,0.0000,0.00,0.00,0.00,0.000000,0.000000,-0.09,1
43190,1.88,0.0,0.0,0.0,0.0000,0.0000,0.0000,0.0000,0.00,0.00,0.00,0.000000,0.000000,-0.09,1
43190,1.90,0.0,0.0,0.0,0.0000,0.0000,0.0000,0.0000,0.00,0.00,0.00,0.000000,0.000000,-0.09,1
43190,1.90,0.0,0.0,0.0,0.0000,0.0000,0.0000,0.0000,0.00,0.00,0.00,0.000000,0.000000,-0.09,1
43203,1.90,0.0,0.0,0.0,0.0000,0.0000,0.0000,0.0000,0.00,0.00,0.00,0.000000,0.000000,-0.09,1
43203,1.90,0.0,0.0,0.0,0.0000,0.0000,0.0000,0.0000,0.00,0.00,0.00,0.000000,0.000000,-0.09,1
43203,1.90,0.0,0.0,0.0,0.0000,0.0000,0.0000,0.0000,0.00,0.00,0.00,0.000000,0.000000,-0.09,1
43203,1.90,0.0,0.0,0.0,0.0000,0.0000,0.0000,0.0000,0.00,0.00,0.00,0.000000,0.000000,-0.09,1
43203,1.90,0.0,0.0,0.0,0.0000,0.0000,0.0000,0.0000,0.00,0.00,0.00,0.000000,0.000000,-0.09,1
43215,1.90,0.0,0.0,0.0,0.0000,0.0000,0.0000,0.0000,0.00,0.00,0.00,0.000000,0.000000,-0.09,1
43215,1.90,0.0,0.0,0.0,0.0000,0.0000,0.0000,0.0000,0.00,0.00,0.00,0.000000,0.000000,-0.09,1
43215,1.88,0.0,0.0,0.0,0.0000,0.0000,0.0000,0.0000,0.00,0.00,0.00,0.000000,0.000000,-0.09,1
43215,1.90,0.0,0.0,0.0,0.0000,0.0000,0.0000,0.0000,0.00,0.00,0.00,0.000000,0.000000,-0.09,1
43215,1.90,0.0,0.0,0.0,0.0000,0.0000,0.0000,0.0000,0.00,0.00,0.00,0.000000,0.000000,-0.09,1
43228,1.90,0.0,0.0,0.0,0.0000,0.0000,0.0000,0.0000,0.00,0.00,0.00,0.000000,0.000000,-0.09,1
43228,1.90,0.0,0.0,0.0,0.0000,0.0000,0.0000,0.0000,0.00,0.00,0.00,0.000000,0.000000,-0.09,1
43228,1.90,0.0,0.0,0.0,0.0000,0.0000,0.0000,0.0000,0.00,0.00,0.00,0.000000,0.000000,-0.09,1
43228,1.90,0.0,0.0,0.0,0.0000,0.0000,0.0000,0.0000,0.00,0.00,0.00,0.000000,0.000000,-0.09,1
43228,1.90,0.0,0.0,0.0,0.0000,0.0000,0.0000,0.0000,0.00,0.00,0.00,0.000000,0.000000,-0.09,1
43241,1.88,0.0,0.0,0.0,0.0000,0.0000,0.0000,0.0000,0.00,0.00,0.00,0.000000,0.000000,-0.09,1
43241,1.88,0.0,0.0,0.0,0.0000,0.0000,0.0000,0.0000,0.00,0.00,0.00,0.000000,0.000000,-0.09,1
43241,1.90,0.0,0.0,0.0,0.0000,0.0000,0.0000,0.0000,0.00,0.00,0.00,0.000000,0.000000,-0.09,1
43241,1.90,0.0,0.0,0.0,0.0000,0.0000,0.0000,0.0000,0.00,0.00,0.00,0.000000,0.000000,-0.09,1
43241,1.88,0.0,0.0,0.0,0.0000,0.0000,0.0000,0.0000,0.00,0.00,0.00,0.000000,0.000000,-0.09,1
43254,1.90,0.0,0.0,0.0,0.0000,0.0000,0.0000,0.0000,0.00,0.00,0.00,0.000000,0.000000,-0.09,1
43254,1.90,0.0,0.0,0.0,0.0000,0.0000,0.0000,0.0000,0.00,0.00,0.00,0.000000,0.000000,-0.09,1
43254,1.90,0.0,0.0,0.0,0.0000,0.0000,0.0000,0.0000,0.00,0.00,0.00,0.000000,0.000000,-0.09,1
43254,1.88,0.0,0.0,0.0,0.0000,0.0000,0.0000,0.0000,0.00,0.00,0.00,0.000000,0.000000,-0.09,1
43254,1.90,0.0,0.0,0.0,0.0000,0.0000,0.0000,0.0000,0.00,0.00,0.00,0.000000,0.000000,-0.09,1
43266,1.90,0.0,0.0,0.0,0.0000,0.0000,0.0000,0.0000,0.00,0.00,0.00,0.000000,0.000000,-0.09,1
43266,1.90,0.0,0.0,0.0,0.0000,0.0000,0.0000,0.0000,0.00,0.00,0.00,0.000000,0.000000,-0.09,1
43266,1.90,0.0,0.0,0.0,0.0000,0.0000,0.0000,0.0000,0.00,0.00,0.00,0.000000,0.000000,-0.09,1
43266,1.90,0.0,0.0,0.0,0.0000,0.0000,0.0000,0.0000,0.00,0.00,0.00,0.000000,0.000000,-0.09,1
43266,1.90,0.0,0.0,0.0,0.0000,0.0000,0.0000,0.0000,0.00,0.00,0.00,0.000000,0.000000,-0.09,1
43279,1.90,0.0,0.0,0.0,0.0000,0.0000,0.0000,0.0000,0.00,0.00,0.00,0.000000,0.000000,-0.09,1
43279,1.90,0.0,0.0,0.0,0.0000,0.0000,0.0000,0.0000,0.00,0.00,0.00,0.000000,0.000000,-0.09,1
43279,1.90,0.0,0.0,0.0,0.0000,0.0000,0.0000,0.0000,0.00,0.00,0.00,0.000000,0.000000,-0.09,1
43279,1.88,0.0,0.0,0.0,0.0000,0.0000,0.0000,0.0000,0.00,0.00,0.00,0.000000,0.000000,-0.09,1
43279,1.90,0.0,0.0,0.0,0.0000,0.0000,0.0000,0.0000,0.00,0.00,0.00,0.000000,0.000000,-0.09,1
43292,1.88,0.0,0.0,0.0,0.0000,0.0000,0.0000,0.0000,0.00,0.00,0.00,0.000000,0.000000,-0.09,1
43292,1.88,0.0,0.0,0.0,0.0000,0.0000,0.0000,0.0000,0.00,0.00,0.00,0.000000,0.000000,-0.09,1
43292,1.88,0.0,0.0,0.0,0.0000,0.0000,0.0000,0.0000,0.00,0.00,0.00,0.000000,0.000000,-0.09,1
43292,1.90,0.0,0.0,0.0,0.0000,0.0000,0.0000,0.0000,0.00,0.00,0.00,0.000000,0.000000,-0.09,1
43292,1.88,0.0,0.0,0.0,0.0000,0.0000,0.0000,0.0000,0.00,0.00,0.00,0.000000,0.000000,-0.09,1
43305,1.90,0.0,0.0,0.0,0.0000,0.0000,0.0000,0.0000,0.00,0.00,0.00,0.000000,0.000000,-0.09,1
43305,1.90,0.0,0.0,0.0,0.0000,0.0000,0.0000,0.0000,0.00,0.00,0.00,0.000000,0.000000,-0.09,1
43305,1.90,0.0,0.0,0.0,0.0000,0.0000,0.0000,0.0000,0.00,0.00,0.00,0.000000,0.000000,-0.09,1
43305,1.90,0.0,0.0,0.0,0.0000,0.0000,0.0000,0.0000,0.00,0.00,0.00,0.000000,0.000000,-0.09,1
43305,1.90,0.0,0.0,0.0,0.0000,0.0000,0.0000,0.0000,0.00,0.00,0.00,0.000000,0.000000,-0.09,1
43321,1.90,0.0,0.0,0.0,0.0000,0.0000,0.0000,0.0000,0.00,0.00,0.00,0.000000,0.000000,-0.09,1
43321,1.90,0.0,0.0,0.0,0.0000,0.0000,0.0000,0.0000,0.00,0.00,0.00,0.000000,0.000000,-0.09,1
43321,1.90,0.0,0.0,0.0,0.0000,0.0000,0.0000,0.0000,0.00,0.00,0.00,0.000000,0.000000,-0.09,1
43321,1.88,0.0,0.0,0.0,0.0000,0.0000,0.0000,0.0000,0.00,0.00,0.00,0.000000,0.000000,-0.09,1
43321,1.90,0.0,0.0,0.0,0.0000,0.0000,0.0000,0.0000,0.00,0.00,0.00,0.000000,0.000000,-0.09,1
43330,1.90,0.0,0.0,0.0,0.0000,0.0000,0.0000,0.0000,0.00,0.00,0.00,0.000000,0.000000,-0.09,1
43330,1.90,0.0,0.0,0.0,0.0000,0.0000,0.0000,0.0000,0.00,0.00,0.00,0.000000,0.000000,-0.09,1
43330,1.90,0.0,0.0,0.0,0.0000,0.0000,0.0000,0.0000,0.00,0.00,0.00,0.000000,0.000000,-0.09,1
43330,1.90,0.0,0.0,0.0,0.0000,0.0000,0.0000,0.0000,0.00,0.00,0.00,0.000000,0.000000,-0.09,1
43330,1.88,0.0,0.0,0.0,0.0000,0.0000,0.0000,0.0000,0.00,0.00,0.00,0.000000,0.000000,-0.09,1
43343,1.90,0.0,0.0,0.0,0.0000,0.0000,0.0000,0.0000,0.00,0.00,0.00,0.000000,0.000000,-0.09,1
43343,1.90,0.0,0.0,0.0,0.0000,0.0000,0.0000,0.0000,0.00,0.00,0.00,0.000000,0.000000,-0.09,1
43343,1.90,0.0,0.0,0.0,0.0000,0.0000,0.0000,0.0000,0.00,0.00,0.00,0.000000,0.000000,-0.09,1
43343,1.90,0.0,0.0,0.0,0.0000,0.0000,0.0000,0.0000,0.00,0.00,0.00,0.000000,0.000000,-0.09,1
43343,1.90,0.0,0.0,0.0,0.0000,0.0000,0.0000,0.0000,0.00,0.00,0.00,0.000000,0.000000,-0.09,1
43356,1.90,0.0,0.0,0.0,0.0000,0.0000,0.0000,0.0000,0.00,0.00,0.00,0.000000,0.000000,-0.09,1
43356,1.88,0.0,0.0,0.0,0.0000,0.0000,0.0000,0.0000,0.00,0.00,0.00,0.000000,0.000000,-0.09,1
43356,1.90,0.0,0.0,0.0,0.0000,0.0000,0.0000,0.0000,0.00,0.00,0.00,0.000000,0.000000,-0.09,1
43356,1.88,0.0,0.0,0.0,0.0000,0.0000,0.0000,0.0000,0.00,0.00,0.00,0.000000,0.000000,-0.09,1
43356,1.90,0.0,0.0,0.0,0.0000,0.0000,0.0000,0.0000,0.00,0.00,0.00,0.000000,0.000000,-0.09,1
43368,1.90,0.0,0.0,0.0,0.0000,0.0000,0.0000,0.0000,0.00,0.00,0.00,0.000000,0.000000,-0.09,1
43368,1.90,0.0,0.0,0.0,0.0000,0.0000,0.0000,0.0000,0.00,0.00,0.00,0.000000,0.000000,-0.09,1
43368,1.88,0.0,0.0,0.0,0.0000,0.0000,0.0000,0.0000,0.00,0.00,0.00,0.000000,0.000000,-0.09,1
43368,1.90,0.0,0.0,0.0,0.0000,0.0000,0.0000,0.0000,0.00,0.00,0.00,0.000000,0.000000,-0.09,1
43368,1.88,0.0,0.0,0.0,0.0000,0.0000,0.0000,0.0000,0.00,0.00,0.00,0.000000,0.000000,-0.09,1
43381,1.90,0.0,0.0,0.0,0.0000,0.0000,0.0000,0.0000,0.00,0.00,0.00,0.000000,0.000000,-0.09,1
43381,1.90,0.0,0.0,0.0,0.0000,0.0000,0.0000,0.0000,0.00,0.00,0.00,0.000000,0.000000,-0.09,1
43381,1.90,0.0,0.0,0.0,0.0000,0.0000,0.0000,0.0000,0.00,0.00,0.00,0.000000,0.000000,-0.09,1
43381,1.88,0.0,0.0,0.0,0.0000,0.0000,0.0000,0.0000,0.00,0.00,0.00,0.000000,0.000000,-0.09,1
43381,1.90,0.0,0.0,0.0,0.0000,0.0000,0.0000,0.0000,0.00,0.00,0.00,0.000000,0.000000,-0.09,1
43394,1.88,0.0,0.0,0.0,0.0000,0.0000,0.0000,0.0000,0.00,0.00,0.00,0.000000,0.000000,-0.09,1
43394,1.90,0.0,0.0,0.0,0.0000,0.0000,0.0000,0.0000,0.00,0.00,0.00,0.000000,0.000000,-0.09,1
43394,1.90,0.0,0.0,0.0,0.0000,0.0000,0.0000,0.0000,0.00,0.00,0.00,0.000000,0.000000,-0.09,1
43394,1.90,0.0,0.0,0.0,0.0000,0.0000,0.0000,0.0000,0.00,0.00,0.00,0.000000,0.000000,-0.09,1
43394,1.90,0.0,0.0,0.0,0.0000,0.0000,0.0000,0.0000,0.00,0.00,0.00,0.000000,0.000000,-0.09,1
43419,1.90,0.0,0.0,0.0,0.0000,0.0000,0.0000,0.0000,0.00,0.00,0.00,0.000000,0.000000,-0.09,1
43419,1.90,0.0,0.0,0.0,0.0000,0.0000,0.0000,0.0000,0.00,0.00,0.00,0.000000,0.000000,-0.09,1
43419,1.90,0.0,0.0,0.0,0.0000,0.0000,0.0000,0.0000,0.00,0.00,0.00,0.000000,0.000000,-0.09,1
43419,1.90,0.0,0.0,0.0,0.0000,0.0000,0.0000,0.0000,0.00,0.00,0.00,0.000000,0.000000,-0.09,1
43448,1.90,0.0,0.0,0.0,0.0000,0.0000,0.0000,0.0000,0.00,0.00,0.00,0.000000,0.000000,-0.09,1
43448,1.90,0.0,0.0,0.0,0.0000,0.0000,0.0000,0.0000,0.00,0.00,0.00,0.000000,0.000000,-0.09,1
43448,1.90,0.0,0.0,0.0,0.0000,0.0000,0.0000,0.0000,0.00,0.00,0.00,0.000000,0.000000,-0.09,1
43448,1.90,0.0,0.0,0.0,0.0000,0.0000,0.0000,0.0000,0.00,0.00,0.00,0.000000,0.000000,-0.09,1
43448,1.90,0.0,0.0,0.0,0.0000,0.0000,0.0000,0.0000,0.00,0.00,0.00,0.000000,0.000000,-0.09,1
43458,1.90,0.0,0.0,0.0,0.0000,0.0000,0.0000,0.0000,0.00,0.00,0.00,0.000000,0.000000,-0.09,1
43458,1.90,0.0,0.0,0.0,0.0000,0.0000,0.0000,0.0000,0.00,0.00,0.00,0.000000,0.000000,-0.09,1
43458,1.88,0.0,0.0,0.0,0.0000,0.0000,0.0000,0.0000,0.00,0.00,0.00,0.000000,0.000000,-0.09,1
43458,1.90,0.0,0.0,0.0,0.0000,0.0000,0.0000,0.0000,0.00,0.00,0.00,0.000000,0.000000,-0.09,1
43458,1.90,0.0,0.0,0.0,0.0000,0.0000,0.0000,0.0000,0.00,0.00,0.00,0.000000,0.000000,-0.09,1
43470,1.88,0.0,0.0,0.0,0.0000,0.0000,0.0000,0.0000,0.00,0.00,0.00,0.000000,0.000000,-0.09,1
43470,1.90,0.0,0.0,0.0,0.0000,0.0000,0.0000,0.0000,0.00,0.00,0.00,0.000000,0.000000,-0.09,1
43470,1.90,0.0,0.0,0.0,0.0000,0.0000,0.0000,0.0000,0.00,0.00,0.00,0.000000,0.000000,-0.09,1
43470,1.88,0.0,0.0,0.0,0.0000,0.0000,0.0000,0.0000,0.00,0.00,0.00,0.000000,0.000000,-0.09,1
43470,1.90,0.0,0.0,0.0,0.0000,0.0000,0.0000,0.0000,0.00,0.00,0.00,0.000000,0.000000,-0.09,1
43483,1.90,0.0,0.0,0.0,0.0000,0.0000,0.0000,0.0000,0.00,0.00,0.00,0.000000,0.000000,-0.09,1
43483,1.90,0.0,0.0,0.0,0.0000,0.0000,0.0000,0.0000,0.00,0.00,0.00,0.000000,0.000000,-0.09,1
43483,1.88,0.0,0.0,0.0,0.0000,0.0000,0.0000,0.0000,0.00,0.00,0.00,0.000000,0.000000,-0.09,1
43483,1.90,0.0,0.0,0.0,0.0000,0.0000,0.0000,0.0000,0.00,0.00,0.00,0.000000,0.000000,-0.09,1
43483,1.90,0.0,0.0,0.0,0.0000,0.0000,0.0000,0.0000,0.00,0.00,0.00,0.000000,0.000000,-0.09,1
43496,1.90,0.0,0.0,0.0,0.0000,0.0000,0.0000,0.0000,0.00,0.00,0.00,0.000000,0.000000,-0.09,1
43496,1.90,0.0,0.0,0.0,0.0000,0.0000,0.0000,0.0000,0.00,0.00,0.00,0.000000,0.000000,-0.09,1
43496,1.90,0.0,0.0,0.0,0.0000,0.0000,0.0000,0.0000,0.00,0.00,0.00,0.000000,0.000000,-0.09,1
43496,1.90,0.0,0.0,0.0,0.0000,0.0000,0.0000,0.0000,0.00,0.00,0.00,0.000000,0.000000,-0.09,1
43496,1.90,0.0,0.0,0.0,0.0000,0.0000,0.0000,0.0000,0.00,0.00,0.00,0.000000,0.000000,-0.09,1
43509,1.88,0.0,0.0,0.0,0.0000,0.0000,0.0000,0.0000,0.00,0.00,0.00,0.000000,0.000000,-0.09,1
43509,1.90,0.0,0.0,0.0,0.0000,0.0000,0.0000,0.0000,0.00,0.00,0.00,0.000000,0.000000,-0.09,1
43509,1.88,0.0,0.0,0.0,0.0000,0.0000,0.0000,0.0000,0.00,0.00,0.00,0.000000,0.000000,-0.09,1
43509,1.90,0.0,0.0,0.0,0.0000,0.0000,0.0000,0.0000,0.00,0.00,0.00,0.000000,0.000000,-0.09,1
43509,1.90,0.0,0.0,0.0,0.0000,0.0000,0.0000,0.0000,0.00,0.00,0.00,0.000000,0.000000,-0.09,1
43521,1.90,0.0,0.0,0.0,0.0000,0.0000,0.0000,0.0000,0.00,0.00,0.00,0.000000,0.000000,-0.09,1
43521,1.90,0.0,0.0,0.0,0.0000,0.0000,0.0000,0.0000,0.00,0.00,0.00,0.000000,0.000000,-0.09,1
43521,1.90,0.0,0.0,0.0,0.0000,0.0000,0.0000,0.0000,0.00,0.00,0.00,0.000000,0.000000,-0.09,1
43521,1.88,0.0,0.0,0.0,0.0000,0.0000,0.0000,0.0000,0.00,0.00,0.00,0.000000,0.000000,-0.09,1
43521,1.90,0.0,0.0,0.0,0.0000,0.0000,0.0000,0.0000,0.00,0.00,0.00,0.000000,0.000000,-0.09,1
43534,1.90,0.0,0.0,0.0,0.0000,0.0000,0.0000,0.0000,0.00,0.00,0.00,0.000000,0.000000,-0.10,1
43534,1.90,0.0,0.0,0.0,0.0000,0.0000,0.0000,0.0000,0.00,0.00,0.00,0.000000,0.000000,-0.10,1
43534,1.90,0.0,0.0,0.0,0.0000,0.0000,0.0000,0.0000,0.00,0.00,0.00,0.000000,0.000000,-0.10,1
43534,1.90,0.0,0.0,0.0,0.0000,0.0000,0.0000,0.0000,0.00,0.00,0.00,0.000000,0.000000,-0.10,1
43534,1.90,0.0,0.0,0.0,0.0000,0.0000,0.0000,0.0000,0.00,0.00,0.00,0.000000,0.000000,-0.10,1
43547,1.90,0.0,0.0,0.0,0.0000,0.0000,0.0000,0.0000,0.00,0.00,0.00,0.000000,0.000000,-0.10,1
43547,1.90,0.0,0.0,0.0,0.0000,0.0000,0.0000,0.0000,0.00,0.00,0.00,0.000000,0.000000,-0.10,1
43547,1.90,0.0,0.0,0.0,0.0000,0.0000,0.0000,0.0000,0.00,0.00,0.00,0.000000,0.000000,-0.10,1
43547,1.90,0.0,0.0,0.0,0.0000,0.0000,0.0000,0.0000,0.00,0.00,0.00,0.000000,0.000000,-0.10,1
43547,1.88,0.0,0.0,0.0,0.0000,0.0000,0.0000,0.0000,0.00,0.00,0.00,0.000000,0.000000,-0.10,1
43560,1.90,0.0,0.0,0.0,0.0000,0.0000,0.0000,0.0000,0.00,0.00,0.00,0.000000,0.000000,-0.10,1
43560,1.90,0.0,0.0,0.0,0.0000,0.0000,0.0000,0.0000,0.00,0.00,0.00,0.000000,0.000000,-0.10,1
43560,1.88,0.0,0.0,0.0,0.0000,0.0000,0.0000,0.0000,0.00,0.00,0.00,0.000000,0.000000,-0.10,1
43560,1.90,0.0,0.0,0.0,0.0000,0.0000,0.0000,0.0000,0.00,0.00,0.00,0.000000,0.000000,-0.10,1
43560,1.90,0.0,0.0,0.0,0.0000,0.0000,0.0000,0.0000,0.00,0.00,0.00,0.000000,0.000000,-0.10,1
43575,1.90,0.0,0.0,0.0,0.0000,0.0000,0.0000,0.0000,0.00,0.00,0.00,0.000000,0.000000,-0.10,1
43575,1.90,0.0,0.0,0.0,0.0000,0.0000,0.0000,0.0000,0.00,0.00,0.00,0.000000,0.000000,-0.10,1
43575,1.90,0.0,0.0,0.0,0.0000,0.0000,0.0000,0.0000,0.00,0.00,0.00,0.000000,0.000000,-0.10,1
43575,1.90,0.0,0.0,0.0,0.0000,0.0000,0.0000,0.0000,0.00,0.00,0.00,0.000000,0.000000,-0.10,1
43575,1.90,0.0,0.0,0.0,0.0000,0.0000,0.0000,0.0000,0.00,0.00,0.00,0.000000,0.000000,-0.10,1
43585,1.90,0.0,0.0,0.0,0.0000,0.0000,0.0000,0.0000,0.00,0.00,0.00,0.000000,0.000000,-0.10,1
43585,1.90,0.0,0.0,0.0,0.0000,0.0000,0.0000,0.0000,0.00,0.00,0.00,0.000000,0.000000,-0.10,1
43585,1.90,0.0,0.0,0.0,0.0000,0.0000,0.0000,0.0000,0.00,0.00,0.00,0.000000,0.000000,-0.10,1
43585,1.90,0.0,0.0,0.0,0.0000,0.0000,0.0000,0.0000,0.00,0.00,0.00,0.000000,0.000000,-0.10,1
43585,1.90,0.0,0.0,0.0,0.0000,0.0000,0.0000,0.0000,0.00,0.00,0.00,0.000000,0.000000,-0.10,1
43598,1.88,0.0,0.0,0.0,0.0000,0.0000,0.0000,0.0000,0.00,0.00,0.00,0.000000,0.000000,-0.09,1
43598,1.90,0.0,0.0,0.0,0.0000,0.0000,0.0000,0.0000,0.00,0.00,0.00,0.000000,0.000000,-0.09,1
43598,1.90,0.0,0.0,0.0,0.0000,0.0000,0.0000,0.0000,0.00,0.00,0.00,0.000000,0.000000,-0.09,1
43598,1.90,0.0,0.0,0.0,0.0000,0.0000,0.0000,0.0000,0.00,0.00,0.00,0.000000,0.000000,-0.09,1
43598,1.88,0.0,0.0,0.0,0.0000,0.0000,0.0000,0.0000,0.00,0.00,0.00,0.000000,0.000000,-0.09,1
43611,1.90,0.0,0.0,0.0,0.0000,0.0000,0.0000,0.0000,0.00,0.00,0.00,0.000000,0.000000,-0.09,1
43611,1.90,0.0,0.0,0.0,0.0000,0.0000,0.0000,0.0000,0.00,0.00,0.00,0.000000,0.000000,-0.09,1
43611,1.90,0.0,0.0,0.0,0.0000,0.0000,0.0000,0.0000,0.00,0.00,0.00,0.000000,0.000000,-0.09,1
43611,1.90,0.0,0.0,0.0,0.0000,0.0000,0.0000,0.0000,0.00,0.00,0.00,0.000000,0.000000,-0.09,1
43611,1.90,0.0,0.0,0.0,0.0000,0.0000,0.0000,0.0000,0.00,0.00,0.00,0.000000,0.000000,-0.09,1
43623,1.90,0.0,0.0,0.0,0.0000,0.0000,0.0000,0.0000,0.00,0.00,0.00,0.000000,0.000000,-0.09,1
43623,1.90,0.0,0.0,0.0,0.0000,0.0000,0.0000,0.0000,0.00,0.00,0.00,0.000000,0.000000,-0.09,1
43623,1.90,0.0,0.0,0.0,0.0000,0.0000,0.0000,0.0000,0.00,0.00,0.00,0.000000,0.000000,-0.09,1
43623,1.90,0.0,0.0,0.0,0.0000,0.0000,0.0000,0.0000,0.00,0.00,0.00,0.000000,0.000000,-0.09,1
43623,1.90,0.0,0.0,0.0,0.0000,0.0000,0.0000,0.0000,0.00,0.00,0.00,0.000000,0.000000,-0.09,1
43636,1.90,0.0,0.0,0.0,0.0000,0.0000,0.0000,0.0000,0.00,0.00,0.00,0.000000,0.000000,-0.09,1
43636,1.90,0.0,0.0,0.0,0.0000,0.0000,0.0000,0.0000,0.00,0.00,0.00,0.000000,0.000000,-0.09,1
43636,1.90,0.0,0.0,0.0,0.0000,0.0000,0.0000,0.0000,0.00,0.00,0.00,0.000000,0.000000,-0.09,1
43636,1.90,0.0,0.0,0.0,0.0000,0.0000,0.0000,0.0000,0.00,0.00,0.00,0.000000,0.000000,-0.09,1
43636,1.90,0.0,0.0,0.0,0.0000,0.0000,0.0000,0.0000,0.00,0.00,0.00,0.000000,0.000000,-0.09,1
43649,1.90,0.0,0.0,0.0,0.0000,0.0000,0.0000,0.0000,0.00,0.00,0.00,0.000000,0.000000,-0.09,1
43649,1.88,0.0,0.0,0.0,0.0000,0.0000,0.0000,0.0000,0.00,0.00,0.00,0.000000,0.000000,-0.09,1
43649,1.90,0.0,0.0,0.0,0.0000,0.0000,0.0000,0.0000,0.00,0.00,0.00,0.000000,0.000000,-0.09,1
43649,1.90,0.0,0.0,0.0,0.0000,0.0000,0.0000,0.0000,0.00,0.00,0.00,0.000000,0.000000,-0.09,1
43649,1.90,0.0,0.0,0.0,0.0000,0.0000,0.0000,0.0000,0.00,0.00,0.00,0.000000,0.000000,-0.09,1
43662,1.90,0.0,0.0,0.0,0.0000,0.0000,0.0000,0.0000,0.00,0.00,0.00,0.000000,0.000000,-0.09,1
43662,1.90,0.0,0.0,0.0,0.0000,0.0000,0.0000,0.0000,0.00,0.00,0.00,0.000000,0.000000,-0.09,1
43662,1.90,0.0,0.0,0.0,0.0000,0.0000,0.0000,0.0000,0.00,0.00,0.00,0.000000,0.000000,-0.09,1
43662,1.90,0.0,0.0,0.0,0.0000,0.0000,0.0000,0.0000,0.00,0.00,0.00,0.000000,0.000000,-0.09,1
43662,1.90,0.0,0.0,0.0,0.0000,0.0000,0.0000,0.0000,0.00,0.00,0.00,0.000000,0.000000,-0.09,1
43674,1.90,0.0,0.0,0.0,0.0000,0.0000,0.0000,0.0000,0.00,0.00,0.00,0.000000,0.000000,-0.09,1
43674,1.90,0.0,0.0,0.0,0.0000,0.0000,0.0000,0.0000,0.00,0.00,0.00,0.000000,0.000000,-0.09,1
43674,1.90,0.0,0.0,0.0,0.0000,0.0000,0.0000,0.0000,0.00,0.00,0.00,0.000000,0.000000,-0.09,1
43674,1.90,0.0,0.0,0.0,0.0000,0.0000,0.0000,0.0000,0.00,0.00,0.00,0.000000,0.000000,-0.09,1
43674,1.88,0.0,0.0,0.0,0.0000,0.0000,0.0000,0.0000,0.00,0.00,0.00,0.000000,0.000000,-0.09,1
43687,1.90,0.0,0.0,0.0,0.0000,0.0000,0.0000,0.0000,0.00,0.00,0.00,0.000000,0.000000,-0.09,1
43687,1.90,0.0,0.0,0.0,0.0000,0.0000,0.0000,0.0000,0.00,0.00,0.00,0.000000,0.000000,-0.09,1
43687,1.90,0.0,0.0,0.0,0.0000,0.0000,0.0000,0.0000,0.00,0.00,0.00,0.000000,0.000000,-0.09,1
43687,1.90,0.0,0.0,0.0,0.0000,0.0000,0.0000,0.0000,0.00,0.00,0.00,0.000000,0.000000,-0.09,1
43687,1.90,0.0,0.0,0.0,0.0000,0.0000,0.0000,0.0000,0.00,0.00,0.00,0.000000,0.000000,-0.09,1
43702,1.90,0.0,0.0,0.0,0.0000,0.0000,0.0000,0.0000,0.00,0.00,0.00,0.000000,0.000000,-0.09,1
43702,1.90,0.0,0.0,0.0,0.0000,0.0000,0.0000,0.0000,0.00,0.00,0.00,0.000000,0.000000,-0.09,1
43702,1.90,0.0,0.0,0.0,0.0000,0.0000,0.0000,0.0000,0.00,0.00,0.00,0.000000,0.000000,-0.09,1
43702,1.90,0.0,0.0,0.0,0.0000,0.0000,0.0000,0.0000,0.00,0.00,0.00,0.000000,0.000000,-0.09,1
43702,1.90,0.0,0.0,0.0,0.0000,0.0000,0.0000,0.0000,0.00,0.00,0.00,0.000000,0.000000,-0.09,1
43713,1.90,0.0,0.0,0.0,0.0000,0.0000,0.0000,0.0000,0.00,0.00,0.00,0.000000,0.000000,-0.09,1
43713,1.90,0.0,0.0,0.0,0.0000,0.0000,0.0000,0.0000,0.00,0.00,0.00,0.000000,0.000000,-0.09,1
43713,1.90,0.0,0.0,0.0,0.0000,0.0000,0.0000,0.0000,0.00,0.00,0.00,0.000000,0.000000,-0.09,1
43713,1.90,0.0,0.0,0.0,0.0000,0.0000,0.0000,0.0000,0.00,0.00,0.00,0.000000,0.000000,-0.09,1
43713,1.90,0.0,0.0,0.0,0.0000,0.0000,0.0000,0.0000,0.00,0.00,0.00,0.000000,0.000000,-0.09,1
43726,1.90,0.0,0.0,0.0,0.0000,0.0000,0.0000,0.0000,0.00,0.00,0.00,0.000000,0.000000,-0.09,1
43726,1.90,0.0,0.0,0.0,0.0000,0.0000,0.0000,0.0000,0.00,0.00,0.00,0.000000,0.000000,-0.09,1
43726,1.90,0.0,0.0,0.0,0.0000,0.0000,0.0000,0.0000,0.00,0.00,0.00,0.000000,0.000000,-0.09,1
43726,1.90,0.0,0.0,0.0,0.0000,0.0000,0.0000,0.0000,0.00,0.00,0.00,0.000000,0.000000,-0.09,1
43726,1.90,0.0,0.0,0.0,0.0000,0.0000,0.0000,0.0000,0.00,0.00,0.00,0.000000,0.000000,-0.09,1
43738,1.90,0.0,0.0,0.0,0.0000,0.0000,0.0000,0.0000,0.00,0.00,0.00,0.000000,0.000000,-0.09,1
43738,1.90,0.0,0.0,0.0,0.0000,0.0000,0.0000,0.0000,0.00,0.00,0.00,0.000000,0.000000,-0.09,1
43738,1.90,0.0,0.0,0.0,0.0000,0.0000,0.0000,0.0000,0.00,0.00,0.00,0.000000,0.000000,-0.09,1
43738,1.90,0.0,0.0,0.0,0.0000,0.0000,0.0000,0.0000,0.00,0.00,0.00,0.000000,0.000000,-0.09,1
43738,1.90,0.0,0.0,0.0,0.0000,0.0000,0.0000,0.0000,0.00,0.00,0.00,0.000000,0.000000,-0.09,1
43751,1.90,0.0,0.0,0.0,0.0000,0.0000,0.0000,0.0000,0.00,0.00,0.00,0.000000,0.000000,-0.09,1
43751,1.90,0.0,0.0,0.0,0.0000,0.0000,0.0000,0.0000,0.00,0.00,0.00,0.000000,0.000000,-0.09,1
43751,1.90,0.0,0.0,0.0,0.0000,0.0000,0.0000,0.0000,0.00,0.00,0.00,0.000000,0.000000,-0.09,1
43751,1.90,0.0,0.0,0.0,0.0000,0.0000,0.0000,0.0000,0.00,0.00,0.00,0.000000,0.000000,-0.09,1
43751,1.90,0.0,0.0,0.0,0.0000,0.0000,0.0000,0.0000,0.00,0.00,0.00,0.000000,0.000000,-0.09,1
43764,1.90,0.0,0.0,0.0,0.0000,0.0000,0.0000,0.0000,0.00,0.00,0.00,0.000000,0.000000,-0.09,1
43764,1.90,0.0,0.0,0.0,0.0000,0.0000,0.0000,0.0000,0.00,0.00,0.00,0.000000,0.000000,-0.09,1
43764,1.88,0.0,0.0,0.0,0.0000,0.0000,0.0000,0.0000,0.00,0.00,0.00,0.000000,0.000000,-0.09,1
43764,1.90,0.0,0.0,0.0,0.0000,0.0000,0.0000,0.0000,0.00,0.00,0.00,0.000000,0.000000,-0.09,1
43764,1.90,0.0,0.0,0.0,0.0000,0.0000,0.0000,0.0000,0.00,0.00,0.00,0.000000,0.000000,-0.09,1
43782,1.90,0.0,0.0,0.0,0.0000,0.0000,0.0000,0.0000,0.00,0.00,0.00,0.000000,0.000000,-0.09,1
43782,1.90,0.0,0.0,0.0,0.0000,0.0000,0.0000,0.0000,0.00,0.00,0.00,0.000000,0.000000,-0.09,1
43782,1.90,0.0,0.0,0.0,0.0000,0.0000,0.0000,0.0000,0.00,0.00,0.00,0.000000,0.000000,-0.09,1
43782,1.90,0.0,0.0,0.0,0.0000,0.0000,0.0000,0.0000,0.00,0.00,0.00,0.000000,0.000000,-0.09,1
43782,1.90,0.0,0.0,0.0,0.0000,0.0000,0.0000,0.0000,0.00,0.00,0.00,0.000000,0.000000,-0.09,1
43789,1.90,0.0,0.0,0.0,0.0000,0.0000,0.0000,0.0000,0.00,0.00,0.00,0.000000,0.000000,-0.09,1
43789,1.88,0.0,0.0,0.0,0.0000,0.0000,0.0000,0.0000,0.00,0.00,0.00,0.000000,0.000000,-0.09,1
43789,1.90,0.0,0.0,0.0,0.0000,0.0000,0.0000,0.0000,0.00,0.00,0.00,0.000000,0.000000,-0.09,1
43789,1.90,0.0,0.0,0.0,0.0000,0.0000,0.0000,0.0000,0.00,0.00,0.00,0.000000,0.000000,-0.09,1
43789,1.90,0.0,0.0,0.0,0.0000,0.0000,0.0000,0.0000,0.00,0.00,0.00,0.000000,0.000000,-0.09,1
43802,1.90,0.0,0.0,0.0,0.0000,0.0000,0.0000,0.0000,0.00,0.00,0.00,0.000000,0.000000,-0.09,1
43802,1.90,0.0,0.0,0.0,0.0000,0.0000,0.0000,0.0000,0.00,0.00,0.00,0.000000,0.000000,-0.09,1
43802,1.90,0.0,0.0,0.0,0.0000,0.0000,0.0000,0.0000,0.00,0.00,0.00,0.000000,0.000000,-0.09,1
43802,1.90,0.0,0.0,0.0,0.0000,0.0000,0.0000,0.0000,0.00,0.00,0.00,0.000000,0.000000,-0.09,1
43802,1.90,0.0,0.0,0.0,0.0000,0.0000,0.0000,0.0000,0.00,0.00,0.00,0.000000,0.000000,-0.09,1
43815,1.90,0.0,0.0,0.0,0.0000,0.0000,0.0000,0.0000,0.00,0.00,0.00,0.000000,0.000000,-0.09,1
43815,1.90,0.0,0.0,0.0,0.0000,0.0000,0.0000,0.0000,0.00,0.00,0.00,0.000000,0.000000,-0.09,1
43815,1.90,0.0,0.0,0.0,0.0000,0.0000,0.0000,0.0000,0.00,0.00,0.00,0.000000,0.000000,-0.09,1
43815,1.90,0.0,0.0,0.0,0.0000,0.0000,0.0000,0.0000,0.00,0.00,0.00,0.000000,0.000000,-0.09,1
43815,1.90,0.0,0.0,0.0,0.0000,0.0000,0.0000,0.0000,0.00,0.00,0.00,0.000000,0.000000,-0.09,1
43827,1.90,0.0,0.0,0.0,0.0000,0.0000,0.0000,0.0000,0.00,0.00,0.00,0.000000,0.000000,-0.09,1
43827,1.90,0.0,0.0,0.0,0.0000,0.0000,0.0000,0.0000,0.00,0.00,0.00,0.000000,0.000000,-0.09,1
43827,1.90,0.0,0.0,0.0,0.0000,0.0000,0.0000,0.0000,0.00,0.00,0.00,0.000000,0.000000,-0.09,1
43827,1.90,0.0,0.0,0.0,0.0000,0.0000,0.0000,0.0000,0.00,0.00,0.00,0.000000,0.000000,-0.09,1
43827,1.90,0.0,0.0,0.0,0.0000,0.0000,0.0000,0.0000,0.00,0.00,0.00,0.000000,0.000000,-0.09,1
43840,1.90,0.0,0.0,0.0,0.0000,0.0000,0.0000,0.0000,0.00,0.00,0.00,0.000000,0.000000,-0.09,1
43840,1.90,0.0,0.0,0.0,0.0000,0.0000,0.0000,0.0000,0.00,0.00,0.00,0.000000,0.000000,-0.09,1
43840,1.90,0.0,0.0,0.0,0.0000,0.0000,0.0000,0.0000,0.00,0.00,0.00,0.000000,0.000000,-0.09,1
43840,1.90,0.0,0.0,0.0,0.0000,0.0000,0.0000,0.0000,0.00,0.00,0.00,0.000000,0.000000,-0.09,1
43840,1.90,0.0,0.0,0.0,0.0000,0.0000,0.0000,0.0000,0.00,0.00,0.00,0.000000,0.000000,-0.09,1
43853,1.90,0.0,0.0,0.0,0.0000,0.0000,0.0000,0.0000,0.00,0.00,0.00,0.000000,0.000000,-0.09,1
43853,1.90,0.0,0.0,0.0,0.0000,0.0000,0.0000,0.0000,0.00,0.00,0.00,0.000000,0.000000,-0.09,1
43853,1.90,0.0,0.0,0.0,0.0000,0.0000,0.0000,0.0000,0.00,0.00,0.00,0.000000,0.000000,-0.09,1
43853,1.90,0.0,0.0,0.0,0.0000,0.0000,0.0000,0.0000,0.00,0.00,0.00,0.000000,0.000000,-0.09,1
43853,1.90,0.0,0.0,0.0,0.0000,0.0000,0.0000,0.0000,0.00,0.00,0.00,0.000000,0.000000,-0.09,1
43866,1.90,0.0,0.0,0.0,0.0000,0.0000,0.0000,0.0000,0.00,0.00,0.00,0.000000,0.000000,-0.09,1
43866,1.90,0.0,0.0,0.0,0.0000,0.0000,0.0000,0.0000,0.00,0.00,0.00,0.000000,0.000000,-0.09,1
43866,1.90,0.0,0.0,0.0,0.0000,0.0000,0.0000,0.0000,0.00,0.00,0.00,0.000000,0.000000,-0.09,1
43866,1.90,0.0,0.0,0.0,0.0000,0.0000,0.0000,0.0000,0.00,0.00,0.00,0.000000,0.000000,-0.09,1
43866,1.90,0.0,0.0,0.0,0.0000,0.0000,0.0000,0.0000,0.00,0.00,0.00,0.000000,0.000000,-0.09,1
43879,1.90,0.0,0.0,0.0,0.0000,0.0000,0.0000,0.0000,0.00,0.00,0.00,0.000000,0.000000,-0.09,1
43879,1.90,0.0,0.0,0.0,0.0000,0.0000,0.0000,0.0000,0.00,0.00,0.00,0.000000,0.000000,-0.09,1
43879,1.90,0.0,0.0,0.0,0.0000,0.0000,0.0000,0.0000,0.00,0.00,0.00,0.000000,0.000000,-0.09,1
43879,1.90,0.0,0.0,0.0,0.0000,0.0000,0.0000,0.0000,0.00,0.00,0.00,0.000000,0.000000,-0.09,1
43879,1.90,0.0,0.0,0.0,0.0000,0.0000,0.0000,0.0000,0.00,0.00,0.00,0.000000,0.000000,-0.09,1
43891,1.90,0.0,0.0,0.0,0.0000,0.0000,0.0000,0.0000,0.00,0.00,0.00,0.000000,0.000000,-0.09,1
43891,1.90,0.0,0.0,0.0,0.0000,0.0000,0.0000,0.0000,0.00,0.00,0.00,0.000000,0.000000,-0.09,1
43891,1.90,0.0,0.0,0.0,0.0000,0.0000,0.0000,0.0000,0.00,0.00,0.00,0.000000,0.000000,-0.09,1
43891,1.90,0.0,0.0,0.0,0.0000,0.0000,0.0000,0.0000,0.00,0.00,0.00,0.000000,0.000000,-0.09,1
43891,1.90,0.0,0.0,0.0,0.0000,0.0000,0.0000,0.0000,0.00,0.00,0.00,0.000000,0.000000,-0.09,1
43909,1.90,0.0,0.0,0.0,0.0000,0.0000,0.0000,0.0000,0.00,0.00,0.00,0.000000,0.000000,-0.09,1
43909,1.90,0.0,0.0,0.0,0.0000,0.0000,0.0000,0.0000,0.00,0.00,0.00,0.000000,0.000000,-0.09,1
43909,1.88,0.0,0.0,0.0,0.0000,0.0000,0.0000,0.0000,0.00,0.00,0.00,0.000000,0.000000,-0.09,1
43909,1.90,0.0,0.0,0.0,0.0000,0.0000,0.0000,0.0000,0.00,0.00,0.00,0.000000,0.000000,-0.09,1
43909,1.90,0.0,0.0,0.0,0.0000,0.0000,0.0000,0.0000,0.00,0.00,0.00,0.000000,0.000000,-0.09,1
43917,1.90,0.0,0.0,0.0,0.0000,0.0000,0.0000,0.0000,0.00,0.00,0.00,0.000000,0.000000,-0.09,1
43917,1.90,0.0,0.0,0.0,0.0000,0.0000,0.0000,0.0000,0.00,0.00,0.00,0.000000,0.000000,-0.09,1
43917,1.90,0.0,0.0,0.0,0.0000,0.0000,0.0000,0.0000,0.00,0.00,0.00,0.000000,0.000000,-0.09,1
43917,1.90,0.0,0.0,0.0,0.0000,0.0000,0.0000,0.0000,0.00,0.00,0.00,0.000000,0.000000,-0.09,1
43917,1.90,0.0,0.0,0.0,0.0000,0.0000,0.0000,0.0000,0.00,0.00,0.00,0.000000,0.000000,-0.09,1
43930,1.90,0.0,0.0,0.0,0.0000,0.0000,0.0000,0.0000,0.00,0.00,0.00,0.000000,0.000000,-0.10,1
43930,1.90,0.0,0.0,0.0,0.0000,0.0000,0.0000,0.0000,0.00,0.00,0.00,0.000000,0.000000,-0.10,1
43930,1.90,0.0,0.0,0.0,0.0000,0.0000,0.0000,0.0000,0.00,0.00,0.00,0.000000,0.000000,-0.10,1
43930,1.90,0.0,0.0,0.0,0.0000,0.0000,0.0000,0.0000,0.00,0.00,0.00,0.000000,0.000000,-0.10,1
43930,1.90,0.0,0.0,0.0,0.0000,0.0000,0.0000,0.0000,0.00,0.00,0.00,0.000000,0.000000,-0.10,1
43942,1.90,0.0,0.0,0.0,0.0000,0.0000,0.0000,0.0000,0.00,0.00,0.00,0.000000,0.000000,-0.10,1
43942,1.90,0.0,0.0,0.0,0.0000,0.0000,0.0000,0.0000,0.00,0.00,0.00,0.000000,0.000000,-0.10,1
43942,1.90,0.0,0.0,0.0,0.0000,0.0000,0.0000,0.0000,0.00,0.00,0.00,0.000000,0.000000,-0.10,1
43942,1.90,0.0,0.0,0.0,0.0000,0.0000,0.0000,0.0000,0.00,0.00,0.00,0.000000,0.000000,-0.10,1
43942,1.90,0.0,0.0,0.0,0.0000,0.0000,0.0000,0.0000,0.00,0.00,0.00,0.000000,0.000000,-0.10,1
43955,1.90,0.0,0.0,0.0,0.0000,0.0000,0.0000,0.0000,0.00,0.00,0.00,0.000000,0.000000,-0.10,1
43955,1.90,0.0,0.0,0.0,0.0000,0.0000,0.0000,0.0000,0.00,0.00,0.00,0.000000,0.000000,-0.10,1
43955,1.90,0.0,0.0,0.0,0.0000,0.0000,0.0000,0.0000,0.00,0.00,0.00,0.000000,0.000000,-0.10,1
43955,1.90,0.0,0.0,0.0,0.0000,0.0000,0.0000,0.0000,0.00,0.00,0.00,0.000000,0.000000,-0.10,1
43955,1.90,0.0,0.0,0.0,0.0000,0.0000,0.0000,0.0000,0.00,0.00,0.00,0.000000,0.000000,-0.10,1
43968,1.90,0.0,0.0,0.0,0.0000,0.0000,0.0000,0.0000,0.00,0.00,0.00,0.000000,0.000000,-0.10,1
43968,1.90,0.0,0.0,0.0,0.0000,0.0000,0.0000,0.0000,0.00,0.00,0.00,0.000000,0.000000,-0.10,1
43968,1.90,0.0,0.0,0.0,0.0000,0.0000,0.0000,0.0000,0.00,0.00,0.00,0.000000,0.000000,-0.10,1
43968,1.90,0.0,0.0,0.0,0.0000,0.0000,0.0000,0.0000,0.00,0.00,0.00,0.000000,0.000000,-0.10,1
43968,1.90,0.0,0.0,0.0,0.0000,0.0000,0.0000,0.0000,0.00,0.00,0.00,0.000000,0.000000,-0.10,1
43980,1.90,0.0,0.0,0.0,0.0000,0.0000,0.0000,0.0000,0.00,0.00,0.00,0.000000,0.000000,-0.10,1
43980,1.88,0.0,0.0,0.0,0.0000,0.0000,0.0000,0.0000,0.00,0.00,0.00,0.000000,0.000000,-0.10,1
43980,1.90,0.0,0.0,0.0,0.0000,0.0000,0.0000,0.0000,0.00,0.00,0.00,0.000000,0.000000,-0.10,1
43980,1.90,0.0,0.0,0.0,0.0000,0.0000,0.0000,0.0000,0.00,0.00,0.00,0.000000,0.000000,-0.10,1
43980,1.90,0.0,0.0,0.0,0.0000,0.0000,0.0000,0.0000,0.00,0.00,0.00,0.000000,0.000000,-0.10,1
43993,1.90,0.0,0.0,0.0,0.0000,0.0000,0.0000,0.0000,0.00,0.00,0.00,0.000000,0.000000,-0.10,1
43993,1.90,0.0,0.0,0.0,0.0000,0.0000,0.0000,0.0000,0.00,0.00,0.00,0.000000,0.000000,-0.10,1
43993,1.90,0.0,0.0,0.0,0.0000,0.0000,0.0000,0.0000,0.00,0.00,0.00,0.000000,0.000000,-0.10,1
43993,1.90,0.0,0.0,0.0,0.0000,0.0000,0.0000,0.0000,0.00,0.00,0.00,0.000000,0.000000,-0.10,1
43993,1.90,0.0,0.0,0.0,0.0000,0.0000,0.0000,0.0000,0.00,0.00,0.00,0.000000,0.000000,-0.10,1
44006,1.90,0.0,0.0,0.0,0.0000,0.0000,0.0000,0.0000,0.00,0.00,0.00,0.000000,0.000000,-0.10,1
44006,1.88,0.0,0.0,0.0,0.0000,0.0000,0.0000,0.0000,0.00,0.00,0.00,0.000000,0.000000,-0.10,1
44006,1.90,0.0,0.0,0.0,0.0000,0.0000,0.0000,0.0000,0.00,0.00,0.00,0.000000,0.000000,-0.10,1
44006,1.90,0.0,0.0,0.0,0.0000,0.0000,0.0000,0.0000,0.00,0.00,0.00,0.000000,0.000000,-0.10,1
44006,1.90,0.0,0.0,0.0,0.0000,0.0000,0.0000,0.0000,0.00,0.00,0.00,0.000000,0.000000,-0.10,1
44019,1.90,0.0,0.0,0.0,0.0000,0.0000,0.0000,0.0000,0.00,0.00,0.00,0.000000,0.000000,-0.10,1
44019,1.90,0.0,0.0,0.0,0.0000,0.0000,0.0000,0.0000,0.00,0.00,0.00,0.000000,0.000000,-0.10,1
44019,1.90,0.0,0.0,0.0,0.0000,0.0000,0.0000,0.0000,0.00,0.00,0.00,0.000000,0.000000,-0.10,1
44019,1.90,0.0,0.0,0.0,0.0000,0.0000,0.0000,0.0000,0.00,0.00,0.00,0.000000,0.000000,-0.10,1
44019,1.90,0.0,0.0,0.0,0.0000,0.0000,0.0000,0.0000,0.00,0.00,0.00,0.000000,0.000000,-0.10,1
44036,1.90,0.0,0.0,0.0,0.0000,0.0000,0.0000,0.0000,0.00,0.00,0.00,0.000000,0.000000,-0.10,1
44036,1.90,0.0,0.0,0.0,0.0000,0.0000,0.0000,0.0000,0.00,0.00,0.00,0.000000,0.000000,-0.10,1
44036,1.90,0.0,0.0,0.0,0.0000,0.0000,0.0000,0.0000,0.00,0.00,0.00,0.000000,0.000000,-0.10,1
44036,1.90,0.0,0.0,0.0,0.0000,0.0000,0.0000,0.0000,0.00,0.00,0.00,0.000000,0.000000,-0.10,1
44036,1.90,0.0,0.0,0.0,0.0000,0.0000,0.0000,0.0000,0.00,0.00,0.00,0.000000,0.000000,-0.10,1
44044,1.90,0.0,0.0,0.0,0.0000,0.0000,0.0000,0.0000,0.00,0.00,0.00,0.000000,0.000000,-0.10,1
44044,1.90,0.0,0.0,0.0,0.0000,0.0000,0.0000,0.0000,0.00,0.00,0.00,0.000000,0.000000,-0.10,1
44044,1.90,0.0,0.0,0.0,0.0000,0.0000,0.0000,0.0000,0.00,0.00,0.00,0.000000,0.000000,-0.10,1
44044,1.90,0.0,0.0,0.0,0.0000,0.0000,0.0000,0.0000,0.00,0.00,0.00,0.000000,0.000000,-0.10,1
44044,1.90,0.0,0.0,0.0,0.0000,0.0000,0.0000,0.0000,0.00,0.00,0.00,0.000000,0.000000,-0.10,1
44057,1.90,0.0,0.0,0.0,0.0000,0.0000,0.0000,0.0000,0.00,0.00,0.00,0.000000,0.000000,-0.09,1
44057,1.90,0.0,0.0,0.0,0.0000,0.0000,0.0000,0.0000,0.00,0.00,0.00,0.000000,0.000000,-0.09,1
44057,1.88,0.0,0.0,0.0,0.0000,0.0000,0.0000,0.0000,0.00,0.00,0.00,0.000000,0.000000,-0.09,1
44057,1.90,0.0,0.0,0.0,0.0000,0.0000,0.0000,0.0000,0.00,0.00,0.00,0.000000,0.000000,-0.09,1
44057,1.90,0.0,0.0,0.0,0.0000,0.0000,0.0000,0.0000,0.00,0.00,0.00,0.000000,0.000000,-0.09,1
44070,1.90,0.0,0.0,0.0,0.0000,0.0000,0.0000,0.0000,0.00,0.00,0.00,0.000000,0.000000,-0.09,1
44070,1.90,0.0,0.0,0.0,0.0000,0.0000,0.0000,0.0000,0.00,0.00,0.00,0.000000,0.000000,-0.09,1
44070,1.90,0.0,0.0,0.0,0.0000,0.0000,0.0000,0.0000,0.00,0.00,0.00,0.000000,0.000000,-0.09,1
44070,1.90,0.0,0.0,0.0,0.0000,0.0000,0.0000,0.0000,0.00,0.00,0.00,0.000000,0.000000,-0.09,1
44070,1.90,0.0,0.0,0.0,0.0000,0.0000,0.0000,0.0000,0.00,0.00,0.00,0.000000,0.000000,-0.09,1
44082,1.90,0.0,0.0,0.0,0.0000,0.0000,0.0000,0.0000,0.00,0.00,0.00,0.000000,0.000000,-0.09,1
44082,1.90,0.0,0.0,0.0,0.0000,0.0000,0.0000,0.0000,0.00,0.00,0.00,0.000000,0.000000,-0.09,1
44082,1.90,0.0,0.0,0.0,0.0000,0.0000,0.0000,0.0000,0.00,0.00,0.00,0.000000,0.000000,-0.09,1
44082,1.88,0.0,0.0,0.0,0.0000,0.0000,0.0000,0.0000,0.00,0.00,0.00,0.000000,0.000000,-0.09,1
44082,1.90,0.0,0.0,0.0,0.0000,0.0000,0.0000,0.0000,0.00,0.00,0.00,0.000000,0.000000,-0.09,1
44121,1.90,0.0,0.0,0.0,0.0000,0.0000,0.0000,0.0000,0.00,0.00,0.00,0.000000,0.000000,-0.09,1
44121,1.90,0.0,0.0,0.0,0.0000,0.0000,0.0000,0.0000,0.00,0.00,0.00,0.000000,0.000000,-0.09,1
44121,1.90,0.0,0.0,0.0,0.0000,0.0000,0.0000,0.0000,0.00,0.00,0.00,0.000000,0.000000,-0.09,1
44121,1.90,0.0,0.0,0.0,0.0000,0.0000,0.0000,0.0000,0.00,0.00,0.00,0.000000,0.000000,-0.09,1
44134,1.90,0.0,0.0,0.0,0.0000,0.0000,0.0000,0.0000,0.00,0.00,0.00,0.000000,0.000000,-0.09,1
44134,1.90,0.0,0.0,0.0,0.0000,0.0000,0.0000,0.0000,0.00,0.00,0.00,0.000000,0.000000,-0.09,1
44134,1.90,0.0,0.0,0.0,0.0000,0.0000,0.0000,0.0000,0.00,0.00,0.00,0.000000,0.000000,-0.09,1
44134,1.90,0.0,0.0,0.0,0.0000,0.0000,0.0000,0.0000,0.00,0.00,0.00,0.000000,0.000000,-0.09,1
44134,1.90,0.0,0.0,0.0,0.0000,0.0000,0.0000,0.0000,0.00,0.00,0.00,0.000000,0.000000,-0.09,1
44146,1.90,0.0,0.0,0.0,0.0000,0.0000,0.0000,0.0000,0.00,0.00,0.00,0.000000,0.000000,-0.09,1
44146,1.90,0.0,0.0,0.0,0.0000,0.0000,0.0000,0.0000,0.00,0.00,0.00,0.000000,0.000000,-0.09,1
44146,1.90,0.0,0.0,0.0,0.0000,0.0000,0.0000,0.0000,0.00,0.00,0.00,0.000000,0.000000,-0.09,1
44146,1.90,0.0,0.0,0.0,0.0000,0.0000,0.0000,0.0000,0.00,0.00,0.00,0.000000,0.000000,-0.09,1
44146,1.90,0.0,0.0,0.0,0.0000,0.0000,0.0000,0.0000,0.00,0.00,0.00,0.000000,0.000000,-0.09,1
44163,1.90,0.0,0.0,0.0,0.0000,0.0000,0.0000,0.0000,0.00,0.00,0.00,0.000000,0.000000,-0.09,1
44163,1.88,0.0,0.0,0.0,0.0000,0.0000,0.0000,0.0000,0.00,0.00,0.00,0.000000,0.000000,-0.09,1
44163,1.90,0.0,0.0,0.0,0.0000,0.0000,0.0000,0.0000,0.00,0.00,0.00,0.000000,0.000000,-0.09,1
44163,1.88,0.0,0.0,0.0,0.0000,0.0000,0.0000,0.0000,0.00,0.00,0.00,0.000000,0.000000,-0.09,1
44163,1.90,0.0,0.0,0.0,0.0000,0.0000,0.0000,0.0000,0.00,0.00,0.00,0.000000,0.000000,-0.09,1
44172,1.90,0.0,0.0,0.0,0.0000,0.0000,0.0000,0.0000,0.00,0.00,0.00,0.000000,0.000000,-0.09,1
44172,1.90,0.0,0.0,0.0,0.0000,0.0000,0.0000,0.0000,0.00,0.00,0.00,0.000000,0.000000,-0.09,1
44172,1.90,0.0,0.0,0.0,0.0000,0.0000,0.0000,0.0000,0.00,0.00,0.00,0.000000,0.000000,-0.09,1
44172,1.90,0.0,0.0,0.0,0.0000,0.0000,0.0000,0.0000,0.00,0.00,0.00,0.000000,0.000000,-0.09,1
44172,1.90,0.0,0.0,0.0,0.0000,0.0000,0.0000,0.0000,0.00,0.00,0.00,0.000000,0.000000,-0.09,1
44184,1.90,0.0,0.0,0.0,0.0000,0.0000,0.0000,0.0000,0.00,0.00,0.00,0.000000,0.000000,-0.09,1
44184,1.90,0.0,0.0,0.0,0.0000,0.0000,0.0000,0.0000,0.00,0.00,0.00,0.000000,0.000000,-0.09,1
44184,1.90,0.0,0.0,0.0,0.0000,0.0000,0.0000,0.0000,0.00,0.00,0.00,0.000000,0.000000,-0.09,1
44184,1.90,0.0,0.0,0.0,0.0000,0.0000,0.0000,0.0000,0.00,0.00,0.00,0.000000,0.000000,-0.09,1
44184,1.90,0.0,0.0,0.0,0.0000,0.0000,0.0000,0.0000,0.00,0.00,0.00,0.000000,0.000000,-0.09,1
44197,1.90,0.0,0.0,0.0,0.0000,0.0000,0.0000,0.0000,0.00,0.00,0.00,0.000000,0.000000,-0.09,1
44197,1.90,0.0,0.0,0.0,0.0000,0.0000,0.0000,0.0000,0.00,0.00,0.00,0.000000,0.000000,-0.09,1
44197,1.90,0.0,0.0,0.0,0.0000,0.0000,0.0000,0.0000,0.00,0.00,0.00,0.000000,0.000000,-0.09,1
44197,1.90,0.0,0.0,0.0,0.0000,0.0000,0.0000,0.0000,0.00,0.00,0.00,0.000000,0.000000,-0.09,1
44197,1.90,0.0,0.0,0.0,0.0000,0.0000,0.0000,0.0000,0.00,0.00,0.00,0.000000,0.000000,-0.09,1
44210,1.90,0.0,0.0,0.0,0.0000,0.0000,0.0000,0.0000,0.00,0.00,0.00,0.000000,0.000000,-0.09,1
44210,1.90,0.0,0.0,0.0,0.0000,0.0000,0.0000,0.0000,0.00,0.00,0.00,0.000000,0.000000,-0.09,1
44210,1.88,0.0,0.0,0.0,0.0000,0.0000,0.0000,0.0000,0.00,0.00,0.00,0.000000,0.000000,-0.09,1
44210,1.90,0.0,0.0,0.0,0.0000,0.0000,0.0000,0.0000,0.00,0.00,0.00,0.000000,0.000000,-0.09,1
44210,1.90,0.0,0.0,0.0,0.0000,0.0000,0.0000,0.0000,0.00,0.00,0.00,0.000000,0.000000,-0.09,1
44223,1.90,0.0,0.0,0.0,0.0000,0.0000,0.0000,0.0000,0.00,0.00,0.00,0.000000,0.000000,-0.09,1
44223,1.90,0.0,0.0,0.0,0.0000,0.0000,0.0000,0.0000,0.00,0.00,0.00,0.000000,0.000000,-0.09,1
44223,1.90,0.0,0.0,0.0,0.0000,0.0000,0.0000,0.0000,0.00,0.00,0.00,0.000000,0.000000,-0.09,1
44223,1.90,0.0,0.0,0.0,0.0000,0.0000,0.0000,0.0000,0.00,0.00,0.00,0.000000,0.000000,-0.09,1
44223,1.90,0.0,0.0,0.0,0.0000,0.0000,0.0000,0.0000,0.00,0.00,0.00,0.000000,0.000000,-0.09,1
44235,1.90,0.0,0.0,0.0,0.0000,0.0000,0.0000,0.0000,0.00,0.00,0.00,0.000000,0.000000,-0.09,1
44235,1.90,0.0,0.0,0.0,0.0000,0.0000,0.0000,0.0000,0.00,0.00,0.00,0.000000,0.000000,-0.09,1
44235,1.90,0.0,0.0,0.0,0.0000,0.0000,0.0000,0.0000,0.00,0.00,0.00,0.000000,0.000000,-0.09,1
44235,1.90,0.0,0.0,0.0,0.0000,0.0000,0.0000,0.0000,0.00,0.00,0.00,0.000000,0.000000,-0.09,1
44235,1.88,0.0,0.0,0.0,0.0000,0.0000,0.0000,0.0000,0.00,0.00,0.00,0.000000,0.000000,-0.09,1
44248,1.90,0.0,0.0,0.0,0.0000,0.0000,0.0000,0.0000,0.00,0.00,0.00,0.000000,0.000000,-0.09,1
44248,1.90,0.0,0.0,0.0,0.0000,0.0000,0.0000,0.0000,0.00,0.00,0.00,0.000000,0.000000,-0.09,1
44248,1.90,0.0,0.0,0.0,0.0000,0.0000,0.0000,0.0000,0.00,0.00,0.00,0.000000,0.000000,-0.09,1
44248,1.90,0.0,0.0,0.0,0.0000,0.0000,0.0000,0.0000,0.00,0.00,0.00,0.000000,0.000000,-0.09,1
44248,1.90,0.0,0.0,0.0,0.0000,0.0000,0.0000,0.0000,0.00,0.00,0.00,0.000000,0.000000,-0.09,1
44261,1.90,0.0,0.0,0.0,0.0000,0.0000,0.0000,0.0000,0.00,0.00,0.00,0.000000,0.000000,-0.09,1
44261,1.90,0.0,0.0,0.0,0.0000,0.0000,0.0000,0.0000,0.00,0.00,0.00,0.000000,0.000000,-0.09,1
44261,1.90,0.0,0.0,0.0,0.0000,0.0000,0.0000,0.0000,0.00,0.00,0.00,0.000000,0.000000,-0.09,1
44261,1.90,0.0,0.0,0.0,0.0000,0.0000,0.0000,0.0000,0.00,0.00,0.00,0.000000,0.000000,-0.09,1
44261,1.90,0.0,0.0,0.0,0.0000,0.0000,0.0000,0.0000,0.00,0.00,0.00,0.000000,0.000000,-0.09,1
44274,1.90,0.0,0.0,0.0,0.0000,0.0000,0.0000,0.0000,0.00,0.00,0.00,0.000000,0.000000,-0.09,1
44274,1.88,0.0,0.0,0.0,0.0000,0.0000,0.0000,0.0000,0.00,0.00,0.00,0.000000,0.000000,-0.09,1
44274,1.90,0.0,0.0,0.0,0.0000,0.0000,0.0000,0.0000,0.00,0.00,0.00,0.000000,0.000000,-0.09,1
44274,1.90,0.0,0.0,0.0,0.0000,0.0000,0.0000,0.0000,0.00,0.00,0.00,0.000000,0.000000,-0.09,1
44274,1.90,0.0,0.0,0.0,0.0000,0.0000,0.0000,0.0000,0.00,0.00,0.00,0.000000,0.000000,-0.09,1
44287,1.90,0.0,0.0,0.0,0.0000,0.0000,0.0000,0.0000,0.00,0.00,0.00,0.000000,0.000000,-0.09,1
44287,1.90,0.0,0.0,0.0,0.0000,0.0000,0.0000,0.0000,0.00,0.00,0.00,0.000000,0.000000,-0.09,1
44287,1.90,0.0,0.0,0.0,0.0000,0.0000,0.0000,0.0000,0.00,0.00,0.00,0.000000,0.000000,-0.09,1
44287,1.90,0.0,0.0,0.0,0.0000,0.0000,0.0000,0.0000,0.00,0.00,0.00,0.000000,0.000000,-0.09,1
44287,1.90,0.0,0.0,0.0,0.0000,0.0000,0.0000,0.0000,0.00,0.00,0.00,0.000000,0.000000,-0.09,1
44302,1.90,0.0,0.0,0.0,0.0000,0.0000,0.0000,0.0000,0.00,0.00,0.00,0.000000,0.000000,-0.09,1
44302,1.90,0.0,0.0,0.0,0.0000,0.0000,0.0000,0.0000,0.00,0.00,0.00,0.000000,0.000000,-0.09,1
44302,1.90,0.0,0.0,0.0,0.0000,0.0000,0.0000,0.0000,0.00,0.00,0.00,0.000000,0.000000,-0.09,1
44302,1.90,0.0,0.0,0.0,0.0000,0.0000,0.0000,0.0000,0.00,0.00,0.00,0.000000,0.000000,-0.09,1
44302,1.90,0.0,0.0,0.0,0.0000,0.0000,0.0000,0.0000,0.00,0.00,0.00,0.000000,0.000000,-0.09,1
44312,1.90,0.0,0.0,0.0,0.0000,0.0000,0.0000,0.0000,0.00,0.00,0.00,0.000000,0.000000,-0.09,1
44312,1.90,0.0,0.0,0.0,0.0000,0.0000,0.0000,0.0000,0.00,0.00,0.00,0.000000,0.000000,-0.09,1
44312,1.90,0.0,0.0,0.0,0.0000,0.0000,0.0000,0.0000,0.00,0.00,0.00,0.000000,0.000000,-0.09,1
44312,1.88,0.0,0.0,0.0,0.0000,0.0000,0.0000,0.0000,0.00,0.00,0.00,0.000000,0.000000,-0.09,1
44312,1.90,0.0,0.0,0.0,0.0000,0.0000,0.0000,0.0000,0.00,0.00,0.00,0.000000,0.000000,-0.09,1
44325,1.90,0.0,0.0,0.0,0.0000,0.0000,0.0000,0.0000,0.00,0.00,0.00,0.000000,0.000000,-0.09,1
44325,1.90,0.0,0.0,0.0,0.0000,0.0000,0.0000,0.0000,0.00,0.00,0.00,0.000000,0.000000,-0.09,1
44325,1.90,0.0,0.0,0.0,0.0000,0.0000,0.0000,0.0000,0.00,0.00,0.00,0.000000,0.000000,-0.09,1
44325,1.90,0.0,0.0,0.0,0.0000,0.0000,0.0000,0.0000,0.00,0.00,0.00,0.000000,0.000000,-0.09,1
44325,1.90,0.0,0.0,0.0,0.0000,0.0000,0.0000,0.0000,0.00,0.00,0.00,0.000000,0.000000,-0.09,1
44337,1.90,0.0,0.0,0.0,0.0000,0.0000,0.0000,0.0000,0.00,0.00,0.00,0.000000,0.000000,-0.09,1
44337,1.90,0.0,0.0,0.0,0.0000,0.0000,0.0000,0.0000,0.00,0.00,0.00,0.000000,0.000000,-0.09,1
44337,1.90,0.0,0.0,0.0,0.0000,0.0000,0.0000,0.0000,0.00,0.00,0.00,0.000000,0.000000,-0.09,1
44337,1.88,0.0,0.0,0.0,0.0000,0.0000,0.0000,0.0000,0.00,0.00,0.00,0.000000,0.000000,-0.09,1
44337,1.90,0.0,0.0,0.0,0.0000,0.0000,0.0000,0.0000,0.00,0.00,0.00,0.000000,0.000000,-0.09,1
44350,1.90,0.0,0.0,0.0,0.0000,0.0000,0.0000,0.0000,0.00,0.00,0.00,0.000000,0.000000,-0.09,1
44350,1.90,0.0,0.0,0.0,0.0000,0.0000,0.0000,0.0000,0.00,0.00,0.00,0.000000,0.000000,-0.09,1
44350,1.90,0.0,0.0,0.0,0.0000,0.0000,0.0000,0.0000,0.00,0.00,0.00,0.000000,0.000000,-0.09,1
44350,1.90,0.0,0.0,0.0,0.0000,0.0000,0.0000,0.0000,0.00,0.00,0.00,0.000000,0.000000,-0.09,1
44350,1.90,0.0,0.0,0.0,0.0000,0.0000,0.0000,0.0000,0.00,0.00,0.00,0.000000,0.000000,-0.09,1
44363,1.90,0.0,0.0,0.0,0.0000,0.0000,0.0000,0.0000,0.00,0.00,0.00,0.000000,0.000000,-0.09,1
44363,1.90,0.0,0.0,0.0,0.0000,0.0000,0.0000,0.0000,0.00,0.00,0.00,0.000000,0.000000,-0.09,1
44363,1.90,0.0,0.0,0.0,0.0000,0.0000,0.0000,0.0000,0.00,0.00,0.00,0.000000,0.000000,-0.09,1
44363,1.90,0.0,0.0,0.0,0.0000,0.0000,0.0000,0.0000,0.00,0.00,0.00,0.000000,0.000000,-0.09,1
44363,1.90,0.0,0.0,0.0,0.0000,0.0000,0.0000,0.0000,0.00,0.00,0.00,0.000000,0.000000,-0.09,1
44376,1.88,0.0,0.0,0.0,0.0000,0.0000,0.0000,0.0000,0.00,0.00,0.00,0.000000,0.000000,-0.09,1
44376,1.90,0.0,0.0,0.0,0.0000,0.0000,0.0000,0.0000,0.00,0.00,0.00,0.000000,0.000000,-0.09,1
44376,1.90,0.0,0.0,0.0,0.0000,0.0000,0.0000,0.0000,0.00,0.00,0.00,0.000000,0.000000,-0.09,1
44376,1.90,0.0,0.0,0.0,0.0000,0.0000,0.0000,0.0000,0.00,0.00,0.00,0.000000,0.000000,-0.09,1
44376,1.90,0.0,0.0,0.0,0.0000,0.0000,0.0000,0.0000,0.00,0.00,0.00,0.000000,0.000000,-0.09,1
44389,1.88,0.0,0.0,0.0,0.0000,0.0000,0.0000,0.0000,0.00,0.00,0.00,0.000000,0.000000,-0.09,1
44389,1.88,0.0,0.0,0.0,0.0000,0.0000,0.0000,0.0000,0.00,0.00,0.00,0.000000,0.000000,-0.09,1
44389,1.88,0.0,0.0,0.0,0.0000,0.0000,0.0000,0.0000,0.00,0.00,0.00,0.000000,0.000000,-0.09,1
44389,1.90,0.0,0.0,0.0,0.0000,0.0000,0.0000,0.0000,0.00,0.00,0.00,0.000000,0.000000,-0.09,1
44389,1.90,0.0,0.0,0.0,0.0000,0.0000,0.0000,0.0000,0.00,0.00,0.00,0.000000,0.000000,-0.09,1
44401,1.90,0.0,0.0,0.0,0.0000,0.0000,0.0000,0.0000,0.00,0.00,0.00,0.000000,0.000000,-0.09,1
44401,1.88,0.0,0.0,0.0,0.0000,0.0000,0.0000,0.0000,0.00,0.00,0.00,0.000000,0.000000,-0.09,1
44401,1.90,0.0,0.0,0.0,0.0000,0.0000,0.0000,0.0000,0.00,0.00,0.00,0.000000,0.000000,-0.09,1
44401,1.90,0.0,0.0,0.0,0.0000,0.0000,0.0000,0.0000,0.00,0.00,0.00,0.000000,0.000000,-0.09,1
44401,1.90,0.0,0.0,0.0,0.0000,0.0000,0.0000,0.0000,0.00,0.00,0.00,0.000000,0.000000,-0.09,1
44414,1.90,0.0,0.0,0.0,0.0000,0.0000,0.0000,0.0000,0.00,0.00,0.00,0.000000,0.000000,-0.09,1
44414,1.90,0.0,0.0,0.0,0.0000,0.0000,0.0000,0.0000,0.00,0.00,0.00,0.000000,0.000000,-0.09,1
44414,1.90,0.0,0.0,0.0,0.0000,0.0000,0.0000,0.0000,0.00,0.00,0.00,0.000000,0.000000,-0.09,1
44414,1.90,0.0,0.0,0.0,0.0000,0.0000,0.0000,0.0000,0.00,0.00,0.00,0.000000,0.000000,-0.09,1
44414,1.90,0.0,0.0,0.0,0.0000,0.0000,0.0000,0.0000,0.00,0.00,0.00,0.000000,0.000000,-0.09,1
44429,1.90,0.0,0.0,0.0,0.0000,0.0000,0.0000,0.0000,0.00,0.00,0.00,0.000000,0.000000,-0.09,1
44429,1.90,0.0,0.0,0.0,0.0000,0.0000,0.0000,0.0000,0.00,0.00,0.00,0.000000,0.000000,-0.09,1
44429,1.90,0.0,0.0,0.0,0.0000,0.0000,0.0000,0.0000,0.00,0.00,0.00,0.000000,0.000000,-0.09,1
44429,1.90,0.0,0.0,0.0,0.0000,0.0000,0.0000,0.0000,0.00,0.00,0.00,0.000000,0.000000,-0.09,1
44429,1.90,0.0,0.0,0.0,0.0000,0.0000,0.0000,0.0000,0.00,0.00,0.00,0.000000,0.000000,-0.09,1
44440,1.90,0.0,0.0,0.0,0.0000,0.0000,0.0000,0.0000,0.00,0.00,0.00,0.000000,0.000000,-0.09,1
44440,1.90,0.0,0.0,0.0,0.0000,0.0000,0.0000,0.0000,0.00,0.00,0.00,0.000000,0.000000,-0.09,1
44440,1.88,0.0,0.0,0.0,0.0000,0.0000,0.0000,0.0000,0.00,0.00,0.00,0.000000,0.000000,-0.09,1
44440,1.90,0.0,0.0,0.0,0.0000,0.0000,0.0000,0.0000,0.00,0.00,0.00,0.000000,0.000000,-0.09,1
44440,1.90,0.0,0.0,0.0,0.0000,0.0000,0.0000,0.0000,0.00,0.00,0.00,0.000000,0.000000,-0.09,1
44452,1.90,0.0,0.0,0.0,0.0000,0.0000,0.0000,0.0000,0.00,0.00,0.00,0.000000,0.000000,-0.09,1
44465,1.90,0.0,0.0,0.0,0.0000,0.0000,0.0000,0.0000,0.00,0.00,0.00,0.000000,0.000000,-0.09,1
44465,1.90,0.0,0.0,0.0,0.0000,0.0000,0.0000,0.0000,0.00,0.00,0.00,0.000000,0.000000,-0.09,1
44465,1.90,0.0,0.0,0.0,0.0000,0.0000,0.0000,0.0000,0.00,0.00,0.00,0.000000,0.000000,-0.09,1
44465,1.90,0.0,0.0,0.0,0.0000,0.0000,0.0000,0.0000,0.00,0.00,0.00,0.000000,0.000000,-0.09,1
44465,1.90,0.0,0.0,0.0,0.0000,0.0000,0.0000,0.0000,0.00,0.00,0.00,0.000000,0.000000,-0.09,1
44478,1.90,0.0,0.0,0.0,0.0000,0.0000,0.0000,0.0000,0.00,0.00,0.00,0.000000,0.000000,-0.09,1
44516,1.90,0.0,0.0,0.0,0.0000,0.0000,0.0000,0.0000,0.00,0.00,0.00,0.000000,0.000000,-0.08,1
44516,1.90,0.0,0.0,0.0,0.0000,0.0000,0.0000,0.0000,0.00,0.00,0.00,0.000000,0.000000,-0.08,1
44516,1.88,0.0,0.0,0.0,0.0000,0.0000,0.0000,0.0000,0.00,0.00,0.00,0.000000,0.000000,-0.08,1
44516,1.90,0.0,0.0,0.0,0.0000,0.0000,0.0000,0.0000,0.00,0.00,0.00,0.000000,0.000000,-0.08,1
44516,1.90,0.0,0.0,0.0,0.0000,0.0000,0.0000,0.0000,0.00,0.00,0.00,0.000000,0.000000,-0.08,1
44529,1.90,0.0,0.0,0.0,0.0000,0.0000,0.0000,0.0000,0.00,0.00,0.00,0.000000,0.000000,-0.08,1
44529,1.90,0.0,0.0,0.0,0.0000,0.0000,0.0000,0.0000,0.00,0.00,0.00,0.000000,0.000000,-0.08,1
44529,1.90,0.0,0.0,0.0,0.0000,0.0000,0.0000,0.0000,0.00,0.00,0.00,0.000000,0.000000,-0.08,1
44529,1.90,0.0,0.0,0.0,0.0000,0.0000,0.0000,0.0000,0.00,0.00,0.00,0.000000,0.000000,-0.08,1
44529,1.90,0.0,0.0,0.0,0.0000,0.0000,0.0000,0.0000,0.00,0.00,0.00,0.000000,0.000000,-0.08,1
44541,1.90,0.0,0.0,0.0,0.0000,0.0000,0.0000,0.0000,0.00,0.00,0.00,0.000000,0.000000,-0.08,1
44541,1.90,0.0,0.0,0.0,0.0000,0.0000,0.0000,0.0000,0.00,0.00,0.00,0.000000,0.000000,-0.08,1
44541,1.90,0.0,0.0,0.0,0.0000,0.0000,0.0000,0.0000,0.00,0.00,0.00,0.000000,0.000000,-0.08,1
44541,1.90,0.0,0.0,0.0,0.0000,0.0000,0.0000,0.0000,0.00,0.00,0.00,0.000000,0.000000,-0.08,1
44541,1.88,0.0,0.0,0.0,0.0000,0.0000,0.0000,0.0000,0.00,0.00,0.00,0.000000,0.000000,-0.08,1
44556,1.90,0.0,0.0,0.0,0.0000,0.0000,0.0000,0.0000,0.00,0.00,0.00,0.000000,0.000000,-0.08,1
44556,1.88,0.0,0.0,0.0,0.0000,0.0000,0.0000,0.0000,0.00,0.00,0.00,0.000000,0.000000,-0.08,1
44556,1.90,0.0,0.0,0.0,0.0000,0.0000,0.0000,0.0000,0.00,0.00,0.00,0.000000,0.000000,-0.08,1
44556,1.90,0.0,0.0,0.0,0.0000,0.0000,0.0000,0.0000,0.00,0.00,0.00,0.000000,0.000000,-0.08,1
44556,1.90,0.0,0.0,0.0,0.0000,0.0000,0.0000,0.0000,0.00,0.00,0.00,0.000000,0.000000,-0.08,1
44567,1.90,0.0,0.0,0.0,0.0000,0.0000,0.0000,0.0000,0.00,0.00,0.00,0.000000,0.000000,-0.09,1
44567,1.90,0.0,0.0,0.0,0.0000,0.0000,0.0000,0.0000,0.00,0.00,0.00,0.000000,0.000000,-0.09,1
44567,1.90,0.0,0.0,0.0,0.0000,0.0000,0.0000,0.0000,0.00,0.00,0.00,0.000000,0.000000,-0.09,1
44567,1.88,0.0,0.0,0.0,0.0000,0.0000,0.0000,0.0000,0.00,0.00,0.00,0.000000,0.000000,-0.09,1
44567,1.90,0.0,0.0,0.0,0.0000,0.0000,0.0000,0.0000,0.00,0.00,0.00,0.000000,0.000000,-0.09,1
44580,1.90,0.0,0.0,0.0,0.0000,0.0000,0.0000,0.0000,0.00,0.00,0.00,0.000000,0.000000,-0.09,1
44580,1.90,0.0,0.0,0.0,0.0000,0.0000,0.0000,0.0000,0.00,0.00,0.00,0.000000,0.000000,-0.09,1
44580,1.88,0.0,0.0,0.0,0.0000,0.0000,0.0000,0.0000,0.00,0.00,0.00,0.000000,0.000000,-0.09,1
44580,1.90,0.0,0.0,0.0,0.0000,0.0000,0.0000,0.0000,0.00,0.00,0.00,0.000000,0.000000,-0.09,1
44580,1.90,0.0,0.0,0.0,0.0000,0.0000,0.0000,0.0000,0.00,0.00,0.00,0.000000,0.000000,-0.09,1
44592,1.90,0.0,0.0,0.0,0.0000,0.0000,0.0000,0.0000,0.00,0.00,0.00,0.000000,0.000000,-0.09,1
44592,1.90,0.0,0.0,0.0,0.0000,0.0000,0.0000,0.0000,0.00,0.00,0.00,0.000000,0.000000,-0.09,1
44592,1.90,0.0,0.0,0.0,0.0000,0.0000,0.0000,0.0000,0.00,0.00,0.00,0.000000,0.000000,-0.09,1
44592,1.90,0.0,0.0,0.0,0.0000,0.0000,0.0000,0.0000,0.00,0.00,0.00,0.000000,0.000000,-0.09,1
44592,1.90,0.0,0.0,0.0,0.0000,0.0000,0.0000,0.0000,0.00,0.00,0.00,0.000000,0.000000,-0.09,1
44605,1.90,0.0,0.0,0.0,0.0000,0.0000,0.0000,0.0000,0.00,0.00,0.00,0.000000,0.000000,-0.09,1
44605,1.90,0.0,0.0,0.0,0.0000,0.0000,0.0000,0.0000,0.00,0.00,0.00,0.000000,0.000000,-0.09,1
44605,1.90,0.0,0.0,0.0,0.0000,0.0000,0.0000,0.0000,0.00,0.00,0.00,0.000000,0.000000,-0.09,1
44605,1.90,0.0,0.0,0.0,0.0000,0.0000,0.0000,0.0000,0.00,0.00,0.00,0.000000,0.000000,-0.09,1
44605,1.90,0.0,0.0,0.0,0.0000,0.0000,0.0000,0.0000,0.00,0.00,0.00,0.000000,0.000000,-0.09,1
44618,1.90,0.0,0.0,0.0,0.0000,0.0000,0.0000,0.0000,0.00,0.00,0.00,0.000000,0.000000,-0.09,1
44618,1.90,0.0,0.0,0.0,0.0000,0.0000,0.0000,0.0000,0.00,0.00,0.00,0.000000,0.000000,-0.09,1
44618,1.90,0.0,0.0,0.0,0.0000,0.0000,0.0000,0.0000,0.00,0.00,0.00,0.000000,0.000000,-0.09,1
44618,1.90,0.0,0.0,0.0,0.0000,0.0000,0.0000,0.0000,0.00,0.00,0.00,0.000000,0.000000,-0.09,1
44618,1.90,0.0,0.0,0.0,0.0000,0.0000,0.0000,0.0000,0.00,0.00,0.00,0.000000,0.000000,-0.09,1
44631,1.88,0.0,0.0,0.0,0.0000,0.0000,0.0000,0.0000,0.00,0.00,0.00,0.000000,0.000000,-0.09,1
44631,1.90,0.0,0.0,0.0,0.0000,0.0000,0.0000,0.0000,0.00,0.00,0.00,0.000000,0.000000,-0.09,1
44631,1.90,0.0,0.0,0.0,0.0000,0.0000,0.0000,0.0000,0.00,0.00,0.00,0.000000,0.000000,-0.09,1
44631,1.90,0.0,0.0,0.0,0.0000,0.0000,0.0000,0.0000,0.00,0.00,0.00,0.000000,0.000000,-0.09,1
44631,1.90,0.0,0.0,0.0,0.0000,0.0000,0.0000,0.0000,0.00,0.00,0.00,0.000000,0.000000,-0.09,1
44643,1.90,0.0,0.0,0.0,0.0000,0.0000,0.0000,0.0000,0.00,0.00,0.00,0.000000,0.000000,-0.09,1
44643,1.90,0.0,0.0,0.0,0.0000,0.0000,0.0000,0.0000,0.00,0.00,0.00,0.000000,0.000000,-0.09,1
44643,1.90,0.0,0.0,0.0,0.0000,0.0000,0.0000,0.0000,0.00,0.00,0.00,0.000000,0.000000,-0.09,1
44643,1.90,0.0,0.0,0.0,0.0000,0.0000,0.0000,0.0000,0.00,0.00,0.00,0.000000,0.000000,-0.09,1
44643,1.90,0.0,0.0,0.0,0.0000,0.0000,0.0000,0.0000,0.00,0.00,0.00,0.000000,0.000000,-0.09,1
44656,1.90,0.0,0.0,0.0,0.0000,0.0000,0.0000,0.0000,0.00,0.00,0.00,0.000000,0.000000,-0.09,1
44656,1.90,0.0,0.0,0.0,0.0000,0.0000,0.0000,0.0000,0.00,0.00,0.00,0.000000,0.000000,-0.09,1
44656,1.90,0.0,0.0,0.0,0.0000,0.0000,0.0000,0.0000,0.00,0.00,0.00,0.000000,0.000000,-0.09,1
44656,1.90,0.0,0.0,0.0,0.0000,0.0000,0.0000,0.0000,0.00,0.00,0.00,0.000000,0.000000,-0.09,1
44656,1.90,0.0,0.0,0.0,0.0000,0.0000,0.0000,0.0000,0.00,0.00,0.00,0.000000,0.000000,-0.09,1
44673,1.90,0.0,0.0,0.0,0.0000,0.0000,0.0000,0.0000,0.00,0.00,0.00,0.000000,0.000000,-0.09,1
44673,1.90,0.0,0.0,0.0,0.0000,0.0000,0.0000,0.0000,0.00,0.00,0.00,0.000000,0.000000,-0.09,1
44673,1.90,0.0,0.0,0.0,0.0000,0.0000,0.0000,0.0000,0.00,0.00,0.00,0.000000,0.000000,-0.09,1
44673,1.90,0.0,0.0,0.0,0.0000,0.0000,0.0000,0.0000,0.00,0.00,0.00,0.000000,0.000000,-0.09,1
44673,1.90,0.0,0.0,0.0,0.0000,0.0000,0.0000,0.0000,0.00,0.00,0.00,0.000000,0.000000,-0.09,1
44682,1.90,0.0,0.0,0.0,0.0000,0.0000,0.0000,0.0000,0.00,0.00,0.00,0.000000,0.000000,-0.09,1
44682,1.90,0.0,0.0,0.0,0.0000,0.0000,0.0000,0.0000,0.00,0.00,0.00,0.000000,0.000000,-0.09,1
44682,1.90,0.0,0.0,0.0,0.0000,0.0000,0.0000,0.0000,0.00,0.00,0.00,0.000000,0.000000,-0.09,1
44682,1.90,0.0,0.0,0.0,0.0000,0.0000,0.0000,0.0000,0.00,0.00,0.00,0.000000,0.000000,-0.09,1
44682,1.90,0.0,0.0,0.0,0.0000,0.0000,0.0000,0.0000,0.00,0.00,0.00,0.000000,0.000000,-0.09,1
44694,1.90,0.0,0.0,0.0,0.0000,0.0000,0.0000,0.0000,0.00,0.00,0.00,0.000000,0.000000,-0.09,1
44694,1.90,0.0,0.0,0.0,0.0000,0.0000,0.0000,0.0000,0.00,0.00,0.00,0.000000,0.000000,-0.09,1
44694,1.90,0.0,0.0,0.0,0.0000,0.0000,0.0000,0.0000,0.00,0.00,0.00,0.000000,0.000000,-0.09,1
44694,1.90,0.0,0.0,0.0,0.0000,0.0000,0.0000,0.0000,0.00,0.00,0.00,0.000000,0.000000,-0.09,1
44694,1.90,0.0,0.0,0.0,0.0000,0.0000,0.0000,0.0000,0.00,0.00,0.00,0.000000,0.000000,-0.09,1
44707,1.90,0.0,0.0,0.0,0.0000,0.0000,0.0000,0.0000,0.00,0.00,0.00,0.000000,0.000000,-0.09,1
44707,1.90,0.0,0.0,0.0,0.0000,0.0000,0.0000,0.0000,0.00,0.00,0.00,0.000000,0.000000,-0.09,1
44707,1.90,0.0,0.0,0.0,0.0000,0.0000,0.0000,0.0000,0.00,0.00,0.00,0.000000,0.000000,-0.09,1
44707,1.90,0.0,0.0,0.0,0.0000,0.0000,0.0000,0.0000,0.00,0.00,0.00,0.000000,0.000000,-0.09,1
44707,1.90,0.0,0.0,0.0,0.0000,0.0000,0.0000,0.0000,0.00,0.00,0.00,0.000000,0.000000,-0.09,1
44720,1.90,0.0,0.0,0.0,0.0000,0.0000,0.0000,0.0000,0.00,0.00,0.00,0.000000,0.000000,-0.09,1
44720,1.90,0.0,0.0,0.0,0.0000,0.0000,0.0000,0.0000,0.00,0.00,0.00,0.000000,0.000000,-0.09,1
44720,1.90,0.0,0.0,0.0,0.0000,0.0000,0.0000,0.0000,0.00,0.00,0.00,0.000000,0.000000,-0.09,1
44720,1.90,0.0,0.0,0.0,0.0000,0.0000,0.0000,0.0000,0.00,0.00,0.00,0.000000,0.000000,-0.09,1
44720,1.90,0.0,0.0,0.0,0.0000,0.0000,0.0000,0.0000,0.00,0.00,0.00,0.000000,0.000000,-0.09,1
44733,1.90,0.0,0.0,0.0,0.0000,0.0000,0.0000,0.0000,0.00,0.00,0.00,0.000000,0.000000,-0.09,1
44733,1.90,0.0,0.0,0.0,0.0000,0.0000,0.0000,0.0000,0.00,0.00,0.00,0.000000,0.000000,-0.09,1
44733,1.90,0.0,0.0,0.0,0.0000,0.0000,0.0000,0.0000,0.00,0.00,0.00,0.000000,0.000000,-0.09,1
44733,1.90,0.0,0.0,0.0,0.0000,0.0000,0.0000,0.0000,0.00,0.00,0.00,0.000000,0.000000,-0.09,1
44733,1.90,0.0,0.0,0.0,0.0000,0.0000,0.0000,0.0000,0.00,0.00,0.00,0.000000,0.000000,-0.09,1
44745,1.88,0.0,0.0,0.0,0.0000,0.0000,0.0000,0.0000,0.00,0.00,0.00,0.000000,0.000000,-0.10,1
44745,1.90,0.0,0.0,0.0,0.0000,0.0000,0.0000,0.0000,0.00,0.00,0.00,0.000000,0.000000,-0.10,1
44745,1.90,0.0,0.0,0.0,0.0000,0.0000,0.0000,0.0000,0.00,0.00,0.00,0.000000,0.000000,-0.10,1
44745,1.90,0.0,0.0,0.0,0.0000,0.0000,0.0000,0.0000,0.00,0.00,0.00,0.000000,0.000000,-0.10,1
44745,1.90,0.0,0.0,0.0,0.0000,0.0000,0.0000,0.0000,0.00,0.00,0.00,0.000000,0.000000,-0.10,1
44758,1.90,0.0,0.0,0.0,0.0000,0.0000,0.0000,0.0000,0.00,0.00,0.00,0.000000,0.000000,-0.10,1
44758,1.90,0.0,0.0,0.0,0.0000,0.0000,0.0000,0.0000,0.00,0.00,0.00,0.000000,0.000000,-0.10,1
44758,1.90,0.0,0.0,0.0,0.0000,0.0000,0.0000,0.0000,0.00,0.00,0.00,0.000000,0.000000,-0.10,1
44758,1.90,0.0,0.0,0.0,0.0000,0.0000,0.0000,0.0000,0.00,0.00,0.00,0.000000,0.000000,-0.10,1
44758,1.90,0.0,0.0,0.0,0.0000,0.0000,0.0000,0.0000,0.00,0.00,0.00,0.000000,0.000000,-0.10,1
44771,1.90,0.0,0.0,0.0,0.0000,0.0000,0.0000,0.0000,0.00,0.00,0.00,0.000000,0.000000,-0.10,1
44771,1.90,0.0,0.0,0.0,0.0000,0.0000,0.0000,0.0000,0.00,0.00,0.00,0.000000,0.000000,-0.10,1
44771,1.88,0.0,0.0,0.0,0.0000,0.0000,0.0000,0.0000,0.00,0.00,0.00,0.000000,0.000000,-0.10,1
44771,1.90,0.0,0.0,0.0,0.0000,0.0000,0.0000,0.0000,0.00,0.00,0.00,0.000000,0.000000,-0.10,1
44771,1.90,0.0,0.0,0.0,0.0000,0.0000,0.0000,0.0000,0.00,0.00,0.00,0.000000,0.000000,-0.10,1
44784,1.90,0.0,0.0,0.0,0.0000,0.0000,0.0000,0.0000,0.00,0.00,0.00,0.000000,0.000000,-0.10,1
44784,1.90,0.0,0.0,0.0,0.0000,0.0000,0.0000,0.0000,0.00,0.00,0.00,0.000000,0.000000,-0.10,1
44784,1.90,0.0,0.0,0.0,0.0000,0.0000,0.0000,0.0000,0.00,0.00,0.00,0.000000,0.000000,-0.10,1
44784,1.90,0.0,0.0,0.0,0.0000,0.0000,0.0000,0.0000,0.00,0.00,0.00,0.000000,0.000000,-0.10,1
44784,1.90,0.0,0.0,0.0,0.0000,0.0000,0.0000,0.0000,0.00,0.00,0.00,0.000000,0.000000,-0.10,1
44800,1.90,0.0,0.0,0.0,0.0000,0.0000,0.0000,0.0000,0.00,0.00,0.00,0.000000,0.000000,-0.10,1
44800,1.90,0.0,0.0,0.0,0.0000,0.0000,0.0000,0.0000,0.00,0.00,0.00,0.000000,0.000000,-0.10,1
44800,1.90,0.0,0.0,0.0,0.0000,0.0000,0.0000,0.0000,0.00,0.00,0.00,0.000000,0.000000,-0.10,1
44800,1.88,0.0,0.0,0.0,0.0000,0.0000,0.0000,0.0000,0.00,0.00,0.00,0.000000,0.000000,-0.10,1
44800,1.90,0.0,0.0,0.0,0.0000,0.0000,0.0000,0.0000,0.00,0.00,0.00,0.000000,0.000000,-0.10,1
44809,1.90,0.0,0.0,0.0,0.0000,0.0000,0.0000,0.0000,0.00,0.00,0.00,0.000000,0.000000,-0.10,1
44809,1.90,0.0,0.0,0.0,0.0000,0.0000,0.0000,0.0000,0.00,0.00,0.00,0.000000,0.000000,-0.10,1
44809,1.90,0.0,0.0,0.0,0.0000,0.0000,0.0000,0.0000,0.00,0.00,0.00,0.000000,0.000000,-0.10,1
44809,1.90,0.0,0.0,0.0,0.0000,0.0000,0.0000,0.0000,0.00,0.00,0.00,0.000000,0.000000,-0.10,1
44809,1.90,0.0,0.0,0.0,0.0000,0.0000,0.0000,0.0000,0.00,0.00,0.00,0.000000,0.000000,-0.10,1
44822,1.88,0.0,0.0,0.0,0.0000,0.0000,0.0000,0.0000,0.00,0.00,0.00,0.000000,0.000000,-0.10,1
44822,1.90,0.0,0.0,0.0,0.0000,0.0000,0.0000,0.0000,0.00,0.00,0.00,0.000000,0.000000,-0.10,1
44822,1.90,0.0,0.0,0.0,0.0000,0.0000,0.0000,0.0000,0.00,0.00,0.00,0.000000,0.000000,-0.10,1
44822,1.90,0.0,0.0,0.0,0.0000,0.0000,0.0000,0.0000,0.00,0.00,0.00,0.000000,0.000000,-0.10,1
44822,1.90,0.0,0.0,0.0,0.0000,0.0000,0.0000,0.0000,0.00,0.00,0.00,0.000000,0.000000,-0.10,1
44835,1.90,0.0,0.0,0.0,0.0000,0.0000,0.0000,0.0000,0.00,0.00,0.00,0.000000,0.000000,-0.10,1
44835,1.90,0.0,0.0,0.0,0.0000,0.0000,0.0000,0.0000,0.00,0.00,0.00,0.000000,0.000000,-0.10,1
44835,1.90,0.0,0.0,0.0,0.0000,0.0000,0.0000,0.0000,0.00,0.00,0.00,0.000000,0.000000,-0.10,1
44835,1.90,0.0,0.0,0.0,0.0000,0.0000,0.0000,0.0000,0.00,0.00,0.00,0.000000,0.000000,-0.10,1
44835,1.90,0.0,0.0,0.0,0.0000,0.0000,0.0000,0.0000,0.00,0.00,0.00,0.000000,0.000000,-0.10,1
44848,1.90,0.0,0.0,0.0,0.0000,0.0000,0.0000,0.0000,0.00,0.00,0.00,0.000000,0.000000,-0.10,1
44848,1.90,0.0,0.0,0.0,0.0000,0.0000,0.0000,0.0000,0.00,0.00,0.00,0.000000,0.000000,-0.10,1
44848,1.88,0.0,0.0,0.0,0.0000,0.0000,0.0000,0.0000,0.00,0.00,0.00,0.000000,0.000000,-0.10,1
44848,1.90,0.0,0.0,0.0,0.0000,0.0000,0.0000,0.0000,0.00,0.00,0.00,0.000000,0.000000,-0.10,1
44848,1.90,0.0,0.0,0.0,0.0000,0.0000,0.0000,0.0000,0.00,0.00,0.00,0.000000,0.000000,-0.10,1
44860,1.90,0.0,0.0,0.0,0.0000,0.0000,0.0000,0.0000,0.00,0.00,0.00,0.000000,0.000000,-0.09,1
44860,1.90,0.0,0.0,0.0,0.0000,0.0000,0.0000,0.0000,0.00,0.00,0.00,0.000000,0.000000,-0.09,1
44860,1.90,0.0,0.0,0.0,0.0000,0.0000,0.0000,0.0000,0.00,0.00,0.00,0.000000,0.000000,-0.09,1
44860,1.90,0.0,0.0,0.0,0.0000,0.0000,0.0000,0.0000,0.00,0.00,0.00,0.000000,0.000000,-0.09,1
44860,1.90,0.0,0.0,0.0,0.0000,0.0000,0.0000,0.0000,0.00,0.00,0.00,0.000000,0.000000,-0.09,1
44873,1.90,0.0,0.0,0.0,0.0000,0.0000,0.0000,0.0000,0.00,0.00,0.00,0.000000,0.000000,-0.09,1
44873,1.90,0.0,0.0,0.0,0.0000,0.0000,0.0000,0.0000,0.00,0.00,0.00,0.000000,0.000000,-0.09,1
44873,1.90,0.0,0.0,0.0,0.0000,0.0000,0.0000,0.0000,0.00,0.00,0.00,0.000000,0.000000,-0.09,1
44873,1.90,0.0,0.0,0.0,0.0000,0.0000,0.0000,0.0000,0.00,0.00,0.00,0.000000,0.000000,-0.09,1
44873,1.90,0.0,0.0,0.0,0.0000,0.0000,0.0000,0.0000,0.00,0.00,0.00,0.000000,0.000000,-0.09,1
44886,1.90,0.0,0.0,0.0,0.0000,0.0000,0.0000,0.0000,0.00,0.00,0.00,0.000000,0.000000,-0.09,1
44886,1.90,0.0,0.0,0.0,0.0000,0.0000,0.0000,0.0000,0.00,0.00,0.00,0.000000,0.000000,-0.09,1
44886,1.90,0.0,0.0,0.0,0.0000,0.0000,0.0000,0.0000,0.00,0.00,0.00,0.000000,0.000000,-0.09,1
44886,1.90,0.0,0.0,0.0,0.0000,0.0000,0.0000,0.0000,0.00,0.00,0.00,0.000000,0.000000,-0.09,1
44886,1.90,0.0,0.0,0.0,0.0000,0.0000,0.0000,0.0000,0.00,0.00,0.00,0.000000,0.000000,-0.09,1
44899,1.90,0.0,0.0,0.0,0.0000,0.0000,0.0000,0.0000,0.00,0.00,0.00,0.000000,0.000000,-0.09,1
44899,1.90,0.0,0.0,0.0,0.0000,0.0000,0.0000,0.0000,0.00,0.00,0.00,0.000000,0.000000,-0.09,1
44899,1.90,0.0,0.0,0.0,0.0000,0.0000,0.0000,0.0000,0.00,0.00,0.00,0.000000,0.000000,-0.09,1
44899,1.90,0.0,0.0,0.0,0.0000,0.0000,0.0000,0.0000,0.00,0.00,0.00,0.000000,0.000000,-0.09,1
44899,1.90,0.0,0.0,0.0,0.0000,0.0000,0.0000,0.0000,0.00,0.00,0.00,0.000000,0.000000,-0.09,1
44916,1.90,0.0,0.0,0.0,0.0000,0.0000,0.0000,0.0000,0.00,0.00,0.00,0.000000,0.000000,-0.09,1
44916,1.90,0.0,0.0,0.0,0.0000,0.0000,0.0000,0.0000,0.00,0.00,0.00,0.000000,0.000000,-0.09,1
44916,1.90,0.0,0.0,0.0,0.0000,0.0000,0.0000,0.0000,0.00,0.00,0.00,0.000000,0.000000,-0.09,1
44916,1.90,0.0,0.0,0.0,0.0000,0.0000,0.0000,0.0000,0.00,0.00,0.00,0.000000,0.000000,-0.09,1
44916,1.90,0.0,0.0,0.0,0.0000,0.0000,0.0000,0.0000,0.00,0.00,0.00,0.000000,0.000000,-0.09,1
44924,1.90,0.0,0.0,0.0,0.0000,0.0000,0.0000,0.0000,0.00,0.00,0.00,0.000000,0.000000,-0.10,1
44924,1.90,0.0,0.0,0.0,0.0000,0.0000,0.0000,0.0000,0.00,0.00,0.00,0.000000,0.000000,-0.10,1
44924,1.88,0.0,0.0,0.0,0.0000,0.0000,0.0000,0.0000,0.00,0.00,0.00,0.000000,0.000000,-0.10,1
44924,1.90,0.0,0.0,0.0,0.0000,0.0000,0.0000,0.0000,0.00,0.00,0.00,0.000000,0.000000,-0.10,1
44924,1.90,0.0,0.0,0.0,0.0000,0.0000,0.0000,0.0000,0.00,0.00,0.00,0.000000,0.000000,-0.10,1
44937,1.90,0.0,0.0,0.0,0.0000,0.0000,0.0000,0.0000,0.00,0.00,0.00,0.000000,0.000000,-0.10,1
44937,1.90,0.0,0.0,0.0,0.0000,0.0000,0.0000,0.0000,0.00,0.00,0.00,0.000000,0.000000,-0.10,1
44937,1.90,0.0,0.0,0.0,0.0000,0.0000,0.0000,0.0000,0.00,0.00,0.00,0.000000,0.000000,-0.10,1
44937,1.90,0.0,0.0,0.0,0.0000,0.0000,0.0000,0.0000,0.00,0.00,0.00,0.000000,0.000000,-0.10,1
44937,1.90,0.0,0.0,0.0,0.0000,0.0000,0.0000,0.0000,0.00,0.00,0.00,0.000000,0.000000,-0.10,1
44950,1.90,0.0,0.0,0.0,0.0000,0.0000,0.0000,0.0000,0.00,0.00,0.00,0.000000,0.000000,-0.10,1
44950,1.90,0.0,0.0,0.0,0.0000,0.0000,0.0000,0.0000,0.00,0.00,0.00,0.000000,0.000000,-0.10,1
44950,1.90,0.0,0.0,0.0,0.0000,0.0000,0.0000,0.0000,0.00,0.00,0.00,0.000000,0.000000,-0.10,1
44950,1.90,0.0,0.0,0.0,0.0000,0.0000,0.0000,0.0000,0.00,0.00,0.00,0.000000,0.000000,-0.10,1
44950,1.90,0.0,0.0,0.0,0.0000,0.0000,0.0000,0.0000,0.00,0.00,0.00,0.000000,0.000000,-0.10,1
44962,1.90,0.0,0.0,0.0,0.0000,0.0000,0.0000,0.0000,0.00,0.00,0.00,0.000000,0.000000,-0.10,1
44962,1.90,0.0,0.0,0.0,0.0000,0.0000,0.0000,0.0000,0.00,0.00,0.00,0.000000,0.000000,-0.10,1
44962,1.88,0.0,0.0,0.0,0.0000,0.0000,0.0000,0.0000,0.00,0.00,0.00,0.000000,0.000000,-0.10,1
44962,1.90,0.0,0.0,0.0,0.0000,0.0000,0.0000,0.0000,0.00,0.00,0.00,0.000000,0.000000,-0.10,1
44962,1.90,0.0,0.0,0.0,0.0000,0.0000,0.0000,0.0000,0.00,0.00,0.00,0.000000,0.000000,-0.10,1
44975,1.90,0.0,0.0,0.0,0.0000,0.0000,0.0000,0.0000,0.00,0.00,0.00,0.000000,0.000000,-0.11,1
44975,1.90,0.0,0.0,0.0,0.0000,0.0000,0.0000,0.0000,0.00,0.00,0.00,0.000000,0.000000,-0.11,1
44975,1.90,0.0,0.0,0.0,0.0000,0.0000,0.0000,0.0000,0.00,0.00,0.00,0.000000,0.000000,-0.11,1
44975,1.90,0.0,0.0,0.0,0.0000,0.0000,0.0000,0.0000,0.00,0.00,0.00,0.000000,0.000000,-0.11,1
44975,1.90,0.0,0.0,0.0,0.0000,0.0000,0.0000,0.0000,0.00,0.00,0.00,0.000000,0.000000,-0.11,1
44988,1.90,0.0,0.0,0.0,0.0000,0.0000,0.0000,0.0000,0.00,0.00,0.00,0.000000,0.000000,-0.11,1
44988,1.90,0.0,0.0,0.0,0.0000,0.0000,0.0000,0.0000,0.00,0.00,0.00,0.000000,0.000000,-0.11,1
44988,1.90,0.0,0.0,0.0,0.0000,0.0000,0.0000,0.0000,0.00,0.00,0.00,0.000000,0.000000,-0.11,1
44988,1.88,0.0,0.0,0.0,0.0000,0.0000,0.0000,0.0000,0.00,0.00,0.00,0.000000,0.000000,-0.11,1
44988,1.90,0.0,0.0,0.0,0.0000,0.0000,0.0000,0.0000,0.00,0.00,0.00,0.000000,0.000000,-0.11,1
45001,1.88,0.0,0.0,0.0,0.0000,0.0000,0.0000,0.0000,0.00,0.00,0.00,0.000000,0.000000,-0.11,1
45001,1.90,0.0,0.0,0.0,0.0000,0.0000,0.0000,0.0000,0.00,0.00,0.00,0.000000,0.000000,-0.11,1
45001,1.90,0.0,0.0,0.0,0.0000,0.0000,0.0000,0.0000,0.00,0.00,0.00,0.000000,0.000000,-0.11,1
45001,1.90,0.0,0.0,0.0,0.0000,0.0000,0.0000,0.0000,0.00,0.00,0.00,0.000000,0.000000,-0.11,1
45001,1.90,0.0,0.0,0.0,0.0000,0.0000,0.0000,0.0000,0.00,0.00,0.00,0.000000,0.000000,-0.11,1
45013,1.90,0.0,0.0,0.0,0.0000,0.0000,0.0000,0.0000,0.00,0.00,0.00,0.000000,0.000000,-0.11,1
45013,1.90,0.0,0.0,0.0,0.0000,0.0000,0.0000,0.0000,0.00,0.00,0.00,0.000000,0.000000,-0.11,1
45013,1.90,0.0,0.0,0.0,0.0000,0.0000,0.0000,0.0000,0.00,0.00,0.00,0.000000,0.000000,-0.11,1
45013,1.88,0.0,0.0,0.0,0.0000,0.0000,0.0000,0.0000,0.00,0.00,0.00,0.000000,0.000000,-0.11,1
45013,1.90,0.0,0.0,0.0,0.0000,0.0000,0.0000,0.0000,0.00,0.00,0.00,0.000000,0.000000,-0.11,1
45033,1.90,0.0,0.0,0.0,0.0000,0.0000,0.0000,0.0000,0.00,0.00,0.00,0.000000,0.000000,-0.11,1
45033,1.90,0.0,0.0,0.0,0.0000,0.0000,0.0000,0.0000,0.00,0.00,0.00,0.000000,0.000000,-0.11,1
45033,1.90,0.0,0.0,0.0,0.0000,0.0000,0.0000,0.0000,0.00,0.00,0.00,0.000000,0.000000,-0.11,1
45033,1.90,0.0,0.0,0.0,0.0000,0.0000,0.0000,0.0000,0.00,0.00,0.00,0.000000,0.000000,-0.11,1
45033,1.90,0.0,0.0,0.0,0.0000,0.0000,0.0000,0.0000,0.00,0.00,0.00,0.000000,0.000000,-0.11,1
45039,1.90,0.0,0.0,0.0,0.0000,0.0000,0.0000,0.0000,0.00,0.00,0.00,0.000000,0.000000,-0.10,1
45039,1.90,0.0,0.0,0.0,0.0000,0.0000,0.0000,0.0000,0.00,0.00,0.00,0.000000,0.000000,-0.10,1
45039,1.90,0.0,0.0,0.0,0.0000,0.0000,0.0000,0.0000,0.00,0.00,0.00,0.000000,0.000000,-0.10,1
45039,1.90,0.0,0.0,0.0,0.0000,0.0000,0.0000,0.0000,0.00,0.00,0.00,0.000000,0.000000,-0.10,1
45039,1.90,0.0,0.0,0.0,0.0000,0.0000,0.0000,0.0000,0.00,0.00,0.00,0.000000,0.000000,-0.10,1
45052,1.90,0.0,0.0,0.0,0.0000,0.0000,0.0000,0.0000,0.00,0.00,0.00,0.000000,0.000000,-0.10,1
45052,1.90,0.0,0.0,0.0,0.0000,0.0000,0.0000,0.0000,0.00,0.00,0.00,0.000000,0.000000,-0.10,1
45052,1.90,0.0,0.0,0.0,0.0000,0.0000,0.0000,0.0000,0.00,0.00,0.00,0.000000,0.000000,-0.10,1
45052,1.90,0.0,0.0,0.0,0.0000,0.0000,0.0000,0.0000,0.00,0.00,0.00,0.000000,0.000000,-0.10,1
45052,1.90,0.0,0.0,0.0,0.0000,0.0000,0.0000,0.0000,0.00,0.00,0.00,0.000000,0.000000,-0.10,1
45064,1.90,0.0,0.0,0.0,0.0000,0.0000,0.0000,0.0000,0.00,0.00,0.00,0.000000,0.000000,-0.10,1
45064,1.90,0.0,0.0,0.0,0.0000,0.0000,0.0000,0.0000,0.00,0.00,0.00,0.000000,0.000000,-0.10,1
45064,1.90,0.0,0.0,0.0,0.0000,0.0000,0.0000,0.0000,0.00,0.00,0.00,0.000000,0.000000,-0.10,1
45064,1.90,0.0,0.0,0.0,0.0000,0.0000,0.0000,0.0000,0.00,0.00,0.00,0.000000,0.000000,-0.10,1
45064,1.88,0.0,0.0,0.0,0.0000,0.0000,0.0000,0.0000,0.00,0.00,0.00,0.000000,0.000000,-0.10,1
45077,1.90,0.0,0.0,0.0,0.0000,0.0000,0.0000,0.0000,0.00,0.00,0.00,0.000000,0.000000,-0.10,1
45077,1.90,0.0,0.0,0.0,0.0000,0.0000,0.0000,0.0000,0.00,0.00,0.00,0.000000,0.000000,-0.10,1
45077,1.90,0.0,0.0,0.0,0.0000,0.0000,0.0000,0.0000,0.00,0.00,0.00,0.000000,0.000000,-0.10,1
45077,1.90,0.0,0.0,0.0,0.0000,0.0000,0.0000,0.0000,0.00,0.00,0.00,0.000000,0.000000,-0.10,1
45077,1.90,0.0,0.0,0.0,0.0000,0.0000,0.0000,0.0000,0.00,0.00,0.00,0.000000,0.000000,-0.10,1
45091,1.90,0.0,0.0,0.0,0.0000,0.0000,0.0000,0.0000,0.00,0.00,0.00,0.000000,0.000000,-0.10,1
45091,1.90,0.0,0.0,0.0,0.0000,0.0000,0.0000,0.0000,0.00,0.00,0.00,0.000000,0.000000,-0.10,1
45091,1.90,0.0,0.0,0.0,0.0000,0.0000,0.0000,0.0000,0.00,0.00,0.00,0.000000,0.000000,-0.10,1
45091,1.90,0.0,0.0,0.0,0.0000,0.0000,0.0000,0.0000,0.00,0.00,0.00,0.000000,0.000000,-0.10,1
45091,1.90,0.0,0.0,0.0,0.0000,0.0000,0.0000,0.0000,0.00,0.00,0.00,0.000000,0.000000,-0.10,1
45103,1.88,0.0,0.0,0.0,0.0000,0.0000,0.0000,0.0000,0.00,0.00,0.00,0.000000,0.000000,-0.10,1
45103,1.88,0.0,0.0,0.0,0.0000,0.0000,0.0000,0.0000,0.00,0.00,0.00,0.000000,0.000000,-0.10,1
45103,1.90,0.0,0.0,0.0,0.0000,0.0000,0.0000,0.0000,0.00,0.00,0.00,0.000000,0.000000,-0.10,1
45103,1.88,0.0,0.0,0.0,0.0000,0.0000,0.0000,0.0000,0.00,0.00,0.00,0.000000,0.000000,-0.10,1
45103,1.90,0.0,0.0,0.0,0.0000,0.0000,0.0000,0.0000,0.00,0.00,0.00,0.000000,0.000000,-0.10,1
45115,1.88,0.0,0.0,0.0,0.0000,0.0000,0.0000,0.0000,0.00,0.00,0.00,0.000000,0.000000,-0.10,1
45115,1.90,0.0,0.0,0.0,0.0000,0.0000,0.0000,0.0000,0.00,0.00,0.00,0.000000,0.000000,-0.10,1
45115,1.90,0.0,0.0,0.0,0.0000,0.0000,0.0000,0.0000,0.00,0.00,0.00,0.000000,0.000000,-0.10,1
45115,1.90,0.0,0.0,0.0,0.0000,0.0000,0.0000,0.0000,0.00,0.00,0.00,0.000000,0.000000,-0.10,1
45115,1.90,0.0,0.0,0.0,0.0000,0.0000,0.0000,0.0000,0.00,0.00,0.00,0.000000,0.000000,-0.10,1
45128,1.90,0.0,0.0,0.0,0.0000,0.0000,0.0000,0.0000,0.00,0.00,0.00,0.000000,0.000000,-0.10,1
45128,1.90,0.0,0.0,0.0,0.0000,0.0000,0.0000,0.0000,0.00,0.00,0.00,0.000000,0.000000,-0.10,1
45128,1.90,0.0,0.0,0.0,0.0000,0.0000,0.0000,0.0000,0.00,0.00,0.00,0.000000,0.000000,-0.10,1
45128,1.90,0.0,0.0,0.0,0.0000,0.0000,0.0000,0.0000,0.00,0.00,0.00,0.000000,0.000000,-0.10,1
45128,1.90,0.0,0.0,0.0,0.0000,0.0000,0.0000,0.0000,0.00,0.00,0.00,0.000000,0.000000,-0.10,1
45141,1.90,0.0,0.0,0.0,0.0000,0.0000,0.0000,0.0000,0.00,0.00,0.00,0.000000,0.000000,-0.10,1
45141,1.90,0.0,0.0,0.0,0.0000,0.0000,0.0000,0.0000,0.00,0.00,0.00,0.000000,0.000000,-0.10,1
45141,1.90,0.0,0.0,0.0,0.0000,0.0000,0.0000,0.0000,0.00,0.00,0.00,0.000000,0.000000,-0.10,1
45141,1.90,0.0,0.0,0.0,0.0000,0.0000,0.0000,0.0000,0.00,0.00,0.00,0.000000,0.000000,-0.10,1
45141,1.90,0.0,0.0,0.0,0.0000,0.0000,0.0000,0.0000,0.00,0.00,0.00,0.000000,0.000000,-0.10,1
45154,1.90,0.0,0.0,0.0,0.0000,0.0000,0.0000,0.0000,0.00,0.00,0.00,0.000000,0.000000,-0.10,1
45154,1.90,0.0,0.0,0.0,0.0000,0.0000,0.0000,0.0000,0.00,0.00,0.00,0.000000,0.000000,-0.10,1
45154,1.90,0.0,0.0,0.0,0.0000,0.0000,0.0000,0.0000,0.00,0.00,0.00,0.000000,0.000000,-0.10,1
45154,1.88,0.0,0.0,0.0,0.0000,0.0000,0.0000,0.0000,0.00,0.00,0.00,0.000000,0.000000,-0.10,1
45154,1.90,0.0,0.0,0.0,0.0000,0.0000,0.0000,0.0000,0.00,0.00,0.00,0.000000,0.000000,-0.10,1
45171,1.90,0.0,0.0,0.0,0.0000,0.0000,0.0000,0.0000,0.00,0.00,0.00,0.000000,0.000000,-0.10,1
45171,1.90,0.0,0.0,0.0,0.0000,0.0000,0.0000,0.0000,0.00,0.00,0.00,0.000000,0.000000,-0.10,1
45171,1.90,0.0,0.0,0.0,0.0000,0.0000,0.0000,0.0000,0.00,0.00,0.00,0.000000,0.000000,-0.10,1
45171,1.90,0.0,0.0,0.0,0.0000,0.0000,0.0000,0.0000,0.00,0.00,0.00,0.000000,0.000000,-0.10,1
45171,1.90,0.0,0.0,0.0,0.0000,0.0000,0.0000,0.0000,0.00,0.00,0.00,0.000000,0.000000,-0.10,1
45179,1.90,0.0,0.0,0.0,0.0000,0.0000,0.0000,0.0000,0.00,0.00,0.00,0.000000,0.000000,-0.10,1
45179,1.90,0.0,0.0,0.0,0.0000,0.0000,0.0000,0.0000,0.00,0.00,0.00,0.000000,0.000000,-0.10,1
45179,1.90,0.0,0.0,0.0,0.0000,0.0000,0.0000,0.0000,0.00,0.00,0.00,0.000000,0.000000,-0.10,1
45179,1.88,0.0,0.0,0.0,0.0000,0.0000,0.0000,0.0000,0.00,0.00,0.00,0.000000,0.000000,-0.10,1
45179,1.90,0.0,0.0,0.0,0.0000,0.0000,0.0000,0.0000,0.00,0.00,0.00,0.000000,0.000000,-0.10,1
45192,1.90,0.0,0.0,0.0,0.0000,0.0000,0.0000,0.0000,0.00,0.00,0.00,0.000000,0.000000,-0.10,1
45192,1.90,0.0,0.0,0.0,0.0000,0.0000,0.0000,0.0000,0.00,0.00,0.00,0.000000,0.000000,-0.10,1
45192,1.90,0.0,0.0,0.0,0.0000,0.0000,0.0000,0.0000,0.00,0.00,0.00,0.000000,0.000000,-0.10,1
45192,1.90,0.0,0.0,0.0,0.0000,0.0000,0.0000,0.0000,0.00,0.00,0.00,0.000000,0.000000,-0.10,1
45192,1.88,0.0,0.0,0.0,0.0000,0.0000,0.0000,0.0000,0.00,0.00,0.00,0.000000,0.000000,-0.10,1
45205,1.90,0.0,0.0,0.0,0.0000,0.0000,0.0000,0.0000,0.00,0.00,0.00,0.000000,0.000000,-0.10,1
45205,1.90,0.0,0.0,0.0,0.0000,0.0000,0.0000,0.0000,0.00,0.00,0.00,0.000000,0.000000,-0.10,1
45205,1.90,0.0,0.0,0.0,0.0000,0.0000,0.0000,0.0000,0.00,0.00,0.00,0.000000,0.000000,-0.10,1
45205,1.88,0.0,0.0,0.0,0.0000,0.0000,0.0000,0.0000,0.00,0.00,0.00,0.000000,0.000000,-0.10,1
45205,1.88,0.0,0.0,0.0,0.0000,0.0000,0.0000,0.0000,0.00,0.00,0.00,0.000000,0.000000,-0.10,1
45217,1.90,0.0,0.0,0.0,0.0000,0.0000,0.0000,0.0000,0.00,0.00,0.00,0.000000,0.000000,-0.10,1
45217,1.90,0.0,0.0,0.0,0.0000,0.0000,0.0000,0.0000,0.00,0.00,0.00,0.000000,0.000000,-0.10,1
45217,1.90,0.0,0.0,0.0,0.0000,0.0000,0.0000,0.0000,0.00,0.00,0.00,0.000000,0.000000,-0.10,1
45217,1.90,0.0,0.0,0.0,0.0000,0.0000,0.0000,0.0000,0.00,0.00,0.00,0.000000,0.000000,-0.10,1
45217,1.90,0.0,0.0,0.0,0.0000,0.0000,0.0000,0.0000,0.00,0.00,0.00,0.000000,0.000000,-0.10,1
45345,1.90,0.0,0.0,0.0,0.0000,0.0000,0.0000,0.0000,0.00,0.00,0.00,0.000000,0.000000,-0.09,1
45370,1.90,0.0,0.0,0.0,0.0000,0.0000,0.0000,0.0000,0.00,0.00,0.00,0.000000,0.000000,-0.09,1
45370,1.90,0.0,0.0,0.0,0.0000,0.0000,0.0000,0.0000,0.00,0.00,0.00,0.000000,0.000000,-0.09,1
45370,1.88,0.0,0.0,0.0,0.0000,0.0000,0.0000,0.0000,0.00,0.00,0.00,0.000000,0.000000,-0.09,1
45370,1.90,0.0,0.0,0.0,0.0000,0.0000,0.0000,0.0000,0.00,0.00,0.00,0.000000,0.000000,-0.09,1
45370,1.90,0.0,0.0,0.0,0.0000,0.0000,0.0000,0.0000,0.00,0.00,0.00,0.000000,0.000000,-0.09,1
45383,1.90,0.0,0.0,0.0,0.0000,0.0000,0.0000,0.0000,0.00,0.00,0.00,0.000000,0.000000,-0.09,1
45383,1.90,0.0,0.0,0.0,0.0000,0.0000,0.0000,0.0000,0.00,0.00,0.00,0.000000,0.000000,-0.09,1
45383,1.90,0.0,0.0,0.0,0.0000,0.0000,0.0000,0.0000,0.00,0.00,0.00,0.000000,0.000000,-0.09,1
45383,1.90,0.0,0.0,0.0,0.0000,0.0000,0.0000,0.0000,0.00,0.00,0.00,0.000000,0.000000,-0.09,1
45383,1.88,0.0,0.0,0.0,0.0000,0.0000,0.0000,0.0000,0.00,0.00,0.00,0.000000,0.000000,-0.09,1
45396,1.90,0.0,0.0,0.0,0.0000,0.0000,0.0000,0.0000,0.00,0.00,0.00,0.000000,0.000000,-0.09,1
45396,1.90,0.0,0.0,0.0,0.0000,0.0000,0.0000,0.0000,0.00,0.00,0.00,0.000000,0.000000,-0.09,1
45396,1.90,0.0,0.0,0.0,0.0000,0.0000,0.0000,0.0000,0.00,0.00,0.00,0.000000,0.000000,-0.09,1
45396,1.90,0.0,0.0,0.0,0.0000,0.0000,0.0000,0.0000,0.00,0.00,0.00,0.000000,0.000000,-0.09,1
45396,1.90,0.0,0.0,0.0,0.0000,0.0000,0.0000,0.0000,0.00,0.00,0.00,0.000000,0.000000,-0.09,1
45414,1.90,0.0,0.0,0.0,0.0000,0.0000,0.0000,0.0000,0.00,0.00,0.00,0.000000,0.000000,-0.09,1
45414,1.90,0.0,0.0,0.0,0.0000,0.0000,0.0000,0.0000,0.00,0.00,0.00,0.000000,0.000000,-0.09,1
45414,1.88,0.0,0.0,0.0,0.0000,0.0000,0.0000,0.0000,0.00,0.00,0.00,0.000000,0.000000,-0.09,1
45414,1.90,0.0,0.0,0.0,0.0000,0.0000,0.0000,0.0000,0.00,0.00,0.00,0.000000,0.000000,-0.09,1
45414,1.90,0.0,0.0,0.0,0.0000,0.0000,0.0000,0.0000,0.00,0.00,0.00,0.000000,0.000000,-0.09,1
45421,1.90,0.0,0.0,0.0,0.0000,0.0000,0.0000,0.0000,0.00,0.00,0.00,0.000000,0.000000,-0.09,1
45421,1.90,0.0,0.0,0.0,0.0000,0.0000,0.0000,0.0000,0.00,0.00,0.00,0.000000,0.000000,-0.09,1
45421,1.90,0.0,0.0,0.0,0.0000,0.0000,0.0000,0.0000,0.00,0.00,0.00,0.000000,0.000000,-0.09,1
45421,1.90,0.0,0.0,0.0,0.0000,0.0000,0.0000,0.0000,0.00,0.00,0.00,0.000000,0.000000,-0.09,1
45421,1.90,0.0,0.0,0.0,0.0000,0.0000,0.0000,0.0000,0.00,0.00,0.00,0.000000,0.000000,-0.09,1
45434,1.90,0.0,0.0,0.0,0.0000,0.0000,0.0000,0.0000,0.00,0.00,0.00,0.000000,0.000000,-0.09,1
45434,1.90,0.0,0.0,0.0,0.0000,0.0000,0.0000,0.0000,0.00,0.00,0.00,0.000000,0.000000,-0.09,1
45434,1.90,0.0,0.0,0.0,0.0000,0.0000,0.0000,0.0000,0.00,0.00,0.00,0.000000,0.000000,-0.09,1
45434,1.90,0.0,0.0,0.0,0.0000,0.0000,0.0000,0.0000,0.00,0.00,0.00,0.000000,0.000000,-0.09,1
45434,1.88,0.0,0.0,0.0,0.0000,0.0000,0.0000,0.0000,0.00,0.00,0.00,0.000000,0.000000,-0.09,1
45447,1.90,0.0,0.0,0.0,0.0000,0.0000,0.0000,0.0000,0.00,0.00,0.00,0.000000,0.000000,-0.09,1
45447,1.90,0.0,0.0,0.0,0.0000,0.0000,0.0000,0.0000,0.00,0.00,0.00,0.000000,0.000000,-0.09,1
45447,1.88,0.0,0.0,0.0,0.0000,0.0000,0.0000,0.0000,0.00,0.00,0.00,0.000000,0.000000,-0.09,1
45447,1.90,0.0,0.0,0.0,0.0000,0.0000,0.0000,0.0000,0.00,0.00,0.00,0.000000,0.000000,-0.09,1
45447,1.90,0.0,0.0,0.0,0.0000,0.0000,0.0000,0.0000,0.00,0.00,0.00,0.000000,0.000000,-0.09,1
45460,1.90,0.0,0.0,0.0,0.0000,0.0000,0.0000,0.0000,0.00,0.00,0.00,0.000000,0.000000,-0.09,1
45460,1.90,0.0,0.0,0.0,0.0000,0.0000,0.0000,0.0000,0.00,0.00,0.00,0.000000,0.000000,-0.09,1
45460,1.90,0.0,0.0,0.0,0.0000,0.0000,0.0000,0.0000,0.00,0.00,0.00,0.000000,0.000000,-0.09,1
45460,1.90,0.0,0.0,0.0,0.0000,0.0000,0.0000,0.0000,0.00,0.00,0.00,0.000000,0.000000,-0.09,1
45460,1.90,0.0,0.0,0.0,0.0000,0.0000,0.0000,0.0000,0.00,0.00,0.00,0.000000,0.000000,-0.09,1
45472,1.90,0.0,0.0,0.0,0.0000,0.0000,0.0000,0.0000,0.00,0.00,0.00,0.000000,0.000000,-0.09,1
45472,1.90,0.0,0.0,0.0,0.0000,0.0000,0.0000,0.0000,0.00,0.00,0.00,0.000000,0.000000,-0.09,1
45472,1.90,0.0,0.0,0.0,0.0000,0.0000,0.0000,0.0000,0.00,0.00,0.00,0.000000,0.000000,-0.09,1
45472,1.90,0.0,0.0,0.0,0.0000,0.0000,0.0000,0.0000,0.00,0.00,0.00,0.000000,0.000000,-0.09,1
45472,1.90,0.0,0.0,0.0,0.0000,0.0000,0.0000,0.0000,0.00,0.00,0.00,0.000000,0.000000,-0.09,1
45485,1.90,0.0,0.0,0.0,0.0000,0.0000,0.0000,0.0000,0.00,0.00,0.00,0.000000,0.000000,-0.09,1
45485,1.90,0.0,0.0,0.0,0.0000,0.0000,0.0000,0.0000,0.00,0.00,0.00,0.000000,0.000000,-0.09,1
45485,1.90,0.0,0.0,0.0,0.0000,0.0000,0.0000,0.0000,0.00,0.00,0.00,0.000000,0.000000,-0.09,1
45485,1.90,0.0,0.0,0.0,0.0000,0.0000,0.0000,0.0000,0.00,0.00,0.00,0.000000,0.000000,-0.09,1
45485,1.90,0.0,0.0,0.0,0.0000,0.0000,0.0000,0.0000,0.00,0.00,0.00,0.000000,0.000000,-0.09,1
45498,1.90,0.0,0.0,0.0,0.0000,0.0000,0.0000,0.0000,0.00,0.00,0.00,0.000000,0.000000,-0.10,1
45498,1.90,0.0,0.0,0.0,0.0000,0.0000,0.0000,0.0000,0.00,0.00,0.00,0.000000,0.000000,-0.10,1
45498,1.90,0.0,0.0,0.0,0.0000,0.0000,0.0000,0.0000,0.00,0.00,0.00,0.000000,0.000000,-0.10,1
45498,1.90,0.0,0.0,0.0,0.0000,0.0000,0.0000,0.0000,0.00,0.00,0.00,0.000000,0.000000,-0.10,1
45498,1.90,0.0,0.0,0.0,0.0000,0.0000,0.0000,0.0000,0.00,0.00,0.00,0.000000,0.000000,-0.10,1
45511,1.90,0.0,0.0,0.0,0.0000,0.0000,0.0000,0.0000,0.00,0.00,0.00,0.000000,0.000000,-0.10,1
45511,1.90,0.0,0.0,0.0,0.0000,0.0000,0.0000,0.0000,0.00,0.00,0.00,0.000000,0.000000,-0.10,1
45511,1.88,0.0,0.0,0.0,0.0000,0.0000,0.0000,0.0000,0.00,0.00,0.00,0.000000,0.000000,-0.10,1
45511,1.90,0.0,0.0,0.0,0.0000,0.0000,0.0000,0.0000,0.00,0.00,0.00,0.000000,0.000000,-0.10,1
45511,1.90,0.0,0.0,0.0,0.0000,0.0000,0.0000,0.0000,0.00,0.00,0.00,0.000000,0.000000,-0.10,1
45523,1.90,0.0,0.0,0.0,0.0000,0.0000,0.0000,0.0000,0.00,0.00,0.00,0.000000,0.000000,-0.10,1
45523,1.90,0.0,0.0,0.0,0.0000,0.0000,0.0000,0.0000,0.00,0.00,0.00,0.000000,0.000000,-0.10,1
45523,1.90,0.0,0.0,0.0,0.0000,0.0000,0.0000,0.0000,0.00,0.00,0.00,0.000000,0.000000,-0.10,1
45523,1.90,0.0,0.0,0.0,0.0000,0.0000,0.0000,0.0000,0.00,0.00,0.00,0.000000,0.000000,-0.10,1
45523,1.88,0.0,0.0,0.0,0.0000,0.0000,0.0000,0.0000,0.00,0.00,0.00,0.000000,0.000000,-0.10,1
45541,1.90,0.0,0.0,0.0,0.0000,0.0000,0.0000,0.0000,0.00,0.00,0.00,0.000000,0.000000,-0.10,1
45541,1.90,0.0,0.0,0.0,0.0000,0.0000,0.0000,0.0000,0.00,0.00,0.00,0.000000,0.000000,-0.10,1
45541,1.88,0.0,0.0,0.0,0.0000,0.0000,0.0000,0.0000,0.00,0.00,0.00,0.000000,0.000000,-0.10,1
45541,1.90,0.0,0.0,0.0,0.0000,0.0000,0.0000,0.0000,0.00,0.00,0.00,0.000000,0.000000,-0.10,1
45541,1.90,0.0,0.0,0.0,0.0000,0.0000,0.0000,0.0000,0.00,0.00,0.00,0.000000,0.000000,-0.10,1
45549,1.88,0.0,0.0,0.0,0.0000,0.0000,0.0000,0.0000,0.00,0.00,0.00,0.000000,0.000000,-0.10,1
45549,1.90,0.0,0.0,0.0,0.0000,0.0000,0.0000,0.0000,0.00,0.00,0.00,0.000000,0.000000,-0.10,1
45549,1.90,0.0,0.0,0.0,0.0000,0.0000,0.0000,0.0000,0.00,0.00,0.00,0.000000,0.000000,-0.10,1
45549,1.88,0.0,0.0,0.0,0.0000,0.0000,0.0000,0.0000,0.00,0.00,0.00,0.000000,0.000000,-0.10,1
45549,1.90,0.0,0.0,0.0,0.0000,0.0000,0.0000,0.0000,0.00,0.00,0.00,0.000000,0.000000,-0.10,1
45562,1.90,0.0,0.0,0.0,0.0000,0.0000,0.0000,0.0000,0.00,0.00,0.00,0.000000,0.000000,-0.10,1
45562,1.88,0.0,0.0,0.0,0.0000,0.0000,0.0000,0.0000,0.00,0.00,0.00,0.000000,0.000000,-0.10,1
45562,1.88,0.0,0.0,0.0,0.0000,0.0000,0.0000,0.0000,0.00,0.00,0.00,0.000000,0.000000,-0.10,1
45562,1.88,0.0,0.0,0.0,0.0000,0.0000,0.0000,0.0000,0.00,0.00,0.00,0.000000,0.000000,-0.10,1
45562,1.88,0.0,0.0,0.0,0.0000,0.0000,0.0000,0.0000,0.00,0.00,0.00,0.000000,0.000000,-0.10,1
45574,1.90,0.0,0.0,0.0,0.0000,0.0000,0.0000,0.0000,0.00,0.00,0.00,0.000000,0.000000,-0.10,1
45574,1.90,0.0,0.0,0.0,0.0000,0.0000,0.0000,0.0000,0.00,0.00,0.00,0.000000,0.000000,-0.10,1
45574,1.90,0.0,0.0,0.0,0.0000,0.0000,0.0000,0.0000,0.00,0.00,0.00,0.000000,0.000000,-0.10,1
45574,1.90,0.0,0.0,0.0,0.0000,0.0000,0.0000,0.0000,0.00,0.00,0.00,0.000000,0.000000,-0.10,1
45574,1.90,0.0,0.0,0.0,0.0000,0.0000,0.0000,0.0000,0.00,0.00,0.00,0.000000,0.000000,-0.10,1
45587,1.90,0.0,0.0,0.0,0.0000,0.0000,0.0000,0.0000,0.00,0.00,0.00,0.000000,0.000000,-0.10,1
45587,1.90,0.0,0.0,0.0,0.0000,0.0000,0.0000,0.0000,0.00,0.00,0.00,0.000000,0.000000,-0.10,1
45587,1.90,0.0,0.0,0.0,0.0000,0.0000,0.0000,0.0000,0.00,0.00,0.00,0.000000,0.000000,-0.10,1
45587,1.90,0.0,0.0,0.0,0.0000,0.0000,0.0000,0.0000,0.00,0.00,0.00,0.000000,0.000000,-0.10,1
45587,1.90,0.0,0.0,0.0,0.0000,0.0000,0.0000,0.0000,0.00,0.00,0.00,0.000000,0.000000,-0.10,1
45600,1.90,0.0,0.0,0.0,0.0000,0.0000,0.0000,0.0000,0.00,0.00,0.00,0.000000,0.000000,-0.10,1
45600,1.90,0.0,0.0,0.0,0.0000,0.0000,0.0000,0.0000,0.00,0.00,0.00,0.000000,0.000000,-0.10,1
45600,1.90,0.0,0.0,0.0,0.0000,0.0000,0.0000,0.0000,0.00,0.00,0.00,0.000000,0.000000,-0.10,1
45600,1.88,0.0,0.0,0.0,0.0000,0.0000,0.0000,0.0000,0.00,0.00,0.00,0.000000,0.000000,-0.10,1
45600,1.90,0.0,0.0,0.0,0.0000,0.0000,0.0000,0.0000,0.00,0.00,0.00,0.000000,0.000000,-0.10,1
45612,1.90,0.0,0.0,0.0,0.0000,0.0000,0.0000,0.0000,0.00,0.00,0.00,0.000000,0.000000,-0.10,1
45612,1.90,0.0,0.0,0.0,0.0000,0.0000,0.0000,0.0000,0.00,0.00,0.00,0.000000,0.000000,-0.10,1
45612,1.90,0.0,0.0,0.0,0.0000,0.0000,0.0000,0.0000,0.00,0.00,0.00,0.000000,0.000000,-0.10,1
45612,1.90,0.0,0.0,0.0,0.0000,0.0000,0.0000,0.0000,0.00,0.00,0.00,0.000000,0.000000,-0.10,1
45612,1.90,0.0,0.0,0.0,0.0000,0.0000,0.0000,0.0000,0.00,0.00,0.00,0.000000,0.000000,-0.10,1
45625,1.90,0.0,0.0,0.0,0.0000,0.0000,0.0000,0.0000,0.00,0.00,0.00,0.000000,0.000000,-0.10,1
45625,1.90,0.0,0.0,0.0,0.0000,0.0000,0.0000,0.0000,0.00,0.00,0.00,0.000000,0.000000,-0.10,1
45625,1.90,0.0,0.0,0.0,0.0000,0.0000,0.0000,0.0000,0.00,0.00,0.00,0.000000,0.000000,-0.10,1
45625,1.90,0.0,0.0,0.0,0.0000,0.0000,0.0000,0.0000,0.00,0.00,0.00,0.000000,0.000000,-0.10,1
45625,1.90,0.0,0.0,0.0,0.0000,0.0000,0.0000,0.0000,0.00,0.00,0.00,0.000000,0.000000,-0.10,1
45638,1.88,0.0,0.0,0.0,0.0000,0.0000,0.0000,0.0000,0.00,0.00,0.00,0.000000,0.000000,-0.10,1
45638,1.88,0.0,0.0,0.0,0.0000,0.0000,0.0000,0.0000,0.00,0.00,0.00,0.000000,0.000000,-0.10,1
45638,1.90,0.0,0.0,0.0,0.0000,0.0000,0.0000,0.0000,0.00,0.00,0.00,0.000000,0.000000,-0.10,1
45638,1.90,0.0,0.0,0.0,0.0000,0.0000,0.0000,0.0000,0.00,0.00,0.00,0.000000,0.000000,-0.10,1
45638,1.90,0.0,0.0,0.0,0.0000,0.0000,0.0000,0.0000,0.00,0.00,0.00,0.000000,0.000000,-0.10,1
45651,1.90,0.0,0.0,0.0,0.0000,0.0000,0.0000,0.0000,0.00,0.00,0.00,0.000000,0.000000,-0.10,1
45651,1.90,0.0,0.0,0.0,0.0000,0.0000,0.0000,0.0000,0.00,0.00,0.00,0.000000,0.000000,-0.10,1
45651,1.90,0.0,0.0,0.0,0.0000,0.0000,0.0000,0.0000,0.00,0.00,0.00,0.000000,0.000000,-0.10,1
45651,1.90,0.0,0.0,0.0,0.0000,0.0000,0.0000,0.0000,0.00,0.00,0.00,0.000000,0.000000,-0.10,1
45651,1.90,0.0,0.0,0.0,0.0000,0.0000,0.0000,0.0000,0.00,0.00,0.00,0.000000,0.000000,-0.10,1
45669,1.90,0.0,0.0,0.0,0.0000,0.0000,0.0000,0.0000,0.00,0.00,0.00,0.000000,0.000000,-0.10,1
45669,1.90,0.0,0.0,0.0,0.0000,0.0000,0.0000,0.0000,0.00,0.00,0.00,0.000000,0.000000,-0.10,1
45669,1.88,0.0,0.0,0.0,0.0000,0.0000,0.0000,0.0000,0.00,0.00,0.00,0.000000,0.000000,-0.10,1
45669,1.88,0.0,0.0,0.0,0.0000,0.0000,0.0000,0.0000,0.00,0.00,0.00,0.000000,0.000000,-0.10,1
45669,1.90,0.0,0.0,0.0,0.0000,0.0000,0.0000,0.0000,0.00,0.00,0.00,0.000000,0.000000,-0.10,1
45676,1.90,0.0,0.0,0.0,0.0000,0.0000,0.0000,0.0000,0.00,0.00,0.00,0.000000,0.000000,-0.09,1
45676,1.90,0.0,0.0,0.0,0.0000,0.0000,0.0000,0.0000,0.00,0.00,0.00,0.000000,0.000000,-0.09,1
45676,1.90,0.0,0.0,0.0,0.0000,0.0000,0.0000,0.0000,0.00,0.00,0.00,0.000000,0.000000,-0.09,1
45676,1.90,0.0,0.0,0.0,0.0000,0.0000,0.0000,0.0000,0.00,0.00,0.00,0.000000,0.000000,-0.09,1
45676,1.88,0.0,0.0,0.0,0.0000,0.0000,0.0000,0.0000,0.00,0.00,0.00,0.000000,0.000000,-0.09,1
45689,1.90,0.0,0.0,0.0,0.0000,0.0000,0.0000,0.0000,0.00,0.00,0.00,0.000000,0.000000,-0.09,1
45689,1.90,0.0,0.0,0.0,0.0000,0.0000,0.0000,0.0000,0.00,0.00,0.00,0.000000,0.000000,-0.09,1
45689,1.90,0.0,0.0,0.0,0.0000,0.0000,0.0000,0.0000,0.00,0.00,0.00,0.000000,0.000000,-0.09,1
45689,1.90,0.0,0.0,0.0,0.0000,0.0000,0.0000,0.0000,0.00,0.00,0.00,0.000000,0.000000,-0.09,1
45689,1.90,0.0,0.0,0.0,0.0000,0.0000,0.0000,0.0000,0.00,0.00,0.00,0.000000,0.000000,-0.09,1
45702,1.90,0.0,0.0,0.0,0.0000,0.0000,0.0000,0.0000,0.00,0.00,0.00,0.000000,0.000000,-0.09,1
45702,1.90,0.0,0.0,0.0,0.0000,0.0000,0.0000,0.0000,0.00,0.00,0.00,0.000000,0.000000,-0.09,1
45702,1.90,0.0,0.0,0.0,0.0000,0.0000,0.0000,0.0000,0.00,0.00,0.00,0.000000,0.000000,-0.09,1
45702,1.90,0.0,0.0,0.0,0.0000,0.0000,0.0000,0.0000,0.00,0.00,0.00,0.000000,0.000000,-0.09,1
45702,1.90,0.0,0.0,0.0,0.0000,0.0000,0.0000,0.0000,0.00,0.00,0.00,0.000000,0.000000,-0.09,1
45715,1.88,0.0,0.0,0.0,0.0000,0.0000,0.0000,0.0000,0.00,0.00,0.00,0.000000,0.000000,-0.09,1
45715,1.90,0.0,0.0,0.0,0.0000,0.0000,0.0000,0.0000,0.00,0.00,0.00,0.000000,0.000000,-0.09,1
45715,1.90,0.0,0.0,0.0,0.0000,0.0000,0.0000,0.0000,0.00,0.00,0.00,0.000000,0.000000,-0.09,1
45715,1.90,0.0,0.0,0.0,0.0000,0.0000,0.0000,0.0000,0.00,0.00,0.00,0.000000,0.000000,-0.09,1
45715,1.90,0.0,0.0,0.0,0.0000,0.0000,0.0000,0.0000,0.00,0.00,0.00,0.000000,0.000000,-0.09,1
45728,1.90,0.0,0.0,0.0,0.0000,0.0000,0.0000,0.0000,0.00,0.00,0.00,0.000000,0.000000,-0.09,1
45728,1.90,0.0,0.0,0.0,0.0000,0.0000,0.0000,0.0000,0.00,0.00,0.00,0.000000,0.000000,-0.09,1
45728,1.90,0.0,0.0,0.0,0.0000,0.0000,0.0000,0.0000,0.00,0.00,0.00,0.000000,0.000000,-0.09,1
45728,1.90,0.0,0.0,0.0,0.0000,0.0000,0.0000,0.0000,0.00,0.00,0.00,0.000000,0.000000,-0.09,1
45728,1.90,0.0,0.0,0.0,0.0000,0.0000,0.0000,0.0000,0.00,0.00,0.00,0.000000,0.000000,-0.09,1
45740,1.90,0.0,0.0,0.0,0.0000,0.0000,0.0000,0.0000,0.00,0.00,0.00,0.000000,0.000000,-0.10,1
45740,1.90,0.0,0.0,0.0,0.0000,0.0000,0.0000,0.0000,0.00,0.00,0.00,0.000000,0.000000,-0.10,1
45740,1.90,0.0,0.0,0.0,0.0000,0.0000,0.0000,0.0000,0.00,0.00,0.00,0.000000,0.000000,-0.10,1
45740,1.88,0.0,0.0,0.0,0.0000,0.0000,0.0000,0.0000,0.00,0.00,0.00,0.000000,0.000000,-0.10,1
45740,1.90,0.0,0.0,0.0,0.0000,0.0000,0.0000,0.0000,0.00,0.00,0.00,0.000000,0.000000,-0.10,1
45753,1.90,0.0,0.0,0.0,0.0000,0.0000,0.0000,0.0000,0.00,0.00,0.00,0.000000,0.000000,-0.10,1
45753,1.90,0.0,0.0,0.0,0.0000,0.0000,0.0000,0.0000,0.00,0.00,0.00,0.000000,0.000000,-0.10,1
45753,1.90,0.0,0.0,0.0,0.0000,0.0000,0.0000,0.0000,0.00,0.00,0.00,0.000000,0.000000,-0.10,1
45753,1.90,0.0,0.0,0.0,0.0000,0.0000,0.0000,0.0000,0.00,0.00,0.00,0.000000,0.000000,-0.10,1
45753,1.90,0.0,0.0,0.0,0.0000,0.0000,0.0000,0.0000,0.00,0.00,0.00,0.000000,0.000000,-0.10,1
45766,1.90,0.0,0.0,0.0,0.0000,0.0000,0.0000,0.0000,0.00,0.00,0.00,0.000000,0.000000,-0.10,1
45766,1.90,0.0,0.0,0.0,0.0000,0.0000,0.0000,0.0000,0.00,0.00,0.00,0.000000,0.000000,-0.10,1
45766,1.90,0.0,0.0,0.0,0.0000,0.0000,0.0000,0.0000,0.00,0.00,0.00,0.000000,0.000000,-0.10,1
45766,1.90,0.0,0.0,0.0,0.0000,0.0000,0.0000,0.0000,0.00,0.00,0.00,0.000000,0.000000,-0.10,1
45766,1.90,0.0,0.0,0.0,0.0000,0.0000,0.0000,0.0000,0.00,0.00,0.00,0.000000,0.000000,-0.10,1
45778,1.88,0.0,0.0,0.0,0.0000,0.0000,0.0000,0.0000,0.00,0.00,0.00,0.000000,0.000000,-0.10,1
45778,1.90,0.0,0.0,0.0,0.0000,0.0000,0.0000,0.0000,0.00,0.00,0.00,0.000000,0.000000,-0.10,1
45778,1.90,0.0,0.0,0.0,0.0000,0.0000,0.0000,0.0000,0.00,0.00,0.00,0.000000,0.000000,-0.10,1
45778,1.90,0.0,0.0,0.0,0.0000,0.0000,0.0000,0.0000,0.00,0.00,0.00,0.000000,0.000000,-0.10,1
45778,1.90,0.0,0.0,0.0,0.0000,0.0000,0.0000,0.0000,0.00,0.00,0.00,0.000000,0.000000,-0.10,1
45791,1.90,0.0,0.0,0.0,0.0000,0.0000,0.0000,0.0000,0.00,0.00,0.00,0.000000,0.000000,-0.10,1
45791,1.90,0.0,0.0,0.0,0.0000,0.0000,0.0000,0.0000,0.00,0.00,0.00,0.000000,0.000000,-0.10,1
45791,1.90,0.0,0.0,0.0,0.0000,0.0000,0.0000,0.0000,0.00,0.00,0.00,0.000000,0.000000,-0.10,1
45791,1.90,0.0,0.0,0.0,0.0000,0.0000,0.0000,0.0000,0.00,0.00,0.00,0.000000,0.000000,-0.10,1
45791,1.90,0.0,0.0,0.0,0.0000,0.0000,0.0000,0.0000,0.00,0.00,0.00,0.000000,0.000000,-0.10,1
45807,1.90,0.0,0.0,0.0,0.0000,0.0000,0.0000,0.0000,0.00,0.00,0.00,0.000000,0.000000,-0.10,1
45807,1.88,0.0,0.0,0.0,0.0000,0.0000,0.0000,0.0000,0.00,0.00,0.00,0.000000,0.000000,-0.10,1
45807,1.90,0.0,0.0,0.0,0.0000,0.0000,0.0000,0.0000,0.00,0.00,0.00,0.000000,0.000000,-0.10,1
45807,1.90,0.0,0.0,0.0,0.0000,0.0000,0.0000,0.0000,0.00,0.00,0.00,0.000000,0.000000,-0.10,1
45807,1.88,0.0,0.0,0.0,0.0000,0.0000,0.0000,0.0000,0.00,0.00,0.00,0.000000,0.000000,-0.10,1
45817,1.90,0.0,0.0,0.0,0.0000,0.0000,0.0000,0.0000,0.00,0.00,0.00,0.000000,0.000000,-0.10,1
45817,1.90,0.0,0.0,0.0,0.0000,0.0000,0.0000,0.0000,0.00,0.00,0.00,0.000000,0.000000,-0.10,1
45817,1.90,0.0,0.0,0.0,0.0000,0.0000,0.0000,0.0000,0.00,0.00,0.00,0.000000,0.000000,-0.10,1
45817,1.90,0.0,0.0,0.0,0.0000,0.0000,0.0000,0.0000,0.00,0.00,0.00,0.000000,0.000000,-0.10,1
45817,1.90,0.0,0.0,0.0,0.0000,0.0000,0.0000,0.0000,0.00,0.00,0.00,0.000000,0.000000,-0.10,1
45829,1.90,0.0,0.0,0.0,0.0000,0.0000,0.0000,0.0000,0.00,0.00,0.00,0.000000,0.000000,-0.10,1
45829,1.90,0.0,0.0,0.0,0.0000,0.0000,0.0000,0.0000,0.00,0.00,0.00,0.000000,0.000000,-0.10,1
45829,1.90,0.0,0.0,0.0,0.0000,0.0000,0.0000,0.0000,0.00,0.00,0.00,0.000000,0.000000,-0.10,1
45829,1.90,0.0,0.0,0.0,0.0000,0.0000,0.0000,0.0000,0.00,0.00,0.00,0.000000,0.000000,-0.10,1
45829,1.90,0.0,0.0,0.0,0.0000,0.0000,0.0000,0.0000,0.00,0.00,0.00,0.000000,0.000000,-0.10,1
45842,1.90,0.0,0.0,0.0,0.0000,0.0000,0.0000,0.0000,0.00,0.00,0.00,0.000000,0.000000,-0.10,1
45842,1.90,0.0,0.0,0.0,0.0000,0.0000,0.0000,0.0000,0.00,0.00,0.00,0.000000,0.000000,-0.10,1
45842,1.90,0.0,0.0,0.0,0.0000,0.0000,0.0000,0.0000,0.00,0.00,0.00,0.000000,0.000000,-0.10,1
45842,1.90,0.0,0.0,0.0,0.0000,0.0000,0.0000,0.0000,0.00,0.00,0.00,0.000000,0.000000,-0.10,1
45842,1.90,0.0,0.0,0.0,0.0000,0.0000,0.0000,0.0000,0.00,0.00,0.00,0.000000,0.000000,-0.10,1
45855,1.90,0.0,0.0,0.0,0.0000,0.0000,0.0000,0.0000,0.00,0.00,0.00,0.000000,0.000000,-0.10,1
45855,1.90,0.0,0.0,0.0,0.0000,0.0000,0.0000,0.0000,0.00,0.00,0.00,0.000000,0.000000,-0.10,1
45855,1.88,0.0,0.0,0.0,0.0000,0.0000,0.0000,0.0000,0.00,0.00,0.00,0.000000,0.000000,-0.10,1
45855,1.90,0.0,0.0,0.0,0.0000,0.0000,0.0000,0.0000,0.00,0.00,0.00,0.000000,0.000000,-0.10,1
45855,1.90,0.0,0.0,0.0,0.0000,0.0000,0.0000,0.0000,0.00,0.00,0.00,0.000000,0.000000,-0.10,1
45868,1.90,0.0,0.0,0.0,0.0000,0.0000,0.0000,0.0000,0.00,0.00,0.00,0.000000,0.000000,-0.10,1
45868,1.90,0.0,0.0,0.0,0.0000,0.0000,0.0000,0.0000,0.00,0.00,0.00,0.000000,0.000000,-0.10,1
45868,1.90,0.0,0.0,0.0,0.0000,0.0000,0.0000,0.0000,0.00,0.00,0.00,0.000000,0.000000,-0.10,1
45868,1.90,0.0,0.0,0.0,0.0000,0.0000,0.0000,0.0000,0.00,0.00,0.00,0.000000,0.000000,-0.10,1
45868,1.90,0.0,0.0,0.0,0.0000,0.0000,0.0000,0.0000,0.00,0.00,0.00,0.000000,0.000000,-0.10,1
45880,1.90,0.0,0.0,0.0,0.0000,0.0000,0.0000,0.0000,0.00,0.00,0.00,0.000000,0.000000,-0.10,1
45880,1.90,0.0,0.0,0.0,0.0000,0.0000,0.0000,0.0000,0.00,0.00,0.00,0.000000,0.000000,-0.10,1
45880,1.88,0.0,0.0,0.0,0.0000,0.0000,0.0000,0.0000,0.00,0.00,0.00,0.000000,0.000000,-0.10,1
45880,1.88,0.0,0.0,0.0,0.0000,0.0000,0.0000,0.0000,0.00,0.00,0.00,0.000000,0.000000,-0.10,1
45880,1.90,0.0,0.0,0.0,0.0000,0.0000,0.0000,0.0000,0.00,0.00,0.00,0.000000,0.000000,-0.10,1
45893,1.90,0.0,0.0,0.0,0.0000,0.0000,0.0000,0.0000,0.00,0.00,0.00,0.000000,0.000000,-0.10,1
45893,1.90,0.0,0.0,0.0,0.0000,0.0000,0.0000,0.0000,0.00,0.00,0.00,0.000000,0.000000,-0.10,1
45893,1.90,0.0,0.0,0.0,0.0000,0.0000,0.0000,0.0000,0.00,0.00,0.00,0.000000,0.000000,-0.10,1
45893,1.90,0.0,0.0,0.0,0.0000,0.0000,0.0000,0.0000,0.00,0.00,0.00,0.000000,0.000000,-0.10,1
45893,1.90,0.0,0.0,0.0,0.0000,0.0000,0.0000,0.0000,0.00,0.00,0.00,0.000000,0.000000,-0.10,1
45906,1.90,0.0,0.0,0.0,0.0000,0.0000,0.0000,0.0000,0.00,0.00,0.00,0.000000,0.000000,-0.10,1
45906,1.90,0.0,0.0,0.0,0.0000,0.0000,0.0000,0.0000,0.00,0.00,0.00,0.000000,0.000000,-0.10,1
45906,1.88,0.0,0.0,0.0,0.0000,0.0000,0.0000,0.0000,0.00,0.00,0.00,0.000000,0.000000,-0.10,1
45906,1.88,0.0,0.0,0.0,0.0000,0.0000,0.0000,0.0000,0.00,0.00,0.00,0.000000,0.000000,-0.10,1
45906,1.90,0.0,0.0,0.0,0.0000,0.0000,0.0000,0.0000,0.00,0.00,0.00,0.000000,0.000000,-0.10,1
45919,1.90,0.0,0.0,0.0,0.0000,0.0000,0.0000,0.0000,0.00,0.00,0.00,0.000000,0.000000,-0.10,1
45919,1.90,0.0,0.0,0.0,0.0000,0.0000,0.0000,0.0000,0.00,0.00,0.00,0.000000,0.000000,-0.10,1
45919,1.90,0.0,0.0,0.0,0.0000,0.0000,0.0000,0.0000,0.00,0.00,0.00,0.000000,0.000000,-0.10,1
45919,1.90,0.0,0.0,0.0,0.0000,0.0000,0.0000,0.0000,0.00,0.00,0.00,0.000000,0.000000,-0.10,1
45919,1.90,0.0,0.0,0.0,0.0000,0.0000,0.0000,0.0000,0.00,0.00,0.00,0.000000,0.000000,-0.10,1
45934,1.90,0.0,0.0,0.0,0.0000,0.0000,0.0000,0.0000,0.00,0.00,0.00,0.000000,0.000000,-0.10,1
45934,1.88,0.0,0.0,0.0,0.0000,0.0000,0.0000,0.0000,0.00,0.00,0.00,0.000000,0.000000,-0.10,1
45934,1.90,0.0,0.0,0.0,0.0000,0.0000,0.0000,0.0000,0.00,0.00,0.00,0.000000,0.000000,-0.10,1
45934,1.90,0.0,0.0,0.0,0.0000,0.0000,0.0000,0.0000,0.00,0.00,0.00,0.000000,0.000000,-0.10,1
45934,1.90,0.0,0.0,0.0,0.0000,0.0000,0.0000,0.0000,0.00,0.00,0.00,0.000000,0.000000,-0.10,1
45944,1.90,0.0,0.0,0.0,0.0000,0.0000,0.0000,0.0000,0.00,0.00,0.00,0.000000,0.000000,-0.10,1
45944,1.90,0.0,0.0,0.0,0.0000,0.0000,0.0000,0.0000,0.00,0.00,0.00,0.000000,0.000000,-0.10,1
45944,1.90,0.0,0.0,0.0,0.0000,0.0000,0.0000,0.0000,0.00,0.00,0.00,0.000000,0.000000,-0.10,1
45944,1.90,0.0,0.0,0.0,0.0000,0.0000,0.0000,0.0000,0.00,0.00,0.00,0.000000,0.000000,-0.10,1
45944,1.90,0.0,0.0,0.0,0.0000,0.0000,0.0000,0.0000,0.00,0.00,0.00,0.000000,0.000000,-0.10,1
45957,1.90,0.0,0.0,0.0,0.0000,0.0000,0.0000,0.0000,0.00,0.00,0.00,0.000000,0.000000,-0.10,1
45957,1.90,0.0,0.0,0.0,0.0000,0.0000,0.0000,0.0000,0.00,0.00,0.00,0.000000,0.000000,-0.10,1
45957,1.90,0.0,0.0,0.0,0.0000,0.0000,0.0000,0.0000,0.00,0.00,0.00,0.000000,0.000000,-0.10,1
45957,1.90,0.0,0.0,0.0,0.0000,0.0000,0.0000,0.0000,0.00,0.00,0.00,0.000000,0.000000,-0.10,1
45957,1.90,0.0,0.0,0.0,0.0000,0.0000,0.0000,0.0000,0.00,0.00,0.00,0.000000,0.000000,-0.10,1
45970,1.90,0.0,0.0,0.0,0.0000,0.0000,0.0000,0.0000,0.00,0.00,0.00,0.000000,0.000000,-0.10,1
45970,1.90,0.0,0.0,0.0,0.0000,0.0000,0.0000,0.0000,0.00,0.00,0.00,0.000000,0.000000,-0.10,1
45970,1.90,0.0,0.0,0.0,0.0000,0.0000,0.0000,0.0000,0.00,0.00,0.00,0.000000,0.000000,-0.10,1
45970,1.90,0.0,0.0,0.0,0.0000,0.0000,0.0000,0.0000,0.00,0.00,0.00,0.000000,0.000000,-0.10,1
45970,1.90,0.0,0.0,0.0,0.0000,0.0000,0.0000,0.0000,0.00,0.00,0.00,0.000000,0.000000,-0.10,1
45982,1.90,0.0,0.0,0.0,0.0000,0.0000,0.0000,0.0000,0.00,0.00,0.00,0.000000,0.000000,-0.10,1
45982,1.90,0.0,0.0,0.0,0.0000,0.0000,0.0000,0.0000,0.00,0.00,0.00,0.000000,0.000000,-0.10,1
45982,1.90,0.0,0.0,0.0,0.0000,0.0000,0.0000,0.0000,0.00,0.00,0.00,0.000000,0.000000,-0.10,1
45982,1.90,0.0,0.0,0.0,0.0000,0.0000,0.0000,0.0000,0.00,0.00,0.00,0.000000,0.000000,-0.10,1
45982,1.90,0.0,0.0,0.0,0.0000,0.0000,0.0000,0.0000,0.00,0.00,0.00,0.000000,0.000000,-0.10,1
45995,1.90,0.0,0.0,0.0,0.0000,0.0000,0.0000,0.0000,0.00,0.00,0.00,0.000000,0.000000,-0.10,1
45995,1.88,0.0,0.0,0.0,0.0000,0.0000,0.0000,0.0000,0.00,0.00,0.00,0.000000,0.000000,-0.10,1
45995,1.88,0.0,0.0,0.0,0.0000,0.0000,0.0000,0.0000,0.00,0.00,0.00,0.000000,0.000000,-0.10,1
45995,1.90,0.0,0.0,0.0,0.0000,0.0000,0.0000,0.0000,0.00,0.00,0.00,0.000000,0.000000,-0.10,1
45995,1.90,0.0,0.0,0.0,0.0000,0.0000,0.0000,0.0000,0.00,0.00,0.00,0.000000,0.000000,-0.10,1
46008,1.90,0.0,0.0,0.0,0.0000,0.0000,0.0000,0.0000,0.00,0.00,0.00,0.000000,0.000000,-0.10,1
46008,1.90,0.0,0.0,0.0,0.0000,0.0000,0.0000,0.0000,0.00,0.00,0.00,0.000000,0.000000,-0.10,1
46008,1.88,0.0,0.0,0.0,0.0000,0.0000,0.0000,0.0000,0.00,0.00,0.00,0.000000,0.000000,-0.10,1
46008,1.88,0.0,0.0,0.0,0.0000,0.0000,0.0000,0.0000,0.00,0.00,0.00,0.000000,0.000000,-0.10,1
46008,1.88,0.0,0.0,0.0,0.0000,0.0000,0.0000,0.0000,0.00,0.00,0.00,0.000000,0.000000,-0.10,1
46021,1.88,0.0,0.0,0.0,0.0000,0.0000,0.0000,0.0000,0.00,0.00,0.00,0.000000,0.000000,-0.10,1
46021,1.90,0.0,0.0,0.0,0.0000,0.0000,0.0000,0.0000,0.00,0.00,0.00,0.000000,0.000000,-0.10,1
46021,1.90,0.0,0.0,0.0,0.0000,0.0000,0.0000,0.0000,0.00,0.00,0.00,0.000000,0.000000,-0.10,1
46021,1.90,0.0,0.0,0.0,0.0000,0.0000,0.0000,0.0000,0.00,0.00,0.00,0.000000,0.000000,-0.10,1
46021,1.90,0.0,0.0,0.0,0.0000,0.0000,0.0000,0.0000,0.00,0.00,0.00,0.000000,0.000000,-0.10,1
46033,1.90,0.0,0.0,0.0,0.0000,0.0000,0.0000,0.0000,0.00,0.00,0.00,0.000000,0.000000,-0.10,1
46033,1.90,0.0,0.0,0.0,0.0000,0.0000,0.0000,0.0000,0.00,0.00,0.00,0.000000,0.000000,-0.10,1
46033,1.90,0.0,0.0,0.0,0.0000,0.0000,0.0000,0.0000,0.00,0.00,0.00,0.000000,0.000000,-0.10,1
46033,1.90,0.0,0.0,0.0,0.0000,0.0000,0.0000,0.0000,0.00,0.00,0.00,0.000000,0.000000,-0.10,1
46033,1.88,0.0,0.0,0.0,0.0000,0.0000,0.0000,0.0000,0.00,0.00,0.00,0.000000,0.000000,-0.10,1
46051,1.90,0.0,0.0,0.0,0.0000,0.0000,0.0000,0.0000,0.00,0.00,0.00,0.000000,0.000000,-0.10,1
46051,1.90,0.0,0.0,0.0,0.0000,0.0000,0.0000,0.0000,0.00,0.00,0.00,0.000000,0.000000,-0.10,1
46051,1.90,0.0,0.0,0.0,0.0000,0.0000,0.0000,0.0000,0.00,0.00,0.00,0.000000,0.000000,-0.10,1
46051,1.90,0.0,0.0,0.0,0.0000,0.0000,0.0000,0.0000,0.00,0.00,0.00,0.000000,0.000000,-0.10,1
46051,1.90,0.0,0.0,0.0,0.0000,0.0000,0.0000,0.0000,0.00,0.00,0.00,0.000000,0.000000,-0.10,1
46059,1.90,0.0,0.0,0.0,0.0000,0.0000,0.0000,0.0000,0.00,0.00,0.00,0.000000,0.000000,-0.10,1
46059,1.90,0.0,0.0,0.0,0.0000,0.0000,0.0000,0.0000,0.00,0.00,0.00,0.000000,0.000000,-0.10,1
46059,1.90,0.0,0.0,0.0,0.0000,0.0000,0.0000,0.0000,0.00,0.00,0.00,0.000000,0.000000,-0.10,1
46059,1.90,0.0,0.0,0.0,0.0000,0.0000,0.0000,0.0000,0.00,0.00,0.00,0.000000,0.000000,-0.10,1
46059,1.90,0.0,0.0,0.0,0.0000,0.0000,0.0000,0.0000,0.00,0.00,0.00,0.000000,0.000000,-0.10,1
46072,1.90,0.0,0.0,0.0,0.0000,0.0000,0.0000,0.0000,0.00,0.00,0.00,0.000000,0.000000,-0.10,1
46072,1.90,0.0,0.0,0.0,0.0000,0.0000,0.0000,0.0000,0.00,0.00,0.00,0.000000,0.000000,-0.10,1
46072,1.88,0.0,0.0,0.0,0.0000,0.0000,0.0000,0.0000,0.00,0.00,0.00,0.000000,0.000000,-0.10,1
46072,1.90,0.0,0.0,0.0,0.0000,0.0000,0.0000,0.0000,0.00,0.00,0.00,0.000000,0.000000,-0.10,1
46072,1.90,0.0,0.0,0.0,0.0000,0.0000,0.0000,0.0000,0.00,0.00,0.00,0.000000,0.000000,-0.10,1
46084,1.90,0.0,0.0,0.0,0.0000,0.0000,0.0000,0.0000,0.00,0.00,0.00,0.000000,0.000000,-0.10,1
46084,1.88,0.0,0.0,0.0,0.0000,0.0000,0.0000,0.0000,0.00,0.00,0.00,0.000000,0.000000,-0.10,1
46084,1.90,0.0,0.0,0.0,0.0000,0.0000,0.0000,0.0000,0.00,0.00,0.00,0.000000,0.000000,-0.10,1
46084,1.88,0.0,0.0,0.0,0.0000,0.0000,0.0000,0.0000,0.00,0.00,0.00,0.000000,0.000000,-0.10,1
46084,1.90,0.0,0.0,0.0,0.0000,0.0000,0.0000,0.0000,0.00,0.00,0.00,0.000000,0.000000,-0.10,1
46110,1.88,0.0,0.0,0.0,0.0000,0.0000,0.0000,0.0000,0.00,0.00,0.00,0.000000,0.000000,-0.10,1
46135,1.90,0.0,0.0,0.0,0.0000,0.0000,0.0000,0.0000,0.00,0.00,0.00,0.000000,0.000000,-0.11,1
46135,1.88,0.0,0.0,0.0,0.0000,0.0000,0.0000,0.0000,0.00,0.00,0.00,0.000000,0.000000,-0.11,1
46135,1.90,0.0,0.0,0.0,0.0000,0.0000,0.0000,0.0000,0.00,0.00,0.00,0.000000,0.000000,-0.11,1
46135,1.90,0.0,0.0,0.0,0.0000,0.0000,0.0000,0.0000,0.00,0.00,0.00,0.000000,0.000000,-0.11,1
46135,1.90,0.0,0.0,0.0,0.0000,0.0000,0.0000,0.0000,0.00,0.00,0.00,0.000000,0.000000,-0.11,1
46148,1.90,0.0,0.0,0.0,0.0000,0.0000,0.0000,0.0000,0.00,0.00,0.00,0.000000,0.000000,-0.11,1
46148,1.90,0.0,0.0,0.0,0.0000,0.0000,0.0000,0.0000,0.00,0.00,0.00,0.000000,0.000000,-0.11,1
46148,1.90,0.0,0.0,0.0,0.0000,0.0000,0.0000,0.0000,0.00,0.00,0.00,0.000000,0.000000,-0.11,1
46148,1.90,0.0,0.0,0.0,0.0000,0.0000,0.0000,0.0000,0.00,0.00,0.00,0.000000,0.000000,-0.11,1
46148,1.90,0.0,0.0,0.0,0.0000,0.0000,0.0000,0.0000,0.00,0.00,0.00,0.000000,0.000000,-0.11,1
46161,1.90,0.0,0.0,0.0,0.0000,0.0000,0.0000,0.0000,0.00,0.00,0.00,0.000000,0.000000,-0.11,1
46161,1.90,0.0,0.0,0.0,0.0000,0.0000,0.0000,0.0000,0.00,0.00,0.00,0.000000,0.000000,-0.11,1
46161,1.90,0.0,0.0,0.0,0.0000,0.0000,0.0000,0.0000,0.00,0.00,0.00,0.000000,0.000000,-0.11,1
46161,1.90,0.0,0.0,0.0,0.0000,0.0000,0.0000,0.0000,0.00,0.00,0.00,0.000000,0.000000,-0.11,1
46161,1.90,0.0,0.0,0.0,0.0000,0.0000,0.0000,0.0000,0.00,0.00,0.00,0.000000,0.000000,-0.11,1
46178,1.90,0.0,0.0,0.0,0.0000,0.0000,0.0000,0.0000,0.00,0.00,0.00,0.000000,0.000000,-0.11,1
46178,1.90,0.0,0.0,0.0,0.0000,0.0000,0.0000,0.0000,0.00,0.00,0.00,0.000000,0.000000,-0.11,1
46178,1.90,0.0,0.0,0.0,0.0000,0.0000,0.0000,0.0000,0.00,0.00,0.00,0.000000,0.000000,-0.11,1
46178,1.88,0.0,0.0,0.0,0.0000,0.0000,0.0000,0.0000,0.00,0.00,0.00,0.000000,0.000000,-0.11,1
46178,1.90,0.0,0.0,0.0,0.0000,0.0000,0.0000,0.0000,0.00,0.00,0.00,0.000000,0.000000,-0.11,1
46186,1.90,0.0,0.0,0.0,0.0000,0.0000,0.0000,0.0000,0.00,0.00,0.00,0.000000,0.000000,-0.11,1
46186,1.90,0.0,0.0,0.0,0.0000,0.0000,0.0000,0.0000,0.00,0.00,0.00,0.000000,0.000000,-0.11,1
46186,1.88,0.0,0.0,0.0,0.0000,0.0000,0.0000,0.0000,0.00,0.00,0.00,0.000000,0.000000,-0.11,1
46186,1.90,0.0,0.0,0.0,0.0000,0.0000,0.0000,0.0000,0.00,0.00,0.00,0.000000,0.000000,-0.11,1
46186,1.90,0.0,0.0,0.0,0.0000,0.0000,0.0000,0.0000,0.00,0.00,0.00,0.000000,0.000000,-0.11,1
46199,1.88,0.0,0.0,0.0,0.0000,0.0000,0.0000,0.0000,0.00,0.00,0.00,0.000000,0.000000,-0.11,1
46199,1.90,0.0,0.0,0.0,0.0000,0.0000,0.0000,0.0000,0.00,0.00,0.00,0.000000,0.000000,-0.11,1
46199,1.88,0.0,0.0,0.0,0.0000,0.0000,0.0000,0.0000,0.00,0.00,0.00,0.000000,0.000000,-0.11,1
46199,1.90,0.0,0.0,0.0,0.0000,0.0000,0.0000,0.0000,0.00,0.00,0.00,0.000000,0.000000,-0.11,1
46199,1.90,0.0,0.0,0.0,0.0000,0.0000,0.0000,0.0000,0.00,0.00,0.00,0.000000,0.000000,-0.11,1
46212,1.90,0.0,0.0,0.0,0.0000,0.0000,0.0000,0.0000,0.00,0.00,0.00,0.000000,0.000000,-0.11,1
46212,1.90,0.0,0.0,0.0,0.0000,0.0000,0.0000,0.0000,0.00,0.00,0.00,0.000000,0.000000,-0.11,1
46212,1.90,0.0,0.0,0.0,0.0000,0.0000,0.0000,0.0000,0.00,0.00,0.00,0.000000,0.000000,-0.11,1
46212,1.88,0.0,0.0,0.0,0.0000,0.0000,0.0000,0.0000,0.00,0.00,0.00,0.000000,0.000000,-0.11,1
46212,1.90,0.0,0.0,0.0,0.0000,0.0000,0.0000,0.0000,0.00,0.00,0.00,0.000000,0.000000,-0.11,1
46225,1.90,0.0,0.0,0.0,0.0000,0.0000,0.0000,0.0000,0.00,0.00,0.00,0.000000,0.000000,-0.11,1
46225,1.90,0.0,0.0,0.0,0.0000,0.0000,0.0000,0.0000,0.00,0.00,0.00,0.000000,0.000000,-0.11,1
46225,1.90,0.0,0.0,0.0,0.0000,0.0000,0.0000,0.0000,0.00,0.00,0.00,0.000000,0.000000,-0.11,1
46225,1.90,0.0,0.0,0.0,0.0000,0.0000,0.0000,0.0000,0.00,0.00,0.00,0.000000,0.000000,-0.11,1
46225,1.90,0.0,0.0,0.0,0.0000,0.0000,0.0000,0.0000,0.00,0.00,0.00,0.000000,0.000000,-0.11,1
46237,1.90,0.0,0.0,0.0,0.0000,0.0000,0.0000,0.0000,0.00,0.00,0.00,0.000000,0.000000,-0.11,1
46237,1.90,0.0,0.0,0.0,0.0000,0.0000,0.0000,0.0000,0.00,0.00,0.00,0.000000,0.000000,-0.11,1
46237,1.90,0.0,0.0,0.0,0.0000,0.0000,0.0000,0.0000,0.00,0.00,0.00,0.000000,0.000000,-0.11,1
46237,1.88,0.0,0.0,0.0,0.0000,0.0000,0.0000,0.0000,0.00,0.00,0.00,0.000000,0.000000,-0.11,1
46237,1.88,0.0,0.0,0.0,0.0000,0.0000,0.0000,0.0000,0.00,0.00,0.00,0.000000,0.000000,-0.11,1
46250,1.90,0.0,0.0,0.0,0.0000,0.0000,0.0000,0.0000,0.00,0.00,0.00,0.000000,0.000000,-0.11,1
46250,1.90,0.0,0.0,0.0,0.0000,0.0000,0.0000,0.0000,0.00,0.00,0.00,0.000000,0.000000,-0.11,1
46250,1.90,0.0,0.0,0.0,0.0000,0.0000,0.0000,0.0000,0.00,0.00,0.00,0.000000,0.000000,-0.11,1
46250,1.90,0.0,0.0,0.0,0.0000,0.0000,0.0000,0.0000,0.00,0.00,0.00,0.000000,0.000000,-0.11,1
46250,1.90,0.0,0.0,0.0,0.0000,0.0000,0.0000,0.0000,0.00,0.00,0.00,0.000000,0.000000,-0.11,1
46263,1.88,0.0,0.0,0.0,0.0000,0.0000,0.0000,0.0000,0.00,0.00,0.00,0.000000,0.000000,-0.11,1
46263,1.90,0.0,0.0,0.0,0.0000,0.0000,0.0000,0.0000,0.00,0.00,0.00,0.000000,0.000000,-0.11,1
46263,1.90,0.0,0.0,0.0,0.0000,0.0000,0.0000,0.0000,0.00,0.00,0.00,0.000000,0.000000,-0.11,1
46263,1.90,0.0,0.0,0.0,0.0000,0.0000,0.0000,0.0000,0.00,0.00,0.00,0.000000,0.000000,-0.11,1
46263,1.90,0.0,0.0,0.0,0.0000,0.0000,0.0000,0.0000,0.00,0.00,0.00,0.000000,0.000000,-0.11,1
46276,1.90,0.0,0.0,0.0,0.0000,0.0000,0.0000,0.0000,0.00,0.00,0.00,0.000000,0.000000,-0.11,1
46276,1.90,0.0,0.0,0.0,0.0000,0.0000,0.0000,0.0000,0.00,0.00,0.00,0.000000,0.000000,-0.11,1
46276,1.90,0.0,0.0,0.0,0.0000,0.0000,0.0000,0.0000,0.00,0.00,0.00,0.000000,0.000000,-0.11,1
46276,1.90,0.0,0.0,0.0,0.0000,0.0000,0.0000,0.0000,0.00,0.00,0.00,0.000000,0.000000,-0.11,1
46276,1.90,0.0,0.0,0.0,0.0000,0.0000,0.0000,0.0000,0.00,0.00,0.00,0.000000,0.000000,-0.11,1
46295,1.90,0.0,0.0,0.0,0.0000,0.0000,0.0000,0.0000,0.00,0.00,0.00,0.000000,0.000000,-0.11,1
46295,1.90,0.0,0.0,0.0,0.0000,0.0000,0.0000,0.0000,0.00,0.00,0.00,0.000000,0.000000,-0.11,1
46295,1.90,0.0,0.0,0.0,0.0000,0.0000,0.0000,0.0000,0.00,0.00,0.00,0.000000,0.000000,-0.11,1
46295,1.90,0.0,0.0,0.0,0.0000,0.0000,0.0000,0.0000,0.00,0.00,0.00,0.000000,0.000000,-0.11,1
46295,1.90,0.0,0.0,0.0,0.0000,0.0000,0.0000,0.0000,0.00,0.00,0.00,0.000000,0.000000,-0.11,1
46301,1.90,0.0,0.0,0.0,0.0000,0.0000,0.0000,0.0000,0.00,0.00,0.00,0.000000,0.000000,-0.11,1
46301,1.90,0.0,0.0,0.0,0.0000,0.0000,0.0000,0.0000,0.00,0.00,0.00,0.000000,0.000000,-0.11,1
46301,1.90,0.0,0.0,0.0,0.0000,0.0000,0.0000,0.0000,0.00,0.00,0.00,0.000000,0.000000,-0.11,1
46301,1.90,0.0,0.0,0.0,0.0000,0.0000,0.0000,0.0000,0.00,0.00,0.00,0.000000,0.000000,-0.11,1
46301,1.90,0.0,0.0,0.0,0.0000,0.0000,0.0000,0.0000,0.00,0.00,0.00,0.000000,0.000000,-0.11,1
46314,1.90,0.0,0.0,0.0,0.0000,0.0000,0.0000,0.0000,0.00,0.00,0.00,0.000000,0.000000,-0.10,1
46314,1.90,0.0,0.0,0.0,0.0000,0.0000,0.0000,0.0000,0.00,0.00,0.00,0.000000,0.000000,-0.10,1
46314,1.90,0.0,0.0,0.0,0.0000,0.0000,0.0000,0.0000,0.00,0.00,0.00,0.000000,0.000000,-0.10,1
46314,1.90,0.0,0.0,0.0,0.0000,0.0000,0.0000,0.0000,0.00,0.00,0.00,0.000000,0.000000,-0.10,1
46314,1.90,0.0,0.0,0.0,0.0000,0.0000,0.0000,0.0000,0.00,0.00,0.00,0.000000,0.000000,-0.10,1
46327,1.90,0.0,0.0,0.0,0.0000,0.0000,0.0000,0.0000,0.00,0.00,0.00,0.000000,0.000000,-0.10,1
46327,1.90,0.0,0.0,0.0,0.0000,0.0000,0.0000,0.0000,0.00,0.00,0.00,0.000000,0.000000,-0.10,1
46327,1.88,0.0,0.0,0.0,0.0000,0.0000,0.0000,0.0000,0.00,0.00,0.00,0.000000,0.000000,-0.10,1
46327,1.90,0.0,0.0,0.0,0.0000,0.0000,0.0000,0.0000,0.00,0.00,0.00,0.000000,0.000000,-0.10,1
46327,1.90,0.0,0.0,0.0,0.0000,0.0000,0.0000,0.0000,0.00,0.00,0.00,0.000000,0.000000,-0.10,1
46339,1.88,0.0,0.0,0.0,0.0000,0.0000,0.0000,0.0000,0.00,0.00,0.00,0.000000,0.000000,-0.10,1
46339,1.90,0.0,0.0,0.0,0.0000,0.0000,0.0000,0.0000,0.00,0.00,0.00,0.000000,0.000000,-0.10,1
46339,1.90,0.0,0.0,0.0,0.0000,0.0000,0.0000,0.0000,0.00,0.00,0.00,0.000000,0.000000,-0.10,1
46339,1.88,0.0,0.0,0.0,0.0000,0.0000,0.0000,0.0000,0.00,0.00,0.00,0.000000,0.000000,-0.10,1
46339,1.90,0.0,0.0,0.0,0.0000,0.0000,0.0000,0.0000,0.00,0.00,0.00,0.000000,0.000000,-0.10,1
46354,1.90,0.0,0.0,0.0,0.0000,0.0000,0.0000,0.0000,0.00,0.00,0.00,0.000000,0.000000,-0.10,1
46354,1.90,0.0,0.0,0.0,0.0000,0.0000,0.0000,0.0000,0.00,0.00,0.00,0.000000,0.000000,-0.10,1
46354,1.88,0.0,0.0,0.0,0.0000,0.0000,0.0000,0.0000,0.00,0.00,0.00,0.000000,0.000000,-0.10,1
46354,1.90,0.0,0.0,0.0,0.0000,0.0000,0.0000,0.0000,0.00,0.00,0.00,0.000000,0.000000,-0.10,1
46354,1.90,0.0,0.0,0.0,0.0000,0.0000,0.0000,0.0000,0.00,0.00,0.00,0.000000,0.000000,-0.10,1
46365,1.88,0.0,0.0,0.0,0.0000,0.0000,0.0000,0.0000,0.00,0.00,0.00,0.000000,0.000000,-0.10,1
46365,1.90,0.0,0.0,0.0,0.0000,0.0000,0.0000,0.0000,0.00,0.00,0.00,0.000000,0.000000,-0.10,1
46365,1.90,0.0,0.0,0.0,0.0000,0.0000,0.0000,0.0000,0.00,0.00,0.00,0.000000,0.000000,-0.10,1
46365,1.90,0.0,0.0,0.0,0.0000,0.0000,0.0000,0.0000,0.00,0.00,0.00,0.000000,0.000000,-0.10,1
46365,1.88,0.0,0.0,0.0,0.0000,0.0000,0.0000,0.0000,0.00,0.00,0.00,0.000000,0.000000,-0.10,1
46378,1.88,0.0,0.0,0.0,0.0000,0.0000,0.0000,0.0000,0.00,0.00,0.00,0.000000,0.000000,-0.10,1
46378,1.90,0.0,0.0,0.0,0.0000,0.0000,0.0000,0.0000,0.00,0.00,0.00,0.000000,0.000000,-0.10,1
46378,1.90,0.0,0.0,0.0,0.0000,0.0000,0.0000,0.0000,0.00,0.00,0.00,0.000000,0.000000,-0.10,1
46378,1.90,0.0,0.0,0.0,0.0000,0.0000,0.0000,0.0000,0.00,0.00,0.00,0.000000,0.000000,-0.10,1
46378,1.90,0.0,0.0,0.0,0.0000,0.0000,0.0000,0.0000,0.00,0.00,0.00,0.000000,0.000000,-0.10,1
46390,1.90,0.0,0.0,0.0,0.0000,0.0000,0.0000,0.0000,0.00,0.00,0.00,0.000000,0.000000,-0.10,1
46390,1.88,0.0,0.0,0.0,0.0000,0.0000,0.0000,0.0000,0.00,0.00,0.00,0.000000,0.000000,-0.10,1
46390,1.90,0.0,0.0,0.0,0.0000,0.0000,0.0000,0.0000,0.00,0.00,0.00,0.000000,0.000000,-0.10,1
46390,1.90,0.0,0.0,0.0,0.0000,0.0000,0.0000,0.0000,0.00,0.00,0.00,0.000000,0.000000,-0.10,1
46390,1.90,0.0,0.0,0.0,0.0000,0.0000,0.0000,0.0000,0.00,0.00,0.00,0.000000,0.000000,-0.10,1
46403,1.90,0.0,0.0,0.0,0.0000,0.0000,0.0000,0.0000,0.00,0.00,0.00,0.000000,0.000000,-0.10,1
46403,1.90,0.0,0.0,0.0,0.0000,0.0000,0.0000,0.0000,0.00,0.00,0.00,0.000000,0.000000,-0.10,1
46403,1.88,0.0,0.0,0.0,0.0000,0.0000,0.0000,0.0000,0.00,0.00,0.00,0.000000,0.000000,-0.10,1
46403,1.90,0.0,0.0,0.0,0.0000,0.0000,0.0000,0.0000,0.00,0.00,0.00,0.000000,0.000000,-0.10,1
46403,1.90,0.0,0.0,0.0,0.0000,0.0000,0.0000,0.0000,0.00,0.00,0.00,0.000000,0.000000,-0.10,1
46416,1.90,0.0,0.0,0.0,0.0000,0.0000,0.0000,0.0000,0.00,0.00,0.00,0.000000,0.000000,-0.10,1
46416,1.90,0.0,0.0,0.0,0.0000,0.0000,0.0000,0.0000,0.00,0.00,0.00,0.000000,0.000000,-0.10,1
46416,1.90,0.0,0.0,0.0,0.0000,0.0000,0.0000,0.0000,0.00,0.00,0.00,0.000000,0.000000,-0.10,1
46416,1.90,0.0,0.0,0.0,0.0000,0.0000,0.0000,0.0000,0.00,0.00,0.00,0.000000,0.000000,-0.10,1
46416,1.88,0.0,0.0,0.0,0.0000,0.0000,0.0000,0.0000,0.00,0.00,0.00,0.000000,0.000000,-0.10,1
46429,1.90,0.0,0.0,0.0,0.0000,0.0000,0.0000,0.0000,0.00,0.00,0.00,0.000000,0.000000,-0.10,1
46429,1.90,0.0,0.0,0.0,0.0000,0.0000,0.0000,0.0000,0.00,0.00,0.00,0.000000,0.000000,-0.10,1
46429,1.90,0.0,0.0,0.0,0.0000,0.0000,0.0000,0.0000,0.00,0.00,0.00,0.000000,0.000000,-0.10,1
46429,1.90,0.0,0.0,0.0,0.0000,0.0000,0.0000,0.0000,0.00,0.00,0.00,0.000000,0.000000,-0.10,1
46429,1.88,0.0,0.0,0.0,0.0000,0.0000,0.0000,0.0000,0.00,0.00,0.00,0.000000,0.000000,-0.10,1
46441,1.90,0.0,0.0,0.0,0.0000,0.0000,0.0000,0.0000,0.00,0.00,0.00,0.000000,0.000000,-0.10,1
46441,1.90,0.0,0.0,0.0,0.0000,0.0000,0.0000,0.0000,0.00,0.00,0.00,0.000000,0.000000,-0.10,1
46441,1.90,0.0,0.0,0.0,0.0000,0.0000,0.0000,0.0000,0.00,0.00,0.00,0.000000,0.000000,-0.10,1
46441,1.88,0.0,0.0,0.0,0.0000,0.0000,0.0000,0.0000,0.00,0.00,0.00,0.000000,0.000000,-0.10,1
46441,1.90,0.0,0.0,0.0,0.0000,0.0000,0.0000,0.0000,0.00,0.00,0.00,0.000000,0.000000,-0.10,1
46454,1.90,0.0,0.0,0.0,0.0000,0.0000,0.0000,0.0000,0.00,0.00,0.00,0.000000,0.000000,-0.10,1
46454,1.90,0.0,0.0,0.0,0.0000,0.0000,0.0000,0.0000,0.00,0.00,0.00,0.000000,0.000000,-0.10,1
46480,1.90,0.0,0.0,0.0,0.0000,0.0000,0.0000,0.0000,0.00,0.00,0.00,0.000000,0.000000,-0.10,1
46480,1.88,0.0,0.0,0.0,0.0000,0.0000,0.0000,0.0000,0.00,0.00,0.00,0.000000,0.000000,-0.10,1
46480,1.88,0.0,0.0,0.0,0.0000,0.0000,0.0000,0.0000,0.00,0.00,0.00,0.000000,0.000000,-0.10,1
46480,1.90,0.0,0.0,0.0,0.0000,0.0000,0.0000,0.0000,0.00,0.00,0.00,0.000000,0.000000,-0.10,1
46480,1.90,0.0,0.0,0.0,0.0000,0.0000,0.0000,0.0000,0.00,0.00,0.00,0.000000,0.000000,-0.10,1
46518,1.90,0.0,0.0,0.0,0.0000,0.0000,0.0000,0.0000,0.00,0.00,0.00,0.000000,0.000000,-0.10,1
46518,1.90,0.0,0.0,0.0,0.0000,0.0000,0.0000,0.0000,0.00,0.00,0.00,0.000000,0.000000,-0.10,1
46518,1.90,0.0,0.0,0.0,0.0000,0.0000,0.0000,0.0000,0.00,0.00,0.00,0.000000,0.000000,-0.10,1
46518,1.90,0.0,0.0,0.0,0.0000,0.0000,0.0000,0.0000,0.00,0.00,0.00,0.000000,0.000000,-0.10,1
46518,1.90,0.0,0.0,0.0,0.0000,0.0000,0.0000,0.0000,0.00,0.00,0.00,0.000000,0.000000,-0.10,1
46531,1.90,0.0,0.0,0.0,0.0000,0.0000,0.0000,0.0000,0.00,0.00,0.00,0.000000,0.000000,-0.10,1
46531,1.90,0.0,0.0,0.0,0.0000,0.0000,0.0000,0.0000,0.00,0.00,0.00,0.000000,0.000000,-0.10,1
46531,1.90,0.0,0.0,0.0,0.0000,0.0000,0.0000,0.0000,0.00,0.00,0.00,0.000000,0.000000,-0.10,1
46531,1.90,0.0,0.0,0.0,0.0000,0.0000,0.0000,0.0000,0.00,0.00,0.00,0.000000,0.000000,-0.10,1
46531,1.90,0.0,0.0,0.0,0.0000,0.0000,0.0000,0.0000,0.00,0.00,0.00,0.000000,0.000000,-0.10,1
46543,1.88,0.0,0.0,0.0,0.0000,0.0000,0.0000,0.0000,0.00,0.00,0.00,0.000000,0.000000,-0.10,1
46543,1.90,0.0,0.0,0.0,0.0000,0.0000,0.0000,0.0000,0.00,0.00,0.00,0.000000,0.000000,-0.10,1
46543,1.90,0.0,0.0,0.0,0.0000,0.0000,0.0000,0.0000,0.00,0.00,0.00,0.000000,0.000000,-0.10,1
46543,1.90,0.0,0.0,0.0,0.0000,0.0000,0.0000,0.0000,0.00,0.00,0.00,0.000000,0.000000,-0.10,1
46543,1.90,0.0,0.0,0.0,0.0000,0.0000,0.0000,0.0000,0.00,0.00,0.00,0.000000,0.000000,-0.10,1
46556,1.90,0.0,0.0,0.0,0.0000,0.0000,0.0000,0.0000,0.00,0.00,0.00,0.000000,0.000000,-0.10,1
46556,1.90,0.0,0.0,0.0,0.0000,0.0000,0.0000,0.0000,0.00,0.00,0.00,0.000000,0.000000,-0.10,1
46556,1.88,0.0,0.0,0.0,0.0000,0.0000,0.0000,0.0000,0.00,0.00,0.00,0.000000,0.000000,-0.10,1
46556,1.90,0.0,0.0,0.0,0.0000,0.0000,0.0000,0.0000,0.00,0.00,0.00,0.000000,0.000000,-0.10,1
46556,1.90,0.0,0.0,0.0,0.0000,0.0000,0.0000,0.0000,0.00,0.00,0.00,0.000000,0.000000,-0.10,1
46569,1.90,0.0,0.0,0.0,0.0000,0.0000,0.0000,0.0000,0.00,0.00,0.00,0.000000,0.000000,-0.10,1
46569,1.90,0.0,0.0,0.0,0.0000,0.0000,0.0000,0.0000,0.00,0.00,0.00,0.000000,0.000000,-0.10,1
46569,1.90,0.0,0.0,0.0,0.0000,0.0000,0.0000,0.0000,0.00,0.00,0.00,0.000000,0.000000,-0.10,1
46569,1.90,0.0,0.0,0.0,0.0000,0.0000,0.0000,0.0000,0.00,0.00,0.00,0.000000,0.000000,-0.10,1
46569,1.90,0.0,0.0,0.0,0.0000,0.0000,0.0000,0.0000,0.00,0.00,0.00,0.000000,0.000000,-0.10,1
46587,1.90,0.0,0.0,0.0,0.0000,0.0000,0.0000,0.0000,0.00,0.00,0.00,0.000000,0.000000,-0.10,1
46587,1.90,0.0,0.0,0.0,0.0000,0.0000,0.0000,0.0000,0.00,0.00,0.00,0.000000,0.000000,-0.10,1
46587,1.90,0.0,0.0,0.0,0.0000,0.0000,0.0000,0.0000,0.00,0.00,0.00,0.000000,0.000000,-0.10,1
46587,1.90,0.0,0.0,0.0,0.0000,0.0000,0.0000,0.0000,0.00,0.00,0.00,0.000000,0.000000,-0.10,1
46587,1.90,0.0,0.0,0.0,0.0000,0.0000,0.0000,0.0000,0.00,0.00,0.00,0.000000,0.000000,-0.10,1
46594,1.88,0.0,0.0,0.0,0.0000,0.0000,0.0000,0.0000,0.00,0.00,0.00,0.000000,0.000000,-0.10,1
46594,1.90,0.0,0.0,0.0,0.0000,0.0000,0.0000,0.0000,0.00,0.00,0.00,0.000000,0.000000,-0.10,1
46594,1.90,0.0,0.0,0.0,0.0000,0.0000,0.0000,0.0000,0.00,0.00,0.00,0.000000,0.000000,-0.10,1
46594,1.90,0.0,0.0,0.0,0.0000,0.0000,0.0000,0.0000,0.00,0.00,0.00,0.000000,0.000000,-0.10,1
46594,1.90,0.0,0.0,0.0,0.0000,0.0000,0.0000,0.0000,0.00,0.00,0.00,0.000000,0.000000,-0.10,1
46607,1.90,0.0,0.0,0.0,0.0000,0.0000,0.0000,0.0000,0.00,0.00,0.00,0.000000,0.000000,-0.10,1
46607,1.90,0.0,0.0,0.0,0.0000,0.0000,0.0000,0.0000,0.00,0.00,0.00,0.000000,0.000000,-0.10,1
46607,1.90,0.0,0.0,0.0,0.0000,0.0000,0.0000,0.0000,0.00,0.00,0.00,0.000000,0.000000,-0.10,1
46607,1.90,0.0,0.0,0.0,0.0000,0.0000,0.0000,0.0000,0.00,0.00,0.00,0.000000,0.000000,-0.10,1
46607,1.90,0.0,0.0,0.0,0.0000,0.0000,0.0000,0.0000,0.00,0.00,0.00,0.000000,0.000000,-0.10,1
46620,1.90,0.0,0.0,0.0,0.0000,0.0000,0.0000,0.0000,0.00,0.00,0.00,0.000000,0.000000,-0.10,1
46620,1.90,0.0,0.0,0.0,0.0000,0.0000,0.0000,0.0000,0.00,0.00,0.00,0.000000,0.000000,-0.10,1
46620,1.88,0.0,0.0,0.0,0.0000,0.0000,0.0000,0.0000,0.00,0.00,0.00,0.000000,0.000000,-0.10,1
46620,1.90,0.0,0.0,0.0,0.0000,0.0000,0.0000,0.0000,0.00,0.00,0.00,0.000000,0.000000,-0.10,1
46620,1.90,0.0,0.0,0.0,0.0000,0.0000,0.0000,0.0000,0.00,0.00,0.00,0.000000,0.000000,-0.10,1
46633,1.90,0.0,0.0,0.0,0.0000,0.0000,0.0000,0.0000,0.00,0.00,0.00,0.000000,0.000000,-0.10,1
46633,1.90,0.0,0.0,0.0,0.0000,0.0000,0.0000,0.0000,0.00,0.00,0.00,0.000000,0.000000,-0.10,1
46633,1.88,0.0,0.0,0.0,0.0000,0.0000,0.0000,0.0000,0.00,0.00,0.00,0.000000,0.000000,-0.10,1
46633,1.90,0.0,0.0,0.0,0.0000,0.0000,0.0000,0.0000,0.00,0.00,0.00,0.000000,0.000000,-0.10,1
46633,1.90,0.0,0.0,0.0,0.0000,0.0000,0.0000,0.0000,0.00,0.00,0.00,0.000000,0.000000,-0.10,1
46646,1.90,0.0,0.0,0.0,0.0000,0.0000,0.0000,0.0000,0.00,0.00,0.00,0.000000,0.000000,-0.10,1
46646,1.90,0.0,0.0,0.0,0.0000,0.0000,0.0000,0.0000,0.00,0.00,0.00,0.000000,0.000000,-0.10,1
46646,1.90,0.0,0.0,0.0,0.0000,0.0000,0.0000,0.0000,0.00,0.00,0.00,0.000000,0.000000,-0.10,1
46646,1.90,0.0,0.0,0.0,0.0000,0.0000,0.0000,0.0000,0.00,0.00,0.00,0.000000,0.000000,-0.10,1
46646,1.90,0.0,0.0,0.0,0.0000,0.0000,0.0000,0.0000,0.00,0.00,0.00,0.000000,0.000000,-0.10,1
46658,1.90,0.0,0.0,0.0,0.0000,0.0000,0.0000,0.0000,0.00,0.00,0.00,0.000000,0.000000,-0.10,1
46658,1.90,0.0,0.0,0.0,0.0000,0.0000,0.0000,0.0000,0.00,0.00,0.00,0.000000,0.000000,-0.10,1
46658,1.90,0.0,0.0,0.0,0.0000,0.0000,0.0000,0.0000,0.00,0.00,0.00,0.000000,0.000000,-0.10,1
46658,1.90,0.0,0.0,0.0,0.0000,0.0000,0.0000,0.0000,0.00,0.00,0.00,0.000000,0.000000,-0.10,1
46658,1.90,0.0,0.0,0.0,0.0000,0.0000,0.0000,0.0000,0.00,0.00,0.00,0.000000,0.000000,-0.10,1
46671,1.90,0.0,0.0,0.0,0.0000,0.0000,0.0000,0.0000,0.00,0.00,0.00,0.000000,0.000000,-0.10,1
46671,1.90,0.0,0.0,0.0,0.0000,0.0000,0.0000,0.0000,0.00,0.00,0.00,0.000000,0.000000,-0.10,1
46671,1.90,0.0,0.0,0.0,0.0000,0.0000,0.0000,0.0000,0.00,0.00,0.00,0.000000,0.000000,-0.10,1
46671,1.90,0.0,0.0,0.0,0.0000,0.0000,0.0000,0.0000,0.00,0.00,0.00,0.000000,0.000000,-0.10,1
46671,1.90,0.0,0.0,0.0,0.0000,0.0000,0.0000,0.0000,0.00,0.00,0.00,0.000000,0.000000,-0.10,1
46684,1.90,0.0,0.0,0.0,0.0000,0.0000,0.0000,0.0000,0.00,0.00,0.00,0.000000,0.000000,-0.10,1
46684,1.88,0.0,0.0,0.0,0.0000,0.0000,0.0000,0.0000,0.00,0.00,0.00,0.000000,0.000000,-0.10,1
46684,1.90,0.0,0.0,0.0,0.0000,0.0000,0.0000,0.0000,0.00,0.00,0.00,0.000000,0.000000,-0.10,1
46684,1.90,0.0,0.0,0.0,0.0000,0.0000,0.0000,0.0000,0.00,0.00,0.00,0.000000,0.000000,-0.10,1
46684,1.90,0.0,0.0,0.0,0.0000,0.0000,0.0000,0.0000,0.00,0.00,0.00,0.000000,0.000000,-0.10,1
46696,1.90,0.0,0.0,0.0,0.0000,0.0000,0.0000,0.0000,0.00,0.00,0.00,0.000000,0.000000,-0.10,1
46696,1.90,0.0,0.0,0.0,0.0000,0.0000,0.0000,0.0000,0.00,0.00,0.00,0.000000,0.000000,-0.10,1
46696,1.90,0.0,0.0,0.0,0.0000,0.0000,0.0000,0.0000,0.00,0.00,0.00,0.000000,0.000000,-0.10,1
46696,1.90,0.0,0.0,0.0,0.0000,0.0000,0.0000,0.0000,0.00,0.00,0.00,0.000000,0.000000,-0.10,1
46696,1.90,0.0,0.0,0.0,0.0000,0.0000,0.0000,0.0000,0.00,0.00,0.00,0.000000,0.000000,-0.10,1
46709,1.90,0.0,0.0,0.0,0.0000,0.0000,0.0000,0.0000,0.00,0.00,0.00,0.000000,0.000000,-0.10,1
46709,1.90,0.0,0.0,0.0,0.0000,0.0000,0.0000,0.0000,0.00,0.00,0.00,0.000000,0.000000,-0.10,1
46709,1.90,0.0,0.0,0.0,0.0000,0.0000,0.0000,0.0000,0.00,0.00,0.00,0.000000,0.000000,-0.10,1
46709,1.90,0.0,0.0,0.0,0.0000,0.0000,0.0000,0.0000,0.00,0.00,0.00,0.000000,0.000000,-0.10,1
46709,1.90,0.0,0.0,0.0,0.0000,0.0000,0.0000,0.0000,0.00,0.00,0.00,0.000000,0.000000,-0.10,1
46722,1.90,0.0,0.0,0.0,0.0000,0.0000,0.0000,0.0000,0.00,0.00,0.00,0.000000,0.000000,-0.10,1
46722,1.90,0.0,0.0,0.0,0.0000,0.0000,0.0000,0.0000,0.00,0.00,0.00,0.000000,0.000000,-0.10,1
46722,1.90,0.0,0.0,0.0,0.0000,0.0000,0.0000,0.0000,0.00,0.00,0.00,0.000000,0.000000,-0.10,1
46722,1.90,0.0,0.0,0.0,0.0000,0.0000,0.0000,0.0000,0.00,0.00,0.00,0.000000,0.000000,-0.10,1
46722,1.90,0.0,0.0,0.0,0.0000,0.0000,0.0000,0.0000,0.00,0.00,0.00,0.000000,0.000000,-0.10,1
46735,1.90,0.0,0.0,0.0,0.0000,0.0000,0.0000,0.0000,0.00,0.00,0.00,0.000000,0.000000,-0.10,1
46735,1.90,0.0,0.0,0.0,0.0000,0.0000,0.0000,0.0000,0.00,0.00,0.00,0.000000,0.000000,-0.10,1
46735,1.90,0.0,0.0,0.0,0.0000,0.0000,0.0000,0.0000,0.00,0.00,0.00,0.000000,0.000000,-0.10,1
46735,1.88,0.0,0.0,0.0,0.0000,0.0000,0.0000,0.0000,0.00,0.00,0.00,0.000000,0.000000,-0.10,1
46735,1.88,0.0,0.0,0.0,0.0000,0.0000,0.0000,0.0000,0.00,0.00,0.00,0.000000,0.000000,-0.10,1
46747,1.90,0.0,0.0,0.0,0.0000,0.0000,0.0000,0.0000,0.00,0.00,0.00,0.000000,0.000000,-0.10,1
46747,1.90,0.0,0.0,0.0,0.0000,0.0000,0.0000,0.0000,0.00,0.00,0.00,0.000000,0.000000,-0.10,1
46747,1.88,0.0,0.0,0.0,0.0000,0.0000,0.0000,0.0000,0.00,0.00,0.00,0.000000,0.000000,-0.10,1
46747,1.90,0.0,0.0,0.0,0.0000,0.0000,0.0000,0.0000,0.00,0.00,0.00,0.000000,0.000000,-0.10,1
46747,1.90,0.0,0.0,0.0,0.0000,0.0000,0.0000,0.0000,0.00,0.00,0.00,0.000000,0.000000,-0.10,1
46763,1.90,0.0,0.0,0.0,0.0000,0.0000,0.0000,0.0000,0.00,0.00,0.00,0.000000,0.000000,-0.10,1
46763,1.90,0.0,0.0,0.0,0.0000,0.0000,0.0000,0.0000,0.00,0.00,0.00,0.000000,0.000000,-0.10,1
46763,1.90,0.0,0.0,0.0,0.0000,0.0000,0.0000,0.0000,0.00,0.00,0.00,0.000000,0.000000,-0.10,1
46763,1.90,0.0,0.0,0.0,0.0000,0.0000,0.0000,0.0000,0.00,0.00,0.00,0.000000,0.000000,-0.10,1
46763,1.90,0.0,0.0,0.0,0.0000,0.0000,0.0000,0.0000,0.00,0.00,0.00,0.000000,0.000000,-0.10,1
46773,1.90,0.0,0.0,0.0,0.0000,0.0000,0.0000,0.0000,0.00,0.00,0.00,0.000000,0.000000,-0.10,1
46773,1.90,0.0,0.0,0.0,0.0000,0.0000,0.0000,0.0000,0.00,0.00,0.00,0.000000,0.000000,-0.10,1
46773,1.88,0.0,0.0,0.0,0.0000,0.0000,0.0000,0.0000,0.00,0.00,0.00,0.000000,0.000000,-0.10,1
46773,1.90,0.0,0.0,0.0,0.0000,0.0000,0.0000,0.0000,0.00,0.00,0.00,0.000000,0.000000,-0.10,1
46773,1.88,0.0,0.0,0.0,0.0000,0.0000,0.0000,0.0000,0.00,0.00,0.00,0.000000,0.000000,-0.10,1
46786,1.90,0.0,0.0,0.0,0.0000,0.0000,0.0000,0.0000,0.00,0.00,0.00,0.000000,0.000000,-0.10,1
46786,1.90,0.0,0.0,0.0,0.0000,0.0000,0.0000,0.0000,0.00,0.00,0.00,0.000000,0.000000,-0.10,1
46786,1.90,0.0,0.0,0.0,0.0000,0.0000,0.0000,0.0000,0.00,0.00,0.00,0.000000,0.000000,-0.10,1
46786,1.90,0.0,0.0,0.0,0.0000,0.0000,0.0000,0.0000,0.00,0.00,0.00,0.000000,0.000000,-0.10,1
46786,1.90,0.0,0.0,0.0,0.0000,0.0000,0.0000,0.0000,0.00,0.00,0.00,0.000000,0.000000,-0.10,1
46798,1.90,0.0,0.0,0.0,0.0000,0.0000,0.0000,0.0000,0.00,0.00,0.00,0.000000,0.000000,-0.10,1
46798,1.90,0.0,0.0,0.0,0.0000,0.0000,0.0000,0.0000,0.00,0.00,0.00,0.000000,0.000000,-0.10,1
46798,1.90,0.0,0.0,0.0,0.0000,0.0000,0.0000,0.0000,0.00,0.00,0.00,0.000000,0.000000,-0.10,1
46798,1.90,0.0,0.0,0.0,0.0000,0.0000,0.0000,0.0000,0.00,0.00,0.00,0.000000,0.000000,-0.10,1
46798,1.90,0.0,0.0,0.0,0.0000,0.0000,0.0000,0.0000,0.00,0.00,0.00,0.000000,0.000000,-0.10,1
46811,1.88,0.0,0.0,0.0,0.0000,0.0000,0.0000,0.0000,0.00,0.00,0.00,0.000000,0.000000,-0.10,1
46811,1.90,0.0,0.0,0.0,0.0000,0.0000,0.0000,0.0000,0.00,0.00,0.00,0.000000,0.000000,-0.10,1
46811,1.88,0.0,0.0,0.0,0.0000,0.0000,0.0000,0.0000,0.00,0.00,0.00,0.000000,0.000000,-0.10,1
46811,1.90,0.0,0.0,0.0,0.0000,0.0000,0.0000,0.0000,0.00,0.00,0.00,0.000000,0.000000,-0.10,1
46811,1.90,0.0,0.0,0.0,0.0000,0.0000,0.0000,0.0000,0.00,0.00,0.00,0.000000,0.000000,-0.10,1
46824,1.88,0.0,0.0,0.0,0.0000,0.0000,0.0000,0.0000,0.00,0.00,0.00,0.000000,0.000000,-0.10,1
46824,1.90,0.0,0.0,0.0,0.0000,0.0000,0.0000,0.0000,0.00,0.00,0.00,0.000000,0.000000,-0.10,1
46824,1.90,0.0,0.0,0.0,0.0000,0.0000,0.0000,0.0000,0.00,0.00,0.00,0.000000,0.000000,-0.10,1
46824,1.90,0.0,0.0,0.0,0.0000,0.0000,0.0000,0.0000,0.00,0.00,0.00,0.000000,0.000000,-0.10,1
46824,1.90,0.0,0.0,0.0,0.0000,0.0000,0.0000,0.0000,0.00,0.00,0.00,0.000000,0.000000,-0.10,1
46837,1.88,0.0,0.0,0.0,0.0000,0.0000,0.0000,0.0000,0.00,0.00,0.00,0.000000,0.000000,-0.10,1
46837,1.90,0.0,0.0,0.0,0.0000,0.0000,0.0000,0.0000,0.00,0.00,0.00,0.000000,0.000000,-0.10,1
46837,1.90,0.0,0.0,0.0,0.0000,0.0000,0.0000,0.0000,0.00,0.00,0.00,0.000000,0.000000,-0.10,1
46837,1.90,0.0,0.0,0.0,0.0000,0.0000,0.0000,0.0000,0.00,0.00,0.00,0.000000,0.000000,-0.10,1
46837,1.90,0.0,0.0,0.0,0.0000,0.0000,0.0000,0.0000,0.00,0.00,0.00,0.000000,0.000000,-0.10,1
46849,1.90,0.0,0.0,0.0,0.0000,0.0000,0.0000,0.0000,0.00,0.00,0.00,0.000000,0.000000,-0.10,1
46849,1.90,0.0,0.0,0.0,0.0000,0.0000,0.0000,0.0000,0.00,0.00,0.00,0.000000,0.000000,-0.10,1
46849,1.90,0.0,0.0,0.0,0.0000,0.0000,0.0000,0.0000,0.00,0.00,0.00,0.000000,0.000000,-0.10,1
46849,1.90,0.0,0.0,0.0,0.0000,0.0000,0.0000,0.0000,0.00,0.00,0.00,0.000000,0.000000,-0.10,1
46849,1.90,0.0,0.0,0.0,0.0000,0.0000,0.0000,0.0000,0.00,0.00,0.00,0.000000,0.000000,-0.10,1
46862,1.90,0.0,0.0,0.0,0.0000,0.0000,0.0000,0.0000,0.00,0.00,0.00,0.000000,0.000000,-0.10,1
46862,1.90,0.0,0.0,0.0,0.0000,0.0000,0.0000,0.0000,0.00,0.00,0.00,0.000000,0.000000,-0.10,1
46862,1.88,0.0,0.0,0.0,0.0000,0.0000,0.0000,0.0000,0.00,0.00,0.00,0.000000,0.000000,-0.10,1
46862,1.90,0.0,0.0,0.0,0.0000,0.0000,0.0000,0.0000,0.00,0.00,0.00,0.000000,0.000000,-0.10,1
46862,1.90,0.0,0.0,0.0,0.0000,0.0000,0.0000,0.0000,0.00,0.00,0.00,0.000000,0.000000,-0.10,1
46880,1.90,0.0,0.0,0.0,0.0000,0.0000,0.0000,0.0000,0.00,0.00,0.00,0.000000,0.000000,-0.10,1
46880,1.90,0.0,0.0,0.0,0.0000,0.0000,0.0000,0.0000,0.00,0.00,0.00,0.000000,0.000000,-0.10,1
46880,1.90,0.0,0.0,0.0,0.0000,0.0000,0.0000,0.0000,0.00,0.00,0.00,0.000000,0.000000,-0.10,1
46880,1.90,0.0,0.0,0.0,0.0000,0.0000,0.0000,0.0000,0.00,0.00,0.00,0.000000,0.000000,-0.10,1
46880,1.90,0.0,0.0,0.0,0.0000,0.0000,0.0000,0.0000,0.00,0.00,0.00,0.000000,0.000000,-0.10,1
46888,1.90,0.0,0.0,0.0,0.0000,0.0000,0.0000,0.0000,0.00,0.00,0.00,0.000000,0.000000,-0.10,1
46888,1.90,0.0,0.0,0.0,0.0000,0.0000,0.0000,0.0000,0.00,0.00,0.00,0.000000,0.000000,-0.10,1
46888,1.90,0.0,0.0,0.0,0.0000,0.0000,0.0000,0.0000,0.00,0.00,0.00,0.000000,0.000000,-0.10,1
46888,1.90,0.0,0.0,0.0,0.0000,0.0000,0.0000,0.0000,0.00,0.00,0.00,0.000000,0.000000,-0.10,1
46888,1.90,0.0,0.0,0.0,0.0000,0.0000,0.0000,0.0000,0.00,0.00,0.00,0.000000,0.000000,-0.10,1
46900,1.90,0.0,0.0,0.0,0.0000,0.0000,0.0000,0.0000,0.00,0.00,0.00,0.000000,0.000000,-0.10,1
46900,1.90,0.0,0.0,0.0,0.0000,0.0000,0.0000,0.0000,0.00,0.00,0.00,0.000000,0.000000,-0.10,1
46900,1.90,0.0,0.0,0.0,0.0000,0.0000,0.0000,0.0000,0.00,0.00,0.00,0.000000,0.000000,-0.10,1
46900,1.90,0.0,0.0,0.0,0.0000,0.0000,0.0000,0.0000,0.00,0.00,0.00,0.000000,0.000000,-0.10,1
46900,1.88,0.0,0.0,0.0,0.0000,0.0000,0.0000,0.0000,0.00,0.00,0.00,0.000000,0.000000,-0.10,1
46913,1.90,0.0,0.0,0.0,0.0000,0.0000,0.0000,0.0000,0.00,0.00,0.00,0.000000,0.000000,-0.10,1
46913,1.90,0.0,0.0,0.0,0.0000,0.0000,0.0000,0.0000,0.00,0.00,0.00,0.000000,0.000000,-0.10,1
46913,1.90,0.0,0.0,0.0,0.0000,0.0000,0.0000,0.0000,0.00,0.00,0.00,0.000000,0.000000,-0.10,1
46913,1.90,0.0,0.0,0.0,0.0000,0.0000,0.0000,0.0000,0.00,0.00,0.00,0.000000,0.000000,-0.10,1
46913,1.90,0.0,0.0,0.0,0.0000,0.0000,0.0000,0.0000,0.00,0.00,0.00,0.000000,0.000000,-0.10,1
46926,1.90,0.0,0.0,0.0,0.0000,0.0000,0.0000,0.0000,0.00,0.00,0.00,0.000000,0.000000,-0.10,1
46926,1.90,0.0,0.0,0.0,0.0000,0.0000,0.0000,0.0000,0.00,0.00,0.00,0.000000,0.000000,-0.10,1
46926,1.90,0.0,0.0,0.0,0.0000,0.0000,0.0000,0.0000,0.00,0.00,0.00,0.000000,0.000000,-0.10,1
46926,1.88,0.0,0.0,0.0,0.0000,0.0000,0.0000,0.0000,0.00,0.00,0.00,0.000000,0.000000,-0.10,1
46926,1.90,0.0,0.0,0.0,0.0000,0.0000,0.0000,0.0000,0.00,0.00,0.00,0.000000,0.000000,-0.10,1
46939,1.88,0.0,0.0,0.0,0.0000,0.0000,0.0000,0.0000,0.00,0.00,0.00,0.000000,0.000000,-0.10,1
46939,1.90,0.0,0.0,0.0,0.0000,0.0000,0.0000,0.0000,0.00,0.00,0.00,0.000000,0.000000,-0.10,1
46939,1.90,0.0,0.0,0.0,0.0000,0.0000,0.0000,0.0000,0.00,0.00,0.00,0.000000,0.000000,-0.10,1
46939,1.88,0.0,0.0,0.0,0.0000,0.0000,0.0000,0.0000,0.00,0.00,0.00,0.000000,0.000000,-0.10,1
46939,1.90,0.0,0.0,0.0,0.0000,0.0000,0.0000,0.0000,0.00,0.00,0.00,0.000000,0.000000,-0.10,1
46951,1.88,0.0,0.0,0.0,0.0000,0.0000,0.0000,0.0000,0.00,0.00,0.00,0.000000,0.000000,-0.10,1
46951,1.90,0.0,0.0,0.0,0.0000,0.0000,0.0000,0.0000,0.00,0.00,0.00,0.000000,0.000000,-0.10,1
46951,1.90,0.0,0.0,0.0,0.0000,0.0000,0.0000,0.0000,0.00,0.00,0.00,0.000000,0.000000,-0.10,1
46951,1.90,0.0,0.0,0.0,0.0000,0.0000,0.0000,0.0000,0.00,0.00,0.00,0.000000,0.000000,-0.10,1
46951,1.90,0.0,0.0,0.0,0.0000,0.0000,0.0000,0.0000,0.00,0.00,0.00,0.000000,0.000000,-0.10,1
46964,1.90,0.0,0.0,0.0,0.0000,0.0000,0.0000,0.0000,0.00,0.00,0.00,0.000000,0.000000,-0.10,1
46964,1.90,0.0,0.0,0.0,0.0000,0.0000,0.0000,0.0000,0.00,0.00,0.00,0.000000,0.000000,-0.10,1
46964,1.90,0.0,0.0,0.0,0.0000,0.0000,0.0000,0.0000,0.00,0.00,0.00,0.000000,0.000000,-0.10,1
46964,1.90,0.0,0.0,0.0,0.0000,0.0000,0.0000,0.0000,0.00,0.00,0.00,0.000000,0.000000,-0.10,1
46964,1.90,0.0,0.0,0.0,0.0000,0.0000,0.0000,0.0000,0.00,0.00,0.00,0.000000,0.000000,-0.10,1
46977,1.88,0.0,0.0,0.0,0.0000,0.0000,0.0000,0.0000,0.00,0.00,0.00,0.000000,0.000000,-0.10,1
46977,1.90,0.0,0.0,0.0,0.0000,0.0000,0.0000,0.0000,0.00,0.00,0.00,0.000000,0.000000,-0.10,1
46977,1.90,0.0,0.0,0.0,0.0000,0.0000,0.0000,0.0000,0.00,0.00,0.00,0.000000,0.000000,-0.10,1
46977,1.90,0.0,0.0,0.0,0.0000,0.0000,0.0000,0.0000,0.00,0.00,0.00,0.000000,0.000000,-0.10,1
46977,1.90,0.0,0.0,0.0,0.0000,0.0000,0.0000,0.0000,0.00,0.00,0.00,0.000000,0.000000,-0.10,1
46990,1.90,0.0,0.0,0.0,0.0000,0.0000,0.0000,0.0000,0.00,0.00,0.00,0.000000,0.000000,-0.10,1
46990,1.90,0.0,0.0,0.0,0.0000,0.0000,0.0000,0.0000,0.00,0.00,0.00,0.000000,0.000000,-0.10,1
46990,1.90,0.0,0.0,0.0,0.0000,0.0000,0.0000,0.0000,0.00,0.00,0.00,0.000000,0.000000,-0.10,1
46990,1.90,0.0,0.0,0.0,0.0000,0.0000,0.0000,0.0000,0.00,0.00,0.00,0.000000,0.000000,-0.10,1
46990,1.90,0.0,0.0,0.0,0.0000,0.0000,0.0000,0.0000,0.00,0.00,0.00,0.000000,0.000000,-0.10,1
47002,1.90,0.0,0.0,0.0,0.0000,0.0000,0.0000,0.0000,0.00,0.00,0.00,0.000000,0.000000,-0.10,1
47002,1.90,0.0,0.0,0.0,0.0000,0.0000,0.0000,0.0000,0.00,0.00,0.00,0.000000,0.000000,-0.10,1
47002,1.90,0.0,0.0,0.0,0.0000,0.0000,0.0000,0.0000,0.00,0.00,0.00,0.000000,0.000000,-0.10,1
47002,1.90,0.0,0.0,0.0,0.0000,0.0000,0.0000,0.0000,0.00,0.00,0.00,0.000000,0.000000,-0.10,1
47002,1.90,0.0,0.0,0.0,0.0000,0.0000,0.0000,0.0000,0.00,0.00,0.00,0.000000,0.000000,-0.10,1
47015,1.88,0.0,0.0,0.0,0.0000,0.0000,0.0000,0.0000,0.00,0.00,0.00,0.000000,0.000000,-0.09,1
47015,1.90,0.0,0.0,0.0,0.0000,0.0000,0.0000,0.0000,0.00,0.00,0.00,0.000000,0.000000,-0.09,1
47015,1.88,0.0,0.0,0.0,0.0000,0.0000,0.0000,0.0000,0.00,0.00,0.00,0.000000,0.000000,-0.09,1
47015,1.90,0.0,0.0,0.0,0.0000,0.0000,0.0000,0.0000,0.00,0.00,0.00,0.000000,0.000000,-0.09,1
47015,1.88,0.0,0.0,0.0,0.0000,0.0000,0.0000,0.0000,0.00,0.00,0.00,0.000000,0.000000,-0.09,1
47028,1.90,0.0,0.0,0.0,0.0000,0.0000,0.0000,0.0000,0.00,0.00,0.00,0.000000,0.000000,-0.09,1
47028,1.88,0.0,0.0,0.0,0.0000,0.0000,0.0000,0.0000,0.00,0.00,0.00,0.000000,0.000000,-0.09,1
47028,1.90,0.0,0.0,0.0,0.0000,0.0000,0.0000,0.0000,0.00,0.00,0.00,0.000000,0.000000,-0.09,1
47028,1.90,0.0,0.0,0.0,0.0000,0.0000,0.0000,0.0000,0.00,0.00,0.00,0.000000,0.000000,-0.09,1
47028,1.90,0.0,0.0,0.0,0.0000,0.0000,0.0000,0.0000,0.00,0.00,0.00,0.000000,0.000000,-0.09,1
47041,1.90,0.0,0.0,0.0,0.0000,0.0000,0.0000,0.0000,0.00,0.00,0.00,0.000000,0.000000,-0.09,1
47041,1.88,0.0,0.0,0.0,0.0000,0.0000,0.0000,0.0000,0.00,0.00,0.00,0.000000,0.000000,-0.09,1
47041,1.90,0.0,0.0,0.0,0.0000,0.0000,0.0000,0.0000,0.00,0.00,0.00,0.000000,0.000000,-0.09,1
47041,1.90,0.0,0.0,0.0,0.0000,0.0000,0.0000,0.0000,0.00,0.00,0.00,0.000000,0.000000,-0.09,1
47041,1.90,0.0,0.0,0.0,0.0000,0.0000,0.0000,0.0000,0.00,0.00,0.00,0.000000,0.000000,-0.09,1
47056,1.90,0.0,0.0,0.0,0.0000,0.0000,0.0000,0.0000,0.00,0.00,0.00,0.000000,0.000000,-0.09,1
47056,1.90,0.0,0.0,0.0,0.0000,0.0000,0.0000,0.0000,0.00,0.00,0.00,0.000000,0.000000,-0.09,1
47056,1.90,0.0,0.0,0.0,0.0000,0.0000,0.0000,0.0000,0.00,0.00,0.00,0.000000,0.000000,-0.09,1
47056,1.88,0.0,0.0,0.0,0.0000,0.0000,0.0000,0.0000,0.00,0.00,0.00,0.000000,0.000000,-0.09,1
47056,1.90,0.0,0.0,0.0,0.0000,0.0000,0.0000,0.0000,0.00,0.00,0.00,0.000000,0.000000,-0.09,1
47066,1.90,0.0,0.0,0.0,0.0000,0.0000,0.0000,0.0000,0.00,0.00,0.00,0.000000,0.000000,-0.09,1
47066,1.90,0.0,0.0,0.0,0.0000,0.0000,0.0000,0.0000,0.00,0.00,0.00,0.000000,0.000000,-0.09,1
47066,1.90,0.0,0.0,0.0,0.0000,0.0000,0.0000,0.0000,0.00,0.00,0.00,0.000000,0.000000,-0.09,1
47066,1.90,0.0,0.0,0.0,0.0000,0.0000,0.0000,0.0000,0.00,0.00,0.00,0.000000,0.000000,-0.09,1
47066,1.90,0.0,0.0,0.0,0.0000,0.0000,0.0000,0.0000,0.00,0.00,0.00,0.000000,0.000000,-0.09,1
47079,1.88,0.0,0.0,0.0,0.0000,0.0000,0.0000,0.0000,0.00,0.00,0.00,0.000000,0.000000,-0.10,1
47079,1.90,0.0,0.0,0.0,0.0000,0.0000,0.0000,0.0000,0.00,0.00,0.00,0.000000,0.000000,-0.10,1
47079,1.88,0.0,0.0,0.0,0.0000,0.0000,0.0000,0.0000,0.00,0.00,0.00,0.000000,0.000000,-0.10,1
47079,1.90,0.0,0.0,0.0,0.0000,0.0000,0.0000,0.0000,0.00,0.00,0.00,0.000000,0.000000,-0.10,1
47079,1.90,0.0,0.0,0.0,0.0000,0.0000,0.0000,0.0000,0.00,0.00,0.00,0.000000,0.000000,-0.10,1
47092,1.90,0.0,0.0,0.0,0.0000,0.0000,0.0000,0.0000,0.00,0.00,0.00,0.000000,0.000000,-0.10,1
47092,1.90,0.0,0.0,0.0,0.0000,0.0000,0.0000,0.0000,0.00,0.00,0.00,0.000000,0.000000,-0.10,1
47092,1.90,0.0,0.0,0.0,0.0000,0.0000,0.0000,0.0000,0.00,0.00,0.00,0.000000,0.000000,-0.10,1
47092,1.90,0.0,0.0,0.0,0.0000,0.0000,0.0000,0.0000,0.00,0.00,0.00,0.000000,0.000000,-0.10,1
47092,1.90,0.0,0.0,0.0,0.0000,0.0000,0.0000,0.0000,0.00,0.00,0.00,0.000000,0.000000,-0.10,1
47104,1.90,0.0,0.0,0.0,0.0000,0.0000,0.0000,0.0000,0.00,0.00,0.00,0.000000,0.000000,-0.10,1
47104,1.90,0.0,0.0,0.0,0.0000,0.0000,0.0000,0.0000,0.00,0.00,0.00,0.000000,0.000000,-0.10,1
47104,1.90,0.0,0.0,0.0,0.0000,0.0000,0.0000,0.0000,0.00,0.00,0.00,0.000000,0.000000,-0.10,1
47104,1.88,0.0,0.0,0.0,0.0000,0.0000,0.0000,0.0000,0.00,0.00,0.00,0.000000,0.000000,-0.10,1
47104,1.90,0.0,0.0,0.0,0.0000,0.0000,0.0000,0.0000,0.00,0.00,0.00,0.000000,0.000000,-0.10,1
47117,1.90,0.0,0.0,0.0,0.0000,0.0000,0.0000,0.0000,0.00,0.00,0.00,0.000000,0.000000,-0.10,1
47117,1.90,0.0,0.0,0.0,0.0000,0.0000,0.0000,0.0000,0.00,0.00,0.00,0.000000,0.000000,-0.10,1
47117,1.90,0.0,0.0,0.0,0.0000,0.0000,0.0000,0.0000,0.00,0.00,0.00,0.000000,0.000000,-0.10,1
47117,1.88,0.0,0.0,0.0,0.0000,0.0000,0.0000,0.0000,0.00,0.00,0.00,0.000000,0.000000,-0.10,1
47117,1.90,0.0,0.0,0.0,0.0000,0.0000,0.0000,0.0000,0.00,0.00,0.00,0.000000,0.000000,-0.10,1
47130,1.90,0.0,0.0,0.0,0.0000,0.0000,0.0000,0.0000,0.00,0.00,0.00,0.000000,0.000000,-0.11,1
47130,1.90,0.0,0.0,0.0,0.0000,0.0000,0.0000,0.0000,0.00,0.00,0.00,0.000000,0.000000,-0.11,1
47130,1.90,0.0,0.0,0.0,0.0000,0.0000,0.0000,0.0000,0.00,0.00,0.00,0.000000,0.000000,-0.11,1
47130,1.90,0.0,0.0,0.0,0.0000,0.0000,0.0000,0.0000,0.00,0.00,0.00,0.000000,0.000000,-0.11,1
47130,1.90,0.0,0.0,0.0,0.0000,0.0000,0.0000,0.0000,0.00,0.00,0.00,0.000000,0.000000,-0.11,1
47143,1.90,0.0,0.0,0.0,0.0000,0.0000,0.0000,0.0000,0.00,0.00,0.00,0.000000,0.000000,-0.11,1
47143,1.88,0.0,0.0,0.0,0.0000,0.0000,0.0000,0.0000,0.00,0.00,0.00,0.000000,0.000000,-0.11,1
47143,1.88,0.0,0.0,0.0,0.0000,0.0000,0.0000,0.0000,0.00,0.00,0.00,0.000000,0.000000,-0.11,1
47143,1.88,0.0,0.0,0.0,0.0000,0.0000,0.0000,0.0000,0.00,0.00,0.00,0.000000,0.000000,-0.11,1
47143,1.90,0.0,0.0,0.0,0.0000,0.0000,0.0000,0.0000,0.00,0.00,0.00,0.000000,0.000000,-0.11,1
47155,1.88,0.0,0.0,0.0,0.0000,0.0000,0.0000,0.0000,0.00,0.00,0.00,0.000000,0.000000,-0.11,1
47155,1.90,0.0,0.0,0.0,0.0000,0.0000,0.0000,0.0000,0.00,0.00,0.00,0.000000,0.000000,-0.11,1
47155,1.88,0.0,0.0,0.0,0.0000,0.0000,0.0000,0.0000,0.00,0.00,0.00,0.000000,0.000000,-0.11,1
47155,1.90,0.0,0.0,0.0,0.0000,0.0000,0.0000,0.0000,0.00,0.00,0.00,0.000000,0.000000,-0.11,1
47155,1.90,0.0,0.0,0.0,0.0000,0.0000,0.0000,0.0000,0.00,0.00,0.00,0.000000,0.000000,-0.11,1
47173,1.88,0.0,0.0,0.0,0.0000,0.0000,0.0000,0.0000,0.00,0.00,0.00,0.000000,0.000000,-0.11,1
47173,1.90,0.0,0.0,0.0,0.0000,0.0000,0.0000,0.0000,0.00,0.00,0.00,0.000000,0.000000,-0.11,1
47173,1.90,0.0,0.0,0.0,0.0000,0.0000,0.0000,0.0000,0.00,0.00,0.00,0.000000,0.000000,-0.11,1
47173,1.88,0.0,0.0,0.0,0.0000,0.0000,0.0000,0.0000,0.00,0.00,0.00,0.000000,0.000000,-0.11,1
47173,1.90,0.0,0.0,0.0,0.0000,0.0000,0.0000,0.0000,0.00,0.00,0.00,0.000000,0.000000,-0.11,1
47181,1.90,0.0,0.0,0.0,0.0000,0.0000,0.0000,0.0000,0.00,0.00,0.00,0.000000,0.000000,-0.11,1
47181,1.88,0.0,0.0,0.0,0.0000,0.0000,0.0000,0.0000,0.00,0.00,0.00,0.000000,0.000000,-0.11,1
47181,1.88,0.0,0.0,0.0,0.0000,0.0000,0.0000,0.0000,0.00,0.00,0.00,0.000000,0.000000,-0.11,1
47181,1.90,0.0,0.0,0.0,0.0000,0.0000,0.0000,0.0000,0.00,0.00,0.00,0.000000,0.000000,-0.11,1
47181,1.90,0.0,0.0,0.0,0.0000,0.0000,0.0000,0.0000,0.00,0.00,0.00,0.000000,0.000000,-0.11,1
47194,1.90,0.0,0.0,0.0,0.0000,0.0000,0.0000,0.0000,0.00,0.00,0.00,0.000000,0.000000,-0.10,1
47194,1.88,0.0,0.0,0.0,0.0000,0.0000,0.0000,0.0000,0.00,0.00,0.00,0.000000,0.000000,-0.10,1
47194,1.90,0.0,0.0,0.0,0.0000,0.0000,0.0000,0.0000,0.00,0.00,0.00,0.000000,0.000000,-0.10,1
47194,1.90,0.0,0.0,0.0,0.0000,0.0000,0.0000,0.0000,0.00,0.00,0.00,0.000000,0.000000,-0.10,1
47194,1.90,0.0,0.0,0.0,0.0000,0.0000,0.0000,0.0000,0.00,0.00,0.00,0.000000,0.000000,-0.10,1
47206,1.90,0.0,0.0,0.0,0.0000,0.0000,0.0000,0.0000,0.00,0.00,0.00,0.000000,0.000000,-0.10,1
47206,1.90,0.0,0.0,0.0,0.0000,0.0000,0.0000,0.0000,0.00,0.00,0.00,0.000000,0.000000,-0.10,1
47206,1.90,0.0,0.0,0.0,0.0000,0.0000,0.0000,0.0000,0.00,0.00,0.00,0.000000,0.000000,-0.10,1
47206,1.90,0.0,0.0,0.0,0.0000,0.0000,0.0000,0.0000,0.00,0.00,0.00,0.000000,0.000000,-0.10,1
47206,1.90,0.0,0.0,0.0,0.0000,0.0000,0.0000,0.0000,0.00,0.00,0.00,0.000000,0.000000,-0.10,1
47219,1.88,0.0,0.0,0.0,0.0000,0.0000,0.0000,0.0000,0.00,0.00,0.00,0.000000,0.000000,-0.10,1
47219,1.90,0.0,0.0,0.0,0.0000,0.0000,0.0000,0.0000,0.00,0.00,0.00,0.000000,0.000000,-0.10,1
47219,1.90,0.0,0.0,0.0,0.0000,0.0000,0.0000,0.0000,0.00,0.00,0.00,0.000000,0.000000,-0.10,1
47219,1.90,0.0,0.0,0.0,0.0000,0.0000,0.0000,0.0000,0.00,0.00,0.00,0.000000,0.000000,-0.10,1
47219,1.90,0.0,0.0,0.0,0.0000,0.0000,0.0000,0.0000,0.00,0.00,0.00,0.000000,0.000000,-0.10,1
47257,1.90,0.0,0.0,0.0,0.0000,0.0000,0.0000,0.0000,0.00,0.00,0.00,0.000000,0.000000,-0.11,1
47270,1.90,0.0,0.0,0.0,0.0000,0.0000,0.0000,0.0000,0.00,0.00,0.00,0.000000,0.000000,-0.11,1
47270,1.90,0.0,0.0,0.0,0.0000,0.0000,0.0000,0.0000,0.00,0.00,0.00,0.000000,0.000000,-0.11,1
47270,1.90,0.0,0.0,0.0,0.0000,0.0000,0.0000,0.0000,0.00,0.00,0.00,0.000000,0.000000,-0.11,1
47270,1.88,0.0,0.0,0.0,0.0000,0.0000,0.0000,0.0000,0.00,0.00,0.00,0.000000,0.000000,-0.11,1
47270,1.90,0.0,0.0,0.0,0.0000,0.0000,0.0000,0.0000,0.00,0.00,0.00,0.000000,0.000000,-0.11,1
47283,1.90,0.0,0.0,0.0,0.0000,0.0000,0.0000,0.0000,0.00,0.00,0.00,0.000000,0.000000,-0.11,1
47283,1.90,0.0,0.0,0.0,0.0000,0.0000,0.0000,0.0000,0.00,0.00,0.00,0.000000,0.000000,-0.11,1
47283,1.90,0.0,0.0,0.0,0.0000,0.0000,0.0000,0.0000,0.00,0.00,0.00,0.000000,0.000000,-0.11,1
47283,1.90,0.0,0.0,0.0,0.0000,0.0000,0.0000,0.0000,0.00,0.00,0.00,0.000000,0.000000,-0.11,1
47283,1.90,0.0,0.0,0.0,0.0000,0.0000,0.0000,0.0000,0.00,0.00,0.00,0.000000,0.000000,-0.11,1
47296,1.88,0.0,0.0,0.0,0.0000,0.0000,0.0000,0.0000,0.00,0.00,0.00,0.000000,0.000000,-0.11,1
47308,1.90,0.0,0.0,0.0,0.0000,0.0000,0.0000,0.0000,0.00,0.00,0.00,0.000000,0.000000,-0.10,1
47308,1.90,0.0,0.0,0.0,0.0000,0.0000,0.0000,0.0000,0.00,0.00,0.00,0.000000,0.000000,-0.10,1
47308,1.90,0.0,0.0,0.0,0.0000,0.0000,0.0000,0.0000,0.00,0.00,0.00,0.000000,0.000000,-0.10,1
47308,1.88,0.0,0.0,0.0,0.0000,0.0000,0.0000,0.0000,0.00,0.00,0.00,0.000000,0.000000,-0.10,1
47308,1.90,0.0,0.0,0.0,0.0000,0.0000,0.0000,0.0000,0.00,0.00,0.00,0.000000,0.000000,-0.10,1
47321,1.90,0.0,0.0,0.0,0.0000,0.0000,0.0000,0.0000,0.00,0.00,0.00,0.000000,0.000000,-0.10,1
47321,1.90,0.0,0.0,0.0,0.0000,0.0000,0.0000,0.0000,0.00,0.00,0.00,0.000000,0.000000,-0.10,1
47321,1.90,0.0,0.0,0.0,0.0000,0.0000,0.0000,0.0000,0.00,0.00,0.00,0.000000,0.000000,-0.10,1
47321,1.90,0.0,0.0,0.0,0.0000,0.0000,0.0000,0.0000,0.00,0.00,0.00,0.000000,0.000000,-0.10,1
47321,1.90,0.0,0.0,0.0,0.0000,0.0000,0.0000,0.0000,0.00,0.00,0.00,0.000000,0.000000,-0.10,1
47334,1.90,0.0,0.0,0.0,0.0000,0.0000,0.0000,0.0000,0.00,0.00,0.00,0.000000,0.000000,-0.10,1
47334,1.90,0.0,0.0,0.0,0.0000,0.0000,0.0000,0.0000,0.00,0.00,0.00,0.000000,0.000000,-0.10,1
47334,1.88,0.0,0.0,0.0,0.0000,0.0000,0.0000,0.0000,0.00,0.00,0.00,0.000000,0.000000,-0.10,1
47334,1.88,0.0,0.0,0.0,0.0000,0.0000,0.0000,0.0000,0.00,0.00,0.00,0.000000,0.000000,-0.10,1
47334,1.90,0.0,0.0,0.0,0.0000,0.0000,0.0000,0.0000,0.00,0.00,0.00,0.000000,0.000000,-0.10,1
47349,1.90,0.0,0.0,0.0,0.0000,0.0000,0.0000,0.0000,0.00,0.00,0.00,0.000000,0.000000,-0.10,1
47349,1.88,0.0,0.0,0.0,0.0000,0.0000,0.0000,0.0000,0.00,0.00,0.00,0.000000,0.000000,-0.10,1
47349,1.90,0.0,0.0,0.0,0.0000,0.0000,0.0000,0.0000,0.00,0.00,0.00,0.000000,0.000000,-0.10,1
47349,1.90,0.0,0.0,0.0,0.0000,0.0000,0.0000,0.0000,0.00,0.00,0.00,0.000000,0.000000,-0.10,1
47349,1.90,0.0,0.0,0.0,0.0000,0.0000,0.0000,0.0000,0.00,0.00,0.00,0.000000,0.000000,-0.10,1
47359,1.90,0.0,0.0,0.0,0.0000,0.0000,0.0000,0.0000,0.00,0.00,0.00,0.000000,0.000000,-0.10,1
47359,1.90,0.0,0.0,0.0,0.0000,0.0000,0.0000,0.0000,0.00,0.00,0.00,0.000000,0.000000,-0.10,1
47359,1.90,0.0,0.0,0.0,0.0000,0.0000,0.0000,0.0000,0.00,0.00,0.00,0.000000,0.000000,-0.10,1
47359,1.88,0.0,0.0,0.0,0.0000,0.0000,0.0000,0.0000,0.00,0.00,0.00,0.000000,0.000000,-0.10,1
47359,1.90,0.0,0.0,0.0,0.0000,0.0000,0.0000,0.0000,0.00,0.00,0.00,0.000000,0.000000,-0.10,1
47372,1.88,0.0,0.0,0.0,0.0000,0.0000,0.0000,0.0000,0.00,0.00,0.00,0.000000,0.000000,-0.11,1
47372,1.90,0.0,0.0,0.0,0.0000,0.0000,0.0000,0.0000,0.00,0.00,0.00,0.000000,0.000000,-0.11,1
47372,1.88,0.0,0.0,0.0,0.0000,0.0000,0.0000,0.0000,0.00,0.00,0.00,0.000000,0.000000,-0.11,1
47372,1.88,0.0,0.0,0.0,0.0000,0.0000,0.0000,0.0000,0.00,0.00,0.00,0.000000,0.000000,-0.11,1
47372,1.90,0.0,0.0,0.0,0.0000,0.0000,0.0000,0.0000,0.00,0.00,0.00,0.000000,0.000000,-0.11,1
47385,1.90,0.0,0.0,0.0,0.0000,0.0000,0.0000,0.0000,0.00,0.00,0.00,0.000000,0.000000,-0.11,1
47385,1.90,0.0,0.0,0.0,0.0000,0.0000,0.0000,0.0000,0.00,0.00,0.00,0.000000,0.000000,-0.11,1
47385,1.88,0.0,0.0,0.0,0.0000,0.0000,0.0000,0.0000,0.00,0.00,0.00,0.000000,0.000000,-0.11,1
47385,1.90,0.0,0.0,0.0,0.0000,0.0000,0.0000,0.0000,0.00,0.00,0.00,0.000000,0.000000,-0.11,1
47385,1.90,0.0,0.0,0.0,0.0000,0.0000,0.0000,0.0000,0.00,0.00,0.00,0.000000,0.000000,-0.11,1
47398,1.90,0.0,0.0,0.0,0.0000,0.0000,0.0000,0.0000,0.00,0.00,0.00,0.000000,0.000000,-0.11,1
47398,1.90,0.0,0.0,0.0,0.0000,0.0000,0.0000,0.0000,0.00,0.00,0.00,0.000000,0.000000,-0.11,1
47398,1.90,0.0,0.0,0.0,0.0000,0.0000,0.0000,0.0000,0.00,0.00,0.00,0.000000,0.000000,-0.11,1
47398,1.90,0.0,0.0,0.0,0.0000,0.0000,0.0000,0.0000,0.00,0.00,0.00,0.000000,0.000000,-0.11,1
47398,1.90,0.0,0.0,0.0,0.0000,0.0000,0.0000,0.0000,0.00,0.00,0.00,0.000000,0.000000,-0.11,1
47410,1.90,0.0,0.0,0.0,0.0000,0.0000,0.0000,0.0000,0.00,0.00,0.00,0.000000,0.000000,-0.11,1
47410,1.90,0.0,0.0,0.0,0.0000,0.0000,0.0000,0.0000,0.00,0.00,0.00,0.000000,0.000000,-0.11,1
47410,1.88,0.0,0.0,0.0,0.0000,0.0000,0.0000,0.0000,0.00,0.00,0.00,0.000000,0.000000,-0.11,1
47410,1.90,0.0,0.0,0.0,0.0000,0.0000,0.0000,0.0000,0.00,0.00,0.00,0.000000,0.000000,-0.11,1
47410,1.90,0.0,0.0,0.0,0.0000,0.0000,0.0000,0.0000,0.00,0.00,0.00,0.000000,0.000000,-0.11,1
47423,1.90,0.0,0.0,0.0,0.0000,0.0000,0.0000,0.0000,0.00,0.00,0.00,0.000000,0.000000,-0.10,1
47423,1.90,0.0,0.0,0.0,0.0000,0.0000,0.0000,0.0000,0.00,0.00,0.00,0.000000,0.000000,-0.10,1
47423,1.90,0.0,0.0,0.0,0.0000,0.0000,0.0000,0.0000,0.00,0.00,0.00,0.000000,0.000000,-0.10,1
47423,1.90,0.0,0.0,0.0,0.0000,0.0000,0.0000,0.0000,0.00,0.00,0.00,0.000000,0.000000,-0.10,1
47423,1.88,0.0,0.0,0.0,0.0000,0.0000,0.0000,0.0000,0.00,0.00,0.00,0.000000,0.000000,-0.10,1
47436,1.88,0.0,0.0,0.0,0.0000,0.0000,0.0000,0.0000,0.00,0.00,0.00,0.000000,0.000000,-0.10,1
47436,1.90,0.0,0.0,0.0,0.0000,0.0000,0.0000,0.0000,0.00,0.00,0.00,0.000000,0.000000,-0.10,1
47436,1.90,0.0,0.0,0.0,0.0000,0.0000,0.0000,0.0000,0.00,0.00,0.00,0.000000,0.000000,-0.10,1
47436,1.90,0.0,0.0,0.0,0.0000,0.0000,0.0000,0.0000,0.00,0.00,0.00,0.000000,0.000000,-0.10,1
47436,1.88,0.0,0.0,0.0,0.0000,0.0000,0.0000,0.0000,0.00,0.00,0.00,0.000000,0.000000,-0.10,1
47449,1.90,0.0,0.0,0.0,0.0000,0.0000,0.0000,0.0000,0.00,0.00,0.00,0.000000,0.000000,-0.10,1
47449,1.88,0.0,0.0,0.0,0.0000,0.0000,0.0000,0.0000,0.00,0.00,0.00,0.000000,0.000000,-0.10,1
47449,1.90,0.0,0.0,0.0,0.0000,0.0000,0.0000,0.0000,0.00,0.00,0.00,0.000000,0.000000,-0.10,1
47449,1.90,0.0,0.0,0.0,0.0000,0.0000,0.0000,0.0000,0.00,0.00,0.00,0.000000,0.000000,-0.10,1
47449,1.90,0.0,0.0,0.0,0.0000,0.0000,0.0000,0.0000,0.00,0.00,0.00,0.000000,0.000000,-0.10,1
47466,1.90,0.0,0.0,0.0,0.0000,0.0000,0.0000,0.0000,0.00,0.00,0.00,0.000000,0.000000,-0.10,1
47466,1.90,0.0,0.0,0.0,0.0000,0.0000,0.0000,0.0000,0.00,0.00,0.00,0.000000,0.000000,-0.10,1
47466,1.90,0.0,0.0,0.0,0.0000,0.0000,0.0000,0.0000,0.00,0.00,0.00,0.000000,0.000000,-0.10,1
47466,1.88,0.0,0.0,0.0,0.0000,0.0000,0.0000,0.0000,0.00,0.00,0.00,0.000000,0.000000,-0.10,1
47466,1.90,0.0,0.0,0.0,0.0000,0.0000,0.0000,0.0000,0.00,0.00,0.00,0.000000,0.000000,-0.10,1
47474,1.90,0.0,0.0,0.0,0.0000,0.0000,0.0000,0.0000,0.00,0.00,0.00,0.000000,0.000000,-0.10,1
47474,1.90,0.0,0.0,0.0,0.0000,0.0000,0.0000,0.0000,0.00,0.00,0.00,0.000000,0.000000,-0.10,1
47474,1.90,0.0,0.0,0.0,0.0000,0.0000,0.0000,0.0000,0.00,0.00,0.00,0.000000,0.000000,-0.10,1
47474,1.88,0.0,0.0,0.0,0.0000,0.0000,0.0000,0.0000,0.00,0.00,0.00,0.000000,0.000000,-0.10,1
47474,1.90,0.0,0.0,0.0,0.0000,0.0000,0.0000,0.0000,0.00,0.00,0.00,0.000000,0.000000,-0.10,1
47487,1.90,0.0,0.0,0.0,0.0000,0.0000,0.0000,0.0000,0.00,0.00,0.00,0.000000,0.000000,-0.11,1
47487,1.90,0.0,0.0,0.0,0.0000,0.0000,0.0000,0.0000,0.00,0.00,0.00,0.000000,0.000000,-0.11,1
47487,1.88,0.0,0.0,0.0,0.0000,0.0000,0.0000,0.0000,0.00,0.00,0.00,0.000000,0.000000,-0.11,1
47487,1.90,0.0,0.0,0.0,0.0000,0.0000,0.0000,0.0000,0.00,0.00,0.00,0.000000,0.000000,-0.11,1
47487,1.90,0.0,0.0,0.0,0.0000,0.0000,0.0000,0.0000,0.00,0.00,0.00,0.000000,0.000000,-0.11,1
47500,1.90,0.0,0.0,0.0,0.0000,0.0000,0.0000,0.0000,0.00,0.00,0.00,0.000000,0.000000,-0.11,1
47500,1.90,0.0,0.0,0.0,0.0000,0.0000,0.0000,0.0000,0.00,0.00,0.00,0.000000,0.000000,-0.11,1
47500,1.90,0.0,0.0,0.0,0.0000,0.0000,0.0000,0.0000,0.00,0.00,0.00,0.000000,0.000000,-0.11,1
47500,1.88,0.0,0.0,0.0,0.0000,0.0000,0.0000,0.0000,0.00,0.00,0.00,0.000000,0.000000,-0.11,1
47500,1.88,0.0,0.0,0.0,0.0000,0.0000,0.0000,0.0000,0.00,0.00,0.00,0.000000,0.000000,-0.11,1
47513,1.88,0.0,0.0,0.0,0.0000,0.0000,0.0000,0.0000,0.00,0.00,0.00,0.000000,0.000000,-0.11,1
47513,1.90,0.0,0.0,0.0,0.0000,0.0000,0.0000,0.0000,0.00,0.00,0.00,0.000000,0.000000,-0.11,1
47513,1.90,0.0,0.0,0.0,0.0000,0.0000,0.0000,0.0000,0.00,0.00,0.00,0.000000,0.000000,-0.11,1
47513,1.90,0.0,0.0,0.0,0.0000,0.0000,0.0000,0.0000,0.00,0.00,0.00,0.000000,0.000000,-0.11,1
47513,1.90,0.0,0.0,0.0,0.0000,0.0000,0.0000,0.0000,0.00,0.00,0.00,0.000000,0.000000,-0.11,1
47525,1.90,0.0,0.0,0.0,0.0000,0.0000,0.0000,0.0000,0.00,0.00,0.00,0.000000,0.000000,-0.11,1
47525,1.90,0.0,0.0,0.0,0.0000,0.0000,0.0000,0.0000,0.00,0.00,0.00,0.000000,0.000000,-0.11,1
47525,1.90,0.0,0.0,0.0,0.0000,0.0000,0.0000,0.0000,0.00,0.00,0.00,0.000000,0.000000,-0.11,1
47525,1.90,0.0,0.0,0.0,0.0000,0.0000,0.0000,0.0000,0.00,0.00,0.00,0.000000,0.000000,-0.11,1
47525,1.90,0.0,0.0,0.0,0.0000,0.0000,0.0000,0.0000,0.00,0.00,0.00,0.000000,0.000000,-0.11,1
47538,1.90,0.0,0.0,0.0,0.0000,0.0000,0.0000,0.0000,0.00,0.00,0.00,0.000000,0.000000,-0.11,1
47538,1.90,0.0,0.0,0.0,0.0000,0.0000,0.0000,0.0000,0.00,0.00,0.00,0.000000,0.000000,-0.11,1
47538,1.90,0.0,0.0,0.0,0.0000,0.0000,0.0000,0.0000,0.00,0.00,0.00,0.000000,0.000000,-0.11,1
47538,1.90,0.0,0.0,0.0,0.0000,0.0000,0.0000,0.0000,0.00,0.00,0.00,0.000000,0.000000,-0.11,1
47538,1.88,0.0,0.0,0.0,0.0000,0.0000,0.0000,0.0000,0.00,0.00,0.00,0.000000,0.000000,-0.11,1
47551,1.88,0.0,0.0,0.0,0.0000,0.0000,0.0000,0.0000,0.00,0.00,0.00,0.000000,0.000000,-0.11,1
47551,1.90,0.0,0.0,0.0,0.0000,0.0000,0.0000,0.0000,0.00,0.00,0.00,0.000000,0.000000,-0.11,1
47551,1.88,0.0,0.0,0.0,0.0000,0.0000,0.0000,0.0000,0.00,0.00,0.00,0.000000,0.000000,-0.11,1
47551,1.90,0.0,0.0,0.0,0.0000,0.0000,0.0000,0.0000,0.00,0.00,0.00,0.000000,0.000000,-0.11,1
47551,1.90,0.0,0.0,0.0,0.0000,0.0000,0.0000,0.0000,0.00,0.00,0.00,0.000000,0.000000,-0.11,1
47563,1.88,0.0,0.0,0.0,0.0000,0.0000,0.0000,0.0000,0.00,0.00,0.00,0.000000,0.000000,-0.11,1
47563,1.90,0.0,0.0,0.0,0.0000,0.0000,0.0000,0.0000,0.00,0.00,0.00,0.000000,0.000000,-0.11,1
47563,1.90,0.0,0.0,0.0,0.0000,0.0000,0.0000,0.0000,0.00,0.00,0.00,0.000000,0.000000,-0.11,1
47563,1.90,0.0,0.0,0.0,0.0000,0.0000,0.0000,0.0000,0.00,0.00,0.00,0.000000,0.000000,-0.11,1
47563,1.90,0.0,0.0,0.0,0.0000,0.0000,0.0000,0.0000,0.00,0.00,0.00,0.000000,0.000000,-0.11,1
47576,1.90,0.0,0.0,0.0,0.0000,0.0000,0.0000,0.0000,0.00,0.00,0.00,0.000000,0.000000,-0.11,1
47576,1.90,0.0,0.0,0.0,0.0000,0.0000,0.0000,0.0000,0.00,0.00,0.00,0.000000,0.000000,-0.11,1
47576,1.90,0.0,0.0,0.0,0.0000,0.0000,0.0000,0.0000,0.00,0.00,0.00,0.000000,0.000000,-0.11,1
47576,1.90,0.0,0.0,0.0,0.0000,0.0000,0.0000,0.0000,0.00,0.00,0.00,0.000000,0.000000,-0.11,1
47576,1.90,0.0,0.0,0.0,0.0000,0.0000,0.0000,0.0000,0.00,0.00,0.00,0.000000,0.000000,-0.11,1
47594,1.90,0.0,0.0,0.0,0.0000,0.0000,0.0000,0.0000,0.00,0.00,0.00,0.000000,0.000000,-0.11,1
47594,1.90,0.0,0.0,0.0,0.0000,0.0000,0.0000,0.0000,0.00,0.00,0.00,0.000000,0.000000,-0.11,1
47594,1.90,0.0,0.0,0.0,0.0000,0.0000,0.0000,0.0000,0.00,0.00,0.00,0.000000,0.000000,-0.11,1
47594,1.90,0.0,0.0,0.0,0.0000,0.0000,0.0000,0.0000,0.00,0.00,0.00,0.000000,0.000000,-0.11,1
47594,1.90,0.0,0.0,0.0,0.0000,0.0000,0.0000,0.0000,0.00,0.00,0.00,0.000000,0.000000,-0.11,1
47602,1.90,0.0,0.0,0.0,0.0000,0.0000,0.0000,0.0000,0.00,0.00,0.00,0.000000,0.000000,-0.10,1
47602,1.90,0.0,0.0,0.0,0.0000,0.0000,0.0000,0.0000,0.00,0.00,0.00,0.000000,0.000000,-0.10,1
47602,1.90,0.0,0.0,0.0,0.0000,0.0000,0.0000,0.0000,0.00,0.00,0.00,0.000000,0.000000,-0.10,1
47602,1.90,0.0,0.0,0.0,0.0000,0.0000,0.0000,0.0000,0.00,0.00,0.00,0.000000,0.000000,-0.10,1
47602,1.90,0.0,0.0,0.0,0.0000,0.0000,0.0000,0.0000,0.00,0.00,0.00,0.000000,0.000000,-0.10,1
47614,1.90,0.0,0.0,0.0,0.0000,0.0000,0.0000,0.0000,0.00,0.00,0.00,0.000000,0.000000,-0.10,1
47614,1.90,0.0,0.0,0.0,0.0000,0.0000,0.0000,0.0000,0.00,0.00,0.00,0.000000,0.000000,-0.10,1
47614,1.90,0.0,0.0,0.0,0.0000,0.0000,0.0000,0.0000,0.00,0.00,0.00,0.000000,0.000000,-0.10,1
47614,1.90,0.0,0.0,0.0,0.0000,0.0000,0.0000,0.0000,0.00,0.00,0.00,0.000000,0.000000,-0.10,1
47614,1.90,0.0,0.0,0.0,0.0000,0.0000,0.0000,0.0000,0.00,0.00,0.00,0.000000,0.000000,-0.10,1
47627,1.90,0.0,0.0,0.0,0.0000,0.0000,0.0000,0.0000,0.00,0.00,0.00,0.000000,0.000000,-0.10,1
47627,1.90,0.0,0.0,0.0,0.0000,0.0000,0.0000,0.0000,0.00,0.00,0.00,0.000000,0.000000,-0.10,1
47627,1.88,0.0,0.0,0.0,0.0000,0.0000,0.0000,0.0000,0.00,0.00,0.00,0.000000,0.000000,-0.10,1
47627,1.88,0.0,0.0,0.0,0.0000,0.0000,0.0000,0.0000,0.00,0.00,0.00,0.000000,0.000000,-0.10,1
47627,1.90,0.0,0.0,0.0,0.0000,0.0000,0.0000,0.0000,0.00,0.00,0.00,0.000000,0.000000,-0.10,1
47640,1.90,0.0,0.0,0.0,0.0000,0.0000,0.0000,0.0000,0.00,0.00,0.00,0.000000,0.000000,-0.10,1
47640,1.90,0.0,0.0,0.0,0.0000,0.0000,0.0000,0.0000,0.00,0.00,0.00,0.000000,0.000000,-0.10,1
47640,1.90,0.0,0.0,0.0,0.0000,0.0000,0.0000,0.0000,0.00,0.00,0.00,0.000000,0.000000,-0.10,1
47640,1.88,0.0,0.0,0.0,0.0000,0.0000,0.0000,0.0000,0.00,0.00,0.00,0.000000,0.000000,-0.10,1
47640,1.88,0.0,0.0,0.0,0.0000,0.0000,0.0000,0.0000,0.00,0.00,0.00,0.000000,0.000000,-0.10,1
47653,1.90,0.0,0.0,0.0,0.0000,0.0000,0.0000,0.0000,0.00,0.00,0.00,0.000000,0.000000,-0.10,1
47653,1.90,0.0,0.0,0.0,0.0000,0.0000,0.0000,0.0000,0.00,0.00,0.00,0.000000,0.000000,-0.10,1
47653,1.90,0.0,0.0,0.0,0.0000,0.0000,0.0000,0.0000,0.00,0.00,0.00,0.000000,0.000000,-0.10,1
47653,1.90,0.0,0.0,0.0,0.0000,0.0000,0.0000,0.0000,0.00,0.00,0.00,0.000000,0.000000,-0.10,1
47653,1.90,0.0,0.0,0.0,0.0000,0.0000,0.0000,0.0000,0.00,0.00,0.00,0.000000,0.000000,-0.10,1
47665,1.90,0.0,0.0,0.0,0.0000,0.0000,0.0000,0.0000,0.00,0.00,0.00,0.000000,0.000000,-0.10,1
47665,1.90,0.0,0.0,0.0,0.0000,0.0000,0.0000,0.0000,0.00,0.00,0.00,0.000000,0.000000,-0.10,1
47665,1.90,0.0,0.0,0.0,0.0000,0.0000,0.0000,0.0000,0.00,0.00,0.00,0.000000,0.000000,-0.10,1
47665,1.88,0.0,0.0,0.0,0.0000,0.0000,0.0000,0.0000,0.00,0.00,0.00,0.000000,0.000000,-0.10,1
47665,1.90,0.0,0.0,0.0,0.0000,0.0000,0.0000,0.0000,0.00,0.00,0.00,0.000000,0.000000,-0.10,1
47678,1.90,0.0,0.0,0.0,0.0000,0.0000,0.0000,0.0000,0.00,0.00,0.00,0.000000,0.000000,-0.10,1
47678,1.90,0.0,0.0,0.0,0.0000,0.0000,0.0000,0.0000,0.00,0.00,0.00,0.000000,0.000000,-0.10,1
47678,1.90,0.0,0.0,0.0,0.0000,0.0000,0.0000,0.0000,0.00,0.00,0.00,0.000000,0.000000,-0.10,1
47678,1.90,0.0,0.0,0.0,0.0000,0.0000,0.0000,0.0000,0.00,0.00,0.00,0.000000,0.000000,-0.10,1
47678,1.90,0.0,0.0,0.0,0.0000,0.0000,0.0000,0.0000,0.00,0.00,0.00,0.000000,0.000000,-0.10,1
47691,1.90,0.0,0.0,0.0,0.0000,0.0000,0.0000,0.0000,0.00,0.00,0.00,0.000000,0.000000,-0.10,1
47691,1.90,0.0,0.0,0.0,0.0000,0.0000,0.0000,0.0000,0.00,0.00,0.00,0.000000,0.000000,-0.10,1
47691,1.90,0.0,0.0,0.0,0.0000,0.0000,0.0000,0.0000,0.00,0.00,0.00,0.000000,0.000000,-0.10,1
47691,1.90,0.0,0.0,0.0,0.0000,0.0000,0.0000,0.0000,0.00,0.00,0.00,0.000000,0.000000,-0.10,1
47691,1.90,0.0,0.0,0.0,0.0000,0.0000,0.0000,0.0000,0.00,0.00,0.00,0.000000,0.000000,-0.10,1
47711,1.90,0.0,0.0,0.0,0.0000,0.0000,0.0000,0.0000,0.00,0.00,0.00,0.000000,0.000000,-0.10,1
47711,1.90,0.0,0.0,0.0,0.0000,0.0000,0.0000,0.0000,0.00,0.00,0.00,0.000000,0.000000,-0.10,1
47711,1.90,0.0,0.0,0.0,0.0000,0.0000,0.0000,0.0000,0.00,0.00,0.00,0.000000,0.000000,-0.10,1
47711,1.90,0.0,0.0,0.0,0.0000,0.0000,0.0000,0.0000,0.00,0.00,0.00,0.000000,0.000000,-0.10,1
47711,1.90,0.0,0.0,0.0,0.0000,0.0000,0.0000,0.0000,0.00,0.00,0.00,0.000000,0.000000,-0.10,1
47716,1.90,0.0,0.0,0.0,0.0000,0.0000,0.0000,0.0000,0.00,0.00,0.00,0.000000,0.000000,-0.10,1
47716,1.90,0.0,0.0,0.0,0.0000,0.0000,0.0000,0.0000,0.00,0.00,0.00,0.000000,0.000000,-0.10,1
47716,1.90,0.0,0.0,0.0,0.0000,0.0000,0.0000,0.0000,0.00,0.00,0.00,0.000000,0.000000,-0.10,1
47716,1.90,0.0,0.0,0.0,0.0000,0.0000,0.0000,0.0000,0.00,0.00,0.00,0.000000,0.000000,-0.10,1
47716,1.90,0.0,0.0,0.0,0.0000,0.0000,0.0000,0.0000,0.00,0.00,0.00,0.000000,0.000000,-0.10,1
47729,1.90,0.0,0.0,0.0,0.0000,0.0000,0.0000,0.0000,0.00,0.00,0.00,0.000000,0.000000,-0.10,1
47729,1.90,0.0,0.0,0.0,0.0000,0.0000,0.0000,0.0000,0.00,0.00,0.00,0.000000,0.000000,-0.10,1
47729,1.90,0.0,0.0,0.0,0.0000,0.0000,0.0000,0.0000,0.00,0.00,0.00,0.000000,0.000000,-0.10,1
47729,1.90,0.0,0.0,0.0,0.0000,0.0000,0.0000,0.0000,0.00,0.00,0.00,0.000000,0.000000,-0.10,1
47729,1.90,0.0,0.0,0.0,0.0000,0.0000,0.0000,0.0000,0.00,0.00,0.00,0.000000,0.000000,-0.10,1
47742,1.90,0.0,0.0,0.0,0.0000,0.0000,0.0000,0.0000,0.00,0.00,0.00,0.000000,0.000000,-0.10,1
47742,1.88,0.0,0.0,0.0,0.0000,0.0000,0.0000,0.0000,0.00,0.00,0.00,0.000000,0.000000,-0.10,1
47742,1.88,0.0,0.0,0.0,0.0000,0.0000,0.0000,0.0000,0.00,0.00,0.00,0.000000,0.000000,-0.10,1
47742,1.90,0.0,0.0,0.0,0.0000,0.0000,0.0000,0.0000,0.00,0.00,0.00,0.000000,0.000000,-0.10,1
47742,1.90,0.0,0.0,0.0,0.0000,0.0000,0.0000,0.0000,0.00,0.00,0.00,0.000000,0.000000,-0.10,1
47755,1.90,0.0,0.0,0.0,0.0000,0.0000,0.0000,0.0000,0.00,0.00,0.00,0.000000,0.000000,-0.10,1
47755,1.90,0.0,0.0,0.0,0.0000,0.0000,0.0000,0.0000,0.00,0.00,0.00,0.000000,0.000000,-0.10,1
47755,1.88,0.0,0.0,0.0,0.0000,0.0000,0.0000,0.0000,0.00,0.00,0.00,0.000000,0.000000,-0.10,1
47755,1.90,0.0,0.0,0.0,0.0000,0.0000,0.0000,0.0000,0.00,0.00,0.00,0.000000,0.000000,-0.10,1
47755,1.90,0.0,0.0,0.0,0.0000,0.0000,0.0000,0.0000,0.00,0.00,0.00,0.000000,0.000000,-0.10,1
47769,1.90,0.0,0.0,0.0,0.0000,0.0000,0.0000,0.0000,0.00,0.00,0.00,0.000000,0.000000,-0.10,1
47769,1.90,0.0,0.0,0.0,0.0000,0.0000,0.0000,0.0000,0.00,0.00,0.00,0.000000,0.000000,-0.10,1
47769,1.88,0.0,0.0,0.0,0.0000,0.0000,0.0000,0.0000,0.00,0.00,0.00,0.000000,0.000000,-0.10,1
47769,1.90,0.0,0.0,0.0,0.0000,0.0000,0.0000,0.0000,0.00,0.00,0.00,0.000000,0.000000,-0.10,1
47769,1.90,0.0,0.0,0.0,0.0000,0.0000,0.0000,0.0000,0.00,0.00,0.00,0.000000,0.000000,-0.10,1
47780,1.88,0.0,0.0,0.0,0.0000,0.0000,0.0000,0.0000,0.00,0.00,0.00,0.000000,0.000000,-0.10,1
47780,1.90,0.0,0.0,0.0,0.0000,0.0000,0.0000,0.0000,0.00,0.00,0.00,0.000000,0.000000,-0.10,1
47780,1.90,0.0,0.0,0.0,0.0000,0.0000,0.0000,0.0000,0.00,0.00,0.00,0.000000,0.000000,-0.10,1
47780,1.90,0.0,0.0,0.0,0.0000,0.0000,0.0000,0.0000,0.00,0.00,0.00,0.000000,0.000000,-0.10,1
47780,1.90,0.0,0.0,0.0,0.0000,0.0000,0.0000,0.0000,0.00,0.00,0.00,0.000000,0.000000,-0.10,1
47793,1.90,0.0,0.0,0.0,0.0000,0.0000,0.0000,0.0000,0.00,0.00,0.00,0.000000,0.000000,-0.10,1
47793,1.90,0.0,0.0,0.0,0.0000,0.0000,0.0000,0.0000,0.00,0.00,0.00,0.000000,0.000000,-0.10,1
47793,1.90,0.0,0.0,0.0,0.0000,0.0000,0.0000,0.0000,0.00,0.00,0.00,0.000000,0.000000,-0.10,1
47793,1.90,0.0,0.0,0.0,0.0000,0.0000,0.0000,0.0000,0.00,0.00,0.00,0.000000,0.000000,-0.10,1
47793,1.90,0.0,0.0,0.0,0.0000,0.0000,0.0000,0.0000,0.00,0.00,0.00,0.000000,0.000000,-0.10,1
47806,1.90,0.0,0.0,0.0,0.0000,0.0000,0.0000,0.0000,0.00,0.00,0.00,0.000000,0.000000,-0.10,1
47806,1.90,0.0,0.0,0.0,0.0000,0.0000,0.0000,0.0000,0.00,0.00,0.00,0.000000,0.000000,-0.10,1
47806,1.88,0.0,0.0,0.0,0.0000,0.0000,0.0000,0.0000,0.00,0.00,0.00,0.000000,0.000000,-0.10,1
47806,1.90,0.0,0.0,0.0,0.0000,0.0000,0.0000,0.0000,0.00,0.00,0.00,0.000000,0.000000,-0.10,1
47806,1.88,0.0,0.0,0.0,0.0000,0.0000,0.0000,0.0000,0.00,0.00,0.00,0.000000,0.000000,-0.10,1
47818,1.88,0.0,0.0,0.0,0.0000,0.0000,0.0000,0.0000,0.00,0.00,0.00,0.000000,0.000000,-0.10,1
47818,1.90,0.0,0.0,0.0,0.0000,0.0000,0.0000,0.0000,0.00,0.00,0.00,0.000000,0.000000,-0.10,1
47818,1.90,0.0,0.0,0.0,0.0000,0.0000,0.0000,0.0000,0.00,0.00,0.00,0.000000,0.000000,-0.10,1
47818,1.88,0.0,0.0,0.0,0.0000,0.0000,0.0000,0.0000,0.00,0.00,0.00,0.000000,0.000000,-0.10,1
47818,1.90,0.0,0.0,0.0,0.0000,0.0000,0.0000,0.0000,0.00,0.00,0.00,0.000000,0.000000,-0.10,1
47831,1.90,0.0,0.0,0.0,0.0000,0.0000,0.0000,0.0000,0.00,0.00,0.00,0.000000,0.000000,-0.10,1
47831,1.90,0.0,0.0,0.0,0.0000,0.0000,0.0000,0.0000,0.00,0.00,0.00,0.000000,0.000000,-0.10,1
47831,1.88,0.0,0.0,0.0,0.0000,0.0000,0.0000,0.0000,0.00,0.00,0.00,0.000000,0.000000,-0.10,1
47831,1.90,0.0,0.0,0.0,0.0000,0.0000,0.0000,0.0000,0.00,0.00,0.00,0.000000,0.000000,-0.10,1
47831,1.90,0.0,0.0,0.0,0.0000,0.0000,0.0000,0.0000,0.00,0.00,0.00,0.000000,0.000000,-0.10,1
47844,1.90,0.0,0.0,0.0,0.0000,0.0000,0.0000,0.0000,0.00,0.00,0.00,0.000000,0.000000,-0.10,1
47844,1.90,0.0,0.0,0.0,0.0000,0.0000,0.0000,0.0000,0.00,0.00,0.00,0.000000,0.000000,-0.10,1
47844,1.90,0.0,0.0,0.0,0.0000,0.0000,0.0000,0.0000,0.00,0.00,0.00,0.000000,0.000000,-0.10,1
47844,1.90,0.0,0.0,0.0,0.0000,0.0000,0.0000,0.0000,0.00,0.00,0.00,0.000000,0.000000,-0.10,1
47844,1.90,0.0,0.0,0.0,0.0000,0.0000,0.0000,0.0000,0.00,0.00,0.00,0.000000,0.000000,-0.10,1
47857,1.90,0.0,0.0,0.0,0.0000,0.0000,0.0000,0.0000,0.00,0.00,0.00,0.000000,0.000000,-0.10,1
47857,1.90,0.0,0.0,0.0,0.0000,0.0000,0.0000,0.0000,0.00,0.00,0.00,0.000000,0.000000,-0.10,1
47857,1.88,0.0,0.0,0.0,0.0000,0.0000,0.0000,0.0000,0.00,0.00,0.00,0.000000,0.000000,-0.10,1
47857,1.88,0.0,0.0,0.0,0.0000,0.0000,0.0000,0.0000,0.00,0.00,0.00,0.000000,0.000000,-0.10,1
47857,1.90,0.0,0.0,0.0,0.0000,0.0000,0.0000,0.0000,0.00,0.00,0.00,0.000000,0.000000,-0.10,1
47869,1.90,0.0,0.0,0.0,0.0000,0.0000,0.0000,0.0000,0.00,0.00,0.00,0.000000,0.000000,-0.10,1
47869,1.90,0.0,0.0,0.0,0.0000,0.0000,0.0000,0.0000,0.00,0.00,0.00,0.000000,0.000000,-0.10,1
47869,1.90,0.0,0.0,0.0,0.0000,0.0000,0.0000,0.0000,0.00,0.00,0.00,0.000000,0.000000,-0.10,1
47869,1.90,0.0,0.0,0.0,0.0000,0.0000,0.0000,0.0000,0.00,0.00,0.00,0.000000,0.000000,-0.10,1
47869,1.90,0.0,0.0,0.0,0.0000,0.0000,0.0000,0.0000,0.00,0.00,0.00,0.000000,0.000000,-0.10,1
47886,1.90,0.0,0.0,0.0,0.0000,0.0000,0.0000,0.0000,0.00,0.00,0.00,0.000000,0.000000,-0.10,1
47886,1.90,0.0,0.0,0.0,0.0000,0.0000,0.0000,0.0000,0.00,0.00,0.00,0.000000,0.000000,-0.10,1
47886,1.90,0.0,0.0,0.0,0.0000,0.0000,0.0000,0.0000,0.00,0.00,0.00,0.000000,0.000000,-0.10,1
47886,1.90,0.0,0.0,0.0,0.0000,0.0000,0.0000,0.0000,0.00,0.00,0.00,0.000000,0.000000,-0.10,1
47886,1.90,0.0,0.0,0.0,0.0000,0.0000,0.0000,0.0000,0.00,0.00,0.00,0.000000,0.000000,-0.10,1
47895,1.90,0.0,0.0,0.0,0.0000,0.0000,0.0000,0.0000,0.00,0.00,0.00,0.000000,0.000000,-0.10,1
47895,1.90,0.0,0.0,0.0,0.0000,0.0000,0.0000,0.0000,0.00,0.00,0.00,0.000000,0.000000,-0.10,1
47895,1.90,0.0,0.0,0.0,0.0000,0.0000,0.0000,0.0000,0.00,0.00,0.00,0.000000,0.000000,-0.10,1
47895,1.90,0.0,0.0,0.0,0.0000,0.0000,0.0000,0.0000,0.00,0.00,0.00,0.000000,0.000000,-0.10,1
47895,1.90,0.0,0.0,0.0,0.0000,0.0000,0.0000,0.0000,0.00,0.00,0.00,0.000000,0.000000,-0.10,1
47908,1.90,0.0,0.0,0.0,0.0000,0.0000,0.0000,0.0000,0.00,0.00,0.00,0.000000,0.000000,-0.10,1
47908,1.90,0.0,0.0,0.0,0.0000,0.0000,0.0000,0.0000,0.00,0.00,0.00,0.000000,0.000000,-0.10,1
47908,1.90,0.0,0.0,0.0,0.0000,0.0000,0.0000,0.0000,0.00,0.00,0.00,0.000000,0.000000,-0.10,1
47908,1.90,0.0,0.0,0.0,0.0000,0.0000,0.0000,0.0000,0.00,0.00,0.00,0.000000,0.000000,-0.10,1
47908,1.90,0.0,0.0,0.0,0.0000,0.0000,0.0000,0.0000,0.00,0.00,0.00,0.000000,0.000000,-0.10,1
47920,1.90,0.0,0.0,0.0,0.0000,0.0000,0.0000,0.0000,0.00,0.00,0.00,0.000000,0.000000,-0.10,1
47920,1.90,0.0,0.0,0.0,0.0000,0.0000,0.0000,0.0000,0.00,0.00,0.00,0.000000,0.000000,-0.10,1
47920,1.88,0.0,0.0,0.0,0.0000,0.0000,0.0000,0.0000,0.00,0.00,0.00,0.000000,0.000000,-0.10,1
47920,1.90,0.0,0.0,0.0,0.0000,0.0000,0.0000,0.0000,0.00,0.00,0.00,0.000000,0.000000,-0.10,1
47920,1.90,0.0,0.0,0.0,0.0000,0.0000,0.0000,0.0000,0.00,0.00,0.00,0.000000,0.000000,-0.10,1
47933,1.88,0.0,0.0,0.0,0.0000,0.0000,0.0000,0.0000,0.00,0.00,0.00,0.000000,0.000000,-0.10,1
47933,1.88,0.0,0.0,0.0,0.0000,0.0000,0.0000,0.0000,0.00,0.00,0.00,0.000000,0.000000,-0.10,1
47933,1.90,0.0,0.0,0.0,0.0000,0.0000,0.0000,0.0000,0.00,0.00,0.00,0.000000,0.000000,-0.10,1
47933,1.90,0.0,0.0,0.0,0.0000,0.0000,0.0000,0.0000,0.00,0.00,0.00,0.000000,0.000000,-0.10,1
47933,1.90,0.0,0.0,0.0,0.0000,0.0000,0.0000,0.0000,0.00,0.00,0.00,0.000000,0.000000,-0.10,1
47946,1.88,0.0,0.0,0.0,0.0000,0.0000,0.0000,0.0000,0.00,0.00,0.00,0.000000,0.000000,-0.10,1
47946,1.88,0.0,0.0,0.0,0.0000,0.0000,0.0000,0.0000,0.00,0.00,0.00,0.000000,0.000000,-0.10,1
47946,1.90,0.0,0.0,0.0,0.0000,0.0000,0.0000,0.0000,0.00,0.00,0.00,0.000000,0.000000,-0.10,1
47946,1.90,0.0,0.0,0.0,0.0000,0.0000,0.0000,0.0000,0.00,0.00,0.00,0.000000,0.000000,-0.10,1
47946,1.90,0.0,0.0,0.0,0.0000,0.0000,0.0000,0.0000,0.00,0.00,0.00,0.000000,0.000000,-0.10,1
47959,1.90,0.0,0.0,0.0,0.0000,0.0000,0.0000,0.0000,0.00,0.00,0.00,0.000000,0.000000,-0.10,1
47959,1.90,0.0,0.0,0.0,0.0000,0.0000,0.0000,0.0000,0.00,0.00,0.00,0.000000,0.000000,-0.10,1
47959,1.88,0.0,0.0,0.0,0.0000,0.0000,0.0000,0.0000,0.00,0.00,0.00,0.000000,0.000000,-0.10,1
47959,1.88,0.0,0.0,0.0,0.0000,0.0000,0.0000,0.0000,0.00,0.00,0.00,0.000000,0.000000,-0.10,1
47959,1.90,0.0,0.0,0.0,0.0000,0.0000,0.0000,0.0000,0.00,0.00,0.00,0.000000,0.000000,-0.10,1
47972,1.90,0.0,0.0,0.0,0.0000,0.0000,0.0000,0.0000,0.00,0.00,0.00,0.000000,0.000000,-0.10,1
47972,1.90,0.0,0.0,0.0,0.0000,0.0000,0.0000,0.0000,0.00,0.00,0.00,0.000000,0.000000,-0.10,1
47972,1.90,0.0,0.0,0.0,0.0000,0.0000,0.0000,0.0000,0.00,0.00,0.00,0.000000,0.000000,-0.10,1
47972,1.90,0.0,0.0,0.0,0.0000,0.0000,0.0000,0.0000,0.00,0.00,0.00,0.000000,0.000000,-0.10,1
47972,1.90,0.0,0.0,0.0,0.0000,0.0000,0.0000,0.0000,0.00,0.00,0.00,0.000000,0.000000,-0.10,1
47984,1.90,0.0,0.0,0.0,0.0000,0.0000,0.0000,0.0000,0.00,0.00,0.00,0.000000,0.000000,-0.10,1
47984,1.90,0.0,0.0,0.0,0.0000,0.0000,0.0000,0.0000,0.00,0.00,0.00,0.000000,0.000000,-0.10,1
47984,1.90,0.0,0.0,0.0,0.0000,0.0000,0.0000,0.0000,0.00,0.00,0.00,0.000000,0.000000,-0.10,1
47984,1.88,0.0,0.0,0.0,0.0000,0.0000,0.0000,0.0000,0.00,0.00,0.00,0.000000,0.000000,-0.10,1
47984,1.88,0.0,0.0,0.0,0.0000,0.0000,0.0000,0.0000,0.00,0.00,0.00,0.000000,0.000000,-0.10,1
48022,1.90,0.0,0.0,0.0,0.0000,0.0000,0.0000,0.0000,0.00,0.00,0.00,0.000000,0.000000,-0.10,1
48022,1.90,0.0,0.0,0.0,0.0000,0.0000,0.0000,0.0000,0.00,0.00,0.00,0.000000,0.000000,-0.10,1
48022,1.90,0.0,0.0,0.0,0.0000,0.0000,0.0000,0.0000,0.00,0.00,0.00,0.000000,0.000000,-0.10,1
48022,1.88,0.0,0.0,0.0,0.0000,0.0000,0.0000,0.0000,0.00,0.00,0.00,0.000000,0.000000,-0.10,1
48022,1.90,0.0,0.0,0.0,0.0000,0.0000,0.0000,0.0000,0.00,0.00,0.00,0.000000,0.000000,-0.10,1
48048,1.90,0.0,0.0,0.0,0.0000,0.0000,0.0000,0.0000,0.00,0.00,0.00,0.000000,0.000000,-0.10,1
48048,1.90,0.0,0.0,0.0,0.0000,0.0000,0.0000,0.0000,0.00,0.00,0.00,0.000000,0.000000,-0.10,1
48048,1.88,0.0,0.0,0.0,0.0000,0.0000,0.0000,0.0000,0.00,0.00,0.00,0.000000,0.000000,-0.10,1
48048,1.88,0.0,0.0,0.0,0.0000,0.0000,0.0000,0.0000,0.00,0.00,0.00,0.000000,0.000000,-0.10,1
48048,1.90,0.0,0.0,0.0,0.0000,0.0000,0.0000,0.0000,0.00,0.00,0.00,0.000000,0.000000,-0.10,1
48062,1.88,0.0,0.0,0.0,0.0000,0.0000,0.0000,0.0000,0.00,0.00,0.00,0.000000,0.000000,-0.10,1
48062,1.90,0.0,0.0,0.0,0.0000,0.0000,0.0000,0.0000,0.00,0.00,0.00,0.000000,0.000000,-0.10,1
48062,1.90,0.0,0.0,0.0,0.0000,0.0000,0.0000,0.0000,0.00,0.00,0.00,0.000000,0.000000,-0.10,1
48062,1.88,0.0,0.0,0.0,0.0000,0.0000,0.0000,0.0000,0.00,0.00,0.00,0.000000,0.000000,-0.10,1
48062,1.90,0.0,0.0,0.0,0.0000,0.0000,0.0000,0.0000,0.00,0.00,0.00,0.000000,0.000000,-0.10,1
48073,1.90,0.0,0.0,0.0,0.0000,0.0000,0.0000,0.0000,0.00,0.00,0.00,0.000000,0.000000,-0.11,1
48073,1.90,0.0,0.0,0.0,0.0000,0.0000,0.0000,0.0000,0.00,0.00,0.00,0.000000,0.000000,-0.11,1
48073,1.90,0.0,0.0,0.0,0.0000,0.0000,0.0000,0.0000,0.00,0.00,0.00,0.000000,0.000000,-0.11,1
48073,1.88,0.0,0.0,0.0,0.0000,0.0000,0.0000,0.0000,0.00,0.00,0.00,0.000000,0.000000,-0.11,1
48073,1.90,0.0,0.0,0.0,0.0000,0.0000,0.0000,0.0000,0.00,0.00,0.00,0.000000,0.000000,-0.11,1
48086,1.90,0.0,0.0,0.0,0.0000,0.0000,0.0000,0.0000,0.00,0.00,0.00,0.000000,0.000000,-0.11,1
48086,1.90,0.0,0.0,0.0,0.0000,0.0000,0.0000,0.0000,0.00,0.00,0.00,0.000000,0.000000,-0.11,1
48086,1.88,0.0,0.0,0.0,0.0000,0.0000,0.0000,0.0000,0.00,0.00,0.00,0.000000,0.000000,-0.11,1
48086,1.90,0.0,0.0,0.0,0.0000,0.0000,0.0000,0.0000,0.00,0.00,0.00,0.000000,0.000000,-0.11,1
48086,1.90,0.0,0.0,0.0,0.0000,0.0000,0.0000,0.0000,0.00,0.00,0.00,0.000000,0.000000,-0.11,1
48099,1.90,0.0,0.0,0.0,0.0000,0.0000,0.0000,0.0000,0.00,0.00,0.00,0.000000,0.000000,-0.11,1
48099,1.90,0.0,0.0,0.0,0.0000,0.0000,0.0000,0.0000,0.00,0.00,0.00,0.000000,0.000000,-0.11,1
48099,1.90,0.0,0.0,0.0,0.0000,0.0000,0.0000,0.0000,0.00,0.00,0.00,0.000000,0.000000,-0.11,1
48099,1.90,0.0,0.0,0.0,0.0000,0.0000,0.0000,0.0000,0.00,0.00,0.00,0.000000,0.000000,-0.11,1
48099,1.90,0.0,0.0,0.0,0.0000,0.0000,0.0000,0.0000,0.00,0.00,0.00,0.000000,0.000000,-0.11,1
48112,1.90,0.0,0.0,0.0,0.0000,0.0000,0.0000,0.0000,0.00,0.00,0.00,0.000000,0.000000,-0.11,1
48112,1.90,0.0,0.0,0.0,0.0000,0.0000,0.0000,0.0000,0.00,0.00,0.00,0.000000,0.000000,-0.11,1
48112,1.90,0.0,0.0,0.0,0.0000,0.0000,0.0000,0.0000,0.00,0.00,0.00,0.000000,0.000000,-0.11,1
48112,1.90,0.0,0.0,0.0,0.0000,0.0000,0.0000,0.0000,0.00,0.00,0.00,0.000000,0.000000,-0.11,1
48112,1.90,0.0,0.0,0.0,0.0000,0.0000,0.0000,0.0000,0.00,0.00,0.00,0.000000,0.000000,-0.11,1
48125,1.90,0.0,0.0,0.0,0.0000,0.0000,0.0000,0.0000,0.00,0.00,0.00,0.000000,0.000000,-0.11,1
48125,1.90,0.0,0.0,0.0,0.0000,0.0000,0.0000,0.0000,0.00,0.00,0.00,0.000000,0.000000,-0.11,1
48125,1.88,0.0,0.0,0.0,0.0000,0.0000,0.0000,0.0000,0.00,0.00,0.00,0.000000,0.000000,-0.11,1
48125,1.90,0.0,0.0,0.0,0.0000,0.0000,0.0000,0.0000,0.00,0.00,0.00,0.000000,0.000000,-0.11,1
48125,1.90,0.0,0.0,0.0,0.0000,0.0000,0.0000,0.0000,0.00,0.00,0.00,0.000000,0.000000,-0.11,1
48137,1.90,0.0,0.0,0.0,0.0000,0.0000,0.0000,0.0000,0.00,0.00,0.00,0.000000,0.000000,-0.11,1
48137,1.88,0.0,0.0,0.0,0.0000,0.0000,0.0000,0.0000,0.00,0.00,0.00,0.000000,0.000000,-0.11,1
48137,1.88,0.0,0.0,0.0,0.0000,0.0000,0.0000,0.0000,0.00,0.00,0.00,0.000000,0.000000,-0.11,1
48137,1.90,0.0,0.0,0.0,0.0000,0.0000,0.0000,0.0000,0.00,0.00,0.00,0.000000,0.000000,-0.11,1
48137,1.90,0.0,0.0,0.0,0.0000,0.0000,0.0000,0.0000,0.00,0.00,0.00,0.000000,0.000000,-0.11,1
48150,1.90,0.0,0.0,0.0,0.0000,0.0000,0.0000,0.0000,0.00,0.00,0.00,0.000000,0.000000,-0.11,1
48150,1.90,0.0,0.0,0.0,0.0000,0.0000,0.0000,0.0000,0.00,0.00,0.00,0.000000,0.000000,-0.11,1
48150,1.90,0.0,0.0,0.0,0.0000,0.0000,0.0000,0.0000,0.00,0.00,0.00,0.000000,0.000000,-0.11,1
48150,1.90,0.0,0.0,0.0,0.0000,0.0000,0.0000,0.0000,0.00,0.00,0.00,0.000000,0.000000,-0.11,1
48150,1.90,0.0,0.0,0.0,0.0000,0.0000,0.0000,0.0000,0.00,0.00,0.00,0.000000,0.000000,-0.11,1
48163,1.90,0.0,0.0,0.0,0.0000,0.0000,0.0000,0.0000,0.00,0.00,0.00,0.000000,0.000000,-0.11,1
48163,1.88,0.0,0.0,0.0,0.0000,0.0000,0.0000,0.0000,0.00,0.00,0.00,0.000000,0.000000,-0.11,1
48163,1.90,0.0,0.0,0.0,0.0000,0.0000,0.0000,0.0000,0.00,0.00,0.00,0.000000,0.000000,-0.11,1
48163,1.88,0.0,0.0,0.0,0.0000,0.0000,0.0000,0.0000,0.00,0.00,0.00,0.000000,0.000000,-0.11,1
48163,1.90,0.0,0.0,0.0,0.0000,0.0000,0.0000,0.0000,0.00,0.00,0.00,0.000000,0.000000,-0.11,1
48178,1.90,0.0,0.0,0.0,0.0000,0.0000,0.0000,0.0000,0.00,0.00,0.00,0.000000,0.000000,-0.11,1
48178,1.90,0.0,0.0,0.0,0.0000,0.0000,0.0000,0.0000,0.00,0.00,0.00,0.000000,0.000000,-0.11,1
48178,1.90,0.0,0.0,0.0,0.0000,0.0000,0.0000,0.0000,0.00,0.00,0.00,0.000000,0.000000,-0.11,1
48178,1.90,0.0,0.0,0.0,0.0000,0.0000,0.0000,0.0000,0.00,0.00,0.00,0.000000,0.000000,-0.11,1
48178,1.90,0.0,0.0,0.0,0.0000,0.0000,0.0000,0.0000,0.00,0.00,0.00,0.000000,0.000000,-0.11,1
48188,1.90,0.0,0.0,0.0,0.0000,0.0000,0.0000,0.0000,0.00,0.00,0.00,0.000000,0.000000,-0.10,1
48188,1.90,0.0,0.0,0.0,0.0000,0.0000,0.0000,0.0000,0.00,0.00,0.00,0.000000,0.000000,-0.10,1
48188,1.90,0.0,0.0,0.0,0.0000,0.0000,0.0000,0.0000,0.00,0.00,0.00,0.000000,0.000000,-0.10,1
48188,1.90,0.0,0.0,0.0,0.0000,0.0000,0.0000,0.0000,0.00,0.00,0.00,0.000000,0.000000,-0.10,1
48188,1.90,0.0,0.0,0.0,0.0000,0.0000,0.0000,0.0000,0.00,0.00,0.00,0.000000,0.000000,-0.10,1
48201,1.88,0.0,0.0,0.0,0.0000,0.0000,0.0000,0.0000,0.00,0.00,0.00,0.000000,0.000000,-0.10,1
48201,1.90,0.0,0.0,0.0,0.0000,0.0000,0.0000,0.0000,0.00,0.00,0.00,0.000000,0.000000,-0.10,1
48201,1.90,0.0,0.0,0.0,0.0000,0.0000,0.0000,0.0000,0.00,0.00,0.00,0.000000,0.000000,-0.10,1
48201,1.88,0.0,0.0,0.0,0.0000,0.0000,0.0000,0.0000,0.00,0.00,0.00,0.000000,0.000000,-0.10,1
48201,1.90,0.0,0.0,0.0,0.0000,0.0000,0.0000,0.0000,0.00,0.00,0.00,0.000000,0.000000,-0.10,1
48214,1.90,0.0,0.0,0.0,0.0000,0.0000,0.0000,0.0000,0.00,0.00,0.00,0.000000,0.000000,-0.10,1
48214,1.90,0.0,0.0,0.0,0.0000,0.0000,0.0000,0.0000,0.00,0.00,0.00,0.000000,0.000000,-0.10,1
48214,1.88,0.0,0.0,0.0,0.0000,0.0000,0.0000,0.0000,0.00,0.00,0.00,0.000000,0.000000,-0.10,1
48214,1.88,0.0,0.0,0.0,0.0000,0.0000,0.0000,0.0000,0.00,0.00,0.00,0.000000,0.000000,-0.10,1
48214,1.90,0.0,0.0,0.0,0.0000,0.0000,0.0000,0.0000,0.00,0.00,0.00,0.000000,0.000000,-0.10,1
48226,1.88,0.0,0.0,0.0,0.0000,0.0000,0.0000,0.0000,0.00,0.00,0.00,0.000000,0.000000,-0.10,1
48226,1.90,0.0,0.0,0.0,0.0000,0.0000,0.0000,0.0000,0.00,0.00,0.00,0.000000,0.000000,-0.10,1
48226,1.90,0.0,0.0,0.0,0.0000,0.0000,0.0000,0.0000,0.00,0.00,0.00,0.000000,0.000000,-0.10,1
48226,1.90,0.0,0.0,0.0,0.0000,0.0000,0.0000,0.0000,0.00,0.00,0.00,0.000000,0.000000,-0.10,1
48226,1.90,0.0,0.0,0.0,0.0000,0.0000,0.0000,0.0000,0.00,0.00,0.00,0.000000,0.000000,-0.10,1
48239,1.90,0.0,0.0,0.0,0.0000,0.0000,0.0000,0.0000,0.00,0.00,0.00,0.000000,0.000000,-0.10,1
48239,1.90,0.0,0.0,0.0,0.0000,0.0000,0.0000,0.0000,0.00,0.00,0.00,0.000000,0.000000,-0.10,1
48239,1.88,0.0,0.0,0.0,0.0000,0.0000,0.0000,0.0000,0.00,0.00,0.00,0.000000,0.000000,-0.10,1
48239,1.90,0.0,0.0,0.0,0.0000,0.0000,0.0000,0.0000,0.00,0.00,0.00,0.000000,0.000000,-0.10,1
48239,1.90,0.0,0.0,0.0,0.0000,0.0000,0.0000,0.0000,0.00,0.00,0.00,0.000000,0.000000,-0.10,1
48252,1.88,0.0,0.0,0.0,0.0000,0.0000,0.0000,0.0000,0.00,0.00,0.00,0.000000,0.000000,-0.10,1
48252,1.90,0.0,0.0,0.0,0.0000,0.0000,0.0000,0.0000,0.00,0.00,0.00,0.000000,0.000000,-0.10,1
48252,1.90,0.0,0.0,0.0,0.0000,0.0000,0.0000,0.0000,0.00,0.00,0.00,0.000000,0.000000,-0.10,1
48252,1.90,0.0,0.0,0.0,0.0000,0.0000,0.0000,0.0000,0.00,0.00,0.00,0.000000,0.000000,-0.10,1
48252,1.90,0.0,0.0,0.0,0.0000,0.0000,0.0000,0.0000,0.00,0.00,0.00,0.000000,0.000000,-0.10,1
48265,1.90,0.0,0.0,0.0,0.0000,0.0000,0.0000,0.0000,0.00,0.00,0.00,0.000000,0.000000,-0.10,1
48265,1.90,0.0,0.0,0.0,0.0000,0.0000,0.0000,0.0000,0.00,0.00,0.00,0.000000,0.000000,-0.10,1
48265,1.90,0.0,0.0,0.0,0.0000,0.0000,0.0000,0.0000,0.00,0.00,0.00,0.000000,0.000000,-0.10,1
48265,1.90,0.0,0.0,0.0,0.0000,0.0000,0.0000,0.0000,0.00,0.00,0.00,0.000000,0.000000,-0.10,1
48265,1.88,0.0,0.0,0.0,0.0000,0.0000,0.0000,0.0000,0.00,0.00,0.00,0.000000,0.000000,-0.10,1
48277,1.88,0.0,0.0,0.0,0.0000,0.0000,0.0000,0.0000,0.00,0.00,0.00,0.000000,0.000000,-0.10,1
48277,1.90,0.0,0.0,0.0,0.0000,0.0000,0.0000,0.0000,0.00,0.00,0.00,0.000000,0.000000,-0.10,1
48277,1.88,0.0,0.0,0.0,0.0000,0.0000,0.0000,0.0000,0.00,0.00,0.00,0.000000,0.000000,-0.10,1
48277,1.90,0.0,0.0,0.0,0.0000,0.0000,0.0000,0.0000,0.00,0.00,0.00,0.000000,0.000000,-0.10,1
48277,1.90,0.0,0.0,0.0,0.0000,0.0000,0.0000,0.0000,0.00,0.00,0.00,0.000000,0.000000,-0.10,1
48294,1.90,0.0,0.0,0.0,0.0000,0.0000,0.0000,0.0000,0.00,0.00,0.00,0.000000,0.000000,-0.10,1
48294,1.90,0.0,0.0,0.0,0.0000,0.0000,0.0000,0.0000,0.00,0.00,0.00,0.000000,0.000000,-0.10,1
48294,1.90,0.0,0.0,0.0,0.0000,0.0000,0.0000,0.0000,0.00,0.00,0.00,0.000000,0.000000,-0.10,1
48294,1.88,0.0,0.0,0.0,0.0000,0.0000,0.0000,0.0000,0.00,0.00,0.00,0.000000,0.000000,-0.10,1
48294,1.90,0.0,0.0,0.0,0.0000,0.0000,0.0000,0.0000,0.00,0.00,0.00,0.000000,0.000000,-0.10,1
48303,1.90,0.0,0.0,0.0,0.0000,0.0000,0.0000,0.0000,0.00,0.00,0.00,0.000000,0.000000,-0.10,1
48303,1.90,0.0,0.0,0.0,0.0000,0.0000,0.0000,0.0000,0.00,0.00,0.00,0.000000,0.000000,-0.10,1
48303,1.88,0.0,0.0,0.0,0.0000,0.0000,0.0000,0.0000,0.00,0.00,0.00,0.000000,0.000000,-0.10,1
48303,1.90,0.0,0.0,0.0,0.0000,0.0000,0.0000,0.0000,0.00,0.00,0.00,0.000000,0.000000,-0.10,1
48303,1.90,0.0,0.0,0.0,0.0000,0.0000,0.0000,0.0000,0.00,0.00,0.00,0.000000,0.000000,-0.10,1
48316,1.90,0.0,0.0,0.0,0.0000,0.0000,0.0000,0.0000,0.00,0.00,0.00,0.000000,0.000000,-0.10,1
48316,1.88,0.0,0.0,0.0,0.0000,0.0000,0.0000,0.0000,0.00,0.00,0.00,0.000000,0.000000,-0.10,1
48316,1.90,0.0,0.0,0.0,0.0000,0.0000,0.0000,0.0000,0.00,0.00,0.00,0.000000,0.000000,-0.10,1
48316,1.90,0.0,0.0,0.0,0.0000,0.0000,0.0000,0.0000,0.00,0.00,0.00,0.000000,0.000000,-0.10,1
48316,1.90,0.0,0.0,0.0,0.0000,0.0000,0.0000,0.0000,0.00,0.00,0.00,0.000000,0.000000,-0.10,1
48328,1.90,0.0,0.0,0.0,0.0000,0.0000,0.0000,0.0000,0.00,0.00,0.00,0.000000,0.000000,-0.10,1
48328,1.88,0.0,0.0,0.0,0.0000,0.0000,0.0000,0.0000,0.00,0.00,0.00,0.000000,0.000000,-0.10,1
48328,1.90,0.0,0.0,0.0,0.0000,0.0000,0.0000,0.0000,0.00,0.00,0.00,0.000000,0.000000,-0.10,1
48328,1.90,0.0,0.0,0.0,0.0000,0.0000,0.0000,0.0000,0.00,0.00,0.00,0.000000,0.000000,-0.10,1
48328,1.90,0.0,0.0,0.0,0.0000,0.0000,0.0000,0.0000,0.00,0.00,0.00,0.000000,0.000000,-0.10,1
48341,1.88,0.0,0.0,0.0,0.0000,0.0000,0.0000,0.0000,0.00,0.00,0.00,0.000000,0.000000,-0.10,1
48341,1.90,0.0,0.0,0.0,0.0000,0.0000,0.0000,0.0000,0.00,0.00,0.00,0.000000,0.000000,-0.10,1
48341,1.90,0.0,0.0,0.0,0.0000,0.0000,0.0000,0.0000,0.00,0.00,0.00,0.000000,0.000000,-0.10,1
48341,1.90,0.0,0.0,0.0,0.0000,0.0000,0.0000,0.0000,0.00,0.00,0.00,0.000000,0.000000,-0.10,1
48341,1.88,0.0,0.0,0.0,0.0000,0.0000,0.0000,0.0000,0.00,0.00,0.00,0.000000,0.000000,-0.10,1
48354,1.88,0.0,0.0,0.0,0.0000,0.0000,0.0000,0.0000,0.00,0.00,0.00,0.000000,0.000000,-0.10,1
48354,1.90,0.0,0.0,0.0,0.0000,0.0000,0.0000,0.0000,0.00,0.00,0.00,0.000000,0.000000,-0.10,1
48354,1.88,0.0,0.0,0.0,0.0000,0.0000,0.0000,0.0000,0.00,0.00,0.00,0.000000,0.000000,-0.10,1
48354,1.90,0.0,0.0,0.0,0.0000,0.0000,0.0000,0.0000,0.00,0.00,0.00,0.000000,0.000000,-0.10,1
48354,1.88,0.0,0.0,0.0,0.0000,0.0000,0.0000,0.0000,0.00,0.00,0.00,0.000000,0.000000,-0.10,1
48367,1.90,0.0,0.0,0.0,0.0000,0.0000,0.0000,0.0000,0.00,0.00,0.00,0.000000,0.000000,-0.10,1
48367,1.88,0.0,0.0,0.0,0.0000,0.0000,0.0000,0.0000,0.00,0.00,0.00,0.000000,0.000000,-0.10,1
48367,1.90,0.0,0.0,0.0,0.0000,0.0000,0.0000,0.0000,0.00,0.00,0.00,0.000000,0.000000,-0.10,1
48367,1.88,0.0,0.0,0.0,0.0000,0.0000,0.0000,0.0000,0.00,0.00,0.00,0.000000,0.000000,-0.10,1
48367,1.90,0.0,0.0,0.0,0.0000,0.0000,0.0000,0.0000,0.00,0.00,0.00,0.000000,0.000000,-0.10,1
48380,1.90,0.0,0.0,0.0,0.0000,0.0000,0.0000,0.0000,0.00,0.00,0.00,0.000000,0.000000,-0.10,1
48380,1.90,0.0,0.0,0.0,0.0000,0.0000,0.0000,0.0000,0.00,0.00,0.00,0.000000,0.000000,-0.10,1
48392,1.90,0.0,0.0,0.0,0.0000,0.0000,0.0000,0.0000,0.00,0.00,0.00,0.000000,0.000000,-0.10,1
48392,1.90,0.0,0.0,0.0,0.0000,0.0000,0.0000,0.0000,0.00,0.00,0.00,0.000000,0.000000,-0.10,1
48392,1.88,0.0,0.0,0.0,0.0000,0.0000,0.0000,0.0000,0.00,0.00,0.00,0.000000,0.000000,-0.10,1
48392,1.90,0.0,0.0,0.0,0.0000,0.0000,0.0000,0.0000,0.00,0.00,0.00,0.000000,0.000000,-0.10,1
48392,1.88,0.0,0.0,0.0,0.0000,0.0000,0.0000,0.0000,0.00,0.00,0.00,0.000000,0.000000,-0.10,1
48410,1.90,0.0,0.0,0.0,0.0000,0.0000,0.0000,0.0000,0.00,0.00,0.00,0.000000,0.000000,-0.10,1
48443,1.90,0.0,0.0,0.0,0.0000,0.0000,0.0000,0.0000,0.00,0.00,0.00,0.000000,0.000000,-0.10,1
48443,1.90,0.0,0.0,0.0,0.0000,0.0000,0.0000,0.0000,0.00,0.00,0.00,0.000000,0.000000,-0.10,1
48443,1.90,0.0,0.0,0.0,0.0000,0.0000,0.0000,0.0000,0.00,0.00,0.00,0.000000,0.000000,-0.10,1
48443,1.90,0.0,0.0,0.0,0.0000,0.0000,0.0000,0.0000,0.00,0.00,0.00,0.000000,0.000000,-0.10,1
48443,1.90,0.0,0.0,0.0,0.0000,0.0000,0.0000,0.0000,0.00,0.00,0.00,0.000000,0.000000,-0.10,1
48456,1.90,0.0,0.0,0.0,0.0000,0.0000,0.0000,0.0000,0.00,0.00,0.00,0.000000,0.000000,-0.10,1
48456,1.90,0.0,0.0,0.0,0.0000,0.0000,0.0000,0.0000,0.00,0.00,0.00,0.000000,0.000000,-0.10,1
48456,1.90,0.0,0.0,0.0,0.0000,0.0000,0.0000,0.0000,0.00,0.00,0.00,0.000000,0.000000,-0.10,1
48456,1.90,0.0,0.0,0.0,0.0000,0.0000,0.0000,0.0000,0.00,0.00,0.00,0.000000,0.000000,-0.10,1
48456,1.90,0.0,0.0,0.0,0.0000,0.0000,0.0000,0.0000,0.00,0.00,0.00,0.000000,0.000000,-0.10,1
48469,1.90,0.0,0.0,0.0,0.0000,0.0000,0.0000,0.0000,0.00,0.00,0.00,0.000000,0.000000,-0.11,1
48469,1.90,0.0,0.0,0.0,0.0000,0.0000,0.0000,0.0000,0.00,0.00,0.00,0.000000,0.000000,-0.11,1
48469,1.90,0.0,0.0,0.0,0.0000,0.0000,0.0000,0.0000,0.00,0.00,0.00,0.000000,0.000000,-0.11,1
48469,1.90,0.0,0.0,0.0,0.0000,0.0000,0.0000,0.0000,0.00,0.00,0.00,0.000000,0.000000,-0.11,1
48469,1.90,0.0,0.0,0.0,0.0000,0.0000,0.0000,0.0000,0.00,0.00,0.00,0.000000,0.000000,-0.11,1
48481,1.90,0.0,0.0,0.0,0.0000,0.0000,0.0000,0.0000,0.00,0.00,0.00,0.000000,0.000000,-0.11,1
48481,1.88,0.0,0.0,0.0,0.0000,0.0000,0.0000,0.0000,0.00,0.00,0.00,0.000000,0.000000,-0.11,1
48481,1.88,0.0,0.0,0.0,0.0000,0.0000,0.0000,0.0000,0.00,0.00,0.00,0.000000,0.000000,-0.11,1
48481,1.90,0.0,0.0,0.0,0.0000,0.0000,0.0000,0.0000,0.00,0.00,0.00,0.000000,0.000000,-0.11,1
48481,1.90,0.0,0.0,0.0,0.0000,0.0000,0.0000,0.0000,0.00,0.00,0.00,0.000000,0.000000,-0.11,1
48494,1.90,0.0,0.0,0.0,0.0000,0.0000,0.0000,0.0000,0.00,0.00,0.00,0.000000,0.000000,-0.11,1
48494,1.90,0.0,0.0,0.0,0.0000,0.0000,0.0000,0.0000,0.00,0.00,0.00,0.000000,0.000000,-0.11,1
48494,1.90,0.0,0.0,0.0,0.0000,0.0000,0.0000,0.0000,0.00,0.00,0.00,0.000000,0.000000,-0.11,1
48494,1.90,0.0,0.0,0.0,0.0000,0.0000,0.0000,0.0000,0.00,0.00,0.00,0.000000,0.000000,-0.11,1
48494,1.90,0.0,0.0,0.0,0.0000,0.0000,0.0000,0.0000,0.00,0.00,0.00,0.000000,0.000000,-0.11,1
48507,1.90,0.0,0.0,0.0,0.0000,0.0000,0.0000,0.0000,0.00,0.00,0.00,0.000000,0.000000,-0.11,1
48507,1.90,0.0,0.0,0.0,0.0000,0.0000,0.0000,0.0000,0.00,0.00,0.00,0.000000,0.000000,-0.11,1
48507,1.90,0.0,0.0,0.0,0.0000,0.0000,0.0000,0.0000,0.00,0.00,0.00,0.000000,0.000000,-0.11,1
48507,1.88,0.0,0.0,0.0,0.0000,0.0000,0.0000,0.0000,0.00,0.00,0.00,0.000000,0.000000,-0.11,1
48507,1.90,0.0,0.0,0.0,0.0000,0.0000,0.0000,0.0000,0.00,0.00,0.00,0.000000,0.000000,-0.11,1
48527,1.90,0.0,0.0,0.0,0.0000,0.0000,0.0000,0.0000,0.00,0.00,0.00,0.000000,0.000000,-0.11,1
48527,1.90,0.0,0.0,0.0,0.0000,0.0000,0.0000,0.0000,0.00,0.00,0.00,0.000000,0.000000,-0.11,1
48527,1.90,0.0,0.0,0.0,0.0000,0.0000,0.0000,0.0000,0.00,0.00,0.00,0.000000,0.000000,-0.11,1
48527,1.90,0.0,0.0,0.0,0.0000,0.0000,0.0000,0.0000,0.00,0.00,0.00,0.000000,0.000000,-0.11,1
48527,1.90,0.0,0.0,0.0,0.0000,0.0000,0.0000,0.0000,0.00,0.00,0.00,0.000000,0.000000,-0.11,1
48532,1.90,0.0,0.0,0.0,0.0000,0.0000,0.0000,0.0000,0.00,0.00,0.00,0.000000,0.000000,-0.11,1
48532,1.90,0.0,0.0,0.0,0.0000,0.0000,0.0000,0.0000,0.00,0.00,0.00,0.000000,0.000000,-0.11,1
48532,1.90,0.0,0.0,0.0,0.0000,0.0000,0.0000,0.0000,0.00,0.00,0.00,0.000000,0.000000,-0.11,1
48532,1.90,0.0,0.0,0.0,0.0000,0.0000,0.0000,0.0000,0.00,0.00,0.00,0.000000,0.000000,-0.11,1
48532,1.88,0.0,0.0,0.0,0.0000,0.0000,0.0000,0.0000,0.00,0.00,0.00,0.000000,0.000000,-0.11,1
48545,1.90,0.0,0.0,0.0,0.0000,0.0000,0.0000,0.0000,0.00,0.00,0.00,0.000000,0.000000,-0.11,1
48545,1.88,0.0,0.0,0.0,0.0000,0.0000,0.0000,0.0000,0.00,0.00,0.00,0.000000,0.000000,-0.11,1
48545,1.88,0.0,0.0,0.0,0.0000,0.0000,0.0000,0.0000,0.00,0.00,0.00,0.000000,0.000000,-0.11,1
48545,1.90,0.0,0.0,0.0,0.0000,0.0000,0.0000,0.0000,0.00,0.00,0.00,0.000000,0.000000,-0.11,1
48545,1.90,0.0,0.0,0.0,0.0000,0.0000,0.0000,0.0000,0.00,0.00,0.00,0.000000,0.000000,-0.11,1
48558,1.88,0.0,0.0,0.0,0.0000,0.0000,0.0000,0.0000,0.00,0.00,0.00,0.000000,0.000000,-0.11,1
48558,1.90,0.0,0.0,0.0,0.0000,0.0000,0.0000,0.0000,0.00,0.00,0.00,0.000000,0.000000,-0.11,1
48558,1.90,0.0,0.0,0.0,0.0000,0.0000,0.0000,0.0000,0.00,0.00,0.00,0.000000,0.000000,-0.11,1
48558,1.90,0.0,0.0,0.0,0.0000,0.0000,0.0000,0.0000,0.00,0.00,0.00,0.000000,0.000000,-0.11,1
48571,1.90,0.0,0.0,0.0,0.0000,0.0000,0.0000,0.0000,0.00,0.00,0.00,0.000000,0.000000,-0.11,1
48571,1.90,0.0,0.0,0.0,0.0000,0.0000,0.0000,0.0000,0.00,0.00,0.00,0.000000,0.000000,-0.11,1
48571,1.90,0.0,0.0,0.0,0.0000,0.0000,0.0000,0.0000,0.00,0.00,0.00,0.000000,0.000000,-0.11,1
48571,1.90,0.0,0.0,0.0,0.0000,0.0000,0.0000,0.0000,0.00,0.00,0.00,0.000000,0.000000,-0.11,1
48571,1.88,0.0,0.0,0.0,0.0000,0.0000,0.0000,0.0000,0.00,0.00,0.00,0.000000,0.000000,-0.11,1
48585,1.90,0.0,0.0,0.0,0.0000,0.0000,0.0000,0.0000,0.00,0.00,0.00,0.000000,0.000000,-0.11,1
48585,1.90,0.0,0.0,0.0,0.0000,0.0000,0.0000,0.0000,0.00,0.00,0.00,0.000000,0.000000,-0.11,1
48585,1.90,0.0,0.0,0.0,0.0000,0.0000,0.0000,0.0000,0.00,0.00,0.00,0.000000,0.000000,-0.11,1
48585,1.88,0.0,0.0,0.0,0.0000,0.0000,0.0000,0.0000,0.00,0.00,0.00,0.000000,0.000000,-0.11,1
48585,1.90,0.0,0.0,0.0,0.0000,0.0000,0.0000,0.0000,0.00,0.00,0.00,0.000000,0.000000,-0.11,1
48596,1.88,0.0,0.0,0.0,0.0000,0.0000,0.0000,0.0000,0.00,0.00,0.00,0.000000,0.000000,-0.11,1
48596,1.88,0.0,0.0,0.0,0.0000,0.0000,0.0000,0.0000,0.00,0.00,0.00,0.000000,0.000000,-0.11,1
48596,1.90,0.0,0.0,0.0,0.0000,0.0000,0.0000,0.0000,0.00,0.00,0.00,0.000000,0.000000,-0.11,1
48596,1.90,0.0,0.0,0.0,0.0000,0.0000,0.0000,0.0000,0.00,0.00,0.00,0.000000,0.000000,-0.11,1
48596,1.88,0.0,0.0,0.0,0.0000,0.0000,0.0000,0.0000,0.00,0.00,0.00,0.000000,0.000000,-0.11,1
48609,1.88,0.0,0.0,0.0,0.0000,0.0000,0.0000,0.0000,0.00,0.00,0.00,0.000000,0.000000,-0.11,1
48609,1.90,0.0,0.0,0.0,0.0000,0.0000,0.0000,0.0000,0.00,0.00,0.00,0.000000,0.000000,-0.11,1
48609,1.88,0.0,0.0,0.0,0.0000,0.0000,0.0000,0.0000,0.00,0.00,0.00,0.000000,0.000000,-0.11,1
48609,1.90,0.0,0.0,0.0,0.0000,0.0000,0.0000,0.0000,0.00,0.00,0.00,0.000000,0.000000,-0.11,1
48609,1.90,0.0,0.0,0.0,0.0000,0.0000,0.0000,0.0000,0.00,0.00,0.00,0.000000,0.000000,-0.11,1
48622,1.90,0.0,0.0,0.0,0.0000,0.0000,0.0000,0.0000,0.00,0.00,0.00,0.000000,0.000000,-0.11,1
48622,1.88,0.0,0.0,0.0,0.0000,0.0000,0.0000,0.0000,0.00,0.00,0.00,0.000000,0.000000,-0.11,1
48622,1.90,0.0,0.0,0.0,0.0000,0.0000,0.0000,0.0000,0.00,0.00,0.00,0.000000,0.000000,-0.11,1
48622,1.90,0.0,0.0,0.0,0.0000,0.0000,0.0000,0.0000,0.00,0.00,0.00,0.000000,0.000000,-0.11,1
48622,1.90,0.0,0.0,0.0,0.0000,0.0000,0.0000,0.0000,0.00,0.00,0.00,0.000000,0.000000,-0.11,1
48634,1.90,0.0,0.0,0.0,0.0000,0.0000,0.0000,0.0000,0.00,0.00,0.00,0.000000,0.000000,-0.11,1
48634,1.90,0.0,0.0,0.0,0.0000,0.0000,0.0000,0.0000,0.00,0.00,0.00,0.000000,0.000000,-0.11,1
48634,1.90,0.0,0.0,0.0,0.0000,0.0000,0.0000,0.0000,0.00,0.00,0.00,0.000000,0.000000,-0.11,1
48634,1.90,0.0,0.0,0.0,0.0000,0.0000,0.0000,0.0000,0.00,0.00,0.00,0.000000,0.000000,-0.11,1
48634,1.90,0.0,0.0,0.0,0.0000,0.0000,0.0000,0.0000,0.00,0.00,0.00,0.000000,0.000000,-0.11,1
48647,1.90,0.0,0.0,0.0,0.0000,0.0000,0.0000,0.0000,0.00,0.00,0.00,0.000000,0.000000,-0.10,1
48647,1.90,0.0,0.0,0.0,0.0000,0.0000,0.0000,0.0000,0.00,0.00,0.00,0.000000,0.000000,-0.10,1
48647,1.88,0.0,0.0,0.0,0.0000,0.0000,0.0000,0.0000,0.00,0.00,0.00,0.000000,0.000000,-0.10,1
48647,1.88,0.0,0.0,0.0,0.0000,0.0000,0.0000,0.0000,0.00,0.00,0.00,0.000000,0.000000,-0.10,1
48647,1.90,0.0,0.0,0.0,0.0000,0.0000,0.0000,0.0000,0.00,0.00,0.00,0.000000,0.000000,-0.10,1
48660,1.90,0.0,0.0,0.0,0.0000,0.0000,0.0000,0.0000,0.00,0.00,0.00,0.000000,0.000000,-0.10,1
48660,1.90,0.0,0.0,0.0,0.0000,0.0000,0.0000,0.0000,0.00,0.00,0.00,0.000000,0.000000,-0.10,1
48660,1.90,0.0,0.0,0.0,0.0000,0.0000,0.0000,0.0000,0.00,0.00,0.00,0.000000,0.000000,-0.10,1
48660,1.90,0.0,0.0,0.0,0.0000,0.0000,0.0000,0.0000,0.00,0.00,0.00,0.000000,0.000000,-0.10,1
48660,1.90,0.0,0.0,0.0,0.0000,0.0000,0.0000,0.0000,0.00,0.00,0.00,0.000000,0.000000,-0.10,1
48673,1.90,0.0,0.0,0.0,0.0000,0.0000,0.0000,0.0000,0.00,0.00,0.00,0.000000,0.000000,-0.10,1
48673,1.90,0.0,0.0,0.0,0.0000,0.0000,0.0000,0.0000,0.00,0.00,0.00,0.000000,0.000000,-0.10,1
48673,1.88,0.0,0.0,0.0,0.0000,0.0000,0.0000,0.0000,0.00,0.00,0.00,0.000000,0.000000,-0.10,1
48673,1.88,0.0,0.0,0.0,0.0000,0.0000,0.0000,0.0000,0.00,0.00,0.00,0.000000,0.000000,-0.10,1
48673,1.88,0.0,0.0,0.0,0.0000,0.0000,0.0000,0.0000,0.00,0.00,0.00,0.000000,0.000000,-0.10,1
48685,1.90,0.0,0.0,0.0,0.0000,0.0000,0.0000,0.0000,0.00,0.00,0.00,0.000000,0.000000,-0.10,1
48685,1.90,0.0,0.0,0.0,0.0000,0.0000,0.0000,0.0000,0.00,0.00,0.00,0.000000,0.000000,-0.10,1
48685,1.88,0.0,0.0,0.0,0.0000,0.0000,0.0000,0.0000,0.00,0.00,0.00,0.000000,0.000000,-0.10,1
48685,1.88,0.0,0.0,0.0,0.0000,0.0000,0.0000,0.0000,0.00,0.00,0.00,0.000000,0.000000,-0.10,1
48685,1.90,0.0,0.0,0.0,0.0000,0.0000,0.0000,0.0000,0.00,0.00,0.00,0.000000,0.000000,-0.10,1
48702,1.88,0.0,0.0,0.0,0.0000,0.0000,0.0000,0.0000,0.00,0.00,0.00,0.000000,0.000000,-0.10,1
48702,1.90,0.0,0.0,0.0,0.0000,0.0000,0.0000,0.0000,0.00,0.00,0.00,0.000000,0.000000,-0.10,1
48702,1.90,0.0,0.0,0.0,0.0000,0.0000,0.0000,0.0000,0.00,0.00,0.00,0.000000,0.000000,-0.10,1
48702,1.88,0.0,0.0,0.0,0.0000,0.0000,0.0000,0.0000,0.00,0.00,0.00,0.000000,0.000000,-0.10,1
48702,1.88,0.0,0.0,0.0,0.0000,0.0000,0.0000,0.0000,0.00,0.00,0.00,0.000000,0.000000,-0.10,1
48711,1.90,0.0,0.0,0.0,0.0000,0.0000,0.0000,0.0000,0.00,0.00,0.00,0.000000,0.000000,-0.11,1
48711,1.88,0.0,0.0,0.0,0.0000,0.0000,0.0000,0.0000,0.00,0.00,0.00,0.000000,0.000000,-0.11,1
48711,1.90,0.0,0.0,0.0,0.0000,0.0000,0.0000,0.0000,0.00,0.00,0.00,0.000000,0.000000,-0.11,1
48711,1.90,0.0,0.0,0.0,0.0000,0.0000,0.0000,0.0000,0.00,0.00,0.00,0.000000,0.000000,-0.11,1
48711,1.90,0.0,0.0,0.0,0.0000,0.0000,0.0000,0.0000,0.00,0.00,0.00,0.000000,0.000000,-0.11,1
48724,1.90,0.0,0.0,0.0,0.0000,0.0000,0.0000,0.0000,0.00,0.00,0.00,0.000000,0.000000,-0.11,1
48724,1.90,0.0,0.0,0.0,0.0000,0.0000,0.0000,0.0000,0.00,0.00,0.00,0.000000,0.000000,-0.11,1
48724,1.88,0.0,0.0,0.0,0.0000,0.0000,0.0000,0.0000,0.00,0.00,0.00,0.000000,0.000000,-0.11,1
48724,1.88,0.0,0.0,0.0,0.0000,0.0000,0.0000,0.0000,0.00,0.00,0.00,0.000000,0.000000,-0.11,1
48724,1.90,0.0,0.0,0.0,0.0000,0.0000,0.0000,0.0000,0.00,0.00,0.00,0.000000,0.000000,-0.11,1
48736,1.90,0.0,0.0,0.0,0.0000,0.0000,0.0000,0.0000,0.00,0.00,0.00,0.000000,0.000000,-0.11,1
48736,1.90,0.0,0.0,0.0,0.0000,0.0000,0.0000,0.0000,0.00,0.00,0.00,0.000000,0.000000,-0.11,1
48736,1.90,0.0,0.0,0.0,0.0000,0.0000,0.0000,0.0000,0.00,0.00,0.00,0.000000,0.000000,-0.11,1
48736,1.90,0.0,0.0,0.0,0.0000,0.0000,0.0000,0.0000,0.00,0.00,0.00,0.000000,0.000000,-0.11,1
48736,1.90,0.0,0.0,0.0,0.0000,0.0000,0.0000,0.0000,0.00,0.00,0.00,0.000000,0.000000,-0.11,1
48749,1.90,0.0,0.0,0.0,0.0000,0.0000,0.0000,0.0000,0.00,0.00,0.00,0.000000,0.000000,-0.11,1
48749,1.90,0.0,0.0,0.0,0.0000,0.0000,0.0000,0.0000,0.00,0.00,0.00,0.000000,0.000000,-0.11,1
48749,1.90,0.0,0.0,0.0,0.0000,0.0000,0.0000,0.0000,0.00,0.00,0.00,0.000000,0.000000,-0.11,1
48749,1.90,0.0,0.0,0.0,0.0000,0.0000,0.0000,0.0000,0.00,0.00,0.00,0.000000,0.000000,-0.11,1
48749,1.88,0.0,0.0,0.0,0.0000,0.0000,0.0000,0.0000,0.00,0.00,0.00,0.000000,0.000000,-0.11,1
48762,1.90,0.0,0.0,0.0,0.0000,0.0000,0.0000,0.0000,0.00,0.00,0.00,0.000000,0.000000,-0.11,1
48762,1.88,0.0,0.0,0.0,0.0000,0.0000,0.0000,0.0000,0.00,0.00,0.00,0.000000,0.000000,-0.11,1
48762,1.90,0.0,0.0,0.0,0.0000,0.0000,0.0000,0.0000,0.00,0.00,0.00,0.000000,0.000000,-0.11,1
48762,1.88,0.0,0.0,0.0,0.0000,0.0000,0.0000,0.0000,0.00,0.00,0.00,0.000000,0.000000,-0.11,1
48762,1.90,0.0,0.0,0.0,0.0000,0.0000,0.0000,0.0000,0.00,0.00,0.00,0.000000,0.000000,-0.11,1
48775,1.90,0.0,0.0,0.0,0.0000,0.0000,0.0000,0.0000,0.00,0.00,0.00,0.000000,0.000000,-0.11,1
48775,1.90,0.0,0.0,0.0,0.0000,0.0000,0.0000,0.0000,0.00,0.00,0.00,0.000000,0.000000,-0.11,1
48775,1.90,0.0,0.0,0.0,0.0000,0.0000,0.0000,0.0000,0.00,0.00,0.00,0.000000,0.000000,-0.11,1
48775,1.90,0.0,0.0,0.0,0.0000,0.0000,0.0000,0.0000,0.00,0.00,0.00,0.000000,0.000000,-0.11,1
48775,1.90,0.0,0.0,0.0,0.0000,0.0000,0.0000,0.0000,0.00,0.00,0.00,0.000000,0.000000,-0.11,1
48787,1.90,0.0,0.0,0.0,0.0000,0.0000,0.0000,0.0000,0.00,0.00,0.00,0.000000,0.000000,-0.11,1
48787,1.90,0.0,0.0,0.0,0.0000,0.0000,0.0000,0.0000,0.00,0.00,0.00,0.000000,0.000000,-0.11,1
48787,1.90,0.0,0.0,0.0,0.0000,0.0000,0.0000,0.0000,0.00,0.00,0.00,0.000000,0.000000,-0.11,1
48787,1.88,0.0,0.0,0.0,0.0000,0.0000,0.0000,0.0000,0.00,0.00,0.00,0.000000,0.000000,-0.11,1
48787,1.90,0.0,0.0,0.0,0.0000,0.0000,0.0000,0.0000,0.00,0.00,0.00,0.000000,0.000000,-0.11,1
48800,1.88,0.0,0.0,0.0,0.0000,0.0000,0.0000,0.0000,0.00,0.00,0.00,0.000000,0.000000,-0.11,1
48800,1.90,0.0,0.0,0.0,0.0000,0.0000,0.0000,0.0000,0.00,0.00,0.00,0.000000,0.000000,-0.11,1
48800,1.90,0.0,0.0,0.0,0.0000,0.0000,0.0000,0.0000,0.00,0.00,0.00,0.000000,0.000000,-0.11,1
48800,1.90,0.0,0.0,0.0,0.0000,0.0000,0.0000,0.0000,0.00,0.00,0.00,0.000000,0.000000,-0.11,1
48800,1.88,0.0,0.0,0.0,0.0000,0.0000,0.0000,0.0000,0.00,0.00,0.00,0.000000,0.000000,-0.11,1
48819,1.90,0.0,0.0,0.0,0.0000,0.0000,0.0000,0.0000,0.00,0.00,0.00,0.000000,0.000000,-0.11,1
48819,1.90,0.0,0.0,0.0,0.0000,0.0000,0.0000,0.0000,0.00,0.00,0.00,0.000000,0.000000,-0.11,1
48819,1.90,0.0,0.0,0.0,0.0000,0.0000,0.0000,0.0000,0.00,0.00,0.00,0.000000,0.000000,-0.11,1
48819,1.90,0.0,0.0,0.0,0.0000,0.0000,0.0000,0.0000,0.00,0.00,0.00,0.000000,0.000000,-0.11,1
48819,1.90,0.0,0.0,0.0,0.0000,0.0000,0.0000,0.0000,0.00,0.00,0.00,0.000000,0.000000,-0.11,1
48826,1.90,0.0,0.0,0.0,0.0000,0.0000,0.0000,0.0000,0.00,0.00,0.00,0.000000,0.000000,-0.10,1
48826,1.90,0.0,0.0,0.0,0.0000,0.0000,0.0000,0.0000,0.00,0.00,0.00,0.000000,0.000000,-0.10,1
48826,1.90,0.0,0.0,0.0,0.0000,0.0000,0.0000,0.0000,0.00,0.00,0.00,0.000000,0.000000,-0.10,1
48826,1.90,0.0,0.0,0.0,0.0000,0.0000,0.0000,0.0000,0.00,0.00,0.00,0.000000,0.000000,-0.10,1
48826,1.90,0.0,0.0,0.0,0.0000,0.0000,0.0000,0.0000,0.00,0.00,0.00,0.000000,0.000000,-0.10,1
48838,1.90,0.0,0.0,0.0,0.0000,0.0000,0.0000,0.0000,0.00,0.00,0.00,0.000000,0.000000,-0.10,1
48838,1.90,0.0,0.0,0.0,0.0000,0.0000,0.0000,0.0000,0.00,0.00,0.00,0.000000,0.000000,-0.10,1
48838,1.90,0.0,0.0,0.0,0.0000,0.0000,0.0000,0.0000,0.00,0.00,0.00,0.000000,0.000000,-0.10,1
48838,1.88,0.0,0.0,0.0,0.0000,0.0000,0.0000,0.0000,0.00,0.00,0.00,0.000000,0.000000,-0.10,1
48838,1.90,0.0,0.0,0.0,0.0000,0.0000,0.0000,0.0000,0.00,0.00,0.00,0.000000,0.000000,-0.10,1
48851,1.88,0.0,0.0,0.0,0.0000,0.0000,0.0000,0.0000,0.00,0.00,0.00,0.000000,0.000000,-0.10,1
48851,1.90,0.0,0.0,0.0,0.0000,0.0000,0.0000,0.0000,0.00,0.00,0.00,0.000000,0.000000,-0.10,1
48851,1.88,0.0,0.0,0.0,0.0000,0.0000,0.0000,0.0000,0.00,0.00,0.00,0.000000,0.000000,-0.10,1
48851,1.90,0.0,0.0,0.0,0.0000,0.0000,0.0000,0.0000,0.00,0.00,0.00,0.000000,0.000000,-0.10,1
48851,1.90,0.0,0.0,0.0,0.0000,0.0000,0.0000,0.0000,0.00,0.00,0.00,0.000000,0.000000,-0.10,1
48864,1.90,0.0,0.0,0.0,0.0000,0.0000,0.0000,0.0000,0.00,0.00,0.00,0.000000,0.000000,-0.10,1
48864,1.90,0.0,0.0,0.0,0.0000,0.0000,0.0000,0.0000,0.00,0.00,0.00,0.000000,0.000000,-0.10,1
48864,1.90,0.0,0.0,0.0,0.0000,0.0000,0.0000,0.0000,0.00,0.00,0.00,0.000000,0.000000,-0.10,1
48864,1.90,0.0,0.0,0.0,0.0000,0.0000,0.0000,0.0000,0.00,0.00,0.00,0.000000,0.000000,-0.10,1
48864,1.90,0.0,0.0,0.0,0.0000,0.0000,0.0000,0.0000,0.00,0.00,0.00,0.000000,0.000000,-0.10,1
48878,1.90,0.0,0.0,0.0,0.0000,0.0000,0.0000,0.0000,0.00,0.00,0.00,0.000000,0.000000,-0.10,1
48878,1.90,0.0,0.0,0.0,0.0000,0.0000,0.0000,0.0000,0.00,0.00,0.00,0.000000,0.000000,-0.10,1
48878,1.90,0.0,0.0,0.0,0.0000,0.0000,0.0000,0.0000,0.00,0.00,0.00,0.000000,0.000000,-0.10,1
48878,1.90,0.0,0.0,0.0,0.0000,0.0000,0.0000,0.0000,0.00,0.00,0.00,0.000000,0.000000,-0.10,1
48878,1.90,0.0,0.0,0.0,0.0000,0.0000,0.0000,0.0000,0.00,0.00,0.00,0.000000,0.000000,-0.10,1
48889,1.88,0.0,0.0,0.0,0.0000,0.0000,0.0000,0.0000,0.00,0.00,0.00,0.000000,0.000000,-0.11,1
48889,1.90,0.0,0.0,0.0,0.0000,0.0000,0.0000,0.0000,0.00,0.00,0.00,0.000000,0.000000,-0.11,1
48889,1.90,0.0,0.0,0.0,0.0000,0.0000,0.0000,0.0000,0.00,0.00,0.00,0.000000,0.000000,-0.11,1
48889,1.88,0.0,0.0,0.0,0.0000,0.0000,0.0000,0.0000,0.00,0.00,0.00,0.000000,0.000000,-0.11,1
48889,1.90,0.0,0.0,0.0,0.0000,0.0000,0.0000,0.0000,0.00,0.00,0.00,0.000000,0.000000,-0.11,1
48902,1.90,0.0,0.0,0.0,0.0000,0.0000,0.0000,0.0000,0.00,0.00,0.00,0.000000,0.000000,-0.11,1
48902,1.90,0.0,0.0,0.0,0.0000,0.0000,0.0000,0.0000,0.00,0.00,0.00,0.000000,0.000000,-0.11,1
48902,1.90,0.0,0.0,0.0,0.0000,0.0000,0.0000,0.0000,0.00,0.00,0.00,0.000000,0.000000,-0.11,1
48902,1.90,0.0,0.0,0.0,0.0000,0.0000,0.0000,0.0000,0.00,0.00,0.00,0.000000,0.000000,-0.11,1
48902,1.90,0.0,0.0,0.0,0.0000,0.0000,0.0000,0.0000,0.00,0.00,0.00,0.000000,0.000000,-0.11,1
48915,1.90,0.0,0.0,0.0,0.0000,0.0000,0.0000,0.0000,0.00,0.00,0.00,0.000000,0.000000,-0.11,1
48915,1.90,0.0,0.0,0.0,0.0000,0.0000,0.0000,0.0000,0.00,0.00,0.00,0.000000,0.000000,-0.11,1
48915,1.90,0.0,0.0,0.0,0.0000,0.0000,0.0000,0.0000,0.00,0.00,0.00,0.000000,0.000000,-0.11,1
48915,1.90,0.0,0.0,0.0,0.0000,0.0000,0.0000,0.0000,0.00,0.00,0.00,0.000000,0.000000,-0.11,1
48915,1.90,0.0,0.0,0.0,0.0000,0.0000,0.0000,0.0000,0.00,0.00,0.00,0.000000,0.000000,-0.11,1
48928,1.90,0.0,0.0,0.0,0.0000,0.0000,0.0000,0.0000,0.00,0.00,0.00,0.000000,0.000000,-0.11,1
48928,1.90,0.0,0.0,0.0,0.0000,0.0000,0.0000,0.0000,0.00,0.00,0.00,0.000000,0.000000,-0.11,1
48928,1.90,0.0,0.0,0.0,0.0000,0.0000,0.0000,0.0000,0.00,0.00,0.00,0.000000,0.000000,-0.11,1
48928,1.90,0.0,0.0,0.0,0.0000,0.0000,0.0000,0.0000,0.00,0.00,0.00,0.000000,0.000000,-0.11,1
48928,1.90,0.0,0.0,0.0,0.0000,0.0000,0.0000,0.0000,0.00,0.00,0.00,0.000000,0.000000,-0.11,1
48940,1.90,0.0,0.0,0.0,0.0000,0.0000,0.0000,0.0000,0.00,0.00,0.00,0.000000,0.000000,-0.11,1
48940,1.88,0.0,0.0,0.0,0.0000,0.0000,0.0000,0.0000,0.00,0.00,0.00,0.000000,0.000000,-0.11,1
48940,1.90,0.0,0.0,0.0,0.0000,0.0000,0.0000,0.0000,0.00,0.00,0.00,0.000000,0.000000,-0.11,1
48940,1.90,0.0,0.0,0.0,0.0000,0.0000,0.0000,0.0000,0.00,0.00,0.00,0.000000,0.000000,-0.11,1
48940,1.88,0.0,0.0,0.0,0.0000,0.0000,0.0000,0.0000,0.00,0.00,0.00,0.000000,0.000000,-0.11,1
48953,1.90,0.0,0.0,0.0,0.0000,0.0000,0.0000,0.0000,0.00,0.00,0.00,0.000000,0.000000,-0.11,1
48953,1.88,0.0,0.0,0.0,0.0000,0.0000,0.0000,0.0000,0.00,0.00,0.00,0.000000,0.000000,-0.11,1
48953,1.88,0.0,0.0,0.0,0.0000,0.0000,0.0000,0.0000,0.00,0.00,0.00,0.000000,0.000000,-0.11,1
48953,1.88,0.0,0.0,0.0,0.0000,0.0000,0.0000,0.0000,0.00,0.00,0.00,0.000000,0.000000,-0.11,1
48953,1.90,0.0,0.0,0.0,0.0000,0.0000,0.0000,0.0000,0.00,0.00,0.00,0.000000,0.000000,-0.11,1
48966,1.88,0.0,0.0,0.0,0.0000,0.0000,0.0000,0.0000,0.00,0.00,0.00,0.000000,0.000000,-0.11,1
48966,1.90,0.0,0.0,0.0,0.0000,0.0000,0.0000,0.0000,0.00,0.00,0.00,0.000000,0.000000,-0.11,1
48966,1.88,0.0,0.0,0.0,0.0000,0.0000,0.0000,0.0000,0.00,0.00,0.00,0.000000,0.000000,-0.11,1
48966,1.90,0.0,0.0,0.0,0.0000,0.0000,0.0000,0.0000,0.00,0.00,0.00,0.000000,0.000000,-0.11,1
48966,1.88,0.0,0.0,0.0,0.0000,0.0000,0.0000,0.0000,0.00,0.00,0.00,0.000000,0.000000,-0.11,1
48979,1.90,0.0,0.0,0.0,0.0000,0.0000,0.0000,0.0000,0.00,0.00,0.00,0.000000,0.000000,-0.11,1
48979,1.88,0.0,0.0,0.0,0.0000,0.0000,0.0000,0.0000,0.00,0.00,0.00,0.000000,0.000000,-0.11,1
48979,1.88,0.0,0.0,0.0,0.0000,0.0000,0.0000,0.0000,0.00,0.00,0.00,0.000000,0.000000,-0.11,1
48979,1.90,0.0,0.0,0.0,0.0000,0.0000,0.0000,0.0000,0.00,0.00,0.00,0.000000,0.000000,-0.11,1
48979,1.88,0.0,0.0,0.0,0.0000,0.0000,0.0000,0.0000,0.00,0.00,0.00,0.000000,0.000000,-0.11,1
48994,1.88,0.0,0.0,0.0,0.0000,0.0000,0.0000,0.0000,0.00,0.00,0.00,0.000000,0.000000,-0.11,1
48994,1.88,0.0,0.0,0.0,0.0000,0.0000,0.0000,0.0000,0.00,0.00,0.00,0.000000,0.000000,-0.11,1
48994,1.88,0.0,0.0,0.0,0.0000,0.0000,0.0000,0.0000,0.00,0.00,0.00,0.000000,0.000000,-0.11,1
48994,1.88,0.0,0.0,0.0,0.0000,0.0000,0.0000,0.0000,0.00,0.00,0.00,0.000000,0.000000,-0.11,1
48994,1.90,0.0,0.0,0.0,0.0000,0.0000,0.0000,0.0000,0.00,0.00,0.00,0.000000,0.000000,-0.11,1
49004,1.88,0.0,0.0,0.0,0.0000,0.0000,0.0000,0.0000,0.00,0.00,0.00,0.000000,0.000000,-0.11,1
49004,1.90,0.0,0.0,0.0,0.0000,0.0000,0.0000,0.0000,0.00,0.00,0.00,0.000000,0.000000,-0.11,1
49004,1.90,0.0,0.0,0.0,0.0000,0.0000,0.0000,0.0000,0.00,0.00,0.00,0.000000,0.000000,-0.11,1
49004,1.90,0.0,0.0,0.0,0.0000,0.0000,0.0000,0.0000,0.00,0.00,0.00,0.000000,0.000000,-0.11,1
49004,1.90,0.0,0.0,0.0,0.0000,0.0000,0.0000,0.0000,0.00,0.00,0.00,0.000000,0.000000,-0.11,1
49017,1.90,0.0,0.0,0.0,0.0000,0.0000,0.0000,0.0000,0.00,0.00,0.00,0.000000,0.000000,-0.11,1
49017,1.90,0.0,0.0,0.0,0.0000,0.0000,0.0000,0.0000,0.00,0.00,0.00,0.000000,0.000000,-0.11,1
49017,1.90,0.0,0.0,0.0,0.0000,0.0000,0.0000,0.0000,0.00,0.00,0.00,0.000000,0.000000,-0.11,1
49017,1.90,0.0,0.0,0.0,0.0000,0.0000,0.0000,0.0000,0.00,0.00,0.00,0.000000,0.000000,-0.11,1
49017,1.90,0.0,0.0,0.0,0.0000,0.0000,0.0000,0.0000,0.00,0.00,0.00,0.000000,0.000000,-0.11,1
49030,1.90,0.0,0.0,0.0,0.0000,0.0000,0.0000,0.0000,0.00,0.00,0.00,0.000000,0.000000,-0.11,1
49030,1.90,0.0,0.0,0.0,0.0000,0.0000,0.0000,0.0000,0.00,0.00,0.00,0.000000,0.000000,-0.11,1
49030,1.88,0.0,0.0,0.0,0.0000,0.0000,0.0000,0.0000,0.00,0.00,0.00,0.000000,0.000000,-0.11,1
49030,1.90,0.0,0.0,0.0,0.0000,0.0000,0.0000,0.0000,0.00,0.00,0.00,0.000000,0.000000,-0.11,1
49030,1.90,0.0,0.0,0.0,0.0000,0.0000,0.0000,0.0000,0.00,0.00,0.00,0.000000,0.000000,-0.11,1
49043,1.90,0.0,0.0,0.0,0.0000,0.0000,0.0000,0.0000,0.00,0.00,0.00,0.000000,0.000000,-0.11,1
49043,1.90,0.0,0.0,0.0,0.0000,0.0000,0.0000,0.0000,0.00,0.00,0.00,0.000000,0.000000,-0.11,1
49043,1.88,0.0,0.0,0.0,0.0000,0.0000,0.0000,0.0000,0.00,0.00,0.00,0.000000,0.000000,-0.11,1
49043,1.90,0.0,0.0,0.0,0.0000,0.0000,0.0000,0.0000,0.00,0.00,0.00,0.000000,0.000000,-0.11,1
49043,1.90,0.0,0.0,0.0,0.0000,0.0000,0.0000,0.0000,0.00,0.00,0.00,0.000000,0.000000,-0.11,1
49055,1.90,0.0,0.0,0.0,0.0000,0.0000,0.0000,0.0000,0.00,0.00,0.00,0.000000,0.000000,-0.10,1
49055,1.90,0.0,0.0,0.0,0.0000,0.0000,0.0000,0.0000,0.00,0.00,0.00,0.000000,0.000000,-0.10,1
49055,1.90,0.0,0.0,0.0,0.0000,0.0000,0.0000,0.0000,0.00,0.00,0.00,0.000000,0.000000,-0.10,1
49055,1.88,0.0,0.0,0.0,0.0000,0.0000,0.0000,0.0000,0.00,0.00,0.00,0.000000,0.000000,-0.10,1
49055,1.90,0.0,0.0,0.0,0.0000,0.0000,0.0000,0.0000,0.00,0.00,0.00,0.000000,0.000000,-0.10,1
49068,1.90,0.0,0.0,0.0,0.0000,0.0000,0.0000,0.0000,0.00,0.00,0.00,0.000000,0.000000,-0.10,1
49068,1.88,0.0,0.0,0.0,0.0000,0.0000,0.0000,0.0000,0.00,0.00,0.00,0.000000,0.000000,-0.10,1
49068,1.88,0.0,0.0,0.0,0.0000,0.0000,0.0000,0.0000,0.00,0.00,0.00,0.000000,0.000000,-0.10,1
49068,1.90,0.0,0.0,0.0,0.0000,0.0000,0.0000,0.0000,0.00,0.00,0.00,0.000000,0.000000,-0.10,1
49068,1.88,0.0,0.0,0.0,0.0000,0.0000,0.0000,0.0000,0.00,0.00,0.00,0.000000,0.000000,-0.10,1
49081,1.90,0.0,0.0,0.0,0.0000,0.0000,0.0000,0.0000,0.00,0.00,0.00,0.000000,0.000000,-0.10,1
49081,1.88,0.0,0.0,0.0,0.0000,0.0000,0.0000,0.0000,0.00,0.00,0.00,0.000000,0.000000,-0.10,1
49081,1.90,0.0,0.0,0.0,0.0000,0.0000,0.0000,0.0000,0.00,0.00,0.00,0.000000,0.000000,-0.10,1
49081,1.88,0.0,0.0,0.0,0.0000,0.0000,0.0000,0.0000,0.00,0.00,0.00,0.000000,0.000000,-0.10,1
49081,1.90,0.0,0.0,0.0,0.0000,0.0000,0.0000,0.0000,0.00,0.00,0.00,0.000000,0.000000,-0.10,1
49093,1.90,0.0,0.0,0.0,0.0000,0.0000,0.0000,0.0000,0.00,0.00,0.00,0.000000,0.000000,-0.10,1
49093,1.90,0.0,0.0,0.0,0.0000,0.0000,0.0000,0.0000,0.00,0.00,0.00,0.000000,0.000000,-0.10,1
49093,1.90,0.0,0.0,0.0,0.0000,0.0000,0.0000,0.0000,0.00,0.00,0.00,0.000000,0.000000,-0.10,1
49093,1.88,0.0,0.0,0.0,0.0000,0.0000,0.0000,0.0000,0.00,0.00,0.00,0.000000,0.000000,-0.10,1
49093,1.90,0.0,0.0,0.0,0.0000,0.0000,0.0000,0.0000,0.00,0.00,0.00,0.000000,0.000000,-0.10,1
49111,1.90,0.0,0.0,0.0,0.0000,0.0000,0.0000,0.0000,0.00,0.00,0.00,0.000000,0.000000,-0.10,1
49111,1.90,0.0,0.0,0.0,0.0000,0.0000,0.0000,0.0000,0.00,0.00,0.00,0.000000,0.000000,-0.10,1
49111,1.88,0.0,0.0,0.0,0.0000,0.0000,0.0000,0.0000,0.00,0.00,0.00,0.000000,0.000000,-0.10,1
49111,1.88,0.0,0.0,0.0,0.0000,0.0000,0.0000,0.0000,0.00,0.00,0.00,0.000000,0.000000,-0.10,1
49111,1.88,0.0,0.0,0.0,0.0000,0.0000,0.0000,0.0000,0.00,0.00,0.00,0.000000,0.000000,-0.10,1
49119,1.88,0.0,0.0,0.0,0.0000,0.0000,0.0000,0.0000,0.00,0.00,0.00,0.000000,0.000000,-0.11,1
49119,1.88,0.0,0.0,0.0,0.0000,0.0000,0.0000,0.0000,0.00,0.00,0.00,0.000000,0.000000,-0.11,1
49119,1.88,0.0,0.0,0.0,0.0000,0.0000,0.0000,0.0000,0.00,0.00,0.00,0.000000,0.000000,-0.11,1
49119,1.88,0.0,0.0,0.0,0.0000,0.0000,0.0000,0.0000,0.00,0.00,0.00,0.000000,0.000000,-0.11,1
49119,1.88,0.0,0.0,0.0,0.0000,0.0000,0.0000,0.0000,0.00,0.00,0.00,0.000000,0.000000,-0.11,1
49132,1.88,0.0,0.0,0.0,0.0000,0.0000,0.0000,0.0000,0.00,0.00,0.00,0.000000,0.000000,-0.11,1
49132,1.88,0.0,0.0,0.0,0.0000,0.0000,0.0000,0.0000,0.00,0.00,0.00,0.000000,0.000000,-0.11,1
49132,1.88,0.0,0.0,0.0,0.0000,0.0000,0.0000,0.0000,0.00,0.00,0.00,0.000000,0.000000,-0.11,1
49132,1.88,0.0,0.0,0.0,0.0000,0.0000,0.0000,0.0000,0.00,0.00,0.00,0.000000,0.000000,-0.11,1
49132,1.88,0.0,0.0,0.0,0.0000,0.0000,0.0000,0.0000,0.00,0.00,0.00,0.000000,0.000000,-0.11,1
